:020000041000EA
:10000000002008205D0100101301001015010010F0
:100010001101001011010010110100101101001058
:100020001101001011010010110100101701001042
:100030001101001011010010190100100D03002022
:100040001D0100101D0100101D0100101D010010F8
:100050001D0100101D0100101D0100101D010010E8
:100060001D0100101D0100101D0100101D010010D8
:100070001D0100101D0100101D0100101D010010C8
:100080001D0100101D0100101D0100101D010010B8
:100090001D0100101D0100101D0100101D010010A8
:1000A0001D0100101D0100101D0100101D01001098
:1000B0001D0100101D0100101D0100101D01001088
:1000C0001D0100101D0100101D0100101D01001078
:1000D0001D0100101D0100101D0100101D01001068
:1000E0001D0100101D0100101D0100101D01001058
:1000F0001D0100101D0100101D0100101D01001048
:100100001D0100101D0100101D0100101D01001037
:1001100000BE00BE00BE00BE00BE00BEEFF3058004
:10012000103800BEF2EB88710C0803102808031089
:10013000A801001090A31AE7D3DEFFFF42012110AF
:10014000FF010000F03C0300793512AB4FF00000D6
:100150002049086006C881F3088810474FF05040D6
:10016000006810B14FF00000F2E70FA40ECC002998
:1001700002D000F015F8F9E71749184A002000E00E
:1001800001C19142FCD1002080F30A8814498847BC
:10019000144988471449884700BEFDE701C901C2D8
:1001A0009A42FBD3704700BF2808031010010020BB
:1001B00010370020283E031000000820000008200F
:1001C000283E031000100820001008200000000046
:1001D0007047000008ED00E010370020F06D0020AF
:1001E000E14602103D020010D9460210F8B500BFEA
:1001F000064B0749C91A891048BF0131491003D07D
:10020000044B0BB101481847704700BF103700205E
:10021000103700200000000008B5054B1BB1054950
:100220000548AFF30080BDE80840FFF7E1BF00BF1D
:1002300000000000304F00202071021008B502F0CD
:1002400067FE002008BD00BF08B5884700200021D8
:1002500008BD00BF044B0C2293F83B314340C3F36D
:10026000000343EC4020704728600020002382B048
:10027000009310EE183010EE18C010EE180010EEBB
:10028000181010EE1820CCF3404CC3F3C03343EAEF
:100290004C03C0F3804043EA8003C1F3C04143EA0A
:1002A000C103C2F3005243EA02138DF800300098F4
:1002B00002B07047704700BF4FF00000704700BFAA
:1002C00072B603681943016062B67047034672B69E
:1002D00000681A6822EA0101196062B6704700BF1F
:1002E000034672B60068196062B67047014B186821
:1002F000704700BFA04600202DE9F0470026884641
:1003000091462E4C2E4D237F43F001032377EF6857
:10031000AB7AA7F1010CBCFA8CFC627F28784FEA1B
:100320005C1C6361EB696CF30412267160714946D1
:100330002046A760236162770136C047072E05F18A
:100340002005E4D102231F4D1F4FDFF884A0A383B3
:100350000EE0272B0CBF524600226B694946C4E9C8
:10036000032316480136C047192E05F11C050BD092
:10037000EB68287A29786A68252B2671606161719B
:10038000A260E6D13A46E8E7104B1D680023E3601F
:100390008DB1EB68267163612B782F8A63716B686E
:1003A0006A6949460548A360A7832261C047AD69D1
:1003B0000136002DEDD1BDE8F08700BF703C002074
:1003C000382800204026002020710210F84F00201D
:1003D000247102100D4B1B6813B970479B69A3B1C0
:1003E00093F800C08445F9D110B45C688C4208D001
:1003F0009B693BB193F800C08445F9D15C688C429D
:10040000F6D15A615DF8044B70477047F84F0020F1
:1004100070B504461C2024F001F9A8B184460546B5
:10042000002620686168A268E368ACE80F00084A0B
:10043000206961691368ACE80300AE612BB11A460C
:100440009B69002BFBD1956170BD156070BD00BF2D
:10045000F84F002000B58BB0684625F0DDFD044B59
:100460000448C01A079BC01A0BB05DF804FB00BF1C
:10047000F06D002000000820064C08B50648D4F8AE
:10048000C030984700216420E36B9847002108465C
:1004900020F06EFCF83900202C71021020F0B8BB5F
:1004A0002DE9F84F01252A4C4FF000098046AA4655
:1004B00004F5FC7B02E01C345C452CD0E368242B63
:1004C000F9D163680B2BF6D0207A1FF0E9FB0428E2
:1004D000F1D0207A1FF0A6FC2378207A062B33D0A7
:1004E000C02B31D0A0F1200CC0F1200105FA0CFC8A
:1004F00025FA01F14F464B4605FA00F64CEA010297
:1005000042EC24606368012BD5D104211C341FF018
:10051000A9FB5C45D2D198F800300E4AA3F117032D
:10052000B3FA83F30C4C5B0940464FF00001D2F85C
:1005300008212370904710EE103003F4786320EE0A
:1005400010302078BDE8F88F4AEC4000CAE700BFC1
:1005500040260020F8390020D16D002088B170B508
:10056000054600244FF00003E2B262F3070362F392
:100570000F2363F30F0630460134A847052CF1D151
:1005800070BD7047002110B5044611201FF08EFC8D
:100590000121104A104B10681A68814022EA0102BA
:1005A0001A60D3F8702122F48072C3F8702184B1EC
:1005B00010EE103003F4786320EE10300020074A6C
:1005C000074B08491B68907009681268043341F8AA
:1005D000232010BDE86500200000305018290020BD
:1005E000E0650020CC65002000B170470149024859
:1005F00011F0E6BA587102106071021038B51B4C48
:1006000000214FF01F00D4F88C309847184B194A3E
:100610001968236A1848A2FB03230268B2EB131F70
:100620000FD01C09154B164D1A6801EB41030460ED
:1006300002F01F0205EBC303081D45F82040C3F874
:10064000D82001230E4A8B401068034208D111685C
:100650000B431360D2F8703143F48073C2F87031E9
:100660000121BDE8384011201FF020BCF8390020DE
:10067000E86500201F85EB51F44F0020EC65002059
:10068000000030502DE9F0410D4684B010B304460F
:1006900031B320F023F9064620F0BAFA0B460246A1
:1006A0004FF47A704FF0FF3C6FF00047E4FB0023FB
:1006B000944577EB03014FF00001154C3CBF6246B7
:1006C0003B46304601950094029120F00BF904B0AE
:1006D000BDE8F0810029FAD004B0BDE8F041084738
:1006E0004FF47A720B4E02FB04F4B76AB36ADB1B59
:1006F000A342ECD2DFF82080D8F8585026F0D4FC82
:10070000A847B36ADB1B9C42F6D804B0BDE8F08171
:100710004902001000000B40D03800202DE9F041C4
:100720006A4D82B0064608460F462C7802F086FFD6
:100730000190002E45D0664B93F85A31DB0740D527
:100740000026FFB26A68013C4FEA441802EB4413EA
:1007500057B9FEB100220F21987A1FF0DFFA002C62
:10076000F0D102B0BDE8F08112F8080002F0C8FE36
:100770006B68C0B24344DA68B2F5007F0CBF9DF8E5
:1007800004209DF8052000EA0206003E18BF01265D
:10079000002EDFD11A89C2F34412102A73D8DFE881
:1007A00002F0938C85727E727272777272727272BC
:1007B00072726D0000220F21987A1FF0AFFA002CA0
:1007C000CFD06B68013C03EB4413002EF2D01A89A2
:1007D000C2F34412102A2AD801A151F822F000BF16
:1007E000B5070010250800106D0800102F08001034
:1007F0005D0800102F0800102F0800102F080010AF
:100800004D0800102F0800102F0800102F080010AE
:100810002F0800102F0800102F0800102F080010BC
:100820003D08001001220821987A1FF077FA002C69
:1008300097D06B68013C03EB4413C8E70122987A18
:1008400011461FF06BFA002CF3D18AE70122022136
:10085000987A1FF063FA002CEBD182E701220C2179
:10086000987A1FF05BFA002CE3D17AE70122042189
:10087000987A1FF053FA002CDBD172E70122987AA4
:1008800011461FF04BFA0026002C7FF45BAF68E79F
:1008900001220221987A1FF041FA0026F4E7012292
:1008A0000C21987A1FF03AFA0026EDE70122042184
:1008B000987A1FF033FA0026E6E701220821987A99
:1008C0001FF02CFA0026DFE7002643E7D44D002076
:1008D0002860002010B50389044603F4787180294C
:1008E00082B01CD010EE1820403918BF0121807A48
:1008F000C240607A82EA900202F001028A420ED07F
:10090000C3F34413102B41D8DFE803F0525558408D
:100910005B40404042404040404040404A00E26826
:10092000B2F5806F05D0B2F5801F4DD0B2F5007FD3
:10093000E6D10023009310EE183010EE18C010EE30
:10094000180010EE181010EE1820CCF3404CC3F332
:10095000C03343EA4C03C0F3804043EA8003C1F351
:10096000C04143EAC103C2F3005243EA021303F059
:100970001F038DF80030009826F062FBC0B230B340
:10098000144B00981B6E98472389B9E702B010BD3D
:1009900001220221A07A02B0BDE810401FF0BEB9CA
:1009A00001221146A07A02B0BDE810401FF0B6B98E
:1009B00000220F21EEE701220821EBE701220421AA
:1009C000E8E701220C21E5E7204601F095FE2389A6
:1009D00096E700BFF839002010290AD8DFE801F0B7
:1009E0000A0F1409190909091E0909090909090940
:1009F0002300704700220F21807A1FF08FB9012257
:100A00000821807A1FF08AB901220421807A1FF020
:100A100085B901220C21807A1FF080B901220221C0
:100A2000807A1FF07BB90122807A11461FF076B9D7
:100A3000C44B1B78002B00F0CB802DE9F04FC24C4B
:100A4000D0ED507A94ED087ADFEDC03AF8EE475ACF
:100A5000B0EE006ADFEDBE4A37EE866AB2EE045AA7
:100A600085EEA37A77EEE47AD0ED516A9FEDB94A2C
:100A700027EE067A67EE857ABAFE477AFCEEE77AC9
:100A8000F4EEC46A17EE903ABCEEC77AF1EE10FAB3
:100A9000B149B24A83B0074681ED027A537040F201
:100AA000748176EEE46A66EE856AFCEEE67ACDED58
:100AB000017A9DF8043097F83811022001F0010105
:100AC00013701FF01BF997F83911072001F001018D
:100AD0001FF014F997F838110320C1F340011FF0FB
:100AE0000DF997F839110820C1F340011FF006F9FC
:100AF00097F838110420C1F380011FF0FFF897F830
:100B000039110920C1F380011FF0F8F897F8381166
:100B10000520C1F3C0011FF0F1F897F839110A2040
:100B2000C1F3C0011FF0EAF897F838110620C1F3AD
:100B300000111FF0E3F897F839110B20C1F30011F1
:100B40001FF0DCF8D4F888300120984700220726EF
:100B500011461046824B1FF005F9002115201FF0A9
:100B6000A5F9804C97F85C9197F85B317E4DA4F124
:100B7000C00889EA0309A07A1FF054F92378013EDE
:100B80003D2B26D81E2B2ED91F3B1E2B2BD8DFE842
:100B900013F0EF00EF00EF002A002A00C900C9009F
:100BA000C9002A002A00B200B200B2002A002A00BE
:100BB0001E011E012A000E010E012A00FE00FE0089
:100BC0002A002A002A002A002A002A002A002200DD
:100BD0007047C32B07D108EB4612138923F47E73A9
:100BE00043F0480313814FEA461AE36813F4C06FD9
:100BF0000BD008EB0A035A7A12F0040F0CBF012144
:100C000002211A8961F349121A81C2449AF8083004
:100C1000A07A03F01803082B0DBF01210021012247
:100C200000221FF047F89AF80910A07AC1F380015A
:100C30001FF054F8E3681D4200F0D980A07A0F211C
:100C40001FF0E4F8203C002E95D1484E1225344682
:100C500001E01C3C7DB3D4F8E831013D242BF8D1F0
:100C600094F8DC318A3B072BF3D801A252F823F029
:100C7000E90C0010D70C0010530C0010530C00109E
:100C8000530C0010530C0010C50C0010910C0010F8
:100C9000C5EBC50397F8D62006EB8303597C1C3CB3
:100CA00062F38201597494F80002C1F380011FF0CD
:100CB00025F8002DCFD10121152003B0BDE8F04F5C
:100CC0001FF0F4B897F8D620C5EBC50306EB8303F5
:100CD000C2F34002E2E797F8E820C5EBC50306EB54
:100CE0008303C2F34002D9E7C5EBC50397F8E820B8
:100CF00006EB8303D2E797F85C2108EB46100189E5
:100D000042F3800202F0030282F0010221F48361C7
:100D1000C9F380039B0243EAC2030B4303814FEAFA
:100D2000461A62E797F85C2108EB4610018942F306
:100D3000400202F0030282F0010221F48361C9F350
:100D40004003E7E7D16D0020F83900200024744902
:100D5000CDCC4C3ECDCC4C3FD06500201829002096
:100D600055020020F8280020000610004026002030
:100D700097F85C2108EB4610018902F0010201326C
:100D800021F4836109F00103C4E7022393E697F895
:100D90005C2108EB4610018942F3401202F0030285
:100DA00082F0010221F48361C9F34013B2E797F89E
:100DB0005C2108EB4610018942F3001202F00302A5
:100DC00082F0010221F48361C9F30013A2E797F8CE
:100DD0005C2108EB4610018942F3C00202F00302D5
:100DE00082F0010221F48361C9F3C00392E7BAF8EB
:100DF00008102046C1F34411FFF7EEFD1EE700BFC7
:100E00002DE9F04F2DED028B4FF0E0234FF000085D
:100E1000032440F2E732CE4DCE4997B06960CE4907
:100E20000520A960CD49CE4FE9605A61C3F818800A
:100E30001C61CC4BCC4AAB63CC4B2A612B621EF0BD
:100E400021FE4FF48062CA4BAA62A3FB00239B0CD5
:100E500007EE903AB2EE047AF8EEE76A6B62C54BA1
:100E60004FF07E526B63C44BC6EE877AEB63C34B85
:100E7000EA61C5F80831C24BC24AC5F88430C24B9A
:100E8000C2ED007AC5F88830C04BDFF85493C5F83E
:100E90008C30BF4BC5F89430BE4BC5F89830BE4B74
:100EA000C5F8AC30BD4BAB65BD4BEB65BD4B6B675F
:100EB000BD4BAB67BD4BEB66BD4BC5F8D831BD4BE9
:100EC000C5F8D431BC4B2B64BC4B6B64BC4BAB64DE
:100ED000BC4BC5F8CC31BC4BC5F89431BB4BC5F805
:100EE000983100F04FFE01F0C1F818F0B3FD4FF457
:100EF0008053B74AC5F8A831B64BC5F8C42185F868
:100F0000A041C5F8C83102F0C5FE1F21B24B1291B5
:100F10001A790D9122F0190242F009021A711A7A17
:100F2000C5F8041222F0190242F009021A7295F86B
:100F3000F821AA4922F06F0242F06F0285F8F821E9
:100F40009A7AD1F804C047F82230DA680878B2F506
:100F5000801FD9F8046099F80040ADF82C80ADF8F6
:100F60004880A5F8088200F07F8212F4C06E40F03D
:100F700052822246F0467146CDF814E093F824A040
:100F800093F82AB02AF0190A4AF0090A83F824A033
:100F900093F828A02AF0190A4AF0090A83F828A031
:100FA000DFF840A247F82BA0D3F82CB0BBF5801F88
:100FB00000F093821BF4C06F09D0BCF1000F04BF96
:100FC0004FF00108D4464FF0010E0130C0B293F843
:100FD00044A093F84AB02AF0190A4AF0090A83F8A3
:100FE00044A093F848A02AF0190A4AF0090A83F8A5
:100FF00048A0DFF8F4A147F82BA0D3F84CB0BBF51C
:10100000801F00F04C821BF4C06F09D0BCF1000FB0
:1010100004BF4FF00108D4464FF0010E0130C0B2BA
:1010200093F864A093F86AB02AF0190A4AF0090A02
:1010300083F864A093F868A02AF0190A4AF0090A14
:1010400083F868A0DFF8A4A147F82BA0D3F86CB010
:10105000BBF5801F00F0EB821BF4C06F09D0BCF120
:10106000000F04BF4FF00108D4464FF0010E0130CD
:10107000C0B293F884A093F88AB02AF0190A4AF013
:10108000090A83F884A093F888A02AF0190A4AF084
:10109000090A83F888A0DFF858A147F82BA0D3F8F5
:1010A0008CB0BBF5801F00F0A4821BF4C06F09D088
:1010B000BCF1000F04BF4FF00108D4464FF0010E01
:1010C0000130C0B293F8A4A093F8AAB02AF0190A8C
:1010D0004AF0090A83F8A4A093F8A8A02AF0190AF4
:1010E0004AF0090A83F8A8A0DFF808A147F82BA066
:1010F000D3F8ACB0BBF5801F00F05D821BF4C06F6D
:1011000009D0BCF1000F04BF4FF00108D4464FF0E6
:10111000010E0130C0B293F8C4A093F8CAB02AF00F
:10112000190A4AF0090A83F8C4A093F8C8A02AF063
:10113000190A4AF0090A83F8C8A0DFF8BCA047F8EA
:101140002BA0D3F8CC70B7F5801F00F00B8255E0D0
:10115000F8390020747102107C7102108471021041
:10116000044D0020A1040010907102108096980098
:1011700083DE1B435504001085060010310A001061
:10118000FD050010285000208505001055020010B4
:10119000CD010020110100205D0500101D07001089
:1011A0006D020010B5020010B9020010A901002064
:1011B0009D040010ED020010C1020010CD020010CD
:1011C000E1020010F902001011040010D503001014
:1011D0008D210010A921001038280020D44D0020B6
:1011E000AC430020582800207828002098280020B0
:1011F000B8280020D8280020F828002017F4C06F55
:1012000000F037820130BCF1000F00F0C182C0B2A3
:10121000C14B1870B8F1000F02D0BF4BC3F804C027
:1012200011B1144689F80040059B0BB1C9F8046060
:101230004FF0000EB94BDFF82883197898F800209A
:10124000B74ED3F80490174630468C46F2467346A4
:10125000CDE90721D8F804B0CDF818E0CDF814E0B6
:10126000099407E00B2C00F0E3800133122B00F10E
:101270001C001ED0C3EBC30206EB8202117C446843
:1012800041F00201092C11744FEAC302EAD1ACF11A
:101290006E020CF1010CB9F1000F00F0DB8001339C
:1012A000122B02704FF0010A5FFA8CFC00F11C0057
:1012B000E0D1099CDDE90721BEF1000F00F0D781E4
:1012C00088F80070069B0BB1C8F804B0BAF1000FA3
:1012D00000F0CB81914B83F800C0059B13B18F4B7D
:1012E000C3F8049044EA0C04E4B22CB18B498D4855
:1012F00001F024FA98F80070002F40F0BF8101F04F
:101300005DFD894A894B8A481A661AF0E3FA002182
:10131000884823F003FC0346874C884985482360AE
:1013200023F018FC00221192854A864B92ED008A28
:101330004FF4402218604FEAC01E431D10924EEA3F
:10134000033E4FF480324FF4F8338446CDE90E2348
:101350000EAE12AF96E80F0087E80F002468CDF8B4
:101360004CE097E80F0086E80F00334662462146BE
:10137000704823F0BFFCDFED747A78EE277ABCEE7C
:10138000E77A17EE103A9BB2002B6BD007EE103ABB
:10139000B8EE477ADFED6D6A77EEC77A67EEA67A28
:1013A000FCEEE77ACDED057A9DF81420120242EAB0
:1013B000034204EB4403DB0003F1A04303F54013B5
:1013C000C3F8C820112062491EF092FD00211120AF
:1013D0001EF0ACFF4FF0000805230224CDE90138D0
:1013E0005C4A5D495D480CAB009423F0D7FC0028B3
:1013F00040F049810CF0D4FC23F012FF23F0C8FF29
:101400002868A0F10A00B0FA80F0400917B0BDECDE
:10141000028BBDE8F08FBCF1000F00F0B581002217
:101420001146013022464FF0010EC0B20591A5E5EC
:10143000BBF1000F12D04FF0010ED21A06EB820260
:10144000517C41F008015174A7F1560277440270B3
:10145000FFB20AE701218146059120E70121834679
:101460000691E8E71A46A2E7002E00F08981CDF840
:1014700014804FF0000E9A8804F13F0842F07F423A
:1014800042F47F0242F4034242F0E0029A80621C7E
:1014900083F800800121F046DC72D2B26EE5002EA6
:1014A000059908BF012105914FF0010108BF56467B
:1014B000B3F844A083F84B204AF07F4A4AF47F0AED
:1014C0004AF4034A4AF0E00AA3F844A002F13F0AB2
:1014D0000A4483F840A0D2B2A2E5002E059908BFC5
:1014E000012105914FF0010108BF5646B3F824A031
:1014F00083F82B204AF07F4A4AF47F0A4AF4034AD1
:101500004AF0E00AA3F824A002F13F0A0A4483F853
:1015100020A0D2B25BE500BFD44D0020C443002020
:1015200040260020AC430020E9050010D038002000
:101530003026002000003050E8650020A4D70210BB
:1015400028500020EC6500200000003B0000804394
:10155000B1010020E0650020CC6500208CD702108E
:10156000CC430020002E059908BF0121B3F8C440E8
:1015700083F8CB2044F07F4444F47F0444F40344D4
:1015800044F0E004A3F8C44002F1010402F13F0278
:1015900008BF5646059183F8C020E4B2BEF1000FA3
:1015A00000F0E6807C4B1870B8F1000F3FF43AAEC3
:1015B000C3F804C036E6002E059908BF0121059145
:1015C0004FF0010108BF5646B3F8A4A083F8AB2042
:1015D0004AF07F4A4AF47F0A4AF4034A4AF0E00A92
:1015E000A3F8A4A002F13F0A0A4483F8A0A0D2B253
:1015F00091E5002E059908BF012105914FF00101E9
:1016000008BF5646B3F884A083F88B204AF07F4A7F
:101610004AF47F0A4AF4034A4AF0E00AA3F884A095
:1016200002F13F0A0A4483F880A0D2B24AE5002EB4
:10163000059908BF012105914FF0010108BF5646E9
:10164000B3F864A083F86B204AF07F4A4AF47F0A1B
:101650004AF4034A4AF0E00AA3F864A002F13F0A00
:101660000A4483F860A0D2B203E58C4635E61746FB
:1016700028E6BEF1000F7FF4CBADCBE547494848E3
:1016800001F00EFA3BE6474BDDF830B093ED008AEF
:10169000454BCDF84480D3F80090444B4FEACB1C27
:1016A000D3F800A04FF44023109309F12F4303F522
:1016B00060034FEA13580BF106034FF480324CEAF3
:1016C000033C4FF4F833CDE90E2396E80F0087E88A
:1016D0000F00DFF8E4E008F10608CDF84CC097E809
:1016E0000F005FFA88F886E80F00CDF844E0204646
:1016F000414601341EF0B6FA072CF8D1012302222C
:10170000514600934846052323F0AEFA33465A4625
:101710005146484623F0EEFADFED257A78EE277A37
:10172000BCEEE77A17EE103A9BB23BB307EE103AE5
:10173000B8EE477ADFED1F6A77EEC77A67EEA67AD2
:10174000FCEEE77ACDED057A9DF81420120242EA0C
:1017500003430AEB4A0209EBC202C2F8C830012374
:10176000D9F8002003FA0AF31343C9F8003041E620
:10177000B8F1000F3FF456AD074B19E71A46E6E7FC
:1017800001221E46059274E64FF001089C4646E68B
:10179000014BD446187040E5D44D0020CC430020C6
:1017A000B443002028500020CC650020E0650020D4
:1017B0000000003B0000804302005000054B1A6807
:1017C0005B6890B29A4299B238BF00F58060401AC7
:1017D00080B270472C550020074B1A685B6890B2A6
:1017E0009A4299B238BF00F58060401A80B2C0F5C5
:1017F0007F70033080B270472C550020074A536831
:101800001168994206D0591CC1F309011344D87AD2
:10181000516070474FF0FF30704700BF2C550020DB
:101820002021034A034B91631A685A60704700BF36
:101830000030074090690020084A82B09369D906B9
:1018400005D41368DBB201939369DB06F9D5002256
:10185000034B19685A72596002B070470000074084
:101860002C550020F8B5104B06469A6B910605D40E
:101870009A69920616D520220C4B9A630C4D0D4F97
:101880002C680134C4F3080403E0D7F8F431984716
:1018900038B16B68A342F8D02B682C601D442E72BF
:1018A0000120F8BD1860FBE700000740002007405A
:1018B00090690020F8390020084B1A685B6890B2E4
:1018C00099B29A42064B38BF00F500709B69401AE6
:1018D000C3F3C00380B2184480B2704790690020FF
:1018E00000000740502210B1024B9A637047024B30
:1018F0009A6370470030074000200740014B1B6887
:10190000184700BF302900200346024A106803B17F
:10191000136070473029002008B5034603F00C021D
:1019200013F0030F14BF07210821082A14BF012256
:1019300002220348C3F3021321F0FEF8012008BD80
:101940000000074008B50146024821F0A7F8012031
:1019500008BD00BF000007400146014817F0CCBD9C
:101960002C550020F8B5224D2F6C17F0500F0AD0DF
:10197000204E05E02C683368E4B22046984718B33F
:10198000AB69DB06F6D5BA060AD51B4A1849536877
:10199000886984060CD5536051681368994220D039
:1019A000F8BD287AC4F30803086088698006F2D479
:1019B0001068D518984203F10104F2D153605168C0
:1019C00013689942ECD10CE00C4A1368516801335A
:1019D000C3F30903994208D0116813600A44D47212
:1019E000CEE72022064B9A63F8BD01235372C7E766
:1019F0000000074030290020906900202C5500206D
:101A0000003007401F4A517809B10020704792F812
:101A100002C070B504461CF0010030D01CF0020F6B
:101A2000CCF340062CD14CF0020C174D022130466D
:101A300082F802C01EF016F9022101201EF012F9F0
:101A40002146284620F0A8FF286B104C00F44040A7
:101A50000122334608212063284621F06DF8012138
:101A6000284621F0A1F8212009491EF041FA212041
:101A700001211EF01BFA5022064B07489A6370BDE5
:101A8000084670BD282900200000074000100740CC
:101A90006519001000200740B8D702102DE9F8435F
:101AA000074617F8016B1EB3DFF85880DFF858902F
:101AB000D8F838309A0606D4D8F818309B0619D5CD
:101AC00020220E4B9A630E4D2C680134C4F3080497
:101AD00003E0D9F8F431984730B16B689C42F8D0F4
:101AE0002B682C601D442E7217F8016B002EDFD17D
:101AF000BDE8F883C8F80060F6E700BF00200740A3
:101B00009069002000000740F839002081B32DE9DA
:101B1000F04706464B1E9BB20133DFF86080DFF8CA
:101B200060A0C718D8F8383016F8019B9A0606D47A
:101B3000D8F818309B0618D520220E4B9A630E4D0C
:101B40002C680134C4F3080403E0DAF8F431984750
:101B500038B16B689C42F8D02B682C601D4485F826
:101B60000890BE42DED1BDE8F087C8F80090F8E7E3
:101B7000704700BF00200740906900200000074028
:101B8000F839002010B5074C0748D4F8943198472D
:101B90000648D4F894319847BDE81040044817F03F
:101BA0008DBC00BFF839002024D802100CD80210D8
:101BB0001C290020054B5A681B6891B298B29A42C2
:101BC00088BF00F58060401A80B270473859002005
:101BD000064B5A681B6890B29A4299B294BF00F2C1
:101BE000FF3000F1FF30401A80B2704738590020B2
:101BF000014B1A685A607047385900201820064B6C
:101C000019681A6819445A601A68C8720132C2F316
:101C100009021A60704700BF38590020074A53680C
:101C20001168994206D0591CC1F309011344D87AAE
:101C3000516070474FF0FF30704700BF38590020A7
:101C4000014B1B68184700BF342900200346024A95
:101C5000106803B1136070473429002008B51F20B5
:101C60001EF03AF94FF47A70002108BD0146014890
:101C700017F042BC38590020002020F0D3B800BF34
:101C800008B50021074825F01BFA00B908BD4FF040
:101C9000FF3000211FF0FEFABDE80840014825F0A2
:101CA000DFB900BFB06C00202DE9F84380460F4635
:101CB0001FF066FA48B900200021294BC3E9000152
:101CC000BDE8F843274825F0CBB91FF061FA054677
:101CD0000028F0D1002FF3DDDFF88490224E13E0CE
:101CE0002246002020F052F9002104464FF0FF3038
:101CF0001FF0D0FA002020F001F91EF089FFC9E999
:101D000000012544AF42DBDD002020F05FF97C1BA1
:101D10008442A8BF044608EB0501002CE0D121460F
:101D20004FF0FF301FF0B6FA204620F0E7F81FF022
:101D300027FA0028C4D01FF02BFA0028C0D120F0C9
:101D400045F90028DED11EF063FFD9F80030D9F83C
:101D500004209B1942F1000283428A41D2D2AFE7AC
:101D6000083C0020B06C002020A1070008B50E4BF5
:101D700018701EF04DFF4FF0FF3E6FF0004C0B4A05
:101D8000821841F1000396457CEB03013CBF72468B
:101D90006346074825F07CF918B101210248FFF796
:101DA00083FF012008BD00BF5845002040420F00BE
:101DB000B06C0020474B2DE9F047474C1B68984713
:101DC00023780BB1BDE8F087012323701FF0D8F909
:101DD00018B900232370BDE8F0871FF0D9F9002857
:101DE000F7D120F035F806460028F2D03B4D69685F
:101DF0002A688BB2914294BF03F2FF3703F1FF3799
:101E000090B23F1ABFB21FF0BBF90028E1D01FF01B
:101E1000BFF90028DDD120F01BF80028D9D01EF032
:101E2000F7FE4FF0FF3E6FF0004C2D4A821841F153
:101E3000000396457CEB03013CBF7246634629488C
:101E400025F026F90028C4D01FF09AF940B90021E6
:101E50004FF0FF301FF01EFA224825F001F9B8E7D5
:101E60001FF096F980460028F1D11FF0F1FF0028FD
:101E7000EDD0142E3246A8BF14221B4EBA42A8BF82
:101E80003A46314640461FF0EFFF0746154825F019
:101E9000E7F8002F9DD09CDDB1464FF001083E448D
:101EA000124F06E02A682B60AB1883F80BA0B145EF
:101EB0008FD019F801AB3B68504698470028F6D1FF
:101EC0002B686A680133C3F309039342EAD185F8AA
:101ED0000980ECE74C4F0020E16D002038590020CC
:101EE00040420F00B06C00203C69002034290020E3
:101EF0002DE9F0411F4D204E05F10C07AF602B6816
:101F000033B1002020F062F80A282B6804D84BBBBC
:101F10000120AF60BDE8F081984228BF1846D5F88F
:101F2000088004461EF074FE02464FF0FF3E6FF03C
:101F3000004C921941F1000396457CEB03013CBF34
:101F4000724663460D4825F0A3F818B12146404675
:101F5000FFF7AAFE2B68AA681B1B22442B60AA600D
:101F6000002BD5D0064BD3F8F43198470028C6D1C2
:101F70002860CEE7986B002040420F00B06C002034
:101F8000F839002038B5114B04461B680D4613B1D3
:101F9000FFF7AEFF98B11EF03BFE4FF0FF3E6FF033
:101FA000004C0B4A821841F1000396457CEB03017B
:101FB0003CBF72466346074825F06AF800B938BD51
:101FC00029462046BDE83840FFF76EBE986B0020DA
:101FD00040420F00B06C00200378002B39D070B560
:101FE000044624F03BFE1E4E05463368C218FF2A05
:101FF00016D802462146B06824F0BAFD3368B268AC
:102000002B442A443360B260254415F8012C0A2A77
:1020100002D0726893421BD9BDE87040FFF768BFD9
:1020200013B1FFF765FF98B11EF0F2FD4FF0FF3CD2
:102030006FF000460B4A821841F10003944576EB9D
:1020400003013CBF62463346074825F021F808B932
:1020500070BD70472046A9B2BDE87040FFF724BEAE
:10206000986B002040420F00B06C0020002130B57A
:10207000084685B020F06CF91F201B491DF038FF81
:1020800001211F201DF012FF18481EF0EDF91EF06F
:1020900025FC04461EF0BCFD4FF0FF3E6FF0004CE7
:1020A00010F57A7241F1000396457CEB03014FF085
:1020B00001054FF0000120460D4CCDE901153CBF54
:1020C0007246634600941EF00DFCEC21094A0A4852
:1020D000546D0A4B04600A4C0A4803F10C059D60DC
:1020E0005465596005B030BD811C0010B06C0020F3
:1020F0005D1C0010D03800204C4F0020986B002051
:10210000B51D00103CD8021000487047F0D80210EE
:1021100000487047A4D8021038B540B940F20942CF
:102120004FF44173164D16486A802B8038BD042841
:1021300004461ED803281ED0124B114D53F824100C
:1021400028460023013903E0132B20F8022F0BD07F
:1021500011F8012F0133DBB2002AF5D15B0043F403
:10216000407307482B80E1E74FF44A7304482B8003
:10217000DCE7002038BD1021034822F00DFCDBE72E
:102180006046002090D80210545F002008B5044B30
:102190000449D3F8A42124F0EBFC012008BD00BFC2
:1021A000F839002000801F1038B5144D1449D5F8B7
:1021B000A421044623F03AFF08B9012038BD72B6C5
:1021C0004FF480514FF4FC1024F05AFFD5F8A421AD
:1021D0004FF4FC10D3B2120A002B18BF0132214673
:1021E000120224F01DFF62B605492046D5F8A4214D
:1021F00023F01CFFB0FA80F0400938BDF839002008
:1022000000801F100C4BDA7803799A420FD910EE38
:1022100018200A49C3EBC303096801EB83031B7A47
:1022200022FA03F3DB0704D54FF07E5070470448D1
:1022300070470020704700BF88460020BC43002044
:10224000000080BF0B4B1A7803799A420DD910EE2B
:1022500018200949096801EB43139B7A22FA03F31A
:10226000DB0704D54FF07E507047044870470020CC
:10227000704700BF88460020A4430020000080BFB4
:10228000354B364A10B5DA62002832D1344A12781A
:102290008A422DD9334A197114684FEA411C04EB64
:1022A00041114A7A4868C2F3801282F00102920119
:1022B000B1F808E042F004029861C0F3072020F072
:1022C000440002F0440202435A76CA68A3F81CE0B4
:1022D00014F80CC09A608A7A0C69C8695A6122495C
:1022E000224AC3E90340C3E9081283F805C01A482B
:1022F00010BD01282DD11A4AD2788A4229D91C4A08
:10230000C1EBC10C1468197104EB8C010A8A9A8321
:102310000A8A9A61120A22F044004A7CC2F38012AF
:1023200082F00102920142F0040202F044020243F0
:102330005A7614F82C00CA6858714C6848699C6039
:102340000C7A0C49DA600C4AC3E90404C3E90812A8
:10235000CDE7002010BD00BF103C0020C9260010B2
:1023600088460020A4430020F123001045220010DD
:10237000BC4300207D230010052200102DE9F04110
:10238000194F037997F803C0634508D3174E336894
:10239000187860452CBF00200120BDE8F081134E65
:1023A00004463068C3EBC30300EB830390465A7CBA
:1023B0000D460978C2F38000884205D1B8F1000FBC
:1023C0000BD197F803C0E2E761F38202187A5A74DE
:1023D0001DF094FCB8F1000FF3D0294620461DF003
:1023E0009BF897F803C0D2E788460020BC43002042
:1023F000F8B5224F164697F800C00279624503D21D
:102400008B780D46032B04D162452CBF00200120A0
:10241000F8BD47F6E73104461948012B006803F080
:10242000030300EB421228784FEAC30343EA8023F8
:10243000687843EAC033108901EA0001114803EAD1
:10244000000343EA010313810DBF01210021012292
:10245000002260691DF02EFC297860691DF03EFCA9
:102460003EB9227997F800C062452CBF00200120B8
:10247000F8BD294620461CF0D9FFF2E78846002027
:10248000A44300201884FFFF4F4B2DE9F0471B7831
:10249000834239D94D4B1D6805EB401500297CD08E
:1024A00007EE902AB3EE047A67EE877AFAFE677A2F
:1024B000FCEEE77A17EE904A4B1E012B04F1010463
:1024C00027D90E1F18BF012610EE1830AA7AD34064
:1024D00003F00103B34269D0B4B13D4FDFF8F88097
:1024E0000AE098F800307BB910EE1830AA7AD34091
:1024F00003F00103B34259D00DF068FA00213220F5
:10250000FB6B9847013CECD14FF0FF342046BDE80F
:10251000F087012914BF02230B46AA8818BF194669
:1025200013EA5213F0D00127002395F80AC0294E70
:1025300007FA0CFCD6E90089284628EA0C02C6E90D
:102540000023FEF749FAD6E90023A87A874017420C
:1025500034D1BCB11E4FDFF880800BE098F800301A
:1025600083B9D6E9009A0121A87A01FA00F313EAA7
:10257000090F23D10DF02AFA00213220FB6B984776
:10258000013CEBD14FF0FF3429892846C1F34411B7
:10259000FEF722FA2046BDE8F08710EE1840AB7A2D
:1025A000DC4004F001042046BDE8F08710EE18403E
:1025B000D44004F001042046BDE8F08710EE184036
:1025C000C44004F00104DFE788460020A443002053
:1025D000F8390020C8380020E03C0020064BDB78AA
:1025E000834208D9054BC0EBC0001B6803EB800396
:1025F0001B7A41EC4030704788460020BC430020E5
:1026000048B90C4B1B788B4212D90B4B1B6803EB60
:102610004113DA61704701280AD1064BDB788B42FF
:1026200006D9064BC1EBC1011B6803EB81035A615C
:10263000704700BF88460020A4430020BC43002010
:1026400070B51E4C82B02478844220D91C4C256879
:1026500005EB4015B5F804C01CF4787414D0CCF325
:10266000441C32EA0C0C16D00024164E336D9847E9
:1026700000212846FEF7B0F900222B89AA6123F435
:1026800078732B81F36C9847204602B070BD00240C
:10269000204602B070BD7BB12889E97262F349100F
:1026A000288111462846AB610192FEF795F9019AFF
:1026B0000124002AE8D1D8E71C46D6E78846002046
:1026C000A4430020F8390020037FDB0706D5084A21
:1026D000037912685B010120D1547047054A0379E0
:1026E0001268C3EBC303012002F82310704700BF38
:1026F000A4430020BC430020012170B40E4E90F88A
:102700000AC0D6E900452B4601FA0CF141EA040261
:102710008469C6E9002364B110EE1810437A21FAE7
:102720000CF181EA9301C07A234670BC01F00101EB
:10273000184770BC704700BFC838002030B587B05C
:10274000EC4690F800E00C4A40680C4D10600C4BD1
:102750004A6885F800E01A600A4C0B78EB700FCCE1
:10276000ACE80F0094E803008CE8030068461CF016
:10277000EDFB07B030BD00BFA44300208846002019
:10278000BC43002004D90210064B1B6843B1064924
:102790000279C978914203D903EB82031868704724
:1027A00002487047F050002098430020000080BF8E
:1027B000037F9A0705D5044A037912685B01D15457
:1027C000037FC3F340007047A84300209FED4D7A7C
:1027D000D1ED007AF4EEC77AF1EE10FA2DE9F84F58
:1027E0000C460546D0F80C9009DC9FED477AF4EED4
:1027F000C77AF1EE10FA12DDC0260C2701E0102690
:10280000012705201DF03EF94946B0FBF7F22046AE
:102810001CF05EFD074630B93846BDE8F88F4FF42E
:1028200048763227EDE76869B9F804801DF0FAFAB6
:1028300001236869834040EE143004211DF012FA30
:102840006B69D9F8082058081F2B8ABF00F00300D5
:1028500000F00700083013F0010308BF4FF6FF7ABD
:102860001FFA82FB4FEA800200EB800102444FF026
:102870000000DFF8A0C04FEA81018C44DCF800E0E2
:102880001CBFDFF894A04FEA0B4B94F818908EEA27
:102890000B0E0CF5805C0EEA0A0ECCF800E09200FC
:1028A00083F0010C09EA030301F1804102F1804247
:1028B00009EA0C09DB0002F5282201F5282143EA88
:1028C0008903086043F001039060D060C2F8108073
:1028D0000E4A4E600B602B79D2789A429CD90C4AF2
:1028E000C3EBC3031268617E02EB8302537C81F069
:1028F000010060F3041361F3451353743846BDE8D7
:10290000F88F00BF0000FA440000484398430020BD
:10291000C04300200C800A400000FFFF0A4B40B972
:102920001878884205D9094B1B6803EB4113DA611B
:102930007047DB788B4206D9054BC1EBC1011B68A0
:1029400003EB81035A61704798430020A84300209D
:10295000C043002038B50546244B0C4630220021E8
:10296000184623F091FB012D3DD1214AD278A24295
:1029700039D903461F4AC4EBC40C1568047105EB32
:102980008C010A8A8283C2F3403080F00100C2F3D6
:10299000072260F304125A77587F9A8BC0F3801095
:1029A0009A6180F00100C2F3072260F386125A7622
:1029B00015F82C004A6958714C680F489C600C7AD5
:1029C0001A614A7C5C6112F0300FD86209D00B4A60
:1029D0000C7E0B480B491268C3E9080102EB441254
:1029E000DA60024838BD002038BD00BF403C0020FE
:1029F00098430020C0430020B1270010E850002079
:102A0000CD2700108927001070B51F4D0446EB78C4
:102A1000834234D91D4A1E4B10681A68C4EBC403A4
:102A20009E0002EB830330B1925D02F18042AA3A2C
:102A300000EB820001601E7A187E164B1B6803EBC8
:102A400040101CF0BBFC73081F2E8ABF03F0030369
:102A500003F007030833104A03EB83039B001A4477
:102A6000F30758BF4FF6FF76116880B244BF0B4E94
:102A700000044140314002F58052EB7811609C42E5
:102A80002CBF0020012070BD98430020F050002092
:102A9000C0430020E85000200C800A400000FFFFE7
:102AA0002DE9F043344B8DB00393344B0024049351
:102AB0000346334A1F785B68324D334E13604B68D0
:102AC0002F70DFF8D89033600B786846CDE9005955
:102AD0000294EB701CF094F8002849D0EF78002F96
:102AE00046D02A4BD6F8008007930A934346284ADB
:102AF000CDE908440592274AC7EBC70106940B9419
:102B0000C2F8489108EB81015A7C1C33D00648BFBB
:102B100001348B42F8D12021204621F091FDDFF8CD
:102B200080900421C9F80000204621F089FD002191
:102B3000194B0C46186001E0D6F80080C4EBC403C2
:102B400008EB83035A7CD2060FD5D9F8002001F197
:102B5000010852B119760120E1B2FFF7FBFE05A989
:102B60000022FFF733FE4146EF780134A742E3D855
:102B70000DB0BDE8F08300BF1D29001055290010DD
:102B8000A843002098430020C04300200000C84212
:102B900000409C45F8390020F0500020092A001020
:102BA000E8500020704700BF00207047024A034BE6
:102BB000D2F8C0001B681847F8390020D038002030
:102BC000074B70B51B6804460D469847054B1B6FB5
:102BD00023B129462046BDE87040184770BD00BFAC
:102BE000E0480020D0380020024B93F8FA0100F0B2
:102BF00002007047F83900202DE9F843384D2B6862
:102C0000E3B1384B384E93F8AB30C3B1336D9847CE
:102C10002C68F36C002C61D000272F609847DFF8F8
:102C2000D880D8F80030E568D4E90120E760676013
:102C3000002B4CD0904715B12C46F2E72A4ED6F81F
:102C4000D4319847294B80461A6882422AD0284DB1
:102C5000284A2C681768BC4224D0186037B1D7E9DD
:102C600001309847FF68002FF9D12C68D4B10027B4
:102C7000DFF884902368A3EB0803002B12DC336D8C
:102C800098472B68A34218D073B9F36C9847D4E9DE
:102C90000130D9F800206760E7608AB198472C6856
:102CA000002CE7D1BDE8F8831A46DB68002BECD096
:102CB000A342F9D1E368D360E7E7E3682B60E4E778
:102CC000C9F8004098472C68002CD3D1EAE7C8F82F
:102CD00000409047002DB2D02C46A2E79847AEE7BF
:102CE000004D0020E03C0020F8390020844D0020F9
:102CF000244F002074660020804D002008B511F09C
:102D000005FD0022014BC3F8202108BDD03800206A
:102D100030B5154B8BB093F800E0EC466FEA0E0E21
:102D2000124C5FFA8EFE83F800E00FCCACE80F0087
:102D300094E80F00ACE8070070468CF800300BF008
:102D400031F80446684623F089FF2146684423F0A1
:102D500085FD0346064A0021128868461A800EF057
:102D6000DFFE0BB030BD00BF382900200472021016
:102D7000247202104AB1064A92F85521920704D5EE
:102D8000044A1846D2F8143118470020704700BF93
:102D900028600020F8390020074B93F85221D20612
:102DA00004D58269D3F8D4118A4200D17047C3F8A0
:102DB000D42112F003BE00BF28600020704700BF7E
:102DC0000D4808B5417A11F002010CD00B4B0121DE
:102DD0001B6C443098470A4B00219A8A0948BDE889
:102DE000084024F035B9064B9A8A02B908BD064856
:102DF000BDE8084024F02CB9E03C0020F839002060
:102E000028600020C12D00100D2E0010054B002160
:102E10005B7A9B07044B4CBF044805489A8A24F010
:102E200017B900BFE03C002028600020C12D001031
:102E30000D2E001070B50446E30707D4194B1B682C
:102E4000002B2BD02046BDE870401847164D174E7A
:102E50002B6D98473368B3B10021154803E0DA6859
:102E6000194682B113465A688242F8D19A68002AFC
:102E7000F5D1DA6899B1CA6000220E495A60086833
:102E8000DA6000B90B60EB6C9847C8220021084853
:102E900024F0DEF8034B1B68002BD3D170BD3260E9
:102EA000EAE700BF584F0020F8390020244F0020E7
:102EB000AD2B0010804D002070B5124E0D46336DC5
:102EC0000446984710490B68A3B1002003E0DA6874
:102ED00018467AB113465A68A242F8D19A68AA42B3
:102EE000F5D1DA6860B1C260002208495A6008680A
:102EF000DA6018B1F36CBDE8704018470B60F9E771
:102F00000A60F1E7F8390020244F0020804D0020AE
:102F10002DE9F04FC54D83B0DFF88483CC2200212A
:102F2000284623F0B1F84FF420720021C04823F066
:102F3000ABF84FF492720021404623F0A5F8BD4B48
:102F4000BD4CC8F81431BD4BBD4AC8F86030BD4B0C
:102F5000BD4FC8F86830BD4B0021C8F87C30BC4B71
:102F6000C8F81821C8F88030BA4B4FF40472C8F87A
:102F70008430B94B2046C8E91577C8F8D03023F023
:102F800083F80A234FF480622360B44BB44EC4F834
:102F90009C314FF08043C4F8A421B24AE361C4E9F4
:102FA00014624FF6FF730122A4F80232134684F82C
:102FB0000A22AD4AAD492267AD4A2166C4F89C2079
:102FC000AC4A85F8A930C4F8F421AB4AE664C4F8E9
:102FD000242107F0D7FF00F05DFE14F001F811F096
:102FE00095FBFDF70DFFA54F00263B7860F300032E
:102FF0003B7000F095FE13F0FDFF94F8F82139784E
:1030000002F06003A3F16003B3FA83F342F06002BD
:103010005B0984F8F821DB00C2F3400243EA0213A3
:1030200021F0180103F018030B43FF2B3B700CBF7A
:1030300001233346C5E92E66C5E93066C5F8B4609C
:1030400085F8AC6085F8AA300FD18D4BD4F80821F3
:10305000C4F808318B4B8C481A60A36B98473B78B7
:1030600085F8AA6060F341033B70874E0DF10601BD
:1030700096F8DC0014F018FD8146002800F08D81E0
:1030800096F8DD000DF1070114F00EFD18B996F861
:10309000DC3086F8DD309DF9060014F069FB3B78E2
:1030A000814660F382033B70002800F06E810020AF
:1030B00014F070FDC36A2BB1006BB0F1000918BFAA
:1030C0004FF001093B7869F382033B7094F8F931C2
:1030D00013F0020305D196F8D02163F3410286F87C
:1030E000D0213B78FF2B06D010230021674885F8BC
:1030F000A83023F0D5FF0121D4F88C3096F83C019C
:10310000984714F08BFF636F4FF000009847D4F896
:10311000F0310BB15E48984795F8A830626E103BCD
:1031200018BF012385F8AB30002A00F0E78096F83D
:10313000C331DF0700F1E280B28A002A40F0E88064
:1031400094F8F93113F0060F40F0EC8094F8B630A3
:1031500003F00C03042B06D14E4BD4F800211A6067
:103160004D4BC4F80031D8F8B030002B00F023816B
:103170004FF000094FF0640A4FF0640B11F0C6FAEB
:10318000EB7823B196F9C231002B80F2B1804C224A
:103190000021264822F078FF6FF001030020C5E9E6
:1031A00004ABEB6414F0EAFC002840F0E480B38A3E
:1031B000697A003B18BF012396F8602163F341014F
:1031C0006972D10705D56B7FC2F3400262F3C30376
:1031D0006B770BF02FFAD4F8D430984796F8520159
:1031E000C0F3400001F06CF896F85A01A36D4FF05F
:1031F000000100F0010098470BF0CEFA16F096FCA3
:1032000007F084FE18F042FB0BF014FF204923481E
:1032100018F086FDD4F8903013B100210846984785
:1032200094F8FA319B0740F1A3803BE0E03C00209A
:103230008C66002085F30010F8390020A52B0010C3
:10324000890B002089B90110F92B001021CD011044
:1032500029CD011035630110992D0010FD2C0010AF
:10326000D1E50010A92B00108D0F0020AD05002026
:10327000690C0020D1940110E92B0010382900209E
:10328000C12B0010E048002028600020112D001004
:10329000943D0020584F0020352E0010304800206B
:1032A000D0380020D8F80030D4F8C400984796F9F8
:1032B0005131002B53DA94F9F931002B07DA95F8E4
:1032C000AC30002B0CBF8020872023F0F5FE0CF0E3
:1032D000F9FB074698B385F8A99011F017FAEB7837
:1032E000002B3FF454AF96F9C231002BFFF64FAFDD
:1032F000A8220021384822F0C7FE4DE794F8053295
:10330000002B48D1354BB28A6366002A3FF418AFD0
:103310000021334823F09CFE94F8F93113F0060F96
:103320003FF414AFC3F38002C3F3400343EA420106
:1033300040F28A2001F0030113F052FC06E7D4F8B2
:10334000D031FBB1984785F8A970074600287FF473
:1033500015AF00F0D1FC384603B0BDE8F08F23F084
:10336000A3FEB0F5807FA6D1012015F0C7F9A2E732
:1033700019F06EFB96E7002014F00CFC6422436801
:10338000DA6014E785F8A930F8E614F011FC14F0BF
:10339000EFF9814696E6134BB5E714F037FB494643
:1033A00014F00CFBA8B190F9002043788DF80620AA
:1033B00086F8DC3064E694F8FB31D8077FF5D8AEA8
:1033C000D4F81431002B3FF4D3AE074BC8F8B0301B
:1033D000CEE602460B23E9E7E03C0020450300204F
:1033E000C12D001065030020752D0010F8B50E4F9B
:1033F0003B6893B100250D4E3268DC68D3E90110BB
:10340000DD605D6022B188473C6034B12346F3E75C
:10341000336088473C60002CF8D1054B93F8AB3003
:1034200003B9FEE7F8BD00BF484F0020804D0020E3
:10343000E03C0020F8B5134FC6B2BB6F04460D4602
:103440009847C0B2B04209D020467B6F984706B17A
:103450002DB9BDE8F840202018F026BDF8BD07EED4
:10346000905A9FED097AF8EE677AC7EE877A074B94
:1034700017EE900A99780AF051FEBDE8F840202036
:1034800018F012BDF839002000007A44E03C00201A
:1034900038B5044623F008FE022801D1012038BDCA
:1034A0000CF0FAFD0028FAD0114B1A78002AF5D159
:1034B0005D78002DF2D10F4B20465B6FE4B2984748
:1034C0001CB10D4BB3F8D8301BB9202018F0ECFC20
:1034D000E4E707EE903A9FED097AF8EE677AC7EED7
:1034E000877A294617EE900A0AF018FEEDE700BF2A
:1034F000E03C0020F83900202860002000007A44D9
:103500000346A3F10F024FF000007A2A3FD8DFE80C
:1035100002F0484B4E51543E3E3E484B4E3E3E3EDE
:103520003E3E484848483E4B4B4B4B3E4E4E4E4E1F
:103530003E5151515454543E3E3E3E3E3E3E3E3E30
:103540003E3E3E3E3E3E3E3E3E3E3E3E3E3E3E3E9B
:103550003E3E3E3E3E3E3E3E3E3E3E3E3E3E3E3E8B
:103560003E3E3E3E3E3E3E3E3E3E3E3E3E3E3E3E7B
:103570003E3E3E3E3E3E3E3E3E3E3E3E3E3E3E3E6B
:103580003E3E573E3E3E3E3E3E3E3E5A5D0083F04E
:103590008002072A98BF0120A3F1800398BF9840BA
:1035A00070474FF0010070474FF0020070474FF036
:1035B000040070474FF0080070474FF0100070474C
:1035C0004FF01F0070474FF0030070474FF0180096
:1035D000704700BF124A92F80832FBB9114892F8BE
:1035E000051290F8C40192F8072221EA000101F0C7
:1035F0001F0100B522EA000281F01F0E02F01F0237
:103600006EF3070382F01F0C61F30F2306486CF37F
:10361000174362F31F6303605DF804FB704700BF4C
:10362000F839002028600020E8480020024B82B0D2
:10363000186802B0704700BFE8480020144B93F8A8
:10364000083213B1134B186870471A46114910B568
:1036500091F800C08C7891F803E04978C0B244EA50
:103660000C0C4EEA01016CF3070360F3070261F3EF
:103670000F2360F30F2264F3174360F317426EF3D6
:103680001F6360F31F6282B003EA020002B010BD44
:10369000F8390020E848002001460E4BA3F5C16C24
:1036A00093F808268A4206D063450CD093F800268A
:1036B000083B8A42F8D16345D3F80C0605D0083B95
:1036C0000028EDD0704704487047034B002808BF1E
:1036D000184670471CD90210287202100D289DBF91
:1036E000012303FA00F080B20020704784464FF6B1
:1036F000FF7000294ED061441CF8013B434003F0A9
:10370000010202EB820002EB403282EA530202F035
:10371000010303EB830003EB4033C2F34E025A4034
:1037200002F0010303EB830003EB4033C2F34E02CC
:103730005A4002F0010303EB830003EB4033C2F372
:103740004E025A4002F0010303EB830003EB4033C7
:10375000C2F34E025A4002F0010303EB830003EB75
:103760004033C2F34E025A4002F0010303EB8300E0
:1037700003EB4033C2F34E025A4002F0010303EB65
:10378000830003EB4033C2F34E0253408C4598B2A2
:10379000B2D17047704700BF014B1B68185C70477F
:1037A0002C4F002010B410B901220A4B5A700A4A5B
:1037B0000A4C1378246843B9B0FA80F314F800C0B7
:1037C0005B098C4518BF43F0010321545DF8044B9D
:1037D000137070470C620020D86D00202C4F002021
:1037E0002DE9F047DFF8E8E00546BEF8B0C10F4626
:1037F00016469846BCF1000F04D0BEF8B2416444AE
:103800008C4250D3B8F1000F43D1002E3ED0404639
:103810002D4C711E052922684BD97B1C1344EB1AD1
:10382000022BAE4645D902EB070C26F003014FEA06
:10383000960901EB0C035CF8044B63454EF8044B0E
:10384000F9D18E42A6EB010407EB010305EB010C55
:103850000DD0D15C012C05F8291008D013445978FB
:10386000022C8CF8011002D09B788CF80230B8F151
:10387000000F0BD03744D3195978D35D43EA0123A5
:10388000181AB0FA80F04009BDE8F0870120BDE8C1
:10389000F0870D4C314620683844FFF727FF002E93
:1038A000B7D12268E7E7094C246AA446BDE8F0478F
:1038B00060477B1E29446C1E134413F8015F04F813
:1038C000015FA142F9D1D2E72C4F0020FC4F00202C
:1038D000F83900202DE9F04FDFF80C920646B9F8D0
:1038E000B0418A461746984683B02CB1B9F8B25118
:1038F0002C448442C0F0A080B8F1000F7AD1754901
:10390000434681F80080002F00F0A180D4460AEBE6
:103910000702354600244FF0010A6F4806F1FF3ECA
:10392000D0F800B06D48CDE9003BDE441CF8013B07
:103930000DB980F801A044B9B5FA85F49EF801B03C
:1039400064099B4518BF44F0010494450EF8013FFB
:1039500005F10105EAD1DDE9003BE2460C70B8F162
:10396000000F1BD0F219DDB208D101224270002CE9
:1039700079D00BF8015BC3F307230CE0002C7ED059
:103980000137BF190BF80250C3F3072318BFBB441C
:1039900001D1012444708BF800300C704378FBB1E6
:1039A00001230B704E4B1B7803B30122B9F8B031E1
:1039B0000270002B47D14B4C03E0CBB234F82320EC
:1039C000A2B1B24203F10101F7D104EB8302927874
:1039D0009B00042A0AD8DFE802F076096A617300C6
:1039E000D9F8AC315345DBD0002CDBD1012003B03A
:1039F000BDE8F08F39465046FFF778FE0023354981
:103A00000B700346002F81D1334AC5B2D2F800B003
:103A100036B31BF80620C0F30723AA422F483246CC
:103A20000BEB060433D10132B3D093449BF8004032
:103A3000E41A18BF0124AEE7294CE469A44603B098
:103A4000BDE8F04F6047B34226D80271CEE7234865
:103A50004378002BA4D1D9F8AC319A45C6D19FE761
:103A600001221E4842709BF80020C3F30723AA429C
:103A70002CD001228BF80050012493448BE71BF8D3
:103A80000270C3F30723AF420BEB0204CBD0013229
:103A900025703FF47EAFEFE700238CE701221C4442
:103AA000E378417902FA03F30B4343719EE7012265
:103AB0001C44E378C18802FA03F30B43C38095E703
:103AC0000123C37092E7012383708FE701240BF178
:103AD000010B60E7D86D00202C4F00200C62002005
:103AE000FC4F00202CDF0210F83900202DE9F047B0
:103AF000634FFC69002C00F09D80624D6B7843B1F0
:103B00000023614A184611680122A04780F0010095
:103B10006870AB785BB15C4A0023116801204FF4F8
:103B2000F372FC690131A04780F00100A870EB78C6
:103B300063B1554A0023116840F2B7304822FC694E
:103B400001F2B731A04780F00100E87095F805C098
:103B5000BCF1000F29D002244FF001092346DFF801
:103B60002881013B2CFA03F2D10717D509FA03FE8D
:103B70006FEA0E0E5842D8F8001000F0480000F22C
:103B800026300EEA0C0C00234822FE69014485F819
:103B900005C05FFA8EFAB04700286BD1012C04D023
:103BA000012495F805C02346DBE7EB882BB34FF4DF
:103BB00042790C24DFF8D08000E0EB88E340DA079C
:103BC0000ED5D8F80010002316224846FE69494455
:103BD000B04728B10122EB88A24023EA0203EB8020
:103BE000013C631CA9F11609E7D12B793BB9EB889D
:103BF000C3B101232B70BDE8F0872B7993B1234B20
:103C0000B3F8B221002A33D01F49B3F8B0010968D4
:103C10000023FC690144A047EB8880F00100287173
:103C2000002BE6D1AB78002BE3D1AB88002BE0D1A1
:103C3000EB78DFE7BB6A002BDDD0134D0424286846
:103C4000984730B9013C0AD0BB6A286898470028D9
:103C5000F8D000220B4BC3E90022BDE8F087022117
:103C60000B480DF05DFF0022064BC3E90022F4E78C
:103C70002A71BCE76B790AEA030E85F805E08DE747
:103C8000FC4F00200C6200202C4F0020F83900204F
:103C9000687B0210F8B5144B144ED3F8A841336872
:103CA0009C4211D8124B134F1C68204620F0B6FCE2
:103CB0000546386020B12246FF21346022F0E4F945
:103CC000281E18BF0120F8BDB4F5805F28BF4FF44F
:103CD0008054084F064D38682C600028E5D020F04D
:103CE000C5FC2C68E1E700BFF83900203C29002022
:103CF000402900202C4F002010B5074C206848B107
:103D0000064B1B7813B1FFF7F1FE2068BDE81040A9
:103D100020F0ACBC10BD00BF2C4F00200C62002076
:103D20002DE9F041454C464DD4F8A4312F68013BB4
:103D300043F003030133C4F8A431002F6DD0414E8A
:103D400004F5D07EB446BEE80F00ACE80F00BEE834
:103D50000F00ACE80F009EE8070096F800808CE8A2
:103D60000700B8F1030F5ED0B8F1000F32D1042381
:103D7000354AC4E97188C4F8B421344A84F8A031C2
:103D8000C4F8B821324AC4F8BC21324AC4F8C02170
:103D9000314B187812F07AFB3378032B48D0F7694F
:103DA00047B10023B4F8B2211846296802F58062B1
:103DB000B8473378002B34D0284B07209B689847AE
:103DC00028680022264B801AC3E9002218BF012070
:103DD000BDE8F0810023B4F8B22138461946376AAD
:103DE00002F58062B8473078042200231649C4E9FE
:103DF0007133C4F8B411154984F8A021C4F8B8117E
:103E00001349C4F8BC111349C4F8C0110028BFD02D
:103E100028680378172BBBD1D3E71249124823F047
:103E20003FF92868CDE73846736A98473078DBE772
:103E3000B36A286898473378BCE700BFF839002098
:103E40002C4F0020FC4F002099370010A5370010A0
:103E5000D5380010E137001094FB0210D038002054
:103E60000C620020807B02107D1B0110024B1B782E
:103E70000BB1FFF73BBE70470C620020044890F87E
:103E8000A031042B0CBF034800F5D070704700BF71
:103E9000F8390020FC4F0020F8B504692DED028BA5
:103EA00008EE101AE16B002942D000266425027D3D
:103EB000214B22F02002646802755A7F1F4F42F0A6
:103EC000800287ED1B8A02765A7F80ED008A42F0DD
:103ED000040286605A77027E42F0040202765A7F1C
:103EE00042F001025A77037E43F00103037601207A
:103EF000E5608847D0ED007A28EE278AB5EE408A43
:103F0000F1EE10FA10D00E4B9FED0E7AD3ED1D7A24
:103F100067EE877AF4EEC87ABDEC028BF1EE10FA08
:103F20004CBF2B203046F8BD2920BDEC028BF8BDDC
:103F30001420BDEC028BF8BDE03C0020C0470020FF
:103F4000286000206666663F00B50E4A92F89330FE
:103F500002F1940C013303F0030303EB83010CEB38
:103F6000810C02F1E80E82F89330BEE80F00ACE855
:103F70000F00DEF80030CCF800305DF804EB17F0ED
:103F8000AFBE00BFC04700200C4B9A690AB1DB6985
:103F9000184770B40A4E0446B4460A4BD3F8105181
:103FA00028686968AA68EB68ACE80F002869696945
:103FB000ACE803003046B46170BC7047D0380020D4
:103FC0006C690020C047002038B50C2020F026FB8B
:103FD00068B10446074B084D93E807002B6884E856
:103FE00007002BB11A469B68002BFBD1946038BDAB
:103FF0002C6038BDAC4700207C4F0020472370B5B3
:1040000000F13604E4B23B2C104D204628BF3B2083
:104010002B8009F0C7FE0646284622F01FFE3146D7
:10402000284422F01BFC3B2C01D8084870BD0346F5
:10403000074AA4F13B0012881A8009F0B3FE01463A
:10404000284622F06FF8014870BD00BF5C45002093
:104050003CC302100048704758290020204BF7EE5F
:10406000007AD3ED096AF4EE676A93ED087AF1EE0F
:1040700010FAB4EE677A93ED077AF7EE007A14BF80
:1040800001200020F1EE10FAB4EE677A93ED067A83
:10409000F7EE007A4FEA400018BF40F00100F1EE61
:1040A00010FAB4EE677A93ED057AF7EE007A4FEAEC
:1040B00040001CBF40F00100C0B2F1EE10FAB4EEB7
:1040C000677A4FEA4000C0B218BF40F00100F1EE3D
:1040D00010FA4FEA4000C0B218BF40F0010070472C
:1040E0004429002010B50446F9B140F20113174AE3
:1040F000B2F84C21934318D016F0ECFB002814DBE7
:10410000134B00EB8000204403EB800003EB8402A0
:10411000D0ED257AD2ED026A92ED3F7A77EEA67A5B
:1041200077EE877A17EE900A10BD094B03EB8401F6
:10413000D1ED027AD1ED3A6A91ED3F7A77EEA67A27
:1041400077EE877A17EE900A10BD00BF2860002036
:10415000C047002010B582B0019250B3022803D0AE
:10416000484BD87102B010BD07EE902A464BF8EECE
:10417000E77A03EB4113D3ED0C6A87EEA67A434C42
:10418000404B01F13E02A46903EB820292ED016A09
:1041900082ED017A2CB9D3F8102102EB810282ED75
:1041A000007AB4EE476AF1EE10FA14BF0122002241
:1041B00043E0364B9B69002B4BD1324B0022D3EDB1
:1041C000435AF5EE405AD3F8101193ED426AD3EDFD
:1041D000416A93ED407AD3ED3F7AC3F80C210A612E
:1041E000C3F80821CA60C3F804218A60C3F800211B
:1041F0004A60C3F8FC200A60F1EE10FAB5EE406A9E
:1042000014BF01220022F1EE10FAF5EE406A18BF49
:1042100042F00102F1EE10FAB5EE407A18BF42F01A
:104220000102F1EE10FAF5EE407A18BF42F00102F9
:10423000F1EE10FA18BF42F00102D871002A91D0B5
:104240004FF4806017F030FE02B0BDE8104017F068
:1042500047BD0C4B0022D3ED435A93ED426AD3ED98
:10426000416A93ED407AD3ED3F7AF5EE405AC3F8B8
:104270000C21C3F80821C3F80421C3F80021C3F8B6
:10428000FC20B9E7C047002028600020D03800207B
:1042900071B1012905D1022200230270437081709F
:1042A0007047012202230021027043708170704721
:1042B0000A4601230221027043708170704700BFDB
:1042C0002DE9F043A14F8BB097F8A940002C00F0E6
:1042D000A1809F4D9F4C00214FF48A72284621F007
:1042E000D3FE94F852319C4ED90640F1DA80F3693E
:1042F000D4F8D4019847C5F81001002800F0D18007
:10430000B369002B00F0D680944B1C682CB120467A
:10431000A46820F0ABF9002CF9D17A7F904B0020F3
:1043200085F834206B6613F035FC8E4BF7EE007A7F
:10433000D3ED096AF4EE676A93ED087AF1EE10FAAC
:10434000B4EE677A93ED077AF7EE007A14BF012294
:104350000022F1EE10FAB4EE677A93ED067AF7EEEA
:10436000007A4FEA420218BF42F00102F1EE10FA61
:10437000B4EE677A4FEA42021CBF42F00102D2B2A9
:10438000F1EE10FA93ED057A286362D0B4EE677A05
:10439000F1EE10FA00F0CE804FF07E51002259620B
:1043A0001962D96199615961C3E90022C3E9022206
:1043B0001A6185F83620022017F076FD6A49287FB9
:1043C00012F030F810B90720B368984797F8A93071
:1043D000002B5BD05F4B93F851319B0740F18980F4
:1043E000B46C6CB10023142269465F48CDE90033F8
:1043F000CDE90233049321F019FE00286CD0A047C8
:1044000019F0E8FC336B002B48D051480BB0BDE8E5
:10441000F04318474E4DE82206462146284695F8B7
:104420001C9095F8078021F02FFE504BD5F8100115
:10443000D3F81C318269C5F888200BB12146984712
:104440002EB1454E85F81C9085F807805CE7424EFA
:104450005AE7B4EE677AF1EE10FA4FEA8202D2B26E
:104460009AD10021C3ED097AC3ED087AC3ED077A2A
:10447000C3ED067AC3ED057AC3E90011C3E9021161
:10448000196185F83610002A98D094E7B46C002C96
:10449000B5D119F09FFC336B002BB6D10BB0BDE842
:1044A000F083F36900209847B369C5F81001002B29
:1044B0007FF42AAF036043608360C360036143619C
:1044C000836194F85231DA067FF51EAFD4F8D42117
:1044D000D5F810319A6117E705A9C1E90100C1E9D2
:1044E000030005901422224821F0A0FD002887D067
:1044F00085E70B201E4911F095FF60B90720B368CE
:104500009847B46C002C3FF47BAF97F8A930002B90
:104510007FF468AF73E7142495F99330DFF850C047
:1045200003FB0454BCE80F0094340FC4DCF80030E3
:104530002360E6E70022C3ED097AC3ED087AC3EDF4
:10454000077AC3ED067AC3ED057A2DE7E03C00203B
:10455000C047002028600020D03800207C4F002079
:10456000E447002044290020C8470020F8390020F3
:10457000A848002000487047E4470020002208B502
:10458000054BC3E900229A6013F048FDBDE80840DE
:10459000102017F089BC00BFE447002008B5054A89
:1045A000054B82F821005B6F9847BDE8084020204A
:1045B00017F07ABCC0470020F839002040B110B590
:1045C00004462046A46820F051F8002CF9D110BD13
:1045D000704700BFB0B10C4B10B5D3F8C4300446DF
:1045E00003B19847237823B92046BDE8104020F056
:1045F0003DB8204600210DF093FA2046BDE810405A
:1046000020F034B8704700BFD0380020014B186844
:10461000704700BFCC46002038B5044620B3184B85
:10462000187808BB5B78F3B9164D94F8210084F82C
:10463000403095F821302A889842228004D0124BCD
:10464000B3F8D810FEF7F6FE0C22104904F124004E
:1046500021F0ECFC50B1482221460A4822F088FAA9
:1046600001206B6CAB6638BD002038BD064BE26A9A
:10467000B3F8E03094F82410286B13F021FCEAE73B
:10468000E03C0020C047002028600020E4470020D4
:104690002DE9F04F037817465A1E1F2A0446884614
:1046A00083B004D814F8013F581E1F28FAD93B2BB9
:1046B00053D02F2B3DD0002B68D0A2460026651C7E
:1046C000202B09D9292B05F1FF391BD03B2B14D006
:1046D000282B0CD0002E33D015F8013B002BEFD146
:1046E000002320468AF8003003B0BDE8F08F2E4644
:1046F00015F8013B002BE3D1F2E7002EECD189F84D
:104700000060EDE77EB13F4B93F891305BB905F85F
:10471000013C3D4B93F8FA315B0724D4002F4BD07A
:104720003B68002B34D015F8013B0026002BC7D185
:10473000D6E7364B1B7ADA060FD463780134BAE732
:10474000A3F16102192A98BF03F05F030AF8013B45
:1047500015F8013B002BB3D1C2E70023204623709C
:1047600003B0BDE8F08F3378002BDCD017B13B6885
:10477000002BD8D1DFF89CB0DBF8C830002BD2D0AA
:1047800030469847002688F80000A5E7A246A7E72C
:10479000DFF880B0DBF8C03023B13046984738608E
:1047A0000028C0D104223046194921F057FD38B104
:1047B0003378002BE0D1B6E73378002BB3D0D9E7BC
:1047C000A9EB0602A2F10309484601921FF026FF59
:1047D000019A38600028EBD03379202B0FD1731D5C
:1047E000194613F801CBBCF1200FF9D006F10109ED
:1047F0009144A9EB01094A4622F0BAF993E7311D29
:10480000F9E700BFC0470020F8390020E03C002055
:10481000A07B0210D038002000212DE9F04FDFF8F6
:10482000B4922DED088BD9F80431A54E5B1A18BF50
:10483000012396F88D20B3B093EA02041A918DF803
:1048400067101AAA0DF1670118BF86F88D30FFF7BF
:104850001FFF9DF8677080469FB90578252D16D0FB
:10486000CDB91A9C64B1974BD3F8C4300BB1204634
:1048700098472378002B40F0BA8620461FF0F6FEBA
:104880002F46384633B0BDEC088BBDE8F08F427838
:10489000002A00F0B2808C4CF0220021204621F04A
:1048A000F3FB4822864904F1080022F061F9002256
:1048B00098F80010736E24291046154606928DF85C
:1048C0001C200A93ADF8142000F0DE82414601223C
:1048D0001B9200221D9291F800B01F92BBF1000FB5
:1048E00001F0F483BBF1400F68D9BBF15A0F00F21D
:1048F0008486BBF14F0F65D1744A1BAB19461C92DD
:1049000040461DAA049309F01BFB034609908DF84D
:104910006700002841F09587DDED1C7AF4EE677A98
:10492000F1EE10FAB0EE677A81F189838246089041
:104930000B90FCEEE76AF8EE665A9FED656A77EE3B
:10494000E57A67EE867AF8FE677ACDED1D6ABCEEF1
:10495000E78ABBF1470F63D0BBF14D0F40F01182E6
:104960002278412A00F0D0801D98632840F2878188
:104970000022DFF850B11F92DBF8F820002A00F087
:104980009D8018EE103A80B2002B00F0CC8200EB34
:1049900080001FFA83FB00EB80000BEB800080B2ED
:1049A00090478246002800F089801D9A02EB82021F
:1049B00002EB82020BEB820292B2BBE2BBF1240F4C
:1049C00040F01B861BAB194640461CAA049309F015
:1049D0000FFB002801F0628200239A4608EE103A8D
:1049E000089309930B93DDED1C7AF4EE677AF1EEF0
:1049F00010FAB0EE677A9CD7ABE7027096F88D207C
:104A0000002A00F07482002C40F0F98296F88C2085
:104A1000002A41F0288239231D468DF8673020E7AF
:104A200000221F921D9A412A58D8412A46D8DFE811
:104A300012F09402940294029402830394024500BB
:104A4000750375034500F602450045004500450025
:104A500045004500EC02EC02EC0247034703450029
:104A600045004500450045004500F6024500F602B8
:104A70004500450025044500450045004500E80384
:104A80004500E00345004500610345004500450041
:104A900045004500610355035503450083038A0221
:104AA0008A028A028A028A028A0245002A04450092
:104AB000450045000F044C2A00F0E0831427E0E68F
:104AC000C0470020D0380020D04600200000C07F22
:104AD0000000C842F83900200000C07F592A40F287
:104AE000DC81A2F15A010929E8D8A2F15C01072969
:104AF00004F2FA81DFE811F0B00259025902AE0265
:104B00004C024C026402640294F8D920930601F12D
:104B1000C88184ED1C7A42F0200284F8D9201B9AC7
:104B2000511C1B9118F802B0BBF1000F00F06C850E
:104B3000BBF1400F2AD8BBF1240F40F05E85404600
:104B400004991CAA09F054FA00286DD1BAF1020F99
:104B500041F0A4815FED207AB0EE677ACDED1C7A4A
:104B600018EE103A002B40F03F85BDEEC77AD4F81E
:104B7000D82084ED307A12F0010308EE103A41F0AB
:104B8000908101210A43C4F8D820C8E7BBF15A0F2D
:104B900000F23385BBF14F0F5ED1B64A40461C92FE
:104BA00004991DAA09F0CCF98DF86700002841F09E
:104BB0007E81DDED1C7AF4EE677AF1EE10FA1E903C
:104BC0000FD6BCEEE77AB8EE476ADFEDAB6A77EE58
:104BD000C67A67EEA67AF8FE677A8DED1D7ABCEE8E
:104BE000E78A18EE103A002B40F0FE849DF87920F9
:104BF00042F080028DF879201D9A1E99C4F8C820D1
:104C0000D4F8D82012EA010308EE103A41F04981A5
:104C10009A480142B6D0DDED1C7AF5EEC07AF1EE8D
:104C200010FAAFD504272CE69DED1C7AB4EE477A36
:104C3000F1EE10FA94D6FCEEC77AB8EE678ADFED93
:104C40008E6A37EE488A28EE268AB8FE488ACDED6D
:104C50001D7ABCEEC88A83E7404604991CAA09F075
:104C6000C7F900287FF4BFAEBAF1020F41F01681F8
:104C7000DFED837AB0EE677ACDED1C7A69E618EE47
:104C8000103A002B40F0B0848DED1F8A632800F2AB
:104C90004281DFE810F0F801F801F8019502950271
:104CA00095028C04750275027502400140014001B5
:104CB00040014001400140014001400140014001EC
:104CC00040014001400140014001400140014001DC
:104CD0004001F80140014001400140014001400114
:104CE00040014001400140014001400140014001BC
:104CF0004001400140016A006A006A006A00400108
:104D00006A00400140016400400140014001F80197
:104D1000A10461026102610261027E0400030003DA
:104D200040015A025A025A025A024001400140010F
:104D3000400140014001400140014001400140016B
:104D4000400140014001400140014001400140015B
:104D50004001400140014001400140016E04494AC8
:104D600092F8602153077FF5A9AE4FF0000A4FF487
:104D700080126070154208BF2A4340F03782154602
:104D8000CDE60022ABF1240B1E92BBF1360F3FF6AD
:104D900095AE01A252F82BF0614B0010BD4A0010F5
:104DA000BD4A0010BD4A0010BD4A0010BD4A0010A7
:104DB000BD4A0010BD4A0010BD4A0010BD4A001097
:104DC000BD4A0010BD4A0010BD4A0010BD4A001087
:104DD000BD4A0010BD4A0010BD4A0010BD4A001077
:104DE000BD4A0010BD4A0010BD4A0010BD4A001067
:104DF000BD4A0010BD4A0010BD4A0010BD4A001057
:104E0000BD4A0010BD4A0010BD4A0010F352001008
:104E1000D9520010C7520010B1520010B554001002
:104E20009B540010BD4A00106154001045540010FE
:104E3000295400100D540010D7530010BD4A001023
:104E4000BB530010E34B0010E1540010CB54001092
:104E5000F7540010A35300104953001035530010AD
:104E6000215300100D530010555500102B55001004
:104E70000D5500100000C07F0000C84280CA180015
:104E80000000C07F286000200120A27208F1030109
:104E900004222081ADF814001AE5482A7FF60EAEF0
:104EA0004FF0010CC349A2F149000CFA00F0014097
:104EB000002940F08B80502A7FF4FDAD9DF87C10D6
:104EC00041F002018DF87C102281002284F83F20FD
:104ED000022218EE103A002B40F0868315EA0203F6
:104EE00008EE103A40F082819A46154317E696F88C
:104EF0008C20DFF8C8B282F0010286F88C20DBF843
:104F0000EC2012B196F88C00904798F80050002DD4
:104F10003FF4A7ACBFE4DFF8A4B2DBF8F820002A26
:104F20003FF4CCAD80B29047824600283FF4C6AD36
:104F3000BDF8742062809DF87E2042F020028DF83A
:104F40007E201F9A16E7A2F136013B2A84F824102E
:104F500001F01A804FF40062BBE7089B002B41F080
:104F600086829DF87C10052A41F002018DF87C10A4
:104F700041F07C8018EE103A1BB10A2B7FF49EADF5
:104F800033222281002284F83F2002220892A5E7E2
:104F90008949097E02297FF491AD603A82F00102CD
:104FA00084F851204FF4005293E7C2F15E02A272DE
:104FB0009DF87C2042F020028DF87C20202288E79A
:104FC000623A84F83D204FF4007282E7089B002B80
:104FD00041F04D8291B23288059B521A18BF0122CE
:104FE00062F34103059302239DF87C2084F83FC0BF
:104FF0001A438DF87C2021811A46089369E7012223
:10500000DFF8B8B186F88C2079E7113AA2739DF8E1
:105010007C2042F004028DF87C20042259E718EE2F
:10502000103A002B41F03F80089B002B41F01F827B
:105030009DF87C101C2A41F0010122708DF87C1033
:1050400041F002840123089318EE103A1A442270AA
:10505000012243E70222AAE718EE103A002B41F0A2
:105060000980089B002B41F0028201239DF87C20DF
:10507000089342F001028DF87C2018EE102A5C3271
:10508000227001222AE7002800F02D87012840F035
:10509000218799F80022910641F13880D9F86C20D7
:1050A000904780F02002C2F34012002A00F06B8289
:1050B00001224FF0000A84F828204FF4004259E6FC
:1050C000A2F11402B2FA82F25209E2729DF87C2037
:1050D00042F040028DF87C204022FAE6A2F1330231
:1050E000B2FA82F20423520984F83E2008934FF466
:1050F0008062EEE6312A00F09C8718EE103A002B11
:1051000040F0A387DFF8B4B0DBF81820002A3FF4A2
:10511000D5AC0122E2734FF48072DFE62649097EA6
:1051200002297FF4CBACA2F10702B2FA82F2520953
:1051300062734FF48042CCE622709DF87C2042F0EE
:1051400001028DF87C200122C3E684F8EC002A4697
:105150004FF0000A1546E2E419F04CFC80077FF599
:10516000ADAC0121084619F003FC00283FF4A6ACC1
:105170009DF874304FF0000A4FF480320993F9E53E
:10518000059B082843F48073059300F09C8609284A
:1051900000F0908699F80A2292077FF58FAC94F878
:1051A00029204FF0000A42F0020284F829204FF42F
:1051B0000022DFE50137010028600020D038002000
:1051C000A0F10401421FB1FA81F118BF012249097F
:1051D00042EA410294F850104FF0000A21F0030116
:1051E0000A4384F850204FF48022C3E51527FFF7C7
:1051F00048BB9DF87C2042F080028DF87C20802204
:1052000067E6D9F81021002A3FF458AC18EE103A9E
:10521000A3F114011E293FF651ACCB4ACA40D20774
:105220007FF54CACC94AA2FB0312D2088A321D9208
:10523000089B002B41F01B8192B22281002284F84E
:105240003F209DF87C2042F002028DF87C209CE6F5
:10525000412218EE103A22709DF87C2042F00102A3
:105260008DF87C20002B7FF429ACDFF8E4B2DBF86A
:105270001C21002A3FF422AC01222FE618EE103A3E
:10528000002BD5D01AE418EE103A002B7FF416ACA0
:105290004FF4805222E619F0ADFB42077FF50EACC9
:1052A0000121002019F064FB00287FF461AF05E4C0
:1052B000D4F8D82084ED157A110600F1F285DDEDE1
:1052C0001C7A8021A9E4D4F8D82084ED217A130730
:1052D00000F1E785082155E4079BD4F8D82043F076
:1052E0001003510784ED297A079300F1DA85042130
:1052F00048E4079BD4F8D82043F0080307939307AA
:1053000084ED287A00F1CD8502213BE4D4F8D82041
:1053100084ED247A130200F1C4854FF4000131E4D6
:10532000D4F8D82084ED237A510200F1BA854FF4E5
:10533000800127E4D4F8D82084ED227A930200F18A
:10534000B0854FF400111DE418EE103A002B40F028
:105350004B81DFF8FCB11D98DBF81820002A00F023
:10536000A385DBF81C209047B0FA80F040090028A4
:1053700041F07D86DDED1C7AF4EE677AF1EE10FAED
:105380006CBF4FF0FF321D9AC4F8D020D4F8D8205B
:1053900012F4801308EE103A40F083854FF4801128
:1053A0003BE4D4F8D82084ED207A110300F179850C
:1053B000DDED1C7A4FF400212FE4BDEEC77AD4F85E
:1053C000D82084ED317A510400F16B85DDED1C7A33
:1053D0004FF4804121E418EE103A002B40F0048194
:1053E000B4EE477AF1EE10FA6CBFFF229DF87420FC
:1053F00084F8D420D4F8D82012F4805308EE103A60
:1054000040F04F854FF48051FFF7BCBB069BD4F8AA
:10541000D82043F004030693530684ED1A7A00F172
:1054200040854021FFF7AEBB069BD4F8D82043F05F
:105430000203910684ED197A069300F1328520214A
:10544000FFF7A0BB069BD4F8D82043F001030693D6
:10545000D30684ED187A00F124851021FFF792BB62
:1054600018EE103A002B40F0BF80B4EE477AF1EE10
:1054700010FA6CBF4FF0FF321D9AC4F8CC20D4F85C
:10548000D82012F4006308EE103A40F00A85DDEDF2
:105490001C7A4FF40061FFF7C0BBD4F8D82084ED2C
:1054A000177A910500F1FD84DDED1C7A4FF400714F
:1054B000FFF7B3BBD4F8D82084ED167AD30500F1FA
:1054C000F0844FF48071FFF75DBBD4F8D82084EDF1
:1054D0001E7A910300F1E5844FF40031FFF752BBCF
:1054E000D4F8D82084ED1D7AD30300F1DA844FF488
:1054F0008031FFF747BBD4F8D82084ED1F7A5303DF
:1055000000F1CF844FF48021FFF73CBB079BD4F818
:10551000D82043F00403510184ED277A079300F16A
:10552000C0844FF08061FFF72DBB079BD4F8D820D3
:1055300043F002030793930184ED267A00F1B184CE
:105540004FF00071FFF71EBB01041040CDCCCCCC56
:10555000D0380020079BD4F8D82043F00103D101B4
:1055600084ED257A079300F19C844FF08071FFF75A
:1055700009BB6322DFF88CB084F82820DBF82021F7
:10558000002A3FF49BAA4FF0000A4FF40042FFF7B5
:10559000F1BB19F02FFA01077FF590AA0021012035
:1055A00019F0E6F9014600287FF4E2AD7AE6D9F871
:1055B000242190478246002840F04984104A127FF7
:1055C000042A3FF4C4ADD9F8E020002A3FF476AABB
:1055D0004FF40032FFF7CEBB01234FF0000A4FF427
:1055E00000320B93FFF7C6BB1727FFF74AB900211C
:1055F00020460CF095FAFFF740B90127FFF741B9B3
:1056000028600020D03800209DF87C30DB0703D5CF
:105610002378412B00F040859DF81C20002A00F0E3
:105620003F85089B002B00F08D8496F890301BB1CD
:10563000089B022B00F0898494F8D9305B0605D5CD
:10564000B64BD4F8C410994200F37285C5F30748ED
:1056500018F02001049200F0D8836188002900F03E
:10566000D483DFF8CCB2AE48DBF8FC10D4F8D8A075
:1056700088470D901D90002840F0F686D4F8D81089
:105680008AEA010AA7491AEA010107D0080E049A1A
:1056900040EA8101C9B222EA010307931AF4007FAC
:1056A00018BF0021069BCAF3021223EA0203CAF3C1
:1056B000072216BF94ED179A9FED9B9AE16511069C
:1056C000069305D50022D4F8C830C4F8C8200D933D
:1056D0001AF4002F18BF0021CAF3074216BF94ED39
:1056E000208A9FED918AC4F8801012F0100200F019
:1056F000C1860022D4F8D030C4F8D0200F93BDF872
:10570000142002F0010312F001010C9300F08583D4
:1057100094F8D920920740F15B85E17A94F8D8207B
:1057200039B1D4ED177A9FED817A67EE877AC4EDAF
:10573000177AD1073AD594F8DA20120700F15E8380
:10574000AB07EAB20BD52189212900F0578340F23B
:105750004B10814200F052834C2900F04F83910698
:1057600003D5A27A022A00F04983C5F30723AA04CD
:10577000049308F0040100F1418318F0100F0A4669
:1057800003D06078332800F03983002A00F0AD831D
:10579000D4F8C020531CC0F2CE84002A00F3CB847E
:1057A00094F8D82022F0010284F8D820A27A022AA4
:1057B00000F09F83C5F30723AA04049300F1A88394
:1057C0000A9B002B00F013850A9B94F8DA105A7894
:1057D0000B0784F8512040F1AB83012A00F05B866F
:1057E000012312930B9B94F8DA20002B00F0B58371
:1057F000920742F17884A06F08F074FC00283FF40F
:10580000F3AEDFF82CB1D4ED1E7ADBF81820002AB5
:1058100000F0A587FDEEE77ADBF81C2017EE900A72
:105820009047B0FA80F04009002841F02084D4ED80
:105830001E7AFCEEE77AC4ED347A94F8DA1060F35D
:10584000410184F8DA1018F0010F3ED0099B002BBB
:105850003BD0422B01F0878501F2C483A3F13E02C5
:10586000D2B2032A31D894F8DA20D00742F13B842F
:10587000D4ED1D8AF5EEC08AF1EE10FA3FF5D2A9FB
:105880000121084619F074F8FCEEE88A18EE903A07
:10589000834280F05084D4ED1D7AFCEEE77A012239
:1058A00017EE901A099B84F8DC203E2B84F8DD105B
:1058B00003D0A3F140014A424A41C4F8E02094F8E1
:1058C000DA2022F0010284F8DA2018F0040F00F048
:1058D000048494F85020910706D50A9BDA68927ADE
:1058E00012F00A0F3FF4EAA818F0100F28D094F82D
:1058F000DA30DA0700F1C1854FF07E5363676378D1
:10590000303B082B1CD8DFE813F015005002400292
:1059100069021B0059021B001B002A028096980096
:10592000D046002006000007000000003333CB41C2
:10593000D038002094F83C3023F0050384F83C3044
:105940002378042B00F0FA83A37B0E93002B00F046
:105950004684012B00F07F85002202231192012250
:1059600014930E9210931393E37A002B41D0B64B0D
:105970009DF81C1093F83D21CBB2C90609D5D1067C
:1059800007D4D4ED297A9FEDB17A67EE877AC4ED1A
:10599000297A190709D5110707D4D4ED287A9FED84
:1059A000AB7A67EE877AC4ED287A590709D5510793
:1059B00007D4D4ED277A9FEDA57A67EE877AC4EDF8
:1059C000277A990709D5910707D4D4ED267A9FED58
:1059D0009F7A67EE877AC4ED267AD90709D5D3076F
:1059E00007D4D4ED257A9FED997A67EE877AC4EDD6
:1059F000257A049A7379510607D5627B9A4204D0BE
:105A00000820727116F050FA737953B1079BD907C9
:105A100007D5D4ED257AB6EE007A67EE877AC4ED25
:105A2000257A089B042B00F0EE8396F83620002A96
:105A300055D0227B9DF81C30002A40F0BD86D90647
:105A40000DD5DFF8188294ED297AD8ED047AD8EDD7
:105A5000096A37EE677AE7EE267AC4ED297A1A07E3
:105A60000DD5DFF8F88194ED287AD8ED037AD8EDDA
:105A7000086A37EE677AE7EE267AC4ED287A590786
:105A80000DD5DFF8D88194ED277AD8ED027AD8EDDC
:105A9000076A37EE677AE7EE267AC4ED277A9A0727
:105AA0000DD5DFF8B88194ED267AD8ED017AD8EDDE
:105AB000066A37EE677AE7EE267AC4ED267AD907CA
:105AC0000DD5DFF8988194ED257AD8ED007AD8EDE0
:105AD000056A37EE677AE7EE267AC4ED257A049BED
:105AE000DB072CD5E37B022B01F0C482032B01F0F2
:105AF000AD82012B23D1DFF868B1DBF81830002B21
:105B00003EF4DCAF94F8D9301B0741F14885D4F856
:105B1000CC0040B94C4B93F8D03159075CBFD4F856
:105B2000D000C4F8CC00DBF81C309847002801F006
:105B30009E8294F8D93023F0080384F8D930049B6E
:105B40001B070AD594F82400337F834205D04049CF
:105B500010F068FC002802F0C48323789DF81C80B4
:105B60000A2B00F00C855C2B00F0AC84B8F1000F20
:105B700040F075862289023A92B2012A41F20385E9
:105B8000352B01F0B48441F25E83412B41F06A87EA
:105B900094F8DA30D80742F1A682DFED2E7A94ED40
:105BA0001D7AB4EEE77AF1EE10FA00F3C48218F031
:105BB00001F94FF48A7303FB006018F063F80028C2
:105BC00002F02185002394F8DA2063F3000284F8C0
:105BD000DA20D4F8D8208DF81C305208C4F8D82028
:105BE000002A41D04FF00108DFF878B01A4BD107F6
:105BF00008D45208D10708F10108C4F8D8200BF1E5
:105C0000080BF6D5DBF80810A1B19BF80C000228B0
:105C100001F0268504280DD1096801201A6800FAD0
:105C200008F002431FFA88F01A6017F057FAD4F808
:105C3000D820094B520808F10108C4F8D8200BF10C
:105C4000080B002AD3D10FE0286000203333CB416A
:105C5000E046002000FF7F47CC460020442900207A
:105C6000D038002070DF0210B4F808B0BBF1500F3C
:105C700000F018859046089B022B01F061820C9B76
:105C800003F0FF082BB994F8DA3023F0180384F8F6
:105C9000DA3094F8D93023F0420384F8D930089BE5
:105CA000002B40F062840023D4F8D8100893002918
:105CB00042F0918428AB28221846049320F0E4F99E
:105CC000A94B9DF8B520069393F8C930B3FA83F336
:105CD0005B0963F3410263F382028DF8B52096F805
:105CE00093308DF8B930B8F1000F00F0638635F0CD
:105CF000490341F0AF832378352B02D0002B41F0CC
:105D0000A98396F82120994B96F88F6029AD8DF8DC
:105D1000B6200FCB85E80F00002E41F0318494F8B7
:105D20002C3013F0020303D0A36B9B7AC3F3C003A0
:105D30009DF8B440049863F3C7148D4A8D498DF8DB
:105D4000B44007F0ADFC074600287EF49AAD884CBD
:105D5000894D0FCD0FC42B682360FEF792BD874B92
:105D600093F8603159077FF5EBADD4ED1D7AF5EE70
:105D7000407AF1EE10FA0CBF0122002294F83C3078
:105D800062F3C30384F83C30DAE5D4ED1D7AF5EE16
:105D9000407AF1EE10FA0CBF0122002294F83C3058
:105DA00062F3000384F83C30CAE594F83C3023F0F9
:105DB000050343F0050384F83C30C1E5D4ED1D7ABA
:105DC000F5EE407AF1EE10FA0CBF0122002294F8B1
:105DD0003C3062F3410384F83C30B1E5D4ED1D7AE8
:105DE000F5EE407AF1EE10FA0CBF0122002294F891
:105DF0003C3062F3820384F83C30A1E5D4F8C02043
:105E0000002ABFF6CAACFEF70DBF9FED5D8A8A4639
:105E1000B0EE489A0F910D9171E42289212A00F089
:105E20006C81A17A012900F0C88111F0FD0F40F0CA
:105E30005D8194F8D90094F8D820830700F1FB84A1
:105E4000B07888427FF475ACB16EE16571E40228E8
:105E50007EF434AED9F820214FF0000A002A7FF4F6
:105E6000B7ABFEF72BBEDFF81CB186F88C700AF0DA
:105E700013F90820DBF80C209047DBF85040002C89
:105E80003FF43DA821F010F90146A1F10201B1FA59
:105E900081F1FF204909A047FFF731B80227FEF73B
:105EA000F0BC1927FEF7EDBCC00FFFF760BA07463C
:105EB000FEF7E7BC002284F829204FF0000A4FF4D7
:105EC0000022FEF757BF94F8292042F0010284F81F
:105ED0002920F2E7C0B24FF0000A4FF4004284F8E4
:105EE0002800FEF747BF0320F5E7A27A022A7FF4D5
:105EF00067AC0A9B002B3EF4E1ADDA68D26B002A56
:105F00003EF4DCADC5F30723A90404937FF55CAC34
:105F100094F851200A9B012A00F023815978012925
:105F200000F028845A7094F8DA100B073FF558AC4B
:105F30000A9B002A40F04F819A680023C4F8802011
:105F400012934FE496F890301BB1059BD90740F1AE
:105F5000FC8402230893FFF76FBBD3065CBFD6F81F
:105F60008820C4F8D0206EE4E03C0020FC460020ED
:105F700030480020D04600206447002028600020E0
:105F800000000000D038002018EE103A1E2B3EF61C
:105F900095AD01A252F823F02B600010BD4A00100D
:105FA000BD4A0010BD4A0010BD4A0010BD4A001095
:105FB000BD4A0010BD4A0010BD4A0010BD4A001085
:105FC00015600010BD4A0010BD4A0010BD4A001007
:105FD000BD4A0010BD4A0010BD4A0010BD4A001065
:105FE000BD4A0010BD4A001015600010BD4A0010E7
:105FF000BD4A0010BD4A0010BD4A0010BD4A001045
:10600000BD4A0010BD4A0010BD4A0010BD4A001034
:1060100015600010BD4AA2FB0312D208053284F8B5
:1060200024204FF40062FEF759BF4FF40062FEF7E0
:1060300055BF0022E2734FF48072FEF74FBF8246D5
:106040001E9008900B90FEF7D1BD142B67D00A2B41
:106050007EF434AD089B002B40F00982022203231A
:10606000E27308934FF48072FEF738BF022308935F
:10607000FEF72ABF5C2222709DF87C201E2B42F086
:1060800001028DF87C203EF619ADA14ADA40D10715
:106090007EF514ADFEF7F1BFCDF818B08DF81CB049
:1060A0000022FFF7C2BA9DF87C101C2A41F00101C2
:1060B00022708DF87C1002D01E2A7FF495AA18EE6B
:1060C000103A0A2B3EF4C0AFFEF7F8BC5A46CDE9B1
:1060D00008BBCDF82CB0FFF7AFBA0A9B002B3FF4FA
:1060E00003AC1A7884F85020FFF7FEBB94F8D82050
:1060F000D3077FF55FABFFF71EBB94F8D82053069C
:1061000000F1CC81F16EE166FFF713BB814A127A90
:10611000C2F3801282F00102D2B2FEF7C6BFDFF8EE
:10612000FCB1DBF81820002A3EF4C8AC032281E75A
:106130001B27FEF7A6BB2727FEF7A3BB94F8DA3090
:10614000DA0741F1D087D4ED1D7AF5EEC07AF1EE91
:1061500010FA3EF567AD23F0010384F8DA30FFF75B
:10616000F3BBDA68917ACB077EF5A8AC94F8DA1025
:10617000080741F1B88794F9D81092ED067A002902
:106180005068C1F2DD8080ED077A01210A9B5970C9
:1061900094F8DA1009071FD5E17AD4ED207A0029A6
:1061A00000F05A839FED5C7A67EE877A5268C4EDFF
:1061B000207AC2ED047AFFF713BB089B022B95D11E
:1061C000502A93D0002A91D094F8D92092078DD4E8
:1061D0001627FEF756BBDA685268D269ADE601238E
:1061E00002221493CDE910321393FFF7BDBB94F84C
:1061F000DA20C2F3C003110712937FF5F3AA0A9BBA
:106200005A78FFF7EABA94F83E30002B00F03A874C
:1062100000239DF81CB084F83E30BBF1000F02F063
:1062200081801BF010037DD1DFF8F48098ED047AB3
:10623000F7EE007AB4EE677AF1EE10FA14BF01229D
:1062400000221BF0080F84F83E2040F0EB80002A6B
:1062500040F08B8098ED037AF7EE007AB4EE677A1F
:10626000F1EE10FA14BF012200221BF0040F84F893
:106270003E2040F0BE80002A7DD198ED027AF7EEF4
:10628000007AB4EE677AF1EE10FA14BF0122002210
:106290001BF0020F84F83E2040F09280002A70D15B
:1062A00098ED017AF7EE007AB4EE677AF1EE10FA23
:1062B00014BF012200221BF0010F84F83E2067D199
:1062C000002A41F0998098ED007AF7EE007AB4EE5A
:1062D000677AF1EE10FAD4F8D82096F8361022F04A
:1062E000E06222F00602C4F8D82014BF0122002286
:1062F0005140194384F83E2086F836203FF497AB8E
:10630000022015F0D1FDFFF790BB00BFCDCCCCCC67
:1063100001041040E03C002066669843D03800201D
:1063200044290020DFF88884D4ED297A98ED097A91
:10633000B4EE677AF1EE10FA14BF012300230BF0DC
:10634000EF0202208DF81C2016921593C8ED097AF1
:1063500015F0AAFDDDE9153294F83E10002901F090
:10636000B4821BF0080F93465CD101221BF0040F8E
:1063700084F83E203DD101221BF0020F84F83E201C
:106380001ED101221BF0010F84F83E2001F0348061
:10639000D4ED257A98ED057AB4EE677AF1EE10FA2D
:1063A00018BF43F001030BF0FE0202200792159381
:1063B000C8ED057A15F078FD94F83E20159B7FE72F
:1063C000D4ED267A98ED067AB4EE677AF1EE10FAFB
:1063D00018BF43F0010302200BF0FD0B1593C8ED2D
:1063E000067A8DF81CB015F05FFD94F83E20159BE1
:1063F00054E7D4ED277A98ED077AB4EE677AF1EE98
:1064000010FA18BF43F0010302200BF0FB0B1593A9
:10641000C8ED077A8DF81CB015F046FD94F83E20C3
:10642000159B28E7D4ED287A98ED087AB4EE677AC0
:10643000F1EE10FA18BF43F0010302200BF0F70B46
:106440001593C8ED087A8DF81CB015F02DFD94F861
:106450003E20159BFBE60222119300230E9213931C
:1064600014931093FFF780BA0746FEF70ABA18276D
:10647000FEF707BA0F92FFF742B9D4ED1D7AF5EE99
:10648000C07AF1EE10FA3EF5CDAB23F0010384F8AB
:10649000DA30FFF734BA0A9BDA687DE661F38612D8
:1064A00084F8D820E27AD4ED1A7A2AB19FEDBC7A2A
:1064B00067EE877AC4ED1A7AC4ED1B7A94F8D82077
:1064C000FFF737B9B8F1000F01F02C8718F0100F63
:1064D00040F02687D6ED3E7A18F0080FC4ED297AF1
:1064E00040F00E87D6ED3D7A18F0040FC4ED287AFF
:1064F00040F0F686D6ED3C7A18F0020FC4ED277A0C
:1065000040F0DE86D6ED3B7A18F0010FC4ED267A16
:1065100000F0C086D6ED1C7A94ED046AD4ED256AAD
:1065200077EEC67A96ED3F7A77EEE67A77EEC77A1F
:10653000C4ED257AB4F808B0BBF1500F7FF49BABE3
:10654000089B012B41F06A82002384F83D300C9BAC
:1065500003F0FF08002B41F01382D4F8D83023F465
:10656000C21323F40073C4F8D830D4F8D81021F043
:10657000E06121F00601C4F8D810FFF798BBB8F12C
:10658000000F09D194F8D430142B01F0CB8694F885
:10659000DA30580741F1C686D4F8D83013F4883F72
:1065A00001F0A185D4ED1D7AF5EEC07AF1EE10FA76
:1065B0003EF538ABF6EEE77AFCEEE77ACDED047AFD
:1065C00094F8D4309DF81020013B132B3EF676AAA8
:1065D00001A151F823F000BF29660010AF6600103A
:1065E000BD4A0010BD4A0010BD4A0010BD4A00104F
:1065F000BD4A0010BD4A0010BD4A001029660010B7
:1066000029660010BD4A0010BD4A0010BD4A0010A6
:10661000BD4A0010BD4A0010BD4A0010BD4A00101E
:10662000BD4A0010B9660010DFF888B1DBF81830F9
:10663000002B3EF443AADBF81C3010460492984726
:106640000346002800F0138594F8DA10049A11F03C
:10665000040F07D0E16F416194F8DA1021F00401D2
:1066600084F8DA1094F8D4100B2901F02F8694F8EE
:10667000D410012901F0F7850A460A39C9B2012967
:1066800041F2A784D4F8D83023F48833C4F8D83042
:10669000B4F808B0BBF1500F7FF4EDAAB8F1000FC9
:1066A0007FF44EAF002384F83D30FFF7E8BA94F84A
:1066B000DA3059073EF502AA092A01F2FF83002ABF
:1066C00041F0AF8194F82400364984F8BC000FF003
:1066D000A9FE002801F00586334B93F858314BB1E1
:1066E00094F8BC20063AD1B2022903D8D340DB0784
:1066F00001F1B68594F8D430142B01F0E28318F040
:10670000100F1CBFD4F8A430C4F8B83018F0080F2C
:106710001CBFD4F8A030C4F8B43018F0040F1CBF6C
:10672000D4F89C30C4F8B03018F0020F1CBFD4F875
:106730009830C4F8AC3018F0010FA3D0D4F89430DE
:10674000B4F808B0C4F8A830D4F8D830BBF1500F72
:1067500023F48833C4F8D8307FF48DAAF0E69FED97
:10676000137AF4EEC77AF1EE10FACCBF01200020C4
:10677000FFF75AB85A681AB100225A6009F08CFC27
:106780000A9BDA68526812689A6094F851205A702D
:1067900094F8DA1009073FF520A8FFF7C9BB00BF3E
:1067A0003333CB4178470020286000200000004FA1
:1067B00044290020D0380020DA0609D5DFF86083AC
:1067C00094ED297AD8ED097A67EE877AC4ED297AB3
:1067D000190709D5DFF8488394ED287AD8ED087AAF
:1067E00067EE877AC4ED287A5A0709D5DFF8308337
:1067F00094ED277AD8ED077A67EE877AC4ED277A89
:10680000990709D5DFF8188394ED267AD8ED067A32
:1068100067EE877AC4ED267ADA077FF560A9DFF89C
:106820000083D4ED257A98ED057A67EE877AC4ED7A
:10683000257AFFF754B9E17A00293EF47AAFFEF7E2
:1068400070BF1F46FEF71DB81E2A3EF4FBAB0123A6
:106850001A460893FEF742BB9FEDAE7AA4E4089A6D
:10686000032A00F0E985352B00F02686227B002ADA
:1068700040F0AA8418F0100F01F04580D6ED3E7A62
:1068800094ED086AD6ED436A77EE867A94ED297A1C
:1068900077EEA67A77EE877A18F0080FC4ED297A9A
:1068A00001F00B80D6ED3D7A94ED076AD6ED426A91
:1068B00077EE867A94ED287A77EEA67A77EE877A65
:1068C00018F0040FC4ED287A00F0F387D6ED3C7A77
:1068D00094ED066AD6ED416A77EE867A94ED277AD2
:1068E00077EEA67A77EE877A18F0020FC4ED277A52
:1068F00000F0E787D6ED3B7A94ED056AD6ED406A65
:1069000077EE867A94ED267A77EEA67A77EE877A16
:1069100018F0010FC4ED267A00F08385D6ED3A7A9F
:1069200094ED046AD6ED3F6A77EE867A94ED257A87
:1069300077EEA67A77EE877A352BC4ED257A40F28A
:106940008284412B3FF424A9F4E52827FDF799BF61
:10695000059B03F00103B8F1000F40F0C787002B3F
:1069600041F0E282D4F8D83023F4C21323F4007348
:106970009846C4F8D830002B41F02D8628AB282249
:106980001846414604931FF07FFB634B9DF8B520EA
:10699000069393F8C930CDF82080B3FA83F35B09EE
:1069A00063F3410263F382028DF8B52096F89330C9
:1069B0008DF8B9300A9B3BB3DB689B7A190723D566
:1069C00023895A1E022A07D9052B05D0332B03D061
:1069D000059B43F0400305939DF81C301BB1089BB9
:1069E000022B01F08A830A9B1B7803F00302012A21
:1069F00000F0AF8713F0020304D0059B83F040033F
:106A0000C3F3801386F88F30D4F8C430C6F88430CE
:106A10002F9320F049FBDDF868800C90B8F1000F4F
:106A20000CD002280AD0404620F018F901301DF0A1
:106A3000F5FD309010B1414620F038F8A37A012BD3
:106A4000B37005D19DF8B43043F020038DF8B43015
:106A5000E36D0A9AB36628935378012B00F05085B2
:106A6000D2ED027A94ED207AF4EE477AF1EE10FA44
:106A70009DF81430109301D19A060BD50A9A137819
:106A8000DB0703D5109B180641F1E581D4F880306F
:106A90000A9A9360109B580640F1E9840023D4F8C9
:106AA000D0002B93D6F88830834224D00C9BC6F8B4
:106AB0008800022B1FD0FDF767FA0B9B8046002B46
:106AC00040F06D8799F8FA31990700F16387134B0D
:106AD0001B7F042B00F06387D9F8E030002B00F017
:106AE0005987D9F81C31002B01F00F830B9A4046CF
:106AF00082F001019847099B1BB33E3B062B20D82F
:106B0000DFE813F06D026D0210001000CB096D027A
:106B1000BF0900BF00007A44E03C0020286000204C
:106B200044290020D4ED387AF8EEE77AF5EE407A81
:106B3000F1EE10FA94F8DD0014BF0121002118F0E5
:106B40003DF8AA034ED50B9B002B4BD10C9A022A81
:106B500048D0D6F88800FDF717FA804609F09CFA6D
:106B6000309818B1FDF736FD0B9B3093D6F81031F5
:106B7000D8F818209B699A4234D0DFF8C8B2DBF805
:106B8000CC306BB10A9A40461278099298470A9A1B
:106B90001378099A93421CBF84F8503045F480253D
:106BA000D9F82031002B01F04783A54898471D9064
:106BB00000287FF47CA9802015F076F9DBF81830E6
:106BC000002B01F01F83C6F81081DBF8D0304BB1E9
:106BD00020F06AFAB0F5007F04D0DBF8D030D6F8A8
:106BE00010019847C5F3074309936B0340F1658390
:106BF0000A9894F8501003788B4200F04F83DFF826
:106C000044B2DBF84080B8F1000F03D043782B9AF0
:106C1000C068C0470A9B2B9A94F85010D86811F0AE
:106C2000DBF8002800F03E830A9894F85010C26800
:106C300053681972034601702C927366596818687C
:106C400029AB03C30A999DF8B42096F88F300978D0
:106C500063F3C7128DF8B4208DF8A4100BB196F829
:106C60008E309DF8B52063F300028DF8B52094F8BE
:106C7000EC10A1F14603032B11D8DFE813F0040058
:106C8000AD01AA010400A1F149004142B36E4141A6
:106C90006B48736416F098FF002801F0EB86059BA3
:106CA000DA050CD596F8213094F82900834206D0F5
:106CB000FCF7EEFB18B194F8293086F82130002358
:106CC000069A82F8203096F821308DF8B630C5F358
:106CD0000743DB0628D596F8342094F83C309A42D6
:106CE00022D00A9986F83430CB68A3B1596896F857
:106CF00034200B7AC2F38002C3F3001090420AD012
:106D000062F304130B720A990B7862F304130B708D
:106D1000002A41F0B88696F83430D80701F1AD86E4
:106D200096F8340006F0A6FE6388E3B10C9B022BB4
:106D300019D02379002B40F03D870D9B84ED179AE5
:106D4000C4F8C8300F9B84ED208AC4F8D0303D4B86
:106D5000C4F8D8A0D3F8008120F0A6F93A49C0477A
:106D60000023C4F8D8302378042B00F02787A37BB6
:106D7000E905B371E37AF37014D5E37BF37103F0A3
:106D8000FD03012B00F01A840022F379002B00F0A0
:106D9000A884012B01F04787022B01F02687032BE3
:106DA00001F09E86327F94F824309A420FD0274D0E
:106DB000DFF89CC0BCE80F000FC59CE8030085E825
:106DC00003004FF4007015F06FF814F089FF94F889
:106DD0003D30227B86F8353023783271412B00F22A
:106DE000F5831B2B40F297841C3B252B3BD8DFE817
:106DF00013F01E073A004A073A003A003A003A00F8
:106E00003A003A003A0018073A0012073A003A00EE
:106E10003A003A003A003A003A003A003A003A00A2
:106E20003A003A003A003A003A003A003A003A0092
:106E30003A003A003A003A003A003A00F30600BF3E
:106E4000C0470020D0380020D0460020C84700208E
:106E5000E046002001230B20B24986F8E4300FF011
:106E6000E1FAFDF771F8208994F83F30502830801E
:106E700086F8373003D0089B022B00F06E843098E0
:106E800008B1FDF7A7FB94F8283086F820302BB91D
:106E9000069B93F90830002BBDF6F3AC09F0FCF823
:106EA00096F82030632B00F0FD84032B00F0D6848D
:106EB00094F82830012B00F0C2843C2B01F0C786E7
:106EC000069A92F90820002AC0F2B9840C9A022A84
:106ED00002D01E2B01F0C186012200233280327FB6
:106EE00084F83F3086F88C30B3713371B370002A68
:106EF00041F08F810024326BB484526896F83430AC
:106F0000107A894923F0050364F3041086F83430BD
:106F100086F8214091F86031B462107291F85021E6
:106F200003F00105900741F15D8164210A9AD2685E
:106F30005268D16055B103F00603991F96F83420CA
:106F40004B424B4163F3C30286F834206423069915
:106F500096F83420C1E904334A770C9B022B22D0E7
:106F60007249307F0FF05EFA002801F0BA810B20E1
:106F700022A90FF057FA38B114226A4922A81FF04B
:106F800055F8002841F0A58414F0AAFE11F046F847
:106F9000D9F8743096F821009847102014F084FF37
:106FA000202014F081FFDFF890B1DBF8503033B1CE
:106FB0000C9A96F82000023A5142514198475C4B96
:106FC0001868002801F08B8484681DF04FFB204670
:106FD000F7E716F041FE62E616F020FE5FE6FCF7EA
:106FE000F3FFAEE5A3F14302D2B2012A3EF66DAC47
:106FF0005049D4F8D820114201F07580D4ED167AAA
:10700000FCEEE77A0121002017EE90BA17F0B0FCF1
:10701000834581F0E78594ED167A0022BCEEC77AAD
:10702000D4ED1E7A84F8DC2017EE102AFDEEE77A04
:1070300084F8DD20D4F8D820C4ED387A22F4003268
:1070400022F48072C4F8D820FEF73FBCDFF8E8B025
:10705000DBF81830002B3DF431AD94F8D9301A0725
:1070600041F14180D4F8CC0000287EF45CAD2627A5
:10707000FDF707BC9DF81C30002B7EF460AD252782
:10708000FDF7FFBBDFF8B480F7EE007AD8ED096AB0
:10709000F4EE676A98ED087AF1EE10FAB4EE677ACA
:1070A00098ED077AF7EE007A14BF01230023F1EE82
:1070B00010FAB4EE677A98ED067AF7EE007A4FEAA6
:1070C000430318BF43F00103F1EE10FAB4EE677A00
:1070D0004FEA43031CBF43F00103DBB2F1EE10FAA9
:1070E00098ED057A00F0C781B4EE677AF1EE10FAF8
:1070F00001F0B1844FF07E520023C8F82420C8F874
:107100000030C8F82020C8F81C20C8F81820C8F89B
:107110001420C8E90133C8E9033386F83630FFF795
:10712000EFB800BFA848002028600020C847002012
:107130007C4F002000010200D038002044290020AC
:10714000B6F800C0059ABCEB0B0318BF012363F32C
:1071500049221346ADF81420BBF1000F3FF4F9AB00
:1071600094F83F200AB984F83D2094F85130012B5F
:1071700000F02087BBF1210F00F0C983BBF14C0F59
:1071800001F05482D4ED177AF5EE407AF1EE10FA60
:107190003FF41EA8002A40F06D84BBF1050F01F2F8
:1071A0008F840BF1FF3BBBF1040F00F2C58301A3F9
:1071B00053F82BF0516900102B830010338300101B
:1071C00039790010EF88001018F0100F18BF94EDF7
:1071D000297AD6ED207A18BF77EE877A18F0080F53
:1071E00018BF94ED287AC4ED297AD6ED1F7A18BF1E
:1071F00077EE877A18F0040F18BF94ED277AC4ED64
:10720000287AD6ED1E7A18BF77EE877A18F0020F2B
:1072100018BF94ED267AC4ED277AD6ED1D7A18BFF3
:1072200077EE877A18F0010FC4ED267A00F0F98026
:1072300094ED257AD6ED1C7A77EE877A352BC4ED5E
:10724000257A3FF67EAB03F0FD021C2A7FF420AACC
:107250001C2B14BF0A200920D4490FF0E3F80028A2
:1072600001F03F80B8F1000F40F0838622899DF83D
:107270003030502A08BF84F83D80002B40F05486FF
:10728000D4F8D83023F4C21323F40073C4F8D830F0
:10729000FEF709BDD6ED3A7AFFF74AB9129B63B102
:1072A000DFF814B3DBF84080B8F1000F05D00A987E
:1072B0002B9A43780178C068C0470A9BDA68BBE420
:1072C000D6ED1D7A94ED056AD4ED266A77EEC67A7E
:1072D00096ED407A77EEE67A77EEC77AFFF714B943
:1072E000D6ED1E7A94ED066AD4ED276A77EEC67A5B
:1072F00096ED417A77EEE67A77EEC77AFFF7FCB83B
:10730000D6ED1F7A94ED076AD4ED286A77EEC67A37
:1073100096ED427A77EEE67A77EEC77AFFF7E4B831
:10732000D6ED207A94ED086AD4ED296A77EEC67A14
:1073300096ED437A77EEE67A77EEC77AFFF7CCB828
:10734000D4ED157AF4EEC77AF1EE10FA58BFF0EEEC
:10735000477A94F8D810C0ED077A21F0800184F8BC
:10736000D810FEF712BFD4F8D81011F4043F00F083
:10737000BA868F4A8A4300F0B98694F8D420042A4A
:107380003EF6D9AE3AB1D4ED1E7AF5EE407AF1EE82
:1073900010FA3EF4D0AE94F8DA20D2071DD5D4ED21
:1073A0001D8AF5EEC08AF1EE10FA3DF53BAC0021E6
:1073B000012017F0DDFAFCEEE88A18EE903A8342DD
:1073C000BEF4B9AED4ED1D7A0122FCEEE77A84F862
:1073D000DC2017EE902A84F8DD2094F8D920D3071A
:1073E00000F12383D4F8D82022F4443222F48072AE
:1073F000C4F8D820FEF769BA0121D4F8D82084F85F
:107400003E1022F0E06222F00602C4F8D82096F87E
:10741000362086F836104A401A433EF40AABFEF78F
:107420006FBF326F352BC4F894207FF60CAF412B21
:107430003EF4AEABFFF72CB9352B00F0D9827FF6C6
:1074400002AF412B3EF4A4AB2389502B7EF417AC42
:10745000FFF724B91027FDF714BA0A9BD4F880204F
:10746000197810F039FCD4F880300A9A9360D4F877
:107470008030FFF714BBB4EE677AF1EE10FA4FEAF2
:107480008303DBB27FF436AE0022C8ED097AC8ED83
:10749000087AC8ED077AC8ED067AC8ED057AC8E91A
:1074A0000022C8E90222C8F8102086F83620002BF6
:1074B0003EF415ABFEF724BF18F0100F6AD018F099
:1074C000080F04BFF36FC4F8A03018F0040F04BF16
:1074D000B36FC4F89C3018F0020F04BF736FC4F888
:1074E000983018F0010F02D1336FC4F89430B4F81B
:1074F00008B0BBF1010F7EF6BEAB1E27FDF7C1B988
:107500002389502B00F09984002B00F09684109B67
:10751000149906EB8303D3ED1C7A06EB810393EDFC
:10752000027AD3ED3A5A93ED3F6A37EE257A37EE79
:10753000067A77EEC77AF5EEC07AF1EE10FA0A987D
:10754000C268536803F11002D3ED076A426083ED0D
:10755000087A59620DD99FED177A93ED046A67EEA8
:10756000877A86EE277AB4EEE67AF1EE10FA76FEA6
:10757000876A0A9BC4ED206AD3ED027AFFF772BADC
:107580000123FEF7D5BB089A032A3FF455AF352BEC
:107590007FF46CA9D6F88030C4F8A4308FE7D4F813
:1075A000D030C4F8CC30FEF7CABA00BF784700200C
:1075B00000010100DB0FC940D0380020AE4BD4F8E9
:1075C000CC00DB6998470246FFF7DFBB5C3BDAB2D1
:1075D0001E2A3FF648AC1E2B3FF645AC01A252F8DE
:1075E00023F000BFBB760010676E0010676E0010BE
:1075F000676E0010676E0010676E0010676E0010F7
:10760000676E0010676E0010676E00108F760010B6
:10761000676E0010676E0010676E0010676E0010D6
:10762000676E0010676E0010676E0010676E0010C6
:10763000676E001073760010676E0010676E0010A2
:10764000676E0010676E0010676E0010676E0010A6
:10765000676E0010676E0010676E0010556E0010A8
:10766000096807EE901AF8EE677A17EE901AFEF79F
:10767000D4BA0023814AC6F8E83086F8E430C2E97B
:107680000133C2E90333FCF75FFCFFF7ECBB0023D7
:107690007B4AC6F8E83092F85111784A8807C2E967
:1076A0000133C2E9033386F8E4303FF5DAAB0B204F
:1076B00072490EF099FEFFF7D4BB01236F4DDFF83E
:1076C000DCC186F8E4306E4B93F851E1BCE80F0062
:1076D0000FC5DCF800301EF0020F2B607FF4C1AB49
:1076E000E5E705210020674A72ED017AF5EE407A60
:1076F000F1EE10FA18BF43F0010301391060F3D125
:10770000002B3FF44FAB4FF4806014F0CDFB14F02E
:10771000E7FAFFF747BB0A2B7FF4A5AB94F8D43008
:10772000022B02D0142B7FF49EAB574994F8BC0077
:107730000EF05AFE327F94F8BC309A427FF493AB3D
:10774000DFF85CC1504D0FCDACE80F002B68CCF8D2
:10775000003014F0C5FAFFF786BB4C4D53282B6858
:10776000319300F2C685532855D8DFE810F0940B0A
:107770008C0B5D0B5D0B5400220B54005400540025
:107780005400540054005400540054005400540059
:107790005400540054005400540054005400540049
:1077A0005400540054005400540054005400540039
:1077B000010B540054005400540054005400540071
:1077C0005400540054005400540054005400540019
:1077D00054005400C20A5400540054005400540091
:1077E00054005400540054005400540054005400F9
:1077F00054005400540054005400540054005400E9
:10780000A10A540054007E0A54005400540054004D
:10781000A10AA10AA10A0020319A069B2A605A787F
:10782000002A7FF42CAB002800F0E28601287FF4C8
:1078300026AB1749174814F073FAFFF720BB0C9BCF
:10784000022B06D00821D9F840301348984708F099
:10785000BDF8002386F82030FDF713B80C9B022BEF
:10786000F7D094F828303C2BECD1D9F8DC31002B40
:10787000E8D09847E6E700BFD0380020A8480020AD
:1078800028600020D0480020784700207C4F00204E
:10789000943D002030480020243D00206447002013
:1078A000C8470020C84BD3F82031002BD1D09847CF
:1078B000CFE7D6ED1E7AFFF717B8D6ED1F7AFEF7A1
:1078C000FFBFD6ED1D7AFFF723B89346FEF7AEBC97
:1078D00037EE677A03F00102BBF1550F134686EDD0
:1078E000157A40F0C283002286F860203BBBD4F8B2
:1078F000D8304FF0000823F4C21323F40073C4F807
:10790000D830FEF732BED6ED207AFEF7C5BF0A9B0F
:10791000DB68DB6B002B3DF4D1A8D4ED1B7AF5EED0
:10792000407AF1EE10FA3EF406AC059B43F02003DA
:107930000593002A40F09E80059BDA07D7D594F87E
:10794000D9304FF0010823F0420384F8D930FEF714
:107950000CBE32880599501E022801F0400140F209
:107960003D86052A00F03A86332A00F03786002942
:107970007FF440A8059A42F020020592FFF73AB83A
:1079800094F8D930CDF8208023F0420384F8D93020
:10799000FEF7EBBDD9F82031002B7FF4A2A8DFF869
:1079A00028B2DBF81830EBB1C6F81081DBF8CC3028
:1079B0006BB10A9A40461278149298470A9A137843
:1079C000149A93421CBF84F8503045F48025DBF8AC
:1079D000D03013B1D6F810019847802014F064FA23
:1079E000FFF77FB8D8F81820D6F810319A61DDE794
:1079F0002389012B3FF681AD0C9B03F0FF08002B80
:107A000040F05D87D4F8D83023F4C21323F4007318
:107A1000C4F8D83003230893FEF7A7BD1F27FCF74F
:107A200030BF501EC0B2FEF74FBED4ED167A002113
:107A3000FCEEE77A084617EE90BA16F099FF8345F8
:107A4000BEF479AB94F8D420002A7EF474ABD4ED64
:107A5000167AFCEEE77A84F8DC2017EE902A84F898
:107A6000DD20BFE4B4F808B0BBF1500F7EF403A9E9
:107A7000FEF718BEBDF8142012F0020ED3B21BD0D0
:107A8000B278012A00F0BC8794F8DA20520740F15E
:107A90002A83119A28FA02F2D00740F124830122A6
:107AA0000021A6F860200E9AB16506EB820291646F
:107AB000109A06EB8202916494F8D920D10600F165
:107AC000E987012284F8D42094F8DA20520718D5E7
:107AD000B7EE007ADFED3D6AD4ED1F7AE27A002A34
:107AE000227B07FE267A27EE877A002A00F08B8712
:107AF000119A06EB8202D2ED1C7A77EE277AC6ED58
:107B0000177A0521324ADFF8CCC0013928FA01F092
:107B1000C00796ED177A0DD5DCED297A1198C2EDE4
:107B2000167A884200F0BE87D2ED206A77EEE67AB8
:107B3000C2ED167A043AACF1040C0029E5D1119A91
:107B400006EB8202D2ED127AF4EEC77AF1EE10FA69
:107B500000F3C382D4F8D82022F48222C4F8D820BB
:107B6000ABF14902102A3FF6E8AE01A151F822F02C
:107B7000958000103B7900103B7900103B79001094
:107B80003B7900103B7900103B7900103B790010E5
:107B9000D17800103B800010958000103B790010D8
:107BA000D17800101F8000103B7900103B79001045
:107BB0001F80001008F070FAFFF7BFB8606F05F083
:107BC000BFFDFFF7D4B800BFD03800203333CB411E
:107BD000C0470020D04600200021C94815F074FDA0
:107BE0000021C84815F070FDD4ED1D7AFCEEE77A4F
:107BF00017EE902AC44B90B2D3F81C319847FE2858
:107C000004463CF43EAE16F05BF8FF2C3EF493AA1B
:107C10002746FCF736BE0A20BC490EF0E5FBFFF70D
:107C200022B90920B9490EF0DFFBFFF71CB952B3A6
:107C3000B74A079992F83D3192F83E210B40134024
:107C400021D01A070ED596ED1F7AD4ED287AB4EE1E
:107C5000677AF1EE10FA05D194F8ED2042F00802AF
:107C600084F8ED20D8060ED594ED297AD6ED207A49
:107C7000B4EE677AF1EE10FA05D194F8ED3043F0E6
:107C8000100384F8ED309DF8B43043F001038DF813
:107C9000B430089B002B40F00C8694F8ED30002B9C
:107CA00000F0C48008F0F8F99A4B0DF1880C9E465C
:107CB0000993994BDFF858B20793BEE80F00ACE880
:107CC0000F009EE803003B464FF0030A5F469846CC
:107CD0008CE8030025AD94F8ED3023FA0AF3D907B8
:107CE00000F14282079A0AF101030432052B4FF09A
:107CF000040A07F1200705F104050792EBD107F00C
:107D000099F98649814814F00BF8049922A803F0E8
:107D10006DF908F0C1F994F8ED5047462A0700F1D3
:107D20001582EB0600F1048207F084F97B4977485D
:107D300013F0F6FFDFF8EC81F7EE007AD8ED096A70
:107D4000F4EE676A98ED087AF1EE10FAB4EE677A0D
:107D500098ED077AF7EE007A14BF01250025F1EEC1
:107D600010FAB4EE677A98ED067AF7EE007A4FEAE9
:107D7000450518BF45F00105F1EE10FAB4EE677A3B
:107D80004FEA45051CBF45F00105EDB2F1EE10FAD2
:107D9000DDF824C0DFF874E1BCE80F00AEE80F00A6
:107DA000DCF8003098ED057ACEF800301FD0B4EE44
:107DB000677AF1EE10FA00F0AD814FF07E520023A9
:107DC000C8F82420C8F80030C8F82020C8F81C20C3
:107DD000C8F81820C8F81420C8E90133C8E90333EB
:107DE00086F83630022014F05FF8FFF73CB8B4EEA6
:107DF000677AF1EE10FA4FEA8505EDB2DDD1002287
:107E0000C8ED097AC8ED087AC8ED077AC8ED067A98
:107E1000C8ED057AC8E90022C8E90222C8F8102096
:107E200086F83620002D3FF41EA8DBE7394B049975
:107E30001846099303F0DAF87CE70A9A53681BB1F5
:107E40000023536008F028F90A9BD3ED027AC4EDB1
:107E5000207AFEF707BED3685B6883ED007A08F0EE
:107E60001BF9109A0A9B5206D8687FF5F6AA0022E1
:107E700019780FF031FFD4F880300A9A9360FEF73A
:107E80000DBED4ED387AF8EEE77A94F8DD0017EEFF
:107E9000901A16F089FEFEF754BEA36F94F8D42012
:107EA00094F8DD1094F8DC0016F09AFE069BD86476
:107EB0004FF4006013F0F8FFFEF743BE1D27FCF7F8
:107EC000E0BC0521164A144B013928FA01F0C0071D
:107ED0000FD5D3ED207A92ED296AD3ED3E6A77EE85
:107EE000C67A93ED437A77EEE67A77EEC77AC2EDFB
:107EF0002E7A043A043B0029E6D1FEF7C3BB00BF4B
:107F0000A87B0210B07B0210D0380020304800203F
:107F10002860002078470020C0470020943D0020C2
:107F2000D04600204429002094F8D93023F04203A1
:107F300084F8D930D4F8D810002940F04C8328AB0D
:107F40002822184604931EF09FF8D74B96F89320EA
:107F500093F8C9308DF8B920B3FA83F39DF8B520B2
:107F60005B0963F3410263F382028DF8B520FDF7EC
:107F7000BEBE18F0100F04BFD6F88030C4F8B83079
:107F800018F0080F04BFF36FC4F8B43018F0040FF2
:107F900004BFB36FC4F8B03018F0020F04BF736FA2
:107FA000C4F8AC3018F0010F04BF336FC4F8A83028
:107FB000FEF7C0BA94F85030DB0707D5D4ED207A2D
:107FC000F5EE407AF1EE10FA7FF4D4A82927FCF7F9
:107FD00058BC4FF0050EB549B5480DF1A00B0EF198
:107FE000FF3E28FA0EFC1CF0010F0DD1D1F80CC198
:107FF000C3F810C004390438043BABF1040BBEF1E4
:10800000000FECD1FEF73EBB0A2A32D0DBED047A3A
:1080100090ED297A77EEC77AC3ED047AEAE74FF05C
:108020000002ABF1560CDCF1000B4BEB0C0B6BF3CD
:1080300007026BF30F22A6F8602094F8DA20D0072D
:1080400057D5D4ED1D6AF5EEC06AF1EE10FA3CF595
:10805000E9AD22F00102C6ED166A84F8DA2037EEA7
:10806000677A86ED157A03F00102002A7FF467AC87
:108070003DE4D1ED207A91ED066AD1ED3E6A77EECE
:10808000C67A90ED297A77EEE67A77EEC77AC3ED75
:10809000047AAFE794F8DA20910721D5D4ED1E7A5F
:1080A000F5EEC07AF1EE10FA7CF6BCADB7EE007AD0
:1080B000DFED806AE17A22F00202002907FE267ACB
:1080C00067EE877A84F8DA20C6ED157A4FF07A5297
:1080D000DB07B2653FF533AC09E43627FCF7D1BBCB
:1080E000BEF1000FF2D01C27FCF7CBBB3027FCF70A
:1080F000C8BBBEF1000FB2D0F5E7059B43F080038B
:1081000005930A9B1B78FEF775BC802013F0CCFE0C
:10811000FEF7F1BC0023C8ED097AC8ED087AC8ED76
:10812000077AC8ED067AC8ED057AC8F8003053E63C
:10813000DBED2C7A94ED2E7A67EE277A17EE900A13
:108140001EF072FF069BC3F8C400EDE5DBED247A58
:1081500094ED2D7A67EE277A17EE900A1EF064FFF1
:10816000069BC3F8C000DCE59FED538A286818EE33
:10817000101A1BF0F9FE07EE900AF5EEC07AF1EE48
:1081800010FA48BF77EE887A9FED4B8A079BC5EDC2
:10819000007A18EE101AD86F1BF0E6FE07EE900A70
:1081A000F5EEC07AF1EE10FA95ED007A48BF77EE61
:1081B000887ADFED426A37EEC77AB4EEE67AF1EEFE
:1081C00010FA2DD59FED3C7A77EE877A97ED247AD9
:1081D00067EE877A17EE900A1EF026FF384B43F8B9
:1081E0002A007FE5B5B303F006039A1F53425341BB
:1081F00096F8342063F3C302069B86F834205A773E
:10820000FEF7ABBED8F81820D6F810319A61FEF709
:10821000DCBC4FF40070337713F046FEFEF76ABE05
:10822000DFED286AB4EEE67AF1EE10FAC4BF9FEDF6
:10823000227A77EEC77AC9E71D9301234FF4806154
:1082400086F890302048D9F84030984707F0BEFBB8
:10825000FEF7B4BC96F83430069A5377FEF77DBE2D
:108260003827FCF70EBB1046DBF81C30984794F813
:10827000D4200346012A37D105220D49013A28FAB4
:1082800002FC1CF0010F18BFD1F8A4C0A0F104003B
:1082900018BFC0F814C00439002AEFD11846DBF823
:1082A00024309847FEF7EEB9E03C0020C04700209C
:1082B000D04600203333CB410000B443000034C328
:1082C000943D002000003443243D0020082028A9CC
:1082D000159304920EF0A6F8049A159B00287EF4DC
:1082E000C6A90727FCF7CDBAA2F10A01C9B2FEF769
:1082F000C6B98C38032800F27681C44B9DF8B400CF
:1083000093F85431BDF81420C3F3001383F0010334
:1083100063F304108DF8B4000499BD4805F020FA09
:10832000FFF77ABA1A27FCF7ACBA059B43F00403AF
:10833000059394F8DA1048070DD5B8F1000FF1D085
:1083400001230E9A109803FA02F283401A4312EAAC
:10835000080F00F0AB82C90700F125810123C4F8A2
:10836000E8300E9A04EB8203D3ED25AA06EB8203D4
:10837000109A93ED1C7A04EB8203D3ED258A06EB69
:108380008203D3ED1C7A94F8DA307AEEC7AA5A0742
:1083900078EEE78A40F1868023F0040314229C499A
:1083A0009C4884F8DA301DF041FE002800F0F5808A
:1083B000E37A3BB1D4ED1F7A9FED977A67EE877A27
:1083C000C4ED1F7A96F83630B3B1944B0E9AD4EDC3
:1083D0001F6A03EB8202D2ED057A109A03EB820347
:1083E00093ED057AF4EEC77AF1EE10FA77FE877A0C
:1083F00067EEA67AC4ED1F7AD4ED1F9AB1EE007A2B
:108400006AEEAABA29EE877AF0EE6B7A28EEA8BA5D
:10841000D9EE877A77EECB7AF5EEC07AF1EE10FAE4
:108420003DD417EE900A1EF037FE7BEE8B7A0AEEF3
:10843000100A17EE900A1EF02FFEB1EE4AAA07EEC0
:10844000100AF5EEC09ACAEE077A2389032B08BFFB
:10845000F1EE677AF1EE10FA05D5F1EE699AF1EED8
:10846000677AC4ED1F9AB0EE6A7AF6EE006AA7EE5C
:10847000E87AE7EEAA8A27EE267A68EEA67A0E9BBD
:1084800004EB8302109B82ED187A04EB8303C3EDA7
:10849000187A059BD8073FF552AAFFF728BA22277A
:1084A000FCF7EFB901230E9A109903FA02F28B4000
:1084B0001343069A134273D094F8D83023F0700314
:1084C00084F8D830E37A8BB19FED537A0322544B72
:1084D0000699013AD140C90705D5D3ED1A7A67EE5E
:1084E000877AC3ED1A7A043B002AF1D196F8363028
:1084F0009BB103224A4B49490698013AD040C00734
:1085000007D5D3ED1A7A91ED077A67EE877AC3ED36
:108510001A7A043B0439002AEED1109B04EB830342
:10852000D3ED189A0E9B78EEE98A04EB830393ED62
:1085300018AA68EEA88A7AEECAAAEAEEAA8A18EE03
:10854000900A1EF0A9FD69EEA99AEAEE0A9A08EED1
:10855000900A19EE900A1EF09FFD07EE100A78EEC1
:10856000C77ADFED306AF0EEE77AF4EEE67AF1EE04
:1085700010FAE0677FF7E0A9F6EE006AF4EEE67A1B
:10858000F1EE10FA09DCDFED286A27EE267AB4EE68
:10859000E77AF1EE10FA7FF5CFA92127FCF771B940
:1085A0002327FCF76EB9606F05F09CFD00283DF4B1
:1085B0001BA8D4ED1D7AFCEEE77A17EE903AC4EDD5
:1085C0003A7A002B3DF4B7AD94F8DA3023F001038A
:1085D00084F8DA30C5E62427FCF753B900293EF4C5
:1085E00009AAFFF7C7B9069B5B78002B7EF447AC5E
:1085F000084DDFF81CC0BCE80F000FC5DCF80030E8
:108600002B60FEF73CBC5227FCF73BB928600020EA
:1086100064470020304800203333CB4144290020F8
:10862000D04600200AD7A33B6F12833A0A9BD86832
:10863000C36B002B3CF442AAA37B012B40F0338197
:1086400018F0FA0FC7D194F8DA30049313F004034A
:10865000069309D094ED1F7AF7EE007AB4EEE77A2C
:10866000F1EE10FA3DF567AD18F0040F3FF43BADA5
:10867000D4F8D830C949194000293FF434ADD4EDBD
:108680001D9AF5EEC09AF1EE10FA3CF5CBAA94EDE6
:10869000197AB5EEC07AF1EE10FA3CF5C3AAD4ED22
:1086A0001A6AF5EEC06AF1EE10FA3CF5BBAAD4EDF9
:1086B000187AF5EE407AF1EE10FA3DF43CADB5EEE5
:1086C000407AF1EE10FA3DF436ADB4EEE67AF1EE12
:1086D00010FABDF630AD94F8D91011F010030C93D8
:1086E00004D094F8D430032B3DF625AD0A9BD0ED91
:1086F000055A93ED026AB4EEE56AF1EE10FA00F164
:108700007182D0ED065AB4EEE56AF1EE10FA00F38C
:108710006982BCF14C0F40F0B680A14BF5EEC07AF7
:10872000F1EE10FA58BF4FF07E50D4ED278AF0EEEC
:10873000E77A48BF9B48C3ED009A5862E07AC3EDE0
:10874000018A83ED037AC3ED046AC3ED027A68B14E
:108750009FED996A67EE867A27EE067A66EE866A5C
:10876000C3ED027A83ED037AC3ED046A607B98B1AE
:10877000B6EE006AD3ED026A93ED037AD3ED047A84
:1087800066EE866A27EE067A67EE867AC3ED026A9F
:1087900083ED037AC3ED047AB8F1040F2DD0D4ED44
:1087A000046AD6ED3A5A96ED3F6AD6ED1E7A76EE19
:1087B000A56A78EEE77A76EE866A94ED257A27EE5A
:1087C000A76A37EE667AA7EE076AB0EEE7AA16EE5A
:1087D000100A83ED067ACDE91621159384ED1DAAC2
:1087E0001EF05AFCDDE9162107EE100A69EE879AA1
:1087F00089EE8A7A159B83ED007A080744BFD4F886
:10880000CC0098620C9818B194F8D40083F82C002E
:10881000C80744BFA16DD96193ED077AB5EEC07A60
:10882000F1EE10FA29D993F82C1031B3D6ED1E7A57
:1088300078EEE77AF6EE006AF0EEE77A67EEA67A6F
:10884000B4EEE77AF1EE10FA3DF775AC069909B18E
:10885000E16F59610499890744BFA16F1962059BB3
:1088600043F020030593D4F8D83023F4E32323F412
:10887000B873C4F8D830FFF75CB80021D961002183
:1088800083F82C10E2E74FF0000C4FF07E5346487F
:1088900040F8043CC0E900CCC0E902CCC0E904CCFB
:1088A000A0F118033AE72A27FBF7EBBF2027FBF7D5
:1088B000E8BF04993D4802F099FBFFF7EEB994F840
:1088C000D93023F0420384F8D93003230893FDF70D
:1088D0004CBE0B2036490DF087FDFEF755BB15F059
:1088E0009DF9DBF80C3008209847FEF7B2BFA37B58
:1088F000002BD8D1B8F1030F3DF6B9ADD4F8D8307C
:1089000003F44032B2F5403F7FF4EDAB059A910598
:1089100004D503F03003302B7FF4E5AB94F8D82076
:10892000D4ED1D6A12F0300F94ED1E6AE37A45D142
:10893000B1EE667AF1EE467A84ED187AC4ED197AD2
:108940004BB1DFED1D7A66EEA76A26EE276AC4ED0D
:108950001D6A84ED1E6A96F836308BB1DFF85480BC
:1089600094ED1D7AD4ED1E7A98ED056AD8ED066A6D
:1089700027EE067A67EEA67A84ED1D7AC4ED1E7A9C
:10898000636FB363A36FF363D4F8D83023F4403339
:1089900023F03003C4F8D830FEF7CEBF70000100DA
:1089A0000C690020000080BF24690020644700207B
:1089B000A8480020442900203333CB41A3B394EDD1
:1089C000187A5FED035AD4ED197A27EE257A67EE0F
:1089D000A57A96F8363084ED187AC4ED197A002B12
:1089E000AFD0DFF8308498ED055AD8ED065A25EE61
:1089F000077A65EEA77A84ED187AC4ED197AA0E7B4
:108A00000327FBF73EBF119904EB8102D2ED047AF4
:108A100006EB810292ED3A6AD2ED3F6A77EE867AF2
:108A200077EEA67AFFF769B896F83630002BA7D014
:108A3000DFF8E08394ED186AD4ED196A98ED057AB1
:108A4000D8ED067A27EE067A67EEA67A84ED187AD4
:108A5000C4ED197A84E70023C8ED097AC8ED087AD5
:108A6000C8ED077AC8ED067AC8ED057AC8F8003077
:108A7000FEF74FBB5327FBF704BF0021084606F063
:108A80001DFBFEF74DB9736E6421D8680FF0AAF88C
:108A9000FEF741B994F8D420002A7FF415A81327D3
:108AA000FBF7EFBE207B00283FF444A8D2ED206AFC
:108AB00077EEE67A77EE877AC2ED167AFFF73AB864
:108AC000BBF1330F49D0ABF18C03032B3EF634AF2F
:108AD000ABF18D03022B1ED8DFE803F0191D19003E
:108AE0000023C84802F1140131ED017AB5EE407A55
:108AF00070ED017AF1EE10FA77EE877A18BF43F045
:108B000001038A42C0ED007AEED1FEF7F9BD059B64
:108B100043F010030593ABF18E0BBBF1010F94BF33
:108B20000123059B059A88BFC3F3C00363F3C30207
:108B30009346ADF81420B8F1000F3FF4F3AB1422C4
:108B4000B149B2481DF072FA00283FF426AD5FEA41
:108B5000CB703EF5F4AEFEF7CABEA37B002B7FF4CC
:108B6000A2AEB8F1030F3DF682ACD4F8D83003F0D2
:108B70003003302B7FF4B7AAD4ED187AF5EE407AA3
:108B8000F1EE10FA3DF4D7AAE37A5BB1DFEDA06A0B
:108B900094ED197A67EEA67A27EE267AC4ED187A54
:108BA00084ED197A96F8363083B19A4B94ED187AA1
:108BB000D4ED197A93ED056AD3ED066A27EE067AAD
:108BC00067EEA67A84ED187AC4ED197A94F8D83055
:108BD00023F0300384F8D830059BDB073EF5AFAEB9
:108BE000FEF785BE2C27FBF74CBE002305218A4AE1
:108BF0008A489DF81C50013925FA01FC1CF0010F30
:108C00000BD0D0ED297A92ED437AF4EE477AF1EE6B
:108C100010FA1CBFC2ED437A0123043A043800293C
:108C2000E9D1FEF76DBD0023764802F1140171ED24
:108C3000017A30ED017AF4EE477AF1EE10FA1CBFBA
:108C4000C0ED007A01239142F1D1FEF759BD0C9B92
:108C5000022B7EF40AAEFEF7FCBDD9F8DC31002B06
:108C60003EF43AA99847FEF737B9DFF8B8B107F0F4
:108C700013FA069BDBF80010049893F81D80FBF7AD
:108C80000BF9C8F3400A034600287DF4DAAD0498D6
:108C900053465A465D4904F0C9FA404604F0EAFEDC
:108CA000319B2B60069B5B78002B7EF4E8A89FE449
:108CB0000E9B049A8DF88030139B8DF88130119BA8
:108CC0008DF88230D4F880302B93209BADF80030A3
:108CD0001B0C8DF80230524B029394F8D4102833B9
:108CE000019196F8351086F86210474904F0D2F8E1
:108CF000D6E7D4ED187A96ED1C3AD6ED1D3AD4EDB0
:108D0000196A94ED254AD4ED264A33EE277A37EED8
:108D1000A76A73EEA67A37EE447A77EEE47AF0EE3D
:108D2000085A76EEA66A37EE077A77EEA77A86EECD
:108D3000255A86EEA56AC7EE256A87EEA57A35EE36
:108D4000035A36EE236A76EE846A77EE247A22ABF3
:108D5000009304992D4A2C4820AB8DED205A8DEDBF
:108D6000216ACDED226ACDED237A03F03DFF97E72E
:108D700007F092F9069B0498E16E93F81D80FBF7CB
:108D80008BF8034600287DF45CAD9DF8A43004996F
:108D900043F080038DF8A4309DF8B8301A4843F0B2
:108DA00002038DF8B83002F021F9404604F062FE6B
:108DB00076E796ED1C6A94ED184AD6ED1D6AD4ED5F
:108DC000194A94ED257A96ED0E5AD4ED267AD6ED11
:108DD0000F5A36EE046A76EEA46A37EE057A77EE1D
:108DE000A57A22AB00930499084A074820AB8DED81
:108DF000206ACDED216A8DED227ACDED237A03F044
:108E0000F3FE4DE7D04800206447002030480020A2
:108E10003333CB4144290020C0470020D0460020F6
:108E2000084800200C690020B378022B0BD19DF874
:108E3000A43043F080038DF8A4309DF8B43043F0A3
:108E400040038DF8B4301099D4F8E83049070E99F2
:108E500048BF5B428DF880101399E26F8DF8811046
:108E6000119902938DF88210209B0092ADF8043086
:108E70001B0C8DF806302C4B04992C4A03F134005E
:108E800002F0F6F80CE7B378022B0FD004992848CB
:108E900002F0ACF804E79DF8B430049943F0010304
:108EA00023488DF8B43002F0A1F8F9E6214B1A7E80
:108EB0009DF8B430022A43F040038DF8B43007D057
:108EC00001229DF8A43062F3C7138DF8A430DDE7CA
:108ED00094ED277AD6ED1E7AB4EE677AF1EE10FAA9
:108EE00014BF01220022ECE718EE103A6BB9A2F190
:108EF0005B014A424A4122739DF87C2042F00802FD
:108F00008DF87C200822FBF7E9BF9DF87C100A2B26
:108F100041F010018DF87C107BF4D0AD5A2A3BF45F
:108F2000CDAD1022FBF7DABF3047002030480020DB
:108F3000644700202860002084461046002A74D030
:108F40003B4A00B592F850205FFA81FE0A426AD08F
:108F5000D10612D51EF0100F0FD0DCED047A93ED80
:108F6000047AF4EEC77AF1EE10FA5FD493ED097A41
:108F7000F4EEC77AF1EE10FA58DC110712D51EF0A4
:108F8000080F0FD0DCED037A93ED037AF4EEC77A85
:108F9000F1EE10FA4AD493ED087AF4EEC77AF1EEC6
:108FA00010FA43DC510712D51EF0040F0FD0DCED90
:108FB000027A93ED027AF4EEC77AF1EE10FA35D424
:108FC00093ED077AF4EEC77AF1EE10FA2EDC9107F2
:108FD00012D51EF0020F0FD0DCED017A93ED017A6D
:108FE000F4EEC77AF1EE10FA20D493ED067AF4EE9F
:108FF000C77AF1EE10FA19DCD20714D51EF0010F72
:1090000011D0DCED007A93ED007AF4EEC77AF1EE40
:1090100010FA0BD493ED057AF4EEC77AF1EE10FA5C
:10902000D4BF012000205DF804FB70470020FAE760
:10903000E03C0020BB4B93F85030002B3DD010B4E7
:1090400021B103F0070CBCF1070F37D0DC0607D5C0
:10905000B549D1ED2F7AF5EEC07AF1EE10FA5ED473
:10906000190707D5B049D1ED277AF5EEC07AF1EEB0
:1090700010FA6CD45C0707D5AB49D1ED1F7AF5EE39
:10908000C07AF1EE10FA7AD4990708D5A649D1ED45
:10909000177AF5EEC07AF1EE10FA00F18980DB075D
:1090A00008D5A14BD3ED0F7AF5EEC07AF1EE10FAA8
:1090B00000F197805DF8044B70477047D0ED026A6D
:1090C000D1ED025A91ED015AD0ED017A36EEE56A02
:1090D0009FED967A77EEC57AB0EEC65AF0EEE77A53
:1090E000B4EEC75AF1EE10FAF4EEC77ACCBF012401
:1090F0000024F1EE10FA40F38C80002C40F09A80AE
:10910000D0ED007A91ED005A77EEC57AF0EEE77A6D
:10911000F4EEC77AF1EE10FA00F38C8096E7D0ED0A
:10912000047AD2ED096AF4EEE76AF1EE10FA92EDF4
:10913000047A77FEA67AB4EEE77AF1EE10FA58BF19
:10914000F0EE477A1907C0ED047A93D58AE7D0ED9F
:10915000037AD2ED086AF4EEE76AF1EE10FA92EDC6
:10916000037A77FEA67AB4EEE77AF1EE10FA58BFEA
:10917000F0EE477A5C07C0ED037A85D57CE7D0ED49
:10918000027AD2ED076AF4EEE76AF1EE10FA92ED98
:10919000027A77FEA67AB4EEE77AF1EE10FA58BFBB
:1091A000F0EE477A9907C0ED027A7FF578AF6DE768
:1091B000D0ED017AD2ED066AF4EEE67AF1EE10FA1D
:1091C00092ED017A58BFF0EE667AF4EEC77AF1EECE
:1091D00010FA77FE877ADB07C0ED017A3FF561AFC1
:1091E00068E7D0ED007AD2ED056AF4EEE67AF1EEAA
:1091F00010FA92ED007A58BFF0EE667AF4EEC77A74
:10920000F1EE10FA77FE877AC0ED007A5DF8044B34
:109210007047D0ED007A91ED005A77EEC57AF0EE06
:10922000E77AF4EEC77AF1EE10FA7FF70FAF002C71
:109230003FF40CAF90ED004AD2ED003AB4EEE34AB1
:1092400091ED007AD0ED017A91ED013AF1EE10FA4C
:1092500074EE474A37EEC35A06D4D2ED053AB4EE5F
:10926000E34AF1EE10FA13DD33EEC77AC5EE246A55
:10927000F0EE437A86EE244AE6EE877AF0EE656AEF
:10928000E7EE046AC0ED003AC0ED017AC0ED026A73
:1092900092ED017AB4EEE77AF1EE10FA06DC92ED87
:1092A000067AB4EEE77AF1EE10FA15D5D1ED013A6F
:1092B000D1ED007AD1ED026A84EE854AC6EE055AF8
:1092C00080ED017A37EE637AE4EE077AE7EE256AFD
:1092D000C0ED007AC0ED026AD2ED027AF4EEE67AD1
:1092E000F1EE10FA07DCD2ED077AF4EEE67AF1EE51
:1092F00010FA7FF5ABAED1ED023AD1ED006A91EDF7
:10930000017A84EE864AC5EE065AC0ED027A77EEFF
:10931000E37AE4EE276AA7EEA57AC0ED006A80ED55
:10932000017A93E6E03C0020286000206F12833A27
:109330002DE9F04F2DED048BCF4C8FB0DFF83C932F
:1093400094F8C9C002AE86E80C00DDE91E8AD9F89F
:1093500008311CF0070FDDED1C8A1F4600F0BF80AE
:109360009DF874609DF8753000EB860292ED006AFE
:1093700000EB8302D2ED006A01EB860292ED007AE7
:1093800001EB83029DED028A9DED039AD2ED007AF6
:10939000B8F1000F05460C4676EE485A76EEC94AFB
:1093A00037EE485A37EEC94A4FEA86064FEA830B32
:1093B00064DDB8F1010F55D00DF1100E38EE687A6A
:1093C000F4462068E3686168A268ACE80F000F23E8
:1093D00020690193CCF800000DEB060379EE687A62
:1093E00083ED047AA4490DEB0B03C3ED047A7046B8
:1093F0005346012291F8C910B84770B3B8F1000F75
:10940000D4BFA646AE46DEF80000DEF80820DEF83F
:109410000C30DEF804100DF1240CACE80F00019BB9
:10942000DEF810001A07CCF8000070D538EE888AF4
:10943000019B6E44DB0786ED098A5AD578EE898A4E
:109440008D490DEB0B03C3ED098A01225346D9F870
:10945000084191F8C91009A8A0470FB0BDEC048BD2
:10946000BDE8F08FB0EE443AF0EE653AB0EE644AF3
:10947000F0EE455AF0EE434AB0EE635AF5EEC04ABC
:10948000F1EE10FAF5EEC05A4EDBF1EE10FAB5EE41
:10949000C04A7DDDF1EE10FAB5EEC05AC0F212817D
:1094A000F1EE10FA40F2CE80F4EEC55AF1EE10FA69
:1094B00000F2AE800DF1100EB8F1010F38EE687AAF
:1094C000F4463FF47EAF2868EB686968AA68ACE8A8
:1094D0000F000F2328690193CCF800007CE7614658
:1094E00053460122BC460FB0BDEC048BBDE8F04FE3
:1094F00060475C445D44D4ED008AD5ED007AF4EE1B
:10950000E78AF1EE10FA58BFF0EE678A98E7A319E0
:1095100093ED008AAB19D3ED007AB4EEE78AF1EE51
:1095200010FA38FE278A83E7F1EE10FAB5EEC04A4A
:1095300000F1A680F1EE10FAB5EEC05A5ED4F1EE5D
:1095400010FA0DF1100EB4EEC76AF44640F3FF8036
:10955000B8F1010F00F0D1812868EB686968AA684A
:10956000F1EE10FAACE80F004FF008032869019300
:10957000CCF8000037FE067AF4EEE76AF1EE10FA56
:109580000DEB060383ED047A58BFF0EE667A29E707
:10959000F1EE10FAB5EEC05A17DBF1EE10FA83DDEA
:1095A0000DF1100EB8F1010F38EE687AF44600F0B4
:1095B00077812868EB686968AA68ACE80F000E2319
:1095C00028690193CCF8000006E7F1EE10FA0DF1DE
:1095D000100E38EE687AF44640F2F780B8F1010FC9
:1095E00000F0A8812868EB686968AA68ACE80F00F9
:1095F000062328690193CCF80000EDE6F1EE10FA9D
:1096000000F1CE80F4EEC55AF1EE10FABFF652AF7B
:109610000DF1100EB8F1010FB4EEC76AF44600F078
:1096200000812868EB686968AA68F1EE10FAACE876
:109630000F004FF0000328690193CCF8000037FEBB
:10964000067A99E70DF1100EB8F1010FB4EEC76A72
:10965000F44600F031812868EB686968AA68F1EE89
:1096600010FAACE80F004FF0010328690193CCF821
:10967000000037FE067A7FE7E03C0020D03800206B
:10968000F1EE10FAB5EEC05A34D4F1EE10FA0DF145
:10969000100EB4EEC76AF4466DDDB8F1010F00F0AC
:1096A000D1802868EB686968AA68F1EE10FAACE826
:1096B0000F004FF00C0328690193CCF8000037FE2F
:1096C000067A89E6F1EE10FA0DF1100E38EE687A9E
:1096D000F4462CD9B8F1010F00F0C5802868EB687A
:1096E0006968AA68ACE80F00072328690193CCF8E1
:1096F000000071E6F1EE10FA84DD0DF1100EB8F104
:10970000010FB4EEC76AF44600F0B9802868EB6830
:109710006968AA68F1EE10FAACE80F004FF0040394
:1097200028690193CCF8000037FE067A54E6B8F1B8
:10973000010F00F0F3802868EB686968AA68ACE85C
:109740000F00032328690193CCF8000014E7B8F157
:10975000010F49D02868EB686968AA68F1EE10FA31
:10976000ACE80F004FF0090328690193CCF8000022
:1097700037FE067A00E7B8F1010F00F0AD802868E7
:10978000EB686968AA68F1EE10FAACE80F004FF0D8
:109790000D0328690193CCF8000037FE067A1BE61A
:1097A0000DF1100EB8F1010F38EE687AF44600F0B2
:1097B000CD802868EB686968AA68ACE80F000B23C5
:1097C00028690193CCF80000D6E6B8F1010F1CD04F
:1097D0002868EB686968AA68ACE80F00022328696A
:1097E0000193CCF80000C7E62068E3686168A268CE
:1097F000F1EE10FAACE80F004FF009032069019375
:10980000CCF8000037FE067AB6E62068E3686168A7
:10981000A268ACE80F00022320690193CCF8000095
:10982000AAE62068E3686168A268F1EE10FAACE885
:109830000F004FF0000320690193CCF8000037FEC1
:10984000067A99E62068E3686168A268F1EE10FA8A
:10985000ACE80F004FF00C0320690193CCF8000036
:1098600037FE067AB8E52068E3686168A268ACE86C
:109870000F00072320690193CCF80000ACE52068B5
:10988000E3686168A268F1EE10FAACE80F004FF0EF
:10989000040320690193CCF8000037FE067A9BE5AB
:1098A0002068E3686168A268ACE80F000E232069B5
:1098B0000193CCF800008FE5F1EE10FA20686168A2
:1098C000A268E368CDF80480ACE80F00206937FE99
:1098D000067ACCF800004FE62068E3686168A26869
:1098E000F1EE10FAACE80F004FF00D032069019380
:1098F000CCF8000037FE067A6EE52068E368616800
:10990000A268F1EE10FAACE80F004FF008032069EE
:109910000193CCF8000037FE067A2DE62068E36854
:109920006168A268ACE80F00032320690193CCF8BA
:10993000000021E62068E3686168A268ACE80F00D7
:10994000062320690193CCF8000045E52068E36810
:109950006168A268ACE80F000B2320690193CCF882
:10996000000009E6F0B52DED028B0024054691B00C
:1099700006A808EE102A0F46CDE90244CDE90444BA
:10998000019405F071FC9DF82C30684923F0120316
:1099900043F0120301A88DF82C30EEB20D9412F0B2
:1099A000BFF9634916F0100391F8C4210DD0D7ED2B
:1099B000047AD3069DED057A68EE277A00F1A2803D
:1099C00037EE677A8DED057A012334070DD5D7ED93
:1099D000037A10079DED047A68EE277A00F18F80F4
:1099E00037EE677A8DED047A013374070CD5D7ED25
:1099F000027A50079DED037A68EE277A7CD437EE21
:109A0000677A8DED037A0133B4070CD5D7ED017A6F
:109A100090079DED027A68EE277A6AD437EE677A6E
:109A20008DED027A0133F4070ED597ED007ADDED66
:109A3000017A28EE078AD0074CBF77EE887A77EE56
:109A4000C87ACDED017A013307EE903AF8EEE77A65
:109A5000F5EE407AF1EE10FA91ED118A5ED4B1EE96
:109A6000E77A68EE077A334B06A993F8213001A80C
:109A7000CDED067A8DF82E3004F0C4FF04232E4C71
:109A8000E572A3722D4D10F0FBF910F01DF802E005
:109A900004206B6D984710F0F3F9636C13F0640FBA
:109AA000F6D0676C264DBA0603D50621AB6C254867
:109AB00098477B0603D50721AB6C224898476B6E0D
:109AC000984740EA10233342ADF8000003D0082144
:109AD000AB6C1C489847A66CBEB904216B6C1A4845
:109AE000984710F023F80120A67211B0BDEC028B4C
:109AF000F0BD37EE277A93E737EE277A81E737EE26
:109B0000277A6FE737EE277A5CE71DF0E1FA05F078
:109B10005DFF002011B0BDEC028BF0BD17EE900A86
:109B20001DF0BAFA07EE100A9BE700BF943D002033
:109B300028600020C0470020E03C0020D0380020F2
:109B4000F8390020283D0020243D00200D4A92F8DD
:109B5000C33113F0020308D0C0B290FAA0F300287A
:109B6000B3FA83F308BF4FF0FF3302EB431090EDDD
:109B7000117AD0ED127A012947FE877A17EE900A02
:109B8000704700BF2860002010B5BE4ABE4B92F857
:109B9000C2C192F85A011CF0080F93F8501093F8C4
:109BA0000CE000F001002CD1002878D1CC0600F1A7
:109BB0001F810020C3F88C009867080700F12781F7
:109BC00000204C07C3F88800586700F12F8100205F
:109BD000C3F884001867880700F137810020C3F8B4
:109BE0008000D866C90740F1B380D2ED0F7A9FEDAF
:109BF000A77A4FF0004277EE877ADA67C3ED1A7AD8
:109C000010BDCC0692F8C4C135D4DFEDA07AC3ED07
:109C1000237AC3ED1E7A0C0700F1C380DFED9B7A37
:109C2000C3ED227AC3ED1D7A4C0700F1A880DFED69
:109C3000977AC3ED217AC3ED1C7A8C0700F18C80F2
:109C4000DFED927AC3ED207AC3ED1B7AC9077FD589
:109C5000002840F00F81DFED8D7A92ED0F7A1CF035
:109C6000010F77EE877A4FF0000240F03B81C3EDA1
:109C70001A7ADA6710BD002840F0F480DFED837AAD
:109C800092ED2F7A1CF0100F77EE877A00F0368174
:109C9000F1EE677A0024C3ED237A9C67BBE7CC061C
:109CA00000F1F8800020C3F88C009867080740F1A5
:109CB0000E811EF0080F16BF75489FED747A90ED67
:109CC000037AD2ED277AF1EE476A77EE877AC3ED11
:109CD000226AC3ED1D7A4C0740F1F4801EF0040F98
:109CE00016BF6B489FED697A90ED027AD2ED1F7A2C
:109CF000F1EE476A77EE877AC3ED216AC3ED1C7AED
:109D0000880740F1DA801EF0020F16BF60489FED11
:109D10005F7A90ED017AD2ED177AF1EE476A77EE2D
:109D2000877AC3ED206AC3ED1B7AC90710D51EF0F0
:109D3000010F40F0EF809FED557AD2ED0F7AF1EEF2
:109D4000476A77EE877AC3ED1F6AC3ED1A7A10BDB2
:109D50000022DA679A6610BD002842D1DFED4B7A07
:109D600092ED177A1CF0020F77EE877A00F0B4803C
:109D7000F1EE677A0024C3ED207ADC6666E748BB23
:109D8000DFED427A92ED1F7A1CF0040F77EE877AAE
:109D900000F0BA80F1EE677A0024C3ED217A1C67E7
:109DA0004BE780B9DFED397A92ED277A1CF0080F86
:109DB00077EE877A00F09C80F1EE677A0024C3ED9D
:109DC000227A5C6730E71EF0080FEBD0304CD4ED00
:109DD000037AE9E71EF0040FD2D02D4CD4ED027ABD
:109DE000D0E71EF0020FB9D0294CD4ED017AB7E7C5
:109DF000D2ED2F7A9FED257A4FF0004077EE877AEB
:109E0000C3F88C000807C3ED1E7A7FF5D9AED2EDFA
:109E1000277A9FED1E7A4FF0004077EE877A4C0745
:109E2000C3ED1D7AC3F888007FF5D1AED2ED1F7A5D
:109E30009FED167A4FF0004077EE877AC3F88400E2
:109E40008807C3ED1C7A7FF5C9AED2ED177A9FED76
:109E50000F7A4FF0004077EE877AC3F88000C3EDA9
:109E60001B7ABFE61EF0100F3FF408AF084CD4ED8C
:109E7000047A05E71EF0010F3FF4EDAE0449D1ED81
:109E8000007AEAE628600020E03C002000000000A4
:109E9000EC4800201EF0100F16BF20489FED207ADE
:109EA00090ED047AD2ED2F7AF1EE476A77EE877A59
:109EB000C3ED236AC3ED1E7AF8E60020C3F88000E4
:109EC000D86632E70020C3F88400186718E700203E
:109ED000C3F888005867FEE60024C3ED1B7AC3F878
:109EE0008040B3E6F1EE677A9A66C3ED1F7A10BD43
:109EF0000024C3ED1D7AC3F8884095E60024C3ED25
:109F00001E7AC3F88C4086E60024C3ED1C7AC3F8A1
:109F1000844092E6014991ED007A0EE7EC4800207A
:109F2000000000002DE9F8432DED028B444FC4B230
:109F300097F8C2311A072BD5E30605D50021002278
:109F4000404B5966C3F8C420270705D500210022DD
:109F50003C4B1966C3F8C020660705D500210022D6
:109F6000384BD965C3F8BC20A50705D500210022D0
:109F7000344B9965C3F8B820E40705D500210022C9
:109F8000304BC3F8B4105A65BDEC028BBDE8F883C2
:109F9000B84619BB05259FED2C8A2C4E013D24FAAD
:109FA00005F3D80711D597F8C431EB40D9073DD454
:109FB000F0EE487A98ED2C7A46ED187A67EE877ABB
:109FC00017EE900A1DF030F83060A8F12008043E2A
:109FD000002DE3D1BDEC028BBDE8F8830525DFF849
:109FE00070901A4E013D24FA05F3DA0713D597F85D
:109FF000C431EB40DB071CD4D9ED047AF1EE677A6B
:10A0000098ED2C7A46ED187A67EE877A17EE900A6B
:10A010001DF00AF83060A8F12008A9F10409043EF7
:10A02000002DDFD1BDEC028BBDE8F883D8ED2F7A8F
:10A03000C0E7D8ED2F7A99ED047A77EE877ADFE7DB
:10A0400028600020E03C002000000000A43D00202B
:10A05000EC4800202DE9F04F2DED028B604FAFB0A2
:10A060003C882CB100202FB0BDEC028BBDE8F08FF6
:10A070005C4AC6B2CBB2814624A892F8C55105937A
:10A08000029605F0F1F8102319939DF8A430554A73
:10A0900023F0120343F012038DF8A430524B16F054
:10A0A000100193F821302B948DF8A63006F0100A99
:10A0B00092F83D310DD0DE0692ED2F7A40F13E82CE
:10A0C000B5EEC07AF1EE10FA00F138829FED477AD2
:10A0D00038E2DFED477A0A460821189102990C0709
:10A0E00001F008081DD53F49180791ED277A07D5DB
:10A0F000B5EEC07AF1EE10FA02D49FED3C7A03E09F
:10A10000FFEE086A27EE267AF4EEC77AF1EE10FA2F
:10A11000059977FE877A11F0080F8DED1D7A18BF2B
:10A12000032204211791029901F0040649071DD565
:10A130002C495C0791ED1F7A07D5B5EEC07AF1EE98
:10A1400010FA02D49FED297A03E0FFEE086A27EEA9
:10A15000267AF4EEC77AF1EE10FA059977FE877A3F
:10A1600011F0040F8DED1C7A18BF02220221169106
:10A170000299880701F002041ED51A4991ED177A59
:10A18000990707D5B5EEC07AF1EE10FA02D49FED2B
:10A19000177A03E0FFEE086A27EE267AB4EEE77A34
:10A1A000F1EE10FA059958BFF0EE477A11F0020F60
:10A1B0008DED1B7A18BF012201211591029911F032
:10A1C0000101099127D00749D80791ED0F7A11D5E0
:10A1D000B5EEC07AF1EE10FA0CD49FED047A0DE0E2
:10A1E000E03C002028600020C04700200000074419
:10A1F00000000000FFEE086A27EE267AF4EEC77A28
:10A20000F1EE10FA059B77FE877A13F0010F8DEDC2
:10A210001A7A18BF0022F5EE407AF1EE10FA019298
:10A2200000F0E3824846DFF808930021D9F868304F
:10A23000984708EE100AB5EE408AF1EE10FA3FF4A6
:10A2400011AF059B019A002B40F08C8107935FFAB8
:10A250008AF308935FFA88F30A93F3B20B93E3B29D
:10A260000C93012303EB45030D93AE4B002493F8AD
:10A270004D31A04613F0100F02F12C0307EB8303BE
:10A2800014BF652664260493131F18BF012310937F
:10A29000D31E18BF01230F93931E18BF0123DFF8AD
:10A2A00094A201940E93039406929F491FA811F063
:10A2B00037FD089B002B00F092810023C7F8C430C3
:10A2C000984BDDED1E7A93F8C431D90640F1FF8238
:10A2D000019B022B01D0F1EE677ACDED237A0223A8
:10A2E0004FF0010B9DF864500A9AAAB10022C7F8FA
:10A2F000C0208C4ADDED1D7A92F8C421120740F18E
:10A30000E182019A022A01D0F1EE677ACDED227A3C
:10A310009B46189B2B43DDB20B9BB3B10023C7F8C0
:10A32000BC30804BDDED1C7A93F8C4310BF1010B8E
:10A330005B0740F1C282019B022B01D0F1EE677AEC
:10A34000CDED217A179B2B43DDB20C9BB3B10023DB
:10A35000C7F8B830734BDDED1B7A93F8C4310BF1BD
:10A36000010B980740F1A482019B022B01D0F1EE72
:10A37000677ACDED207A169B2B43DDB2099BBBB1EA
:10A380000023C7F8B430674BDDED1A7A93F8C43177
:10A390000BF1010B13F0010F019B00F08582022BE2
:10A3A00001D0F1EE677ACDED1F7A159B2B43DDB21C
:10A3B000DAF8A8302BB118EE101A019A9DF80800AF
:10A3C000984707EE90BAF8EEE77AF5EE407AF1EEAC
:10A3D00010FA00F11683B1EEE77A28EE078A24A975
:10A3E0001FA88DED248AFD7204F00CFB0423BB72C0
:10A3F0000FF046FD0FF068FB019B022B00F0F3808D
:10A40000DDF814B07DE0022C00F0D58040EA0203B4
:10A4100013EA0B0417D050401BEA000400F0D08070
:10A4200012EA0B0F0CBF022401244FF0010823EAAB
:10A430000B031193049B58465B682146D9F8902082
:10A4400003939047119B19992A460D4207D0D906CC
:10A4500005D5109A05F0EF0508EA02082A46189972
:10A460000D4207D0180705D50F9A05F0F70508EA41
:10A4700002082A4617990D4207D0590705D50E9AAA
:10A4800005F0FB0502EA08082A46DDE91510054239
:10A4900008D0980706D5069805F0FD02012800F0BF
:10A4A000918015460A4207D0DB0705D5069B05F0CB
:10A4B000FE05002B00F08F80FD72B8F1000F0AD06E
:10A4C000049B039A5B68D31A002B079AB8BF5B42C0
:10A4D000934200F30E820FF0D3FC796C314008D028
:10A4E000012940F09181D9F844301048984708F08C
:10A4F00025FDDAF854300420984715F01F0300F0CA
:10A50000E380D9F864309847012CADF84C00C2B212
:10A51000C0F307207FF477AF22EA0B0240EA020380
:10A5200091E700BF28600020943D0020243D0020DA
:10A53000F8390020D038002000000000FFEE087A33
:10A5400027EE277AB5EEC07A5FED057AF1EE10FAC4
:10A55000059A8DED1E7AC2F3001158BFF0EE477ACE
:10A560008A00B9E5A44BDFEDA54A93ED6D7AB1EE13
:10A57000477A93ED6E6AD3ED6F6A03EB421393ED66
:10A580000F5AC7EE247A67EE857AB4EEE76AF1EEE9
:10A5900010FA77FE867AF4EEE76AF1EE10FAD3ED60
:10A5A0000C5A58BFF0EE667A67EEA57AFDEEE77AB0
:10A5B000CDED077A4BE620EA0B0042EA000342E7C2
:10A5C000A04640E7114000F0908113F0010300F035
:10A5D000C08105F0FC054FF00008FD727BE79B464B
:10A5E0001D46012380E605F01F050FF049FC796C3C
:10A5F000314008D0012940F00781D9F84430804823
:10A60000984708F09BFC0420DAF854309847002D56
:10A61000EBD10FF08BFA784AD9F83C302946B2F8E2
:10A62000C0019847D9F8683001219DF80800984783
:10A63000089B08EE100A002B00F06681714BB2EE09
:10A64000047AD3ED047A67EE877A0A9ACDED1E7A02
:10A65000002A40F05E810B9AD2B90C9A002A00F0D1
:10A66000B681D3ED017AB2EE047A67EE877A099A61
:10A67000CDED1B7A002A00F09581D3ED007A01928E
:10A6800067EE877A4BE00B9B002B00F08E815D4BD1
:10A69000D3ED027AB2EE047A67EE877A0C9ACDEDAA
:10A6A0001C7A002A40F04481099A002AE5D1059BD2
:10A6B000002B40F08781B5EEC08AF1EE10FA40F32E
:10A6C00087800123019333E09B460FF02FFA4A4A1B
:10A6D000D9F83C305946B2F8C0019847D9F86830EB
:10A6E00002219DF808009847089B08EE100A002BED
:10A6F00000F0C580434B1A691E920A9A0AB1DA68C3
:10A700001D920B9A002A40F0C2800C9A002A40F059
:10A71000E380099A8AB1D3ED007A02230193CDED4B
:10A720001A7A059B7BB9B5EEC08AF1EE10FA4FDDBF
:10A730000D9A531EB2B10D93B7E5059B002B00F0A7
:10A74000288102230193002100240846D9F8903083
:10A750009847A046B5EEC08AF1EE10FA02DD029BE2
:10A76000002BE5D1DDE9053293B3234B941C03EBB9
:10A770004413D3ED007AF5EE407AF1EE10FA27D0CB
:10A78000F5EEC07AF1EE10FA059D4CBF02210121D1
:10A790002846D9F8903001929847174B019A03EB5D
:10A7A0004413D3ED007AF0EEE77A2EAB03EB82038D
:10A7B00028464FF07E521AA943ED147AFFF7D2F8DB
:10A7C00000283FF44FAC0021D9F890300846984754
:10A7D000029C01212046FFF7A5FB0022BA72224607
:10A7E00097F850301A4387F8502001202FB0BDEC65
:10A7F000028BBDE8F08F00BF286000200000C84237
:10A80000243D0020EC48002011F0200F8B4604D09E
:10A810000621D9F848307E4898471BF0400F04D0F5
:10A820000721D9F848307A489847D9F83C300021B8
:10A8300002209847019B022B00F08F801BF0040F31
:10A8400004D00921D9F8483071489847BD6C002DD3
:10A8500040F0D1800421D9F844306E4898470FF079
:10A8600065F96D4AD9F83C30B2F8C00129469847DD
:10A87000019AD9F86830022A7FF432AFD4E60A9BF5
:10A880000BB1664B3BE70B9B002B77D0634B9A6871
:10A890001C920C9A02BB099A002A3FF44EAFD3EDEA
:10A8A000007A022301933AE7022B7FF47CAD78E52E
:10A8B000019B022B7FF45DAD59E5019B022B7FF4D8
:10A8C0003FAD3BE5019A022A7FF420AD1CE5019BD8
:10A8D000022B7FF402ADFEE45A681B92099A002A0B
:10A8E0007FF419AF022301931BE788461546FA72DD
:10A8F000F1E50F21D9F84830454898471CF0E8FBAE
:10A9000005F064F8FFF7AEBB0A9B002B3FF4BBAE2B
:10A91000424BD3ED037AB2EE047A67EE877A0B9A54
:10A92000CDED1D7A002A7FF4B3AE0C9A002A42D0F6
:10A93000D3ED017AB2EE047A67EE877A099ACDED0B
:10A940001B7A7AB3D3ED007A099B67EE877A01937D
:10A95000E5E698461546FA72BDE5D9F864309847A1
:10A96000029BADF8500040EA102018423FF46EAF51
:10A970000821D9F848302648984767E70C9BF3B977
:10A98000099B13BB02230193059B002B3FF4E2AE0E
:10A99000D9E6B5EEC08AF1EE10FA7FF719AF0223BF
:10A9A0000193C5E601230193BBE60C9BE3B11B4B6E
:10A9B000D3ED017A57E6099A002AC3D177E6174BFF
:10A9C0005A688AE701230193BDE6144BA3E6099A6E
:10A9D000002A3FF46CAED3ED007AB2EE047A012384
:10A9E00067EE877A01939AE6099B13B901230193D5
:10A9F000CAE70A4BEFE71CF06BFB04F0E7FFFFF739
:10AA000031BB17EE900A1CF047FB07EE100AE4E496
:10AA1000283D0020243D002028600020EC48002034
:10AA200088B1844610B4094C0068DCF80410DCF8E6
:10AA30000820DCF80C300FC4DCF8100020605DF852
:10AA4000044B024870470148704700BFEC480020A3
:10AA50002DE9F041B04E4FF0000796F8C33105469E
:10AA60009A0782B0C4B233D496F85A01AB4E294645
:10AA7000B36D00F001009847D6F8A030EBB101208B
:10AA80009847044019D0D6F89030002B00F0E080B1
:10AA9000E1074FF001074FF0010204D453002342B5
:10AAA000DAB2FBD01746944240F0D280736E9847DA
:10AAB00040EA1020204240F0CF80994B394628468A
:10AAC000D3F8043198470138C0B202B0BDE8F08134
:10AAD000204603F073FD0128C6D9002CC4D014F021
:10AAE000010140F0C380A307C4F3400840F1338163
:10AAF000A3084FEA9400B7D0DA0740F1618101233F
:10AB000006EB431292ED127AD6ED227AB4EE677A12
:10AB1000F1EE10FA4FEA431240F0B08106EB431C0D
:10AB2000D6ED217A9CED117AB4EE677AF1EE10FA47
:10AB300040F0A481E00897D0C00740F1C980B01868
:10AB4000D6ED2A7A90ED127AB4EE677AF1EE10FA29
:10AB500075D106EB4310D6ED297A90ED117AB4EE5B
:10AB6000677AF1EE10FA6AD120093FF47DAFC00791
:10AB700040F1BF80B018D6ED327A90ED127AB4EE83
:10AB8000677AF1EE10FA5AD106EB4310D6ED317A1E
:10AB900090ED117AB4EE677AF1EE10FA4FD16009B8
:10ABA0003FF462AFC00740F1C180B018D6ED3A7AE9
:10ABB00090ED127AB4EE677AF1EE10FA3FD106EB1F
:10ABC0004310D6ED397A90ED117AB4EE677AF1EE52
:10ABD00010FA34D1A0093FF447AFC00740F1B48068
:10ABE000324492ED127AD6ED427AB4EE677AF1EE03
:10ABF00010FA24D106EB4312D6ED417A92ED117A88
:10AC0000B4EE677AF1EE10FA19D1E2093FF42CAFF5
:10AC100006EB4312D6ED4A7A92ED127AB4EE677AD9
:10AC2000F1EE10FA0BD106EB431393ED117AD6ED4A
:10AC3000497AB4EE677AF1EE10FA3FF415AF0029C5
:10AC400040F08F80B8F1000F40F0E580A00894E05C
:10AC5000372002B0BDE8F0813846324A3249FEF76B
:10AC600081FE00287FF429AF2D202EE763083FF4F2
:10AC7000FBAED80703F0010811D596ED127AD6ED98
:10AC80001A7AB4EE677AF1EE10FA6AD196ED117A7B
:10AC9000D6ED197AB4EE677AF1EE10FA61D1A30815
:10ACA0004FEA94003FF4E0AE13F0010357D1E208FD
:10ACB0003FF4DAAED2070BD5FF2B40F0C880230952
:10ACC0003FF4D2AEDB0740F192800323602251E7CC
:10ACD00022093FF4C9AED2070BD5FF2B40F0C1804B
:10ACE00063093FF4C1AEDB0740F18B80042380226F
:10ACF0005BE762093FF4B8AED20717D5FF2B40F0EF
:10AD0000B280A3093FF4B0AE13F0010F4FF005037A
:10AD10003FF47BAFA02263E728600020F8390020D1
:10AD2000D038002000002041EC480020A2093FF468
:10AD30009BAED20708D5FF2B40F09780E30918BFE0
:10AD400006237FF465AF8FE6E2093FF48DAEFF2B5B
:10AD50003FF48AAE5CE763072AD4FF23A7E700230A
:10AD6000CEE64FF00100FFF773FE00287FF4ADAE92
:10AD7000B8F1000F4FD1A0082DD0C30752D4E3087B
:10AD800029D0DF0755D4230925D0DE0758D463091D
:10AD900021D0DD075ED4A3091DD0D80767D4E4090C
:10ADA00019D06FF07F0002B0BDE8F041FFF750BE50
:10ADB000E3083FF459AEDB070FD502234022BEE67D
:10ADC000E3083FF451AE13F0010F4FF001033FF4DD
:10ADD0007FAF2022B3E6002077E623093FF444AE9C
:10ADE00013F0010F4FF0020383D04022C2E6630943
:10ADF0003FF43AAE13F0010F4FF0030396D06022F8
:10AE0000D3E6A3093FF430AE13F0010F4FF0040373
:10AE10009AD08022E4E64FF00200FFF719FE0028E6
:10AE2000A9D052E64FF00400FFF712FE0028A6D08A
:10AE30004BE64FF00800FFF70BFE0028A3D044E6D6
:10AE40004FF01000FFF704FE0028A0D03DE60023DD
:10AE50001A4674E64FF02000FFF7FAFD00289AD05A
:10AE600033E65A0186E65A019FE65A01B8E64FF0EA
:10AE70004000FFF7EDFD002891D026E600297FF481
:10AE800070AFB8F1000FC6D1C0B276E74A0538B549
:10AE9000C1F3072302D59B072CD538BD164C174BA1
:10AEA0000122D3F8085194F8C91004F16803A847A7
:10AEB0000028F2D1237A43F0040323721CF0F4F843
:10AEC000082801460E4C0BD1236C0E48984702E02F
:10AED0001CF0EAF820B104F079FD0028F8D138BD63
:10AEE0001CF0F6F8A36C022107489847BDE83840EB
:10AEF00004F06CBD004CDDE7E03C0020D0380020C1
:10AF0000F8390020243D0020283D00200C4A0D493E
:10AF100092F8C9C192F8CA3192F8C80143EA0C0309
:10AF200092F8C7C1034392F8C60143EA0C0391F8B3
:10AF3000502003431A400B7381F85020704700BF24
:10AF400028600020E03C00200C4B93F8C23103F055
:10AF50000502052A01D000207047094A92F8A9008D
:10AF600048B1107B0028F7D092F85030984314BFB6
:10AF70000120002070475B06EED4F2E72860002035
:10AF8000E03C002010B4084B0849094C094A8C6683
:10AF900009480A49C3F80821094AC3E943015DF891
:10AFA000044BC3F804217047D0380020F839002042
:10AFB0004D9B0010398F0010319300103590001018
:10AFC00055A000100023084901E0182B09D011F802
:10AFD000332001EBC30C824203F10103F5D160463B
:10AFE00070470020704700BF48E0021038B54B7D25
:10AFF0000C4603F00603062B054602D04969FFF70D
:10B0000045FF1CF051F8022808D1174B1A781AB9DD
:10B01000587880F0010038BD002038BD04F0D6FC1F
:10B020000028F2D004E003F091FC30B104F0DEF926
:10B0300004F0CCFC0028F6D1EDE72146284603F0C9
:10B04000E1FC0028E1D123699B7A1B07DDD5237938
:10B0500003F00303012BD8D105F01EF82069E26844
:10B06000436A21799847D0E7E03C002000000000C7
:10B070002DE9F04F2DED0E8BBDB09DF854519DF88C
:10B080005641569F17941C4603EB8503814618686A
:10B090001646069518930C9709911BF0D5FF0246AA
:10B0A0000B469DF8558101F1004104EB88042068AE
:10B0B000CDE90E230A9219940B911BF0C5FF0446AB
:10B0C0004FEA850B06EB0B031868169301F100435A
:10B0D0000D46049405931BF0B7FFDDE90E2317F02E
:10B0E000A3FE4FEA880A06EB0A03CDE910011868AF
:10B0F0000E931BF0A9FF22462B4617F095FE09EB95
:10B100000B03CDE9120118681BF09EFFDDE9102347
:10B1100017F09EFE09EB0A03044618680D461BF063
:10B1200093FFDDE9122317F093FE22462B46CDE96B
:10B130001401DDE90A0117F09FFEDDE91423CDE9D2
:10B140001C01DDE90401DDED548A17F095FE02468D
:10B150000B46DDE91C0117F067FEDDE91423CDE99C
:10B160001401DDE90A0117F087FE22462B4604464A
:10B170000D46DDE9040117F07FFE02460B4620462E
:10B18000294617F065FEDDE9142318F02FFC17F0AF
:10B19000E7FE002F08EE100A40F30784DFEDB97ACE
:10B1A000B4EEE78AF1EE10FA40F27082099D6B7DF1
:10B1B000590725D4B04AD2F80C410CB343F004032C
:10B1C0006B75DDE9100117F0CBFE3790DDE9120158
:10B1D00017F0C6FECDED008A0C9B38900293559B6C
:10B1E0003146ADF804301B0C8DF80630A34B4846B1
:10B1F000039337AB0CCBA0476B7D60F341036B75BA
:10B200000C9B83EAE377A7EBE377012F40F34B82B4
:10B21000781E07EE900AF8EEE77A17EE900A1BF018
:10B2200013FF91A3D3E9002317F026FE0C9B0446DD
:10B23000002BD8BFF1EE487A0D46D4BF17EE900A26
:10B2400018EE100A1BF000FF2B46224617F0ECFD0B
:10B2500017F086FE069B09EE100A042B00F0BA8355
:10B26000B8F1040F00F00A8796ED047AD9ED047A5C
:10B2700077EEC77A87EE897A77EE077A17EE900A2B
:10B280001BF0E2FE7AA3D3E9002317F0F5FD17F0D7
:10B2900067FE069B3B90032B00F0D086B8F1030FAE
:10B2A00000F0D08396ED037AD9ED037A77EEC77A72
:10B2B00087EE897A77EE077A17EE900A1BF0C4FEC4
:10B2C0006BA3D3E9002317F0D7FD17F049FE069BC7
:10B2D0003A90022B00F00787B8F1020F01F0BF810E
:10B2E00096ED027AD9ED027A77EEC77A87EE897AFF
:10B2F00077EE077A17EE900A1BF0A6FE5CA3D3E95F
:10B30000002317F0B9FD17F02BFE069B3990012B97
:10B310001BD0B8F1010F00F0918396ED017AD9EDC1
:10B32000017A77EEC77A87EE897A77EE077A17EE99
:10B33000900A1BF089FE4EA3D3E9002317F09CFD71
:10B3400017F00EFE069B3890C3B1B8F1000F15D070
:10B3500096ED007AD9ED007A77EEC77A87EE897A92
:10B3600077EE077A17EE900A1BF06EFE40A3D3E942
:10B37000002317F081FD17F0F3FD37900C9B169A10
:10B38000002BA7F102032493179BD2F800C00E9A5A
:10B3900006EB83031D681768D9F80000D9F8082068
:10B3A000D9F80C30D9F8041032AC0FC4D9F8100019
:10B3B00032AA0DEB0B035A4420601E92C3F8C8C09A
:10B3C00032AA0DEB0A035244C3F8C870179B1F92B0
:10B3D0003CAA02EB830343F8285CCCBF01234FF067
:10B3E000FF332593069B78EEA8CA042BDFF890C0A4
:10B3F00000F00A84C346B246CDF8A890CDF898C0B4
:10B40000BBF1040F00F0CD83DDED367A9DED3B7A84
:10B4100077EE877A069BCDED367A032B00F0F48524
:10B42000BBF1030F00F0C983DDED357A9DED3A7A6B
:10B4300077EE877A022BCDED357A00F0F185BBF1FE
:10B44000020F00F0C583DDED347A9DED397A77EE99
:10B45000877A012BCDED347A40F01283BBF1000FD7
:10B4600040F0268310E000BF182D4454FB21194002
:10B47000182D4454FB210940D0380020483D0020BD
:10B4800028600020BD370635069B8DF8BDB08DF8CD
:10B49000BC30179B8DF8BE30189B18681BF0D4FD8C
:10B4A000199B064618680F4601F100491BF0CCFDB8
:10B4B0000446169B0D46186801F100431A941B932D
:10B4C0001BF0C2FD32463B4617F0AEFC0E9BCDE9A9
:10B4D000140118681BF0B8FD22462B4617F0A4FC97
:10B4E000B0460F4606461E9BCDE9226718681BF042
:10B4F000ABFDDDE9142317F0ABFC1F9B0446186875
:10B500000D461BF0A1FD32463B4617F0A1FC22463A
:10B5100006460F462B464046494617F0ADFC3246DC
:10B520003B46CDE91C01DDE91A0117F0A5FC0246F6
:10B530000B46DDE91C0117F077FC32463B46064618
:10B540000F464046494617F097FC22462B460446D4
:10B550000D46DDE91A0117F08FFC02460B46204626
:10B56000294617F075FC3B46324618F03FFA17F0B3
:10B57000F7FC0C9B09EE900A002B40F3DC825FED98
:10B580003F7AF4EEE79AF1EE10FA0BD81BF05CFD6F
:10B590000FF23453D3E9002317F046FC17F0E0FC18
:10B5A00009EE900A099D6B7D5E0740F19B82269B08
:10B5B000B0EE6C9AD3ED027AF4EEE7CAF1EE10FA2F
:10B5C00040F3D2823CEEE77AB6EE00DA67EE277AF5
:10B5D00029EE8DDAF5EE407A2DEE28DAF1EE10FA4A
:10B5E000B0EECDDA01F1F082B1EEE77ACDEE077A76
:10B5F000FBFE677AFCEEE77A17EE903A002B00F03C
:10B60000B3820999F8EE677A0A7D940608D591ED20
:10B61000007A27EE277A81ED007A22F020020A755F
:10B62000BBF1040F89EEA7EA00F01F86DAED046A89
:10B630009DED367A37EE667A069A87EE27BA032AA8
:10B6400001F05E81BBF1030F01F07781DAED036A4F
:10B650009DED357A37EE667A022A87EE27CA01F029
:10B660005B81BBF1020F01F07381DAED026A9DED9F
:10B67000347A37EE667A012AC7EE27BA40F0078798
:10B68000BBF1000F00F0138600F009BE1BF0DCFCDC
:10B690000FF23443D3E9002317F0C6FB17F060FC28
:10B6A00008EE100A82E538EEA89ADFF834C49CED63
:10B6B000027AB4EEC97AF1EE10FA40F16D8139EEFA
:10B6C000479AF6EE007A29EE079A68EE277AB5EEE9
:10B6D000409A67EEA88AF1EE10FAF0EEE88A01F1DE
:10B6E0006B82B1EEC97AC8EE877AFBFE677AFCEE10
:10B6F000E77A17EE903A002B00F04E810999F8EEA8
:10B70000677A0A7D900608D591ED007A27EE277AB0
:10B7100081ED007A22F020020A75069A88EE279AB7
:10B72000042A00F0E884B8F1040F01F07680D6ED29
:10B73000046A99ED047A37EE667AC7EE276A032A1F
:10B74000CDED3B6A00F0E584B8F1030F00F07A8597
:10B75000D6ED036A99ED037A37EE667AC7EE276A6B
:10B76000022ACDED3A6A01F09780B8F1020F40F05D
:10B77000D484012A0AD0D6ED016A99ED017A37EE18
:10B78000667AC7EE276ACDED386A4AB1D6ED006A0F
:10B7900099ED007A37EE667AC7EE276ACDED376A03
:10B7A000F0EE007ADFEDCC6AE9EE497AB1EE007A8C
:10B7B000B6EE006A37EE877A69EE266A67EE867A19
:10B7C000CDED1A7A66EE877A012BCDED177A00F06F
:10B7D000E380069A4FF0000B042A4FF0010A00F0B4
:10B7E0004387DDE90A455F461493D346CDF8709050
:10B7F000C2469CE017981BF027FCCDE90A011A9875
:10B800001BF022FC224680468946DDE90A012B46D0
:10B8100017F032FBDDE90423CDE90C01404649462F
:10B8200017F02AFB02460B46DDE90C0117F0FCFA83
:10B8300017F096FB844622462B4640464946CDF8F3
:10B8400030C017F019FBDDE9042380468946DDE9A5
:10B850000A0117F011FB02460B464046494617F015
:10B86000F7FA04460C980D461BF0EEFBCDE90401F7
:10B8700001372246DDE910012B4617F0D5FA17F003
:10B880006FFB169B1860DDE90423DDE9120117F058
:10B89000CBFA17F065FB0E9BBAF1040F186000F0AD
:10B8A000A984D6ED047A9DED3B7A77EE877A069BE4
:10B8B000C6ED047A032B00F05584BAF1030F00F0B3
:10B8C0008184D6ED037A9DED3A7A77EE877A022B62
:10B8D000C6ED037A00F05184BAF1020F00F07C84C7
:10B8E000D6ED027A9DED397A77EE877A012BC6ED97
:10B8F000027A00F04D84BAF1010F00F07784D6EDA2
:10B90000017A9DED387A77EE877A069BC6ED017A4B
:10B91000002B40F03D8430460999FFF767FB002873
:10B9200000F08B84149B0BF1010B5B4532D00C2F84
:10B930007FF460AF07EE90BAF8EE677A67EE897A27
:10B9400017EE904A204618F01EFD08EE100A204619
:10B9500018F016FD199B08EE900AD3ED009A189B7B
:10B9600029EEA87AD3ED007AA7EEC87AB1EE67AADD
:10B9700028EE698A17EE100A1BF066FBAAEE288AE9
:10B98000044618EE100A0D461BF05EFB0027CDE9B9
:10B9900004016EE7DDF87090484609993DB0BDECB2
:10B9A0000E8BBDE8F04FFFF721BBDFED4C7AB4EE14
:10B9B000E78AF1EE10FAFFF6F9AB1BF045FB42A364
:10B9C000D3E9002317F044FA17F0CAFA08EE100A78
:10B9D000FFF7ECBBB8F1030F37D096ED037AD9ED42
:10B9E000037A77EEC77A87EE897A77EE077A17EED1
:10B9F000900A1BF029FB36A3D3E9002317F03CFA89
:10BA000017F0AEFAB8F1020F3A907FF469AC96EDF8
:10BA1000017AD9ED017A77EEC77A87EE897A77EEE7
:10BA2000077A17EE900A1BF00FFB29A3D3E9002336
:10BA300017F022FA17F094FA069B3890002B7FF447
:10BA400087AC9BE4022B3FF468AC96ED027AD9ED0B
:10BA5000027A77EEC77A87EE897A77EE077A17EE61
:10BA6000900A1BF0F1FA1AA3D3E9002317F004FAA5
:10BA700017F076FA069B3990012B7FF44EAC67E401
:10BA8000BBF1010F00F0AF80DDED337A9DED387A28
:10BA900077EE877ACDED337A002B3FF4F5ACDDE419
:10BAA000DDED337A9DED387A77EE877ACDED337A16
:10BAB000DDED327A9DED377A77EE877ACDED327A09
:10BAC000E2E400BFAFF30080182D4454FB2119407D
:10BAD000182D4454FB210940ABAA2A3EBD3706B5B8
:10BAE00028600020444AD2F80C41002C3FF45FAD9E
:10BAF00043F004036B75DDE9140117F031FA30905F
:10BB0000DDE9220117F02CFACDED008A259B31905A
:10BB100002932F9B5146ADF804301B0C8DF8063074
:10BB2000364B32A8039330AB0CCBA0476B7D60F350
:10BB300041036B753BE5DFED327AF4EEE79AF1EE07
:10BB400010FAFFF62FAD1BF07FFA29A3D3E90023EB
:10BB500017F07EF917F004FA09EE900A22E5CDE914
:10BB60001AABB246DDF880B0099932A8FFF73EFA69
:10BB700032AC0FCC249ECAF800002068751ECAF8AB
:10BB80000410CAF80820CAF80C30CAF81000002EB9
:10BB900040F0AE82D8465646DDF8A890DDF898C051
:10BBA00085E5069B032B00F02686DDED357A9DEDBD
:10BBB0003A7A77EE877ACDED357A022B3FF470AF83
:10BBC000DDED347A9DED397A77EE877ACDED347AF2
:10BBD000012B3FF46DAFDDED337A9DED387A77EED2
:10BBE000877ACDED337A002B3FF44EAC60E700BF8F
:10BBF000182D4454FB211940D0380020483D002026
:10BC0000BD3706B5BD370635CDF8A090B246C14662
:10BC1000CDF898C0B9F1030F00F0A986DDED357AB3
:10BC20009DED3A7A77EE877AB9F1020FCDED357A4C
:10BC300000F02384DDED347A9DED397A77EE877A52
:10BC4000B9F1010FCDED347A40F09D84DDED327A0B
:10BC50009DED377A77EE877ACDED327A069B8DF8B7
:10BC6000BD908DF8BC30179B8DF8BE30189B1868BE
:10BC70001BF0EAF90646199B0F46186801F10043CC
:10BC8000229623931BF0E0F90446169B0D46186894
:10BC900001F10043209421931BF0D6F932463B4634
:10BCA00017F0C2F80E9BCDE9140118681BF0CCF90F
:10BCB00022462B4617F0B8F806460F461E9BCDE9E4
:10BCC0001A6718681BF0C0F9DDE9142317F0C0F8F3
:10BCD0001F9B044618680D461BF0B6F932463B46DA
:10BCE00017F0B6F8DDE9202306460F4617F0C4F832
:10BCF000DDE92223CDE91C012046294617F0BCF8D6
:10BD000002460B46DDE91C0117F08EF802460B4691
:10BD10003046394616461F46DDE9222317F0ACF8B7
:10BD200002460B462046294614461D46DDE92023DF
:10BD300017F0A2F802460B462046294617F088F86D
:10BD40003B46324617F052FE17F00AF90C9B09EEFB
:10BD5000900A002B40F325845FED567AF4EEE79AC3
:10BD6000F1EE10FA0BD81BF06FF90FF24C43D3E948
:10BD7000002317F059F817F0F3F809EE900A099D1F
:10BD80006B7D5A0740F1D683269BB0EE6C9AD3EDBB
:10BD9000027AF4EEEC7AF1EE10FA40F11D843CEEFA
:10BDA000E77AB6EE00BA67EE277A29EE8BBAF5EE9F
:10BDB000407A2BEE28BAF1EE10FAB0EECBBA58BFAB
:10BDC000B1EEE77A00F10887CBEE077AFBFE677ADF
:10BDD000FCEEE77A17EE903A002B00F0FD83099A0B
:10BDE000F8EE677A127D970609D5099922F02002AC
:10BDF00091ED007A27EE277A81ED007A0A75B9F184
:10BE0000030FC9EEA7DA00F0B786DAED036A9DEDFD
:10BE1000357A37EE667AB9F1020F87EE27CA00F05D
:10BE2000A186DAED026A9DED347A37EE667AB9F1D1
:10BE3000010FC7EE27BA0AD0DAED016A9DED337A19
:10BE400037EE667A87EE27AAB9F1000F07D0DAED50
:10BE5000006A9DED327A37EE667AC7EE27AAF0EED9
:10BE6000007AF1EE006AEDEEED7A9FEDD57AB6EE4E
:10BE7000006A77EEA66A2DEE877A67EE867ACDEDB8
:10BE80002B7A66EE877A012BCDED2C7A00F0A48315
:10BE9000DDE922454FF0010B4FF000082A937EE0C8
:10BEA0002C981BF0D1F806462B980F461BF0CCF8C7
:10BEB00032463B46CDE9220120462946CDE91C67A2
:10BEC00016F0DAFFDDE9222306460F46DDE9200100
:10BED00016F0D2FF02460B463046394616F0A4FF54
:10BEE00017F03EF8DDE9222306462946204616F0E3
:10BEF000C3FFDDE91C2304460D46DDE9200116F0F1
:10BF0000BBFF02460B462046294616F0A1FF044619
:10BF100030460D461BF098F8CDE9200108F10108E4
:10BF2000DDE914232046294616F07EFF17F018F8A5
:10BF3000169B1860DDE91A23DDE9200116F074FF75
:10BF400017F00EF80E9BB9F1030F186000F0C184D2
:10BF5000DAED037A77EE8C7AB9F1020FCAED037A43
:10BF600000F0AF84DAED027A77EEAB7AB9F1010F27
:10BF7000CAED027A40F05783DAED007A77EEAA7ABA
:10BF8000CAED007A50460999FFF730F8002800F012
:10BF9000B8852A9B0BF1010B9B4500F01B83B8F180
:10BFA0000C0F7FF47DAF07EE90BAF8EE677A67EE7C
:10BFB000AD7A17EE904A204618F0E5F90DEE100A1A
:10BFC000204618F0DDF9199B0BEE100AD3ED009A0C
:10BFD000189B2BEE297AD3ED007AA7EECD7AB1EE3D
:10BFE00067EA69EECD9A17EE100A1BF02DF8EBEE1A
:10BFF0000E9A044619EE900A0D461BF025F84FF0F4
:10C000000008CDE920018BE7BBF1020F3FF448ADFA
:10C01000DDED347A9DED397A77EE877ACDED347A9D
:10C02000BBF1010F3FF444ADDDED337A9DED387A7D
:10C0300077EE877ACDED337AFFF710BAB8F1020FB9
:10C040003FF4E5AC96ED027AD9ED027A77EEC77A45
:10C0500087EE897A77EE077A17EE900A1AF0F4FFE6
:10C0600053A3D3E9002316F007FF16F079FFB8F1C8
:10C07000010F39907FF451A9FFF76AB9032B3FF400
:10C080002FA996ED037AD9ED037A77EEC77A87EE7A
:10C09000897A77EE077A17EE900A1AF0D5FF44A353
:10C0A000D3E9002316F0E8FE16F05AFF069B3A90FB
:10C0B000022B7FF415A996ED017AD9ED017A77EE7E
:10C0C000C77A87EE897A77EE077A17EE900A1AF028
:10C0D000BBFF37A3D3E9002316F0CEFE16F040FFD6
:10C0E0003890FFF732B9B8F1010FE4D1FFF730B95A
:10C0F0002495FFF785B9B8F1030F00F0A680D6EDBF
:10C10000036A99ED037A37EE667AC7EE276ACDEDBA
:10C110003A6AB8F1020F3FF42EABD6ED026A99ED00
:10C12000027A37EE667AC7EE276A069ACDED396A4B
:10C13000012A11D0B8F1010F3FF427ABD6ED016A07
:10C1400099ED017A37EE667AC7EE276A069ACDED49
:10C15000386A002A3FF424ABB8F1000F7FF416AB25
:10C16000FFF71EBBBAF1020F5ED0D6ED027A9DED4D
:10C17000397A77EE877AC6ED027ABAF1010F0BD0E1
:10C18000D6ED017A9DED387A77EE877AC6ED017AA1
:10C19000BAF1000F3FF4BFABD6ED007A9DED377AD0
:10C1A00077EE877AC6ED007AFFF7B5BBAFF3008074
:10C1B000182D4454FB210940182D4454FB211940EB
:10C1C000ABAA2A3E022B2FD0D6ED027A9DED397A0A
:10C1D00077EE877AC6ED027A012BDDD0D6ED017AB3
:10C1E0009DED387A77EE877AC6ED017A002BD3D1B0
:10C1F000FFF791BB069B032B00F02082D6ED037A5C
:10C200009DED3A7A77EE877A022BC6ED037A0BD052
:10C21000D6ED027A9DED397A77EE877A012BC6ED5D
:10C22000027A7FF46CABB7E7D6ED017A9DED387AF0
:10C2300077EE877AC6ED017AAEE73DB0BDEC0E8BA6
:10C24000BDE8F08F022A00F05F84D6ED026A99ED16
:10C25000027A37EE667AC7EE276A069ACDED396A1A
:10C26000012A7FF46BAFFFF791BA069A032A00F018
:10C270006784DAED036A9DED357A37EE667A022A35
:10C2800087EE27CA00F03384DAED026A9DED347A36
:10C2900037EE667A012AC7EE27BA40F07F84DAEDDE
:10C2A000006A9DED327A37EE667AC7EE27AAF0EE85
:10C2B000007A5FED3D6AEEEE4E7AB1EE007AB6EEB0
:10C2C000006A37EE877A6EEE266A67EE867A012B71
:10C2D000CDED2C7A66EE877A3FF446AC012500223C
:10C2E0005646CDF880B0CDED2D7ADDE91AAB2F465C
:10C2F0001C922B938CE02D981AF0A6FECDE91A0122
:10C300002C981AF0A1FEDDE91A2304460D4640469A
:10C31000494616F0B1FD52465B46CDE9280120465C
:10C32000294616F0A9FD02460B46DDE9280116F064
:10C330007BFD16F015FE844622462B4640464946B4
:10C34000CDF8A0C016F098FD52465B4604460D4657
:10C35000DDE91A0116F090FD0B46024629462046FB
:10C3600016F076FD8046289889461AF06DFE8246C2
:10C370008B461C9B01331C934246DDE914014B465E
:10C3800016F052FD16F0ECFD169B524618605B4607
:10C39000DDE9220116F048FD16F0E2FD0E9B186063
:10C3A000209B042B00F0A880D6ED047A77EE8B7AE0
:10C3B000069BC6ED047A032B209B00F08C80032B98
:10C3C00079D0D6ED037A77EE8C7A069BC6ED037AA8
:10C3D000022B209B00F08780022B00F0F780D6ED27
:10C3E000027A77EEAB7A069BC6ED027A012B40F01B
:10C3F0001181209B002B67D130460999FEF7F6FD8D
:10C40000002800F037822B9B0137BB423FF4A7ABDB
:10C410001C9B0C2B7FF46FAF07EE907AF8EE677AD7
:10C4200067EE8E7A17EE904A204617F0ACFF0DEEBD
:10C43000900A204617F0A4FF199B0DEE100AD3EDC9
:10C44000009A189B2DEE297AD3ED007AA7EEED7AAB
:10C45000F1EE67EA69EEED9A17EE100A1AF0F4FDB4
:10C46000EDEE2E9A804619EE900A89461AF0ECFD00
:10C47000002382468B461C937EE7DDED337A9DEDEB
:10C48000387A77EE877ACDED337AFFF7DFBBBBF1F1
:10C49000010F00F06882DAED016A9DED337A37EE24
:10C4A000667A87EE27AA002A3FF401AFBBF1000F9E
:10C4B0003FF4FDAEF3E6069B022B29D1D6ED017ABF
:10C4C00077EE8A7AC6ED017AD6ED007A77EEAA7A0F
:10C4D000C6ED007A90E7022BF0D0D6ED027A77EE27
:10C4E000AB7AC6ED027A012BEED0D6ED017A77EE6B
:10C4F0008A7AC6ED017A7CE7069B032B00F0D48193
:10C50000D6ED037A77EE8C7A022BC6ED037AD5D07E
:10C51000D6ED027A77EEAB7A012BC6ED027AD3D054
:10C52000D6ED017A77EE8A7AC6ED017A002B3FF4D8
:10C5300063AFC9E7CC4AD2F80C41002C3FF424ACDD
:10C5400043F004036B75DDE9140116F009FD30902A
:10C55000DDE91A0116F004FDCDED008A259B31902E
:10C5600002932F9B5146ADF804301B0C8DF806301A
:10C57000BE4B32A8039330AB0CCBA0476B7D60F36E
:10C5800041036B7500E4DDED337A9DED387A77EE8B
:10C59000877ACDED337AB9F1000F7FF457ABFFF70F
:10C5A0005DBBDFEDB37AF4EEE79AF1EE10FAFFF639
:10C5B000E6AB1AF049FDAAA3D3E9002316F048FC24
:10C5C00016F0CEFC09EE900AFFF7D9BB069B012BB3
:10C5D000A6D179E7CDE92245099932A8FEF706FDF3
:10C5E00032AC0FCC249ECAF800002068751ECAF831
:10C5F0000410CAF80820CAF80C30CAF81000002E3F
:10C6000040F04F81C8465646DDF8A090DDF898C04E
:10C61000FFF74DB8209B012B40F03381069B002B88
:10C620003FF4EAAE50E7DAED017A77EE8A7ACAEDA6
:10C63000017AB9F1000F7FF49FACA3E496ED027A82
:10C64000D6ED017A9DED396ADDED386A37EE067A6E
:10C6500077EEA67A86ED027AC6ED017A9CE5012B8B
:10C660003EF476AEFFF7D3B9B8F1030F00F0918135
:10C67000CDF83080CDF870901493DDE90A8985E01B
:10C6800017981AF0E1FCCDE906011A981AF0DCFCC3
:10C6900004460D46DDE9040122462B4616F0ECFB6C
:10C6A000DDE90623CDE90A014046494616F0E4FBE0
:10C6B00002460B46DDE90A0116F0B6FB16F050FC07
:10C6C00022462B4607464946404616F0D5FBDDE993
:10C6D000062304460D46DDE9040116F0CDFB0246B3
:10C6E0000B462046294616F0B3FB8046384689465D
:10C6F0001AF0AAFCCDE904010BF1010B4246DDE979
:10C7000010014B4616F090FB16F02AFC169B1860A1
:10C71000DDE90423DDE9120116F086FB16F020FCAA
:10C720000E9B9DED3A7A1860D6ED037A77EE877A04
:10C730000C9BC6ED037A022B00F0D980D6ED027A6D
:10C740009DED397A77EE877A012BC6ED027A08D013
:10C75000D6ED017A9DED387A77EE877AC6ED017ACB
:10C760003BB1D6ED007A9DED377A77EE877AC6ED4C
:10C77000007A30460999FEF739FC00283FF45DAD98
:10C78000149B0AF1010A53453FF404A9BBF10C0FB5
:10C790007FF476AF07EE90AAF8EE677A67EE897AB3
:10C7A00017EE904A204617F0EEFD08EE100A2046DC
:10C7B00017F0E6FD199B08EE900AD3ED009A189B3E
:10C7C00029EEA87AD3ED007AA7EEC87AB1EE67AA6F
:10C7D00028EE698A17EE100A1AF036FCAAEE288AAB
:10C7E000804618EE100A89461AF02EFC4FF0000B16
:10C7F000CDE9040182E79DED347ADDED337A9DEDDC
:10C80000396ADDED386A37EE067A77EEA67A8DED75
:10C81000347ACDED337AFFF74BB9032A00F08081EB
:10C82000D6ED036A99ED037A37EE667AC7EE276A8A
:10C83000022ACDED3A6A7FF470ACD6ED016A99ED2B
:10C84000017A37EE667AC7EE276ACDED386AB8F11D
:10C85000000F7EF49BAFFEF7A3BF00BFAFF30080D5
:10C86000182D4454FB211940D0380020483D0020A9
:10C87000BD3706B5CDE91AABB246DDF880B0FFF79B
:10C8800077B9D6ED017A77EE8A7A069BC6ED017A02
:10C89000002B3FF4B1ADACE5B8F1010FCDD1FEF7FF
:10C8A00075BF2495FFF7B6B996ED027AD6ED017AF9
:10C8B00037EE2B7A77EE8A7A86ED027AC6ED017A28
:10C8C00002E6DAED017A77EE8A7ACAED017AFFF7AD
:10C8D00053BB9AED027ADAED017A37EE2B7A77EED6
:10C8E0008A7A8AED027ACAED017AFFF745BBD6ED66
:10C8F000017A9DED387A77EE877AC6ED017A30E7D6
:10C90000BBF1020F00F0F380DAED026A9DED347A9C
:10C9100037EE667AC7EE27BABBF1010F3FF4BFAC22
:10C92000DAED016A9DED337A37EE667A87EE27AA53
:10C93000BBF1000F3FF4BBACB1E4022A00F0D7809A
:10C94000DAED026A9DED347A37EE667AC7EE27BAE1
:10C95000012A3FF4A4ACDAED016A9DED337A37EE9B
:10C96000667A87EE27AA002A3FF4A1AC97E49DEDF2
:10C97000347ADDED337A9DED396ADDED386A37EED4
:10C98000067A77EEA67A8DED347ACDED337AFFF71D
:10C990005DB9CDF850900C93DDE90A8973E01798E2
:10C9A0001AF052FBCDE906011A981AF04DFBDDE9A9
:10C9B000042304460D4616F05FFA42464B46CDE985
:10C9C0000A01DDE9060116F057FA02460B46DDE9D9
:10C9D0000A0116F029FA16F0C3FA42464B460746FA
:10C9E0002946204616F048FADDE9042304460D46A0
:10C9F000DDE9060116F040FA02460B4620462946BC
:10CA000016F026FA8046384689461AF01DFBCDE915
:10CA100004010BF1010B4246DDE910014B4616F013
:10CA200003FA16F09DFA169B1860DDE90423DDE990
:10CA3000120116F0F9F916F093FA0E9B9DED395A92
:10CA40001860D6ED026A96ED017AD6ED007ADDED3A
:10CA5000385A9DED376A76EE856A37EE257A77EE9D
:10CA6000867A3046C6ED026A86ED017AC6ED007A16
:10CA70000999FEF7BBFA00283FF4DFAB0C9B0AF1E3
:10CA8000010A534558D0BBF10C0F88D107EE90AA8C
:10CA9000F8EE677A67EE897A17EE904A204617F02B
:10CAA00072FC08EE100A204617F06AFC199B08EE8B
:10CAB000900AD3ED009A189B29EEA87AD3ED007A5C
:10CAC000A7EEC87AB1EE67AA28EE698A17EE100AB7
:10CAD0001AF0BAFAAAEE288A804618EE100A894699
:10CAE0001AF0B2FA4FF0000BCDE9040193E7DAED4A
:10CAF000016A9DED337A37EE667A87EE27AAFFF753
:10CB0000CEBBCDE922456BE5D6ED016A99ED017A00
:10CB100037EE667AC7EE276ACDED386AFEF736BE85
:10CB2000D6ED026A99ED027A37EE667AC7EE276A89
:10CB3000CDED396AFFF702BBDDF85090FEF72CBF50
:10CB4000DAED025A9AED016ADDED346A9DED337A31
:10CB500076EEE56A37EE467AC6EEA7BA87EE27AAE2
:10CB6000FFF79DBBDAED016A9DED337A37EE667A09
:10CB700087EE27AAFFF76BB9DAED025A9AED016A40
:10CB8000DDED346A9DED337A76EEE56A37EE467A6E
:10CB9000C6EEA7BA87EE27AAFFF759B9DAED016A00
:10CBA0009DED337A37EE667A069A87EE27AA002A39
:10CBB0003FF47DABFFF773BB19EE100A1AF06CFA65
:10CBC00007EE100AFEF78FBD17EE900A1AF064FA0E
:10CBD00007EE100AFEF70ABD17EE900A1AF05CFA8B
:10CBE00007EE100AFFF7F0B82DE9F0412DED108B9C
:10CBF0009FEDA59A1446DFEDA58AF7EE009ADFEDCA
:10CC0000A4DAB0EE49AA86B0064688461068516894
:10CC10001D469268E3680DF1040CACE80F00206932
:10CC20001C9FCCF8000039EE289AB4EEE99AF1EE98
:10CC300010FA97ED001A97ED010A96ED00BA96EDFD
:10CC400001CA39FE898A79EEC87AD5ED001AD5ED88
:10CC5000010A6BEE082A2CEE083A61EE086A20EE13
:10CC6000087AE1EEA76AA0EEA77AE1EE272AA0EE05
:10CC7000273AD4ED00AAD4ED01BA61EE884A20EE3D
:10CC8000885A68EE222A28EE033A68EE265A28EEE1
:10CC9000076AE7EEA62AA7EE273AEAEEA74AABEE26
:10CCA000A75AF0EE656AB0EE467AE7EEA46AA5EE02
:10CCB000277A68EE222A28EE033A0023B6EE002AED
:10CCC000DDED01CA9DED02DAE7EEA62AA7EE273ACE
:10CCD00053E078EE287A67EE827A39EEE77A6BEEE7
:10CCE000276A2CEE276AE1EE076AA0EE076A21EEBA
:10CCF000275A60EE275AA1EE875AE0EE875A61EE76
:10CD0000A7FA20EEA7FA67EEA66A27EE866AEAEE91
:10CD100087FAA5EE876AABEE87FA27EEA5EAE7EE7B
:10CD2000056A67EE85EAAFEE07EAE7EE2FEA67EEFF
:10CD3000A66A27EE866AE7EE2E6AAEEE076A7DEEF9
:10CD4000034A3CEEA24AB0EE667AF0EE465AA4EEF2
:10CD5000427AE4EEC25AB0EEC77AF0EEE55A37EE08
:10CD6000257AB4EECA7AF1EE10FA0FD9B0EE463A4F
:10CD7000F0EE662AB0EE678A012378EE683AF4EEA8
:10CD8000ED3AF1EE10FAB0EE639AA2DAABB1414699
:10CD900001A8F0EE488ACDED012A8DED023AFEF7AA
:10CDA00025F928B1B4EEE98AF1EE10FA3FF53BAF70
:10CDB00006B0BDEC108BBDE8F081B0EE005AF6EE87
:10CDC000005A59E0F0EE687AE3EE857AF4EEE97AFB
:10CDD000F1EE10FADBDA39EEE77A2BEE276A6CEE29
:10CDE000276AA1EE076A61EE27EAE0EE076AE1EE44
:10CDF00087EA60EE273A21EEA7EA27EE866AE0EEA0
:10CE0000873AAAEE87EAA7EE2E6A20EEA72A67EEF7
:10CE1000A66A27EEAE4AABEE872AA7EE0E4AE3EEED
:10CE2000876A67EEA34A27EE866AE2EE074AA7EE14
:10CE3000046A67EEA66AE4EE876A7CEE864AB0EE84
:10CE4000627A3DEE264AA4EEE57AF0EE434AE4EE3D
:10CE5000654AB0EEC77AF0EEE44A37EE247AB4EED3
:10CE6000CA7AF1EE10FA92DCB0EE678AB0EE663A5A
:10CE7000F0EE462A77EEE83AF4EECA3AF1EE10FA0E
:10CE8000B0EE639A9ED982E7CDCCCC3D0000000085
:10CE90006F12033B2DE9F04F2DED048B85B09DF80B
:10CEA0004A80149D4FEA880A03EB880895ED057ABD
:10CEB000D8ED007AF4EEC77AF1EE10FA9DF848400A
:10CEC0001E46137D03949DF8494043F001030294EC
:10CED000834614468946139F137500F1B380AB7ED9
:10CEE000D9F80400D9F80810D9F80C20012BD9F88A
:10CEF000003008BF95ED059A7060B1603360F26054
:10CF0000D9F81030214633613046C8ED007A18BF99
:10CF1000B0EE679AFEF76AF8002872D07B1E019384
:10CF2000002F5FD0BBF1490F00F097800027AA4483
:10CF300098ED008AD5ED057AB4EEE78AF1EE10FAA5
:10CF400000F315819AED007AB4EEC87AF1EE10FA8A
:10CF50001FD467E06B7E2BB120693A464FF0000189
:10CF6000436A9847237D2A7E214662F3000388EDB9
:10CF7000009A30462375FEF739F8002841D06B7EC1
:10CF8000002B43D19AED007AB4EEC78AF1EE10FA85
:10CF900048DDD5ED037A38EE678AB4EEC78AF1EE44
:10CFA00010FA48BFB0EE478A237D214623F00103E3
:10CFB0002375304688ED008AFEF718F808B3D5EDE2
:10CFC000048AF5EEC08AF1EE10FAC3DD1AF06CF8AF
:10CFD0000228BFD003F060F8002118EE900A01F09B
:10CFE0009DF8B7E733687068B168F268C9F8003037
:10CFF000C9F80400C9F80810C9F80C203369C9F849
:10D00000103005B0BDEC048BBDE8F08FE2682179EB
:10D0100020690AF0E1FE9AED007AB4EEC78AF1EEDB
:10D0200010FAB6DC237D43F001032375019B002B2E
:10D03000D8D07C4B1B79002B40F0D280019B013B68
:10D04000019375E788ED007A11463046FDF7CEFF73
:10D050000028D6D0D8ED007A41E74FF0000B98EDCC
:10D06000008AD5ED057AB4EEE78AF1EE10FA00F306
:10D070008A8005EB0A0797ED007AB4EEC87AF1EEE4
:10D0800010FA4CD5D5ED037A38EE678AB4EEC78A2C
:10D09000F1EE10FA48BFB0EE478A237D214623F017
:10D0A00001032375304688ED008AFDF79FFF0028B5
:10D0B000A7D0D5ED048AF5EEC08AF1EE10FA3DDC7A
:10D0C0006B7E2BB120695A464FF00001436A9847A6
:10D0D000D8ED007A97ED007AF4EE477AF1EE10FA87
:10D0E00017BF514BF0EE497A93ED037A77EE877ACA
:10D0F000237D2A7EC8ED007A62F300032146304684
:10D100002375FDF773FF00283FF47BAF6B7E0BBBED
:10D1100097ED007AB4EEC78AF1EE10FAB2DC237D07
:10D1200043F001032375019B002B3FF45BAF3D4BA4
:10D130001B79A3BB019B013B019390E719F0B4FF5E
:10D140000228BDD002F0A8FF002118EE900A00F0DE
:10D15000E5FFB5E7E268217920690AF03DFE97ED29
:10D16000007AB4EEC78AF1EE10FA8BDCD7E7C8ED8F
:10D17000007A21463046FDF739FF00283FF441AFE1
:10D1800098ED008ADEE6C8ED007A21463046FDF7CC
:10D190002DFF00283FF435AF98ED008A69E7039B27
:10D1A000029906EB830205EB830393ED007AD2ED3F
:10D1B000007A77EE877AC2ED007A06EB810305EB01
:10D1C000810797ED007AD3ED007A77EE877A2146D2
:10D1D0003046C3ED007AFDF709FF0028AAD110E719
:10D1E000039B029906EB830205EB830393ED007A20
:10D1F000D2ED007A77EE877AC2ED007A06EB8103F2
:10D2000005EB810C9CED007AD3ED007A77EE877AFE
:10D2100021463046C3ED007AFDF7E8FE00287FF492
:10D220000DAFEEE6C047002028600020D2ED057A61
:10D23000B7EE007AC7EE277A2DE9F04F92ED087A23
:10D2400017EE908ADFEDA87A2DED088B67EE277A2E
:10D250000F4692F82CA089B01AF0010B18BFD2ED3E
:10D26000078A044608BFDFEDA18A17EE900A1AF07C
:10D27000020A1546994692ED038A14BF92ED079A69
:10D280009FED9A9A17F09CF997ED02BA0AEE900A70
:10D2900095ED04AAF0EE4B9A0026EAEE2A9A386839
:10D2A0007968BA68FB680DF10C0CACE80F003869BE
:10D2B000CCF80000013607EE906AF8EE677A414636
:10D2C00017EE900A16F080FD07EE900A68EE277AB6
:10D2D000B4EEE7AAF1EE10FAECDC95ED01AA3AEE15
:10D2E0004BAAB5EEC0AAF1EE10FAAA6A08DDBBF1AE
:10D2F000000F01D0F1EE688ABAF1000F40F0F18022
:10D3000095ED067AB5EE407A78EE897AF1EE10FA6C
:10D3100037EE8AAA07D027EE0A7A7AEE677AC7EE46
:10D32000276AC5ED066AF5EE40AAF1EE10FA237DF4
:10D3300043F00103237540F0DB80961918BF4FF0CE
:10D34000010A00F0B380D5ED027A95F82C3078EE22
:10D35000277ADA0748BF95ED046A97ED007AD5ED94
:10D36000096A4ABF77EEC67AA6EEA77AA7EEA67A32
:10D37000214603A88DED037AFDF738FE002800F062
:10D38000958002F089FE002800F0A080217D22799E
:10D39000237E21F0010143F0020342F08002217557
:10D3A0002271237695F82C30DB0715D59DED057A93
:10D3B000DDED037A95ED096AD5ED046A37EE687AFA
:10D3C000E6EE267A214603A88DED057ACDED037AA7
:10D3D000FDF70CFE002869D0DDED057A77EE8A7A3C
:10D3E000214603A8CDED057AFDF700FE00285DD0AB
:10D3F00095F82C30980715D5DDED037A9DED057A6B
:10D4000095ED046AD5ED096A37EE497AE6EE667A5B
:10D41000214603A88DED057ACDED037AFDF7E6FDF3
:10D42000002843D002F038FE002855D0227D237911
:10D4300042F0010223F080035645227523713AD051
:10D440000AF1010A07EE90AAF8EE677A414617EE54
:10D45000900A95ED038A16F0B7FC07EE100AD5ED99
:10D46000047A28EE078AB4EEE78AF1EE10FA58BF84
:10D47000B0EE678AD5ED096A97ED007A78EE677AA3
:10D48000A7EEA67A214603A88DED037AFDF7AEFD3F
:10D4900060B1237E214669F34103237603A8CDEDD5
:10D4A000059AFDF7A3FD00287FF44DAF09B0BDEC50
:10D4B000088BBDE8F08F3B68214603A80393FDF776
:10D4C00095FD09B0BDEC088BBDE8F08F19F0ECFDBF
:10D4D00000283FF45BAFE9E719F0E6FD0028A5D08E
:10D4E000E4E7B1EE499A0BE735FA8E3C0000000004
:10D4F000F0EE697AE8EE6A7A214603A80192CDED52
:10D50000057AFDF773FD019A0028CFD09619CDD08A
:10D51000F1EE6AAA4FF0010AD5ED027A95F82C30A7
:10D5200078EE277AD90748BF95ED046A97ED007A1F
:10D5300048BF77EEC67AD5ED096AA7EEA67A2146EE
:10D5400003A88DED037AFDF751FD0028AED002F05F
:10D55000A3FD002800F09980217D2379227E43F0ED
:10D56000800342F0020221F001012276217523712D
:10D5700095F82C30DA0715D59DED057ADDED037AA7
:10D5800095ED046AD5ED096A37EE687AE6EE267AFB
:10D59000214603A88DED057ACDED037AFDF726FD32
:10D5A000002883D0DDED057A77EE8A7A214603A83C
:10D5B000CDED057AFDF71AFD00283FF477AF95F819
:10D5C0002C309B0716D5DDED037A9DED057A95EDA0
:10D5D000046AD5ED096A37EE497AE6EE667A2146A5
:10D5E00003A88DED057ACDED037AFDF7FFFC002849
:10D5F0003FF45CAF02F050FD00284CD0227D23792F
:10D6000042F0010223F080035645227523713FF456
:10D6100052AF0AF1010A07EE90AAF8EE677A414686
:10D6200017EE900A95ED038A16F0CEFB07EE100A6E
:10D63000D5ED047A28EE078AF4EEC87AF1EE10FAF6
:10D6400038FE278AD5ED096A97ED007A78EE677A79
:10D65000A7EEA67A214603A88DED037AFDF7C6FC56
:10D6600000283FF423AFF0EE697AEAEE887A237E51
:10D67000214669F34103237603A8CDED057AFDF732
:10D68000B5FC00287FF448AF10E719F00DFD002825
:10D690003FF462AF0AE719F007FD0028AED005E7B6
:10D6A0008C46838A70B543F4C26343F00403C96DAA
:10D6B0008382DCF8C4301E4CC361016094F85A3197
:10D6C00005465B071FD51B4B0CF194041146204601
:10D6D000D3F81031184A984729462046FDF786FCB2
:10D6E00019F0E2FC30F4007301D0002070BD01F0AD
:10D6F00013F90028F9D020200BF000F80CF0C0FB43
:10D700000CF0E2F9F1E70D4B93F8C91061B1094A49
:10D710000CF19404D2F80861204601226833B04726
:10D720000028D9D10F2070BD0CF19404D4E700BFBC
:10D7300028600020D0380020483D0020E03C002038
:10D7400010B5044619F0B0FC022800D110BD02F05B
:10D75000A3FC2046BDE81040002100F0DFBC00BF64
:10D760002DE9F04F89B004460F46904619F09CFC15
:10D77000022800F0E880DFF88CB29BF85531DA0718
:10D7800000F1BB809F4DDFF8A89204F1140636ED3E
:10D79000017AD5ED2C7A67EE277A17EE900A19F008
:10D7A00043FCA642A5F1200549F8040DEFD1964BA4
:10D7B000964E1B7F86F82A3002F06EFC0546002844
:10D7C00000F09780DFF85492D9F8B0304BB119F0DF
:10D7D0006BFCB0F5007F04D096F850309B0740F00A
:10D7E000BE8000250095D9F8B430002B5DD003A889
:10D7F00087490EF095FA94ED047ADDED075AD4EDE1
:10D80000037A9DED066A37EE657ADFED826AB0EE47
:10D81000C77A77EEC67AB4EEE67AF0EEE77AF1EE02
:10D8200010FAF4EEE67ADDED056AD4ED027A77EED1
:10D83000E67A9FED787AF0EEE77ACCBF01200020FF
:10D84000DDED046AF1EE10FAF4EEC77AD4ED017A58
:10D8500077EEE67A9FED6F7AF0EEE77A4FEA001006
:10D86000C8BF40F00800DDED036AF1EE10FAF4EEF7
:10D87000C77AD4ED007A77EEE67A9FED667AF0EE1D
:10D88000E77AC8BF40F00400F1EE10FAF4EEC77A70
:10D89000C8BF40F00200F1EE10FA3A462146D9F82E
:10D8A000B430C8BF40F001009847337ADFF884A154
:10D8B00023F0020301213372C8F3C000DAF80C31FF
:10D8C0009847DAF81031984700F00303022B1CD078
:10D8D0000421DAF848305048984702F077F80021E0
:10D8E000DAF80C31084698478DBBD9F8B83003B147
:10D8F0009847022009B0BDE8F08F484B0021204630
:10D90000D3F81031464A98473CE739462046019300
:10D91000FDF76CFB0028ECD0019B4248194601231F
:10D9200086F84030DAF84030984707E019F0BCFB41
:10D9300030B319F0B9FBB0F5007F21D002F046F802
:10D940000028F3D1D5E7002009B0BDE8F08F00230F
:10D95000009A19461846D9F8B040A047C5E73249A1
:10D960000820D9F8B0A00EF011FA002101230246D8
:10D9700000900846D0477B7D60F3C3037B7532E798
:10D9800096F84030012B29D0337A43F002033372EA
:10D990000024DAF80C312146204686F840409847AA
:10D9A00002F014F835B1234621462046009AD9F8F2
:10D9B000B040A0470CF0BAF800F0EEFE01F03AFBE0
:10D9C0009BF94C31002B1ADBD9F8B83003B19847DA
:10D9D000307AC0F3400009B0BDE8F08F134C18F066
:10D9E000100F04F188070FCF0FC43B682360CFD11D
:10D9F0000521DAF8483004F10C009847C8E704F034
:10DA0000EDF9E1E728600020C0470020E03C00205D
:10DA1000943D002017B7D138283D0020D038002091
:10DA2000483D0020243D00200000A0400C3D002087
:10DA3000203D0020F839002010B50D4C82B023782D
:10DA400013B1002002B010BD00F0DCFF0028F8D0B8
:10DA5000A37A019023F0050343F00403A3720CF0B2
:10DA600099F90CF00DFA0CF02FF8019802B010BDE6
:10DA7000E03C002010B5044602F00EFB024B1A7881
:10DA800002B95C7710BD00BFE03C002000212DE909
:10DA9000F043B94CB94B94F8C22183B01960910698
:10DAA0000546C7B228D513F8A41CA3F1B00607BBDE
:10DAB00011BB96F850304FF01F0043F01F0386F85B
:10DAC0005030FCF72FFA01F081FF002800F0488168
:10DAD0001F2794F8C2319B0640F1B680377B1F2385
:10DAE000FF431F400021384686F85030FCF71AFAF1
:10DAF000AAE0394000F0B280D4ED117AF5EEC07A98
:10DB0000F1EE10FA40F2BF8094F85A31DFF87C82CF
:10DB10001A070BD598F8083243B9D8F85C30984703
:10DB200019F08EFAC0B2002840F00D8104200AF0EE
:10DB3000E5FD94F84D1111F0100608D1012190482F
:10DB4000D8F84030984731468E4800F0E7FA0AF09E
:10DB50007DFA002858D1D8F878309847C0B200280C
:10DB60005AD1002F5ED1884E94F8C67196F8503085
:10DB7000327B23EA020386F85030002F40F0888081
:10DB800094F8C791B9F1000F40F0A38094F8C891C0
:10DB9000B9F1000F40F0AA8094F8C991B9F1000FD3
:10DBA00040F0B18094F8CA91B9F1000F40F0B8800C
:10DBB00094F85A014946D8F8583000F001009847C7
:10DBC000002F40F0D28004200EF06EF994F85A3104
:10DBD00003F00303032B09D16C4BDB6D984719F05D
:10DBE0002FFA694B93F8C830034234D1FBF7CCFFCE
:10DBF00000250121664BD3F8AC300BB1384698476D
:10DC0000284603B0BDE8F083F6F7B8FCD8F87830C2
:10DC10009847C0B20028A4D04FF00000F6F7BEFC31
:10DC2000002FA0D02846FCF713FF054694F85A01B0
:10DC30004FF00001D8F8583000F00100984701F08B
:10DC4000C5FEB0B1002D37D101F0F4F95149524869
:10DC50000EF066F8B7E700212D25CBE796F8503097
:10DC60003B4386F85030FCF75DF901F0AFFE002829
:10DC7000EAD1B946464BD3F8AC3013B1002148463F
:10DC80009847FF25BCE70525284603B0BDE8F0838B
:10DC90003846FCF7DDFE054600283FF471AF94F8E6
:10DCA0005A014FF00001D8F8583000F001009847B1
:10DCB00001F08CFE0028DCD019F0F6F904284BD0D6
:10DCC000334BD3F8AC30002B9AD00021384698471C
:10DCD00096E74846FCF7BCFE4F4605460028DED1D5
:10DCE00094F8C891B9F1000F3FF456AF4846FCF7DD
:10DCF000AFFE4F4605460028D1D194F8C991B9F13D
:10DD0000000F3FF44FAF4846FCF7A2FE4F460546D2
:10DD10000028C4D194F8CA91B9F1000F3FF448AF7C
:10DD20004846FCF795FE0546E8B9014694F85A01C5
:10DD3000D8F8583000F00100984701F047FE00285D
:10DD400098D04F46C5E619F0C3F901211348D8F819
:10DD500048309847FF2553E700200AF0CFFCAFE793
:10DD60004FF01F0986E74F4699E701F02FFE002884
:10DD70007FF4AFAEB9467DE728600020903D0020DB
:10DD8000243D0020CDCCCC3DE03C0020F8390020E3
:10DD9000D0380020943D002030480020283D00204D
:10DDA000704700BF00210F4A917320B930231046FD
:10DDB00000F80D3F704710B40B4C034602F10E0003
:10DDC0001946A4FB03C2D20802EB820CA3EB4C035E
:10DDD0003033092900F8013D1346F1D85DF8044BB2
:10DDE000704700BFFC440020CDCCCCCC07EE100A1D
:10DDF000B5EEC07A0022F1EE10FA3E4B70B59A7380
:10DE00003D4B48BFF1EE477A03EB8103D3ED006A47
:10DE100058BFF0EE477A77EEA67AFCEEE76A16EE88
:10DE2000904A002944D0F8EE666A012977EEE67A36
:10DE300053D00B46DFED316A023B012B67EEA67A29
:10DE4000FAD8CB0749D4FCEEE77A17EE903A2C4D7E
:10DE50000139C8B22B4EA5EB000C6A1C002B41D037
:10DE6000A6FB03E1C90801EB810EA3EB4E0330339F
:10DE700002F8013D62450B46F0D12B1A2E2203F821
:10DE8000012CDCB11F4D581E2146A5FB0423DB08E5
:10DE900003EB8302A4EB4202303209291C4600F84E
:10DEA000012DF1D8B5EEC07AF1EE10FA10D470BDA4
:10DEB0002E22154B03F8012C002CE3D1B5EEC07ACD
:10DEC0003022F1EE10FAA3F1020003F8022CEED595
:10DED0002D2300F8013C013870BDF2EE046A67EEB4
:10DEE000A67AB0E7302302F8013D9445FBD12B1A06
:10DEF000C4E700BFFC44002028E102100000C84233
:10DF000009450020CDCCCCCC0A45002010B52E21EF
:10DF1000044618F03BF988B1204618F09FFE431ED6
:10DF2000E25C2344302A05D1002103F801191A7854
:10DF3000302AFAD02E2A04BF00221A70204610BDC3
:10DF4000F0B50B68C418C35C2D2B4BD02B2B0ABF2C
:10DF5000637804F1010C04F1020C002B40D0002680
:10DF600035463446B646214F303B092B23D85DBB9E
:10DF70008BB974B30EF1010EBC422AD91CF8013BD7
:10DF80000126002BF0D1ACEB000C0CF1FF33146038
:10DF900000200B60F0BD0EF1010EBEF1090FEBD9B0
:10DFA000042BE9D91CF8016BA6F13003002EEAD04E
:10DFB000092BDDD90126023310D17DB91CF8013BB4
:10DFC00063B1303B092B09D873B9BC424FF001054E
:10DFD000D4D804EB840403EB4404CFE7002ED2D161
:10DFE0000220F0BD0420F0BD1720F0BD99999919C9
:10DFF0002DE9F0410B68074610F8038000EB030C95
:10E00000B8F12D0F06D0B8F12B0F03D043460CF119
:10E01000010C03E09CF801300CF1020C1846002BB7
:10E020004ED0002005460446864606460FE003B95A
:10E030000CB10EF1010EBEF1090F43D8012004EB23
:10E040008404761B03EB44041CF8013B53B1303BC2
:10E05000092BECD9023305D125B91CF8013B012568
:10E06000002BF4D160B307EE904AF8EE677AF5EE34
:10E07000407AF1EE10FA17D0751C0CDA9FED177A82
:10E08000334602335C1C67EE877AFADB0236734252
:10E0900023F001031E44731C1AD02EB1B2EE047A91
:10E0A000013E67EE877AFBD1B8F12D0F08BFF1EE84
:10E0B000677AACEB070C0CF1FF33C2ED007A0B6012
:10E0C000BDE8F08115B901200136BDE72846BBE760
:10E0D0009FED037A67EE877AE6E700BF0AD7233C15
:10E0E000CDCCCC3D07EE900AF4EE677AF1EE10FA53
:10E0F0000FD6F6EEE76A77EEE67A9FED077AF0EE56
:10E10000E77AF4EEC77AF1EE10FA4CBF0120002056
:10E1100070470020704700BF6F12833A07EE900AE5
:10E12000B3EE047A67EE877AFAFE677AFCEEE77A56
:10E1300038B517EE904A84B10F4D21B101F06EF958
:10E1400068B9002038BD01F041FC0028F9D0002159
:10E150003220EB6B9847013CF5D1012038BD0AF025
:10E16000BDFA01460028ECD13220EB6B9847013C08
:10E17000E4D10120F2E700BFF839002090ED045A05
:10E18000DFED257AD0ED035AB4EE675A90ED026ABE
:10E19000F1EE10FAF5EE405AD0ED016A18BFE5EE47
:10E1A000057AF1EE10FAB5EE406A90ED007A18BFEC
:10E1B000E5EEA57AF1EE10FAF5EE406A18BFE6EE4C
:10E1C000067AF1EE10FAB5EE407A18BFE6EEA67ABE
:10E1D000F1EE10FA18BFE7EE077AB7EE004AF1EE5B
:10E1E000E74AC4EE247A034627EE855A67EEA55A1D
:10E1F00027EE866A67EEA66A27EE277A14EE900A63
:10E2000083ED045AC3ED035A83ED026AC3ED016A3C
:10E2100083ED007A704700BF00000000000000009E
:10E2200030B500249FEDB47B22464FF0FF31B44B54
:10E23000944603ED027BA3F1180ECEE90111C3E968
:10E2400000449C60AF4C43F8181CCEF80C1010F83A
:10E25000013BE15C490700F18080542B59D000F26A
:10E2600086802D2B55D03A2B53D053BB0CF1FF3168
:10E27000042926D8DFE801F01D20202090002D2B56
:10E2800040F08681A2F2B273812B40F2168110F821
:10E29000013BE25C550700F11A81542B00F07581B7
:10E2A00000F27E812D2B00F070813A2B00F06D8101
:10E2B0003BB900234FF0010C00220CF1010C002BA4
:10E2C000C5D1DEE904130B43DEE902021343034325
:10E2D000DEE900210B431343002B40F396808A486C
:10E2E00030BD3A2B40F0E680172A40F2AF8010F89C
:10E2F000013BE25C520700F1B180542B06D000F2E2
:10E3000025812D2B02D03A2B40F002814FF0040CD6
:10E310000022BCF1050F00F24C8101A151F82CF054
:10E320007FE200100FE40010A3E30010E3E200100E
:10E3300039E30010CDE300103A2B40F0EC803B2A8B
:10E3400000F29680CEF8042010F8013BE25C5507FD
:10E3500040F1948000224FF0050C02EB8202A3F101
:10E36000300101EB4202002B7FF471AFA9E75A2B79
:10E37000A7D10CF1FF31042900F21B8101A555F84A
:10E3800021F000BFB9E20010B9E20010B9E20010BC
:10E39000B9E20010FBE300103B2A92D8CEF800202F
:10E3A0008FE7542B4FD1002A73D0DEF81030574D31
:10E3B00023EAE371012B695C00F0D580914201D31F
:10E3C000CEF80C2000224FF0030C40E710F8013B80
:10E3D000E25C520700F18580542B00F0B18000F21E
:10E3E000BE802D2B00F0AC803A2B00F0A980002BD2
:10E3F0007FF467AF4FF0060C5EE73B2A01D8CEF8FA
:10E40000002000224FF0060C21E7002030BD2D2B0C
:10E4100040F0C980013A0B2A00F28080CEF810202B
:10E4200010F8013BE25C51077DD4542B00F0AA8028
:10E4300000F2B2802D2B00F0A5803A2B00F0A280D4
:10E44000002B7FF43EAF4FF0020C35E7CEF80820EA
:10E4500010F8013BE25C51077FF54FAF0022A3F1BA
:10E46000300102EB82024FF0040C01EB42027AE72A
:10E4700010F8013BE25C51073FF56CAF542B5CD0C8
:10E4800068D82D2B59D03A2B57D00022002B85D09D
:10E4900017E710F8013BE15C4D0754D4542B00F012
:10E4A00085806BD82D2B00F081803A2B7ED0002BFD
:10E4B0007FF407AF4FF0030CFEE6A2F26C72CEF8C9
:10E4C000142010F8013BE25C52077FF5E6AE62468D
:10E4D000A3F1300102EB82024FF0010C01EB42028A
:10E4E00041E70022A3F1300102EB82024FF0060C5B
:10E4F00001EB420237E700BFFFFFFFFFFFFFFFFF17
:10E50000B838002001070310A038002008E10210ED
:10E51000002B7FF4D6AE4FF0040CCDE610F8013B93
:10E52000E25C520781D50022A3F1300102EB8202A6
:10E530004FF0020C01EB420215E74FF0050CE7E645
:10E540004FF0060CE4E64FF0030C06E75A2B7FF47D
:10E55000B8AEE0E75A2B7FF4B4AE00224FE75A2B57
:10E560007FF4AFAE46E7DEF81430642B3FF426AFFD
:10E5700003F00303002B08BF01311FE75A2B7FF480
:10E58000A0AE97E74FF0020CC2E64FF0010CBFE6D9
:10E5900062464FF0010C5AE65A2B7FF492AE52E7D6
:10E5A0005A2B7FF48EAE4FF0010C85E64FF0030C32
:10E5B000AEE600220CF1010C49E600BF034630B183
:10E5C00000205A1E134000F10100FAD17047704735
:10E5D000704700BF064A53681168994206D0591C1B
:10E5E00001F00F011344187A516070470020704702
:10E5F000AC460020064A53681168994206D0591C5F
:10E6000001F00F011344187A5160704700207047E1
:10E610001C620020064A53681168994206D0591CB2
:10E6200001F00F011344187A5160704700207047C1
:10E6300024460020002305480549064A436003603C
:10E640004B600B6053601360704700BF244600208E
:10E650001C620020AC4600202DE9F047DFF824A121
:10E66000DFF82481DAF80050D8F80020AF6DBA4204
:10E6700045D0D7ED0B7AD7ED0C6A77EEA77A97EDF8
:10E680000A7A67EEA67AB4EEE77AF1EE10FA58BF8E
:10E69000B0EE677ABC6D87ED097AA24263D0DFF8ED
:10E6A000E0901EE094ED0A7AD4ED097AF4EE477A10
:10E6B000F1EE10FA11D0D4ED0B6AD7ED097A94ED92
:10E6C0000C6A76EEA66AE6EE867AB4EEE77AF1EEAA
:10E6D00010FA77FE877AC4ED097A9542274610D062
:10E6E0002C46A56DD9F80030AB42DBD100200BF0F1
:10E6F000FDFAD8F80020D5E708B1C8F80060BDE8F9
:10E70000F087DAF80050D36DAB42F8D0D2ED097A39
:10E7100000201EE0D2ED0B6A92ED0C6A76EEA66A3E
:10E72000E6EE867AB4EEE77AF1EE10FA18DDC3ED84
:10E73000097A1E46012093ED0A7AB4EE677AF1EE6B
:10E7400010FAD96D04BF1E460120A9421A46D3D043
:10E750000B4693ED097AB4EEE77AF1EE10FAD9DCC4
:10E76000F0EE477AE7E7064B1B689A42CBD10020D0
:10E770000BF0BCFAD8F80020DAF80050C3E700BF6D
:10E78000F8430020EC430020F0430020014B1868C0
:10E79000704700BFF44300202DE9F047DFF82481E3
:10E7A000D8F80050002D52D0DFF81C913D4E3E4F5E
:10E7B0003468BCB1D7F800A0544513D00025206DB3
:10E7C00010B115F053FF2565606D00283AD0F5F7BC
:10E7D000F5FE3368D7F800A0DC6D54453460EED107
:10E7E000D8F8005000212C22304817F04DFCD9F801
:10E7F000001001EB410305EB4313AB65002943D047
:10E8000005F160030122EB652B468A42C3F8B8305C
:10E8100003F1C0000AD00132C3F8BC008A4203F100
:10E820006003C3F8B83003F1C000F4D1C3F8BC50A2
:10E8300001201F4BEA6D3D601A601E4B35601D6064
:10E84000BDE8F087E46D54453460B8D1C8E71A4B91
:10E85000DFF87490DE8A3446601C00EB4000400113
:10E86000C9F8004015F0DAFE0546C8F8000068B1A6
:10E87000A6429BD01149124818F012FCD8F800505B
:10E88000002D93D10020DBE7ED65D1E7282C05D9D9
:10E89000FA2C34BF0A236423E41ADDE7A642F1D040
:10E8A000E8E700BFF8430020EC4300202C50002094
:10E8B0001C4F0020F043002028600020107E021032
:10E8C000451B0110E8430020F443002038B50C4DEF
:10E8D0000C4B2C681B689C4211D0206D18B115F0B0
:10E8E000C5FE00232365606D10B1F5F767FE2C6847
:10E8F000054AE36D11682B60A14208BF136038BD63
:10E90000F8430020EC430020F0430020014B18683E
:10E91000704700BFEC430020034A044B10681B689B
:10E92000834208BF00207047F8430020EC430020DA
:10E93000044B054A1B681268DB6D9A4214BF586A83
:10E9400000207047F8430020EC430020044A054BA8
:10E9500010681B68C01AB0FA80F04009704700BF09
:10E96000F84300201C4F002010B5037F2DED028BD3
:10E970005906044690ED0F8A1DD490F94020002AD4
:10E9800019DBDA0722D51D4B9FED1D7AD3ED057AF1
:10E99000F8EE677A67EE877A27EE888AF7EE007AD4
:10E9A000B4EEE78AF1EE10FA78FE277A17EE900AB5
:10E9B000BDEC028B10BDE36C0120DB6B9847D0ED02
:10E9C000007A237F28EE278ADA07DCD4DB060AD414
:10E9D0000A4B9FED0B7AD3ED047AF8EE677A67EE77
:10E9E000877A28EE278AD4ED0E7AF4EEC87AF1EE13
:10E9F00010FA48BFB0EE678AD0E700BFE03C0020C5
:10EA00000AD7233C2DE9F04F2DED028B88460346B3
:10EA10006D4997B00C68582200212046019317F0E9
:10EA200033FBD8F80400D8F80810D8F80C20D8F830
:10EA3000103020646164A264E364D8F814300DF1EE
:10EA4000300BE36198F818305E46A376D8F81C3096
:10EA50000525236298F81930DFED5C8A6376D8E9E2
:10EA60000823C4E91423237F0DF11C0E98074CBF23
:10EA7000574B584BF1469C46019B574F03F1140AE4
:10EA8000BCE80F00AEE80F00DCF80030CEF8003034
:10EA900097ED2C8A7AED017A68EE277A17EE900AC4
:10EAA00018F0C2FA01225BF8043D013DAA4049F882
:10EAB000040DC01AD2B27CD007EE900AB8EEE77A05
:10EAC000464980EAE073A3EBE073097844F8253007
:10EAD00041EA020E21EA02016269C7EE087A934216
:10EAE00038BF13466361C6ED047A0028B5BF3B49C1
:10EAF0003A4B81F800E01970203F043E002DC7D149
:10EB0000364B1B782376636C002B4BD05A6993ED00
:10EB1000046A0DEB8201D1ED076A2F49F8EEE66A2F
:10EB200001EB4211D1ED0C5A86EEA57A37EE467A0A
:10EB3000B5EEC07AF1EE10FAD3ED037A4FEA820215
:10EB40003CDDDFED276AD3ED005A27EE267AC5EECD
:10EB5000876AF4EEE76AF1EE10FA2FDCC4ED126A70
:10EB60000199114491ED007A37EE467AB5EEC07AFC
:10EB7000F1EE10FA40F391819FED196AD3ED005A3E
:10EB800027EE067A85EE876AB4EEE76AF1EE10FAB0
:10EB900000F3838183ED016AF0EE467A77EEE67A40
:10EBA000C3ED027A6069E8B917B0BDEC028BBDE82D
:10EBB000F08F44F82500C6ED048A9DE7C4ED127A73
:10EBC000F0EE676ACCE700BFEC43002000000000D5
:10EBD000943D00202C50002028600020904600200A
:10EBE000DB0FC94000230CA8C8E90833FFF7C6FAB9
:10EBF0009DED107AB5EE407AF1EE10FA04EE900A2F
:10EC0000206300F05081B44BDFEDB47A93ED2E6AAF
:10EC1000C6EE076AF0EEE66AF4EEE76AF1EE10FA85
:10EC200077FEA67A9DED0F5AB5EE405AF1EE10FA36
:10EC30000DD0A94B93ED266AC6EE056AF0EEE66AA2
:10EC4000F4EEE67AF1EE10FA58BFF0EE667ADDEDFA
:10EC50000E5AF5EE405AF1EE10FA0DD09E4B93EDA0
:10EC60001E6AC6EE256AF0EEE66AF4EEE67AF1EE8A
:10EC700010FA58BFF0EE667A9DED0D6AB5EE406A67
:10EC8000F1EE10FA0DD0944B93ED164AC4EE066ADD
:10EC9000F0EEE66AF4EEE67AF1EE10FA58BFF0EE26
:10ECA000667ADDED0C6AF5EE406AF1EE10FA0CD0F2
:10ECB000894BD3ED0E3A83EEA64AB0EEC44AB4EEC9
:10ECC000E74AF1EE10FA77FE847AB5EE407AF1EE7B
:10ECD00010FAC4ED0B7A00F0E3807F4BDFED7F7A12
:10ECE000D3ED2D3A83EE874AB0EEC44AB4EEE74A3C
:10ECF000F1EE10FA77FE847AB5EE405AF1EE10FA92
:10ED00000DD0754BD3ED253A83EE854AB0EEC44A5B
:10ED1000F4EEC47AF1EE10FA58BFF0EE447AF5EE54
:10ED2000405AF1EE10FA0DD06B4BD3ED1D3A83EE45
:10ED3000A54AB0EEC44AF4EEC47AF1EE10FA58BF18
:10ED4000F0EE447AB5EE406AF1EE10FA0DD0624B67
:10ED5000D3ED153A83EE864AB0EEC44AF4EEC47A97
:10ED6000F1EE10FA58BFF0EE447AF5EE406AF1EE9B
:10ED700010FA0CD0584BD3ED0D3A83EEA64AB0EE04
:10ED8000C44AB4EEE74AF1EE10FA77FE847A237FA4
:10ED9000C4ED0E7AD90705D4D8ED007A9A0648BF9B
:10EDA00067EEA47A4E4A4F4912680968C4ED0F7A9B
:10EDB000914203F002037DD0002B77D1DFED4A7A38
:10EDC0004A4DB0EE678AD5ED092A95ED083AA2EED4
:10EDD000C78AD5ED073AA3EE458A95ED064AA3EE1C
:10EDE000E58AD5ED054AA4EE468A9FED412AA4EEB8
:10EDF000E68AB4EEC28A37EE627A75EE430A35EEE1
:10EE0000E31A76EE441A76EEE42AF1EE10FA8DED6E
:10EE1000157ACDED140A8DED131ACDED121ACDED44
:10EE2000112A4EDDC4ED0D7A2046FFF79DFD95EDCC
:10EE30000A7A07EE900AF4EEC77AF1EE10FAD4EDF2
:10EE40000D6ACCBF27EE077A27EEA77AB4EEE67AF2
:10EE5000F1EE10FA237F76FE876A1B07C4ED0A6A7B
:10EE6000A8620CD4234D0CAC0FCC0FC523682C46E4
:10EE700002AE44F824390FCE0FC4336823601E4B12
:10EE800018481A68D16D02601960FFF7E5FB012090
:10EE900017B0BDEC028BBDE8F08FC3ED017A7DE6C3
:10EEA000DFED0E7A28E7DFED0D7ABBE60023636223
:10EEB0006363ECE7002262626263002BE7D10B4DD3
:10EEC000B2E7DFED0E7AB4EEE78AF1EE10FA17D56D
:10EED000DFED027AA6E700BF286000209976967ED3
:10EEE000F8430020EC430020000000002C500020DC
:10EEF000EFFF7F3F405000201C4F0020EFFF7FBFFF
:10EF000011A8FFF73BF99DED157AB5EE407AF1EEC9
:10EF100010FA00F08580444BDFED447A93ED2E6AC1
:10EF2000C6EE076AB0EEE67AB4EEE77AF1EE10FAD2
:10EF300077FE877A9DED147AB5EE407AF1EE10FAFD
:10EF40000CD0394B93ED266AC6EE076AB0EEE67A2E
:10EF5000B4EEE77AF1EE10FA77FE877A9DED137A38
:10EF6000B5EE407AF1EE10FA0CD02F4B93ED1E6AFD
:10EF7000C6EE076AB0EEE67AB4EEE77AF1EE10FA82
:10EF800077FE877A9DED127AB5EE407AF1EE10FAAF
:10EF90000CD0254B93ED166AC6EE076AB0EEE67A02
:10EFA000B4EEE77AF1EE10FA77FE877A9DED117AEA
:10EFB000B5EE407AF1EE10FA0CD01B4B93ED0E6AD1
:10EFC000C6EE076AB0EEE67AB4EEE77AF1EE10FA32
:10EFD00077FE877AB7EE007AB6EE006A37EE488A97
:10EFE000114B28EE068AD3ED015AB1EEC86A67EEDE
:10EFF000A57A37EE467A67EE867ADFED0D6A87EE00
:10F00000876AB4EEE66AF1EE10FA54BFF0EE467A83
:10F01000F0EE667A237FC4ED0D7A03F002034CE72D
:10F02000DFED027A86E700BF286000209976967EA1
:10F030000000000030B4044C044D0FCD0FC42B6809
:10F04000236030BC704700BF2C500020943D00204E
:10F050000A4A0B4B12681B689A4207D309480A49AF
:10F060000068D21A521101FB120070470649981A23
:10F07000401101FB00F00138704700BFEC43002055
:10F08000F8430020F4430020ABAAAAAA08B5002048
:10F090000AF02CFE064B074A1B6812680649934289
:10F0A0000B6003D0BDE80840FFF7D6BA08BD00BF2B
:10F0B000F8430020EC430020F04300202DE9F04706
:10F0C000614D2DED048B6F7F17F0010740F08A80B2
:10F0D000D5F810A0002800F08980C82828BFC820D3
:10F0E0000A2838BF0A200646002940F0A280504571
:10F0F00078D00F466969DFF86891DFF868814020B1
:10F10000C5E904610CF0D0FED9F80040D8F8002021
:10F1100094425FD0DFED4D8ADFED4D9AB7EE009A55
:10F120002BE094F9401000292CDBD90737D5D5ED19
:10F13000057AF8EE677A67EEA97A27EE888AB4EE48
:10F14000C98AF1EE10FA38FE098AF4EEC88AF1EEA7
:10F1500010FAD4ED0D7A4CBF68EEA88A68EE088AE2
:10F16000F4EEE78AF1EE10FA77FEA87AC4ED0A7A97
:10F17000E46D944227D0F0EE488A237F94ED0F8A05
:10F180005806CED5E36C0120DB6B9847D0ED007AB2
:10F19000237F28EE278AD907D8F80020C7D4DB06BA
:10F1A00007D4D5ED047AF8EE677A67EEA97A28EEEF
:10F1B000278AD4ED0E7AF4EEC87AF1EE10FA48BF41
:10F1C000B0EE678ABBE7234B83ED0A8AD9F800309B
:10F1D000A34220D1204CA36B23B1564501D000207F
:10F1E00098478FB9BDEC048BBDE8F0870029F9D0B2
:10F1F000642928BF64210529564638BF05216B695B
:10F200008B42EFD0012776E7A36BBDEC048B002087
:10F21000BDE8F047184700200AF068FD0F4AD9F80A
:10F2200000301360D8F800209342D3D0FFF714FACF
:10F23000D0E7642928BF6421052938BF052150453E
:10F240007FF459AFDBE700BFE03C00209976967E63
:10F250000AD7233C2C500020D0380020F043002057
:10F26000F8430020EC43002010B50446282200217A
:10F2700016F00AFF0B4B4FF0FF3093F89330637694
:10F28000F5F778F9084B627D93F8C930C168B3FA95
:10F2900083F35B0963F3410263F3820262752161C8
:10F2A00010BD00BFC0470020E03C002038B52F4B08
:10F2B000D3F8D03098470D2833DC431C23DB431CA4
:10F2C0000E2B3CD8DFE803F01E3B3B3B3B3B3B3B7C
:10F2D0003B2F3B083B3B08000022254D254C2B686B
:10F2E000E2542078002834D10023234A237082F886
:10F2F0009200224A2B60926890472B6853B90023F2
:10F300001F4A137038BD1A4D2B6833BB194C5A1C59
:10F310002A60E0542378A3F12403B3FA83F35B0952
:10F32000EEE77F280BD1124A1368002BE7D00021AB
:10F33000104C013B1360E154002BEBD1DFE70C4D87
:10F340002B6853B92028DAD001230A4C2B60207097
:10F35000E0E7242805D00920C6E7FF2BD6D9054CC5
:10F36000D8E720460CF024FBBEE700BFF8390020A8
:10F37000E8450020DC4D0020C0470020D0380020A8
:10F38000E06D0020164B1B780BB10020704710B5C4
:10F39000044617F089FED8B9124B5B6C1B060FD4DC
:10F3A000114B93F88C206AB193F8203053B923782D
:10F3B000242B07D163784A2B04D1A3783D2B01D1AC
:10F3C000002010BD2146064817F070FB012010BD3B
:10F3D00017F06AFE40F221231842DDD1F0E700BFAA
:10F3E000D06C0020E03C0020C047002010B5094C44
:10F3F00023780BB9637803B110BDFFF78DFA0028AD
:10F40000FAD0054B04F144000221BDE810401B6C0A
:10F41000184700BFE03C0020F83900202DE9F843F0
:10F42000A64CA36C43B1A64F0021BB6C04F148006D
:10F430009847804600284DD10026636C33B1A04F19
:10F440000021BB6C9F489847054600BB9E4E756DDA
:10F4500017F02AFEA84794F82030DF0740F1D98042
:10F4600013F0040800F0CC80990740F18C8017F06D
:10F470001BFE10F0FC0F40F08380237813B10020B6
:10F48000BDE8F883607880F00100BDE8F883C0F340
:10F490004013237110F0200340F00182C20600F1F6
:10F4A0001F81894EEF0700F12582E80400F11F82D9
:10F4B000A90400F119822A0500F113826B0400F1FE
:10F4C0000D8225F4F04020F011000028BFD009F093
:10F4D0003FFBBCE7666C5FFA80F9C6F3401216F09A
:10F4E0002006227140F0B88148460CF095FCB9F135
:10F4F000110F00F2D181754B23FA09F3DB0740F1BC
:10F50000CB810125BB6C414671486F4E65719847B0
:10F51000B9F10A0FF36800F03782B9F1110F40F02A
:10F5200001821020984700236A4A6B4913700B60D0
:10F53000D7F8D430984720217B6C624898470EE07A
:10F54000636CDD0705D501217B6C5E48984703F0AD
:10F55000F5FCFFF7ABFE4FF48070736D9847636C5A
:10F56000C3F3401298062270EAD5FB6E984710F458
:10F57000A075E5D12946BB6C5548984728467FE7DA
:10F580000AF07EFC79E7FFF745F8054600283FF4CE
:10F590006EAFDFF848814A4F98F821900BE0A12D1B
:10F5A00040F0688197F80A329A0700F16A81FFF704
:10F5B00031F8054698B1A02DF1D197F80A32DB0752
:10F5C000F5D517F071FD002840F0CA816FEA0903F4
:10F5D00063F30009FFF71EF805460028EBD198F801
:10F5E00021305FFA89F29A423FF441AF4846F4F77E
:10F5F000D5FFB36B002B3FF43AAF2846984736E768
:10F60000FEF7F8FF0546002840F0C68094F8203049
:10F610002AE7FEF7DFFF98B1D4E9045790380728AE
:10F6200045D8DFE800F004433B332B221910642552
:10F63000FEF7D0FF0028F1D139462846FFF73EFDFE
:10F6400094F820300CE7C82D28BFC8250A2D4FF0AC
:10F65000190738BF0A25EBE7C82D28BFC8250A2D92
:10F660004FF0320738BF0A25E2E7C82D28BFC8256A
:10F670000A2D4FF0640738BF0A25D9E7013DC82D90
:10F6800028BFC8250A2D38BF0A25D1E70135C82D66
:10F6900028BFC8250A2D38BF0A25C9E70A3DC82D4D
:10F6A00028BFC8250A2D38BF0A25C1E70A35C82D4D
:10F6B00028BFC8250A2D38BF0A25B9E7E03C00203D
:10F6C000F8390020243D0020D03800200604020034
:10F6D000283D0020DC4D0020E8450020C0470020E8
:10F6E000227A012163F3451222720022A37284F868
:10F6F000203094F91D30DFF8D082002BB8BF98F885
:10F7000034306170B8BF637788F89020D7F89C31A7
:10F710009847607A10F0010007D1D7F8E03023B1A4
:10F72000984710B1D7F8D8309847637AE27923F038
:10F7300001036372002A00F0F0800AF0E9F9034641
:10F74000E079E3700CF068FB00239B4EE37101202D
:10F75000F4F7B6FDFFF720F80AF0E8F9FFF76AFCC6
:10F76000964997480CF0DCFAF4F708FF4FF00000D8
:10F77000F4F714FFFEF75EFF17F096FC012800F087
:10F78000F680FB6E9847C0F3C000800108F0B6FF1A
:10F79000F3681620984785E64FF0FF30F4F7EAFE4D
:10F7A000D0F80C90D9F80430DF68A5F19903052B47
:10F7B00000F2F680DFE803F0034840383027642782
:10F7C000FEF718FF05460028EFD13946484608F0F5
:10F7D00009FAB8F1000F3FF419AF17F065FC1028D3
:10F7E0007FF414AF4FF0FF30F4F7C4FE0378DD0769
:10F7F0007FF50CAF227F002A40F0C980022294F8E6
:10F800002030227730E6C82F28BFC8270A2F38BFFC
:10F810000A2788F00108D3E7013FC82F28BFC8276F
:10F820000A2F38BF0A27CBE70137C82F28BFC827C0
:10F830000A2F38BF0A27C3E70A3FC82F28BFC827A7
:10F840000A2F38BF0A27BBE70A37C82F28BFC827A7
:10F850000A2F38BF0A27B3E708F0E0FB7B6F4FF0B1
:10F860000000984748460CF0D7FAD7F89C319847E3
:10F8700001263CE6F36D002B3FF499AEE8B29847C1
:10F8800095E617F011FC002864D1C9F3400383F01A
:10F89000010363F341098AE600236371CDE5002E7D
:10F8A0006CD0FB6E9847C0F3801383F0010310F017
:10F8B0004005237021D0D7F8D43098470A200CF0A7
:10F8C000ABFA3D4B0C20DB68984716B9D7F89C3152
:10F8D0009847207880F00100BDE8F883F3F786FDB3
:10F8E000EFE504F00DFFE9E502F0D6FAE3E502F0FA
:10F8F00083FCDDE503F022FBD7E5FB6E9847C105ED
:10F90000E3D5D7F8D4302570984711200CF084FA4D
:10F91000294B1020DB689847D7E70AF0F9F820B99F
:10F92000254E14E728469847FDE5802009F010F998
:10F93000214E0AF0A5FAD6F8548017F0B5FBC0475F
:10F940000AF0E6F80028F4D10146BB6C1D48984740
:10F950000543FCE617F0A8FB10F0180F95D126E63A
:10F9600017F0A2FB10F0180F7FF430AE1FE694F8EA
:10F97000A8300B3B022B7FF695AD02E708F04EFB5B
:10F9800030467B6F98478CE70C209847CBE5D00733
:10F990007FF53CAE42F0040294F82030227763E514
:10F9A000F36D0BB1E8B29847C82F28BFC8270A2FBC
:10F9B00038BF0A2704E700BFD0380020943D00205C
:10F9C00030480020243D0020C0470020F8B5FFF754
:10F9D00025FD40B9334C23781BB9607880F00100D5
:10F9E000F8BD0020F8BD17F05FFB2E4C0546A3784C
:10F9F0008BB95DB92C4B1B78002BECD02B4B93F8BB
:10FA00008C30002BE7D1F4F731FAE4E740F2011330
:10FA10001D42EFD1DFE780280CBF01230023637173
:10FA200032D0234F234E2378002BE2D1637943BB9E
:10FA300009F0B6FB17F038FB40280BD096F8503190
:10FA40001B0714D4FFF7EAFCA378002BEBD1002DA1
:10FA5000D0D0DBE7FB6E98470207EFD43B6C4FF446
:10FA600000411548984796F850311B07EAD507F032
:10FA70000BFDFFF7D3FCA378002BD4D1002DB9D018
:10FA8000C4E7FFF713FCD3E700230C49084A0C48EE
:10FA90000B70D2F8D42003609047A378002BC0D11C
:10FAA00099E700BFE03C00200C620020C047002026
:10FAB000F839002028600020243D0020DC4D002083
:10FAC000E84500202DE9F04F804F85B097F8A80059
:10FAD000102800F07D827E4CE36E984741064BD49F
:10FAE000E36E9847C20500F17A827A4D95F8543159
:10FAF0009B0604D5E36E9847460400F18082FBF72D
:10FB000023FA0646002840F0728295F85A3103F035
:10FB10000303032B00F07B8297F8A9303BB195F8E3
:10FB20005031980610D4E36E9847C1070CD417F0F3
:10FB3000BBFA10F0810000F0838297F8A8300B2BFD
:10FB400004BF002387F8A830012008F0D7FD624BDE
:10FB50000220DB68984797F8A930C3B1002508F068
:10FB60005DFA2846636F98474FF480415B48236CE9
:10FB700087F8A95098470AE00A200CF04DF9564B37
:10FB80000C20DB68984797F8A930002BE6D10023BA
:10FB90001D469946DFF85081514EDFF850A188F894
:10FBA000003033608AF80030D4F8D0309847421CD7
:10FBB00083461B2A0FD8DFE802F04A0E0E0E0E0E07
:10FBC0000E0E0E9B0E3C0E0E3C0E0E0E0E0E0E0E6C
:10FBD0000E0E0E750ECB3168002940F04C81BBF142
:10FBE000200FE1DDBBF13B0F00F37B81BBF1230F65
:10FBF00040F37E81ABF12402172A00F2BD80DFE8DA
:10FC000012F01001BB00BB00BB00F900B400BB0048
:10FC1000BB00BB00BB00BB00BB00BB00BB00BB000C
:10FC2000BB00BB00BB00BB00BB00BB00BB00BB00FC
:10FC3000F1003268002A40F0FC80B9F1000F00F0BA
:10FC4000F880D94500F0F5804FF00009ACE798F84E
:10FC5000003083B1242B00F0208117F025FA40F208
:10FC60002113184200F039811B4B09209B689847EB
:10FC7000002388F800303B781BB97B78002B00F01C
:10FC80001081FFF7A3FE18B93B78002B40F04C81A0
:10FC90000022104B7A7093F850311B0784D507F07F
:10FCA000F3FB81E700230F4A1D4688F800308AF8ED
:10FCB0000030336082F8923017F0F6F92028C3D173
:10FCC00080210648236C9847BEE700BFE03C002037
:10FCD000F839002028600020D0380020243D002082
:10FCE000E8450020C0470020D06C0020E06D0020D7
:10FCF000316800293FF458AF0020A24A013950541E
:10FD0000137805463160002B00F0E38001460120A6
:10FD10003B2B12D8232B13D9243B172B10D8DFE809
:10FD200003F00E0F0F0F4A440F0F0F0F0F0F0F0F9F
:10FD30000F0F0F0F0F0F0F0F0F395B2B00D1014368
:10FD400012F8013F0020002BE2D18AF800102BE7C7
:10FD50008D4BD3F8F430002B3FF426AF8B4AD4F808
:10FD6000040192F8921098471EE715F0040203D19F
:10FD70008AF8002062F34105FF298CBF012200228E
:10FD800062F300053FF610AF7E4A02F801B0013180
:10FD9000316009E7A807D3D445F0040512F8013F04
:10FDA00000210020002BB3D1CFE715F00403C7D109
:10FDB00063F34105F2E70029C2D194F8FA31E9B2C0
:10FDC0001943C5F3800383F00103C1F3800163F39A
:10FDD000410512F8013F81F001010020C9B2002B5A
:10FDE00096D1B2E715F00202C6D18AF8002045F09C
:10FDF0000405C1E79AF80020002ABDD1C5F38002AE
:10FE000082F0010205F0040062F341050028B3D13D
:10FE100094F8FA21C2F3800282F001028AF80020ED
:10FE2000AAE70029A8D1012225F001058AF80020BF
:10FE3000AAE7FFF7CBFD002876D00020514A3168B1
:10FE400015F00109505422D00B21504A82F892102B
:10FE50005FFA8BF9B7F800B0BBF1000F7FF4F7AE93
:10FE6000494992F892008A6890475D468AF800B046
:10FE7000C6F800B098E6BBF11F0F7FF795AEBBF157
:10FE80003B0F38DCBBF1230F3FF7B4AE74E71178BA
:10FE900089B93E4A82F89210DAE740460BF088FDB5
:10FEA000E6E6FEF739FD00283FF4EBAE02213848C4
:10FEB000236C9847E5E6242950D05B2924D13249A8
:10FEC000D1F8A01001B310468847304A82F892005A
:10FED000BEE719468AF8001066E64046F4F79CFC37
:10FEE000C6E6BBF15B0F9ED0BBF17F0F3FF45CAE6B
:10FEF00061F3000548E7BBF15B0F3FF43DAFBBF199
:10FF00007F0F3FF4F9AE37E7019217F0CDF840F2DA
:10FF10002111084211D0019A117825293AD00921DE
:10FF20001A4A82F8921093E7387AC0F3C00080F042
:10FF30000100C0B205B0BDE8F08F144A92F89210EB
:10FF400009B1282984D10F480192F4F765FC019A80
:10FF500082F8920000283FF47BAF7BE710460BF05D
:10FF600027FD0A4A2D2882F892007FF471AF0C20F9
:10FF700001920BF051FF04490720C9688847019A94
:10FF800066E700BFDC4D0020D0380020C0470020CD
:10FF9000243D002092F80190B9F1000FBFD117F075
:10FFA00083F840F201121042B9D0364A364992F82D
:10FFB0008C00D1F8EC1080F0010082F8929082F869
:10FFC0008C0000293FF444AF01928847019A3FE733
:10FFD00000232E4C87F8A8300BF01EFFD3E511202C
:10FFE0000BF01AFF284B1020DB689847CBE50B205D
:10FFF0000BF012FF244B0D20DB689847C3E50D2062
:020000041001E9
:100000000BF00AFF204B1520DB689847BBE5E36D3A
:10001000984717F015F897F8C83003423FF47CADC5
:1000200097F8A8300C2B03D1E36E9847450525D4EB
:100030000C200BF0F1FE144B0720DB689847A2E57B
:1000400008F05CFB94F800321A070DD595F874316E
:10005000DB0709D4E36E9847060705D54021236CDA
:100060000B489847FFF7B2FC95F8C33113F0040131
:100070007FF489AD074816F0F7FF84E5304608F0B5
:100080003DFB80E5C0470020D0380020F839002033
:10009000243D0020C1B8011038B5174D2B780BB99D
:1000A0006B78EBB1154B6A7A93F82030B3FA83F38F
:1000B0005B0963F382026A7202E0FEF72DFC50B125
:1000C000FFF784FC04460028F7D16B7A204623F022
:1000D00004036B7238BD16F0E7FF0828F0D0F4E790
:1000E000FEF71AFC0028DDD0054B02211B6C05F140
:1000F00044009847D6E700BFE03C0020C0470020FE
:10010000F8390020002310B40449054C0B7023700B
:1001100002465DF8044B0348104700BFE76D00201E
:10012000EC6D0020347E0210024B0348D3F8C0303F
:10013000184700BFF8390020607E021002680B6883
:1001400010881B88C01A704702680B6810781B78EB
:10015000C01A704702680B6810781B78C01A704785
:1001600002680B6850785B78C01A70474B6801339F
:100170004B60704740694B69C01A704707EE900AA0
:10018000FCEEE77A17EE900AFDF70CBE07EE900A38
:100190009FED047A67EE877AFCEEE77A17EE900A15
:1001A000FDF700BE8B42213D70B50546294C2A481B
:1001B000D4F8C0309847D4F8C03028699847D4F8AC
:1001C000C030264898472879D4F8C060FDF7EAFD8A
:1001D000B047D4F8C030214898476B7FD4F8C0208E
:1001E000DE0603D4980630D51D4800E01D48904730
:1001F000D4F8C030194898476B7ED4F8C020D9068F
:1002000003D49B061FD5164800E016489047D4F843
:10021000C030124898476B6AD4F8C060BBB128461A
:10022000984707EE900AFCEEE77AF8EE677A02212B
:1002300017EE900AFDF7DAFDB0470B48D4F8C0304E
:100240009847002070BD0948E0E70848CFE7084814
:10025000F2E700BFF8390020C07E0210D07E021005
:10026000B87E0210B47E021034D70210B07E0210A5
:10027000BC7E021070B50546184C1948D4F8C03041
:100280009847D4F8C03028699847D4F8C03015484A
:1002900098472879D4F8C060FDF784FDB047D4F8BA
:1002A000C030114898476B6AD4F8C0609BB12846AB
:1002B000984707EE900AFCEEE77AF8EE677A02219B
:1002C00017EE900AFDF792FDB0470848D4F8C03009
:1002D0009847002070BD0648F6E700BFF8390020B7
:1002E000D47E0210D07E0210E47E021034D70210B9
:1002F000BC7E021070B5624C0546D4F8C06000297F
:1003000000F0A9805F48B04795F90000D4F8C060BC
:10031000FDF748FDB047D4F8C0305B4898472B7ACA
:10032000D4F8C060002B40F091805848B047564840
:10033000D4F8C0309847EB68D4F8C060187AFDF75D
:1003400031FDB0477C21524A6B7A1170002B79D174
:10035000531CE9688A7A500704D5532203F8012B0D
:10036000E9688A7A960704D5442203F8012BE968E4
:100370008A7A10070FD54C22184600F8012BE9683D
:100380008A7A16077AD58E6B002E77D041225A7062
:10039000E96802338A7A960604D5502203F8012BC5
:1003A000E9688A7AD00604D5492203F8012BE96866
:1003B0008A7A560604D54E2203F8012BE9688A7A18
:1003C000100604D5522203F8012BE9688A7AD20775
:1003D00003D5562203F8012BE968CA6B12B14522F6
:1003E00003F8012B7C21D4F8C020198028489047BD
:1003F000D4F8C03068689847EB68D3ED067AF5EE1C
:10040000C07AF1EE10FA17DDD4F8C0301E489847D4
:10041000EB6801215869D4F8C060FDF7E7FCB047EC
:100420001C48D4F8C0309847EB6801219869D4F88B
:10043000C050FDF7DBFCA847D4F8C03016489847F9
:10044000002070BD2A21931C517082E795F90200AB
:10045000FDF7A8FC6AE790F90000FDF7A3FCB047A0
:10046000D4F8C0300D489847D4F8C0306868984731
:100470000B48D4F8C0309847002070BD03468AE787
:10048000F8390020EC7E0210D07E0210E87E0210C7
:100490000C4500207C83021034D70210F87E021035
:1004A000FC8502100022F8B5184B194E5B79054601
:1004B0003270E3B903210068FDF798FC014630462D
:1004C00015F030FE0024134B1F88114816F0C6FBB0
:1004D0003752032155F8040FFDF788FC013401461B
:1004E0000B4815F01FFE042CEFD10948F8BDD0EDE4
:1004F000007A77EEA77A032117EE900AFDF776FCD3
:100500000146304615F00EFEDCE700BFC047002074
:100510000C4500207C830210F8B50023284A294EA0
:1005200054792DED028B05463370C4B19FED267AC8
:10053000F5EC017A67EE877A77EEA77A042117EE59
:10054000900AFDF753FC0446304616F087FB21461F
:10055000304416F083F901241C4B1B8803809FED67
:100560001A8A1A4FD5ED007A67EE887A042117EEC1
:10057000900AFDF73BFC0146124815F0D3FD042C10
:10058000104819D016F06AFB01343B88022C104A3F
:10059000335205F10405E5D992F83D31E340DB071C
:1005A000E0D503212868FDF721FC0146054815F038
:1005B000B9FD042C0348E5D1BDEC028BF8BD00BFAA
:1005C000C04700200C4500208B42213D7C83021057
:1005D00028600020032108B5FDF708FCBDE80840AD
:1005E0000146014816F062BA0C45002007EE100AD9
:1005F000DFED077A67EE277A042108B517EE900A37
:10060000FDF7F4FBBDE808400146024816F04EBA7B
:100610008B42213D0C45002010B40B688C685A1C9D
:100620000A60417903EB430304EBC3025170416953
:1006300004F833100369816813618388A1F1100401
:10064000032C98BF43EA0143C168536121B15DF8AF
:10065000044B901C16F02ABA91705DF8044B704759
:100660002DE9F84306460D4616F0F8FA441C2046DC
:1006700013F0D4FF002876D007462246314616F004
:1006800077FA3846394915F095FE044600283AD0E5
:10069000002D3DD04FF001080026354D204635494C
:1006A00016F026F928B33448D5F8C0309847D5F865
:1006B000C030324898473046D5F8C090FDF772FBFD
:1006C000C847D5F8C0302E48984723781BB120463C
:1006D000D5F8C0309847D5F8C0302A4898474046EA
:1006E000D5F8C040FDF75EFBA0472748D5F8C030DD
:1006F000984700201D4915F05DFE013604464FEA7B
:1007000048080028CAD13846BDE8F84313F0AEBF08
:10071000174E2046174916F0EBF8B8B11648D6F830
:10072000C0309847D6F8C030144898472846D6F8C5
:10073000C080FDF737FBC047D6F8C0301048984757
:1007400023781BB12046D6F8C030984700200749CF
:1007500015F030FE013504460028DAD13846BDE8F0
:10076000F84313F083BFBDE8F88300BF7C83021019
:10077000F839002028720210FC850210FC7E02105D
:10078000F87E0210047F02102472021002680B68C7
:100790005068596816F0ACB82DE9F04F83B00D469B
:1007A000B1FA81F7804605F0C5FD0446284606F0FB
:1007B00045F800268DF80100281A7F098DF8008081
:1007C00001902389A4691E44002CFAD1B8F1020FCC
:1007D00000F0A280B8F1030F00F0828005F0AAFDBE
:1007E00004218246304613F02BFF8146002800F09A
:1007F0009980002D4CD10646DFF8F081BAF8082028
:100800001AB34FF0000B0BEB4B01DAF80C400B0165
:10081000E35A04EB0114183B9BB2012B95BF98F8E7
:10082000C31194F82C10C1F34001C90949B9A36A56
:1008300023B120469847BAF8082010B1013546F890
:10084000044B0BF1010B5A45DDD8DAF818A0BAF1C8
:10085000000FD3D1042229464846624B14F018FEFB
:100860006DB10024A9F104066A465F4956F8040FE9
:1008700006F0FAF801343843AC42C7B2F4D1484626
:1008800013F0F4FE002F43D0002003B0BDE8F08F3A
:1008900004460025554EBAF80820DAB14FF0000B97
:1008A000DAF80C100BEB4B000301CB5A01EB0018EC
:1008B000183B9BB2012B19D998F82C10C90929B9FA
:1008C00098F802009DF80130984214D00BF1010B0A
:1008D0009345E5D3DAF818A0BAF1000FDBD1B9E7F8
:1008E000434B4448D3F8C030984777E796F8C31194
:1008F000C1F34001E3E7D8F828302BB140469847D0
:10090000BAF808200028E1D0013544F8048BDDE76F
:10091000352003B0BDE8F08F354B3748D3F8C030F1
:1009200098475BE78DB30746304DBAF808200AB305
:100930000024DAF80C0004EB44010B01C35A00EB6D
:100940000110183B9BB2012B1AD990F82C30DB090F
:100950006BB983789DF80110994208D16A462749FE
:1009600006F082F8BAF8082040EA0703DFB2013443
:10097000A242DED8DAF818A0BAF1000FD5D181E78B
:1009800095F8C331C3F34003E2E7184DBAF80820E5
:100990000AB30024DAF80C1004EB44000301CB5A2C
:1009A00001EB0010183B9BB2012B95BF95F8C331AA
:1009B00090F82C30C3F34003DB094BB96A460F496A
:1009C00006F052F8BAF808200134A242E2D802E058
:1009D0000134A242E0D8DAF818A0BAF1000FD5D15C
:1009E00052E700BF3D010110A51A01102860002048
:1009F000F8390020407F0210087F0210711A0110A0
:100A0000002945D0F0B516460446002701EB410108
:100A100089B000EB81051922616801A815F082FCFC
:100A20009DF804300DF1040C8BB10DF1050E202B57
:100A3000A3F1610207D06146192A98BF03F05F0352
:100A400001F8013B8C461EF8013B002BEFD13046EC
:100A500001A98CF800700DF0F1F928B90C34AC4202
:100A6000D9D1002009B0F0BD0A4D0B48D5F8C030EF
:100A70009847D5F8C03060689847D5F8C030074827
:100A8000984761780120FFF787FE012009B0F0BD8B
:100A900000207047F8390020887F0210907F0210F4
:100AA00070B50446154D1648D5F8C0309847A37860
:100AB0001BB1D5F8C030A01C98472078D5F8C0608D
:100AC000FDF770F9B047D5F8C0300E489847607808
:100AD000D5F8C060F2F7E0FDB04723693BB1D5F827
:100AE000C03008489847D5F8C03020699847D5F8F5
:100AF000C0300548BDE87040184700BFF8390020F5
:100B0000947F02107C83021034D7021070B5054622
:100B1000254C2648D4F8C03098472869D4F8C060DE
:100B200000283DD0B047D4F8C030214898472879F4
:100B3000D4F8C060FDF736F9B0471D48D4F8C0308E
:100B400098476A7FD4F8C03051074CBF19481A48FB
:100B500098471748D4F8C03098476A7ED4F8C03018
:100B600052074CBF134815489847D4F8C030104876
:100B700098476B6AD4F8C06083B12846984707EE5F
:100B8000900AFCEEE77A17EE900AFDF70BF9B047F2
:100B90000B48D4F8C0309847002070BD0948F6E7EC
:100BA0006879F2F779FDBDE7F8390020A07F0210DF
:100BB000D07E02109C7F0210B07E0210E87E0210F0
:100BC00034D70210BC7E021070B505464B4C4C4821
:100BD000D4F8C03098472869D4F8C060002800F0E5
:100BE0008880B047D4F8C030464898472879D4F870
:100BF000C060FDF7D7F8B0474248D4F8C0309847F6
:100C00006A7FD4F8C03051074CBF3F483F489847EF
:100C10002B7FD4F8C020C3F3C103013BDBB2022B0E
:100C200096BF3B493B4851F823009047AB8BD4F823
:100C3000C020C3F34413013BDBB21E2B96BF3649E1
:100C4000344851F82300904795F91D20D4F8C0305E
:100C5000002AB4BF31482F4898472A48D4F8C030FA
:100C600098476A7ED4F8C03052074CBF26482948BE
:100C700098472B7ED4F8C020C3F3C103013BDBB2FD
:100C8000022B96BF2249234851F8230090472B8B13
:100C9000D4F8C020C3F34413013BDBB21E2B96BF34
:100CA0001D491C4851F82300904795F91920D4F8A4
:100CB000C030002AB4BF194816489847D4F8C0304D
:100CC000104898476B6AD4F8C06083B128469847AB
:100CD00007EE900AFCEEE77A17EE900AFDF762F84D
:100CE000B0470F48D4F8C0309847002070BD0D4879
:100CF000F6E76879F2F7D0FC73E700BFF839002017
:100D0000B47F0210D07E02109C7F0210B07E0210D1
:100D100054E10210E87E021060E10210B07F021080
:100D200034D70210BC7E021038B5036A23B10B4BD6
:100D30005B699847012038BD0446094D0948D5F83C
:100D4000C03098472088D5F8C040FDF72BF8A04761
:100D50000548D5F8C0309847012038BDD03800206C
:100D6000F8390020C47F0210C87F02102DE9F0413D
:100D7000124E0446D6F8E480B8F1000F17D00F46A3
:100D80003F2115F003FA054688B1844203D0011BC8
:100D900089B22046C047781CD6F8C040FDF702F85B
:100DA000A047D6F8C030681CBDE8F041184720467F
:100DB000D6F8C030BDE8F041184700BFF839002030
:100DC00070B5044640780D4605F0AAFC88B18DB197
:100DD000637873B1194E2846D6F8C0309847D6F8D4
:100DE000C03060689847D6F8C0301548BDE87040FC
:100DF000184770BD114D1348D5F8C030984760783A
:100E0000D5F8C060FCF7CEFFB047D5F8C0300E482B
:100E100098472078D5F8C060FCF7C4FFB047D5F8F4
:100E2000C03009489847D5F8C03060689847D5F871
:100E3000C0300648BDE87040184700BFF8390020B0
:100E4000FC850210D07F021008E2021034D7021095
:100E500070B50C46114D0646D5F8C030104898477D
:100E6000611ED5F8C030032905D8DFE801F0141160
:100E7000020E0C4898473046D5F8C0309847D5F850
:100E8000C0300948BDE87040184708489847F2E765
:100E900007489847EFE707489847ECE7F8390020FC
:100EA000E07F0210FC7F021034D702100480021091
:100EB000F07F0210E87F021070B50546FAF782F85D
:100EC00098B1466844780A4BD3F8B830984718B1BF
:100ED00021463046FFF7BCFF2DB9064BD3F8C4308E
:100EE0000BB105489847284670BD0446024EEAE714
:100EF000F8390020D0380020608102100FB410B4FF
:100F000083B005AC05980B4A019410F8011B1346F9
:100F100002F8011B0029F8D16168013B11F8012B8F
:100F200003F8012F002AF9D1024803B05DF8044B01
:100F300004B070470C4500200FB400B583B005AB7A
:100F40009C460B4801930DF1200E03465CF8041BF0
:100F500011F8012B184603F8012B002AF8D1E645B9
:100F6000F3D1034803B05DF804EB04B0704700BF51
:100F70000C45002038B50B4BD3F8C05010B1FE28FB
:100F8000044603D10848A847002038BDFCF70AFFF3
:100F9000064B024606490320FFF7CEFFA84720462E
:100FA00038BD00BFF83900200C800210FC8502100B
:100FB0001480021070B5094D0446D5F8C460FCF7E2
:100FC000F1FE074B024607490320FFF7B5FFB04784
:100FD00000216420EB6B9847204670BDF839002053
:100FE000FC8502101C80021038B5044600880D46AE
:100FF0000844FCF7D7FE0D4902460D4B0320FFF7CE
:101000009BFF2946204605F0BDF868B10446094D0E
:101010000948D5F8C03098472046D5F8C0309847E1
:101020000648D5F8C0309847012038BDC47F02106B
:1010300024800210F83900200C450020FC850210A5
:1010400082B00191CBB211F01F0118D0DA0700F184
:101050008C804B0813D0DB0700F19F808B080ED0EB
:10106000DA0700F1A080CB0809D0DB0700F1B980D6
:10107000090904D0644B1B691B7800F8013B2C2242
:1010800003469DF8051003F8012B11F01F026AD0EA
:10109000C90761D4510866D0C90772D4910862D0DB
:1010A000C80700F18680D1085DD0C90700F19F8094
:1010B00012091A4604D0544B1B691B7802F8013BF5
:1010C0002C2113469DF8060003F8011B10F01F01A8
:1010D00014D0C0073AD44A0810D0D2074BD48A089B
:1010E0000CD0D00771D4CA0808D0D20773D409092C
:1010F00004D0454A1269127803F8012B2C211A46B4
:101100009DF8070002F8011B10F01F0114D0C00762
:1011100016D44B0810D0DB0739D48B080CD0D80775
:101120004DD4CB0808D0DB0767D4090904D0364B6F
:101130001B691B7802F8013B0023137002B0704753
:1011400031489A1C006800785870E2E72E48931CDA
:10115000006800785070BEE72B49831C0968097845
:101160004170510898D11A46AAE7274B1B681B7893
:1011700000F8013B6DE7244A5268127803F8012B0E
:10118000ADE721494968097803F8011B86E71E4B42
:101190005B681B7802F8013BBFE71B4B5B681B7861
:1011A00000F8013B5AE7184B9B681B7800F8013B9D
:1011B00059E715498968097803F8011B73E7124B51
:1011C0009B681B7802F8013BABE70F4A92681278E4
:1011D00003F8012B87E70C4AD268127803F8012B39
:1011E00085E7094BDB681B7800F8013B40E70649BF
:1011F000C968097803F8011B5AE7034BDB681B78C1
:1012000002F8013B91E700BF14E1021010B5036939
:1012100086B08168427904930379A1F1100C43EA06
:101220000223BCF1030F98BF43EA01434469C1683C
:101230008DF801208DF80040059341B10DF10200B9
:1012400015F034FC6846FFF72BFC06B010BD68466D
:101250008DF80210FFF724FC06B010BD70B50546EE
:10126000E9B92D4C2D48D4F8C03098472878D4F8E7
:10127000C060FCF797FDB0472948D4F8C0309847C4
:101280002748D4F8C0309847686810B1D4F8C03007
:101290009847D4F8C0302348BDE87040184700781C
:1012A000FCF780FD06461C4C1F48D4F8C030984718
:1012B0003046D4F8C0309847D4F8C0301A48984720
:1012C000D4F8C03019489847D4F8C0301648984729
:1012D000D4F8C03016489847D4F8C0301248984720
:1012E000D4F8C03011489847124A6D68D4F8C0301D
:1012F000002D08BF15460C4898472846D4F8C03042
:101300009847D4F8C03008489847D4F8C0300A4805
:10131000BDE87040184700BFF83900202C8002104B
:1013200008E2021034D70210288002107C830210D9
:101330002872021060810210FC85021070B505460B
:10134000E9B92D4C2D48D4F8C03098472878D4F806
:10135000C060FCF727FDB0472948D4F8C030984753
:101360002748D4F8C0309847686810B1D4F8C03026
:101370009847D4F8C0302348BDE87040184700783B
:10138000FCF710FD06461C4C1F48D4F8C0309847A7
:101390003046D4F8C0309847D4F8C0301A4898473F
:1013A000D4F8C03019489847D4F8C0301648984748
:1013B000D4F8C03016489847D4F8C030124898473F
:1013C000D4F8C03011489847124A6D68D4F8C0303C
:1013D000002D08BF15460C4898472846D4F8C03061
:1013E0009847D4F8C03008489847D4F8C0300A4825
:1013F000BDE87040184700BFF8390020388002105F
:1014000008E2021034D70210288002107C830210F8
:101410002872021060810210FC8502102DE9F04153
:1014200016460D4691F82C104A0746BFC1F3C3017A
:10143000B6FBF1F73746032800F20F83DFE810F020
:10144000960016013B0004002888A74C3044D4F8CD
:10145000C080FCF7A7FCC047D4F8C030A348984729
:10146000AB782B2B00F0328139466868FFF77EFCA1
:101470009E48D4F8C0309847A868D4F8C0300028F7
:1014800000F053819847D4F8C03098489847287B9B
:1014900005F08CFBD4F8C030092800F25681DFE853
:1014A00010F060022D02630266022D0252017202E8
:1014B0006F026C02690228888B4C3044FCF772FC86
:1014C0008046D4F8C0308A4898474046D4F8C030A7
:1014D00098478748D4F8C03098478648D4F8C03039
:1014E0009847D4F8C03082489847AB782B2B00F04F
:1014F000E68039466868FFF739FC7F48D4F8C03089
:101500009847AF68D4F8C0307948002F00F01881B0
:1015100098473846D4F8C0309847D4F8C03074485B
:101520009847D4F8C030734898472888304480B230
:1015300005F0E0FA03467149D4F8C020002B14BF2F
:101540001D460D466A4890472846D4F8C030984753
:10155000D4F8C03066489847D4F8C03065489847FA
:10156000D4F8C0306648BDE8F04118475E4C654885
:10157000D4F8C03098472888D4F8C0803044FCF7AD
:1015800011FCC0476048D4F8C030984795F82C301B
:10159000A878590748BFC019D4F8C080FCF702FCEE
:1015A000C047D4F8C03058489847AB782B2B00F090
:1015B000B58039466868FFF7D9FB5348D4F8C03086
:1015C0009847A86810B1D4F8C0309847D4F8C03014
:1015D0004D489847287BD4F8C06005F0E7FAFCF73F
:1015E000E1FBB0474848D4F8C0309847286910B1AB
:1015F000D4F8C0309847D4F8C030434898476B6956
:101600003BB1284605F0D8FA18B9D4F8C03068695B
:1016100098473D48D4F8C0309847A86910B1D4F82D
:10162000C0309847D4F8C0303748984795F82C0018
:10163000D4F8C06000F00100FCF7B4FBB047D4F868
:10164000C0303148984795F82C00D4F8C050C0F30A
:101650004000FCF7A7FBA8472C48D4F8C0309847B7
:10166000D4F8C0302648BDE8F04118471E4C284841
:10167000D4F8C03098472888D4F8C0803044FCF7AC
:1016800091FBC047D4F8C03022489847AB782B2B49
:1016900023D068683946FFF769FB287B05F086FA96
:1016A000092800F2B880DFE810F045014A01530133
:1016B00031013B01B600B600B600B6004001164B42
:1016C00053F82600D4F8C030984712E7124B53F86D
:1016D0002600D4F8C0309847C6E60F4B53F82600D2
:1016E000D4F8C0309847D4E7F83900207881021048
:1016F000288002107C830210748102106081021025
:10170000FC8502106481021008E202107081021050
:10171000C4800210EC7F021014E102109E4B53F8BB
:101720002600D4F8C030984743E72A7B042A3FF6C6
:10173000AAAEDFE812F02B01E600E6002E01E6007B
:1017400098479648E6E696489847D4F8C0309548BA
:1017500098472869D4F8C030002857D09847D4F863
:10176000C030904898472B88F01880B205F0C2F935
:10177000D4F8C030064600283ED0984795F82C3063
:10178000DB0707D53278D4F8C030002A40F0BC809F
:10179000854898478348D4F8C0309847686910B1A5
:1017A000D4F8C03098477F48D4F8C0309847A8692B
:1017B00010B1D4F8C0309847D4F8C0307948984771
:1017C00095F82C00D4F8C06000F00100FCF7EAFAAC
:1017D000B047D4F8C0307348984795F82C00D4F837
:1017E000C050C0F34000FCF7DDFAA847D4F8C03081
:1017F0006E48BDE8F04118476848984795F82C3086
:10180000DA07C7D5D4F8C0306748C2E72A7B042A74
:10181000A5D16748A2E7AB683BB1D4F8C0306548B2
:101820009847D4F8C030A868984700276B69002B08
:1018300000F0F480AB69002B00F0F080D4F8C030E9
:101840005D489847D4F8C030686998475B48D4F839
:10185000C0309847D4F8C030A869984795F82C3024
:10186000DB0706D5D4F8C030002F00F0F4805448D0
:101870009847D4F8E430002B3FF4F2AE2888304487
:1018800080B205F037F90646002800F0C1800378E1
:10189000002B00F0BD80D4F8C030444898470AE0DF
:1018A0004248D4F8C0309847B91B3046D4F8E430E9
:1018B00089B29847BE1C3046424914F01DFF0746C6
:1018C0000028EDD13378002B00F0A280D4F8C0308E
:1018D00036489847D4F8C0303046984795F82C20C1
:1018E000D4F8C030D5077FF5BBAE32780AB13648A0
:1018F0009847D4F8C0302C489847B1E63348984709
:1019000023E733489847BEE5324842E73248D4F8E7
:10191000C030984700212869FEF7A2FE012785E71D
:10192000D4F8C0302D4898477FE7D4F8C0302C4811
:1019300098477AE7D4F8C0302A48984775E7D4F832
:10194000C0302948984701212869FEF789FEE5E75C
:10195000D4F8C0302548984701212869FEF780FE59
:10196000DCE723489847F0E622489847EDE622480E
:101970009847EAE621489847E7E621489847E4E691
:1019800020489847E1E620489847DEE61F489847F8
:1019900079E5034876E500BF14E10210608102108A
:1019A0007C8102107881021074800210FC85021084
:1019B000D08102103881021040810210F87E02109E
:1019C0004480021074A902105C81021094810210FC
:1019D000D080021070800210B0820210C880021005
:1019E00028810210D8800210E4800210F4800210D6
:1019F0008C810210A0810210AC810210BC81021007
:101A0000C481021070BE021084810210DC800210BA
:101A100095F82C30D8073FF56CAF21E6284605F045
:101A2000CBF800287FF41AAF6B693BB1D4F8C03013
:101A30000B489847D4F8C03068699847AB69002BC9
:101A40003FF40CAFD4F8C03006489847D4F8C03003
:101A5000A869984702E704480AE7044C00E600BF7B
:101A60004C810210548102105C800210F839002071
:101A700070B515468378527804469A420E460CD0CB
:101A8000A36A1BB100212046984720B13246214667
:101A90002878FFF7C3FC012070BD6B688B42EFD044
:101AA000012070BD08B513460A4693F801C081783D
:101AB0008C4504D15968914201D0012008BD0146EE
:101AC0001878FFF7ABFC012008BD00BF10B40A4B2B
:101AD00093F85031DB070BD5084C0948094A0A4BEB
:101AE0000A491C600A4B5DF8044B08601A60704795
:101AF000084C0948094AF2E728600020190501103E
:101B0000ED0501108D010110D8480020D4480020B7
:101B1000DC480020A5040110D50501107D0101104D
:101B200038B5074B0446D3F8B8300D46984728B16E
:101B300029462046BDE83840FFF78AB938BD00BFC6
:101B4000F839002070B50A4C0546D4F8B8309847EB
:101B500068B1D4F8C030074898472846D4F8C03058
:101B60009847D4F8C0300448BDE87040184770BDAD
:101B7000F8390020E07F021034D7021070B50C4C09
:101B80000546D4F8B830984788B1D4F8C030094831
:101B90009847D4F8C030084898472846D4F8C03051
:101BA0009847D4F8C0300548BDE87040184770BD6C
:101BB000F8390020E07F0210F07F021034D70210C5
:101BC00070B506460D460B4C0B48D4F8C03098470C
:101BD0003046D4F8C0309847D4F8C030074898470A
:101BE0002846D4F8C0309847D4F8C0300448BDE83F
:101BF00070401847F8390020D8810210E4810210A3
:101C000034D7021038B50D460021044604F01CFEFE
:101C100038B10188044B2A465B69611A9847002055
:101C200038BD352038BD00BFD03800202DE9F84F31
:101C30000746884604F07EFB002506463389B669D0
:101C40001D44002EFAD104F075FB042104462846F9
:101C500012F0F6FC8146002800F0A7802289002AB5
:101C600000F08F80002F61D00746B346584DE168E1
:101C70000BEB4B000301CB5A01EB001A183B9BB254
:101C8000012B95BF95F8C3119AF82C10C1F34001B0
:101C9000C90949B9DAF828301BB15046984722895A
:101CA00010B1013647F804AB0BF1010B5A45DED8F1
:101CB000D4F818A0BAF1000F20D0BAF80820C2B1A9
:101CC0000025DAF80C3005EB450403EB041494F915
:101CD0002C30002B0ADBA36A2BB100212046984749
:101CE000BAF8082010B1013647F8044B0135AA4272
:101CF000E7D8DAF818A0BAF1000FDED10422314695
:101D00004846344B13F0C4FB5EB10024A9F104052E
:101D10004246314955F8040F013404F0A5FEA642AD
:101D2000F6D14846BDE8F84F12F0A0BC3E468346C7
:101D3000B246274F0AEB4A01E5680B01EB5A05EB67
:101D40000115183B9BB2012B8BBF95F82C1097F80F
:101D5000C311C909C1F3400119B92B7F043B012B01
:101D600004D90AF1010A5245E4D8C7E7AB6A23B1A6
:101D70002846984722890028F3D001364BF8045BA7
:101D8000EFE72FB904223946124B13F081FBC8E765
:101D9000D4F818A0BAF1000F01D04F468DE7042205
:101DA00031460C4B13F074FBBBE77DB10026E368B2
:101DB00006EB46004246084903EB0010013604F0EA
:101DC00053FEB542F3D1A469002CEFD1BDE8F88FE2
:101DD000286000203D010110290D011030B5104C84
:101DE00087B0104901A809F09BFFD4F8C0300E4815
:101DF00098470E4B01A81B68D4F8C0509847A847D5
:101E00000B4B1A7AD4F8C03092074CBF09480A48E5
:101E100098470A48D4F8C030984707B030BD00BF93
:101E2000F83900200C3D0020E8810210D84800203D
:101E3000E03C0020B4840210BC84021034D70210AD
:101E400070B50F4C0F48D4F8C03098470E4D0F4B6B
:101E500028461B68D4F8C0609847B047D4F8C03013
:101E60000B48984715F8040CD4F8C050FBF79AFFBC
:101E7000A847D4F8C0300748BDE87040184700BFF5
:101E8000F8390020F0810210343D0020D8480020AD
:101E9000B082021034D7021070B5094C0948D4F84A
:101EA000C0309847084B09481B68D4F8C050984781
:101EB000A847D4F8C0300648BDE87040184700BFB6
:101EC000F8390020F8810210D8480020BC480020D2
:101ED00034D7021070B50546154C82B0D4F8C03026
:101EE000144898472846D4F8C060FBF75BFFB0471A
:101EF000284601A90BF0B0F8D4F8C030A0B10E48C4
:101F00009847D4F8C050019E0BF05AFF0146304666
:101F1000FBF76CFFFBF7FAFFA847D4F8C03007487F
:101F20009847002002B070BD05489847F5E700BF0C
:101F3000F8390020008202102480021034D70210E9
:101F40000882021070B50546144C82B01448D4F8CB
:101F5000C0309847D4F8C03028469847284601A991
:101F60000BF04CFBD4F8C030A0B10E489847D4F821
:101F7000C050019E0BF024FF01463046FBF736FFB0
:101F8000FBF7C4FFA847D4F8C030074898470020A3
:101F900002B070BD05489847F5E700BFF83900204A
:101FA000008202102480021034D70210088202102E
:101FB0002DE9F04F7C4B87B093F8363083B17B4CE2
:101FC0007B48D4F8C03098477A4BD4F8C0501E688C
:101FD000F2F740F8B047A8477748D4F8C0309847A0
:101FE0000025EEB2304601A9704C04F01BFA48B34C
:101FF0007248D4F8C03098470A2DD4F8C07000F069
:102000009F800B2D25D0092D6D4803D03046F1F768
:10201000F5FF0130B8476B48D4F8C0309847654B9E
:1020200001A81B68D4F8C06001359847B0476248E2
:10203000D4F8C030EEB29847304601A904F0F2F966
:102040000028D5D1604B07209B68984707B0BDE8B2
:10205000F08FDFF860815D48B847D8F800305C4801
:10206000D4F8C050584E9847A847D4F8C0305248CA
:102070009847B369002B00F090804FF0010A554F4C
:10208000DFF8709106E0002A11DAB3690AF1010A5B
:10209000534535D35046336A984705460028F4D057
:1020A00097F8D03182695B07EDD4002AEDDDD4F8D2
:1020B000C03049489847A869D4F8C0B0FBF772FE11
:1020C000D847D4F8C03045489847D8F8003028465B
:1020D000D4F8C0B09847D847D4F8C0303F489847A4
:1020E000D9F800306869D4F8C0509847A847D4F8A8
:1020F000C03031489847B3690AF1010A5345C9D243
:1021000097F8C231DA071ED4D4F8C0303448984763
:10211000D8F800303348D4F8C0509847A847324D1B
:10212000D4F8C03024489847FFF758FE95F890300F
:1021300063B9736E002B89D0984707B0BDE8F08F64
:102140002A48B84767E7FFF77BFEDDE7164B68468E
:102150009979F2F79DF82648D4F8C0309847254B76
:10216000D4F8C0801A689DF8023005EB8305D5EDE0
:10217000257A07EB431797ED0C7AF8EEE77AC7EE6E
:10218000877A17EE900A9047C047D4F8C0300A48C3
:102190009847736E002BCFD158E70E4F97F8C23196
:1021A000DA07B1D5CFE700BFC0470020F8390020DB
:1021B00010820210D848002034D702101882021072
:1021C00020820210B0820210D03800201C8202103F
:1021D000A84800202860002028820210D07E02102B
:1021E000F8810210BC480020E03C0020248202104C
:1021F0002C820210D44800202DE9F041A04CA14DC2
:10220000A148D4F8C03098472888D4F8C0608B28FB
:1022100040F2DA819D48B0472888D4F8C0608A38F7
:10222000FBF7C0FDB047D4F8C03099489847287FE5
:10223000D4F8C060F1F7E2FEB047D5ED3E7AF5EE96
:10224000407AF1EE10FA40F00981D5ED3D7AF5EED5
:10225000407AF1EE10FA40F00181D5ED3C7AF5EECE
:10226000407AF1EE10FA40F0F980D5ED3B7AF5EEC8
:10227000407AF1EE10FA40F0F180D5ED3A7AF5EEC1
:10228000407AF1EE10FA40F0E980824E337E022B64
:1022900000F0ED80D4F8C0307F489847A879D4F892
:1022A000C0701130FBF77EFDB847EA78D4F8C03033
:1022B000002A00F07F81794898472A79D4F8C03005
:1022C000002A00F0758176489847D4F8C0307248EB
:1022D0009847A878D4F8C070022816BF80F0010093
:1022E0005F205D30FBF75EFDB847337E022B00F0C8
:1022F0008E81EA79D4F8C030002A40F04B816948D9
:10230000984795F83520D4F8C030012A0CBF6648AC
:102310006648984795F83620D4F8C030002A00F077
:10232000E98063489847F1F799FEC3B210F01F00A7
:1023300000F09C81D90740F168815E4B1B681A78D8
:102340005D4B03F8012B420813D0D20700F17281D4
:1023500082080ED0D70700F17381C20809D0D107D7
:1023600000F17881000904D0524A1269127803F80A
:10237000012B0021D4F8C02019704F48904795F8E0
:102380002030002B40F0BD800020D4F8C070F2F760
:10239000F1F80378DA0700F130814848B84795F83A
:1023A00090301BB1D4F8C0304548984795F821309B
:1023B000D4F8C020002B00F004819F0700F1FC80BE
:1023C000D80703D5D4F8C0303E4898473E4F7B7FAE
:1023D000D90704D5D4F8C0303C4898477B7F5A07CA
:1023E00004D5D4F8C0303A4898477B7F980703D586
:1023F000D4F8C0303748984796F86031590706D569
:102400007B7F1A0703D5D4F8C03033489847D5F8F6
:102410001031D4F8C0609869FBF7C4FC2F4902461C
:102420000220FEF76BFDB0472D4BA86E1B68D4F859
:10243000C05098472B4902460220FEF75FFDA8478F
:102440000020F2F797F8C3689B7ADB0700F1C080A1
:10245000D4F8C0302448BDE8F04118470D4ED4F8F8
:10246000C03022489847337E022B7FF413AF6B793C
:10247000002B40F0EB801E48D4F8C030984709E7A5
:10248000F8390020C0470020848202108C8202109C
:102490004881021028600020988202103C820210BD
:1024A0004C8202109C820210748202107C82021004
:1024B000AC82021014E102100C450020547B021083
:1024C0005C7B0210D8820210E03C0020E082021007
:1024D000E8820210F0820210F882021000830210DB
:1024E000DC4800200483021034D7021090820210CE
:1024F000388202106548984795F82030002B3FF449
:1025000043AF1E2BD4F8C02000F2AA80013B1D2B44
:102510003FF63AAF01A151F823F000BF8326011026
:102520007D260110772601108923011089230110CF
:1025300089230110892301108923011089230110A7
:102540008923011089230110892301108923011097
:102550008923011089230110892301108923011087
:102560008923011089230110892301108923011077
:102570008923011089230110892301108923011067
:102580008923011089230110892301108923011057
:10259000712601103E489847EB79012B3FF4B1AE0C
:1025A000022B0CBF3B483C48D4F8C0309847A8E603
:1025B0003A4889E63A487FE63A48904795F821300C
:1025C000FEE63948904701E7FBF7ECFBB0472AE607
:1025D0000020D4F8C050F1F7CDFF00218068FBF750
:1025E00005FC324902460220FEF788FCA847D4F8D1
:1025F000C0302F48BDE8F04118470020F1F7BAFF7E
:1026000003789B0724D52B48C8E62B4B9BE600207C
:10261000F1F7B0FFC3689B7AD8077FF56AAE002058
:10262000D4F8C070F1F7A6FF4378002B2CD02348D4
:10263000B8475EE6224A5268127803F8012B87E613
:102640001F4A9268127803F8012B86E61D4813E7AB
:102650001D48A3E61A4AD268127803F8012B81E6D6
:102660003C2B7FF491AE194890478DE6124B80E6E3
:102670001748904788E61748904785E616489047E0
:1026800082E6164890477FE61548D1E7B4820210EB
:10269000A48202106C820210708202105482021016
:1026A00044820210647B0210DC8202100883021054
:1026B00034D702104C7B02100C45002064820210BB
:1026C00014E1021034820210447B0210D082021006
:1026D000C8820210BC820210C4820210C0820210A2
:1026E0005C82021070B50B4C0D46D4F8C060FBF74D
:1026F00059FB094B024609490320FEF71DFCB04770
:102700002846D4F8C0309847D4F8C0300448BDE813
:1027100070401847F8390020248002100C83021002
:10272000FC85021070B506460C46094D0948D5F8DF
:10273000C03098473046D5F8C0309847D5F8C030FB
:1027400005489847054B2046BDE870409B681847F0
:10275000F839002010830210B0820210D038002017
:102760002DE9F04F0546BC4C9BB0D4F8C030BB48B7
:102770009847BB48D4F8C060FBF714FBB047B94892
:10278000D4F8C03098472846D4F8C0309847D4F8D9
:10279000C030B5489847002005F0FCF90246B34B1D
:1027A00093E803000190ADF8081010461AB1937A2F
:1027B000DE0700F1D1820DF109024E2194F80A32B0
:1027C00011709D0748BF4D21A94E48BF517096F822
:1027D00060514CBF931C531CE90748BF502296F828
:1027E000C21148BF03F8012B0A0744BF5A2203F85D
:1027F000012B8F0744BF482203F8012B96F85A217A
:10280000120744BF542203F8012B96F85421D7062F
:1028100044BF412203F8012B28B1827A90075CBFA4
:10282000442203F8012B96F8E920D20744BF302256
:1028300003F8012B94F8F821D70744BF532203F87B
:10284000012B6D0744BF522203F8012B48075CBFE0
:102850004C2203F8012B94F80022110744BF2B22CD
:1028600003F8012B96F84D21D2075CBF572203F8DD
:10287000012BD4F8A02012B1322203F8012B2C2115
:1028800001ADD4F8C020198028469047D4F8C07014
:10289000FBF77CFFFBF786FAB847D4F8C0307548E1
:1028A0009847A06AD4F8C070FBF77CFAB847D4F810
:1028B000C030704898470520D4F8C070FBF772FA12
:1028C000B8476D4FD4F8C0306A489847DFF898A1F0
:1028D000B869D4F8C080FBF765FAC047D4F8C030B7
:1028E00050469847F1F7CAFAD4F824318046984701
:1028F000624B814693E8030001900520ADF8081073
:10290000FBF750FA0146284613F00CFC3A2300214D
:102910008DF80A305A4B28461A68D4F8C0B012789D
:102920008DF80B205A6812788DF80C209A6812786E
:102930008DF80D20D3E9032312788DF80E201B7833
:102940008DF810108DF80F3014F088F90346DAF87E
:102950000000E8502846D84796F850C1494B1CF073
:10296000400F0FCB85E80F0014BF474B474B1B6848
:10297000ADF814301B0C8DF8163096F8C231DB0719
:1029800000F13682D4F81031002B00F03D82D4F8EB
:10299000143113B3284614F061F903463C4A03CAC4
:1029A000E85094F8FA0194F8FB212B445960C309CC
:1029B00002F001029B0043EA4203C0F38010184377
:1029C000FBF7F0F98246284614F048F951462844AE
:1029D00013F044FF274B1B88038094F9003294F8CE
:1029E00000A2002BC0F260821AF0200F40F01D827E
:1029F0001AF0100F40F024821AF0400F40F02B82A2
:102A000094F9F93194F8F9A1002BC0F23282337EA7
:102A1000022B00F03C8294F8FA31D80700F1CA8109
:102A2000D4F8E03143B1284614F018F90346194AA6
:102A300003CAE8502B445960B9F1000F40F0788187
:102A4000337F042B2AD0D4F8E0303BB32846124918
:102A500013F068FB22E000BFF83900204883021021
:102A600051BB7E01B082021034D702105483021091
:102A7000286000207C830210D03800205C83021084
:102A800014E10210648302101483021018830210F0
:102A90008C830210BC830210248302101AF0010FF1
:102AA00040F05281284614F0D9F80346AE4AE9189E
:102AB0001068167994F8FB21E8500E71910700F127
:102AC0008F810CF079FE002840F07F81284614F0B9
:102AD000C5F800F167030DEB030010F8643C2C2BE4
:102AE00004BF002300F8643C2846D4F8C03098475F
:102AF00001203B6E98479D48D4F8C03098479C48C9
:102B0000D4F8C0309847D4F8C0309A489847B4F801
:102B100000321A0400F126819BB2002B00F02281C2
:102B200094F80022944912F0080F2A4640F0F880E9
:102B3000DE0704D45B08DE0701F10101FAD508784D
:102B40000131202803D0442818BF02F8010B5B088C
:102B5000EED100262846D4F8C03016709847D4F835
:102B6000C0308248984798F8003013F0FB0F28D007
:102B7000D4F8C0308148984794F8A0318DF80460AB
:102B8000042B00F09D8198F80030032B00F09F810A
:102B9000022B00F093817A4E284614F05FF83146FC
:102BA000284413F05BFED4F8A8210346002A40F025
:102BB00090812846D4F8C03098476C48D4F8C0308B
:102BC0009847636B7BB1D4F8C0306E489847636B0D
:102BD000D4F8C0509847800AFBF7E4F8A8476A4841
:102BE000D4F8C030984763685BB1D4F8C030674808
:102BF0009847D4F8C030606898475C48D4F8C03033
:102C00009847A3685BB1D4F8C03061489847D4F8BE
:102C1000C030A06898475548D4F8C0309847E3685A
:102C20005BB1D4F8C0305B489847D4F8C030E06856
:102C300098474E48D4F8C030984763695BB1D4F8E0
:102C4000C03055489847D4F8C03060699847474825
:102C5000D4F8C0309847E36A6BB1D4F8C0304F481D
:102C60009847E06AD4F8C050FBF79CF8A8474C4856
:102C7000D4F8C0309847002101200BF079FE0121E3
:102C8000804608460BF074FE0021064608460BF00D
:102C90006FFE0121054600200BF06AFE48EA06039C
:102CA0002B430343DBB281465BB3D4F8C0303D48CD
:102CB00098474046D4F8C080FBF774F8C047D4F872
:102CC000C030394898473046D4F8C060FBF76AF8FE
:102CD000B047D4F8C030344898472846D4F8C0509C
:102CE000FBF760F8A847D4F8C0302F48984748460B
:102CF000D4F8C050FBF756F8A8471C48D4F8C030A9
:102D0000984700203B6E98471BB0BDE8F08F0878CD
:102D10000131202818BF02F8010B5B083FF419AFFE
:102D2000D807F4D45B08D80701F10101EFD4F9E723
:102D3000B9F1020F00F0C0801C49284613F0F2F9E7
:102D40001AF0010F3FF4AEAE284613F087FF03469A
:102D5000174A1068E850A5E656230DF10A028DF8CF
:102D600009302AE52A46F4E6C883021034D7021057
:102D7000E0830210F8830210DCE1021004840210E8
:102D8000308302101C8402102C8402103484021040
:102D9000408402105484021068840210708402106F
:102DA00080840210888402107C8302101C8302102D
:102DB000C4830210284613F051FF03464E4A1068A0
:102DC0001279E8502B441A712AE6284613F046FF80
:102DD00003464A4A10681279E8502B441A7175E686
:102DE000474A04331068E918E85013790B7168E614
:102DF000444B18689B88CDF81600ADF81A30D4F80B
:102E00001031002B7FF4C3AD284613F027FF034693
:102E10003D4A94F800A203CA1278E8501AF0200F35
:102E20002B4459601A723FF4E3AD284613F016FFA5
:102E30000346364A1AF0100F1068E8503FF4DCAD34
:102E4000284613F00BFF0346314A1AF0400F106872
:102E5000E8503FF4D5AD284613F000FF03462D4A55
:102E600094F8F9A11068E85094F9F931002BBFF6F5
:102E7000CEAD284613F0F2FE0346274A10681279B9
:102E8000E8502B441A71337E022B7FF4C4AD2846E0
:102E900013F0E4FE0346214A106891889279E850C5
:102EA0002B4499809A71B6E5284613F0D7FE034665
:102EB0001B4A1068E85097E51A493EE71A4E6BE640
:102EC000284613F0CBFE194B1B882B525BE6184E9D
:102ED00062E6900A174A12881A80FAF763FF0646DC
:102EE000284613F0BBFE3146284413F0B7FC124BC2
:102EF0001B8803805DE600BFB4830210D8830210F4
:102F0000D08302107883021080830210988302100D
:102F10009C830210A0830210A4830210AC830210D1
:102F2000948302102883021040830210148402103C
:102F30003883021048810210188402102DE9F04FE6
:102F400093B008F0ABFF002303934FF00203804CD3
:102F50000546804908A88DF8003008F0E1FED4F855
:102F6000103113B198478DF80000D4F8C4307A4876
:102F7000984714F099F8DFF80CB207469BF89030A8
:102F800013B1082800F0CF802B0E0493202F4FEAB6
:102F90002563019300F2BA80202F26D8DFE817F0CE
:102FA000A304B104C5042500AA04250025002500BA
:102FB00064042500250025002500250025002500A6
:102FC0008B0425002500250025002500250025006F
:102FD00025002500250025002500250025002500C9
:102FE0009C04D4F8C4305D4898475D4E96F84C81F7
:102FF00018F0010840F0A7800DF120090DF1340A06
:1030000040460121F1F76EF899ED007A07EE900A3B
:1030100077EE677A08F10108B8F1050FE9EC017A5B
:103020004AF8040BECD196F84C21D4F8C430D107FF
:1030300000F18B804B4898474B4B08A81B68D4F88D
:10304000C4809847C04796F84C319A0718D5D4F8F1
:10305000C43046489847D4F8C480FBF7F9FFFAF724
:10306000A1FEC0474248D4F8C4309847D4F8BC30D9
:10307000D4F8C4809847FAF795FEC04796F84C31CB
:103080005B0700F17B82002004F084FD836A8246A6
:103090009847C3B2029396F84C3118077FD5354B49
:1030A000D4F8C480D3F800909AF80A30D9076BD5C9
:1030B00007F004FCC847304902460220FDF71EFF16
:1030C000C047029BD4F8C48013F0010040F0C683CF
:1030D000FAF768FE264902460220FDF70FFFC047B7
:1030E000DAF83C30002B58D00120D4F8C48098473F
:1030F000006813F099FFFAF755FE1D4902460220B9
:10310000FDF7FCFEC04796F84C3148E0802F3FF4B5
:1031100068AF40F28383B7F5807F00F0F283B7F5A4
:10312000007F7FF462AF0E4ED4F8C4301348984746
:1031300096F84C812B0E049318F001084FEA256392
:1031400001933FF459AFD4F8C4300D4873E700BF82
:10315000F8390020943D0020D08402101885021018
:10316000286000209C840210D84800202885021086
:103170007C830210DC480020388502102085021074
:1031800094840210C047002007F098FBC847AB4961
:1031900002460220FDF7B2FEC04796F84C31DA062F
:1031A0004CD5E36D9847079013F04AFFE36E5FFA42
:1031B00080F99847024644F2840CDFF8A882009810
:1031C00098F82730C0F3400EC3F3801343EA92030C
:1031D00003F001038EF0010E9B00B8F8081000F018
:1031E000010043EACE1343EA803322F481420CEA21
:1031F000030C22F0040201F0D0014CEA0202B1B14A
:1032000094F80032980605D498F80810C1F380119C
:1032100061F34512D90605D498F80830C3F30013BA
:1032200063F3041294F801321B0740F18F8293B2CA
:1032300059EA030140F0948296F84C3113F04002B1
:1032400000F08581DFF8308298F80020002A00F035
:103250003B8115F0400140F03781013AD2B261F371
:10326000861588F80020092A03D917B9092388F898
:10327000003096F84C3113F0200200F0658170495F
:103280000A78002A00F04281E80500F13F81013A06
:10329000D2B20A70092A02D90FB909220A7025B9D7
:1032A0009BF89020002A00F0F180C5F30722EF057B
:1032B0009146049210D513F0010F0DAB059340F029
:1032C000F981D4F8C4305F4898475F4B05981B6874
:1032D000D4F8C4709847B84719F0020F0AD0D4F850
:1032E000C4305A4898479BF81C00D4F8C470F0F7D3
:1032F00085FEB8476806EFB200F18E8117F0B00F77
:103300004FFA87FA03D19BF89030002B34D0A36F8B
:1033100098474F4A4F4BC0B21A60029AD10740F10A
:10332000418112F0020F0CBF53224322043303F8F1
:10333000012C029A920606D594F8F921D10744BFD0
:10334000452203F8012BC20744BF462203F8012B94
:10335000810744BF4D2203F8012B9BF890202AB12E
:10336000BAF1000FA4BF542203F8012B0022394800
:103370001A70D4F8C4309847BA0700F11581364B5B
:103380001D4216D0B38AA3B1DFF8D880D4F8C43078
:1033900098F8092092074CBF30483148984798F870
:1033A00009309B0705D5B08AD4F8C480FAF7FAFC37
:1033B000C047F80709D52B4B93F8AC20D4F8C4309C
:1033C000002A40F075812848984779071ED5DFF814
:1033D000948098F80C202AB996F8C23113F0220F85
:1033E00014D01F2298F85010D4F8C4308A430CBF70
:1033F0001E4A1F4A1F4902200293FDF77FFD029BD0
:10340000984796F8C2319A0700F11B823B0703D513
:10341000337E022B00F0C882BAF1000FC0F2B382F3
:103420006F0300F12381049B180600F1308119F02D
:10343000080F2BD00B4BD86C20E000BF408502104A
:10344000EC6D00204C850210D848002054850210F5
:103450007C413A000C45002001000080A484021049
:10346000AC840210E03C0020B884021050780210B6
:10347000447802106C850210E76D0020411C05DBCA
:10348000D4F8C47040F0C181A148B847A14BD3F82B
:10349000883023B1A04AD4F8C400516A9847019BF0
:1034A000002B57DB96F84D319A0700F14582D4F88E
:1034B000C4309A489847002008F0F6FC039B002B84
:1034C00055D113B0BDE8F08F17F07C0F45F04005E3
:1034D00040F015810922019988F800200029FFF6A3
:1034E000CAAE15F0100F029B18BF012363F3041539
:1034F000AB0600F19B82A36F9847C3B2003B18BF95
:10350000012398F8002063F34515ACE617F07C0022
:1035100045F4807500F0DD801D2201980A700028B6
:10352000FFF6BDAE680600F1D2827B48407A4007C4
:103530007FF5B5AE049880063FF5AEAE4FF48070CF
:1035400025F480750390A5E662F30825A7E662F3EB
:10355000861590E6D4F8C430714898476E4B5B7975
:10356000002BA4D0D4F8C4306E4898479FE74FF49E
:10357000807008F099FC13B0BDE8F08FFBF7CCF930
:1035800000283FF480AD006A00287FF77CADD4F8B6
:10359000C480FAF707FC644902460220FDF7AEFC3E
:1035A000C04770E50333C4E6F0F758FDC3B210F02E
:1035B0001F0000F0C982DB0700F120815B4B42084D
:1035C0001FD0D10704D55A4A5268127803F8012B4C
:1035D000820816D0D20704D5554A9268127803F8AB
:1035E000012BC2080DD0D10704D5514AD2681278F8
:1035F00003F8012B000904D04D4A1269127803F830
:10360000012B00224B481A70D4F8C4309847474821
:10361000D4F8C4309847B2E6DFF8FC80D4F8C43060
:10362000D8F810000593FAF7BDFB43490246022083
:10363000FDF764FC059B9847D8F81400D4F8C480C3
:10364000FAF7B0FB3D4902460220FDF757FCC047A0
:10365000DAF80430D4F8C480D868FAF7A3FB374905
:1036600002460220FDF74AFCC04747E6009BD4F81B
:10367000C470C3F38110FAF795FB3149024602206A
:10368000FDF73CFCB847049B18067FF5D0AE224BF3
:10369000D4F8C47093F89000003818BF0120FAF7EE
:1036A00081FB284902460220FDF728FCB847BEE608
:1036B000254889E61F464FF0000840460121F0F7F3
:1036C00011FD08F10108B8F1050F47F8040BF4D11A
:1036D000F7E54FF0090C019A81F800C0002AFFF6C7
:1036E000DEAD6A0600F1FA810B48407A40077FF5AB
:1036F000D6AD049A92063FF5D2AD62461EE713227C
:10370000019988F800200029BFF6EBAEB3E500BFB1
:1037100088850210D0380020E03C0020A4850210EB
:10372000908502109C850210308502100C45002007
:1037300014E10210648502105C8502107C83021083
:103740007485021078850210B084021098F8083051
:10375000DB0963F3CB2293B259EA03013FF46CAD6A
:10376000DFF8D4C2B24903C9CCF800008CF80410C9
:10377000B9F1000F00F01581500500F1128119F028
:103780001F0000F0F48119F0010F00F0DF81A9495A
:103790000CF1050C096809780CF8011C41081FD0D0
:1037A000C90704D5A349496809780CF8011B8108A9
:1037B00016D0C90704D59F49896809780CF8011B00
:1037C000C1080DD0C90704D59A49C96809780CF811
:1037D000011B000904D09749096909780CF8011BFD
:1037E00000218CF80010002B40F0548100239248F7
:1037F0008CF80030D4F8C43098471DE58D4B1B6819
:103800001A788D4B03F8012BD9E6FAF7CBFA8B49DE
:1038100002460220FDF772FBB84737E6402F7FF4DF
:10382000E4AB874BD4F8C46093F82800FAF7BAFAEF
:10383000844902460220FDF761FBB047824EFFF744
:10384000D5BB98F85000D4F8C480FAF7ABFA7F499A
:1038500002460220FDF752FBC047D7E5DAF80430F4
:10386000586813F0E1FB33E4D4F8C4307848984743
:10387000734A754E92F84030127A012B02F0200202
:10388000D9B200F04B81734B1978002900F03D81CB
:103890009DF80000C0F30001197000F00103002A38
:1038A00040F03681002B3FF4A1ABD4F8C4306A4815
:1038B0009847FFF79BBB624BD4F8C46093F829008C
:1038C0000138FAF76FFA654902460220FDF716FB48
:1038D000B0475D4EFFF78ABBD4F8C43060489847C4
:1038E000594EFFF783BBD4F8C4305E489847564E14
:1038F000FFF77CBBD4F8C4305B489847524EFFF7C3
:1039000075BB2B16002B504E03DB96F84D31580734
:1039100005D54B4B93F8A800002840F00981D4F856
:10392000C43052489847FFF761BBD4F8C4305048C0
:103930009847454EFFF75ABB0020F0F71BFE4D4B52
:10394000DBED1A7AD3ED006AF4EE667AF1EE10FA46
:10395000DBF8102190ED027A9669474A2DD047494D
:10396000C3ED007A82ED007A0E604FF48051236C33
:10397000434898476B057FF59AAD4FF40051236C8F
:103980003F48984793E5DBF81031D4F8C470986944
:10399000FAF708FA3B4902460220FDF7AFFAB847AA
:1039A0003EE50CF1040C1EE79BF80520D4F8C4306A
:1039B000002A6DD0344898472EE5D2ED006AF4EE27
:1039C000476AF1EE10FA2D49CAD10868B042C7D152
:1039D000DBED3E7AF5EE407AF1EE10FA16D1DBED32
:1039E0003D7AF5EE407AF1EE10FA0FD1DBED3C7A3C
:1039F000F5EE407AF1EE10FA08D1DBED3B7AF5EE08
:103A0000407AF1EE10FA08BFDBED3A7AF5EE407A33
:103A1000F1EE10FA14BF012100211C4A13789942DB
:103A200000F0978083F0010313709EE701236AE59D
:103A30004485021014E102100C450020808502101C
:103A4000E03C002010850210286000207C830210DA
:103A5000DC840210E96D0020E0840210E48402108E
:103A6000EC840210D4840210F0840210008502104D
:103A700008850210C4460020846200208869002066
:103A8000243D002070850210C0840210DC6D0020EF
:103A9000384890E7120416D494F8002212F0080F68
:103AA000354A2AD1D80704D45B08D80702F10102AD
:103AB000FAD511780132202903D0442918BF0CF817
:103AC000011B5B08EED100238CF800308EE64FF42A
:103AD000807225F480750392FFF7E1BB4FF480728A
:103AE00060F308250392FFF7DABB11780132202931
:103AF00018BF0CF8011B5B08E5D0D907F5D45B08AB
:103B0000D90702F10102F0D4F9E7002A3FF46EAAC6
:103B1000D4F8C43019489847FFF768BA96F84D3181
:103B20001B077FF5B0AE164B1970002AF0D1BCE62A
:103B3000D4F8C480FAF736F9124902460220FDF79C
:103B4000DDF9C047FFF752BA0F4B5AE50CF1040CF0
:103B500024E648220D490E4812F068FA00283FF486
:103B600009AF482209490A4813F002F8FDE60CF1B2
:103B7000040C35E6C8840210DCE10210B4840210A3
:103B8000E96D0020F88402100C450020C047002099
:103B9000884D0020B1F5607F12D070B50C46064606
:103BA0000021204602F050FE40B10288A2F1180325
:103BB000012B08D990F82C50ED095DB1352070BD6E
:103BC0001146FCF7E9BD074B93F8C351C5F3400517
:103BD000002DF3D10146A21A3046FDF71FFC2846FE
:103BE00070BD00BF286000202DE9F0410D4606465B
:103BF0000021284602F028FE002832D0038804461F
:103C0000183B9BB2012B2FD990F82C30DB0943BB1A
:103C1000284602F06FFFDFF8908007466EB9D8F8AB
:103C2000C0301A4898472846D8F8C050FAF7BAF872
:103C3000A8471748D8F8C0309847D8F8C030CFB157
:103C40003846984794F82C30DB0705D53A78D8F8F1
:103C5000C030CAB90F4898471EB9D8F8C0300E48CE
:103C600098470020BDE8F0810C4B93F8C331C3F3B3
:103C70004003CCE70A48984794F82C30DA07EBD594
:103C8000D8F8C0300348E6E70648E4E7A885021004
:103C900008E202107480021034D70210286000205D
:103CA0006081021070800210F83900202DE9F04187
:103CB000294F0646FB6F9847044626B1274B2848F4
:103CC000D3F8C030984700252388A4681D44002CF1
:103CD000FAD1FB6F984704210446284610F0B0FC47
:103CE000074650B3218859B184460023626802EB2D
:103CF000C30201338B424CF8042BF7D100EB830055
:103D0000A468002CEED1042229463846154B11F048
:103D1000BFFB4DB1A7F10408314658F8040F013438
:103D2000FDF79CFAA542F7D1384610F09FFC002021
:103D3000BDE8F081A468002CF9D02388002BF9D0CD
:103D400000256068314600EBC500FDF787FA23883F
:103D50000135AB42F5D8EDE7D0380020F839002026
:103D6000B8850210490101102DE9F0412A4F06469D
:103D7000D7F880309847044626B1284B2848D3F816
:103D8000C030984700252388A4681D44002CFAD130
:103D9000D7F88030984704210446284610F050FC9C
:103DA000074650B3218859B184460023626802EB6C
:103DB000C30201338B424CF8042BF7D100EB830094
:103DC000A468002CEED1042229463846154B11F088
:103DD0005FFB4DB1A7F10408314658F8040F0134D8
:103DE000FDF7ACFAA542F7D1384610F03FFC0020B1
:103DF000BDE8F081A468002CF9D02388002BF9D00D
:103E000000256068314600EBC500FDF797FA23886E
:103E10000135AB42F5D8EDE7D0380020F839002065
:103E200000860210550101102DE9F04780460E462C
:103E3000002502F07FFA4278806915440028FAD103
:103E400002F078FA04210746284610F0F9FB0446F0
:103E5000002843D0864697F80190B9F1000F17D09B
:103E6000002084467A68236802EB000A9AF8011061
:103E700063B3224602E052F8043F3BB35B788B42C7
:103E8000F9D1013D0CF1010CCC4500F10C00E9D158
:103E9000BF69002FDFD1B8F1000F1AD1184B0422EF
:103EA0002946204611F0F4FA55B10027A4F1040880
:103EB000314658F8040F0137FCF782FFAF42F7D1C3
:103EC000204610F0D3FB0020BDE8F0874EF804AB8D
:103ED000D8E70C4BE3E7BF69002FF4D07B78002BC9
:103EE000F9D000242546786831462044FCF768FF65
:103EF0007B780135AB4204F10C04F4D8EBE700BF4A
:103F00008D0701106101011038B5047894B9294D6D
:103F10002948D5F8C03098472848D5F8C030984788
:103F20002748D5F8C030984720462649FFF77CFF40
:103F3000002038BD05460346A4F16101192998BF48
:103F400004F05F0403F8014B1C78002CF4D12846E0
:103F50001D4909F073FF30B11C4B9B6E002BE7D05D
:103F60009847002038BD2846194909F067FF20B15D
:103F700021460120FCF710FCDAE702F0DBF92A46C3
:103F8000044641784068FCF73BFD0028D0D1A46985
:103F90004CB160680028FAD02A466178FCF730FD01
:103FA0000028F4D0C4E7034B0A48D3F8C030984740
:103FB000BEE700BFF839002048860210588602107C
:103FC000648602104881021070860210D0380020EA
:103FD0007C8602108886021070B5274B274C284E2D
:103FE0000FCB07C4B6F8AE202370150440D493B2AB
:103FF000002B3DD0234D204695F8002212F0080FEB
:10400000214A2DD1DC0704D45B08DC0702F1010250
:10401000FAD511780132202905D0442903D004466D
:1040200004F8011B20465B08ECD12C23D6F8B01015
:1040300000F8013BFDF704F8D5F8C0300F48984769
:104040001248D5F8C0309847002070BD1178013271
:10405000202903D0044604F8011B20465B08E4D065
:10406000D907F3D45B08D90702F10102EED4F9E7CE
:104070002046044DD9E700BF908602100C45002071
:10408000E03C0020F8390020DCE1021034D70210B7
:1040900030B50D4B0D4C83B093E8070003C40C4DB5
:1040A0002270EB6D984701462046FCF7C9FFD5F812
:1040B000C030A4F1080098470648D5F8C0309847AA
:1040C000002003B030BD00BFA08602100C450020C8
:1040D000F839002034D7021030B5434C83B0636EFA
:1040E00098470346414D424AADF8043092E8030038
:1040F00085E80300184610F01F0073D0DBB2DB0721
:1041000067D4EA1D43081FD0D90704D5394B5B6833
:104110001B7802F8013B830816D0DB0704D5354B2A
:104120009B681B7802F8013BC3080DD0DD0704D55E
:10413000304BDB681B7802F8013B000904D02D4BA3
:104140001B691B7802F8013B2C2113469DF80500E2
:1041500003F8011B10F01F0128D0C00704D5254823
:10416000931C0068007850704A081FD0D50704D50A
:10417000204A5268127803F8012B8A0816D0D0071B
:1041800004D51C4A9268127803F8012BCA080DD096
:10419000D20704D5174AD268127803F8012B09090F
:1041A00004D0144A1269127803F8012B94F80822FB
:1041B000B2B1114A917810889970D4F8C020188053
:1041C0000A4890470D48D4F8C0309847002003B003
:1041D00030BD084B05F108021B681B78EB7191E7B5
:1041E000074AE7E7EA1DAFE7F83900200C45002051
:1041F000B486021014E10210AC86021034D702100B
:10420000B08602104FF0FF302DE9F041F0F7B2F91F
:10421000C368DB6B002B3DD0054602209847024661
:10422000EB680020DB6BD768984706461B4C1C48A0
:10423000D4F8C03098477069D4F8C080F9F7B2FD5F
:10424000C047D4F8C03017489847B069D4F8C08048
:10425000F9F7A8FDC047D4F8C03012489847F06974
:10426000D4F8C060F9F79EFDB047D4F8C0300D48CF
:10427000984703213846D4F8C060F9F7B7FDB04736
:104280000948D4F8C0309847EB680020DB6B0BB1CD
:10429000BDE8F0810320BDE8F08100BFF8390020BF
:1042A000BC8602107C83021034D7021030B5002483
:1042B0001D4D85B0D5F8CC31CDE90144039463B3ED
:1042C00001AA204619499847029800EB4000C00017
:1042D00010F0A4F9D5F8CC310246039000B3204683
:1042E000134901AA9847DDE90210124B182211F078
:1042F000CFF8029B01946BB12346039803EB430371
:1043000000EBC300FCF7CCFBDDE901320133934243
:104310000193F2D3039810F0A9F9002005B030BD45
:1043200005499847F9E700BFF83900206D010110F1
:1043300019060110750101100D12011010B50024AD
:1043400082B0224621460E4B009401200AF07CFBED
:104350000121224608460B4B00940AF075FB2246C9
:1043600021462046084B00940AF06EFB01212246AC
:104370002046064B00940AF067FB204602B010BDB1
:10438000C90B01100D0B011075020110A9010110DC
:1043900030B53B4C8BB0D4F83831002B6DD001A830
:1043A0009847002869D0D4F8C03036489847069816
:1043B000D4F8C05000F26C70F9F7F4FCA847059DE2
:1043C0003148D4F8C03001359847092D03D8D4F8C6
:1043D000C0302E4898472846D4F8C050F9F7E2FC80
:1043E000A847049D2848D4F8C0309847092D03D821
:1043F000D4F8C030254898472846D4F8C050F9F77B
:10440000D1FCA847039D2248D4F8C0309847092D15
:1044100003D8D4F8C0301D4898472846D4F8C05077
:10442000F9F7C0FCA847029D1A48D4F8C030984755
:10443000092D03D8D4F8C030144898472846D4F83A
:10444000C050F9F7AFFCA847019D1248D4F8C0301E
:104450009847092D0CD92846D4F8C050F9F7A2FC8A
:10446000A8470D48D4F8C030984700200BB030BDA5
:10447000D4F8C03005489847EDE703200BB030BDB5
:10448000F8390020D0860210E87E0210447802102D
:10449000D8860210B082021034D7021010B504463C
:1044A0000848214603F014FB0CB1002010BD03F0B6
:1044B000D3FA0028F9D1044B0448D3F8C030984708
:1044C000002010BDF5020110F8390020DC86021032
:1044D00010B5854C82B0D4F8B030002B00F0EE80DF
:1044E0000020984783B20190002B6FD0D4F8C030E1
:1044F0007E4898479DF8043013F01F0200F0EF80CB
:10450000DB0700F1DE807A4B51081FD0C80704D5C5
:1045100078494968097803F8011B910816D0C90742
:1045200004D574498968097803F8011BD1080DD0B6
:10453000C80704D56F49C968097803F8011B120937
:1045400004D06C4A1269127803F8012B00229DF8FE
:1045500005101A70002931D02C201A4602F8010BE0
:1045600011F01F0028D0C90704D562499A1C0968B8
:104570000978597043081FD0D90704D55D4B5B6893
:104580001B7802F8013B830816D0DB0704D5594B92
:104590009B681B7802F8013BC3080DD0D90704D5EE
:1045A000544BDB681B7802F8013B000904D0514BE7
:1045B0001B691B7802F8013B00231370D4F8C0304C
:1045C0004B4898474C48D4F8C0309847BDF806305F
:1045D000002B6DD0D4F8C030484898479DF806307D
:1045E00013F01F027DD0DB0772D4414B51081FD05E
:1045F000C80704D53F494968097803F8011B9108A9
:1046000016D0C90704D53B498968097803F8011B0E
:10461000D1080DD0C80704D53649C968097803F810
:10462000011B120904D0334A1269127803F8012BD6
:1046300000229DF807101A70002931D02C201A464C
:1046400002F8010B11F01F0028D0C90704D5294931
:104650009A1C09680978597043081FD0DB0704D5F4
:10466000244B5B681B7802F8013B830816D0D907FE
:1046700004D5204B9B681B7802F8013BC3080DD082
:10468000DB0704D51B4BDB681B7802F8013B0009F4
:1046900004D0184B1B691B7802F8013B00231370F0
:1046A000D4F8C030124898471348D4F8C03098471F
:1046B000D4F8B03000200BB102B010BD032002B01E
:1046C00010BD0C490A4B0968097803F8011B1BE768
:1046D0000849074B0968097803F8011B86E7044B72
:1046E00034E7034BA4E700BFF8390020F886021036
:1046F0000C45002014E1021034D702100887021084
:10470000014B14209B681847D0380020084B30B468
:104710009C46084CDD6B0FCCACE80F0094E803001E
:104720008CE8030015B12B4630BC184730BC7047ED
:10473000D0380020F0E1021001207047024B002029
:10474000C3F84011704700BF28600020084BD3F821
:10475000A03053B110B500200C4698470146054BD8
:104760002140002083F83A1110BD3520704700BF6A
:10477000F8390020286000200B4610B5054A064C89
:1047800018460121D2F88C2084F83C319047002053
:1047900010BD00BFF839002028600020054B89B209
:1047A000998221B9044B5A7A61F341025A7200206E
:1047B000704700BF28600020E03C0020024B002032
:1047C000A3F84C11704700BF286000200020091A90
:1047D00018BF0121034B93F8E92061F3000283F82D
:1047E000E920704728600020CB0711D507291AD887
:1047F0000E4AC1F3800092F8E930C1F3400141EA6A
:10480000400123F007031943002082F8E9107047A4
:10481000064A002092F8E93023F0070343F004032E
:1048200082F8E93070473420704700BF28600020CC
:10483000034691F9012090F90000904205BF5B7892
:10484000012000200B707047094B93F800325B0683
:104850000BD5B1FA81F1074B490993F8512100209A
:1048600061F3C71283F8512170473520704700BFAC
:10487000F8390020286000200020091A18BF012103
:10488000034B93F8522161F3041283F852217047CD
:104890002860002010B5194C01F0010094F85A313D
:1048A00060F3000384F85A3111F0010306BF194682
:1048B0000B46C1F3400394F85A2118BFC1F380019D
:1048C0005B0043EA011322F01202134313F00102CA
:1048D00018BF1F220A4984F85A31DB0681F8C82024
:1048E00005D594F83D3122EA030281F8C820054B32
:1048F0004FF000019B6D9847002010BD28600020FC
:10490000E03C0020F8390020094B19B193F8C2218E
:10491000D2070AD5003918BF012193F85A21002087
:1049200061F3820283F85A2170470A20704700BF62
:10493000286000200020091A18BF0121034B93F8BA
:10494000502161F3861283F85021704728600020BF
:1049500011F0010304D1094A82F860310020704748
:10496000064B01F00702890783F86021F6D5D2B221
:1049700042F00402002083F8602170472860002084
:104980000020091A18BF0121034B93F8502161F34D
:10499000410283F8502170472860002010B4124C67
:1049A000024694F8C33113F002000ED1182A10D039
:1049B000192A0BD1C4F8C410C4F8A410C4F8841088
:1049C000616661645DF8044B704735205DF8044B07
:1049D0007047C4F8C810C4F8A810C4F88810A166BD
:1049E000A1645DF8044B7047286000200020091A7C
:1049F00018BF0121034B93F8502161F3C30283F8E0
:104A0000502170472860002010B4094C01F00103C8
:104A100094F85021C1F340011B0102F06F0243EAF8
:104A2000C1131343002084F850315DF8044B7047E4
:104A30002860002000B56FEA010E0A4BC1F3400167
:104A400093F852C193F8C22181F0010161F3410C46
:104A50006EF3C71283F852C1002083F8C2215DF8BB
:104A600004FB00BF286000200020091A18BF0121A4
:104A7000034B93F8512161F3410283F851217047B0
:104A8000286000200020091A18BF0121034B93F869
:104A9000502161F3451283F85021704728600020AF
:104AA0001F4A01F00103B2F85401C1F3800C1B014D
:104AB00043EA4C13C1F3400C20F4987043EA0C23F2
:104AC0000343A2F8543111F0080305D0154890F8BB
:104AD000FB3113F0010316D192F8550111F01001CA
:104AE00063F3410082F8550105D00E4B93F9FA119A
:104AF00000290EDB002192F85531002061F3C30339
:104B000082F855317047D0F81431003B18BF0123AB
:104B1000E2E7D3F81411003918BF0121EBE700BF19
:104B200028600020F8390020044B93F8FA0110F0B7
:104B300002000ABF024B0320D9627047F8390020F7
:104B4000286000200F4B93F8FA0110F0020017D1F3
:104B5000CB4310B40C4C9B03D4F85021C1F3400C50
:104B600003F48043C1F3800143EA8C4322F44422DE
:104B700043EAC1431343C4F850315DF8044B704716
:104B800003207047F839002028600020034BC9003B
:104B900001F01F01002083F83D11704728600020BC
:104BA000034BC90001F01F01002083F83E1170473C
:104BB000286000201B4B822893F83D3123FA01F333
:104BC00003F0010316D8632816D964381E2813D8B9
:104BD000DFE800F01D1212121212121212121A1233
:104BE00012121212121212121712121212121212A0
:104BF00012121400A02801D00020704783B10A4887
:104C000070475BB10948704733B1094870470BB131
:104C10000848704708487047084870470848704778
:104C20000848704728600020488702104C8702100F
:104C30005887021060870210288702103087021000
:104C4000388702104487021040F21B23984207EE77
:104C5000901A2DD0B0F5077F12D2B0F5AA7F20D0E0
:104C6000B0F5C57F1BD19FED197A67EE877AFCEE10
:104C7000E77A17EE902A164B0020A3F8E020704741
:104C800040F2A12398420AD19FED107A67EE877A0D
:104C9000FCEEE77A17EE902A0D4BA3F8D8200020FF
:104CA00070470B4B0020C3F80411C3F8E4107047A1
:104CB0009FED067A67EE877AFCEEE77A17EE902A88
:104CC000034B0020A3F8E220704700BF00007A44A5
:104CD0002860002003460148836170475069002026
:104CE00000B2704710B50B46002482B0094801A9F4
:104CF0008DF805308DF8044002F0EAFE38B1204608
:104D0000054B9DF8042083F8DD2002B010BD34204F
:104D100002B010BD314801102860002010B50B46CC
:104D2000002482B00B4801A98DF805308DF80440AD
:104D300002F0CEFE10B9342002B010BD064B9DF833
:104D400004209DF9050083F8DC2002F011FD2046C7
:104D500002B010BD31480110286000200A4B10B588
:104D600093F8FA0110F002040AD1D3F8E0303BB115
:104D7000042905D8054B197707F06AFE204610BDB7
:104D80000324204610BD00BFF83900202860002011
:104D900008B5044B034483F89A11F6F7B7F80020DE
:104DA00008BD00BF28600020CBB2012B10B50C4617
:104DB0000BD0022B02D08BB90A4A537101220A4947
:104DC0000A4B0C7600201A7010BD002002F02AFE5B
:104DD000030705D50022034B5A71EFE7032010BDEE
:104DE000112010BDC047002028600020E26D002087
:104DF00010B5C9B20A4C4B0784F8E81001D4002062
:104E000010BD002002F00EFE10F01003F7D194F850
:104E1000E820352063F3820284F8E82010BD00BF4B
:104E20002860002010B5804C237E012B00F0F38019
:104E300040F2CA32E38A94ED507A1E3B9BB2934211
:104E400088BF2323794A88BFE382D2ED077A92F99B
:104E5000F831B4EEE77A002BA4BF0023A4F8DE30CB
:104E6000F1EE10FAD36A48BFC4ED507A94F83D11C0
:104E7000002B6DD0C80618D4D4ED2C6AD4ED2D7A51
:104E80009FED6B6A07EE103A66EEA77AB8EE477AA6
:104E9000C7EE865AB4EEE57AF1EE10FA05D527EEA4
:104EA000067AC7EE267AC4ED2D7A080718D4D4ED19
:104EB000246AD4ED257A9FED5E6A07EE103A66EE1D
:104EC000A77AB8EE477AC7EE865AB4EEE57AF1EEE5
:104ED00010FA05D527EE067AC7EE267AC4ED257AB4
:104EE000480718D4D4ED1C6AD4ED1D7A9FED506AA2
:104EF00007EE103A66EEA77AB8EE477AC7EE865A02
:104F0000B4EEE57AF1EE10FA05D527EE067AC7EE93
:104F1000267AC4ED1D7A880718D4D4ED146AD4ED2E
:104F2000157A9FED436A07EE103A66EEA77AB8EE5F
:104F3000477AC7EE865AB4EEE57AF1EE10FA05D557
:104F400027EE067AC7EE267AC4ED157AC8073CD557
:104F5000237F042B07D9032094F85231207743F0A4
:104F6000080384F8523192F9FA31002B47DB002311
:104F700094F8550163F3C30092F8FB3184F85501AE
:104F800013F0010309D0D2F81421C3B2C3F34003D4
:104F9000002A0CBF002303F0010394F83E2194F88B
:104FA0005501114063F34100B4F8D020B4F8D23079
:104FB00042F4806223F4806384F8550184F83E1142
:104FC000A4F8D020A4F8D23010BDD4ED0C6A94ED32
:104FD0000D7A9FED176A07EE903A26EE877AF8EE83
:104FE000677AC7EE065AF4EEE75AF1EE10FAAFDD33
:104FF00067EE867A87EEA67A84ED0D7AA8E794F8B4
:105000005531D2F81401C3F3C00300280CBF0023AC
:1050100003F00103ACE7002002F004FD10F00800EB
:1050200008BF207604E700BF28600020F839002080
:105030000000704200B5084B87B001A8C3F8B0115A
:1050400005910491039102910191F5F7E9FC00208B
:1050500007B05DF804FB00BF286000200E4A08B5C9
:10506000D2F80C31B3B10D4B92F8FBC193F8542137
:105070001CF0010F61F3410283F8542106D0D2B233
:10508000C1F3400161F3C71283F854210AF09AFA80
:10509000002008BD352008BDF83900202860002018
:1050A000064A08B5B2F80022054B114021F4806190
:1050B000A3F8D2100AF086FA002008BDF8390020C3
:1050C0002860002010B5174CD4F80C3143B3164BB0
:1050D00093F8542161F3000283F8542194F8FB21E2
:1050E000D20714D494F9FA21002A07DA93F855214B
:1050F000C1F3800161F3820283F855210AF062FA5C
:105100000021D4F80C3108469847002010BD93F8D0
:105110005421C1F3400C6CF3861283F85421E1E76B
:10512000352010BDF839002028600020074A08B556
:10513000B2F80022064B114041F48061A3F8D01070
:105140000AF040FA06F0A2FB002008BDF839002062
:1051500028600020003918BF012108B5064B93F8DC
:10516000502161F3000283F85021FCF7AFFC06F0F8
:10517000B7FD002008BD00BF28600020002875D0C2
:1051800008B50388B3F5C67F49D2B3F5AA7F80F08E
:105190008780412B00F23381052B65D9063B3B2BE1
:1051A00062D8DFE813F01601610056016301610067
:1051B0006100610061002301610050012301610071
:1051C0001601610061006100610061006100610021
:1051D0006100610061001D011D016100F500F50025
:1051E000F500F500610045016100610061006100AA
:1051F00061006100610061006100610061006100A7
:105200006100610061006100610061006100610096
:10521000610061004A01700161006100160140F205
:105220008A22934200F05C8121D8B3F5F27F00F02E
:1052300060810ED840F2E112934200F0C380B3F5D2
:10524000F17F11D1B44BD3F83C01003818BF0120D5
:1052500008BD40F20722934240F01E81AE4B93F905
:10526000F831002BC0F21181002008BD7047B3F562
:105270003A7F80F0298140F2E522934200F2458195
:1052800040F29F22934200F0928040F2A12293428A
:10529000EAD1A14B93F80A02003818BF012008BDDB
:1052A000A3F5AA73372BDFD801A252F823F000BF71
:1052B000275401109D5301109D5301109D5301105F
:1052C0009D5301109D5301109D5301100D54011069
:1052D0000D5401100D540110695201106952011052
:1052E000695201106952011069520110695201108E
:1052F000695201106952011069520110695201107E
:10530000695201106952011069520110695201106D
:10531000695201106952011069520110695201105D
:10532000695201106952011069520110695201104D
:10533000695201106952011069520110695201103D
:10534000695201106952011069520110695201102D
:10535000695201106952011069520110695201101D
:10536000695201106952011069520110695201100D
:1053700069520110695201106952011069520110FD
:10538000AF54011093520110A35401108B5401101B
:10539000614B93F8FA01C0F3001008BD5E4B93F81F
:1053A000FA01C0F3400080F00100C0B208BD5A4BC2
:1053B000586E00283FF44CAF93F80802003818BF2D
:1053C000012008BD544BD3F8D401003818BF012088
:1053D00008BD514BD3F81001003818BF012008BD9B
:1053E000002002F01FFB00F0010008BD4A4BB3F89B
:1053F000000220F48040003818BF012008BDB42B03
:105400007DD0BE2B7BD0AA2B7FF42EAF424BD3F89E
:10541000A030002B3FF428AF01209847C0B20038DD
:1054200018BF012008BD012002F0FCFA43072AD46E
:10543000394B93F8F801C00908BD374B93F80002C7
:10544000C0F3C00008BD002002F0ECFAC0F3002059
:1054500008BD314BD3F8A030002B3FF405AF00203E
:105460009847C0B2003818BF012008BD2A4B93F8F6
:10547000FA0110F010003FF4EBAE002002F0D2FA77
:10548000C0F3C00008BD012008BD02F0E5FA012804
:1054900094BF0020012008BD40F21B2293427FF4FC
:1054A000E3AE02F0D9FA003818BF012008BD02F0BF
:1054B000D3FA00283FF4CCAE012002F0B3FA80F01A
:1054C0000400C0F3800008BDA3F53A73012B3FF63A
:1054D000CBAE114B93F80D02003818BF012008BD68
:1054E0000D4B93F8F90100F00600003818BF0120B9
:1054F00008BD094B93F80002C0F3801008BD074BAC
:1055000093F8C301C0F3400008BD034B93F80B02AE
:10551000003818BF012008BDF8390020286000209D
:10552000412844D8052840D9831F3B2B3DD8DFE8CC
:1055300013F062013C005E0152014E013C003C0050
:1055400048013E013C003A0136013C0027012001A0
:10555000110106013C003C003C003C003C003C00CA
:105560003C003C003C0003013C003C003C003C0093
:10557000FF003C00F900F300E9003C003C00A20001
:10558000A200A200A200A200A2003C003C003C003D
:105590003C003C003C003C003C003C003C00BC00AB
:1055A0003C00ED00E000DA00C2000020704740F24D
:1055B000E113984200F0498100B5B0F5F17F83B066
:1055C0001CD2B0F5BC7F00F030812DD840F25513CD
:1055D000984261D0B0F5AD7F40F03A819F4B93F88F
:1055E000520193F851314008C3F3801383F0010353
:1055F00000F00600184303B05DF804FB40F20723F7
:10560000984200F01881B0F5027F1FD2B0F5F27F0A
:1056100045D040F2E513984240F01A818F4B93F841
:105620005201C0F30010E6E7B0F5C07F28D040F289
:105630008B13984240F00C81884B0DF1070193F8D1
:10564000DC0002F031FA9DF90700D4E740F21A239A
:1056500098421BD0B0F5297F40F0FA807F4B93F839
:10566000520193F9C231C04300F00200002BA8BFE1
:1056700040F00100BFE7794B034493F89A0170476B
:10568000764B93F85101C0F34000B4E7734B93F8A5
:105690003E01C0F3C100AEE7704B187FABE76F4B24
:1056A00093F95101C043C00FA5E76C4B93F850012B
:1056B000C0F340007047694B93F8542193F855317B
:1056C000C2F3401003F00101800040EA4100C2F340
:1056D00000121043C3F3400240EAC200C3F3C00308
:1056E00040EA031070475D4B93F85001C0F340103F
:1056F00070475A4B93F85001C309C0F3001040EAB9
:1057000043007047554B93F860017047534B93F833
:105710005001C0F3C0007047504B93F85A01C0F3DA
:10572000800070474D4B93F85001C0F380107047D4
:105730004A4B93F83C017047484B187E7047474AE4
:1057400092F85A31B2F8C201C3F3C00363F30410F4
:1057500080B27047414B93F85A3113F001001DD0CD
:10576000980800F0040003F00203184340F0010021
:1057700070473A4B93F85D01003818BF012070471D
:10578000374A364B92F8FB2193F85401D207C0F305
:10579000400003D593F95431002B5BDB70472F4B4E
:1057A000B3F8D20070472D4B93F8E80070472B4AAE
:1057B0002B4BB2F8D000B3F80032184020F48060D0
:1057C0007047264B93F8500100F001007047234BBF
:1057D000B3F84C017047214B93F8E93059073FF576
:1057E000E4AE580000F0060040F0010070471B4B8B
:1057F00093F83A0170471A4B184993F8FBC191F896
:1058000054211CF0010F02F0010003D0520648BFE2
:1058100040F0020093F9FA31002BBFDA91F85531CC
:105820005907BBD540F0040070470C4B93F83D017D
:10583000C0F3C100DFE6094B0DF1070193F8DD006D
:1058400002F032F99DF90700D5E6044B988A7047BB
:105850000020D0E640F00200704700BF2860002022
:10586000F83900200022054B0120C3E90022C3E9DA
:105870000222C3E904229A61704700BF50690020E8
:1058800010B52DED028B00230446406982B008EE6E
:10589000101A019370B36A4601A9F8F7A9FB20B367
:1058A000DDED007AF4EEC87AF1EE10FA08D994F83A
:1058B0002C309B0725D5B5EE408AF1EE10FA20D1A9
:1058C000A06968B100236A4601A90193F8F790FB2B
:1058D00058B1DDED007AF4EEC87AF1EE10FA10D48A
:1058E000002002B0BDEC028B10BD022002B0BDEC66
:1058F000028B10BDB5EEC08AF1EE10FAE0D504209F
:10590000F4E7342002B0BDEC028B10BD08B513499A
:10591000134B0A68186890420FD007C983E8070044
:1059200050221049104810F081FB20B150220D493F
:105930000D4811F01DF9012008BD58684A689042D1
:10594000EBD198688A689042E7D1502206480C3122
:1059500010F06CFB0028EFD0E8E700BF04610020E6
:1059600088620020106100203462002070B5044677
:1059700030B10F4B1B68CBB12046BDE870401847D3
:105980000C4DFFF74FFA6B7A1B07F2D5F5F7DCFAEF
:105990000028EED06B7A0B2064F3C3036B7206F021
:1059A0003BFA054B0D20DB689847E2E770BD00BF6E
:1059B000504F0020E03C0020D0380020154B10B4A0
:1059C0001A78AAB9144B154993F8512191F8A001FE
:1059D00022F03C0283F85121C8B10123D1F8BC4127
:1059E0004FF4F272A44618460B495DF8044B604729
:1059F000D3F814C01C69D86899685A68064BC3F874
:105A0000B8C0C3F89840986799659A63DBE75DF87A
:105A1000044B7047804F002028600020F839002098
:105A200001207047A0F164035F2B29D9A0F54873CA
:105A30005F2B23D9B0F5AA7F00F0138140F2898053
:105A400040F21B23984200F01081B0F5077F80F0F0
:105A5000F580B0F5AB7F00F0E080B0F5C57F0DD1EB
:105A6000894B9FED8A7AB3F8E03007EE903AF8EE72
:105A7000677AC7EE877A17EE900A70470020704762
:105A8000A0F165035E2B5ED8814BA3FB0023DB08EE
:105A900003EB83035B009BB2C01A0428EED8822B71
:105AA00046D8632BEAD9643B1E2BE7D801A252F8F3
:105AB00023F000BF495B01107D5A01107D5A01108F
:105AC0007D5A01107D5A01107D5A01107D5A011036
:105AD0007D5A01107D5A01107D5A0110EF5B0110B3
:105AE0007D5A01107D5A01107D5A01107D5A011016
:105AF0007D5A01107D5A01107D5A01107D5A011006
:105B00007D5A0110F95B01107D5A01107D5A011078
:105B10007D5A01107D5A01107D5A01107D5A0110E5
:105B20007D5A01107D5A01107D5A0110DB5B011076
:105B3000B42B6DD0BE2B4BD0AA2B9FD1524B03EB75
:105B40004013186C704700204F4B03EB4013186B49
:105B500070471B2892D81B2890D801A353F820F037
:105B6000355C01107D5A01107D5A01107D5A0110DB
:105B70007D5A01107D5A01107D5A01107D5A011085
:105B80007D5A01107D5A01107D5A01107D5A011075
:105B90007D5A01107D5A01107D5A01107D5A011065
:105BA0007D5A01107D5A01107D5A01107D5A011055
:105BB0007D5A01107D5A01107D5A01107D5A011045
:105BC0002F5C0110295C01107D5A0110215C01102D
:105BD0002D4B03EB4013586C70472B4B03EB4013DA
:105BE000D3ED0F7AF1EE677A17EE900A7047264BE5
:105BF00003EB4013586B7047234B9FED267A03EB62
:105C00004013D3ED0E7AC7EE877A17EE900A7047ED
:105C10001D4B03EB4013986C70471B4BD86A7047C1
:105C2000194BD3F8B0017047174B586C7047164B9F
:105C3000986C7047144BD3F84001704740F2A12391
:105C400098427FF41BAF104B9FED107AB3F8D83019
:105C500007EE903AF8EE677AC7EE877A17EE900A69
:105C60007047094BD3F804017047074B9FED077A43
:105C7000B3F8E23007EE903AF8EE677AC7EE877A2B
:105C800017EE900A704700BF2860002000007A4499
:105C9000CDCCCCCC00006145F8B5A0F165035E2BFE
:105CA0002DED028B08EE101A6ED96FF44877C319E8
:105CB0005E2B03D8BDEC028B3520F8BDA0F1C903E3
:105CC0005E2BF7D96FF4C8768319302BF2D96FF4B5
:105CD00016754319262BEDD98228EBD8642808BF06
:105CE0000024E7D1B84D660105EB4413D3ED0C7ADF
:105CF000F5EEC07AF1EE10FA42DDF4EE487AF1EEFC
:105D000010FA3DD0B14F04F12C0107EB810188EE70
:105D1000276AD1ED017A04F10A0207EB8202F8EE5C
:105D2000E76AD2ED017A04F1240307EB8303B8EEAE
:105D3000E77AD3ED017AF8EEE77A04F1140007EB85
:105D40008000D0ED015A66EE866A27EE067A67EE8D
:105D5000867A65EE865AFDEEE66ABDEEC77AFDEEFE
:105D6000E77AC0ED015AC1ED016A82ED017AC3ED17
:105D7000017AF9F75FF9964807F1B40105F0D0FF11
:105D80002E4486ED0C8A77E0924BA3FB0023DB08C0
:105D900003EB83035B009BB2C41A042C8AD8822BCA
:105DA00046D8632B86D9643B1E2B83D801A252F8B8
:105DB00023F000BFE55C0110B55C0110B55C01107B
:105DC000B55C0110B55C0110B55C0110B55C01104B
:105DD000B55C0110B55C0110B55C0110435F0110AA
:105DE000B55C0110B55C0110B55C0110B55C01102B
:105DF000B55C0110B55C0110B55C0110B55C01101B
:105E0000B55C0110215F0110B55C0110B55C01109B
:105E1000B55C0110B55C0110B55C0110B55C0110FA
:105E2000B55C0110B55C0110B55C0110815E01101C
:105E3000B42B00F08B80BE2B15D0AA2B7FF43AAF89
:105E4000654BD3F8A030002B3FF434AF01209847C6
:105E5000C0B2E040C0077FF52DAF5B4B03EB4413AE
:105E600083ED108A08E0584B93F8C32192077FF521
:105E700021AF03EB441359640020BDEC028BF8BD45
:105E8000514DB1EE488A05EB4413D3ED0F7AF4EE91
:105E9000487AF1EE10FA4D4F4FEA441672D10022C3
:105EA00095F85D312E4486ED0F8A87F8C920002BC6
:105EB000E2D013F0100175D0D5ED2F7AF5EEC07A4F
:105EC000F1EE10FA4DD411461C0709D5D5ED277A0D
:105ED000F5EEC07AF1EE10FA44BF012241F008015C
:105EE000580706D5D5ED1F7AF5EEC07AF1EE10FA17
:105EF0005AD4980706D5D5ED177AF5EEC07AF1EEAB
:105F000010FA31D4DC0706D5D5ED0F7AF5EEC07A5C
:105F1000F1EE10FA33D4002AAED087F8C910ABE7FF
:105F2000DFED2E7A28EE278A28EE278A2C4A264B88
:105F300002EB840203EB441382ED018A83ED0E8AA7
:105F40009AE7214B03EB4413596395E71E4B93F8F3
:105F5000C32191077FF5AEAE03EB441383ED128AA4
:105F60008AE701221021AFE741F00201DE07D4D514
:105F7000D5ED0F7AF5EEC07AF1EE10FACDD541F0FD
:105F80000101CAE701227B7AA24043F008037B7239
:105F900097F85030042023EA020387F8503005F0C8
:105FA00083FF7CE70A468EE79E0741F00401DDD5BA
:105FB000D5ED177AF5EEC07AF1EE10FAD4D4DC07FD
:105FC000ABD50122A0E700BF28600020E03C002004
:105FD00030480020CDCCCCCCF839002000007042F5
:105FE000804F0020A9B3374B93F8C221D20767D561
:105FF000D3ED2F7AF5EEC07A0021F1EE10FAD3ED51
:10600000277A314AF5EEC07A82F8C91048BF1021CC
:106010004FF01F0048BF82F8C910F1EE10FA83F864
:106020005D0125D4D3ED1F7AF5EEC07AF1EE10FABA
:106030002BD4D3ED177AF5EEC07AF1EE10FA31D405
:10604000D3ED0F7AF5EEC07AF1EE10FA09D4002004
:1060500070471C4A1C4B002082F85D1183F8C91060
:10606000704792F8C93043F0010382F8C930EEE777
:10607000D3ED1F7AF5EEC07AF1EE10FA92F8C9105E
:1060800041F0080182F8C910D3D5D3ED177AF5EEA7
:10609000C07AF1EE10FA92F8C91041F0040182F8CA
:1060A000C910CDD5D3ED0F7AF5EEC07AF1EE10FA26
:1060B00092F8C91041F0020182F8C910C7D5D0E7A3
:1060C0000A20704728600020E03C002010B42A4BD2
:1060D000B3F8C201A3F8C21111F001013CD093F84A
:1060E000C22193F85AC1114693F8C341C2F300127A
:1060F00021F0100162F3C30C83F8C211C90783F8C1
:106100005AC104F0010216D540F2012108400128CD
:1061100011D0A1070FD4986C596CC3F8C800C3F80C
:10612000A800C3F888009866C3F8C410C3F8A41088
:10613000C3F884105966114893F8C311446E0020C7
:1061400084420CBF002202F0010262F3000183F8D6
:10615000C3115DF8044B704793F85A01084C61F382
:1061600082000A4683F85D1184F8C910A3F8C211B1
:1061700083F85A01DFE700BF28600020F8390020CB
:10618000E03C002070B5044600B3037F072B1DD808
:106190000120984010F0AA0F0DD110F0550016D034
:1061A000237B0B2B12D8DFE803F03E3E3E3E3E4AF7
:1061B000503A353A3E442288237B1144063B88B24C
:1061C000032B5CD8DFE803F00D090409002070BD43
:1061D0002E4B93F8B630DB0723D4636ABDE87040DA
:1061E0001847636A984724690546002C43D02E213E
:1061F00020460FF0CBFF064600283CD0204610F08A
:106200002DFD2118891B0139C9B22846BDE870400F
:10621000F7F7ECBD1D4B93F8B630DA0701D4206ACE
:1062200070BD1B4870BD236ABDE870401878F7F751
:10623000B9BD236ABDE870401888F7F7B3BD236A7B
:10624000BDE870401868F7F7ADBD236A24691E6881
:106250009CB12E2120460FF099FF054668B12046DB
:1062600010F0FCFC2118491B0139C9B23046BDE8C9
:106270007040F7F7BBBD0121C7E70121F6E7636A6C
:106280009847BDE87040F7F78DBD00BFF839002092
:106290006C8702100346C8B1027F072A16D8012076
:1062A000904010F0AA0F0DD110F055000FD01A7BBE
:1062B0000B2A0BD8DFE802F00C0C0C0C0C170A0AA6
:1062C0000A0A0C141A7B063A032A04D800207047E5
:1062D0001B6A187870471A885B6A114488B218479D
:1062E0001B6A188870471B6A1868704710B1037BD7
:1062F000062B01D00A487047027F072AFAD80123EB
:10630000934013F0AA0F05D113F0550FF2D0036A92
:10631000186870470288436A114488B2184700BF62
:106320000000C07F024B1A6818609061704700BF80
:106330006C290020004870477029002010B4094CD7
:1063400094F8A03153B1D4F8BC410146A4460123CE
:10635000462240F2B7305DF8044B60475DF8044BCD
:10636000704700BFF839002010B40A4C94F8A031EF
:1063700063B1D4F8BC4100EBC000C000A4460123C7
:1063800046225DF8044B00F2263060475DF8044B6E
:10639000704700BFF8390020F8B5124E044696F851
:1063A000A0310D4663B100EBC001C90001234622B4
:1063B0002846D6F8C07101F22631B84700B1F8BDC1
:1063C00000232B7096F8A03153B104EBC404E00015
:1063D000012346222946D6F8BC4100F22630A047C8
:1063E0000020F8BDF83900200C4B70B5DB6C04467A
:1063F0000D4603B198470A4A92F8A0316BB11620B6
:1064000004FB00F02946D2F8BC510123AC46BDE89C
:106410007040142200F50070604770BDD038002035
:10642000F8390020F8B5174E054696F8A0310C460D
:1064300063B1162105FB01F1012314222046D6F891
:10644000C07101F50071B84700B1F8BD00230E4AD4
:1064500023606360A360E3602361D36C13B12146C2
:106460002846984796F8A03153B1162005FB00F056
:10647000214601231422D6F8BC4100F50070A04744
:106480000020F8BDF8390020D03800202DE9F04F69
:10649000804600269BB0904D4522FF210DF1210042
:1064A0000FF0F2FD5FFA88F717213046D5F8B831C2
:1064B0008DF82060984717F0010B40F0C180BB07B2
:1064C00078D4780715D595F8A03193B101234622E9
:1064D00040F22630D5F8BC4108A9A04795F8A03174
:1064E0003BB10123462240F26E30D5F8BC4108A9E9
:1064F000A047390715D595F8A03193B1012346225D
:1065000040F2B730D5F8BC4108A9A04795F8A031B2
:106510003BB10123462240F2B730D5F8BC416F4968
:10652000A047BBF1000F20D0D5F808311BB14FF0C8
:10653000FF316B4898476B4B9C698CB1FA0626D5A6
:106540000125237803B145B1A36A03B19847E369F4
:106550001BB12178624849429847A469002CF0D1C8
:10656000EDF784FC1BB0BDE8F08F5E4B9C69002CFE
:10657000F6D0FB0600F1AE8018F0010F07D1A46938
:10658000002CFCD1EDF772FC1BB0BDE8F08F237836
:1065900043B1A36A03B19847E3691BB1217850481E
:1065A00049429847A469002CF1D1EDF75FFC1BB07C
:1065B000BDE8F08F00234FF400766FF00504CDE9BD
:1065C0000333CDE90533DFF828A1DFF814910793F1
:1065D0000197022C09D899F85831E340DF0704D518
:1065E0000134022C06F11606F5D9DAF84C30A01D5C
:1065F000C0B20BB103A9984795F8A03133B101237C
:1066000014223046D5F8BC7103A9B8470134042CD4
:1066100006F11606DDD1DAF84C30019F13B10B20DC
:1066200003A9984795F8A031002B3FF44AAF012306
:106630001422D5F8BC4103A940F2F220A04740E75C
:10664000274C29494FF4F272204610F091FA4FF48A
:1066500080633046A4F8D03001F0E4F9024694F8A3
:10666000E83030461A40C2F3400262F3410384F836
:10667000E83001F0D7F994F8E8301C4A1946C0F325
:106680000010C3F380030340167863F3820184F89B
:10669000E8105EB153699168C4F8B8301369A16518
:1066A000C4F89830D368A3675368A36394F8513152
:1066B00023F03C0384F8513195F8A031002B3FF4CE
:1066C000FEAE01234FF4F2721846D5F8BC410449DE
:1066D000A047F4E65D4634E7F839002060810210F7
:1066E0002860002070290020B0F90210804F00209F
:1066F000D038002010B5094C94F8A03143B10123E3
:10670000462240F2B731D4F8C041A04700B110BDD5
:106710004FF00800FFF7BAFE002010BDF839002046
:1067200070B50546414E717869B10024736801EB7C
:10673000410103EB81015A78AA4208BF1C460C3381
:106740009942F8D124B9B669002EECD1002070BD71
:10675000A36823B12046984708B1012070BD637833
:10676000023B0C2B1CD801A252F823F05B670110EE
:106770005B670110EF670110A16701105B670110F3
:106780000768011013680110A1670110A1670110CB
:106790005B6701101F680110A16701105B670110A2
:1067A000224E02E0B669002ED0D0F0680028F9D061
:1067B0003289002AF6D0002404EB440300EB0310D6
:1067C0008378AB420AD00134A242EBD9F06804EBE3
:1067D000440300EB03108378AB42F4D1836A002BAF
:1067E000BBD0002198470028B7D13289EBE7104B86
:1067F000D3F8A030002BA9D001209847C0B20038B0
:1068000018BF012070BD0A4B93F8F90100F0010098
:1068100070BD074B93F8F901C0F3801070BD044BB5
:10682000D3F81001003818BF012070BD7029002076
:10683000F83900208078FFF773BF00BFA0F12C0368
:10684000032B98BF2B2070472DE9F84FA0F165036B
:106850005E2B80460F4604D96FF4487143185E2BB7
:1068600052D87D4EA6FB0836F60806EB8606760063
:10687000B6B2A8EB060ADFF8E491B9F808000024E4
:1068800070B1D9F80C5004EB44034FEA031B35F800
:106890000B1005EB0315B14217D001348442F0D33D
:1068A000D9F81890B9F1000FE7D16C4C236B2BB1DC
:1068B00040469847B8EB000906466ED1A469002C03
:1068C000F4D100252846BDE8F88FAB6A53B12846BD
:1068D0005146984710B9B9F80800DEE7D9F80C20FE
:1068E00002EB0B05AB782B2B2CD0BAF1000F22D08A
:1068F000D9F82C30002B3CD01FB1C7F80090002DE8
:10690000D3D02846BDE8F88FA0F1C9035E2BA8D9E3
:106910006FF4C8728318302B69D84F4BA3FB002348
:10692000DB0803EB8303A0EB430606F5C876B6B29B
:10693000A0EB060A9FE7002FE3D02846C7F8009097
:10694000BDE8F88F464BD3F8BC30002B49D05146F8
:1069500028889847014610B1A86810F0A7F8D9F820
:106960000C2002EB0B05BAF1000F0CD0D9F82C303B
:106970004BB9AB781D2B0BD00520504595D9D9F8D4
:106980000C2002EB0B05002FB9D0C7F80090B6E73A
:10699000344BD3F8E4319847EFE72189002990D0B0
:1069A000002F3AD04FF00008454603E008F10108F7
:1069B0004145A6D9E36808EB48004FEA001A03EB0B
:1069C000001033F80A30B342F0D1836A6BB1494604
:1069D000984721890028E9D0E26802EB0A053C606B
:1069E000E4E7BAF1000FC1D186E70546F7E76FF497
:1069F0001673C318262B0CD8174BA3FB00239B0838
:106A000003EB8303C61A06F51676B6B2A0EB060AA8
:106A100031E706464FF0000A2DE73D4603E0013717
:106A2000B9427FF66EAFE36807EB47004FEA001804
:106A300003EB001033F80830B342F0D1836A43B15E
:106A40004946984721890028E9D0E26802EB080509
:106A5000E5E70546E3E700BFCDCCCCCC70290020AC
:106A6000D0380020F83900202DE9F043837804461F
:106A70002B2B0F46904683B017D090F82C1011F0B6
:106A8000780104D13B4603B0BDE8F04318470088C5
:106A900001A9FFF7D9FE019BDE6A26B342463946BB
:106AA000334603B0BDE8F043184700252E46DFF813
:106AB0004090A36A1BB129462046984780B1D9F877
:106AC000BC303BB1294620889847014610B1A068E8
:106AD0000FF0ECFF424629462046B847064610B163
:106AE0000135052DE5D1304603B0BDE8F08300BF88
:106AF000D03800202A4B70B59B6F044613B19847DD
:106B000000B170BD00212046FFF79EFE054600281B
:106B1000F7D0244AA4F1640392F83D61224CDE4090
:106B200006F0010602E0A469002C37D06269002A51
:106B3000F9D0B5F800C0238ABCF1640F1DD002F172
:106B4000040E013B32F83310614506D0002BEAD029
:106B5000013B32F833106145F8D15EF83300C3B120
:106B60000028EED070BD16B1194602EBC30EDEF858
:106B7000040071B10028C4D10B46591E32F831C04F
:106B800002EBC10EBCF1640FEDD00029CBD00B4657
:106B9000F3E70028B5D1A469002CC7D1204670BD09
:106BA000D03800202860002070290020A0F10A03BE
:106BB000022B38BF05207047007B013802288CBFAC
:106BC00000200120704700BF007B052805D00A384F
:106BD00001288CBF0020012070470120704700BFB2
:106BE0002DE9F0410E4600218046FFF72DFE0028DA
:106BF00055D00569002D4BD02B78002B48D0284666
:106C0000012701E0013701302C210FF0BFFA0028E5
:106C1000F8D1002F3CD0044604E00134BC424FEAD6
:106C2000560635D016F00101F7D14046FFF70CFEAD
:106C30000028F2D0037B013B022BEED8026944B15D
:106C4000214612F8013B002BE7D02C2BF9D101395A
:106C5000F7D142F64E73114621F8033B412393705E
:106C6000D3780A461BB90AE012F8013F3BB12C2B3E
:106C7000FAD101F8013B12F8013F002BF9D10023B2
:106C80000B70CAE7042207490FF012FB38B92070D5
:106C90002C2128460FF078FB04460028F2D1BDE8ED
:106CA000F08100BF7887021070B5037B044615465B
:106CB00084B00B2B41D8DFE803F006060606060673
:106CC0002B311A40060600232846694601AA009384
:106CD000F7F736F9054688BB237B0B2B2ED8DFE868
:106CE00003F08253536E69302D2D2D2D3030284600
:106CF0000FF0B4FF464B064693F8B630DB0701D5DC
:106D0000082876D007EE906AF8EEE77A17EE901A28
:106D1000204604B0BDE87040FEF7B2BD28460FF033
:106D20009DFF07EE900AF8EEE77A204617EE901ADC
:106D300004B0BDE87040FEF7A3BD0025284604B0AE
:106D400070BD00236069019E039368B102AA03A984
:106D5000F7F7F6F8002856D1029B9E4204D294F829
:106D60002C309A070ED56EB9A0690028E6D0002312
:106D700002AA03A90393F7F7E3F8002845D1029B81
:106D80009E42DBD93425D9E72069002839D0037821
:106D9000002B36D0012401E0013401302C210FF00A
:106DA000F5F90028F8D10123A340019A9A4228BF9F
:106DB0003425C3E7019B202B28BF3425BEE720697B
:106DC0000028DFD00378002BDCD0012401E001345F
:106DD00001302C210FF0DAF90028F8D1019BA342F1
:106DE00028BF3425AAE7019A012A94BF1D463425FD
:106DF000A4E7294607480FF07BFD002882D1032530
:106E00009CE70123D1E7054698E7022596E700BFF6
:106E1000F83900206C8702100023F0B5594A85B07C
:106E20000C4603A90746009301930292FFF70CFD5D
:106E3000002845D023780546202B03D114F8013FC4
:106E4000202BFBD02B7B062B65D0073B022B2BD8AE
:106E5000224628460299FFF727FF064608BB2A7FED
:106E6000072A3DD80123934013F0AA0F0DD113F048
:106E7000550F35D02B7B0B2B20D8DFE803F0616159
:106E8000616174702E67671F616C2B7B2A6A062B09
:106E90004DD0073B022B46D8214638469047F8B1E3
:106EA0000646304605B0F0BD6946204601AAF7F710
:106EB00047F80028CCD02B7F012BC9D90226F0E758
:106EC000072F06D12378304A202B039251D12F4D22
:106ED000B4E73526304605B0F0BD029A2B6A1A6039
:106EE000ECF778FB039C236A03B19847264B9C423E
:106EF00021D0E369002BD4D0FEF708FD4FF0000548
:106F0000234B08B3002760F300052946E2692148B6
:106F10001F709047C5E76946204602AAF7F768F850
:106F2000002895D1C7E7384601999047B7E738461A
:106F300002999047B3E7184BD3F80831E361D8E7DB
:106F40002B6A019A1A70CBE71878DBE72146286A8A
:106F50000FF0ACFDC4E72B6A019A1A80C0E7019AD2
:106F60002B6A1A60BCE7019B2A6A03F01F031370A7
:106F7000B6E72046694601AAF6F7E2FF00289DD150
:106F8000024D65E70000C07F70290020A4E60210D2
:106F9000E26D002028600020F839002070B504461A
:106FA0000D480FF05BFE054620460FF057FE2B18EC
:106FB0000133632B94BF0126002606D8064B1B78AD
:106FC0002BB9214604480FF0ADF8304670BD034B95
:106FD000014A1B885353F4E7946200207C8302101B
:106FE0000022024B02499A610B6070477029002011
:106FF0006C2900202DE9F043B54F4FF00008D7F879
:10700000BC3087B0002B00F0D081BB6943B9B14BD5
:10701000B14AC7E90733B14BB149C7E90A237962DD
:10702000B04D0121E869F6F7E1FE0146AE480FF0E8
:107030003DFD95F8A031002B00F0B5810020D5F87A
:10704000B43198471728A94E00F06481FDF7EAFE95
:1070500095F8A031002B40F034814FF01F00FFF76E
:1070600015FAFAF733FD00210120FAF7DFFDFEF7EC
:107070004DFC60F30008ECF7ADFA00229C4996F84D
:107080005D3181F8C920002B3BD013F0100000F0D7
:107090001C81D6ED2F7AF5EEC07AF1EE10FA00F1F0
:1070A0009C8110461C0709D5D6ED277AF5EEC07AEB
:1070B000F1EE10FA44BF012240F008005C0707D54A
:1070C000D6ED1F7AF5EEC07AF1EE10FA00F1738179
:1070D0009C0740F14481D6ED177AF5EEC07AF1EEC7
:1070E00010FA40F13C8140F00200DB0707D5D6EDF5
:1070F0000F7AF5EEC07AF1EE10FA00F1398181F8DD
:10710000C90096F85A2112F0010318BF1F23D006B8
:1071100081F8C83005D596F83D2123EA020381F8AD
:10712000C830D6F8B03101A80593049303930293B5
:107130000193F3F775FC00F08FFC002800F030811C
:10714000002000F06FFCC20500F11B81B5F80012B1
:107150000E2021F48061FFF743FDD5F8A03033B154
:107160000020984701460820C9B2FFF739FD0F20DB
:1071700095F80A12FFF734FD6B6E002B00F030819A
:10718000DFF88C91D9F8184064B1636A03B198476D
:10719000E369002B00F09080414654489847A46969
:1071A000002CF2D195F8FA4195F8FB31E40903F08F
:1071B0000103A40044EA430444F0010421460620EC
:1071C000FFF70EFD21461320FFF70AFDD5F8143115
:1071D000002B00F0EE8095F8FA1195F8FB31C90903
:1071E000090103F0010341EAC30141F00301412019
:1071F000FFF7F6FC96F85231DB074FD433683D4A6F
:1072000023F0FF01914249D03B4AB2EB132F20D328
:10721000D6ED5F7ADFED396A96ED396A96ED417AFF
:1072200067EEA67AB4EE476AFCEEE77AF1EE10FA62
:1072300017EE903AA6F8D83014BF0123002363F369
:10724000000806D086ED397A4146D5F8083127483E
:10725000984732682A492B4B61F31F2232601A7813
:107260005AB15A69C6F8B8201A69C6F89820DA687F
:10727000B2679A685B68B265B36396F8513123F0E0
:107280003C0386F8513195F8A0313BB101234FF40E
:10729000F2721846D5F8BC411449A047D7F8EC2043
:1072A000194BD5F808111A60184BC9F81C10C7F80B
:1072B000EC3007B0BDE8F083A469002C7FF465AF23
:1072C00070E7BB6807209847C7E60246E9E600BFBB
:1072D000D0380020D54C0110E14C01106558011048
:1072E000215A0110F8390020E465002028600020B0
:1072F000E03C002000518E4DF6D0030000007A449F
:10730000518E4D00804F0020504F00206D590110CC
:107310007029002001234FF4F27230461946D5F847
:10732000C041A04700283FF491AEFDF77BFD3378C4
:10733000172B7FF48DAEFAF7C9FBFEF7E7FA60F37F
:107340000008D5F80831414630469847D5F80C3149
:10735000002B3FF490AE0021084698478BE6DC07EF
:107360000BD5D6ED0F7AF5EEC07AF1EE10FA04D512
:1073700040F0010081F8C900C3E6002A3FF4C1AE25
:10738000BDE6C0F340014900C0F3001041EA8001AE
:1073900001F00601102041F00101FFF721FCD5E6C4
:1073A00000F006FCCCE6114E50E6114BC7F8BC309D
:1073B0002BE603211BE79A0740F004007FF595AE0A
:1073C000D6ED177AF5EEC07AF1EE10FA3FF58BAEF6
:1073D000DB077FF594AE0122C3E70122102061E6AE
:1073E0004FF6FF611620FFF7FBFBC9E6286000207F
:1073F000B54B01100022014B1A707047EA6D002056
:107400002DE9F0470021194A19480FF021FE194EC5
:10741000307000B3DFF86880DFF86890D8F8BC30CF
:107420009847154C074605E0636C6BB9A36C5BB9D4
:10743000337893B1D9F854500FF036FEA847D8F8F6
:10744000BC3098478742EFD0002109483170BDE831
:10745000F047EBF731BDBDE8F087D8F840304FF486
:107460000071BDE8F0470548184700BFE0930400ED
:10747000F5730110EA6D0020E03C0020243D00205F
:10748000F8390020D038002038B51A4D1A4CD5F8FC
:10749000D43198472368C01A312824D9D5F8D4317B
:1074A0009847164B20601B78EBB9154CA379D3B9DC
:1074B000607A10F0020016D1EDF75CF8114B93F8EA
:1074C0002120037813430ED00FF0EEFD10280BD0CF
:1074D000402804D038B9BDE83840FFF791BF94F890
:1074E0002830012BF7D038BD94F82930012BF2D089
:1074F00038BD00BFF83900207C4D0020EA6D002027
:10750000E03C0020C0470020704700BF4FF0000063
:10751000704700BF704700BF00207047704700BF32
:10752000436A70B50446051D13B12846984758B103
:107530004FF0010C2846A36A84F84CC04FF00001BC
:10754000BDE870400022184784F84C0070BD00BFB1
:10755000F0B54F4E0446356893B02DB32B681B6AC7
:1075600013B34C4B00EB800203EB02139D421BD084
:1075700095F90E30002B06DB474BD3F8F020AA61BB
:10758000D3F8EC30EB616B6A2F1D1BB1384698477E
:1075900000287AD04FF0010C38464FF0000100224D
:1075A000AB6A85F84CC0984700239C42336069DB86
:1075B0003A4B1B789C4265DA364E04EB84031B0180
:1075C000F358A500002B5DD0354F97F870303BB1D4
:1075D00097F92C30A34203D03B6D0BB1ECF7CEFFF3
:1075E0002B1906EB031393F90E20002A06DB2A4A17
:1075F000D2F8F010D2F8EC209961DA6125442D011F
:10760000741994F84C3004352E4443B9636A1BB1A5
:1076100030469847002833D0012384F84C30442268
:10762000314601A80FF0A4FA1B4B1E4C187E9DF8A2
:107630000E30D4F8E010C3F3C002012814BF0022BA
:1076400002F0010262F3C3038DF80E3011B101A8FC
:107650008847C0B10122144B87F87020BB62FB68D9
:107660000BB96423FB6044220F4801A902970FF075
:107670007FFAD4F8E4300BB10B489847012002E0C0
:1076800084F84C00002013B0F0BD85F84C008BE767
:10769000EC500020F862002028600020E46D0020FB
:1076A000FC650020D0380020286600202DE9F0413C
:1076B000DFF8B880054698F800300F46012B34D02B
:1076C000002B37D13846FFF769FC002832D098F8F4
:1076D0000040214804EB84063301C55000EB061638
:1076E0000433B76418444422294667B20FF040FAC5
:1076F00037712B7A33B194B1013488F800403846A1
:10770000BDE8F081154B1A68CAB1314614480FF034
:10771000C7FC98F8004098F90070002CECD1442286
:10772000294610480FF024FAE6E70B4B1B681B7A3A
:10773000052B0DD04FF0FF373846BDE8F0810A4ADF
:107740001E6092F8FA3143F0100382F8FA31D2E762
:10775000002388F80030B5E7F8620020EC500020E4
:107760002175011028660020F8390020E46D002002
:107770002DE9F043884E044696F8008093B0B8F1A6
:10778000000F40F09C80002814DADFF82C9299F862
:107790007030002B00F0C38099F92C30834200F048
:1077A0008C807E4F3D68002D40F09580002013B006
:1077B000BDE8F083DFF8009279497A48FFF776FF59
:1077C00099F87040002C00F0D68099F92C30002BED
:1077D00073D0724F3D68002D00F0D8802B681B6A73
:1077E000002B00F0D180704B44469D427DD1C7F8FC
:1077F000008025463378AB42D8DD6B4F05EB85031F
:107800001B01FB58AE00002BD0D099F8703043B16B
:1078100099F92C30A34204D0D9F850300BB1ECF7D1
:10782000ADFE731907EB031393F90E20002A06DB54
:107830005E4AD2F8F010D2F8EC209961DA612E4459
:107840003601BC1994F84C3004363744002B00F054
:1078500086804422394601A80FF08AF9534B544CD4
:10786000187E9DF80E30D4F8E010C3F3C002012852
:1078700014BF002202F0010262F3C3038DF80E3040
:1078800019B101A88847002890D00122494B89F8F6
:107890007020C9F82830D9F80C3013B96423C9F81E
:1078A0000C304422434801A9CDF808900FF060F94C
:1078B000D4F8E4300BB13F489847012077E7DFF870
:1078C000F89099F870301BB199F92C308342F4D0BC
:1078D000324F3D68EDB12B681B6AD3B1324B04EBDC
:1078E000840203EB02139D4213D095F90E30002B56
:1078F00006DB2E4BD3F8F020AA61D3F8EC30EB6115
:107900006B6A05F10408DBB140469847C0B985F8B9
:107910004C0000239C423B60BFF66BAF46E71F4F15
:107920003D68002D3FF442AF2A68126A8AB31E4AAE
:1079300000EB800102EB01129542D6D13B6035E7A6
:107940000123404685F84C304FF00001AB6A00221D
:10795000984700239C423B60BFF64BAF26E7636A23
:1079600013B13846984718B1012384F84C3070E7BA
:1079700084F84C001AE7094F3D683DB12B681B6A3B
:1079800013B1094B9D42B0D100233B6000252C462A
:1079900030E73A600AE700BFE46D0020EC500020B9
:1079A00068B8021098FB0210F862002028600020DE
:1079B000D038002028660020FC65002002290DD068
:1079C000002810DB0E4B1B7898420CDA00EB80008D
:1079D0000C4A0301D05800B179B970470A4B93F9AA
:1079E0002C20824201D00020704793F8702003F1D0
:1079F0002C00002A08BF00207047043398187047F5
:107A0000E46D0020F8620020FC650020044B93F830
:107A1000702012B193F92C0070476FF0010070478D
:107A2000FC6500200A4B1B7843B148B9013B094A69
:107A300003EB83031B01D3585889704718467047DE
:107A4000044A03EB830302EB031333F8420C704741
:107A5000E46D0020F862002010B50E4C207848B18B
:107A6000012800D010BD0C4B1B681B7A052B08BFEA
:107A7000002010BD09490A48FFF718FE094B93F88A
:107A8000702012B193F92C3013B10020FFF760FD84
:107A90002078E5E7E46D0020F862002068B8021065
:107AA00098FB0210FC6500200022074B0A701B782F
:107AB0003BB1064B1B685B78181AB0FA80F040099E
:107AC00070471846704700BFE46D0020F862002040
:107AD000002838D0254B1B78002B34D0002270B5FD
:107AE0000D462349044608688E6C417884B0012B0A
:107AF00001968DF801108DF8002026D0002140F26B
:107B00008B10FEF7A1FE48B30021FEF7C3FB28BB94
:107B100001239DF900108DF802008DF80830154AF8
:107B200092F92C308B42B3FA83F314BF124A2C32F1
:107B30005B092946684603928DF80930A04700B9D1
:107B4000002004B070BD00207047017A0529D5D00F
:107B500011468DF802208DF80830E0E70023FF2160
:107B6000054A8DF808308DF80210E2E7E46D002038
:107B7000F8620020FC650020FC6200200130C0B2E9
:107B800001289ABF024B93F870000020704700BF95
:107B9000FC65002038B9054890F870302C30002B77
:107BA00008BF002070470020704700BFFC65002020
:107BB000084B187840B1084B013800EB800203EB0A
:107BC00002131B7B052B03D004490548FFF76EBD4C
:107BD00040B27047E46D0020F862002068B80210DF
:107BE00098FB0210642970B54368044638D01A7AAD
:107BF000D20634D4C82928BFC8210A2938BF0A218F
:107C0000DA6891422BD007EE901ADFED2F6AF8EE7A
:107C1000E77A93ED007A67EEA67A67EE877AF5EE5B
:107C2000C07AF1EE10FA25D994ED057AF4EEC77A10
:107C3000F1EE10FA37D583ED017AD9600FF034FAFE
:107C400008BBE36A002B37D0256B002D34D0626867
:107C500020465168984701462046A84718E070BD65
:107C6000DA68642AFBD0D3ED007AF5EEC07AF1EE43
:107C700010FAD9D89FED157AD96083ED017A0FF00B
:107C800013FA0028DDD0124A937A43F00803937266
:107C9000402004F009F90F4B9B6B002BDFD0BDE8AF
:107CA00070400020184794ED067AF4EEC77AF1EEA2
:107CB00010FA37FE277ABEE7636B002BE8D06268C4
:107CC000204651689847E3E70AD7233C00000000AC
:107CD000E03C0020D03800202DE9F0413B4F3B78BC
:107CE00013B10020BDE8F0817B78C3B90C4615467E
:107CF000CAB214F001010646D0F8248013D1002244
:107D0000C0470025736810201D601C7204F0CCF879
:107D1000284601F0E5FF3B78002BE2D17B7883F029
:107D20000100BDE8F0814168807ACB68000701D589
:107D300092071FD4642B40D007EE903A9FED247A2F
:107D4000F8EE677A67EE877A07EE105A67EE877A61
:107D5000F5EEC07AF1EE10FA2DD9726907EE102A0D
:107D6000F4EEC77AF1EE10FA19D54A603046214692
:107D7000C047C7E7642B23D007EE903ADFED146AC3
:107D8000F8EE677A9FED137A67EEA67A67EE877A48
:107D9000F4EEC77AF1EE10FA17EE105A13D996EDF9
:107DA000067AB4EEE77AF1EE10FA54BF17EE902A95
:107DB00017EE102AD9E70022D7E707EE905AC7E757
:107DC00000252A46D1E72A46CFE700BFE03C002045
:107DD0000AD7233C000000002DE9F84307460E4671
:107DE0001546F8F759F9A0B1314BF2074CBFB3F87B
:107DF000E080B3F8E28004460FF056F9022802D181
:107E00002046BDE8F8832A4631463846FFF764FF2E
:107E100018B900242046BDE8F88340F604037A89A7
:107E20001340042B1DD0B8F1000F07D1214B5B6C20
:107E3000002BE5D0314638469847E1E7F97A11F052
:107E40000801F3D107EE908A9FED1B7AF8EE677A6E
:107E5000C7EE877A17EE900AF6F760F90028E5D1A9
:107E6000D7E7D7ED077AF5EEC07AF1EE10FADAD956
:107E70004EF660230025DFF84490A84508BF9846D9
:107E800008E04846F6F74AF9C835ADB20028C0D038
:107E9000454507D8BB6A384698474306C0F380116A
:107EA000EFD5C3E7ECF76AFB0E2003F0B5FFB0E7B0
:107EB00028600020D038002000007A44CDCC4C3E11
:107EC0002DE9F8431E46837A1C07C3F3C00909D580
:107ED000334A937A43F0080393724FF001094846FE
:107EE000BDE8F883836A5FFA81F804460D461746B9
:107EF000984788EA000818F0030FEED00FF0D4F886
:107F00000228EAD03A4629462046FFF7E5FE002837
:107F1000E5D040F6040362891340042B0BD016B160
:107F2000E37A1A072BD51F4B5B6C002BD5D0294663
:107F300020469847D1E7D4ED077AF5EEC07AF1EE06
:107F400010FAECD94EF660234F46002E08BF1E46AD
:107F5000DFF85880A36A204698474306E3D40121FE
:107F60004046F6F7DBF8C837BFB20028B7D0B742B3
:107F7000F0D9ECF703FB0E2003F04EFFAFE707EE5E
:107F8000906A9FED097AF8EE677AC7EE877A012149
:107F900017EE900AF6F7C2F80028C4D19FE700BF99
:107FA000E03C0020D038002000007A44CDCC4C3E8C
:107FB000642A034607EE901A09D007EE102ADFED77
:107FC000166AB8EE477A27EE267A67EE877AF5EEDC
:107FD000C07AF1EE10FA1AD9586907EE100AB4EE19
:107FE000E77AF1EE10FA03DD5B685860DA607047FB
:107FF00093ED067AB4EEE77AF1EE10FA54BF17EE7D
:10800000900A17EE100A5B685860DA60704700202B
:108010005B685860DA6070470AD7233C0A4890F8DA
:10802000703073B10022002110B5036B046D2C3049
:108030005A601A601972A047BDE81040102003F082
:1080400033BF102003F030BFFC65002008B5054B9E
:1080500093F8700028B15A6D03F12C00904700F09E
:10806000010008BDFC650020704700BF2DE9F0410C
:10807000DFF89481064698F86031D9075ED4F6F7A8
:108080004BFC0027564C054638466770ECF772FAF1
:10809000002800F08380C268002D39D0EB6C934239
:1080A00000F08F80002A00F097806770836822615B
:1080B0000278E360227194F9013004EB03131B6929
:1080C000AA7F22709B7A1A0703D598F85031DB06F5
:1080D00073D4444C226812F028003ED1102E4FF089
:1080E000020441495ED0414B81F8284083F82C00BE
:1080F0000B7AC3F3800383F00103DBB23C4C8B703B
:108100002060A2F10800B0FA80F04009BDE8F081DB
:10811000002A50D06570836822610278E360227182
:10812000344B354A9B6F92F82150984794F90130AF
:108130000543257004EB03142369C3E72F48F7F7C1
:1081400093F80021294A92F84430D16423F01203B5
:1081500043F0120382F8443091E7002001F0C6FD9D
:108160002149274A8B7A102E43F002038B72254B4C
:1081700013604FF0020322682BD000241B4881F8C3
:10818000283080F82C400B7A202AC3F3800383F038
:1081900001030CBF30460020DBB2AFE72061002DA9
:1081A00089D1BDE70B7A81F82940C3F3800383F0BE
:1081B0000103DBB2A2E72261B2E79E200EF078FF56
:1081C00087E7AA6C6770E26095F84020236122710E
:1081D00076E781F82930D6E71346226170E700BFC1
:1081E000FC50002070660020E03C0020984F0020EA
:1081F000F04F0020F8390020C0470020C84F002071
:108200002C2C0020959101102860002040070CD5EF
:10821000094A10B5937A590708D4BDE81040074BB6
:10822000074A04201A601B681847704723F00403AC
:10823000937201F0E7FDF0E7E03C00202C2C0020D9
:1082400095910110400700D4704770B5294A86B057
:10825000937A59072FD400210022274C274D206CF8
:10826000436A84F83410E263984795F8743113F048
:10827000020305D1224A1846526F84F846309047CF
:10828000204B214E336094F82C309B070DD595F888
:108290006131D5ED597A9A0004EB830393ED007AAE
:1082A000B4EEE77AF1EE10FA0BD40420336806B08E
:1082B000BDE87040184723F00403937201F0A2FD5B
:1082C000C9E7D5F868310DF1040C23630A4C0DEBB6
:1082D00002050FCCACE80F00214651F8203B01A865
:1082E000CCF80030C5ED017AF5F7A6FB0028DCD00C
:1082F00006B070BDE03C0020984F002028600020B0
:10830000F83900207D8B01102C2C00202DE9F0473E
:1083100010F040032DED028B0ED06B4C94F82C30F6
:108320001D0778D594F82C3043F0040384F82C30E2
:10833000BDEC028BBDE8F0874007F9D5634DAA7A02
:10834000510700F18380604CDFF8A88194F82C304D
:1083500098F860215E4E5F4923F00403D70784F844
:108360002C30316003D594F82C30580744D45A4F40
:1083700094F82C30386943F0080384F82C30C8B1E5
:10838000564B98ED5E8AD3F84090B9F1000F04D0B7
:108390007B79FA683979C8473869DFED517A68EE38
:1083A000277AFCEEE77A17EE903AFA6839799BB2B1
:1083B000FFF786FD4B4B4C4A9B6F92F821909847F4
:1083C000C0B2484510D0D8ED5F7A9FED457A67EE90
:1083D000877AFCEEE77A17EE903A387899B2EBF7A5
:1083E00029F83878ECF7DAF8002294F82C302A775C
:1083F00023F0080384F82C3094F82C3059072BD440
:1084000094F82C309B0743D4BDEC028B33680420D6
:10841000BDE8F0471847314B0620DB68984702203B
:10842000324B2B4A294D136094F82C30A97A43F033
:10843000040384F82C304C0785F828001ED4BDECCA
:10844000028BBDE8F04704201368184763F38202EB
:10845000AA7201F0D7FC76E7204B0620DB6898472C
:108460000222224B85F82820336094F82C30AA7A17
:1084700043F00403520784F82C30C5D5002001F0E6
:1084800035FCAB7A23F0060343F00603AB724FE7EB
:108490000420114A164992F90130D8F86C7102EBA8
:1084A0000313127885F8280084F84620DA681B79CF
:1084B000A1F11C0084F83430E2632763F5F7BCFABD
:1084C0000028A1D034E700BF984F0020E03C0020F6
:1084D0002C2C0020F58D0110FC500020D0380020FD
:1084E00000007A44F8390020C04700200D820110B6
:1084F000C84F00202860002083074CD52DE9F047A5
:108500006B4C6C4E94F8900078B9D6F8E03003B11B
:108510009847694BD3F8D03013B1D4F8100198477D
:10852000802003F0C1FC94F89000644D644B2F68E8
:108530004002644C1860002F2ED000226249207A3D
:1085400081F82C20A2706149A27222851A602A60EB
:108550005F4A10F02000116069D1637A84F8A800A6
:1085600060F304136372544B5B6B03B198472B6841
:10857000082B79D083B1A3F10400B0FA80F040F267
:108580000112617A400960F30411134061726BD1EA
:1085900084F8A83068E07047F6F7BEF9074600286F
:1085A00068D0082300222B60A27101F069FC97F9C2
:1085B0004030002B23DAD6F8D4319847FB6C814643
:1085C0001A6C0AB19047FB6CDB6B0020984743693B
:1085D00041F2883A03F102080AE0D6F8D43198470C
:1085E000A0EB0903534559D8636C13F0300F59D1F0
:1085F000FB6C0020DB6B984743699845EDD101F097
:1086000063FA2868324B334AA0F10401B1FA81F1D0
:108610001A6040F20112637A490961F304131042AF
:10862000637235D0244B5B6BF3B198471CE010228A
:1086300008211A6004F14400336C9847286840F21E
:108640000113A0F10401B1FA81F1627A03404FEA0B
:10865000511161F3041208BF84F8A8308742627296
:1086600081D12B68082B86D1336C0121BDE8F047FE
:1086700019481847286840F20112A0F10401B1FA24
:1086800081F1637A490961F3041310426372C9D11D
:10869000002384F8A8300028C4D1E5E70E2003F0B9
:1086A000BBFBE1E72021336C0B489847DCE700BFB8
:1086B000C0470020F8390020D03800207066002024
:1086C000F04F0020E03C0020984F0020CD8A0110A0
:1086D0002C2C0020898E0110243D0020054B93F89E
:1086E000600110F0010004D0034B93F82C00C0F39C
:1086F0008000704728600020984F00202DE9F04F3F
:10870000974E81B03768874236D02028044636D845
:10871000202822D8DFE810F072000A010A012100A7
:108720000A01210021002100C000210021002100B8
:1087300021002100210021009A00210021002100B8
:108740002100210021002100210021002100210021
:1087500021002100210021008D00A7F10401B1FAC0
:1087600081F140F201127F4D49096B7A174261F3A2
:1087700004136B7200F05D8101B0BDE8F08F8028BA
:1087800000F09E801ED9B0F5807F00F06581B0F5C5
:10879000007F40F05081744B744A724D30601A6013
:1087A0006B7A23F010036B72002385F8A830A74280
:1087B000E2D06F4B5B6B002BDED0204601B0BDE8F2
:1087C000F04F1847402840F0368140F2831317EAF3
:1087D0000308D1D1664B0620DB6898470223614D20
:1087E000204685F82830FFF741FC002800F08A80F9
:1087F00034606B7A68F304136B72D5E70023594D2C
:108800005C495D4A81F82C30AB705C49AB722B85BA
:1088100013603360544B19602B7A9906C0D510242D
:10882000574B08211B6C05F14400146098473468CD
:108830006FE0B7F5007F08BF4F4B4B4A08BF1F6082
:1088400020235049474D11603360A9E7BB06454DD1
:1088500013D46B7F980710D41020FFF707FC28B9BA
:108860000123414A484985F82930116010222B7AAA
:10887000326023F020032B7292E73F4B1B68102BD2
:1088800000F0D2806B7F03F08203822B07D12B7A1A
:1088900043F020032B7202E0002F7BD0314DA7F173
:1088A0000401B1FA81F140F201136A7A490961F3D6
:1088B00004123B406A727FF45FAF85F8A8305BE733
:1088C0000223284D85F82830FFF7D0FBD0B1346063
:1088D000DFF894802D4BD8F800209A4200F0C88031
:1088E0000EF0CAFBFFF79AFB254B4FF000005B6FC1
:1088F00098471F4B0B20DB689847254B3468C8F816
:10890000003006E01C4B1B68A34225D13468802C44
:10891000DED040F20112231F594259416B7A1442B2
:1089200061F304136B727FF442AF3DE73460A4F14E
:108930000406B6FA86F640F201120020094D7609C7
:108940006B7A094966F304136B72114B1442A870D9
:108950000B607FF42EAF27E7346000F025FBD5E7EE
:1089600070660020E03C00202C2C0020F9840110CF
:10897000D0380020984F0020F04F0020CD8A011001
:10898000F8390020898E01107D8B0110458201107D
:1089900069800110F5F7C0FF044600286AD008235B
:1089A000444D3360AF7101F06BFA94F94030002B05
:1089B00025DADFF814A1DAF8D4319847E36C814660
:1089C0001A6C0AB19047E36CDB6B0020984743694F
:1089D00041F2883B03F102080AE0DAF8D431984703
:1089E000A0EB0900584556D86B6C13F0300F58D1E6
:1089F000E36C0020DB6B984743694345EDD101F000
:108A000063F834682C4B2D4AA4F10401B1FA81F1CA
:108A10001A6040F201126B7A490961F3041314429F
:108A20006B723FF4C1AEC4E62B7A9A067FF52AAF8B
:108A300012E73C46B8E6A7F10400B0FA80F040F235
:108A400001131C4A4009517A3B4060F304115172F2
:108A500008BF82F8A8308FE60021164B34605A7A9E
:108A60001548174D61F30412056099705A72A0E61B
:108A7000802495E6346840F20112A4F10401B1FAB1
:108A800081F10C4D49096B7A144261F304136B7246
:108A90003FF48AAE8DE60E2001B0BDE8F04F03F042
:108AA000BBB92021DAF84030064801B0BDE8F04FEC
:108AB000184700BFE03C00202C2C0020898E0110BC
:108AC00069800110243D0020F839002010B50446CB
:108AD000800727D4210721D462051CD5164B01201D
:108AE000D3F8E0309847154B1A68B2F5007F12D0E2
:108AF0004FF400704FF0000C18601149114B124AEE
:108B00000B601249537A496B23F0100382F8A8C016
:108B1000537201B18847A30508D410BD1020FFF798
:108B2000EDFDD9E70820FFF7E9FDD3E78020BDE898
:108B30001040FFF7E3BD00BFF83900207066002049
:108B40002C2C0020F9840110E03C0020D0380020BB
:108B5000430610B5044603D5064B1B68402B05D1D0
:108B6000054B2046BDE810401B6818474020FFF722
:108B7000C5FDF5E7706600202C2C00202DE9F04F94
:108B80004407054689B004D58F4B93F86031D80768
:108B900029D4AA0546D46B060AD58C4BDB6E9847C0
:108BA0008B4BC0F3C00083F8280009B0BDE8F08FFC
:108BB000AF073BD5874D2B68102B45D0802BF4D0C9
:108BC000B3F5007F00F0A380402B40F0FB80824C87
:108BD00094F82C305E0756D47C4BDB6E9847000728
:108BE00051D52B688FE07A4CA37A590745D4774E3C
:108BF000F36E9847774BC0F3C0001B6884F82800D9
:108C0000802BC6D10EF038FAFFF708FA4FF00000BB
:108C1000736F9847714B0B20DB689847704B714A14
:108C20001A60C2E78020FFF769FDB4E72B04BCD5CA
:108C3000664BDB6E984710F0080004BF644B83F866
:108C4000280009B0BDE8F08F614C237F0BB90823E1
:108C50002377654E5C4996F9013091F9501106EB86
:108C6000031318690029826A5DDB9047C20740F14F
:108C7000A68000222B68227745E023F00403A3722C
:108C800001F0C0F8B3E70421584B554E504A336009
:108C900094F82C3082F82810990730D54A4A94F875
:108CA0002C3092F86111D2ED597A04EB810090EDED
:108CB000057AB4EEE77AF1EE10FA23F0040384F8B3
:108CC0002C301CD8DFF828E10DF10C0CD2F868919B
:108CD0000DEB8107BEE80F00ACE80F007146D4F839
:108CE000288051F80C3B03A8CCF80030C4F8309031
:108CF000C7F80C80F4F7A0FE00287FF472AF336849
:108D0000042098472B6813F0C00F7FF44EAF304C0F
:108D10000020A57AFFF7F2FC0820A57209B0BDE893
:108D2000F04FFFF7EBBC93F80480904708F0010880
:108D300000F001004045DFF8A48029D0D8F80C30BD
:108D40000A20984796F9013006EB0319D9F810006C
:108D50004FEA031BE0B14FF0040A0AEB031AD8F8FC
:108D600040301F46184BB3F8E020019247B199F804
:108D70000530D9F80C2016F80A10B847D9F81000B9
:108D800006EB0B02019BD26816F80A10FFF798F861
:108D90000E4B96F800909B6F9847C0B2484508D09C
:108DA000094B3078B3F8D810EAF744FB3078EBF78A
:108DB000F5FB0020D8F80C302077984711E7EBF747
:108DC000DDFB56E7024C44E728600020F83900201C
:108DD000E03C002070660020984F0020D038002032
:108DE0002C2C002069800110FC5000200D83011004
:108DF000AC4F002010F0400310B51CD1400719D52E
:108E00001C4A1D48917A82F82830490780F82C3096
:108E10002BD40020FFF772FCBDE810400820FFF7BC
:108E20006DBC002000F062FFA37A23F0060343F03C
:108E30000603A37210BD114B0620DB689847022081
:108E40000F4B10490C4A0B6092F82C30094C43F040
:108E5000040382F82C30A37A84F828005B07E0D45E
:108E6000BDE8104004200B681847937200F0CAFF59
:108E7000CFE700BFE03C0020984F0020D038002012
:108E80000D8201102C2C002002282BD010B5044696
:108E9000600504D5144B0120D3F8E03098476107F2
:108EA00004D422060AD4230717D410BD0F4B93F81D
:108EB00090004002FFF722FC2206F4D5012000F0CA
:108EC00015FF01210A4B0B489A7A997042F0020271
:108ED0009A72094A23070260E7D5BDE810401020C6
:108EE000FFF70CBC704700BFF8390020C0470020D6
:108EF000E03C00202C2C0020FD8E0110430712D5F1
:108F000070B51F4D2B68202B2AD01E4C1E4B1868A5
:108F1000FFF7F4FBE17939B11C4B1D489B6C984776
:108F20000023E37170BD70471A4B93F89030002B0B
:108F3000F8D02B68B3F5007FF4D04FF40070164BD7
:108F4000164E5A6B637A84F8A81061F304136372A7
:108F5000134B28603360002AE4D0BDE8704010470E
:108F60000026084CA672F5F717FC00F0DFFDF6F7B7
:108F700061F80C4804F1B40102F0D2FEA670C5E716
:108F800070660020E03C0020F04F0020F8390020FF
:108F9000283D0020C0470020D03800202C2C002085
:108FA000F9840110304800202DE9F04100256E4C75
:108FB000F6F76CF8E179A57229B16C4E04F148001E
:108FC000B36C9847E5716A4D2B68802B1ED0B3F5C2
:108FD000007F0CD0402B19D0237A5A0711D40123DB
:108FE000644A654984F829301160BDE8F081FFF7D3
:108FF00015F85E4B4FF000005B6F9847237A5A07D5
:10900000EDD5BDE8F0410020FFF778BB00225B4EB4
:10901000227796F86031DF0753D5637F180750D465
:10902000337E012B4DD0564F97F82C30D9075ED5A3
:1090300096F861C194F8503023FA0CF3DA0740D562
:1090400007EB8C0396ED597AD3ED057AF4EEC77AE7
:10905000F1EE10FA35D54B4B464C236097F82C3087
:109060005B0777D4D6ED5C6A77EEA67AB4EEE77A42
:10907000F1EE10FA424D77FE877A05F1140EBEE844
:109080000F000FC5DEF80030C7ED0A7A2B6007EB42
:109090008C0C9CED007AB4EEE77AF1EE10FA32D443
:1090A00097F82C30C3F380025B0705D497F82C3077
:1090B00062F3410387F82C3023680420BDE8F041B7
:1090C0001847FEF7ABFF96F87431284E99070AD47B
:1090D0004FF00000736F9847F36E9847C0F3C000DD
:1090E00084F8280078E72B68802BF5D1F0E797F813
:1090F0002C30254943F0010307F1140087F82C3088
:1091000002F00EFE94E7214BD6F86C0193F90110A2
:109110001A7803EB01131E491D7987F84620DA6897
:109120001B693863A1F1300087F834503B64CCED03
:10913000007AFA63F4F780FC97F82C305D0705D4C9
:1091400097F82C3060F3410387F82C3000287FF427
:109150004CAFB1E70C490A4802F0E2FDD7ED0A7ABC
:1091600096F861C193E700BFE03C0020F839002089
:10917000706600202C2C00207D8B011028600020C0
:10918000984F002045820110943D0020FC500020A3
:10919000C84F0020430700D47047FFF705BF00BF4A
:1091A0004B4A4C4B12689A4200D070472DE9F04F61
:1091B000002081B0EBF7DEF90378DC075AD5464C86
:1091C000237F002B53D0980720D50023434E444DD6
:1091D000376C23773FB195F90120194605EB021250
:1091E00010690022B84795F90130002205EB0313FE
:1091F00018694FF00001FEF76FFD237FB26B43F05B
:10920000010323770AB100209047237F590731D506
:10921000324E334DF3680A20984795F9013005EB3B
:10922000031738694FEA0319C8B14FF00408D6F89C
:1092300040A008EB03182B4BB3F8E0B0BAF1000FD5
:1092400005D07B79FA6815F80810D0473869A94429
:109250005B4615F80810D9F80C20FEF731FE002007
:10926000B36B207733B101B0BDE8F04F1847A37A54
:109270001A0702D401B0BDE8F08F194D2869836A3E
:109280009847C307F6D595F9013005EB0317386900
:109290004FEA0318B8B1042606EB03160F4BD3F8B8
:1092A00040A0104BB3F8E090BAF1000F04D07B79E6
:1092B000FA68A95DD0473869A8444B46A95DD8F83B
:1092C0000C20FEF7FDFDA37A23F00803A372D1E77B
:1092D0002C2C00207D8B0110E03C0020D038002099
:1092E000FC500020286000204FF0FF30704700BF86
:1092F000012070470020704738B50546074C636869
:10930000984738B123682846DB689847E468002C02
:10931000F5D138BDE468002CF1D138BDD44300202C
:109320004FF48060704700BF0020704701207047F5
:10933000704700BF704700BF012070470120704791
:10934000014B1B68184700BF842C00200346024ACB
:10935000106803B113607047842C002000487047E8
:10936000DCFB0210C0B20DF0A7BE00BFF8B54C4D3B
:109370002B68002B56D004460DF096FE221E18BF17
:109380000122484E96F8AC309A4250D0F4B1464B88
:1093900093F88C30002B4AD1002844D1434F3B78BE
:1093A000062B51D0424BD3F8D430984701202B7A6A
:1093B00086F8AC0023F001032B7202F075FDBDE8C6
:1093C000F840872105223B480DF042BE374F3B78DD
:1093D000062B37D0384A2B68106878B39B6A9847B9
:1093E000334C5422314904F1B4000DF0C1FB062383
:1093F0003B70D4F8E8300BB100209847D4F8D43053
:10940000984700222B7A012062F3000386F8AC20F3
:109410002B7202F049FDBDE8F84080210522254865
:109420000DF016BEF8BD40F201131842B6D1BDE8EA
:10943000F840052287211F480DF00ABE5B6B012012
:109440009847CDE71A4CD9E7194C5422384604F115
:10945000B4010DF08DFBD4F8E8300BB10120984732
:109460002B6800205B6B98472A68BB6A0020976ACC
:109470009847B84701222B6884F8B420DA69C4F809
:10948000D0202A7A920744BFDA68C4F8C0209A68CC
:10949000C4F8BC20D3E90832C4E9353285E700BFFF
:1094A000E44E0020E03C0020C0470020302C00208B
:1094B000F839002065930110F84E002003781BB1A5
:1094C000024B1A6818608260704700BF882C002029
:1094D000074B10B55C6D0DF0E7FDA047054B586CD0
:1094E000C0F3401080F0010000F0010010BD00BF8B
:1094F000D0380020E03C002070B5184D0446AB6821
:1095000031B1BBB160682368C01A18BF012070BDBB
:10951000002BF7D0837ADBB9286840B1104B6A681A
:10952000C3F8D020D3F8DC30984700232B60002309
:10953000AB60E7E70A4E0B48D6F8D030C5E90134F6
:10954000D6F8DC309847084B2860C6F8D030D9E709
:1095500040F20C4205490DF00BFBDDE7F065002001
:10956000F8390020290B0020E99201102051002039
:10957000F8B54A4D2B68002B5CD00446484E0DF0E0
:1095800093FD96F8AC30A3424FD0F4B1454B93F81D
:109590008C30002B49D1002843D1434F3B78062B18
:1095A00050D0424BD3F8D430984701202B7A86F81C
:1095B000AC0023F001032B7202F076FC8721052218
:1095C0003B480DF045FD0120F8BD374F3B78062B99
:1095D00036D0384A2B68106870B39B6A9847334C72
:1095E0005422314904F1B4000DF0C2FA06233B7055
:1095F000D4F8E8300BB100209847D4F8D43098471D
:1096000000222B7A012062F3000386F8AC202B7233
:1096100002F04AFC8021052225480DF019FD0120A9
:10962000F8BD40F201131842B7D105228721204826
:109630000DF00EFD0020F8BD5B6B01209847CEE7D2
:109640001A4CDAE7194C5422384604F1B4010DF0F3
:109650008FFAD4F8E8300BB1012098472B6800202E
:109660005B6B98472A68BB6A0020976A9847B8479F
:1096700001222B6884F8B420DA69C4F8D0202A7A51
:10968000920744BFDA68C4F8C0209A68C4F8BC20C6
:10969000D3E90832C4E9353286E700BFE44E002042
:1096A000E03C0020C0470020302C0020F83900208A
:1096B00065930110F84E00202DE9F047DFF87C8219
:1096C0000E46D8F800C0844500F0F680974F044657
:1096D000D7F80090B9F1000F04D0954D95F8B63049
:1096E0009A0722D446BB934D2968A14243D0D8F8AB
:1096F0000C30002B3FD01A681846A242DB68F8D124
:109700000269D3600BB11A6102691468A14200F0CA
:10971000BF804FF0000A0AF0A9FF2378042B72D80B
:10972000DFE803F06A71A84D3600D5F80021824BBE
:10973000C3E90092002ED6D0BCF1000F1ED0142039
:109740000AF06CFF68B100230460C3607B4B02E049
:109750001A6894420DD01A46DB68002BF8D10261DA
:10976000D060636883B9A3789B0700F16981744B6B
:109770000AE00AF07BFF0020BDE8F08763686F48CD
:10978000C8F80040002BF2D04FF0000A4360C4E755
:10979000674DD5F8B830002B00F00181984718B11B
:1097A00000216848F8F7BCF97EB3674B93F8AB60CB
:1097B0005EB395F8B660F64306F0010625E05C4D11
:1097C000D5F8B830002B00F0AA80984718B10021D6
:1097D0005E48F8F7A5F9C6B15B4B93F8AB6095F816
:1097E000B430012B15D10020FFF7C2FE514A137A85
:1097F00043F0010313720FE0B9F1000F03D099F8A1
:109800000030002B74D14A4D002695F8B430012B5E
:10981000E9D0BAF1000F64D1542221464C480DF032
:10982000A7F9454B1A68A24208BF5B68D5F8B82073
:1098300008BFC5F80031D8F80030A34246D0002A4E
:1098400030D0002E33D1434E434B4448C5F8C4308A
:10985000D5F8DC309847D5F8E8300BB100209847B0
:10986000D6F8A43013B195F8B40098473C600120B5
:10987000BDE8F0872E4DD5F8B830002B00F0AC8055
:1098800098470028A7D000213548F8F749F9A2E702
:10989000136995F808A01C680AF0010A002C08BF9B
:1098A000644638E7264BC5F8B830002ECBD0294E99
:1098B000E06833689847C7E7C1B1DCF80430204A54
:1098C000002B08BF1346C8F80430D0E7D8F804309E
:1098D00024498B4204BF1A4BC8F80430002AB0D187
:1098E000E1E7012120480DF0BFFB95E71D4BEAE7BA
:1098F0006368002B00F08D809847002883D0E368D0
:109900000B4D00211948C5F8C030F8F709F9E16B93
:1099100009B997E0E16B88470028FBD174E7B5F8F7
:10992000B40095F8B6C0054B26E000BF9443002074
:10993000F8390020E44E0020A86C0020D443002019
:10994000F1920110A0B80210E03C002088B802108B
:10995000AC3A0020D0380020F99201101107002005
:10996000B8B80210F59201106D93011070B8021092
:10997000DB68002B3FF42FAF1A6811888142F7D1C2
:10998000927882EA0C018907F2D490074ABF2F4AE5
:109990005A685A60904700287FF419AF1BE7B5F862
:1099A000B40095F8B6C02A4B03E0DB68002B3FF407
:1099B000FBAE1A6811888142F7D1927882EA0C01D5
:1099C0008907F2D490074ABF204A5A685A609047E4
:1099D00000287FF4E5AEE7E6B5F8B40095F8B6C028
:1099E0001B4B03E0DB68002B3FF4F5AE1A681188CF
:1099F0008142F7D1927882EA0C018907F2D492076A
:109A00004ABF124A5A685A60904700287FF43BAF19
:109A1000E1E620880E4B03E0DB68002B3FF4F3AE59
:109A20001A6811888142F7D19178A2784A40950747
:109A3000F2D488074ABF054A5A685A6090475CE7E3
:109A4000024BA1E66420EB6B9847DDE6F59201102E
:109A5000D443002070B501210546FFF72DFE0446D2
:109A6000A8B12B6803F0FF1323F47D037BB9094EE3
:109A7000D6F898315BB16978C920074A1031984708
:109A80006978C820044AD6F89831103198472046A2
:109A900070BD00BFF8390020D071021010B5074C1E
:109AA000A3794BB1064A074B0121D3F88C3092F8C9
:109AB0003C0198470023A37110BD00BFE03C00208B
:109AC00028600020F839002070B5002501200B4ADD
:109AD0000B4B0C4C0C49DD709571D4F88830087034
:109AE0009847D4F884309847084BB3F8D20120B196
:109AF0002946E36BBDE87040184770BDE03C00208C
:109B0000A03C0020F8390020EB6D002028600020E8
:109B1000044B187820B1044B986B003818BF012013
:109B2000704700BFEB6D0020A03C00202DE9F84FEE
:109B30005E4BD3F80C3113B10021084698470DF065
:109B40009BFA5B4A4FF0010A1346022602F14004D9
:109B5000546002F1C004C2F8844002F58074C2F877
:109B6000C44002F5A0740521C2F8044102F5C07496
:109B7000C2F8444102F5E0744FF0070E4FF0080CB4
:109B8000032504200927C2F884414FF00608002469
:109B90004FF00A0943F880ABC2E91063454B02F568
:109BA000007BC2F8C4B103F1340BC3F804B003F175
:109BB000680BC3F838B003F19C0BC2F80011C3F86E
:109BC000D010C3F86CB03C4903F1D00BC3F8A0B07F
:109BD00003F5827BC2F880E1C2F8C0C1C2F88050B0
:109BE000C2F8C000C3F800A05E639D66C3F89C0085
:109BF0009C62DC65C3F89040C3F8C4402F48304DE8
:109C0000C2F80422C2F84081C2F80072C3F8D4B08E
:109C1000C3F8F8400A6003F5D072C3F87021294EEA
:109C200003F5EA722146046003F59C7AC3F8A42187
:109C30002B60502203F5B6752348C3F838E1C3F80A
:109C40002C41C3F86041C3F86CC1C3F89441C3F818
:109C5000C841C3F8FC41C3E9418AC3E97593C3F81D
:109C6000A0713360C3F83C510CF00EFA214640223B
:109C700016480CF009FA0D4B9FED157A1B6A154931
:109C800007EE903AF8EE677A67EE877AA1FB031346
:109C9000114A124823FA07F4190ADB09C0ED007AC9
:109CA000C2E900419360BDE8F88F00BFF839002099
:109CB00048630020445D0020C86500205850002003
:109CC000505F00204C5F002084500020A03C00200A
:109CD00000007042D34D621010370020584600201B
:109CE000014BD864704700BF8450002038B598B14C
:109CF000214C236D98472148214B01681A684B6815
:109D000093420CBF4FF0010C4FF0000C1D4A82F83B
:109D100000C012D0E36C98471B48016861B11B4B2F
:109D20000024D3ED0B7A67EEA77AC1ED097A1A7891
:109D3000046042F001021A7038BD154D5B68AA68D4
:109D4000022A16D9ED6BAD69B2EBD50F11D35A6863
:109D5000914204D107E05B685A688A4203D093F8C5
:109D60002420022AF7D01969084A5B68D16203608F
:109D7000D0E75B68EBE700BFF83900204C5F0020BC
:109D8000505F0020DA6D00205850002084500020E1
:109D9000A03C002070B5174C237803F00603022B7B
:109DA00009D000212378144A23F0050343F004036B
:109DB0002370116070BD114B114D1B689C4663618F
:109DC00003F14006AE46DCF80000DCF80410DCF8D5
:109DD0000820DCF80C300CF1100CB445AEE80F0094
:109DE00005F11005EED16268E368A1682262A16105
:109DF000E361D6E78450002058500020C865002059
:109E00008865002070B51A4C237813F0020304D142
:109E100000222370174B1A6070BD174E656906F15A
:109E2000400EB4461035BCE80F00F44506F11006AC
:109E300045F8100C45F80C1C45F8082C45F8043C76
:109E4000EFD1D4ED077AF7EE046A0323226A86EE97
:109E5000A77A626000220949606923700860054B97
:109E6000A169C4ED037A84ED047AA1601A6070BD23
:109E7000845000205850002088650020C8650020CC
:109E8000BB4B9B7ADB0700F16E842DE9F04F2DED83
:109E9000068B9FEDC39ADFEDB79A9FEDB7AADFED72
:109EA000B7AADFF8F482DFF8F49283B0D8F8003074
:109EB000B34D5A68D9F800309A4200F000832B68FD
:109EC000002B00F09C82AF4B1B7803F0FF02002BAD
:109ED00040F0F582D8F80060AB4CC6E90B22296847
:109EE00094ED044AD1ED0C1A9FEDAD8A31EEC44ACF
:109EF00094ED0E5AB4EEC84AD4ED0F3AF1EE10FAD2
:109F0000F4EE453AD4ED0C4A94ED0B2A48BFB0EE7E
:109F1000494AF1EE10FA1046F0EE6A6A9FED976A30
:109F2000F6EE002AF0EE617AB1EE641AB0EE427AF3
:109F30000CBF4FF0020C4FF0010C944BD4ED0A8A89
:109F4000D3F800E094ED0D3AC6F808E094F8243018
:109F5000012B00F06681032BD1ED0B5A00F03A8102
:109F6000002B40F0818126EEA50AF0EE470AE0EED4
:109F7000220AE0EEE67AB4EEE75AF1EE10FA40F388
:109F8000BC8171EEC57A34EE877A77EEA77AC7EE98
:109F9000876A38EE268AB4EEC86AF1EE10FA4FF0FE
:109FA000010200F30D82B0EE647A6346F0EE457A6A
:109FB0001046B4EEE74AF1EE10FA40F1BE8136EEFB
:109FC0002A6A76EE486AF4EEE78AF1EE10FABFD418
:109FD000B0EE473AF0EE678A002840F077810AB188
:109FE00084F82430624B9B7A180703D49EF83730EC
:109FF000002B40D091F84020C86CD207436840F154
:10A00000F9814A6C91ED127AD3F80CC0002A00F065
:10A010005D824B69A16807EE903A5B1AF8EE675AC9
:10A0200007EE903AF8EE677A92ED026AC7EEA56AFB
:10A03000A6EE267A624617EE101AFDF7B9FF07EE74
:10A04000900A94ED137AB4EE677AF1EE10FA12D01A
:10A050002B68D86CC36A002B00F08A82026B17EE63
:10A06000901AC4ED137AF2629847F061404A937AED
:10A0700023F00803937294ED037A28EE877AFAFEB0
:10A08000477AFCEEE77A17EE902AA368981AB06137
:10A0900020B93749897A8F0700F1A58307EE903AF6
:10A0A00094ED016AF8EE677A38EE066A77EEC77AC1
:10A0B000374BC6EE275AD3ED006A65EEA67AFAFE54
:10A0C000677AFCEEE77AD5F800C094F824E09CF8B3
:10A0D0004010C1F3C013C90986F8253017EE903A35
:10A0E00010D0D4ED107AD4ED116AE6EE867AAEF196
:10A0F0000101B1FA81F1C4ED107AC6ED057A490982
:10A1000086F8261023490F689F4240F2668100219D
:10A11000B16207EE902AE06A86F824E0D4ED0A6A7C
:10A12000F8EE677AF4EEE86A77EEC77AF1EE10FAA5
:10A1300067EEA57AD8F80010F3604B683061C4ED83
:10A14000017ACCED0C8AA260C8F80030FFF6B1AEFF
:10A15000F5EEC08AF1EE10FA00F37B83044B9B7A94
:10A1600013F0040240F0A0832A60F4F7AFFB9DE6F1
:10A17000E03C002017B7D1B817B7D1383EC32E390D
:10A1800058500020DA6D002084500020C86500205F
:10A1900058460020103700204C5F0020505F002000
:10A1A0000000000038EE268AF0EE470AB4EEC86AD6
:10A1B000E0EE620AF1EE10FA37EE407AE0EEE67A6F
:10A1C00040F3B380F4EEE78AF1EE10FA76EE486AD7
:10A1D00040F1A48026EEA50A77EE640AF4EEC00AE8
:10A1E000F1EE10FADED871EEC57A34EE877A77EEAA
:10A1F000A77AC7EE876A38EE268AB4EEC86AF1EE0F
:10A2000010FA40F3C680F4EEC58AF1EE10FA76EE4D
:10A21000486A40F1A0820122B0EE647AF0EE457AFD
:10A220001046F0EE675AE6EE815AF4EEE53AF1EEAA
:10A2300010FA50DD77EEE37AC7EEA46A38EE268A8C
:10A24000B4EEC68AF1EE10FA40F18C80F4EEE83AF2
:10A25000F1EE10FA76EE486A40F37382F0EE637A1C
:10A2600002230122D1ED0B5A66EEA55AF4EEC75A2D
:10A27000F1EE10FA1BD5B0EE470AF0EE670AA5EE34
:10A28000E20AE0EE660AF4EEE08AF1EE10FA0ED58C
:10A2900038EE268AB4EEC68AF1EE10FA37EE657A09
:10A2A00041D576EE486AF0EE607A012050E677EE0E
:10A2B000E87A33EE077A77EEA77AC7EE876A38EE48
:10A2C000268AB4EEC68AF1EE10FA3DD584ED0B3A3B
:10A2D000B0EE432A83E638EE268AB4EEC68AF1EE63
:10A2E00010FA76D5F4EEE58AF1EE10FA76EE486AC9
:10A2F00040F19E82F0EE657A93E738EE268AB4EE5E
:10A30000C86AF1EE10FA37EE007A0EDDF4EEE78A55
:10A31000F1EE10FA76EE486A3FF525AEB0EE473A18
:10A32000F0EE678AD2E7F0EE607AB4EEE74AF1EE3B
:10A3300010FA4FF001003FF542AE70B90AB184F84F
:10A340002430F0EE678A4DE6F4EEC48AF1EE10FA9E
:10A35000BCDCF0EE687AB0EE437A84ED0B7AB0EEB6
:10A36000472AEBE7F4EEC43AF1EE10FA40F3CD8160
:10A37000F4EEE83A36EE2A6AF1EE10FA4FF00203F4
:10A380004FF0010276EE486A40F34982F0EE637ABC
:10A39000E1E5B4EEC45AF1EE10FA40F3CB81F4EEED
:10A3A000C58A36EE2A6AF1EE10FA76EE486A3FF573
:10A3B00032AF0122B0EE643AF0EE458A134685E7EB
:10A3C00076EE486AB0EE647A6346F0EE457A10465F
:10A3D000F9E5F0EE657A0123EBE54F689F4273D80B
:10A3E0008968994294BF032102218840B162CB4021
:10A3F000B0618EE683ED009A5FED977A21E6C74B58
:10A400009B7A5C0778D5F4F781FA06462E60002E19
:10A4100055D0C24BC24C93F80AA0237896ED0C8A13
:10A4200013F001000AF0020200F0A980BD4991F882
:10A430006011C8075DD559075BD523F00103237070
:10A44000D6ED0B7AB6EE007A84ED0A9AC7EE278A2B
:10A45000002A55D0022384F82430D6ED096AB0EEE4
:10A46000487AA6EEE87AB4EEE97AF1EE10FA00F155
:10A470003181B4EECA7AF1EE10FA48BF9FEDAA7AA4
:10A4800084ED0D9A84ED0A7A0CF00EFE04280DD0AE
:10A49000A24C2A68A37AD06C1946C3F3C002837A0F
:10A4A000C3F3C003134363F3C301A17200229F4BA4
:10A4B0001A701B7803F0FF02002B3FF40BAD03B0C2
:10A4C000BDEC068BBDE8F08F01218EE78B8B03F48A
:10A4D000C073802B05D122EE077AD4ED127A27EED5
:10A4E000277A624617EE101AFDF762FD07EE900A12
:10A4F000A7E500232370A3E7F4F70EFA064685E7E5
:10A500001AF0040F84ED0E8A84F8242000F0D28023
:10A5100084ED0D9AB0EE498A3046F4F725FA07EE3D
:10A52000900A2B6827EEA77AD3ED096AF4EEC76A82
:10A53000F1EE10FAD3ED0C5A606440F3918036EEE0
:10A54000C75AB0EE656AA5EE686AB5EEC06AF1EE6C
:10A5500010FA84ED0E6A40F21F8137EE487A032329
:10A5600067EE287A2063C4ED0F7A84F824308BE7F5
:10A57000436BC6ED087A3363C4ED137A76E5D6F8FB
:10A5800014C0D6ED0F8A07EE90CAB8EE677AC7EE10
:10A59000087AF7EE046A664903F0080B336986EE21
:10A5A000A77A4FEAC30E0B685B680B60F168C3F8CB
:10A5B00018E0C9005961B168C90019617168C90022
:10A5C000D9603168C9009960317EC3ED0A8A83ED94
:10A5D000098AC3ED087A83F83410F16CD963716D80
:10A5E0001963B17E83F835104FEACC01D961717ED1
:10A5F00083F83810317F376DC1F3C00EDF6283F806
:10A6000036E0C4F808C052EA0B0CC4ED037A84EDBE
:10A61000047A84ED109A84ED019A306500F0D780B9
:10A62000D4ED0D7A27EEA77AC4ED0B7A86ED097A80
:10A6300094F800C060F3C30C84F800C0C1F3C010EC
:10A64000C90983F8370054D0737FDF0756BFB7EED0
:10A65000007AF7EE007AC7EE287AC4ED127AEFE6B8
:10A6600036EEC85AB0EE656AF6EE004AA5EE286AE4
:10A6700026EE246AB5EEC06AF1EE10FA40DDF4EE83
:10A68000C65AF1EE10FA6FDD77EE485A65EEA85A19
:10A69000F4EEC65AF1EE10FAC4ED0F5A68D5F4EE96
:10A6A000476AF1EE10FA206340F0B080012384F88D
:10A6B0002430E9E6F4F73CF908EE100AB5EE408ADA
:10A6C000F1EE10FA00F1D180F1EEC87AC4ED0D7A06
:10A6D0002E6821E777EEA77AE7EEC86AF5EE406AC2
:10A6E000F1EE10FA00F1D980F1EEE67AC4ED0D7AC0
:10A6F000CAE6716C003918BF012183F837109FE654
:10A70000636B84ED0E9A2363BEE6F0EE637A022358
:10A71000012200287FF421AE10E600BFE03C0020BB
:10A72000845000202860002000000000DA6D002026
:10A73000C86500200123F0EE457AB0EE647A1A462F
:10A740000BE600283FD084ED0B7AB0EE472AF0EEFE
:10A75000638A022344E4C4ED0B4AB0EE642AF0EEAF
:10A76000458A01233CE47047022384F824308BE6B9
:10A77000D3ED0B7A77EEA77AA7EE868AB5EE408AFC
:10A78000F1EE10FA84ED0F6A84ED0E6A5AD4F1EE00
:10A79000C87AC4ED0C7A77E6D3ED0B7A77EEA77A18
:10A7A000E5EEE76AF5EE406A0223F1EE10FA84F86E
:10A7B00024306BD4F1EEE67A2378C4ED0D7A43F0C1
:10A7C0000803237060E6F0EE638A022308E496ED46
:10A7D000097AB5EE407AF1EE10FA4BD4F1EEC77A71
:10A7E000C4ED0B7A2AE7334B334A93F8603141F0DA
:10A7F00001019172D9077FF562AE23785A073FF5C0
:10A800005EAE237843F00203237058E6D4ED0E7A4F
:10A8100037EE667AE7EE687AC4ED0E7A34E6B0EE8B
:10A82000473AF0EE638A00287FF450ADFFF7D7BBBC
:10A83000B0EE473AF0EE658A012300287FF446AD7A
:10A84000FFF7CDBB18EE100A0CF026FC07EE900ABD
:10A850009FE71949174A8B7A92F8602143F0010368
:10A860008B72D3077FF52BAEC7E70CF015FC07EE14
:10A87000900A2BE717EE100ACDE900320CF00CFC21
:10A88000DDE9003207EE900A317FA9E716EE900A63
:10A890000CF002FC07EE900A8EE716EE900A0CF020
:10A8A000FBFB07EE900A21E7034A43F00103937292
:10A8B00005E600BF28600020E03C002008B50CF051
:10A8C000F3FB10F07C0F16BF014B0020D86A08BDC7
:10A8D0008450002008B50A4B9B6B13B193F93800E4
:10A8E00008BD084B93F82930012B05D1F4F714F873
:10A8F00010B190F9190008BD4FF0FF3008BD00BF3E
:10A90000A03C0020E03C002038B50E4C94F8013209
:10A910001B0701D5032038BD0B490C480B7AC568CD
:10A92000DA43C2F3C01262F3C71313F0800F0CBFF7
:10A93000052004200B72A84794F8010210F00800CB
:10A94000E8D138BDF8390020E03C0020D0380020A4
:10A9500038B50F4C94F80032DB0601D5032038BD22
:10A960000C490D480B7AC5681A46C3F3001383F0EF
:10A97000010363F3041212F0100F0CBF0520042032
:10A980000A72A84794F8000210F01000E6D138BD12
:10A99000F8390020E03C0020D038002038B50F4CBA
:10A9A00094F800329B0601D5032038BD0C490D48B0
:10A9B0000B7AC5681A46C3F3801383F0010363F36F
:10A9C000861212F0100F0CBF052004200A72A8474F
:10A9D00094F8000210F02000E6D138BDF8390020CC
:10A9E000E03C0020D0380020034A044BD2F8B000ED
:10A9F000002818BF18467047F8390020D0B8021058
:10AA0000034A044BD2F8CC01002818BF18467047FF
:10AA1000F8390020F0B8021003784F2B15D0532BD3
:10AA20000AD0422B1AD10E4B0E4893F8003213F085
:10AA3000100F18BF00207047094B0B4893F80132E4
:10AA400013F0080F18BF00207047054B074893F814
:10AA5000003213F0200F18BF00207047002070470D
:10AA6000F839002008B9021048B9021024B90210C0
:10AA70004FF0FF3010B5E9F77DFDC3681B6C33B1B3
:10AA800004469847E36800201B6C03B110BD032007
:10AA900010BD00BF08B503F0ADFF034BC0B20028E6
:10AAA00018BF184608BD00BF68B9021008B50C4BA6
:10AAB0001A6893F85211FF2A8CBF002009481A68BF
:10AAC00060F31F22FF2A8CBF0020012060F30001E9
:10AAD0001A6083F85211FAF771FF002008BD00BF19
:10AAE00028600020518E4D0010B50D4C94F8FB31BC
:10AAF0009B070DD571B1D4F83C313BB10846F3F753
:10AB00008FFB58B1D4F83C31984708B1002010BDF4
:10AB1000032010BDBDE81040F9F73ABC022010BD7B
:10AB2000F8390020F9F70ABCF9F7C0BB0120F9F7A2
:10AB3000BDB800BF0020F9F7B9B800BF0120F9F790
:10AB400013B900BF0020F9F70FB900BF00210120A1
:10AB5000F9F76AB908B50020F9F7A8F80020F9F765
:10AB600003F900210120F9F75FF9BDE80840002250
:10AB70004FF460711046F9F70DB800BF00224FF492
:10AB800060710320F9F706B800224FF460710220CB
:10AB9000F9F700B800224FF460711046F8F7FABFD9
:10ABA000034608461BB140F20312134221D018B3EA
:10ABB000002210B594B00DF107018DF80720E9F7D8
:10ABC00067FD9DF80730044663B90CF047F8442848
:10ABD00002460AD8237893B921460020FBF7C4FB2C
:10ABE0009DF80730184614B010BD0B23184614B05A
:10ABF00010BD0823184670470323184670472146A6
:10AC000002A801320BF0B4FF0A4902A80BF0D2FBF4
:10AC100003E008490BF0CEFB38B1E9F7FDFD034630
:10AC20008DF807000028F4D0DCE79DF80730002BF2
:10AC3000D8D1D1E7D07E021018B140F203131842E8
:10AC400024D000B593B069460020FBF7A5FBC0B93E
:10AC50000F4B07209B68984769460120FBF79CFB38
:10AC600038B90B4B07209B689847002013B05DF85C
:10AC700004FB69460120F7F735FD002013B05DF8AD
:10AC800004FB69460020F7F72DFDE5E70820704733
:10AC9000D038002008B518B140F2011318420BD08B
:10ACA0000B78233B072B05D8DFE803F008140417C3
:10ACB0000404041A032008BD082008BD4FF0020058
:10ACC000FBF7E4FB094B0920DB6898470CF000FA1E
:10ACD000002008BD4FF00100F2E74FF01000EFE751
:10ACE000034B1B781846002BF2D0E9E7D038002040
:10ACF00094FB021000B593B06846FBF7FBFC684676
:10AD00000121F7F72DFD002013B05DF804FB00BF13
:10AD100010B50C4692B018B140F2831318420ED011
:10AD200084B120460BF09AFF442805D82046FBF753
:10AD300005FB002012B010BD032012B010BD08208A
:10AD400012B010BD6846FBF7D5FC21466846F7F700
:10AD500007FDEEE701F0DCBE0120F9F79FBB00BF65
:10AD60000020F9F79BBB00BF0846F9F7CDB800BF3C
:10AD7000022808B50BD040B90220FDF7BFFC074BF5
:10AD80000420DB689847002008BD082008BD0CF0AF
:10AD90009FF9024B0520DB689847F4E7D038002084
:10ADA00008B5094B93F850311B070BD5012807D87C
:10ADB000064B4FF400711B6C05489847002008BDF6
:10ADC000082008BD032008BD28600020F8390020B5
:10ADD000243D002010B5074C94F8FB319B0707D5A4
:10ADE000D4F8C030044898470448D4F8C030984795
:10ADF000002010BDF839002084B90210A4B9021057
:10AE000010B50A4C94F8C231DA0706D5084B094848
:10AE1000D3F8C030984794F8C2319B0704D5044B4F
:10AE20000548D3F8C0309847002010BD28600020A6
:10AE3000F8390020D4B90210F4B9021010B110F49E
:10AE4000087F08D029B13D23C81E01F8013CE9F76D
:10AE5000E3BC032070470820704700BF10B50F4CBB
:10AE60000F48D4F8C0309847D4F8C0300D48984700
:10AE7000FBF760FA83691BB1D4F8C0300A489847E1
:10AE80000A4AD4F8C03092691AB10948984700209C
:10AE900010BD08489847002010BD00BFF8390020B9
:10AEA0001CBA021044BA02106CBA0210D03800204A
:10AEB000A4BA0210CCBA021038B504460020E9F753
:10AEC00059FB6378C568522B03D0442B0CD000206B
:10AED00038BD2B6C002BFAD0084B0948D3F8C03092
:10AEE00098476378442BF2D1EB6B002BEFD0034BE8
:10AEF0000448D3F8C0309847002038BDF839002006
:10AF0000E8BA02100CBB021040F2011330B510EA8F
:10AF1000030483B01DD01D4DEB6E98471C4B93F876
:10AF2000A830102B18D04206C4B219D423071BD462
:10AF300014F001041AD1174B93F85A3103F00303AC
:10AF4000032B15D1EB6D98470CF07AF8C0B278B1AD
:10AF50002D24204603B030BD3124204603B030BD3F
:10AF60003224204603B030BD0D24F2E71224F0E76E
:10AF7000EFF7EAFF054608B12E24EAE7064B032067
:10AF8000DB6898472846FDF7B9FBE2E7F83900206F
:10AF9000E03C002028600020D038002030B500259B
:10AFA00093B069462846FBF7F7F948B19DF80030A1
:10AFB0005BB96B1C022B4FF00105F2D113B030BD11
:10AFC00007216846F7F7AEFBF3E7684609490BF03F
:10AFD000F1F904462046E9F71FFC01462046F7F741
:10AFE000A1FB002003490BF0E5F904460028F1D14C
:10AFF000DFE700BFD07E0210002838D02DE9F041F5
:10B0000001780646002930D00024194F08E052F894
:10B010000800A847054670B9317801348C4224D223
:10B0200072684FEA041802EB0413DD68002DF4D0B7
:10B030001B7A5B07EBD42B78242B0DD0D7F8C830C4
:10B04000242098477268D7F8C03052F80800984713
:10B050000848D7F8C03098472846D7F8C0309847F6
:10B060000548D7F8C0309847D6E7BDE8F08170476B
:10B07000F8390020F87E0210C8BA0210F8B5354D34
:10B0800095F8C2319A0723D50CF00EF818BB324F51
:10B09000324EFB6E984796F8A830102B23D043060B
:10B0A000C4B202D532242046F8BDC0051ED495F89E
:10B0B000C231D9070CD5327B03F022031A4307D0E3
:10B0C000220716D595F87431DB0712D40D24EAE770
:10B0D00005242046F8BD0BF0E7FF40F201131842AB
:10B0E000D5D10824DFE731242046F8BD332420469B
:10B0F000F8BD14F0010401D01224D4E74FF0010090
:10B10000F2F7C4FC10BB3378002BCCD1FDF7F6FA74
:10B110000BF0B2FF124B2046DB689847337B1BB124
:10B1200096F8502093430AD0EFF70EFF0028BAD0CC
:10B130000B23012086F8A830FDF7E0FAB3E797F873
:10B14000A031002BAFD0FFF729FFACE7FF2818BFD5
:10B150000446A8E728600020F8390020E03C0020E1
:10B16000D038002049B310B5002482B0084601AAA7
:10B1700069460094F2F73CFFE0B1DDED017AB6EEEE
:10B18000E77A37EEC77AB5EE407AF1EE10FA08D1D9
:10B19000FDEEE77A17EE901AA142204604DA02B0DB
:10B1A00010BD032002B010BD89B202B0BDE810404E
:10B1B000F8F71ABD022002B010BD0220704700BF90
:10B1C00010B582B0D9B1002408466A4601A901949D
:10B1D000F2F70EFF28B3DDED007AB6EEE77A37EE30
:10B1E000C77AB5EE407AF1EE10FA1DD1FDEEE77A9E
:10B1F00017EE901A00290CDA002002B010BD10F0F2
:10B20000180F03D10120F6F711FDF5E7082002B071
:10B2100010BD2246012089B202B0BDE81040F8F707
:10B22000B9BC022002B010BD0320E6E710B50C4601
:10B2300082B0F1B10023084601AA69460093F2F7F3
:10B24000D7FE80B1DDED017AB6EEE77A37EEC77A48
:10B25000B5EE407AF1EE10FA05D1FDEEE77A17EE81
:10B26000900A00280ADA204602B0BDE81040F6F73E
:10B2700069BEF6F79DFE204602B010BD80B202B056
:10B28000BDE81040F6F726BE08B5F6F7B5FF064A4A
:10B290000649536AC96E43F00403536209B104209E
:10B2A0008847002008BD00BFE03C0020D0380020C7
:10B2B00010B582B0D9B10024084601AA69460094AD
:10B2C000F2F796FE28B3DDED017AB6EEE77A37EEB7
:10B2D000C77AB5EE407AF1EE10FA1DD1FDEEE77AAD
:10B2E00017EE901A00290CDA002002B010BD10F001
:10B2F000180F03D10120F6F799FCF5E7082002B0FA
:10B3000010BD2246012089B202B0BDE81040F8F716
:10B3100041BC022002B010BD0320E6E730B5134B5C
:10B3200083B0997901A8E8F7B3FF114A137A13F0B3
:10B3300002030CD001219DF8060092F8903002EB38
:10B340008004E56A81400B43C4F89450DBB209489D
:10B35000516AC46E41F4004182F89030516214B1D8
:10B360004FF40040A047002003B030BDC04700208C
:10B37000E03C0020D0380020034608461BB140F2D4
:10B380000312134221D018B3002210B594B00DF16E
:10B3900007018DF80720E9F77BF99DF8073004468F
:10B3A00063B90BF05BFC442802460AD8237893B9B2
:10B3B00021460120FAF7D8FF9DF80730184614B04F
:10B3C00010BD0B23184614B010BD08231846704753
:10B3D000032318467047214602A801320BF0C8FB30
:10B3E0000A4902A80AF0E6FF03E008490AF0E2FF72
:10B3F00038B1E9F711FA03468DF807000028F4D0B8
:10B40000DCE79DF80730002BD8D1D1E7D07E0210C1
:10B4100070B50BF049FE20BB304E314DF36E9847AE
:10B4200095F8A830102B19D04206C4B202D53224A8
:10B43000204670BDC3051CD42A4A92F8C231D807F1
:10B440001AD5297B03F02203194315D0210715D5FE
:10B4500092F87431DB0711D40D24E9E7312420463A
:10B4600070BD0BF021FE40F201131842D4D1082424
:10B47000DEE73324204670BD0524D9E714F001042B
:10B4800001D01224D4E72046F2F700FB10BB2B7842
:10B49000002BCDD1FDF732F90BF0EEFD124B20461B
:10B4A000DB6898472B7B1BB195F8502093430AD05B
:10B4B000EFF74AFD0028BBD00B23012085F8A83008
:10B4C000FDF71CF9B4E796F8A031002BB0D0FFF7D8
:10B4D00065FDADE7FF2818BF0446A9E7F83900204D
:10B4E000E03C002028600020D0380020F8B5354D21
:10B4F00095F8C2319A0723D50BF0D6FD18BB324F11
:10B50000324EFB6E984796F8A830102B23D0430696
:10B51000C4B202D532242046F8BDC0051ED495F829
:10B52000C231D9070CD5327B03F022031A4307D06E
:10B53000220716D595F87431DB0712D40D24EAE7FB
:10B5400005242046F8BD0BF0AFFD40F20113184270
:10B55000D5D10824DFE731242046F8BD3324204626
:10B56000F8BD14F0010401D01224D4E74FF010000C
:10B57000F2F78CFA10BB3378002BCCD1FDF7BEF874
:10B580000BF07AFD124B2046DB689847337B1BB1EA
:10B5900096F8502093430AD0EFF7D6FC0028BAD093
:10B5A0000B23012086F8A830FDF7A8F8B3E797F839
:10B5B000A031002BAFD0FFF7F1FCACE7FF2818BF9C
:10B5C0000446A8E728600020F8390020E03C00206D
:10B5D000D0380020F8B5354D95F8C2319A0723D5FB
:10B5E0000BF062FD18BB324F324EFB6E984796F857
:10B5F000A830102B23D04306C4B202D532242046F3
:10B60000F8BDC0051ED495F8C231D9070CD5327BE0
:10B6100003F022031A4307D0220716D595F8743198
:10B62000DB0712D40D24EAE705242046F8BD0BF011
:10B630003BFD40F201131842D5D10824DFE7312445
:10B640002046F8BD33242046F8BD14F0010401D093
:10B650001224D4E74FF00800F2F718FA10BB337841
:10B66000002BCCD1FDF74AF80BF006FD124B20461B
:10B67000DB689847337B1BB196F8502093430AD080
:10B68000EFF762FC0028BAD00B23012086F8A8301F
:10B69000FDF734F8B3E797F8A031002BAFD0FFF7F0
:10B6A0007DFCACE7FF2818BF0446A8E7286000200F
:10B6B000F8390020E03C0020D0380020F8B5354DA6
:10B6C00095F8C2319A0723D50BF0EEFC18BB324F28
:10B6D000324EFB6E984796F8A830102B23D04306C5
:10B6E000C4B202D532242046F8BDC0051ED495F858
:10B6F000C231D9070CD5327B03F022031A4307D09D
:10B70000220716D595F87431DB0712D40D24EAE729
:10B7100005242046F8BD0BF0C7FC40F20113184287
:10B72000D5D10824DFE731242046F8BD3324204654
:10B73000F8BD14F0010401D01224D4E74FF0040046
:10B74000F2F7A4F910BB3378002BCCD1FCF7D6FF6D
:10B750000BF092FC124B2046DB689847337B1BB101
:10B7600096F8502093430AD0EFF7EEFB0028BAD0AA
:10B770000B23012086F8A830FCF7C0FFB3E797F849
:10B78000A031002BAFD0FFF709FCACE7FF2818BFB2
:10B790000446A8E728600020F8390020E03C00209B
:10B7A000D0380020F8B5354D95F8C2319A0723D529
:10B7B0000BF07AFC18BB324F324EFB6E984796F86E
:10B7C000A830102B23D04306C4B202D53224204621
:10B7D000F8BDC0051ED495F8C231D9070CD5327B0F
:10B7E00003F022031A4307D0220716D595F87431C7
:10B7F000DB0712D40D24EAE705242046F8BD0BF040
:10B8000053FC40F201131842D5D10824DFE731245C
:10B810002046F8BD33242046F8BD14F0010401D0C1
:10B820001224D4E74FF00200F2F730F910BB33785E
:10B83000002BCCD1FCF762FF0BF01EFC124B204614
:10B84000DB689847337B1BB196F8502093430AD0AE
:10B85000EFF77AFB0028BAD00B23012086F8A83036
:10B86000FCF74CFFB3E797F8A031002BAFD0FFF700
:10B8700095FBACE7FF2818BF0446A8E72860002026
:10B88000F8390020E03C0020D038002008B50A4BF1
:10B89000DB6E98470949C0F300130A7AC0F3401CD5
:10B8A0001B0143EA8C13C0F3C02002F02F0243EACD
:10B8B000C01313430B7208BDF8390020E03C002090
:10B8C000034B93F8A0310BB1FFF768BB704700BF83
:10B8D000F8390020024B1A6818608260704700BF78
:10B8E000982C0020002846D02DE9F8430646007821
:10B8F0008846002830D000241F4F08E052F8090085
:10B90000A847054670B930780134A04224D972683E
:10B910004FEA041902EB0413DD68002DF4D01B7A02
:10B920005B07EBD42B78242B0DD0D7F8C83024201C
:10B9300098477268D7F8C03052F8090098470F4806
:10B94000D7F8C03098472846D7F8C03098470C48F9
:10B95000D7F8C0309847D6E7B8F1000F01D1BDE85D
:10B96000F883084BB6689E42F9D0002EF7D03078A5
:10B970000028C0D1F6E77047F8390020F87E0210A1
:10B98000C8BA02109C2C002010B5074C2046FFF7C7
:10B9900033FB064B1868A04204D0BDE810400121DB
:10B9A000FFF7A0BF10BD00BF9C2C0020982C0020EA
:10B9B0002DE9F04F0446407885B0002800F0BB80A8
:10B9C000651C2B462A46A0F161013D28C9B200F052
:10B9D000A680202805D0192998BF00F05F0003F841
:10B9E000010B12F8010F0028EDD14FF000090422DD
:10B9F00028469E4983F800900AF05AFC002800F07F
:10BA0000F3803D2128460AF0C1FB994B07460028E8
:10BA100000F09980DFF860821E6807F8019B96F8B5
:10BA20000090B9F1000F24D0002402E00134A145B8
:10BA30001FD9726823012846D15802EB041A0AF074
:10BA400057FF0028F2D198F805209AF808300AB17B
:10BA50009A076CD5D907E9D4DAF804900BF024FBE7
:10BA60003946C847FF2863D196F800900134A145B4
:10BA7000DFD8B668002ED2D1DFF8F891D9F89C3023
:10BA8000002B00F0D38098470646002800F0CE80B7
:10BA9000DFF8E481002F00F0838096F800A0BAF16F
:10BAA000000F24D0002402E0013454451FD27268F4
:10BAB00023012846D15802EB041B0AF019FF002885
:10BAC000F2D198F805209BF808300AB19A072ED5D4
:10BAD000D907E9D4DBF804A00BF0E6FA3946D047E1
:10BAE000FF2825D196F800A001345445DFD3F36830
:10BAF0001BB1984706460028CFD1D9F89830002BC3
:10BB000000F081803D2307F8013CD9F898400BF004
:10BB1000CBFA2946A047002307F8013C71E0013227
:10BB200003F8010B12F8010B0028F9D15DE74F2053
:10BB300005B0BDE8F08F4F4B01905B6898470198C6
:10BB400005B0BDE8F08F4C4E1F6897F800800024C8
:10BB5000B8F1000F1BD07A6823012846D15802EBB8
:10BB600004190AF0C5FE78B973791BB199F8083049
:10BB70009807DCD5D9F804800BF096FA0021C0476D
:10BB8000FF28D5D197F800800134A045E3D8BF68DD
:10BB9000002FDAD170E7F36863B39847064648B3DD
:10BBA00096F800A00024BAF1000FF4D072682301C7
:10BBB0002846D15802EB041B0AF09AFE80B998F887
:10BBC00005301BB19BF808309B07B0D5DBF804A00B
:10BBD0000BF06AFA0021D047FF28A9D196F800A0FF
:10BBE0000134A245E2D8D6E7601D05B0BDE8F04FAC
:10BBF000F8F78AB9D9F898402CB10BF055FA2946D4
:10BC0000A047FF2894D10BF04FFA28B10BF04CFA63
:10BC100040F20313184211D00023284603AA02A9B8
:10BC20000293F2F7E5F958B9022081E7D9F8984074
:10BC3000002CE8D0002F7FF465AFDEE7082077E71F
:10BC40000398F2F74FFA58B1DDED037AFCEEE77A8C
:10BC500017EE903A394698B227B1FBF7DDF867E75F
:10BC6000032065E7F5F7CEFF62E700BF34BB0210A3
:10BC7000982C0020D0380020E03C002010B5144B58
:10BC800082B00446997901A8E8F702FB114BE4B2AF
:10BC90001B7E022B17BF012305239DF8062093402E
:10BCA0001C4203D00C4B93F890200AB902B010BD8F
:10BCB00000200A495A6AC96E42F400425A6283F867
:10BCC00090000029F2D04FF40040884702B010BD28
:10BCD000C047002028600020E03C0020D038002031
:10BCE00010B50C4B93F84D31DB070FD40A4CA36C05
:10BCF00003B19847094AE16E536A43F48073536273
:10BD000039B1BDE810404FF480700847F4F7C4F92A
:10BD1000ECE710BD28600020D0380020E03C002077
:10BD2000D1ED047AF8EEE75AD1ED037A164BB8EE6E
:10BD3000E76AD3ED2C4AD1ED027A85EEA45AF8EEEB
:10BD4000E76AD1ED017AB8EEE77AD1ED007A80EDBD
:10BD5000045A93ED245AC6EE055AC0ED035AD3EDAA
:10BD60001C5A86EEA56A80ED026A93ED146AC7EE4E
:10BD7000066AC0ED016AF8EEE77AD3ED0C6A87EE49
:10BD8000A67A80ED007A70472860002000B52DED7E
:10BD9000028B08EE101AB5EEC08AF1EE10FA87B0E9
:10BDA00005DC002007B0BDEC028B5DF804FB01A9A7
:10BDB000FAF738FB0028F4D0154A164BD2ED2E7A4C
:10BDC000D3ED144AB8EEE77AD2ED2D6AC7EE247AA5
:10BDD00093ED0C5AF8EEE66ADDED025A9DED016A2C
:10BDE00086EE857A77EEE57A37EE467A67EEA77AC1
:10BDF000E7EE077AB1EEE77AB4EEC78AF1EE10FA11
:10BE0000ACBF0120002007B0BDEC028B5DF804FB45
:10BE1000E03C00202860002070B504460BF044F997
:10BE200004281A4D22D095F8A830A34217D0112C1F
:10BE300027D8174BE34013F0010325D00A2C14BF79
:10BE400001204FF480706B7185F8A840FCF756FC18
:10BE500095F8AB3023B995F8A830102B00D070BD01
:10BE60000C4B2046BDE870401B6918476B6C9B0665
:10BE7000D9D4094B214605F148009B6CBDE87040C0
:10BE8000184700230120DEE70120DCE7E03C00202A
:10BE900006040200D0380020F8390020014B586A0F
:10BEA000704700BFE03C002008281CD00FD8B8B174
:10BEB000012804D1124B93F9F931002B0FDA114A02
:10BEC0001149536AC96E0343536241B10847B0F543
:10BED000802FF4D10A4BD3F81431002BEFD17047E7
:10BEE000084B58627047094B064A93F84C3192F858
:10BEF0002510C3F3401363F3000182F82510DFE738
:10BF0000F8390020E03C0020D038002028600020D4
:10BF10002DE9F041284E3368002B4BD0274B1C688D
:10BF2000002CFCD1264D2B6D9847D5F8DC303068BD
:10BF30009847EB6C34609847224E336853B11F4BDF
:10BF40001C68002CFCD12B6D98473268EB6C2A677B
:10BF5000346098471C4C2378D3B91C4E1C4BD6F840
:10BF6000B8209A4221D000231A49EA6E81F8903015
:10BF700023709047020709D595F800321B0705D5B5
:10BF80002B6C4021BDE8F04113481847BDE8F08113
:10BF900000230E4E012219461048D6F8B070B8475B
:10BFA0000B4BD6F8B8209A42DDD10D4B1B68C6F872
:10BFB000B830D8E7024DBFE7A44600201862002041
:10BFC000F839002020460020E86D0020D0380020FD
:10BFD0009DC20110C0470020243D00203C460020A7
:10BFE000604F0020014B1420DB681847D038002038
:10BFF00070B5164D2C6804B3154BA269996991422E
:10C0000022D0144A9C469269134E0AB1D6F81041C8
:10C01000BCE80F0020606160A260E360BCE807003C
:10C02000206161618020A261FFF73EFF0023D6F806
:10C0300010212B609269C6F88820FFF769FFBDE8E0
:10C040007040064B1B681847034EEFE7284F00204F
:10C050003C460020D0380020C047002094460020F5
:10C060000E4B30B48C460446186031B10C4B1B6843
:10C070008BB1204630BC6146184700686168A268F1
:10C08000E368084D0FC5064B20696169A2691B680A
:10C0900007C5002BEDD130BC704700BF284F0020F2
:10C0A0008C6900203C460020074B10B51B680446F5
:10C0B00003B19847054B1B7F03B910BD2046BDE86F
:10C0C0001040FFF7DBBD00BF544F00202860002068
:10C0D000F0B55A4D8BB06846F3F7C6F8584C2B783C
:10C0E000584E04EB830206EB8303D3ED007A92ED06
:10C0F000007AB4EE677AF1EE10FA9DF8143043F04E
:10C1000001038DF814301ED16B7804EB830206EB2B
:10C11000830392ED007AD3ED007AB4EE677AF1EE04
:10C1200010FA10D1484FF3F7B7FF002855D1F3F7B5
:10C13000B3FF002839D13B78002B4BD1787880F0C1
:10C1400001000BB0F0BDAB783F4F04EB830207EB6F
:10C1500083035B6D69463A481360EEF747FF00289A
:10C16000E5D03A4B93F851315B06DCD4AB78DFF87D
:10C17000D0C0DFF8D0E004EB830407EB8303D3EDFA
:10C18000157ABEE80F00ACE80F006046DEF800301C
:10C19000694640F81039C4ED007AEEF727FF002811
:10C1A000C1D1F3F779FF0028C5D0F2F743FF284942
:10C1B0002848FFF7B5FD284B284C1D68286869689A
:10C1C000AA68EB680FC43B7828696969AA6907C443
:10C1D000002BB3D000200BB0F0BDF2F72BFF1C49B1
:10C1E0001C48FFF79DFD194C1D4BB4F8D81093F86F
:10C1F0002100E7F71FF94FF0FF30E8F7BBF9B4F87B
:10C20000E03001788268C068FBF75AFE94F851115B
:10C2100011F040018BD1A878E7F764FFAB7807EE07
:10C22000100A06EB8306D6ED007A77EE877A694628
:10C230000448C6ED007AEEF7D9FE78E75C5000209E
:10C2400078660020D4500020E03C002028600020C8
:10C25000943D002030480020284F00203C4600201C
:10C26000C0470020094B10B51B68044603B198472E
:10C27000074B1B7FA34200D010BD064B1A78002A43
:10C28000FAD0054A12781A7010BD00BF784F00200E
:10C29000C0470020D56D0020D76D00200C4B1A7AC6
:10C2A000910703D40B4B1320DB6818470A4993F816
:10C2B00090208978CA40D20700D4704703EB8102EE
:10C2C0001346D26AD3F894300220D21AE7F742BF5D
:10C2D000E03C0020D03800205C5000202DE9F843DD
:10C2E000204C214F214605460820FAF79BF8BB78E1
:10C2F0001E4A1F4E02EB8302516D327804EB83031A
:10C30000D3F80080196042B11A4B002218681A4B0A
:10C310002146D3F8B0900123C84729461148EEF7CB
:10C3200065FE18B900242046BDE8F883BB7829468D
:10C3300004EB83040B48C4F80080EEF757FE044674
:10C340000028EFD03378002BEDD0012309490A4AA9
:10C350000868D2F8B05000211A46A8472046BDE828
:10C36000F88300BF786600205C500020E03C00208D
:10C37000E86D0020284F0020D038002010B50B4970
:10C380000B48FFF7CDFCFFF7A3FE0446FFF7C0FD07
:10C39000084B0020DB68984734B1BDE81040064BDD
:10C3A00002211B6C0548184710BD00BF943D0020BA
:10C3B00078660020D0380020F8390020243D002085
:10C3C0002DE9F04391B001A90820FAF72BF806A84F
:10C3D000F2F74AFFB54B4FF000051A789DF82C3064
:10C3E000B34C43F001038DF82C30002A40F0D58087
:10C3F000B04E327873780DEB8201496804EB82020B
:10C4000011600DEB83025268AB4F04EB83031A609B
:10C410003B7893B14FF00108A84B00221868A84B55
:10C42000A349D3F8B0900123C847B8F1000F04D155
:10C43000FFF76EFD11B0BDE8F0839D4806A9EEF749
:10C44000D5FD0028F4D0B37806A90DEB830252681D
:10C4500004EB830396481A60EEF7C8FD0021DFF86D
:10C4600078820B91D8F824308DF81C1006930028A0
:10C4700000F0C7803B786BB10123904A1068904A66
:10C48000D2F8B0701A46B8479DF82D3060F3C30358
:10C490008DF82D30B37898ED0B7A04EB8301D1ED54
:10C4A000007A77EEC77A874FC1ED007A97F850206F
:10C4B000DA40D2071DD508EB431292ED0F7AB5EEA4
:10C4C000C07AF1EE10FA14D507EB8302D2ED1F6AA1
:10C4D000F4EEE76AF1EE10FA92ED1A7A77FEA67A98
:10C4E000B4EEE77AF1EE10FA58BFF0EE477AC1EDFC
:10C4F000007A4FF000026E4806A9F1F731F90128E1
:10C5000096D171496A48FFF70BFCB378B0EE007A18
:10C5100004EB8303D3ED007A77EE877A98F8522103
:10C52000C3ED007A1307C2F3C00940F19D80D8F82B
:10C530002030069369F3C3052A465D4806A9F1F742
:10C540000FF901287FF474AFB17897F8903007EBBA
:10C55000810223FA01F4E407D26A00F19E80884048
:10C56000034307EB81014FF4004087F89030C1F896
:10C570009420FFF799FC524B0F20DB689847FFF798
:10C58000A7FD0446FFF7C4FC002C3FF453AF4F4B0C
:10C5900002211B6C4E4898474CE7464E20464D49B9
:10C5A000FFF7BEFBB378474A02EB830204EB830339
:10C5B000D2ED157A93ED007AB4EE677AF1EE10FAC7
:10C5C0003FF417AF06A92046C3ED007AEEF70EFD43
:10C5D000327880460DEB82007378406804EB82026B
:10C5E000354F10600DEB83025268397804EB8303FA
:10C5F0001A6000297FF410AFB8F1000F3FF418AFB4
:10C600001BE7B27898ED0B7A04EB8204D4ED007A44
:10C6100077EEC77A2B49C4ED007A91F85030D340B9
:10C62000D8077FF505AF08EB421898ED0F7AB5EE05
:10C63000C07AF1EE10FA7FF5FBAE01EB8203D3ED89
:10C640001F6AF4EEE67AF1EE10FA93ED1A7A58BF0B
:10C65000F0EE667AB4EEE77AF1EE10FA58BFF0EE3B
:10C66000477AC4ED007AE3E6D8F82830104806A9E6
:10C670000693EEF7BBFC00283FF4DAAED8F8203082
:10C68000B1EE007A0693B37804EB8303D3ED007A1E
:10C6900077EEC77AC3ED007A4CE707EB8107D7F84E
:10C6A00094300220D21AE7F755FD68E7D76D0020D5
:10C6B000786600205C500020E86D0020284F0020A4
:10C6C000D0380020E03C00200C3D0020F83900204C
:10C6D000243D0020943D00202860002030B58BB020
:10C6E0006846F2F7C1FD2A4C9DF81430294D43F0FD
:10C6F0000103204628498DF81430FFF711FBAB7871
:10C70000264A02EB830204EB8303D2ED157A93ED04
:10C71000007AB4EE677AF1EE10FA1ED1204B1B7F3F
:10C72000022B26D068782A781E4B04EB820503EB97
:10C73000820203EB800312681B6804EB80046946E5
:10C7400013482A602360EEF751FCB8B9002316495C
:10C75000164A0B7013700BB030BD69462046C3ED0E
:10C76000007AEEF743FC0028F0D00D4B1B7F022B24
:10C77000D8D16846FFF7B2FD0028E7D0F3F78CFC6C
:10C78000F2F758FC04490A48FFF7CAFADEE700BF8F
:10C79000786600205C500020943D0020E03C0020A2
:10C7A00028600020D4500020DB6D0020D76D0020D1
:10C7B00030480020944B1B68002B00F01D81934AE9
:10C7C0009B6992699A4200F015812DE9F047904EDD
:10C7D000DFF870828179054690B03046E7F758FD62
:10C7E00098F81C308B4F012B97F8502000F0B58043
:10C7F00002F00702072A40F0C380032B40F0B48008
:10C80000854C033B18BF01234FF0000A834ADFF831
:10C8100038921370FBF702FCD9F8743050469847F1
:10C820007F4B83F800A0D4F8B03033B198F81C30B7
:10C83000013B022B8CBF002301237A4C7A4A20460D
:10C840007A491370FFF76CFA0021B078E7F74AFCD9
:10C85000B37807EE100A04EB8303D3ED007A77EE8A
:10C86000C77AA446C3ED007A01ACBCE80F000FC440
:10C87000DCF8003006A82360F2F7F6FC9DF82C30B7
:10C8800043F001038DF82C3098F852315B077BD4CC
:10C890000022B378DFF8B4A107EB8301496D0DEBFB
:10C8A000830359608AF80020614C60492046FFF7F5
:10C8B00037FAB37807EB830704EB8303D7ED157AD8
:10C8C00093ED007AB4EE677AF1EE10FA40F08880CA
:10C8D0009AF80030002B68D0337872780DEB830122
:10C8E000D1ED017A04EB8301D1ED006AF4EE676AC1
:10C8F000F1EE10FA0DEB820191ED017A4FEA83031C
:10C900004FEA820207D1A118D1ED006AF4EE476A1E
:10C91000F1EE10FA0AD023442244454806A9C3ED9B
:10C92000007A82ED007AEEF761FBA0B1B37804EBF8
:10C9300083040DEB8303D3ED017A94ED007AB4EE1A
:10C94000677AF1EE10FA34D0394806A9C4ED007ABE
:10C95000EEF74CFB68BB122013E0B17803FA01F14B
:10C960000A40C9B28A420BD12B4C3249D4F8B820C4
:10C970008A423FF446AFC4F8B8102F490A6040E736
:10C980002E2010B0BDE8F08797F8503003F0070371
:10C99000072B7FF47DAF0123DFF8B0A001A90A20A7
:10C9A0008AF80030F9F73EFD7EE798F81C30022B3C
:10C9B00024D0F3F771FBF2F73DFB1C491F48FFF74A
:10C9C000AFF901224FF48061D9F8403085F890200A
:10C9D0001B489847F2F7FAFF002010B0BDE8F08737
:10C9E000204606A9C3ED007AEEF700FB00287FF48D
:10C9F0006FAFB0E7002070472F20704706A8FFF701
:10CA00006DFC0028D5D1A6E7284F00203C46002029
:10CA10005C500020E03C0020D0380020D56D002084
:10CA2000DB6D0020D4500020E86D0020943D0020F4
:10CA3000786600209DC20110604F00203048002021
:10CA4000243D002028600020F8390020D76D002008
:10CA500038B5214CD4F82431984700282DD1D4F88A
:10CA6000E03053B34FF40040FFF71EFA1B4B1B7F1F
:10CA700013F0FB0322D01A491A4A1B4B1B48C3F878
:10CA8000D4101178C4F82001A1B90120D4F81C51A8
:10CA9000174910700D601749D3F8AC50C4F81C1139
:10CAA0001549D86C0D601549154AC3F8AC101549E5
:10CAB000DA640860144B1A6832B138BD0A4AC4F807
:10CAC0002031C2F8D43038BDD4F89C110F4A196017
:10CAD000C4F89C2138BD00BFF83900202860002030
:10CAE00039110020E66D0020D0380020B5C70110B4
:10CAF0008C69002061C00110544F0020A9C00110B2
:10CB000065C20110784F002094460020F1BF01104B
:10CB10002DE9F043744C8BB0237F013B012B46D8A9
:10CB2000724B1B68002B42D0714B1D78002D36D103
:10CB3000704B1B78002B54D16F4D70492846704FB5
:10CB4000FFF7EEF86846F2F78FFBBB7894ED0B7AAF
:10CB500005EB8300D0ED007A4FF0100977EEC77A2D
:10CB6000684E626A96F850100092D940CA07C846CB
:10CB7000C0ED007A08D504EB431292ED0F7AB5EEC2
:10CB8000C07AF1EE10FA16D44A4669465A48F0F7D0
:10CB9000E7FD01283AD02F200BB0BDE8F0835A4BB7
:10CBA0001720DB68984700200BB0BDE8F083032016
:10CBB0000BB0BDE8F08306EB8302D2ED1F6AF4EE02
:10CBC000E67AF1EE10FA92ED1A7A58BFF0EE667A34
:10CBD000F4EEC77AF1EE10FA77FE877AC0ED007AAC
:10CBE000D2E7494A494B4A490820D2F8B0601F6849
:10CBF000FFF7CCF80123024629463846B0479DF896
:10CC0000153060F3C3038DF8153095E741493A4874
:10CC1000FFF786F8BB78B0EE007A05EB8303D3ED1F
:10CC2000007A77EE877A94F85221C3ED007A1307E1
:10CC3000C2F3C00941D5236A009369F3C308424691
:10CC400069462D48F0F78CFD0128A4D131492A48C6
:10CC5000FFF766F8BB78F1EE006A05EB830595ED0A
:10CC6000007A06EB8306D6ED157A37EE267AB4EE17
:10CC7000E77AF1EE10FA636A77FE877A69461E4812
:10CC8000C5ED007A0093EEF7B1F9002883D0F3F7F1
:10CC900003FA002887D0F2F7CDF918491E48FFF7AC
:10CCA0003FF80020227F1D49174B022A0870DB68DD
:10CCB00014BF12201120984775E7A36A69460E48F1
:10CCC0000093EEF793F900283FF465AFBB78B1EE1F
:10CCD000007A05EB8303D3ED007A77EEC77A226AF8
:10CCE000C3ED007A0092A8E728600020A446002047
:10CCF000D76D0020E86D002078660020943D00206C
:10CD00005C500020E03C0020D0380020284F00205C
:10CD10000000A0400C3D002030480020D56D0020D0
:10CD200000487047AC2C002000487047B82C002009
:10CD3000034B1B7A9B074CBF4FF07E50002070477F
:10CD4000E03C0020044BD86C07EE900AF8EEE77A3E
:10CD500017EE900A704700BFE03C0020054BD3F867
:10CD60001031986907EE900AF8EEE77A17EE900A0C
:10CD7000704700BFC0470020084BA3FB0023DB081F
:10CD800003EB8303A0EB430080B205289DBF044B57
:10CD900003EB8003D3F8FC0000207047CDCCCCCC53
:10CDA000C0470020064BB7EE007A1B7F07EE903A93
:10CDB000F8EE677A77EE877A17EE900A704700BF31
:10CDC000C0470020044B93F8E40007EE900AF8EE09
:10CDD000677A17EE900A7047C0470020084BA3FB04
:10CDE0000023DB0803EB8303A0EB430080B205289C
:10CDF0009DBF044B03EB8003D3F8E4000020704791
:10CE0000CDCCCCCCC0470020054B93F8510100F0AD
:10CE1000010007EE900AF8EE677A17EE900A704765
:10CE20002860002008B900207047114A10B5A2FB05
:10CE30000013DB0803EB8303A0EB43039BB25C1EF0
:10CE4000042C86B00BD8A0F5A3500438C01AA2FB5E
:10CE500000206946C0F30710F9F7E4FA10B9002082
:10CE600006B010BD0DEB8404206806B010BD00BFF5
:10CE7000CDCCCCCC0D4B10B5A3FB0023DB0803EBD2
:10CE80008303A0EB430084B2052C86B002D90020B6
:10CE900006B010BD0A206946F9F7C4FA0028F6D09A
:10CEA0000DEB840454F8040C06B010BDCDCCCCCCF2
:10CEB0000D4B10B5A3FB0023DB0803EB8303A0EBB2
:10CEC000430084B2052C86B002D9002006B010BD04
:10CED00009206946F9F7A6FA0028F6D00DEB84047C
:10CEE00054F8040C06B010BDCDCCCCCC2A4BF0B518
:10CEF000A3FB0023DB0803EB8303A0EB430084B216
:10CF0000651E042D87B01CD8244E254F96F82A00A4
:10CF10003B7F834211D106EB840696ED0A7A214BC2
:10CF2000B8EEC77A03EB4512D2ED0C6AC7EE267A4B
:10CF300007EB850595ED027A1CE06946F9F772FA70
:10CF400010B9002007B0F0BD06EB840494ED0A7A16
:10CF5000144BB8EEC77A03EB4512D2ED0C6A96F883
:10CF60002A103A7FC7EE267A9142E1D00DEB850573
:10CF700095ED007A77EEC77A93F8503117EE900A64
:10CF8000DB07DFD507EE100ADFED077A67EE277AB9
:10CF900017EE900A07B0F0BDCDCCCCCCE03C002021
:10CFA000C0470020286000203333CB4110B5044631
:10CFB000E7F750F8084BA3FB0423DB0803EB8303DC
:10CFC000A4EB4304A4B2052C96BF00EB8400002020
:10CFD00050F8040C10BD00BFCDCCCCCC1A4BA3FB39
:10CFE0000023DB0803EB8303A0EB430080B204289B
:10CFF00001D900207047154B10B503EB8003D3ED2A
:10D000002D7A134CF8EEE77A04EB401393ED0C7A8B
:10D010002DED028B002187EE878AE7F763F807EE94
:10D02000900A78EE677A94F8503117EE900ADB0791
:10D0300007D507EE100ADFED077A67EE277A17EEBD
:10D04000900ABDEC028B10BDCDCCCCCCE03C0020D6
:10D05000286000203333CB4141F2C332431E9BB2E0
:10D06000934210B50C4613D800231E280B602BD911
:10D070000021174B1B6813B924E0DB6813B31A684F
:10D080008A42FAD19A888242F7D19B68236019E0DC
:10D0900010494FF0000C0A461623C4F800C0B2F83D
:10D0A000A8C0013B844504D9083A002BF7D11846A3
:10D0B00010BDB2F8AAC08445F6D301EBC3014B689A
:10D0C00098472060012010BD034B1968D1E700BFCD
:10D0D0001C510020980403106445002041F2C33223
:10D0E000F8B5431E9BB293422DED028B25D8204A02
:10D0F0001E2898BF1F4B1768054608EE101A88BFF8
:10D1000000263C4698BF1E689FB9B5EE408AF1EEF6
:10D1100010FA16D1B5EE408AF1EE10FA0CBF0120DC
:10D1200000200BE0A388AB4218D0E368002BECD0C2
:10D130001C462368B342F8D1F4E70020BDEC028B13
:10D14000F8BD102007F06AFA0028E3D00023084A4F
:10D1500085800660C3603FB1E060044684ED028ACA
:10D16000BDEC028B0120F8BD04461060F6E700BF5D
:10D170001C5100206445002070B52DED028B3B282A
:10D1800000F22982DFE810F011020F02B4019501CC
:10D190008801860180017A01B800B3003C00AE002E
:10D1A000A900960091002A0108020002F80140003F
:10D1B0008700EA01E20146013F01380131015501D2
:10D1C00040004E01F501F001660066006600660051
:10D1D0006600660066006600660045004500450082
:10D1E000450045004500450045004500CB00BD0019
:10D1F0001A010701FD00D6005C01D101C701BE0183
:10D20000B24B9B78012B4AD00024BDEC028B204608
:10D2100070BDA0F12903042BF6DCAD4AAD4902EB49
:10D220008002D2ED047A01EB431393ED0C7AF8EE11
:10D23000E77AC7EE877A91F8503117EE904AD9070E
:10D24000E3D507EE104ADFEDA47A67EE277A17EEF2
:10D25000904ADAE7A0F12003042BD5DC9C4A9D4CD0
:10D2600002EB8002D2ED0D7A04EB4312F8EEE77A7E
:10D2700092ED0C7A1846002187EE878AE6F732FF96
:10D2800007EE900A78EE677A94F8503117EE904ADC
:10D29000D807BAD5D5E78D4B5B79002BB4D0BDEC60
:10D2A000028B4FF07E54204670BD884BDB79002BFB
:10D2B000F5D1A9E7854B1B7F03EB8302192A4FEABF
:10D2C0004204C8BF03F12D0404F5077407EE904A29
:10D2D000F8EEE77A17EE904A97E77C4B9B78022BA3
:10D2E00092D1DCE7794B9B78002BD8D08CE7774B39
:10D2F0001B79002BD3D187E7744B1B79002B83D18B
:10D30000CDE7724A754BD2F810219B6A9069984715
:10D3100007EE900AF8EEE77A17EE904A75E76B4B46
:10D32000D3F810319C6907EE904AF8EEE77A17EED1
:10D33000904A6AE76A4DD5F81031002B00F037812A
:10D340009847C3B23F2B064640F23381D5F81431DB
:10D35000002B00F02C8100209847002800F08C80E2
:10D36000D5F81031984700F0010007EE900AF8EE6A
:10D37000677A17EE904AD5F81431C6F381109847B2
:10D3800043E7584B1C68013407EE904AF8EE677A81
:10D3900017EE904A39E74D4BD3F81021D3F88800A7
:10D3A0009369984200F003814C4B9B6A984707EEC3
:10D3B000900AF8EEE77A17EE904A26E7434BD3F847
:10D3C0001021D3F8884093699C4200F0F08007EE6A
:10D3D000904AF8EEE77A17EE904A16E73B4B93F83F
:10D3E0003530002B3FF45BAF0EE7384B93F8343009
:10D3F0005E073FF509AF52E7344B93F82130DB0766
:10D400003FF54DAF00E7314B93F821309A073FF5D8
:10D4100046AFF9E60020E7F7ADF8037899073FF546
:10D420003EAFF1E6294B93F834309C073FF5ECAE64
:10D4300035E7264B93F83430DD073FF5E5AE2EE7B0
:10D44000274DD5F81031002B00F0B18095F8FB2165
:10D45000D20740F1AC809847064606F0C003402B47
:10D4600000F0A780D5F81431002B00F0AB8001202C
:10D47000984700287FF474AF1B4C7CE7134BDB7894
:10D48000002B7FF40CAFBFE6104BDB78002B7FF452
:10D49000BBAE04E7154CB8E60A22AA230B498C79E7
:10D4A00014FB023407EE904AF8EEE77A17EE904A42
:10D4B000ABE6064B1B8803EB83035B0007EE903A59
:10D4C000F8EEE77A17EE904A9FE600BFC0470020CB
:10D4D000E03C0020286000203333CB41D0380020CE
:10D4E000F8390020C42C0020000080BF0000C84391
:10D4F0003A4BD3F8844007EE904AF8EEE77A17EEFD
:10D50000904A82E6364B9C6907EE904AF8EE677ABD
:10D5100017EE904A79E6334B93F8504007EE904A65
:10D52000F8EE677A17EE904A6FE62E4A137B3BB906
:10D530002D4B93F8C23113F0220F3FF465AE1F2339
:10D5400092F8502093437FF45FAEA8E60020E7F7FF
:10D5500011F80378D8073FF5A2AE55E61F4B5B796B
:10D56000002B7FF451AE9AE60020E7F703F88468B9
:10D570004BE61A4B9C6E48E60020E6F7FBFF43782B
:10D58000012B7FF441AE8AE60020E6F7F3FF4378F3
:10D59000002B3FF484AE37E6104B93F83530012B67
:10D5A0007FF432AE7BE6114C2FE6114C2DE6114C88
:10D5B0002BE606F0010607EE906AF8EE677A17EEA2
:10D5C000904A22E6C6F3401607EE906AF8EE677AB4
:10D5D00017EE904A19E6084C17E600BFC047002036
:10D5E000D0380020E03C002028600020A21C9B4A8C
:10D5F000CDCC8C3F000080BF0000C07FF8B510F894
:10D60000013B0E462C4D002B53D000212A46202BE7
:10D61000A3F1410427D9192C98BF43F0200302F845
:10D62000013B10F8013B01310BB11F29EFD1002361
:10D6300013702B785F2B08BF6B78B3FA83F35B0909
:10D640007BB9002333602B785F2B11D01B4B1D68F7
:10D650001B4B1C682CB12368AB4218D0A46A002C69
:10D66000F9D10020F8BD10F8013B002BCFD1DEE747
:10D67000144F3C243D46D5F8C4120F4809F038F940
:10D68000013C0C3D68B1002CF5D12546E0E70A4984
:10D69000201D09F02DF90028E0D1606A30600120DA
:10D6A000F8BD04EB440407EB84031879FFF764FD2D
:10D6B000F4E72A46BBE700BFFC4E0020644500208B
:10D6C00018510020C80103102DE9F04110F8013B6A
:10D6D0000D463C4C002B51D04FF0000C2246202B25
:10D6E000A3F141012AD9192998BF43F0200302F878
:10D6F000013B10F8013B0CF1010C13B1BCF11F0F01
:10D70000EDD10023137023785F2B20D0002B32D073
:10D710002D4B1F682D4E34681CB944E0A66A7EB3B9
:10D7200034462368BB42F9D12649201D09F0E0F8B0
:10D730000028F3D165620120BDE8F08110F8013BBB
:10D74000002BCCD10023137023785F2BDED16378BC
:10D750008BB11F4CA4F5317602E00C3C0028EAD0D6
:10D760001848D4F8C41209F0C3F8B442F5D100281F
:10D77000E1D00027CEE70020BDE8F0812246C0E7D7
:10D780002C2006F04BFF80460028F4D00D4908F10C
:10D79000040009F08BF9C8F80070C8F82860C4F8D4
:10D7A00028804446C6E72C2006F038FF04460028AF
:10D7B000E1D00449043009F079F900232760A3621D
:10D7C0003460B7E7FC4E002064450020185100206B
:10D7D000C80103102DE9F0432DED028BC3B2013BCC
:10D7E00085B0042B00F2DE81DFE813F02F0070001B
:10D7F000A000D9000500E6F709FF830340F1F0809F
:10D80000A74BA849A84A18680968D2F8144120B95A
:10D810009FE1C068002800F0EA8002689142F8D1D8
:10D820008288112AF5D1D0ED027A002C40F0E280F6
:10D83000F5EE407AF1EE10FA00F0E6802725284652
:10D8400005B0BDEC028BBDE8F083E6F7DFFE944A3D
:10D85000944B146810F4003F0CBF1C2500251A6877
:10D8600014B90EE0E46864B123689A42FAD1A3883F
:10D87000112BF7D1D4ED027AFCEEE77A17EE903A4D
:10D880009CB200212046F8F7DFFF06460028D5D0DD
:10D890000388E41A037B062B00F0F480F9F794F96F
:10D8A000002800F0D68021463046F8F7F3FC07EE5A
:10D8B000900AF8EE677A7D4817EE901AFFF704FF9A
:10D8C0004FF07E517A48FFF7FFFE83E0E6F79EFEB9
:10D8D000C0F3074000F00600062840F08180754A3A
:10D8E0009369002B00F098806D496E4B0C681B68A3
:10D8F0002046D16914B98DE0C06898B1026893429E
:10D90000FAD18288112AF7D1D0ED027AFDEEE77ABA
:10D9100017EE900A06E0A288122A00F0A180E468BF
:10D92000002C77D022689342F9D1F4E7E6F76EFE37
:10D93000C10655D5DFF86891DFF86881D9F8006035
:10D94000C0F30747D8F8005007F00202002E00F09D
:10D95000B580344601E0E46864B123689D42FAD1A1
:10D96000A388042BF7D1D4ED027AFCEEE77A17EE08
:10D97000903A9CB2002A00F0A58000223346039220
:10D9800002E0DB68002B49D01A689542F9D19A88E9
:10D99000112AF6D193ED028A8DED038A40E009F059
:10D9A00083FB034693FAA3F1002BB1FA81F108BF80
:10D9B0004FF0FF31013107EE901AF8EEE77A17EEDB
:10D9C000901A3A48FFF780FE4FF07E513848FFF733
:10D9D0007BFE0025284605B0BDEC028BBDE8F08338
:10D9E0001C25284605B0BDEC028BBDE8F0835CB178
:10D9F000DFED317AFCEEE77ACDED017A9DF8040097
:10DA0000A04700283FF41AAF4FF48020FEF74CFAED
:10DA10000025DFE7884780BB2625DBE79FED268AC8
:10DA200041F2C332631E9BB293423FF607AF1F2CF5
:10DA300028BF002504E0F768002F00F08E803E46E6
:10DA40003368AB42F7D1B388A342F4D186ED028AA2
:10DA5000DEE73046F9F7B0F800287FF424AFB9E7E5
:10DA600094ED028A88470028D6D0FCEEC87ACDED26
:10DA7000017A9DF80440042CCED800EB84000168A4
:10DA80000A489FE72146F8F731FC01460748FFF7AF
:10DA90001BFE4FF07E510648FFF716FE9AE700BFC7
:10DAA0001C51002064450020F8390020A87B02109A
:10DAB000B07B0210D038002000000000002A7FF464
:10DAC000BDAE1446204603A9FFF7C6FA00283FF46E
:10DAD000B5AE3A0733D5D9F80050D8F80040002D3C
:10DAE0003FF4ACAE2B4603E0DB68002B3FF4A6AE60
:10DAF0001A689442F8D19A88132AF5D1D3ED027AA4
:10DB0000FCEEE77A17EE903A41F2C3329FB27B1EE9
:10DB10009BB293423FF692AE1F2F28BF002402E033
:10DB2000EE6866B335462B68A342F9D1AB88BB4299
:10DB3000F6D128469DED038A80ED028A68E70399B5
:10DB40001E48FFF7C1FD4FF07E511D48FFF7BCFD99
:10DB50005EE7002C7FF454AF56E7B5EE408AF1EE55
:10DB600010FA3FF455AF102006F058FD00283FF49E
:10DB700065AE84800560C760F060064666E79DED8F
:10DB8000038AB5EE408AF1EE10FA3FF441AF10205F
:10DB900006F044FD00283FF451AE87800460C66063
:10DBA000E860C9E7074B1B682BB105B0BDEC028BE1
:10DBB000BDE8F0431847FF250CE700BFA87B021023
:10DBC000B07B02105C4F002038B5114B05461B6836
:10DBD0005A1C13D00F4C03EB43039B00E2189268CE
:10DBE00008331C447AB1206820B14822294608F045
:10DBF000BFFF2068003818BF012038BD064B1A68E7
:10DC00001C46002AEFD1482006F008FD2060EBE713
:10DC1000C42C002068450020E04E00200B4B10B5BE
:10DC20001B685A1C0ED00A4C03EB43039B00E218FE
:10DC3000926808331C4422B1206806F017FD0023C7
:10DC4000236010BD034B1C461A68F4E7C42C002067
:10DC500068450020E04E0020074B1B685A1C07D087
:10DC6000064A03EB430302EB83039868E6F7D4BC50
:10DC7000034B1868E6F7D0BCC42C00206845002090
:10DC8000E04E00200B4902460B68082BD4BF012050
:10DC900000200DDC013310B40B600749074C03EB87
:10DCA000430301EB830322605A605DF8044B704725
:10DCB000704700BFC42C0020684500206445002048
:10DCC0002DE9F047364F3D68002D3FDBDFF8D88067
:10DCD000D8F80060DEB1DFF8D4A0DAF80040A14641
:10DCE0003CB1236820469E42E46841D08146002C26
:10DCF000F7D1DFF8BCA0DAF80040A1463CB12368B8
:10DD000020469E42A46A25D08146002CF7D1254E9C
:10DD100005EB450306EB830398686C0050B190F85F
:10DD20004030002B32D106F0A1FC00232C4406EB3E
:10DD30008404A360013D002DB1BF002305EB450322
:10DD400006EB830673683D60C8F80030E843C00FF7
:10DD5000BDE8F087DAF80030834212BFC9F82840E6
:10DD6000A146CAF8004006F081FC002CC7D1CEE7DE
:10DD7000DAF80030834212BFC9F80C40A146CAF855
:10DD8000004006F073FC002CABD1B2E7E6F744FC90
:10DD90003D6805EB450306EB830398686C00C2E71A
:10DDA000C42C002068450020644500201C51002040
:10DDB00018510020014B186801307047C42C002016
:10DDC000034B93F8500100F001000330704700BF8F
:10DDD00028600020124B10B51A784AB90121114A67
:10DDE0001148D2F81C41197004601048C2F81C0197
:10DDF0000F4B1B685A1C0ED00E4C03EB43039B00C9
:10DE0000E218926808331C4422B1206806F02EFC08
:10DE10000023236010BD084B1C461A68F4E700BFBE
:10DE2000DD6D0020D03800205C4F0020D5D70110D8
:10DE3000C42C002068450020E04E00200378002B11
:10DE40003ED070B502460C461D46114612F8013F01
:10DE50002A2B13D0242D14F8010B08D030B12E2D0D
:10DE600001D0854208D1002BEED1012070BD1BB33B
:10DE70000028FBD02428E7D0002070BD2E2D01F112
:10DE8000020603D00BE02B78002BEFD02146304662
:10DE9000FFF7D4FF254601340028F4D070BD214699
:10DEA0003046FFF7CBFF0028E0D114F8013B002BF0
:10DEB000DCD0AB42F3D070BDB0FA80F0400970BD49
:10DEC000012070472DE9F84F294B2A4F1C68DC23AD
:10DED00041EA400803FB0873134405468A4693F859
:10DEE000C0604FEA410901EB410B02E0646A002C7B
:10DEF00033D02378AB42F9D1236A5B4459788E4200
:10DF0000F4D39B78711AB342C9B2EFD35046636918
:10DF100098470028EAD0DC2202FB0872236A417984
:10DF2000036092F8BE408C421AD90025D14403EB1D
:10DF30000902DC23447E03FB087765F38614012382
:10DF4000447654780279D7F8B05022440446417F91
:10DF500093402B4063F3861141772046BDE8F88F4C
:10DF600092F8BF508D4234BF00250125DEE700BF87
:10DF700080500020FC2C002030B586464FF0DC0C91
:10DF80000846134D41EA4E010CFB0155114C154456
:10DF9000246895F8C05000EB400201E0646AACB11F
:10DFA00094F800C0F445F9D1216A01EB020C9CF809
:10DFB00001108D42F2D39CF802C0AC45EED3691A31
:10DFC0001A46C9B22369BDE83040184730BD00BFCA
:10DFD000FC2C002080500020164A174B02441B687E
:10DFE00092F89CC101E05B6A13B39A68002AFAD0E8
:10DFF00018780028F7D100B5186A90F804E0F445C5
:10E0000008D34079604505D3ACEB0E00C0B25DF893
:10E0100004EB10475B6A43B19A68002AFAD018787B
:10E020000028E9D05B6A002BF6D118465DF804FBA6
:10E0300018467047FC2C002080500020184A194BCD
:10E0400002441B6892F8540301E05B6A33B35A68D8
:10E05000002AFAD093F800C0BCF1010FF5D110B43A
:10E060001C6A94F804C0604508D36479844205D3DF
:10E07000A0EB0C005DF8044BC0B210475B6A53B1D3
:10E080005A68002AFAD093F800C0BCF1010FE7D01B
:10E090005B6A002BF4D15DF8044B7047704700BFFA
:10E0A000FC2C002080500020F0B5DC26134D1746D4
:10E0B0001A46430006FB0355114C0D44246895F89D
:10E0C000C0E001E0646AB4B1E568002DFAD094F8CC
:10E0D00000C08445F6D1266A96F801C0E645F1D322
:10E0E000B3787345EED3AEEB0C0039462B46BDE852
:10E0F000F040C0B218474FF0FF30F0BDFC2C0020BC
:10E100008050002070B5134D134B05441C6895F8E2
:10E1100078E2134601E0646ACCB1E569002DFAD0DB
:10E1200094F800C0BCF1010FF5D1266A96F801C041
:10E13000E645F0D3B2787245EDD3AEEB0C0E0A464D
:10E14000AC4601465FFA8EF0BDE87040604720465D
:10E1500070BD00BFFC2C0020805000202DE9F04F46
:10E16000A0F5B97083B003285ED8DFE810F0040092
:10E170000501B9006100944D944FD5F89032D7F85D
:10E18000A06101EA0304B44246D04FF0000A0DF149
:10E190000409ADF804A0DFF83C82664089F802A0CB
:10E1A00002E076080AF1010AF007FAD5B5F97432EF
:10E1B000D8F854B103F51E7129445FFA8AF200E0E1
:10E1C0002BB111F8010D013B9042F9D1DAB20021D7
:10E1D0000120D847F0B1D0F820B0BBF1000F19D022
:10E1E000427995F87612914214D895F877129142B7
:10E1F00010D3037F0022C3F3C1038DF8063001233F
:10E2000003FA0AF323409B1A18BF012349468DF8ED
:10E210000430D8477608C5D16D4BC7F8A0411B68BC
:10E2200013B14FF4B9709847002003B0BDE8F08FE8
:10E23000654D664FD5F84033D7F8AC6101EA030469
:10E24000B442F1D04FF0000A0DF10409ADF804A07A
:10E25000DFF88081664089F802A002E076080AF1C2
:10E26000010AF307FAD5B5F95033D8F854B103F5DC
:10E27000557129445FFA8AF200E02BB111F8010DC3
:10E28000013B9042F9D1DAB201210846D847D8B112
:10E29000036ACBB1427F12F0300115D112F00402B3
:10E2A00040F0DA804FF0010C8DF8042000220CFAC7
:10E2B0000AFC0CEA040CBCEB020C18BF4FF0010C7A
:10E2C00049468DF805C098477608C8D1404BC7F835
:10E2D000AC411B68002BA7D040F275109847A3E70C
:10E2E000394D3A4FD5F86C33D7F8A86101EA0304E9
:10E2F000B44299D04FF0000A0DF10409ADF804A022
:10E30000DFF8D080664089F802A002E076080AF1C2
:10E31000010AF207FAD5B5F95033D8F854B103F52C
:10E32000557129445FFA8AF200E02BB111F8010D12
:10E33000013B9042F9D1DAB201210846D84770B1C9
:10E34000D0F820B0BBF1000F09D0427F12F03002AC
:10E3500005D1417995F852C38C4540F28A80760800
:10E36000D5D11B4BC7F8A8411B68002B3FF45CAF0D
:10E370004FF4BA70984757E7134D144FD5F86432ED
:10E38000D7F8A46101EA0304B44255D04FF0000A63
:10E390000DF10409ADF804A04FF0010BDFF8348053
:10E3A000664089F802A002E076080AF1010AF10746
:10E3B000FAD5B5F97412D8F8543101F51E70284415
:10E3C0005FFA8AF209E000BFFC2C002028600020E0
:10E3D0006C4F0020F839002029B110F801CD013927
:10E3E0009445F9D1CAB200210120984710B3036ABD
:10E3F00003B30BFA0AF222420CBF012202228DF86B
:10E400000620427F12F004010BD090F805C095F869
:10E41000761261451ED895F87712614534BF002108
:10E420000121C2F380028DF804108DF805204946C1
:10E43000002298477608B8D11A4BC7F8A4411B6848
:10E44000002B3FF4F1AE40F273109847002003B068
:10E45000BDE8F08F0021E4E790F805C095F852235D
:10E4600062451CD895F85323624534BF002201222F
:10E4700018E795F853C38C45FFF471AF037F494605
:10E48000C3F380038DF80530012303FA0AF3234018
:10E49000003B18BF01238DF80430D8475FE70A46D8
:10E4A00000E700BF6C4F00200388B3F5BA7F0FD39D
:10E4B000A3F5BA73012B09D80C4BD3F8980230B1ED
:10E4C000D3F86C03003818BF012070470020704754
:10E4D000B3F5B97FFAD3054BD3F8BC010028F6D0C9
:10E4E000D3F89002003818BF01207047FC2C0020A0
:10E4F000A0F5B970032823D8DFE800F01A120A0249
:10E50000104A114BD2F8AC01D3F840331840704791
:10E510000C4A0D4BD2F8A801D3F84033184070478D
:10E52000084A094BD2F8A401D3F864321840704766
:10E53000044A054BD2F8A001D3F864321840704762
:10E540000020704728600020FC2C00202DE9F047B7
:10E55000984B05461B6882B003B19847964B93F8D9
:10E56000AA3013B902B0BDE8F0874FF00008934C11
:10E57000D5F8A031D4F89022ADF800801340C5F84A
:10E58000A031D4F89022D5F8A431ADF8048013401E
:10E59000C5F8A431D4F86C23D5F8A8318DF80280E1
:10E5A0001340C5F8A831D4F86C23D5F8AC318DF8F8
:10E5B00006801340C5F8AC31D4F8BC31002B43D0F1
:10E5C00094F87232002B3FD04FF00109013B7C4E92
:10E5D000DFB2B4F97432D6F854A103F51E712144A8
:10E5E000FAB200E02BB111F8010D013B9042F9D1D4
:10E5F000DAB200210120D047824618B3036A0BB378
:10E60000427F4079C2F3C0128DF8012094F876223F
:10E6100082427AD894F87722824276D3D5F8A01134
:10E6200009FA07F20A40003A18BF01228DF80020CB
:10E630009AF81C20C2F3C1028DF802205046002235
:10E6400069469847013FC4D2D4F89832002B4AD08B
:10E6500094F84E33002B46D04FF00108013B584E42
:10E66000DFB2B4F95033D6F8549103F55571214413
:10E67000FAB200E02BB111F8010D013B9042F9D143
:10E68000DAB201210846C84758B3D0F82090D4F830
:10E690006C1308FA07F3B9F1000F2DD00B422BD001
:10E6A000427F12F0300227D1D5F8A81119400BD0C3
:10E6B00090F805C094F85213614578D894F8531334
:10E6C000614534BF00210121D5F8AC218DF804103B
:10E6D0001340003B18BF012300228DF8053001A92B
:10E6E000C847013FBDD2374B1B68002B3FF43AAF00
:10E6F000984702B0BDE8F0874FF4BA7021EA0301F1
:10E70000F8F76EFA013FACD2EDE71A288DF80080D9
:10E710001CD01C283CD00E282AD00D288ED8E4F717
:10E72000DDFF83B27BB1B5F8D220B5F8D0101A4026
:10E730000B40003BB2FA82F218BF012352098DF858
:10E7400000308DF80220DAF8203077E71E498DF886
:10E75000018091F8542191F85511C2F34002C1F3A0
:10E76000800182F001028DF800108DF8022065E72B
:10E77000154A8DF8018092F85421C2F34001C2F38A
:10E7800000028DF8002081F001028DF8022055E78B
:10E790000D4A8DF8018092F85421D143C2F38012C2
:10E7A0008DF80020C1F3C0128DF8022046E7114613
:10E7B0008AE700BF704F0020E03C0020FC2C0020C6
:10E7C000F8390020744F0020286000202DE9F04F18
:10E7D000DC241646DFF8948141EA400904FB0984F1
:10E7E0001A4696F800E0D4F8B03087B023FA0EFC51
:10E7F0001CF0010C2FD14B0000935B4B01EB410B44
:10E800001C685B460546B3468A46604667461E4618
:10E81000019203E0646ADCB19BF800E02378AB422C
:10E82000F8D1236A334459787145F3D89B78AEEB1D
:10E8300001017345C9B2EDD350466369984700287A
:10E84000E8D0437E5B060AD4646A0120002CE3D141
:10E8500007B0BDE8F08F002007B0BDE8F08F334669
:10E860005E469B46DC23012103FB09FEBC460746AE
:10E870003078019A814008EB0E00D0F8B03019438F
:10E88000C0F8B01090F8C03031788B4208D00EF14B
:10E89000C003434413F8010F0CF1010C8842F9D175
:10E8A000DC2303FB09F308EB0300019090F8B400AC
:10E8B00060453DD9C03363444344CDE90247CDE9C7
:10E8C000049664461E469146019F7378FF2B06F816
:10E8D000013B21D0BA6832B1092C8ABFA30004EBF6
:10E8E00044030A3B1A44204B16F8010C1B6801E054
:10E8F0005B6A8BB11978A942FAD1196A594491F827
:10E9000001C06045F4D389788142F1D3A0EB0C01BA
:10E910001B695046C9B2984797F8B4300134A342F6
:10E92000D3D8DDE90247059E4A463178DDF81090DC
:10E93000009D236A55442B445B785046C91AC9B2DE
:10E9400023699847DC2303FB0988236A01203B6085
:10E9500098F8B430317808EB030282F8C0105A1EE0
:10E9600088F8B420337073E780500020FC2C00201E
:10E970002DE9F047DC261D4F41EA400806FB0876EA
:10E980000446B6F9B800421C02D0C0B2BDE8F08718
:10E990004FF0000ADFF858900D46D9F85431A6F828
:10E9A000B8A0FBB1294620465FFA8AF2984790B199
:10E9B000437F5B0604D4B6F8B8300133A6F8B8300C
:10E9C0000AF1010A29462046D9F854315FFA8AF241
:10E9D00098470028ECD1DC2303FB087797F8B800B0
:10E9E000BDE8F0871846BDE8F08700BFFC2C00208A
:10E9F000F8390020134AD2F85401D8B1D2F858316E
:10EA000010B4D2E95141003B18BF0123D2F84C01A8
:10EA10000A1E18BF0122211E18BF0121003818BF8D
:10EA2000012043EA410343EA820343EAC0005DF860
:10EA3000044B704740EA400343EA800343EAC000C6
:10EA4000704700BFF83900202DE9F04FDC2441EA7F
:10EA5000400604FB06F6DFF82C91964609EB060506
:10EA60006A6883B0019362B3B5F9BA704FB3DFF847
:10EA700018A1DAF8543123B3DAF858210AB38046E2
:10EA80008B467446BEF1000F41D0013FB5F9BC1072
:10EA9000FAB28819C030484400E029B110F801CD1D
:10EAA00001399445F9D1CAB259464046984718B140
:10EAB000836934EA030308D01FB1DAF85431013F07
:10EAC000E4E7002003B0BDE8F08F437995F8BE205D
:10EAD00093420CD395F8BF10994208D39B1AD9B230
:10EAE0000C9A019B98470028E6D00120EAE7B5F987
:10EAF000BC3001799A19C0324A4401E0002BEFD0B2
:10EB000012F801CD013B8C45F8D1D9B2E8E7019F5D
:10EB1000B5F9BC10E2B28819C030484400E029B110
:10EB200010F801CD01399445F9D1CAB25946404691
:10EB3000984770B1437995F8BE20934211D395F868
:10EB4000BF1099420DD39B1AD9B20C9AB84700282E
:10EB5000CBD1B5F9BA300134A342B2D9DAF8543185
:10EB6000D6E7B5F9BC3001799A19C0324A4401E0C0
:10EB7000002BEAD012F801CD013B8C45F8D1D9B277
:10EB8000E3E700BFFC2C0020F839002038B5054D24
:10EB9000D5F8504114B1A047D5F85041201E18BFF8
:10EBA000012038BDF8390020034BD3F8483103B1B8
:10EBB00018471846704700BFF839002010B5074CB9
:10EBC000D4F844312BB1003918BF01219847D4F84B
:10EBD0004431181E18BF012010BD00BFF8390020B5
:10EBE00010B4064CD4F84C411CB1A4465DF8044B5B
:10EBF00060474FF0FF305DF8044B7047F839002054
:10EC00002DE9F04F04688DB02378E678F34203D104
:10EC100000200DB0BDE8F08FC268B74F00213A6008
:10EC20000546242203A8019307F02EFA242203A903
:10EC3000B24807F0FBF9019BB14AB249002840F005
:10EC4000DA80C2F85411B049C2F85011AF49C2F885
:10EC50005811AF49C2F84811AE49C2F84411AE4943
:10EC6000C2F84C11AD49C2F86011002B00F0CC8005
:10EC7000DFF8CC8298F8BA106170B8F9BC0001EBEB
:10EC8000030C8445C4BF401AC3B201391944A170B2
:10EC9000D8F80410002900F029814FF6FF71A8F878
:10ECA000B610B8F8BA101944A8F8BA10237092F840
:10ECB0004211194482F84211002E00F0A28098F807
:10ECC00096112171B8F9980101EB060C8445C4BF77
:10ECD000401AC6B2013931446171D8F8E0100029F8
:10ECE00000F0EA804FF6FF71A8F89211B8F896117B
:10ECF0003144A8F89611E670B8F99601B8F9BA103F
:10ED00008842B8BF084692F8431183460E4482F801
:10ED1000436100283FF47CAFD8F80820002A00F0B7
:10ED2000CF8098F8C0204FF0000AFF2A06D07C4A16
:10ED300012F8011F0AF1010AFF29F9D198F89C2164
:10ED40004FF00009FF2A06D0764A12F8011F09F198
:10ED50000109FF29F9D10026734AC8F8E420C8F850
:10ED6000082003B36378B3421DD8A378B3421AD303
:10ED7000F1B208EB0A0383F8C0106378D8F80820D2
:10ED8000C91AC9B25FFA8AF332B1092B03EB430007
:10ED900084BF0A3BC018024400203B689847172EE6
:10EDA00075D90AF1010AE37803B32379B3421DD878
:10EDB0006379B3421AD3F1B208EB090383F89C11CB
:10EDC0002379D8F8E420C91AC9B25FFA89F332B1BD
:10EDD000092B03EB430084BF0A3BC0180244012007
:10EDE0003B689847172E3DD909F101090136B34513
:10EDF0000FD32378B5E7D2F8540188427FF408AFE7
:10EE000033E7FF21217171E7FF21DFF83481617061
:10EE100047E7D8F8D820D8F8B43101212820C8F81D
:10EE2000AC20C8F8883105F00BFCB8B13F4A136834
:10EE3000B3B11A465B6A002BFBD150620022D5E9C0
:10EE40000341C0E904412B680270DA7803620AB119
:10EE50006A6882601B780BB1AB68C3600120D8E69A
:10EE60001060EBE70122D8F8B431B2401343C8F880
:10EE7000B431002E3DD02E492E4807F053F93046CC
:10EE8000EEF790FF01462B4807F04CF9ACE7012262
:10EE9000D8F8D830B2401343C8F8D830002E51D03B
:10EEA0002349254807F03EF93046EEF77BFF01463F
:10EEB000214807F037F974E7E11CC8F8E01011E7C2
:10EEC0004FF0FF339146164AC8F8C030C8F89C315D
:10EED000C2E90133C2E90333C2E93833C2E93A3344
:10EEE0005361C2F8F030CA46237834E7C8F80440CA
:10EEF000D3E61249C0E700BF24600020383B002061
:10EF0000F8390020C5DE011079DF0110CDE70110CE
:10EF1000D9DF01103DE00110A9E0011005E1011069
:10EF2000BC2D0020982E00201C06031080500020CD
:10EF300078D50210E42D0020082D002070D5021095
:10EF4000FC2C00200049ACE770D502102DE9F04FF1
:10EF500004688DB02378E678F34203D100200DB029
:10EF6000BDE8F08F0269B24F00213A6005462422C5
:10EF700003A8019307F088F8242203A9AD4807F0FD
:10EF800055F8019BAC4AAD49002840F0DB80C2F83F
:10EF90005411AB49C2F85011AA49C2F85811AA49F4
:10EFA000C2F84811A949C2F84411A949C2F84C1144
:10EFB000A849C2F86011002B00F0CD80DFF8C882AC
:10EFC00098F872126170B8F9740201EB030C844571
:10EFD000C4BF401AC3B201391944A170D8F8BC119A
:10EFE000002900F069814FF6FF71A8F86E12B8F899
:10EFF00072121944A8F87212237092F84011194441
:10F0000082F84011002E00F0A38098F84E13217171
:10F01000B8F9500301EB060C8445C4BF401AC6B2D0
:10F02000013931446171D8F89812002900F0FC8050
:10F030004FF6FF71A8F84A13B8F84E133144A8F8F8
:10F040004E13E670B8F94E03B8F972128842B8BF91
:10F05000084692F8411183460E4482F84161002827
:10F060003FF47CAFD8F8C021002A00F00F8198F857
:10F0700078224FF0000AFF2A06D0774A12F8011FC3
:10F080000AF1010AFF29F9D198F854234FF0000939
:10F09000FF2A06D0714A12F8011F09F10109FF2960
:10F0A000F9D100266E4AC8F89C22C8F8C0210BB3DB
:10F0B0006378B3421ED8A378B3421BD3F1B208EBF6
:10F0C0000A0383F878126378D8F8C021C91AC9B244
:10F0D0005FFA8AF332B1092B03EB430084BF0A3B8A
:10F0E000C018024400203B689847172E40F28780E2
:10F0F0000AF1010AE37803B32379B3421DD8637997
:10F10000B3421AD3F1B208EB090383F854132379FD
:10F11000D8F89C22C91AC9B25FFA89F332B1092B17
:10F1200003EB430084BF0A3BC018024401203B6844
:10F130009847172E4ED909F101090136B3450FD36F
:10F140002378B4E7D2F8540188427FF407AF32E75E
:10F15000FF21217170E7FF21DFF82C81617046E704
:10F16000D8F89022D8F86C3301212820C8F86422FE
:10F17000C8F8403305F064FAC8B13A4A13683BB3A3
:10F180001A465B6A002BFBD150620122D5E904418B
:10F19000C0E904412B680270DA7803620AB16A6838
:10F1A00042601B781BB1D5E90232C260C3612E4BAD
:10F1B0001A780AB10120D2E601212C4A2C48146F9A
:10F1C000197004602B4C2C481467F7F7ABF8F1E783
:10F1D0001060DAE70122D8F86C33B2401343C8F864
:10F1E0006C33002E6BD02549254806F09BFF304636
:10F1F000EEF7D8FD0146224806F094FF9BE7012276
:10F20000D8F89032B2401343C8F89032002E58D04C
:10F210001A491C4806F086FF3046EEF7C3FD01464A
:10F22000184806F07FFF63E7E11CC8F89812FFE674
:10F2300024600020383B0020F8390020C5DE011092
:10F2400079DF0110CDE70110D9DF01103DE0011099
:10F25000A9E0011005E10110742F002050300020BA
:10F26000C405031080500020E56D0020D038002038
:10F27000704F00204DE50110C82C002078D50210F9
:10F280009C2F0020C02E0020FC2C00204FF0FF33CC
:10F2900091460D4AC8F87832C8F85433C2E90133B0
:10F2A000C2E90333C2E93833C2E93A335361C2F8E1
:10F2B000F030CA462378F4E6C8F8BC4193E6034927
:10F2C00092E70249A5E700BF742F002070D5021015
:10F2D000D0ED026A90ED017AF4EEC76AF1EE10FA11
:10F2E00010B40A6047DD07EE902A90ED004AF8EE70
:10F2F000677A87EE846AFCEEC67AD0ED044A90ED18
:10F30000055A90ED033AB8EE674ADFED2B3AB5EEB9
:10F31000403A17EE902AC1ED017A24EE055A64EEC8
:10F32000247AF1EE10FA87EEA36AC5EE237A14BFB1
:10F3300001230023BCEEC66AFCEEE77A16EE104A03
:10F340004B7717EE903AC1E90343A3EB040376EE43
:10F35000C75A07EE903AB0EE656AF8EE677AC7EEE4
:10F36000865A81ED057AC1ED065A0ED10B7F002B2E
:10F3700008BF00228A60F4EEC76AF1EE10FA5DF869
:10F38000044BCCBF012000207047437E93B9B5EEFB
:10F39000C03AF1EE10FA0DDD24EE034AC4EE237AF2
:10F3A000FCEEE77A087F17EE903A08B1013AD31ADB
:10F3B0008B60E0E78C60DEE70000C84207EE901A41
:10F3C00090ED057AB4EEE77AF1EE10FA024616D522
:10F3D00077EEC77A90ED067AD0E9031067EE877A68
:10F3E000FBFE677AFCEEE77A17EE903A0B44984200
:10F3F0000CD8137F13B15368013B181A7047F5EE10
:10F40000407AF1EE10FA09D180687047994238BF0E
:10F410001946137F0846002BF0D0ECE7037FC06845
:10F42000002BEBD05368013B181AE7E7F8B5374BD0
:10F430000D461B688BB3046801E05B6A6BB31A6A04
:10F44000A242FAD1DC21437F027FC3F3C003C2F39F
:10F45000400283F0010342EA430302EB42021444F8
:10F4600001222B4E94F801C001FB03610479D1F80D
:10F47000D8106444A2400A4208D0264C2F78D4F811
:10F48000A011002F37D01143C4F8A011DC2101FBDB
:10F490000363D3F8AC301A4222D140790E2813D03E
:10F4A0000D2803D9BDE8F840F6F788BAE4F716F955
:10F4B00080B20028F6D0174B2978B3F8D020F9B1E4
:10F4C0001043A3F8D000EDE7124B297893F85421AC
:10F4D00061F3000283F85421BDE8F840F6F76EBAF4
:10F4E0000C49AC78D1F8A431012C14BF13439343D9
:10F4F000C1F8A431D1E721EA0201C4F8A011C5E79F
:10F5000022EA0002A3F8D020CCE700BF8050002000
:10F51000FC2C002028600020274B1B68002B3ED0CD
:10F5200070B4046802E05B6A002B35D01A6AA2420C
:10F53000F9D1427F037FC2F3C002C3F3400382F0DC
:10F54000010243EA420203EB43031C4490F804C067
:10F550006078DC2401238444184803FA0CF304FB8C
:10F560000204D4F8D840234207D0154D0E78D5F8C0
:10F57000A841DEB11C43C5F8A841DC2404FB02000D
:10F58000D0F8AC20134207D00D484978D0F8AC2110
:10F5900039B11A43C0F8AC2170BCF6F70FBAF6F7D0
:10F5A0000DBA22EA0302C0F8AC21F5E724EA03040D
:10F5B000C5F8A841E1E700BF80500020FC2C0020E6
:10F5C00028600020784B1A6802B110472DE9F047F7
:10F5D000764D82B0D5F8BC21002A5CD0B5F97222F4
:10F5E000002A58D006380D2855D8DFE800F0075417
:10F5F00054545454545457545457540700234FF000
:10F60000010801AF013A6A4EADF80430D4B2BB70C4
:10F61000B5F97432D6F8549103F51E712944E2B25B
:10F6200000E02BB111F8010D013B9042F9D1DAB2A3
:10F6300000210120C84760B3D0F82090B9F1000F35
:10F6400027D043791A2B00F08F801C2B7DD00E2BF6
:10F650001FD10023574A8DF8053092F85411C1F399
:10F660004003C1F3000C83F00103DBB28DF804C04A
:10F6700001F001018DF8063008FA04FCD2F8A0313F
:10F6800000295FD04CEA0303C2F8A03139460022BA
:10F69000C847013CBCD202B0BDE8F08700234FF060
:10F6A000010901AF013A424EDFF80881ADF804309C
:10F6B000D4B2BB70B5F97432D6F854A103F51E71FB
:10F6C0002944E2B200E02BB111F8010D013B904258
:10F6D000F9D1DAB200210120D047824620B1036A75
:10F6E00013B140790D2802D9013CE3D2D3E79AF84F
:10F6F0001D30C3F3C0138DF80530E3F7EFFF80B280
:10F70000D8F8A01109FA04FC002843D0B8F8D22098
:10F71000B8F8D03002400340B2FA82F2003B18BF82
:10F72000012352098DF806208DF804307BB34CEA92
:10F730000101C8F8A011002239465046DAF82030FD
:10F740009847D1E723EA0C039EE70023194A8DF876
:10F75000053092F85411CB43C1F3801C61468DF8FB
:10F7600004C0C3F3C01385E70023124A8DF80530A7
:10F7700092F8543192F85511C3F34003C1F3800C51
:10F7800083F001036146DBB28DF804C072E721EA21
:10F790000C01CEE79AF81C200CEA0103003B18BFCD
:10F7A0000123C2F3C102BDE76C4F0020FC2C0020F6
:10F7B000F839002028600020014B1878704700BFFE
:10F7C000DF6D00200FB400B583B0049C074805F03E
:10F7D000ADF83CB105A92046019104F04DFF044865
:10F7E00005F0A4F8012004F05FFF00BFECD5021083
:10F7F0003C7F0210EFF3108072B6064BD3E8CF1FA8
:10F8000001220029FAD1C3E8412F0029F6D1BFF324
:10F810005F8F70474B4200200023034AC2E88F3FAE
:10F8200080F31088704700BF4B42002070B58646B9
:10F83000EFF3108572B6124CD4E8CF6F0120002E82
:10F84000FAD1C4E8460F002EF6D1BFF35F8F4FF018
:10F85000010CC80801F007030CFA03F31EF800C0FE
:10F860001CEA030608D14CEA030C0EF800C0C4E8F9
:10F870008F6F85F3108870BD1046FFF7A3FF00BFA0
:10F880004B420020F8B5EFF3108772B61C4ED6E855
:10F89000CF5F0124002DFAD1C6E8454F002DF6D1E7
:10F8A000BFF35F8F9A421BD8012502E001329342D9
:10F8B00022D3D40810F804E002F0070C05FA0CFC7F
:10F8C0001EEA0C0FF2D14EEA0C0E00F804E01046CE
:10F8D0000023C6E88F3F87F31088984207DBF8BD06
:10F8E0000023C6E88F3F87F310884FF0FF300029D0
:10F8F000F5D00698FFF766FF4FF0FF30E8E700BF4E
:10F900004B42002000B5EFF3108E72B6104BD3E8D7
:10F91000CFCF0122BCF1000FF9D1C3E84C2FBCF1CD
:10F92000000FF4D1BFF35F8F01224FEAD10C01F039
:10F93000070102FA01F110F80C2022EA010200F896
:10F940000C200022C3E88F2F8EF310885DF804FB93
:10F950004B420020044A1078431CDBB2182B28BF0E
:10F9600010231370704700BF6C30002010B5054C99
:10F9700082B001461F23182200940348FFF782FF3C
:10F9800002B010BDFCD50210EC4500204FF0E02283
:10F99000936843F000539360704700BF0021044B0D
:10F9A00003F12002C3E88F1F01339342FAD170475D
:10F9B0004042002000EB400C4FEA8C0C0CF1804CD4
:10F9C0000CF5803CF0B51646DCF80420051FB2F5B6
:10F9D000803F38BF4FF48032EDB238BFCCF80420FE
:10F9E000012D2AD94FF40067254C0CF540521760C1
:10F9F00054F82020B2B9DCF80020012D82EA46122A
:10FA000002F0E0020CF5805632602AD94FF4006112
:10FA100044F820304FF480330CF500521160CCF8DC
:10FA20000430F0BD6769B7FBF2FE0EF1010E0EEB7C
:10FA30004E0EBEF1030EFCD2DDE70129D2D1032424
:10FA40000CF540521460DCF80820D207FBD5DCF836
:10FA500000200B4C82EA461202F0E0020CF58056C0
:10FA600032600122DCF800504D4005F0030535609E
:10FA700002FA01F1DCF808200A42FBD0C6E700BF19
:10FA8000F8450020014B53F820007047F84500204E
:10FA90004FF050422DE9F84F6D4BD2F800A053F8CB
:10FAA0002A70BAF1000F2CD0DFF8B0816FB30026B6
:10FAB000DFF8A0B1DFF8A091F3080C3358F8235019
:10FAC00034460836CDB105F00F0120462D0901342A
:10FAD00089B15BF82A2000F00703C2404FEAD00C3E
:10FAE0009B00D20701FA03F30CF18C0C02D449F805
:10FAF0002C30B8470DB1B442E5D3202EDCD1BDE89F
:10FB0000F88FDFF85C81002FD1D15248F90801F15C
:10FB10000C0358F82330002B7BD013F00F054FEA6D
:10FB200013120AD050F82A40FC40E60703D44A4C8E
:10FB30008C3144F82150002A6BD012F00F024FEAAA
:10FB400013210DD050F82A407D1CEC40E40705D469
:10FB5000EC08414D12018C3445F82420002958D07E
:10FB600011F00F014FEA133207D050F82A40BD1CA4
:10FB7000EC40E60757D5002A4BD012F00F024FEAAF
:10FB8000134107D050F82A40FD1CEC40E40751D542
:10FB900000293ED011F00F014FEA135207D02D4C2F
:10FBA00054F82A503C1DE540EE074AD58AB312F0BE
:10FBB0000F024FEA13610DD0264C54F82A507C1DD9
:10FBC000E540ED0705D4244DE40812058C3445F8D2
:10FBD0002420F1B111F00F014FEA13731FD01D4C17
:10FBE000BD1D54F82A20EA40D60705D4EA081A4D6C
:10FBF00009068C3245F822105BB154F82A10FA1D20
:10FC0000D140C90705D41449D2081B078C3241F8EA
:10FC100022300837202F7FF479AFBDE8F88F002B12
:10FC2000F7D00C4CE9E7EC080B4D09028C3445F891
:10FC30002410A0E7EC08084D12038C3445F824206A
:10FC4000A6E7054DE40809048C3445F82410ADE717
:10FC5000E0450020F45000200080024090820240E5
:10FC60004882024010B44FF480740C4B53F82020AB
:10FC700003EB8003C00082F0400200F1804003F5F6
:10FC8000805C02F0C00200F5203003F54053CCF850
:10FC9000002041601C605DF8044B70470480034005
:10FCA000C00000F1804000F52030406800F01F00E7
:10FCB000704700BF10B4084CC90041EA820154F8F3
:10FCC000202004EB8003514003F5805301F00C0128
:10FCD0005DF8044B1960704704800340C00000F1D8
:10FCE0008040043000F520331B6800F5243083EA9F
:10FCF000014303F440330360704700BFC00000F1CC
:10FD00008040043000F520331B6800F5243083EA7E
:10FD1000013303F440530360704700BF4FF050437A
:10FD20001B6893B10C4B4FEAD00C00F00700800029
:10FD300081400A4803EB8C030CF18C0C40F82C102A
:10FD40002AB103F5005319607047054BEBE703F543
:10FD500040531960704700BF90820240008002400B
:10FD6000488202402DE9F0434FF050491F46DFF82A
:10FD70009880D9F80030164658F8232004460D46DE
:10FD800083B032B387B348F823704FF050431B68F9
:10FD9000BBB1194BE10804F00704184AA40005FAA6
:10FDA00004F403EB81038C3142F821405EB1012160
:10FDB000152003F500531C6003B0BDE8F04300F0CC
:10FDC00075B80F4BE6E703F540531C6003B0BDE880
:10FDD000F083002FDCD015200A4948F8237000F08A
:10FDE000B7F8D9F80030D3E715200649019300F0A1
:10FDF000A3F9019BC7E700BF908202400080024048
:10FE00004882024091FA0110E045002000F007030B
:10FE1000034AC0089B0099408C3042F8201070477C
:10FE20000080024030B44FF0000343EC440043EC48
:10FE3000400005254FF480740B4BC20053F820108E
:10FE400003EB800081F0400102F1804303F5203391
:10FE500001F0C00200F5805100F540500A605D607D
:10FE6000046030BC704700BF048003404FF0E023C3
:10FE70004FF08032C3F80024C3F80424C3F80824E8
:10FE8000C3F80C24C3F81024C3F81424C3F81824AE
:10FE9000C3F81C24C3F82024C3F82424C3F828245E
:10FEA000C3F82C24C3F83024704700BF012300F0AE
:10FEB0001F029340400941B1800000F1604000F50D
:10FEC0006140C0F8803103607047024A203042F838
:10FED0002030704700E100E001224309034900F0AF
:10FEE0001F008240403341F82320704700E100E0CA
:10FEF000F8B50D46EFF3108772B6124ED6E8CF2F45
:10FF00000123002AFAD1C6E8423F002AF6D1BFF306
:10FF10005F8F0D4B00F110049B680C4A53F824309E
:10FF2000934203D0994201D002F06CFE064B9B68CD
:10FF300043F82450BFF35F8F0023C6E88F3F87F359
:10FF40001088F8BD4942002000ED00E01D010010BE
:10FF50002DE9F04F81468B46164683B0EFF31083B0
:10FF600072B6DFF8D0A10093DAE8CF1F0123002991
:10FF7000FAD1CAE8413F0029F6D1BFF35F8F664B43
:10FF800093F90040002CC0F2A080644D04EB4407BC
:10FF900005EB870898F8061009F110091970604BF5
:10FFA000BF009B6853F829006300411B2F292FD9FC
:10FFB0005C49884240F0A4801C445B4B02372F44CC
:10FFC000043BDB1BC3F34A036FEAC3434FF42141F5
:10FFD0006FEAD34325F8241005EB840463804BF6C5
:10FFE0000153A380FF2348F00100E671C4F808B074
:10FFF000A3714B4B9B6843F82900BFF35F8F00232D
:020000041002E8
:10000000CAE88F3F009B83F3108803B0BDE8F08FF0
:1000100020F0010E9EF80710B1422ED84FF4214374
:10002000EB53414BB91C2944043B04375B1A2F4462
:10003000AEF10401C91BC1F34A043C49C3F34A03AE
:100040000B432143A8F804103949A8F802304AF6B6
:10005000AA2073465B1B5B415843000D88F807607C
:1000600088F80600C8F808B048F00100CEF8001083
:10007000BFE7D179B1422ED996469EF906C00CEB66
:100080004C02BCF1000F05EB8202F2DA4BF6015193
:100090000EF10402A8F10407BF1AC7F34A076FEA7A
:1000A000C7476FEAD7478EF8064003EB0408204C99
:1000B00005EB8803AEF8047045F82840998083F872
:1000C00006C0DE71C3F808B093E702F09BFD124B47
:1000D00093F9004059E7724632F8041F490514D4D9
:1000E0004915023102EB410101916FF00701C91B73
:1000F000019F491B3944C1F34A0141F46041C9E7FA
:10010000019302F07FFD019B56E701F5FF1101F518
:10011000FF511F31E4E700BFDE6D0020703000208A
:1001200000ED00E01D010010A030002000E0FFFF06
:1001300001488047494200202DE9F04F83B0EFF39A
:10014000108A72B6714ED6E8CF2F0123002AFAD159
:10015000C6E8423F002AF6D1BFF35F8F6C4B00F137
:1001600010089B686B4A53F82850954245D08D4241
:100170000C4650D0684FEB1B2F2B3ED801214FEA85
:1001800050194FEA890909F1604909F5614900F000
:100190001F0301FA03F0D9F80030C9F8800000EA23
:1001A000030BBFF35F8FEFF30581C9B2002934D091
:1001B000884505D0CDE9001002F024FDDDE90010EE
:1001C00025F0010EDEF808C0644505D189E0D3F8BA
:1001D00008C0644531D09E469EF9062002EB4203DA
:1001E000002A07EB8303F2DA644561D0BBF1000F0C
:1001F00020D0C9F88001C9F80000454B9B6843F83E
:100200002850BFF35F8F0023C6E88F3F8AF3108822
:1002100003B0BDE8F08F1546EFE725F0010EDEF8DC
:1002200008C06445D8D19EF906407346002C08DA10
:10023000154646E0C9F88000DFE793F90640002C38
:1002400037DB04EB440C07EB8C0C9CF80710DCF854
:100250000820D9719A609CF906206100002A9A71E1
:100260003DDBBCF804E05FEA4E5E05D50EF5FF1EEF
:100270000EF5FF5E0EF11F0E6FF0070C0A194FEA24
:100280006E5E920002EB4E0208323A44ACEB030C75
:100290006244C2F34A026FEAC2426FEAD2429A80D3
:1002A0001E4B21441A7807EB81011C708A719DE76F
:1002B0007346D9B9FF228EF806204BF60152AEF8EC
:1002C0000420164C4AF6AA2294F800C01946C91B0D
:1002D00049414A43120D83F806C0227086E7104A4E
:1002E000DDE79EF906407346002CAADA0D4A0E4C53
:1002F000D21A083AC2F30A316FEA01516FEA11517A
:1003000044EA5202DA80998070E700BF4942002037
:1003100000ED00E01D01001070300020DE6D0020B7
:1003200001BDFFFFAA30002000F8FFFF4FF0FF0CD7
:1003300020F0030303F1604303F5644300F003007E
:100340001A68C0000CFA00FC22EA0C0281400A4341
:100350001A607047F0B5EFF30585EDB2EFF3108C3E
:1003600072B62649D1E8CF2F0123002AFAD1C1E87D
:10037000423F002AF6D1BFF35F8F214E40F0010EBD
:10038000B4684AF6AA2354F825701E4A0446A41AF3
:10039000644163431B0D77455BB21BD092F9064065
:1003A0009C421CD092F912409C4223D092F91E40EC
:1003B0009C4221D092F92A409C4208BF03240FD0CE
:1003C000114A0024157813708571C1E88F4F8CF3A2
:1003D0001088F0BDB2680D4C42F82540F0E70024CB
:1003E00004EB440402EB8402FF2494714BF60154A5
:1003F0009480E5E70124F3E70224F1E74942002075
:1004000000ED00E070300020DE6D00201D010010C6
:10041000014B0B44036070474042002070B5104C04
:10042000104DAC420ED2FF26236863B1FFF792FA5B
:1004300001462046FFF7ECFFA680BFF35F8F08342C
:10044000AC42F1D370BDFFF785FA01462046FFF7B5
:10045000DFFF2671BFF35F8F0834AC42E4D370BD79
:10046000083700201037002010B50446FFF772FA55
:1004700001462046FFF7CCFFFF232371BFF35F8FB8
:1004800010BD00BF10B504460120FFF76FFA034B03
:1004900003442360BFF35F8F10BD00BF40420020C4
:1004A0000D4B1A68EFF3108172B6D2E8CFCF01205E
:1004B000BCF1000FF9D1C2E84C0FBCF1000FF4D130
:1004C000BFF35F8F00221B68C3E88F2F81F3108872
:1004D00040BF00200021704714620020000000008F
:1004E0002DE9F04F2DED028B85B0EFF30583DBB2E4
:1004F000103B9A0818BF01224FF0010103F0030BD3
:1005000018BFAD4DAD4B08BFAD4D0BEB820253F89C
:10051000226001FA0BF205F541539FEDA58B019284
:100520005A6031E0B3881B0440F19580B379002B09
:1005300040F0DF80B6F90830002B0093C0F205814F
:100540001A46736902EB420403EBC403D3E9024782
:10055000B7F1FF3F08BFB4F1FF3F0ED005EB8B01B1
:10056000AB6A0A69D21AE31A934205D301232A6AB5
:1005700003FA0BF3134200D10C61284600F040FB54
:10058000A042B941C0F2E180B6F90830019A002BCF
:100590000093EA63C6DBD6F8148003EB43092846D0
:1005A00008EBC907D7E9024A00F02AFBA04271EB29
:1005B0000A01B7DBBAF1000FC0F2CD80D7E90431F0
:1005C000804A934200F000817A88B6F9080092B21E
:1005D00042EA0040984702460B4652EA030100F007
:1005E000BA80002B80F2D580B4EB020E6AEB030ACE
:1005F00038F93930C7E902EA002B93DB716903EB64
:10060000430201EBC202D2E90270BE457AEB000C54
:100610004FEA430286DBB4462CF8083F06E003EBC2
:10062000430001EBC0005A00D0E90270BE451A44F5
:100630007AEB000001EBC20404DB31F93230A4464E
:10064000002BECDA28F83930009BACF80030B38886
:100650001B043FF56BAF3369EFF3108272B6D3E83A
:10066000CF0F01210028FAD1C3E8401F0028F6D19E
:10067000BFF35F8F4FF6FF74B0880023316900B27B
:10068000B480C1E88F3F82F310889842FFF64EAFE6
:100690000746A946746906F1080807EB470E04EB04
:1006A000CE03D3E90250B6F90830C446002B13DB61
:1006B000B246009704E034F936309446002B09DB4B
:1006C00003EB430604EBC602D2E90271BD4270EBB4
:1006D0000101F0DA5646009FACF8007034F93E7024
:1006E00024F83E30002FD8DAB3794D46002B3FF482
:1006F00021AF0023B371B6F9083006F1080E5F1C74
:10070000009322D09C46706902E08E465A1C16D097
:1007100003EB430200EBC2014C881F46240430F96E
:100720003230F2D5BC4581ED028BEFD0AEF800300F
:100730003189BC4620F832105A1C3781E8D1634613
:10074000002BCDF800C0BFF6FBAE40BF05B0BDEC3E
:10075000028BBDE8F08F38F8393033813369EFF31D
:10076000108272B6D3E8CF0F01210028FAD1C3E876
:10077000401F0028F6D1BFF35F8F7388316928F8D6
:100780003930009B73800023C1E88F3F82F31088CB
:10079000C8E62846CDE9022300F032FA029A039B0C
:1007A00010EB020E43EB010A22E700BFAFF300801B
:1007B000FFFFFFFFFFFFFFFF00800B4060500020A6
:1007C00000000B40E104021008460B6902919847B3
:1007D0000028C0D00299D1E90023FEE62DE9F84FA8
:1007E000364C25692DB1BDE8F84F0A213448FFF792
:1007F0000FBEDFF8E4800321404600F0EFF9032646
:10080000C4F80C80FFF7A6F84FF0504C2D4B267023
:1008100003442361DCF800300F2163706369618059
:100820001D834FF00405A3F878504FF00505A3F899
:1008300090504FF00605A3F8A8504FF007050E2181
:100840004FF6FF7208274FF00A0EA3F8C0504FF082
:1008500001094FF00C0C4FF0020B4FF0090A0D206C
:100860004FF00B05A3F868111749A280A3F808E11F
:10087000A160A3F848B0A3F8F0A0A3F82051A3F812
:1008800038C1A3F85001A3F83090A3F86060A3F832
:10089000D8701A800D4B3046C8F820700C49DC60C7
:1008A000FFF726FB49463046FFF700FB094B0A21BC
:1008B0001F640348BDE8F84FFFF7AABDB830002019
:1008C0001462002040420020FFFF10006050002012
:1008D000E104021000200B4000000B40004870476C
:1008E000B8300020F8B59DF82050044617461E4643
:1008F00035B900F08DF9874266EB010100295CDB18
:100900002169EFF3108372B6D1E8CF0F01220028DE
:10091000FAD1C1E8402F0028F6D1BFF35F8FB4F9B8
:100920000220656902EB4201002A4FEAC10C2069EE
:1009300005EBC10139DB35F80CE0A4F802E04FF01B
:10094000000EC0E88FEF83F310884888069B0130C3
:10095000C0F30E00012838BF01200B61079B4880BF
:100960004B61C1E9027640EA02402369EFF310814E
:1009700072B6D3E8CF7F0126002FFAD1C3E8476FC4
:10098000002FF6D1BFF35F8FA38825F80C30A2802B
:100990002369C3E88FEF81F310880122E36821788F
:1009A00003F501538A405A60F8BD0022C0E88F2F3A
:1009B00083F310884FF0FF30F8BD2846F8BD00BF24
:1009C0000146F0B50069EFF3108772B6D0E8CF5F4B
:1009D0000124002DFAD1C0E8454F002DF6D1BFF318
:1009E0005F8FB1F902E04C690EEB4E0CBEF1000FC7
:1009F0004FEACC05086904EBCC0C3CDB665B4E800F
:100A00000026C0E88F6F87F31088BCF80200CCE99D
:100A100002230130C0F30E00012838BF0120059BDE
:100A2000ACF80200CCF81030069B40EA0E40CCF83F
:100A300014300B69EFF3108272B6D3E8CFCF0127E1
:100A4000BCF1000FF9D1C3E84C7FBCF1000FF4D129
:100A5000BFF35F8F8B886353A1F804E00B69C3E891
:100A60008F6F82F310880122CB68097803F5015358
:100A70008A405A60F0BD0023C0E88F3F87F310889A
:100A80004FF0FF30F0BD00BF03464089B0EB214F6F
:100A900037DD58690A1402EB420210B500EBC200C0
:100AA0001C69EFF3108C72B6D4E8CFEF0122BEF1CF
:100AB000000FF9D1C4E84E2FBEF1000FF4D1BFF3FF
:100AC0005F8F428889B292B28A4207D000221B69A6
:100AD000C3E88F2F8CF31088002010BD42F4004231
:100AE00042800121002218699971C0E88F2F8CF390
:100AF00010881C78DA68084602F50153A140596055
:100B000010BD0020704700BF2DE9F04306460D469A
:100B100083B0EFF30584E4B23CB12D4B5A6AAA428C
:100B20001CD2002003B0BDE8F0832A4FD7F80C9008
:100B300097F80080484600F063F808F1040859F877
:100B400028301B1A301A65EB0101984271F100013F
:100B500010DB20BF1E4B5A6AAA42E2D314BF012405
:100B600000249B6AB34234BF204644F0010003B026
:100B7000BDE8F08300F04CF8864265EB01010029E6
:100B800014DB154B3846CDE9003432462B46FFF7CF
:100B900017FF011E0ADD0E4B5A6AAA4216D39B6A42
:100BA000B34211D30B48FFF76FFFB6E7084B5C6AFF
:100BB000AC42B6D3641B18BF01249B6AB34234BF56
:100BC000204644F00100ADE7AA42EBD120BFE9E79F
:100BD00000000B40B8300020A104021010B4054BF7
:100BE000054C064AA04214BF1846581C5DF8044B39
:100BF000FEF71CBEF045002000800B4018D6021006
:100C00000346416A0A46986A596A8A42FAD170478D
:100C1000034B596A0A46986A596A9142FAD1704759
:100C200000000B4030B4154A536A9C46946A536ADC
:100C30006345FAD1021959414FF0000528BF01253B
:100C40000E4B5B6AB5B15A1C08BF1A4608D04FF06C
:100C5000FF310A460948436A8B42FCD38B4207D1D5
:100C6000064902E0486A984202D1886A9042F9D364
:100C700030BC70479942EDD8F0E700BF00000B4050
:100C800070B4039D04682D0345EA03451B4B002CFB
:100C9000B3FBF1F3B2FBF3F61FDB194A194B904299
:100CA00014BF4FF480424FF40042174C1A6003F512
:100CB00080531A60A36832EA0303FBD1212200F5B6
:100CC00040530433016086601A600268002AFCDA2F
:100CD0000822C5601A6070BC7047036803F03F03C8
:100CE0008B42DAD18368C3F30B03B342D5D1C36817
:100CF00003F4EE23AB42D0D1EDE700BF001BB700F9
:100D0000008005400020024000000240012300EB6B
:100D10004000800000F1804000F5841041600360D5
:100D2000704700BF002370B5DB8A04460D460022E1
:100D300042E800F2520254BF1021042144F2522032
:100D4000984786462B462246F446BDE870400A2165
:100D50004FF48170604700BF0023DB8A002242E825
:100D600000F2520201D4102118470421184700BF95
:100D700008B5034608462BB193FAA3F3B3FA83F3FD
:100D800041F020001946FFF7CDFF00BF034AD2F81B
:100D90002838002BFBD0BFF35F8F704700000E4058
:100DA0000021044B044ABFF35F8F43F8041B9342B6
:100DB000F9D170470C080E402C080E4010B44FF4C7
:100DC0008D704FF42A64064A064B07491460D060C0
:100DD00019605368002BFCDA5DF8044B704700BFC4
:100DE0000080044000A0044000B0FA0070B500F09C
:100DF0002DF90C234026194CFF22A3670E20184919
:100E0000FFF7A6F832460021164805F03DF9012506
:100E1000002380211348144A4184457006830687C5
:100E200082604360136042F8043C80F8213080F80F
:100E30003B3043620D4B4FF00056C360C362803BB2
:100E4000836206F009F94FF480320949094B2564A1
:100E50002846E664C4F89010DA6470BD00001150B2
:100E60001915002000490020840010500001105086
:100E700010D001000020115001210E20FFF716B8FC
:100E800000220248114600F001B900BF20490020AD
:100E9000044B197021B14FF40032034BC3F890207A
:100EA000704700BFD36D0020002011500B785B0607
:100EB00002D14B78052B00D070474B88014ADBB23A
:100EC0001360704700001150CB782DE9F04103F01A
:100ED000030EBEF1010FC3F301005BD0002791F8B0
:100EE00002C0344C0CF07F025600898806EBDC13FC
:100EF00004EB43134FEADC15D876C1F30A0185F001
:100F0000010083F802C019835870DF70D3008DBBD5
:100F10002948043304EB821C03EB0008CCF808805A
:100F20001F5082B3254BD2001344CCF80430244B1D
:100F30003F311A6821F03F01BEF1020F08BF49009E
:100F4000114419601F4B771904EB47179942FA6057
:100F50002BD82E4404EB4613D97E82F0A04282F4B3
:100F600080125B6842EA816242F000421A6001200E
:100F7000BDE8F081104804EB821C0344CCF8283013
:100F800040F832704AB900220F4904EB4513D9608A
:100F90005A60ECE70020BDE8F081D20002F1A042E7
:100FA00002F58012CCF82420C1E701F02BFEFA688C
:100FB000CFE700BF0049002080001050040010500F
:100FC000204F0020FF0F10500001105006F044B8D1
:100FD0008C4608B5114607481A460CF07F034FEAC5
:100FE000DC1C0CEB430C00EB4C1000F04FF8012024
:100FF00008BD00BF0049002011F07F0205D1002983
:101000000CBF02200120064B9866C909054B01EB75
:10101000420003EB40104FF40062002106F034B8A8
:10102000002011500049002011F07F0300D17047CB
:10103000002205485B0003EBD11300EB43106FF473
:101040000061C27006F020B8004900204FF08052C5
:1010500009480A4908B50A4B02600A609968C94301
:1010600011F08051FAD14FF48052064805F00CF887
:101070000922054B5A6708BD00200240003002409B
:1010800000000240000010500000115000234FF0FB
:10109000010C10B580F81AC08282C3820161044637
:1010A00006F012F820B14FF40032074BC3F890203D
:1010B000204605F0DDFF10B10123237710BD204647
:1010C000BDE8104005F0B8BF002011500020704767
:1010D0002DE9F0414FF000081C4D044642462B78A4
:1010E0001B4F1C4E0DE0336813EB421324D0DB681A
:1010F0002046984708F101082B785FFA88F293425E
:1011000006D39342A2EB0303EDD807EB4313EEE7BC
:1011100054220021104804F0B7FF4FF0FF330E486F
:101120002022041D4360C4E90133E360FF21BDE8D0
:10113000F041143004F0A8BF4FF0E023D3F8F03DA5
:10114000DB0700D500BEBDE8F08100BFD26D0020F6
:10115000540603101C3F00206C420020704700BF63
:10116000704700BF00207047002070470020704784
:10117000704700BF704700BF704700BF704700BF97
:10118000024B5878003818BF012070476C4200208D
:10119000024B1878C0F38000704700BF6C420020FB
:1011A0002DE9F047DFF8E49099F80030FF2B55D196
:1011B0000D4600293DD0002154220646294804F05E
:1011C00063FF0022284C294B20461A70FFF74CF988
:1011D000274B28481C60284CFFF754F9204601F0A3
:1011E000A1FB264A264B146023B12648AFF30080AA
:1011F000254B18604FF0000A224C53462278DFF846
:101200009080214F0DE03A6812EB431311D05B68D8
:101210007BB198470AF1010A22785FFA8AF3934278
:1012200011D89342EFD39B1A08EB43135B68002B52
:10123000EFD14FF0E023D3F8F03DDB0700D500BE3F
:101240000020BDE8F0872946304689F80060FFF7A6
:10125000CDFD0028EDD03046FFF70EFE0120BDE8A1
:10126000F08700BF6C42002064420020D46D002053
:10127000C0420020E4300020D0300020C4420020D2
:1012800000000000D26D00201C3F0020EC30002048
:10129000540603102DE9F04FDFF8B0928BB099F8A7
:1012A0000030FF2B00F0ED80A24CA34DDFF898A298
:1012B000DFF89CB226687369EFF3108272B6D3E848
:1012C000CF0F01210028FAD1C3E8401F0028F6D132
:1012D000BFF35F8FB261304607A901F069F90023BF
:1012E0007269C2E88F3FB36983F31088002800F069
:1012F000C8809DF81D30013B072B00F26B83DFE8AF
:1013000003F0A5AF939B8C350A04089B002BD1D02A
:1013100009989847CEE79DF8201001F07F0605EB6D
:10132000460000EBD11090F8343023F0010380F830
:10133000343090F8343023F0040380F83430002E39
:1013400000F0A280027D9AF800309A4280F09180ED
:101350007A4B1B6813EB421300F08C809E699DF85A
:101360002120099B9DF81C00B047A3E79BF80030A3
:10137000002B7FD09BF80030013BDBB28BF80030B4
:101380009BF8003003F0FF00002B93D16A4F9DF8CB
:101390001C803B7843F001033B7097F8343060F3D6
:1013A000000387F8343097F8343060F3820387F80D
:1013B000343097F8353060F3000387F8353097F80C
:1013C000353060F3820387F8353000F05BFC9DF820
:1013D000203003F06002602A66D0402A76D003F005
:1013E0001F03012B00F0B680022B7BD0002B5BD1BA
:1013F000202A00F0DB81002A56D19DF82130092BEC
:1014000052D8DFE813F0A20194015100B30151005A
:1014100087015D0151005201E5002B78D9077FF566
:1014200049AFFFF7ABFE45E7EB78DA077FF542AF50
:101430000898FFF795FE3DE72B78D8077FF53AAF80
:101440002878C0F3C000FFF797FE33E79DF81C0033
:10145000FFF73EFE00F00CFC9DF82030AB7029E752
:101460009DF81C00FFF734FE00F002FCFFF782FE3F
:1014700020E711D04FF0E023D3F8F03DDC0700D592
:1014800000BE0BB0BDE8F08F099B9DF821209DF8B0
:101490001C0000F00BFC0DE7294B5FE7E0F738FE7E
:1014A0000246002840F079814FF0E023D3F8F03D68
:1014B000DE0700D500BE9DF81C000021FFF79CFD53
:1014C00080219DF81C00FFF797FDF3E61D4800F012
:1014D000D9FB0121404608AAFFF7F8FD00287FF458
:1014E000E9AEE8E79DF8241011F0700FDCD101F0AF
:1014F0007F0607EB4600144B00EBD1101B78007DF4
:101500007600019698424FEAD11600964FD340F0EC
:101510005F810B4E002A00F05F81706900F0B2FB22
:1015200001214046736908AA984700287FF4C2AE9B
:10153000C1E700BFC44200206C4200201C3F0020D5
:1015400054060310CD100210D26D0020EC300020A4
:10155000D46D00209DF824300F2BACD8AA4A3B4410
:101560001B79127893422DD3A5D1A84E706900F053
:1015700089FB01214046736908AA984700287FF437
:1015800099AE9DF8203013F0600694D19DF821307B
:101590000A3B012B8FD800F075FB9DF821300A2BF8
:1015A00000F0F181404608A900F0F0FA82E6984B7D
:1015B0001B6803EB4016002A00F00E81002E3FF45A
:1015C0007AAFAAE7924A166816EB4316CED172E7B5
:1015D0007B789DF822609E4200F04C817B78002B46
:1015E00040F0BD817E70002E00F04281701EC0B2BE
:1015F000E0F78EFD0346002800F05E814278022A63
:1016000040F05A81C17903F10906C1F34012120179
:10161000C1F3801142EA41123146387820F030009F
:1016200002433A705A88CDF808809A180092009BBD
:101630008B4240F2A3814B780B2B00F0AE814FF030
:10164000010C042B40F038810023009A1E46521AE8
:1016500092B201926C4ACDF80CC012781DE06C4A2F
:10166000126812EB461800F02781019A0593029840
:10167000D8F8103004919847059B08280246049931
:1016800003F1010303D90198904280F0F8805E4A8B
:10169000DEB21278B242C0F00F81B242A6EB020273
:1016A000DDD85A4800EB4218DFE77B7840468DF8DA
:1016B0001A300DF11A02012308A900F081FAF9E5A8
:1016C000BDF82200030A013B020AC0B20E2B3FF60E
:1016D000F2AE01A151F823F0E918021089170210A7
:1016E00025190210B7140210B714021007190210BE
:1016F00089170210B7140210B7140210B7140210A1
:10170000B7140210B7140210B7140210B714021065
:10171000DB18021008A800F0BBFA40469DF8221022
:10172000FFF7AEFB3B7843F002033B70C2E5BDF828
:101730002230012B7FF4BFAE3B78404623F00803F4
:1017400008A93B7000F022FAB4E540463B789A08BD
:1017500002F00202C3F340131343ADF81A300DF147
:101760001A02022308A900F02BFAA3E5BDF82230E3
:10177000012B7FF4A0AE3B78404643F0080308A954
:101780003B7000F003FA95E5022A3FF487AEFFF7BD
:10179000EDFC024600283FF48EAE4046538808A96F
:1017A00000F00EFA00287FF485AD84E69DF8243021
:1017B0000F2B3FF680AE144A3B441B7912789342BC
:1017C0001DD2134A166816EB43167FF4A6AE72E6D6
:1017D000002A7FF470AE00269DF8212002F0FD0360
:1017E000012B17D0002A7FF45FAE019B009A3B4487
:1017F000134493F834304046C3F34003ADE77FF41D
:101800005AAE024E89E600BFD26D00205406031086
:101810001C3F0020BDF82230B3B9012A99F800001E
:1018200000F08880FFF7E8FB019B009A3B441344DB
:1018300093F8342042F0020283F8342093F83420E5
:1018400042F0010283F83420002E3FF433AD70697A
:1018500000F018FA7369012108AA40469847002051
:1018600000F010FA97F83530DF073FF523AD99E621
:10187000FFF780FC404608A900F088F91AE5DDF87A
:101880000CC0BCF1010F00F09D80BCF1000F00F016
:101890008A80002391F8028004E00671D8B2844562
:1018A00040F2818008EB030057FA80F090F804E0E2
:1018B0000133BEF1FF0FF0D04FF0E023D3F8F03D3D
:1018C000DA0700D500BE4FF0E023D3F8F03DDB0788
:1018D00000D500BE00237B70EDE5FFF743FC024618
:1018E00000287FF45AAFE6E5E0F70EFC0246002838
:1018F0003FF4DAAD4046122308A900F061F9002850
:101900007FF4D8ACD7E5FFF72FFC024600283FF460
:10191000D2AD4046137808A900F052F900287FF4B0
:10192000C9ACC8E5BDF82410E0F7F6FB0246002874
:10193000EFD1C0E50293FFF777FB019A009B3A4491
:101940001A4492F83410029B63F3410182F8341078
:1019500092F8341063F3000182F8341074E7002128
:101960004046FFF795FA4046FFF730FBBB7840460C
:101970000093FFF7ADFB009BBB7033E6DDF80880FA
:10198000FFF7F6FB76E74046012308A90DF11A029E
:101990008DF81A6000F014F98CE40B7891F803C00C
:1019A00019444B784DE633460F480392019100F0FD
:1019B00077FD0E4B01991B78039AB3421144BFF493
:1019C00036AE79E7D8F81000094B984208BF4FF0BF
:1019D000020C5EE74FF0E023D3F8F03DDB077FF524
:1019E00069AC00BE66E400BF80420020D26D0020DA
:1019F000D92002102DE9F84F0A9F002A40D00C464A
:101A00001E4615464FF0000ADFF87C90DFF87C8018
:101A100018E0204698F8021099F800B000F010FD88
:101A2000E0B121465846FFF74FFAF0B1A2780AF12B
:101A3000010AD10916BF0B9B3A701A702278AA4589
:101A400014441DD06278052A0FD1E17801F003011A
:101A5000B1420AD1A27812F0700FDAD04FF0E02331
:101A6000D3F8F03DDA0700D500BE4FF0E023D3F8FD
:101A7000F03DDB0702D40020BDE8F88F00BEFAE796
:101A80000120BDE8F88F00BFEC3000206C42002040
:101A900038B58B7813F0700F08D04FF0E023D3F8EF
:101AA000F03DDB0700D500BE002038BD074A084BDB
:101AB0000C46084691781D7800F0C2FC0028ECD056
:101AC00021462846BDE83840FFF7FEB96C420020A9
:101AD000EC3000200B46064A06481168DA09343219
:101AE00003F07F0302EB4303184400F063BC00BF24
:101AF000C04200206C4200200B46064A064811688E
:101B0000DA09343203F07F0302EB4303184400F098
:101B10007BBC00BFC04200206C42002010B51948B9
:101B200001F07F0C00EB4C0000EBD11090F834C0BA
:101B30001CF0010F08D04FF0E023D3F8F03DDA0796
:101B400000D500BE002010BD00F1300494F804C0A0
:101B50000D484CF0010C007884F804C0FFF738FA07
:101B60000028F0D14FF0E021227960F300022271C9
:101B7000227960F382022271D1F8F03DDB07E1D5D2
:101B800000BEDFE76C420020EC30002030B50B4C8B
:101B90000023A6468C46054608684968C4E9023316
:101BA000AEE803009CF800102846BDE83040C94369
:101BB0001A4601F08001FFF7B1BF00BF2C420020A0
:101BC0002DE9F041284F4FF00008BE468C460646EE
:101BD00008684968BA60AEE80300A7F80E801546A9
:101BE000BCF80620934228BF1346BB819AB11C461D
:101BF00033B3DDB197F90030402C28BF4024002BCF
:101C000029DB414623463046184AFFF787FF68B173
:101C10000120BDE8F0819CF800101346C94330460E
:101C200001F08001FFF77AFF0028F1D14FF0E023A7
:101C3000D3F8F03DDB0700D500BE0020BDE8F08101
:101C40001A46397801F0800123463046FFF766FFD7
:101C50000028DDD1EAE722462946044804F088FF3F
:101C60008021024AF0E700BF2C420020EC41002016
:101C70000022034BC3E90022C3E902221A61704724
:101C80002C420020014B1861704700BF2C420020FD
:101C900030B40246044C0025234600685168C4E96C
:101CA000025530BC03C370472C42002070B53D4C38
:101CB000C90922780646B1EBD21F1D4682B017D063
:101CC00053B14FF0E023D3F8F03DDB0702D40020FE
:101CD00002B070BD00BEFAE72146FFF7E7F82369BE
:101CE0001BB12246032130469847012002B070BD47
:101CF00094F90030002B06DBA0680028E7D02A46C4
:101D0000294904F035FFE089A168E388284480B2BE
:101D100029448342E081A16016D03F2D14D9A289C5
:101D200094F90040131A9BB2402B28BF4023002C8B
:101D300027DB90424FF0000131D01B4A3046FFF7BD
:101D4000EDFE0028D1D1BCE7236923B10221304642
:101D5000144A984760B121780023C94330461A4697
:101D600001F08001FFF7DAFE0028AAD00120BDE7CC
:101D700001463046FFF740F980213046FFF73CF935
:101D8000B3E7904208D01A460748019304F0F0FEEA
:101D90008021054A019BD1E780210022CEE70A4637
:101DA000CCE700BF2C420020EC4100202DE9F0419F
:101DB0000446FFF7E5F908B9BDE8F081FFF7E8F957
:101DC00005460028F8D14FF4127304FB03F3134EB9
:101DD000F718F9780029EFD010331E44304600F090
:101DE000D5FB3F28E8D92846F978FFF773FE00288D
:101DF000E2D0304600F0CAFB3F28F97808D9084AFB
:101E0000284602EBC4124023BDE8F041FFF786BE2E
:101E10002846BDE8F041FFF76FBE00BFA43F002099
:101E2000203F002010B50446FFF7AAF908B90020AA
:101E300010BDFFF7ADF90028F9D14FF41272034B32
:101E400002FB0433187900F0010010BDA43F00200C
:101E50004FF4127208B5034B02FB003000F07CFB1C
:101E600008BD00BFB43F00202DE9F8434FF6FF73D3
:101E70004FF412749A4228BF1A4600FB04F4DFF8AC
:101E8000788004F110054544064692B2284600F0D9
:101E9000D9FB0746FFF774F910B93846BDE8F88357
:101EA000FFF776F981460028F7D1A04498F803306F
:101EB000002BF2D0284600F069FB3F28EDD94846B8
:101EC00098F80310FFF706FE0028E6D0284600F039
:101ED0005DFB3F2898F8031007D9064A484640237F
:101EE00002EBC612FFF71AFED7E74846FFF704FEDB
:101EF000D3E700BF203F0020A43F00202DE9F041A0
:101F00000446FFF73DF910B90020BDE8F081FFF766
:101F10003FF905460028F7D14FF4127604FB06F688
:101F2000DFF8648006F124074744384600F014FBCC
:101F30000028E9D0B044284698F80210FFF7CAFDFF
:101F40000028E1D00F4E384606EBC4163146402239
:101F500000F078FB98F80210044668B10346324658
:101F60002846FFF7DBFD50B94FF0E023D3F8F03DF2
:101F7000DB07C9D500BEC7E7FFF7BEFDC4E72046B3
:101F8000C3E700BF603F0020A43F002038B54FF6F4
:101F9000FF754FF41273AA4228BF2A460A4C92B228
:101FA00003FB00440546204600F00AFC0346204699
:101FB0001C4600F0D1FA3F2801D8204638BD2846FB
:101FC000FFF79CFF204638BDC83F00204FF4127237
:101FD00008B5034B02FB003000F0D8FA08BD00BF83
:101FE000C83F0020F0B5002483B04FF412720021E6
:101FF000184804F049F8FF234FF4E131082216484D
:10200000047014480094074643718160827300F1A4
:10201000380101234FF48072103000F06DFA012373
:102020004FF4807207F59C71009307F50E7607F167
:10203000240000F061FA07F510753046FEF714FA37
:102040002846FEF711FAC7E90746C7E90C5403B062
:10205000F0BD00BFA43F0020A03F00200A4A116B42
:10206000136A61B13BB10023C2E90C33D361002391
:102070001362012070470120C2E90C337047002B26
:10208000F7D0D161F3E700BFA43F0020002210B5D4
:102090000E4C0F48237802600271DA0707D59B07C0
:1020A0000BD5BDE8104001210A4800F057BC1030A4
:1020B00000F038FC23789B07F3D4064800F032FC8C
:1020C000BDE810400121034800F048BCA03F0020BB
:1020D000A43F0020C83F0020F0B54B7983B0022B0D
:1020E00002D18B79022B03D00025284603B0F0BD26
:1020F000274FBB783BB14FF0E023D3F8F03DDB072F
:10210000F2D500BEF0E78B7806463B700B78CC1812
:102110006178242908BF092507D036E023781C44BC
:1021200061782B4424299DB207D1AA42F6D200201F
:10213000FFF73CFE284603B0F0BD0B46052916D03C
:10214000042BF4D163790A2BF1D1124B2778019338
:1021500001330093022330461A46E119FFF74AFC87
:102160000028C8D00E3517FA85F5ADB2DFE7214655
:102170003046FFF78DFC0028BDD0A3787B70237814
:102180005A191C44637895B2DAE70B460925D5E75E
:10219000A43F0020A63F0020137803F06003202B0B
:1021A00008D170B5264C938894F800C09C4503D0A4
:1021B000002070BD002070475378203B032BF7D8D8
:1021C000DFE803F027230D0201292ED003291ED1B9
:1021D0001C4BE3B100205188AFF3008017E00129C8
:1021E00023D0032913D15588174805F0010686F03E
:1021F0000101257100F0B2FB144B43B131460020C0
:10220000C5F34002AFF3008001E0012911D00120A5
:1022100070BD01290DD00329F9D10D4B002BF6D04B
:1022200000200C49AFF30080F1E71146FFF7AEFC48
:10223000EDE711460723074AFFF7C2FCE7E700BFB7
:10224000A43F002000000000C83F00200000000064
:1022500000000000AC3F00202DE9F843354E0C464D
:10226000F27807468A421D463DD0B3788B4212D0A1
:102270004FF0E023D3F8F03DDB0732D40020BDE877
:10228000F8832D4B23B12D4800F076F900284DD06E
:102290000020FFF78BFDB378A34201D00120EEE7C9
:1022A000274B13B10020AFF300800020FFF726FE7C
:1022B0000028F3D1234800F04FF90028EED1002D7B
:1022C000ECD015F03F05E9D13846B178FFF702FCB4
:1022D0000028E3D02B462A463846B178FFF71EFC8B
:1022E000DCE700BECAE79AB2174906F1100000F019
:1022F00067FA164B002BC4D07379FF2BC1D0002D89
:10230000BFD0DFF8448008EB050902E0C845B8D02B
:10231000737918F8012B9A42F8D1084800F02CF98B
:102320000028F3D17179AFF30080EFE7AFF30080BD
:10233000AEE700BFA43F002000000000B43F002033
:1023400000000000C83F0020203F002000000000E7
:1023500010B582B0C9B101280CD80B7853B1144C18
:10236000012B235402D0012002B010BDFEF718FF4C
:102370000028F8D14FF0E023D3F8F03DDB0702D47A
:10238000002002B010BD00BEFAE70124084601A9F2
:10239000ADF80440FEF704FF38B94FF0E023D3F85E
:1023A000F03DDA07EDD500BEEBE7014B1C70E8E726
:1023B00060420020F8B5037813F001041AD10378C5
:1023C00005465A07C3F3800701D52046F8BD0E46DF
:1023D0004FF0FF31304604F02BFE2B7813F0010450
:1023E0000BD12B785B0709D42B78012443F004032D
:1023F0002B7003E000242046F8BD3C46304604F034
:102400002FFE2046F8BD00BF70B50C4605464FF0C4
:10241000FF31204604F00CFE2B78C3F380065B07E7
:1024200008D52B7813F0010311BF00262A7863F337
:1024300082022A70204604F013FE304670BD00BFB1
:10244000C378828803F003000228C2F30A0215D081
:1024500003280AD001281CD1022940F2FF3308BF0B
:102460004FF4806393420DD37047022914BF402379
:102470004FF48063934205D30120704702290AD0AC
:10248000402AF9D94FF0E023D3F8F03DDB0700D51F
:1024900000BE00207047B2F5007FEDD0F2E700BF2C
:1024A0000A44914226D291F801C0BCF1050F05D033
:1024B00091F800C061448A42F5D8704700B591F8A0
:1024C00002C00CF07F0E00EB4E0E4FEADC1C0EF843
:1024D0000C3091F800C061448A4209D991F801C0DA
:1024E000BCF1050FEBD091F800C061448A42F5D8E9
:1024F0005DF804FB704700BF2DE9F041B2F5004FD5
:102500009DF8188024D80446C06817460E461D461C
:1025100018B14FF0FF3104F08BFD206918B14FF076
:10252000FF3104F085FD0022C5F30E03E06843EAA5
:10253000C83362812660A780E380228108B104F05D
:102540008FFD206908B104F08BFD0120BDE8F0810A
:102550000020BDE8F08100BF038942899BB292B29E
:102560008088934236BFC2EB40029B1A9B189BB2F5
:10257000984228BF184670470289438990B29BB29F
:10258000C01AB0FA80F04009704700BF0389428941
:102590009BB2808892B2934236BFC2EB40029B1A34
:1025A0009B189BB2984286BFC01A80B20020704729
:1025B00038B5044600690D4618B14FF0FF3104F0FC
:1025C00037FD2189638989B29BB2A288994236BFBF
:1025D000C3EB4200C81A401880B250B3824209D2FD
:1025E00091422CBF891A89188BB29A42638103D811
:1025F0009B1A9BB29A42FBD9E2882168C2F30E0271
:1026000002FB0311284604F0B3FA6189012589B25F
:102610004B1C9BB29942A2880ED9002302FA05F105
:102620005B1A9BB22069638108B104F019FD28464A
:1026300038BD054663899BB2B3EB420F4FEA4201B6
:10264000F0DBEDE72DE9F047064600698846914644
:1026500018B14FF0FF3104F0EBFC338974899BB261
:10266000A4B2B588A34236BFC4EB45071F1BFF18B1
:10267000BFB2002F4AD0BD4240D3B94528BFB946AA
:10268000A5421FFA89F703D8641BA4B2A542FBD95F
:10269000B6F806A02B1B31689BB2CAF30E029F420C
:1026A000924602FB041123D913FB02F31FFA83F9AC
:1026B0004A4640467D1B04F05BFA621912FB0AF29F
:1026C000316808EB090092B204F052FA7289B588B9
:1026D00092B2D3199BB29A421AD96A009B1A9BB242
:1026E0003069738108B104F0BBFC3846BDE8F0875F
:1026F000404607FB02F204F03BFAE7E7AB422CBF8F
:102700005B1B5B199CB22F467481B6E773899BB241
:10271000B3EB450F4FEA4502E2DBDFE7F8B50446CD
:10272000C0680E4618B14FF0FF3104F081FC2589D6
:10273000238961899BB289B2A2888B4236BFC1EBE3
:1027400042015B1A5B189BB29A42ADB208D8E77996
:10275000FF0905D1E06808B104F082FC3846F8BDF5
:10276000954228BF2B4618D39B1A9BB29342FBD2AB
:10277000E2882068C2F30E0202FB0300314604F037
:10278000F7F96B1C9BB29D42A28812D9002351001D
:102790005B1A9BB201272381DCE7E2882068C2F341
:1027A0000E0205FB0200314604F0E2F90135A28871
:1027B000ABB2B3EB420F4FEA4201EBDBE8E700BFFD
:1027C0002DE9F04F174683B0002A75D00646C06841
:1027D000894618B14FF0FF3104F02AFCF379B6F8BE
:1027E00008807289DB09B5881FFA88F892B23DD15A
:1027F000904536BFC2EB4502A8EB0202424492B2BA
:10280000AA425ED2AA1A92B2BA4228BF3A4697B2F8
:10281000A7EB050B08EB070AF3881FFA8BFB1FFADF
:102820008AFAA845444603D3641BA4B2AC42FBD247
:102830002D1B3068ADB2C3F30E02BD4202FB040093
:102840005AD3494607FB02F204F092F9B288D04508
:102850004FEA420302D8BAEB420F03DBAAEB0303B1
:102860001FFA83FA3D46A6F808A02BE0AF4232D209
:10287000904536BFC2EB4503A8EB020343449BB22D
:1028800069003B44A7EB050B8B421FFA8BFB0DDB6A
:1028900002EB050A1FFA8AFAAAEB07081FFA88F862
:1028A00042453CD9A8EB01011FFA81F807EB080A61
:1028B0001FFA8AFAF388B4E71546284603B0BDE844
:1028C000F08F0025F0680028F7D004F0C9FB2846F7
:1028D00003B0BDE8F08F002DF4D0F3887F1B02EB2E
:1028E000050A9046C3F30E0202FB07994FF0000B56
:1028F0002F461FFA8AFA94E715FB02F5ADB2494656
:1029000001922A4604F034F9019B5C4414FB03F461
:10291000306809EB0501A2B204F02AF996E74145B7
:10292000C0DDC7E710B50446C06818B14FF0FF31ED
:1029300004F07EFB206918B14FF0FF3104F078FB02
:102940000023E0686381238108B104F089FB2069DA
:1029500008B104F085FB012010BD00BF38B5044666
:10296000C0680D4618B14FF0FF3104F061FB2069DB
:1029700018B14FF0FF3104F05BFBE379E06865F3D9
:10298000C713E37108B104F06BFB206908B104F0D0
:1029900067FB012038BD00BFF8B5054606200E468E
:1029A000FDF770F8002842D0354A3648954214BFEA
:1029B0004FF080624FF00062334B344902601A607E
:1029C0008C6832EA0404FBD12D4B4FF48071EB1A72
:1029D000B3FA83F32E4A5B09062022F81310FDF7A1
:1029E00051F8C300B3FBF6F30133DA0920D14026D6
:1029F00001216962AA622F6BFB0722D42B460022B9
:102A000053F82C1F062003F5805422602F63FDF736
:102A100039F840F2013103228000B0FBF6F0EB6A96
:102A200083F0700303F07E0323602963AA64F8BD7A
:102A30004FF6FE718A421BD922464FF6FF71154EA2
:102A4000D7E740F2013205F540531A636B6AAC6A6E
:102A5000062004EB8314FDF715F80F4BA402A3FB2B
:102A60000023DB0A0021B4FBF3F0FEF7DBF8C5E737
:102A7000C3F34503114603EB82161A46B9E700BFBC
:102A80000080074000200240003002400000024069
:102A9000A46C0020C0FF3F00757B2B8FF8B5044667
:102AA00006200D46FCF7EEFFC300B3FBF5F3013340
:102AB000DA0908D04FF6FE718A421AD900224FF681
:102AC000FF711B4D01E0402501216162A262266B6E
:102AD000F30715D42346002253F82C1F062003F5D4
:102AE00080531A602663FCF7CDFF8000B0FBF5F041
:102AF000F8BDC3F34503114603EB82151A46E4E71C
:102B000040F2013204F540531A63636AA76A062053
:102B100007EB8317FCF7B6FF064BBF02A3FB0030A1
:102B2000C00A0021B7FBF0F0FEF77CF8D2E700BF47
:102B3000C0FF3F00757B2B8F013A0539D200F8B5F5
:102B4000054642EA411443B1A3F10103B3FA83F30A
:102B50005B0944EA830343F002042E6BF3070AD4B3
:102B60002B4653F82C2F624002F06E0203F580537F
:102B70001A602E63F8BD40F2013205F540531A6326
:102B80006B6AAF6A062007EB8317FCF77BFF054BE8
:102B9000BF02A3FB0030C00A0021B7FBF0F0FEF734
:102BA00041F8DDE7757B2B8FF8B5066B0546F3071B
:102BB0004FEA01140AD42B4653F82C2F544004F04A
:102BC000100403F580531C602E63F8BD40F20132FF
:102BD00000F540531A636B6AAF6A062007EB831750
:102BE000FCF750FF054BBF02A3FB0030C00A0021D9
:102BF000B7FBF0F0FEF716F8DDE700BF757B2B8F13
:102C0000704700BF08B50148FCF7DCFD98D60210FC
:102C100038B5054C054DAC4204D254F8043B9847F6
:102C2000AC42FAD338BD00BFD87002101871021040
:102C300010B40748074C084B084A094904601A6059
:102C40008B6832EA0303FBD15DF8044B704700BF89
:102C5000002002407F3BEFEF00300240F6FFF3031D
:102C600000000240044BDB6CB3F5004F03D14FF47E
:102C70008022024BDA64704700001150002011508E
:102C80004FF0E022044BD2F8881D0B43C2F8883D78
:102C900010EE3004704700BF030330006FF0604156
:102CA000044B054A19609368DB4333F06043FAD163
:102CB000704700BF003002400000024010B545F2EE
:102CC0005320FEF749F8BDE810400346042018479A
:102CD00010B545F25320FEF73FF8BDE8104003461B
:102CE00001201847FCF75ABE10B5054B054C4FF4B0
:102CF00088721846A16803F03BFFA06010BD00BFBA
:102D00000000002000ED00E0002370B52B4C82B0E5
:102D1000C4F88430FEF752F80122294BDA63636C61
:102D2000012BFCD10321264A244B11639C6B012CFF
:102D3000FCD10226052521460523224A2248009679
:102D4000FDF79EFF21462B46204A21480095FDF7BE
:102D500097FF0022042031461E4BFCF72BFE214634
:102D6000284600221C4BFCF725FE002208201146B5
:102D70001A4BFCF71FFE002209201146174BFCF7E7
:102D800019FE002206201146134BFCF713FE002209
:102D9000114B07201146FCF70DFE0420FCF772FED4
:102DA00000240F4BA3FB0035AD0CE0B229460134E3
:102DB000FDF7ACFF062CF8D102B070BD0000014059
:102DC00000300140002F685900000540008C864704
:102DD00000800540001BB70080D1F008006CDC02C9
:102DE00083DE1B4386B003B451FC0804CDE9020125
:102DF00051FC0904CDE9040151EC0A04CDE90601B6
:102E000003BCF047BDE800504EEC00C4BDE80050E4
:102E10004EEC01C4BDE800504EEC02C400BD000001
:102E200000B5FFF7DFFF02E010FE30F4F8D441EC0C
:102E3000100443EC112400EE010410EE010480EEB6
:102E4000200451EC1004704700B5FFF7CBFF02E0FF
:102E500010FE30F4F8D441EC100443EC112400EEE1
:102E6000010410EE210480EE200451EC3004704780
:102E700000B5FFF7B7FF02E010FE30F4F8D410B54C
:102E800041EC100443EC112451EC040453EC0524F0
:102E9000A0FB024C5FF0000EE0FB03CEE1FB02CE94
:102EA0004CEC20440024E1FB03E444EC30E480EEED
:102EB000200451EC5004BDE81040704700B5FFF706
:102EC00091FF02E010FE30F4F8D441EC100443EC22
:102ED000112451EC2104A0FB01126FEA820252FB83
:102EE000100052FB12F252FB1000A0EBD07C53EC0E
:102EF00004245CFB13F153EC1524A1FB022001FB1D
:102F0000030053EC4424A2EB000050FB1CF24FEAF8
:102F1000111312EB017043EBE27140EA515020EAC9
:102F2000915020F0070053EC7524A0FB023C53ECB9
:102F3000752400FB03CC01FB02CC53EC0424ACEB66
:102F4000824C40EA5C70A0F1010041EC400480EE4C
:102F5000200451EC7004704700B5FFF743FF02E016
:102F600010FE30F4F8D441EC100480EE220410EE90
:102F7000B2047047404261EB410140F2F334B1FAD0
:102F800081F20C2A0CD2153211FA02F3C2F120029E
:102F9000D04021FA02F12244584141EB02517047DE
:102FA00069B1C2F12B0230FA02F3C2F12002914062
:102FB00090401943A4EB020201EB0251704701005B
:102FC0004FF00000A4F12004D9D17047012767F326
:102FD0001F5117FA03F817D0A0FB080701FB08716F
:102FE000A1FB06785FEAD8469219A6FB047806FB97
:102FF0000588090351EA1051D7EB003061EB080155
:10300000A94238BF70470BE00C33012717FA03F8C9
:103010000FD0A0FB080701FB0871A94238BF704719
:1030200008BFA04238BF7047001B61EB05010132A9
:10303000704703F1200311FA03F6D3F12003D840BF
:10304000D94030437047000000000000000000003D
:103050000453B1086018850FC8E5F22A6E07271ED1
:103060000D12B2210412572F12557CBCDA30723F78
:1030700017A717A55531994E9D0DBF0AEEE0AB5F1E
:10308000E3EF6D9C7636AD6F697BCCE33D62BD7E30
:10309000F0810682F3FA428F37D5B78A5313C89E60
:1030A0007FABB320491570AF0000000000000000A6
:1030B000025E88155580FF00907806B1A602FE01D9
:1030C000DC4E21F0EB88FB027A7C801F1615F8039A
:1030D0003C5DA9D110A9F304AA466CF5C146EE05E2
:1030E000FF65E4EB09F0E70613C00C9EC3A6E007FA
:1030F000E1BFEC91C46CD808D5AF5EFFDC43CF09CB
:10310000466A72E4D72DC50A237E6E197B2CBA0B52
:10311000BFF571648741AE0C61DFB88CB86EA10D4C
:1031200009A9856DC5B5930E3153B1086018850F97
:103130003071E498359875105915550580FF0F00CA
:1031400009C3EB8F80FB2F00B1910E9A82F34F00E1
:103150001FE7FD2287E76F00C3A09A298FD78F0052
:103160004F4366AC9BC3AF00412A83A9ADABCF00F0
:103170004FB7B41EC68FEF00B6815F09E66F0F012F
:10318000678589660E4C2F011A52DA3240244F01AE
:10319000483A9B6A7CF86E01FF81B709C4C88E016A
:1031A0009C8DBC0B1895AE017010DA6B795DCE0169
:1031B0003A3BE224E921EE0138739533427FECA0DB
:1031C0003114FAF5BD8689916B02FAE6E0F291833B
:1031D000E682120713A85177212621686AB2736A22
:1031E0009D0DBF0AEEE0AB5F19B4E0B71CB66A54A0
:1031F0009596E53DEF07A548D1CBE555DC0E4E3C55
:10320000CE68ADE839B5A432CB3CFA96D9569A28A7
:10321000C9B21CA1F9FCAE21864B6BE58AD2F0162F
:103220000453B1086018850F02C00C9EC3A6E007C6
:103230000000000000000000AC79CFD1F71772B198
:10324000293BAAB84FEAC12040F00040490043F1B1
:10325000200340F20001C3F6F071C3F10B0320FA22
:1032600003F038BF7047404261F1000170475FEAE8
:10327000D17CC1F30A53A3F2FF330C2B62DA13F1B2
:10328000200FDFDD2DE9F0413C4C70CC4FF0000207
:10329000FFF79CFE1CF0010F04D06FEA0202201A17
:1032A00065EB010102F2FE3C40F2FE739C455CD2EC
:1032B0000A0F334B03EBC2030CCB02F03F0545F082
:1032C0004005801A99410A0E2E4B03EBC20318CB1E
:1032D00002F580725543C01AA1414A0D2A4B03EBF7
:1032E000C20318CB124402F5805205FB0255C01AE6
:1032F000A1418A0252EA905242F1000282FB02345A
:103300005B0D53EAC423C01841EB545184FB0234D3
:103310004FF0553383FB043454FB11F304EB930457
:1033200010EB440241EBE473E900A1FB0240C1FB56
:103330000301400A50EBC1504FEA512151EB0C51AF
:10334000BDE8F081B3F5806F07D150EA01320CBFC0
:1033500021EAE17141F400217047002000211CF0B6
:10336000010F08BFC7F6F07170474FF000004FF033
:103370000001A8BFC7F6F071BDE8F0813832021035
:1033800048300210A83002103831021040F200011B
:10339000CFF6F0710020704750EA013218BF41F4B7
:1033A000002170477FEAA65540F019814FF4805400
:1033B00020E18CEA11331B0640F0EE80BCF1000FD7
:1033C00067D1C90451EA5031C004B1FA81F4202C0C
:1033D0004BD20125A540A0FB052301FB0533A0FB33
:1033E00003C5A1FB02C6E1FB6356B2EB152263F1F4
:1033F0000003B2EB066273EB1623A0FB06C7A1FB2A
:1034000005C8E1FB66784FF05535A7FB05C65FF0B0
:10341000000CE8FB056C16EB0C064CF1000C12EBF3
:10342000963243F1000312EB8C4243EB9C3358FB82
:1034300011F55FF0333755FB11F656FB17F8A5EB86
:10344000581756FB11F5C2F6802656FB15F507EB0B
:103450001537B2EB472063EBD751C4F58064A4F174
:103460001504FFF78CFDBDE8F081B0FA80F410FA86
:1034700004F1A0FB01234FF00000B0EB132061F139
:103480000001C4F58064A4F13504FFF778FDBDE8C0
:10349000F081890451EA90318004404261EB41019E
:1034A000B1FA81F4202C4ED2013C0125A540A0FBAD
:1034B000052301FB0533A0FB03C5A1FB02C6E1FB0D
:1034C000635612EB152243F1000312EB066253EB35
:1034D0001623A0FB06C7A1FB05C8E1FB66784FF0E9
:1034E0005535A7FB05C65FF0000CE8FB056C16EB35
:1034F0000C064CF1000C12EB963243F1000312EB78
:103500008C4243EB9C3358FB11F55FF0333755FB8E
:1035100011F656FB17F805EB581756FB11F5C2F6D6
:10352000802656FB15F507EB153712EB472043EBCA
:10353000D751C4F58064A4F11504FFF720FD41F0D4
:103540000041BDE8F081B0FA80F410FA04F1A0FB6C
:1035500001234FEA1320C4F58064A4F13504FFF77A
:103560000EFD91F00041BDE8F0815FEA410CBFF42F
:103570000DAF5FEA5C5C3FF409AFACF2FF3CBCF519
:10358000806F3FF409AF012262F31F512DE9F04132
:10359000BCEBEC7F3FF40DAF0C0C4E4D05EBC405BE
:1035A00095E80C0002F03F0505F14005A5FB00067B
:1035B00005FB01616FEAE14404F01F04464D05EB91
:1035C000C40560CD521943EB060304F58074A4FBD7
:1035D000000604FB01667FEA26643FF4E3AE3F4D3C
:1035E00005EBC40522CD521843EB050341F201055A
:1035F00005EB44046404A4FB0050C4EBC401E4FBE9
:10360000060180EAE17481EAE175A5FB0567A4FB88
:1036100005487F084FEA360616EB080647F1000713
:103620008C0254EA905444F10004801B61EB0701C2
:1036300054FB14F555FB14F655FB15F74FF05534B4
:1036400056FB14F6B6EB173610EB860041EBA6716D
:10365000101A63EB0101224A24CA1CF1010C0BDD94
:10366000A2FB0C230024E5FB0C34121A8B4164F1FD
:1036700000045FF080410CE0DCF1000CA2FB0C23A5
:103680000024E5FB0C3482184B4144F100045FF048
:1036900040414CB91C0013000022B1F100711CB96B
:1036A0001C000023B1F10071B4FA84F5A5F11D06E8
:1036B000A1EB0651AC4013FA05F0C5F12005EB4033
:1036C0001C43EA401043C00A50EB445041EBD42164
:1036D000BDE8F08138310210A830021038310210F4
:1036E000383202100B5C7325A974F50329B5FA0171
:1036F0000015FC7FEB2FAA0054D9440CC8D2210638
:103700001F60DA7F3663E842CFD3D9133C5EEA0903
:10371000F0889D7F2FC46D04D9860A1C1F17FE0DEB
:10372000D09E3B7FA79B50EC3EF5EB23BCE7E61118
:10373000C7EFBD7ED21C9C03B212F12B46F5DC15FF
:1037400049771E7ECA057A3DF493F23314C0CB1933
:103750009CAC5F7DA0A0EF7A1D32193C1D22C61DD6
:103760002F2F7D7CB50FFB1270EF5044530CC121FD
:103770003522787B5C8D6B4745A0F14B18DC6A25C0
:1037800016AD687AC14069576DD9EA5339163629A2
:103790003C2D2F79DFEA4ED38942B35BD639E02C3A
:1037A0002526E0776950EA31D9071164C0D3C430C7
:1037B00070625876CB5667F3B3A2FD6B1C7E6834FB
:1037C000227AC7740EED7A2F3175E073CCE7FA37A1
:1037D00027111C73C08EC4FC0E79147C0EA7A33B6A
:1037E0008ECD417113B7043B8F7B5483D489D23E75
:1037F000EBD8856F9A365B13D96F0B8CD4EA944261
:10380000A3EF516D5F52CA4A26D33994706E0A46AF
:103810004005236B8340C441340B0E9C3DB04849A6
:1038200007EFF168BF086DA3FD6179A485F2B14C83
:103830009D847A663616F8C8D247E5AB1E22A24FA1
:103840002F623664ADC9C8D0E1ADFEB32470C35257
:1038500086AFA461730E73646A35FEBB28F0C5554C
:10386000A3A3025FC6A58CB055B912C40892BA587A
:10387000A394415C90005354372DB0CB19F46E5B88
:10388000D88E9359367C8DA16E3CAAD325022E5E2C
:10389000FC32AF56D0C7A248F619FFDB3253F360B3
:1038A0007EED9253949AAD7AE1AD22E4CADF8E6345
:1038B000C72B7350FF15EF19BD85FBEBBB18FA65DD
:1038C000C7615C4DBD960F7E494B4CF4F7816F6824
:1038D000E617024AEB09EF1DFDBD4DFCC4D2B26AEA
:1038E00013E4B446D2F1000CBCF1200A4ADA63F3C7
:1038F0001F51042F3CD2DAF1000A21FA0CF320FA0E
:103900000CF201FA0AF942EA0902C90251EA5051DD
:10391000C002A2FB0394A2FB0395E3FB6345A0FB5B
:103920000592A1FB0493E1FB6523A2FB0596A3FB93
:103930000498E3FB65684FF0AA39A2FB09A40025AF
:10394000E3FB0945641955F100054FF03339A6FB37
:103950000923B4EBC30465F10005B0EB440061EB4F
:103960004501A1EBD471CCF58064A4F1180441E1C8
:10397000DAF1000A11FA0AF430FA0CF031FA0CF11B
:10398000204371E0042F03D291EAC771BDE8F08FA4
:1039900063F31F518AF3060A31FA0AF0002110E19D
:1039A00049085FEA30000022002300264FF08047DC
:1039B00086E041F30A540020002114F1010F43D1A5
:1039C000C3F6F07140E0C3F30A5400200021DCBBD1
:1039D00017F0040F38D017F0020F0CBF0637063F60
:1039E00032E01000190051F400217047012A43EB26
:1039F000030C1CF5001FF4D8012841EB010C1CF549
:103A0000001FF0D82DE9F04FCF0F21F000411B002F
:103A100006D50A3723F000438B420AD8063F02E05E
:103A20008B4206D8063714001D0002000B00200050
:103A3000290043F30A5414F1010FBAD0C1F30A5418
:103A4000002CC0D0FFF73EFA4FEA11520123B2F525
:103A50007D723FF547AF63F31F51012303FA02F371
:103A6000A0FB030401FB034180B40A0CB2F5807F84
:103A700096D302FB02F348F65C14624341F2272519
:103A80009B0B03FB1522B2F54C12520E5C4B03EB61
:103A900002133CCB5B085FEA3202A4FB00C600279E
:103AA000E4FB016716EBC57647EB5507A5FB00C0A5
:103AB0005FF00008E5FB0108B0EBC47068EB54014F
:103AC0008C0144EA9064FD0B94FBF5F404FB04F5CF
:103AD00003EB842384FB05894FEA094A4AEA184A22
:103AE0005AFB15FA4FF0663C5AFB15FB5AFB1CFAC1
:103AF00044F6251CC0F2120C5BFB1CFB4FF0553C3E
:103B0000ABEB2B3BAAEB0B0A12EB4A1243EBEA633B
:103B1000A8FB0C5A4FF0000BC9FB0CAB1AEB0B0ABD
:103B20004BEBEB7BB2EB0A0263EB0B03E402A4FB6F
:103B3000005848BFA8EB00084FEAE879C4FB0189A8
:103B4000A4FB065A48BFAAEB060A4FEAEA7BC4FB6D
:103B500007AB16EB080647EB0907B0EB0A0061EB71
:103B60000B014FF0FF34BD0BB4FBF5F4C50A55EA69
:103B7000415554FB05F54FEAD60646EA4776A5FBC4
:103B800006B84FEAD70A48BFA8EB060805FB0A8823
:103B900012EB057243EB2513A0EB080080FB0489B0
:103BA0005FEA983848EA894868FB170012EB680218
:103BB00043EBE87304FB00F412EBE43043EBE471F5
:103BC00080BC49085FEA30004FEA877680EAE670F9
:103BD00081EAE67146F21A12C1F2B4024EF651536E
:103BE000C6F287434FEA9706E6FB020106FB031184
:103BF0004FF47D74FFF7C3F991EAC771BDE8F08F08
:103C0000E43602102DE9F04101292DED028B08EE7A
:103C1000100A50D001EBD1756D10012D0C463CD02F
:103C20000E460029B8BFCE1CB610012E4ED00F464E
:103C30000029B8BFCF1DFF10012F44D088460029AE
:103C4000B8BF01F10F084FEA2818B8F1010F40D0B2
:103C5000A1F120031F2B3FD90021FFF7D3FF07EE6F
:103C6000900A67EEA77A18F0010F67EEA77A01D0E5
:103C700067EE887AF80767EEA77A01D567EE887A4B
:103C8000F10767EEA77A01D567EE887AEA0767EE53
:103C9000A77A04D567EE887A01E0F0EE487AE30768
:103CA00067EEA77A01D567EE887ABDEC028B17EE36
:103CB000900ABDE8F081F0EE487ABDEC028B17EE79
:103CC000900ABDE8F081F0EE487AD9E7F0EE487A44
:103CD000DCE7F0EE487ACDE7F0EE487AC3E700BFC4
:103CE000021E38B50C4618DAC1F3C7537F3B0846AD
:103CF00010D4D3F117030DD44FF0010C0CFA03FCD0
:103D00000CF1FF3C1CEA010F04D1172B24D0D84042
:103D1000C30721D402F10042104607EE904AFDEE9F
:103D2000E77A12F0FF4317EE901A1DD0B3F1FF4F60
:103D30001AD0C2F31603BBB9D20D7F3A01F30801C2
:103D400001FB02F303F17F02002A37DDFE2A37DC94
:103D5000DB0503F17E5038BD214602F10040FFF73C
:103D6000BFFF00F1004038BD91B101F12003402BAD
:103D700011D8002908DA07EE100AF7EE007AC7EE2C
:103D8000877A17EE900A4942BDE83840FFF73ABFFC
:103D90004FF07E5038BD03F057F9FFF7E6FB0246BF
:103DA0000D462046144603F04FF922462B46FFF7F6
:103DB00063F8FFF75CFAFFF7D3F838BD002038BD91
:103DC0004FF0FF4038BD00BFB7EE007A07EE900A13
:103DD000F4EE477AF1EE10FA32D011F0FF4238B526
:103DE0000C460B4629D0FFEE006AF4EE667AF1EE3F
:103DF00010FA26D1B2F1FF4F1FD040F27F10574981
:103E0000E20DFF2A60D040F2FF1C624558D012F04C
:103E1000FF020BD07F3A5BD4C2F11702002A05DD06
:103E2000012000FA02F2013A1A4251D12146BDE8BE
:103E3000384017EE900AFFF753BF17EE100A38BD4F
:103E4000704710F0FF4F01461AD1002C4FEAD452B0
:103E50001DDB7F3A19D4D2F1170216D4012191400B
:103E60000139214211D1172AE9D09FED3D7A24FA78
:103E700002F212F0010F47FE277A17EE900A38BDC2
:103E8000C00DFF283BD1002C0CDA002038BDD2B287
:103E90007F3A07D4D2F1170204D4012090400138B0
:103EA000204202D04FF0FF4038BD172A03D024FA39
:103EB00002F2D007F6D501F0004040F0FF4038BDD7
:103EC000C0B27E28EED9E0E7C0B27E28DDD9E9E7AE
:103ED0000029E7DB17EE900A03F0B6F8FFF745FB81
:103EE00002460D462046144603F0AEF822462B4605
:103EF000FEF7C2FFFFF7BBF9FFF732F838BD40F21B
:103F0000FF15A8424FEAD4527FF47BAF002C11DB9F
:103F10007F3AC7D4D2F11702C4D4012191400139AC
:103F20002142BFD1172A03D024FA02F2D207B9D511
:103F30000C4838BDD2B27F3AA7D4D2F11702A4D42C
:103F400001219140013921429FD1172A03D024FA3F
:103F500002F2D30799D54FF0004038BD000080BF72
:103F600000000000000080FFC0F3C752FF2A30B5F8
:103F7000C1F3C7543AD0CCB3C50F12B9CDBB0020A2
:103F800030BDA242FCDBC0F31600C1F31601121BC8
:103F900040F4000041F400012ED04FF0FF3ECB1161
:103FA000BEFBF3FE0C2A9446A8BF4FF00C0C431244
:103FB0000EFB03F300FA0CF0A2EB0C02CCF11D0C8B
:103FC00043FA0CF301335B10002A01FB1300E9DC18
:103FD000814214DC401A814200DC401A05B14042A3
:103FE000C4F19601BDE8304000F058B84FF0FF40F2
:103FF00030BD4FF0004030BD8842EFDBEDE70028D8
:10400000ECDA401848BF4018E8E700BF002200295A
:1040100080F2A980404261EB4101B1B3B1FA81F372
:10402000083B16D4994010FA03FCC3F1200320FA90
:1040300003F040EA0100A2EB0302C2F195021CEB7F
:104040000C0C40EBC25040F0004020D0FE2A16D2AB
:10405000704703F1210311FA03FC5CEA000CC3F181
:10406000210321FA03F0A3EB020202F1B50240EBB7
:10407000C25040F000400AD0FE2A38BF70474FF0CF
:104080000040A8BFCFF68070704711460AE028BFF5
:1040900020F00100FE2A38BF7047F0E7002880F2C8
:1040A00033804042B0FA80F3083B0CD4984001EBD7
:1040B0000302C2F1950200EBC25040F00040FE2A1C
:1040C00038BF704713E003F1210310FA03FCC3F17A
:1040D000210320FA03F0A3EB010202F1950240EB69
:1040E000C25040F0004008D0FE2A38BF70474FF061
:1040F0000040A8BF40F0FF40704728BF20F00100FB
:10410000FE2A38BF7047F2E720B3B0FA80F3083BCD
:104110000AD4984001EB0302C2F1950200EBC250B1
:10412000FE2A38BF704711E003F1210310FA03FCA7
:10413000C3F1210320FA03F0A3EB010202F195027F
:1041400040EBC25007D0FE2A38BF7047ACBF4FF0DB
:10415000FF400020704728BF20F00100FE2A38BF32
:104160007047F3E7002289B3B1FA81F3083B14D416
:10417000994010FA03FCC3F1200320FA03F040EA4F
:104180000100A2EB0302C2F195021CEB0C0C40EB08
:10419000C2501ED0FE2A14D2704703F1210311FA37
:1041A00003FC5CEA000CC3F1210321FA03F0A3EB4A
:1041B000020202F1B50240EBC2500AD0FE2A38BF1B
:1041C0007047ACBF4FF0FF40002070471146FFF72B
:1041D0009BBF28BF20F00100FE2A38BF7047F0E7E0
:1041E000000000000000000000000000DB60BE28AE
:1041F0004A059193F4D5097F70374D7D66A5D83671
:1042000010E4104FAFF224024B1102EB830201F0D5
:104210001F034FF001049C40A4FB0034D568A5FBAC
:104220000456956805FB0466E5FB0356556805FBD7
:104230000366704700000000410201D150F00040C9
:1042400050F480007047F0B5012363F3DF50C1F1F3
:1042500009014FF07E07FFF7D5FFB30F53F10003BD
:104260009C44B6EB8376B20028BF5242B2F1805F25
:104270000BD20231FFF7C6FF96EA260242F1000296
:10428000B2F1805F01D2023FF3D50A4CA2FB0424B5
:10429000B4FA84F29440240AA7EB020244EBC25021
:1042A000C10DD1F17F01F60F00EBC673BDE8F04000
:1042B00073E00000A2DA0FC911F1800FBCD030EA20
:1042C000CC7248BF0CF1020C20F0004000EE100A46
:1042D0000DA2F2EC032A22EE802A11F1080FB9FE9A
:1042E000422AB0DDA2EE630AA2EE430A10EE103AB3
:1042F000FDEEC21AC3F3C752782AA4D3D2F17F01CC
:1043000011EE902A944448E083F9223F7A7795B6DB
:104310000010C93F07B5C0F3C751FF2925D000F0F1
:1043200032F8BDE80640CEF800000ED2C9438CEA50
:10433000D17C63EEA02AE1EE032A73EE622A12EE2C
:10434000900A80EACC70106000BD8CEAD17C21EE2E
:10435000232AA3EE602A8CEAD37133EEC22A12EE2E
:10436000100A80EAC170106000BD4102BDE80E4035
:1043700001D150F0004050F4800010601860704788
:104380005FF0000C01E05FF0010CC0F3C751A1B376
:10439000D1F17F0190D920EACC7323F0004000EEE8
:1043A000100AC0F38440203030FA01F1834A51F101
:1043B0000001B2EC024A02EB810202EBC102D2EC34
:1043C000032A70EE620A20EEA01A5FEA5C0C61EE2E
:1043D000201A15D221EE041A61EEA41A70EEE10A39
:1043E00021EE232AA3EE602A8CEAD37133EEC22A8F
:1043F00012EE100A80EAC170704700F00040C7E773
:1044000061EEA41A70EEE10A21EE041A63EEA02A0E
:10441000E1EE032A73EE622A12EE900A80EACC7073
:10442000704700BFAFF30080C1FEFF3E25AA2A3EC1
:10443000000000000000803F0000000061C9FC3C5B
:10444000CDE07F3F1CBFFC3C7605813DFE7D7F3F7C
:104450009EEF803D090CBF3D0FE37E3F22C5BE3D70
:10446000B624FF3D14047E3FE27BFE3D13071F3E52
:1044700048EB7C3FA0631E3E6D30403E1D817B3F7C
:1044800015103F3EA2AD603ECFDC793F3EE15E3E7F
:104490007B0D803EFA08783F96717D3E6E988F3E88
:1044A00065FF753F68B88D3EF4E19F3E939E733F74
:1044B000FD4B9D3EC654B03EAEF7703FB3DDAC3E03
:1044C000C589BF3E604B6E3F0A1ABB3E26C4CF3E35
:1044D000CA356B3F631CCA3EF254E03E66D1673F6B
:1044E0000739D93EDDF0EF3E4B66643F1641E73EAB
:1044F000312B003F8894603F0FC3F53E07E4073F30
:10450000A2C55C3F2B99013FC51F103F8F7D583FCF
:1045100065A1083F8AF6173FB534543FCA310F3FB3
:10452000E2FF1F3F599B4F3FD7C8153F4606283F24
:104530006BCF4A3FC4371C3F4130303FE0B9453F65
:10454000E49A223FA71D383FCA98403F20A6283F43
:104550002FC73F3FAC763B3F4A562E3FDB13483FC9
:10456000CCB6353F6B52343F79C74F3F2F35303F84
:10457000D0B4393F52DD573F70412A3F912D3F3F24
:1045800026CE5F3F9F3E243FC35D443FF125683FF9
:1045900050C21D3F1C9D493FE13B703F4150173FBA
:1045A000BF7E4E3F7810783F71ED103FAF06533F0E
:1045B000D4F47F3FA75A0A3F9B64573F2844021018
:1045C00001B5C0F3C751FF2921D0FFF7DCFE0099E8
:1045D0000ED263EEA02AE1EE032A594073EE622A5E
:1045E00082EE820A10EE100A58BF80F0004002BD31
:1045F00021EE232AA3EE602A594033EEC22A82EE2E
:10460000220A10EE100A48BF80F0004002BD4102AD
:1046100001D150F0004050F4800008BD10B50446B0
:1046200001F022FA28B10346034A2344934200D8FA
:1046300010BD0248FBF7C6F800000820A4D60210FF
:1046400038B504460D4600F0E3FE05FB04F428B13E
:104650000346044A2344934200D838BD0248FBF77E
:10466000B1F800BF00000820A4D6021001F004BA7F
:1046700000B9704700F018B910B5094B84B01C6838
:104680004CB1034600914FF0FF3203A90548A04703
:10469000012004B010BD00F049F9204604B010BD5F
:1046A000D04D00207146021000BEFDE7074A0346C8
:1046B000106838B1064903448B428CBF4FF0FF307D
:1046C00013607047034908461160F3E7E44800208F
:1046D00000000820F06D002008B5FFF7E5FF00BFDF
:1046E00038B5064C064DFEF793FAAC4204D254F8A6
:1046F000043B9847AC42FAD338BD00BF1871021092
:104700002071021003680846114618472DE9F04150
:104710001546427D07468846002A46D0002D1DDDFD
:104720000B780A2B23D0012D4FF0000C18D04646F1
:10473000012416F8012F21460A2A04F1010422D08F
:10474000A542F6D165450BDC08EB050313F8013CE7
:10475000A3F10D03B3FA83F35B093B75BDE8F08168
:104760003B68A5EB0C0108EB0C009847ECE7037DD8
:10477000002BD8D1036802210F489847012DE3D0C0
:104780004FF0010CD3E716F8013C0D2BD8D08C4527
:1047900008EB0C00A1EB0C0101DA3B689847022101
:1047A00005483B689847A446CAE7294640463B6807
:1047B000BDE8F041184700BFC80603102DE9F047D7
:1047C00082B00D4691461C460646FCF721FA4FF092
:1047D000FF3C6FF000472E4A821841F100039445D8
:1047E00077EB03013CBF62463B462A4802F050FC8F
:1047F0006B1C804640D00CB3274F284B1C68B4B1CB
:10480000B9F1000F1CD1DFF89C9001E0246974B16C
:104810002368002BFAD0D9F800300BB19C42F5D1B7
:1048200020462A463146B8472469002CF0D1B8F119
:10483000000F26D1284602B0BDE8F087184FDCE70C
:104840004FF00A0ADFF85C9002E02469002CEED0F9
:104850002368002BF9D0D9F800300BB1A342F4D172
:104860002A4631462046B847012220460DF107016D
:104870008DF807A0B847E8E7304602F0EFF90546A3
:10488000B9E7044802F0ECFB284602B0BDE8F08727
:1048900040420F00083700200D47021098460020C4
:1048A00005470210C8460020F0B583B006468DF8D3
:1048B0000700FCF7ADF94FF0FF356FF00044174AE1
:1048C000821841F10003954274EB03013CBF23467B
:1048D0002A46134802F0DCFB124B07461C689CB1C9
:1048E000114D01E024697CB12368002BFAD02B68BC
:1048F0000BB19C42F6D1204601220DF10701FFF7D2
:1049000005FF2469002CEFD117B9304603B0F0BD84
:10491000034802F0A5FB304603B0F0BD40420F0053
:104920000837002098460020C846002038B50446C5
:1049300002F094F9012305461A4620462946FFF75E
:104940003DFF084B1C682CB163682BB19847246964
:10495000002CF9D1284638BD2469002CF4D1284612
:1049600038BD00BF9846002000B545F247308BB0F7
:10497000FCF7F2F901220346092101A89847DDE975
:104980000332044912BA1BBAC1E900230BB05DF827
:1049900004FB00BF10510020012901F1FF3300F09A
:1049A000B3805D490A784FEA121C9F2A8CBF0CF134
:1049B000370C0CF1300C012B80F800C000F0A78000
:1049C00002F00F02092A8CBF37323032022B4270BC
:1049D00000F09D804A784FEA121C9F2A8CBF0CF190
:1049E000370C0CF1300C032B80F802C000F08F80E4
:1049F00002F00F02092A8CBF37323032042BC2700A
:104A000000F085808A784FEA121C9F2A8CBF0CF137
:104A1000370C0CF1300C052B80F804C077D002F075
:104A20000F02092A8CBF37323032062B42716ED00A
:104A3000CA784FEA121C9F2A8CBF0CF1370C0CF17C
:104A4000300C072B80F806C061D002F00F02092A53
:104A50008CBF37323032082BC27158D00A794FEAF6
:104A6000121C9F2A8CBF0CF1370C0CF1300C092B57
:104A700080F808C04BD002F00F02092A8CBF3732F1
:104A800030320A2B427242D04A794FEA121C9F2AD6
:104A90008CBF0CF1370C0CF1300C0B2B80F80AC0DA
:104AA00035D002F00F02092A8CBF373230320C2B7E
:104AB000C2722CD08A794FEA121C9F2A8CBF0CF14B
:104AC000370C0CF1300C0D2B80F80CC01FD002F00D
:104AD0000F02092A8CBF373230320E2B427316D0A8
:104AE000CA7911099F2A8CBF373130310F2B81735E
:104AF0000DD002F00F02092A94BF30323732102B4A
:104B0000C27318BF103002D00023037070471844DE
:104B100000230370704700BF1051002010B50446F9
:104B200004F12F4404F56004084B240D82B0A40066
:104B300000932246E31C0648FAF7A4FE8442CCBF49
:104B40004FF0FF30001B02B010BD00BFE0D60210D6
:104B5000F44500202DE9F84F0D460646FAF74AFEC7
:104B6000012395F8048095F905C006F12F4E3D4FBD
:104B70000EF5600E03FA08F34FEA1E5EBCF1000F5B
:104B800057F82E1003F1FF33C8F120043CDBA44595
:104B900003DC03FA0CF20A4206D04FF0FF34FAF7B6
:104BA0003BFE2046BDE8F88FD6F86821EC79002A54
:104BB0004AD162073AD4644603FA0CF30B403CD165
:104BC000B8F1000F19D02A68A2F1020939F802AF32
:104BD0000CEB0308BAF5005F08F112080CEB0A0BA6
:104BE00035D246F828B02A7901339A42EED801230B
:104BF0009340013B03FA0CF3194347F82E10FAF7E0
:104C00000BFE2046BDE8F88F002C02DA15E0013CCF
:104C100013D303FA04F20A42A446F8D1D6F86891F5
:104C2000EA79B9F1000F19D15207C5D56FF00A041E
:104C3000FAF7F2FD2046BDE8F88F6FF00804FAF7A6
:104C4000EBFD2046BDE8F88FE407B4D5EEE746F863
:104C500028A02A7901339A42B8D8C8E7D207ABD541
:104C6000E4E700BF884300202DE9F041D0F8684117
:104C70009DF81860121B1F2A38D84EF29F044EF27E
:104C800080054FF4003801EB410C002E18BF25467B
:104C900000EBCC0404F5435400EBCC0C052BDCF802
:104CA000DC704FEA410EDCF8CC60C4F80C800CD903
:104CB0005401053B44F0A0540532052BCCF8DC40F0
:104CC00002F01F02CCF8D850F2D8714400EBC101B9
:104CD0000020520142EA8363C1F8DC30C1F8D850A9
:104CE000C1F8DC70C1F8CC60BDE8F0816FF0040061
:104CF000FAE700BFF0B5012504688D4024EA0504F9
:104D00000460B3B31C6801EB410C00EBCC0CCCF895
:104D1000C8409C68CCF8D0405C68CCF8CC40DB68DC
:104D2000CCF8DC304FEA410C0CEB01034FF00135BD
:104D300000EBC30C4FF0004600EBC30E01230EF551
:104D4000865E0C1D01F108078D40CEF8106003FA55
:104D500004F4CEF8106002F01F028560BB4000F53D
:104D6000005004600EF1100E03600020CCF8D82033
:104D7000F0BD4FF480374FF440264FF4F83501EB87
:104D8000410400EBC404C4F8C8704FEA410CC4F8F5
:104D9000D060C4F8CC50C4F8DC30C5E72DE9F04F42
:104DA00081460E469B4687B05A4D5B4FDFF87481B3
:104DB00003922C0DA4F20254A40035602246002177
:104DC00056480097E31CFAF75DFDA04203DB001B89
:104DD00044B2002C09DAA5F580154545E9D1002338
:104DE0001846336007B0BDE8F08FFAF703FD4FF0C7
:104DF000010C316899F804A0D1F8683199F905E0FF
:104E000001F12F43464A03F560031B0D0CFA0AFC1F
:104E1000BEF1000F52F82320059304900CF1FF3CE3
:104E2000CAF120035FDB9E4543DC0CFA0EF313420C
:104E30003FD1D1F8683199F80700BBB3C00737D428
:104E40000CFA0EFC1CEA020C32D15B46D346DDF8AC
:104E50000CA0BBF1000F1AD0D9F80000023830F8CE
:104E6000025FB5F5005F0EEB050630D20EEB0C05C8
:104E7000123541F8256099F804500CF1010CAC454D
:104E8000EDD30121A940013901FA0EF10A43059839
:104E90002349CAF8004041F82020C3F800E00498F4
:104EA000FAF7BAFC012007B0BDE8F08F4307C7D579
:104EB0000498FAF7B1FC3168184801F12F4101F567
:104EC0006001090D04EB8101FAF71CFD83E70EEB8D
:104ED0000C06123641F8265099F804500CF1010CDA
:104EE0006545BCD8CDE7002B02DAE1E7581CDFD0DE
:104EF0000CFA03F010429E4603F1FF33F6D1D1F8CD
:104F0000680199F8073010B95B0799D5D0E7D80741
:104F100096D5CDE700004050E0D60210F4450020C1
:104F20008843002000001050B0F58C7F03D0044B64
:104F30001B6813B11847012070471846704700BF1F
:104F4000B86C002010B50446054B1B68984704B1A7
:104F500010BD04490448BDE81040ECF731BE00BF65
:104F6000644F002004D702100CD702104388B3F519
:104F70008C7F03D01D4B5B680BB3184710B50446FC
:104F800090F8DA0082B0C3071BD410F008000ED0EE
:104F9000D4ED207AF5EEC07AF1EE10FA06D49FED4A
:104FA000147AF4EEC77AF1EE10FA1DDD272094F89A
:104FB000DA3023F0090384F8DA3002B010BDFF20A4
:104FC0007047606FE9F78EF860B1D4ED1D7AFCEEA2
:104FD000E77ACDED017A9DF80430022BE6D894F8FB
:104FE000DA00D2E70220E2E70020E0E7B86C002018
:104FF000000034432DE9F04F89B0A2B11578022D9D
:1050000011D8DFF8E08018F8054044B9437E074620
:105010009B0604D42F4B42695B5D9A4208D0204620
:1050200009B0BDE8F08F0024204609B0BDE8F08F3C
:1050300000220E46DFF8B0902749DFF8B0E009EB18
:1050400085130DF1040C99635A63DA63BEE80F000F
:10505000ACE80F009EE807004FEA851A09F80A60DD
:105060008CE807003B6A2246384601A99847044667
:1050700060B37B6A83B10AF1040ECE4407F1300BB2
:10508000F44638687968BA68FB6810375F45ACE861
:105090000F000EF1100EF3D1104B324653F82530AD
:1050A00001210020F9F772FD01230D4A08F80530AF
:1050B00013780133DBB2AB421370B0D9002109EB96
:1050C0000A0319F80A00D963F9F76EFD18F80540CC
:1050D000A5E700BFDC06031000003443CC06031034
:1050E000E36D0020A0430020645F0020E006031071
:1050F0004B88B3F58C7F04D0404B9B6803B11847B5
:105100007047D1ED1D7A30B52DED028BFCEEE77ABC
:105110008FB0CDED037A9DF80C500C46022D0CD8C3
:10512000374B585D48B904A900914FF4A0420121C2
:10513000344B8DF81050F9F787FC94F8DA30324A86
:105140001B07127816D4954210D23048AB0100EB01
:1051500085118A6A002A4ED004331844904708EE1D
:10516000100AB5EEC08AF1EE10FA14DA0FB0BDECF9
:10517000028B30BD9542F9D2244BAA01D4F880109D
:10518000985C03EB8515E9630FB0BDEC028BBDE8BD
:105190003040F9F709BD1E4B04AC93E8030084E8E6
:1051A00003002846E8F7FEFD0546204601F056FDBF
:1051B0002946204401F052FB0346164D07CD1860E6
:1051C00059609A60022118EE100AE8F70FFE0546B2
:1051D000204601F043FD2946204401F03FFB0346F1
:1051E0000D4D07CD0D4D186059609A602046D5F8D9
:1051F000C0309847BAE791ED0F8AB2E7B86C00204B
:10520000A0430020F54F0210E36D0020645F0020F2
:1052100018D7021020D702102CD70210F83900201E
:1052200010B40B4B0B4C03F1F80207CA84E80700DB
:1052300009490A4A186EC3E93E12094C09490A4A4B
:10524000C3F8004108605DF8044B1A66704700BF60
:10525000D0380020B86C0020294F02106D4F02108A
:10526000F1500210644F0020454F021040F2191314
:10527000984203D0034B1B6813B1184701207047B5
:1052800018467047C46C002010B50446054B1B68D7
:10529000984704B110BD04490448BDE81040ECF73C
:1052A0008FBC00BF684F00205871021068D70210F1
:1052B00040F2191342889A4203D01E4B5B6893B1A7
:1052C000184710B590F8DA30044603F00903092BAB
:1052D00082B00AD01C2094F8DA3023F0090384F855
:1052E000DA3002B010BDFF207047406FE8F7FAFED9
:1052F00008B90220EFE7D4F88000E8F7F3FE0028B1
:10530000F7D0D4ED1D7AFCEEE77ACDED017A9DF869
:105310000430022B0CD8D4ED207AFCEEE77ACDEDE8
:10532000017A9DF80430012B8CBF27200020D2E7A2
:105330002720D0E7C46C002040F21912B1F802C057
:10534000944504D0104B9B6803B118477047D1EDCA
:105350001D7AFCEEE77A82B0CDED017A9DF804204B
:10536000022A0ED8D1ED207AFCEEE77ACDED017A53
:10537000064B9A5C9DF80430003B18BF012343ECB8
:10538000402002B0704700BFC46C0020FC06031030
:1053900038B5184B184C03F1F80207CA84E8070027
:1053A0001649174A186EC3E93E121649164A174C99
:1053B00008601A20C3F800411A664FF00105FAF799
:1053C00031FD1A2345EC44304FF0000444EC4030EA
:1053D0001B20FAF727FD1B2345EC443044EC4030FA
:1053E0001C20FAF71FFD1C2345EC443044EC4030F0
:1053F00038BD00BFD0380020C46C00206D520210B0
:10540000B1520210684F0020895202103953021025
:10541000024B0A460146186800F002B80035002029
:1054200038B5A1FB021434BB00F02EFB054630B3A7
:1054300050F8042C22F00302043A242A0CD8132A30
:105440000FD91B2AC0E9004412D9242AC0E902441A
:1054500018D000F1100205E0214600F015FE2846A4
:1054600038BD024600232846C2E90033936038BDA8
:1054700000F10802F6E701F027FA0C23036000258B
:10548000284638BD00F11802C0E90444EAE700BF2D
:105490002DE9F04F1D4640EA020399B083469B0771
:1054A000009240F0DF82171F18BF012700230493EA
:1054B000009B5B000793009A062902FB01F35A4404
:1054C0000BEB030006920592029040F26781009A6E
:1054D0004FEA51090729A3EB020302FB09B90BEBC1
:1054E00003040FD0282900F2F4812646DA46494603
:1054F0005046A847002831464846C0F2DE81A847FA
:1055000000284ADD002F51D1DBF80030D9F8002007
:10551000CBF80020C9F80030059B4FF000099A46EF
:105520000393009BC3F100084B46A1461E46A245CB
:1055300052465FD859465046CDF804A0A8470028E7
:10554000019A40F3FB804B460192A1461C460BE0BA
:10555000D9F800202168C9F80010226044440126CF
:10556000C144CA4500F28F8059464846A8470028E2
:105570002CDBF5D1002FEBD0012F76D0009B2146FC
:105580004A4609EB03061378087802F8010B01F884
:10559000013BB31A002BF6DCE0E731465046A84742
:1055A0000028C0F29481B146002FADD0012F00F049
:1055B000FC815B4605981A7899F8001003F8011BE6
:1055C00009F8012BC21A002AF5DCA5E72346019A47
:1055D0004C469946002F40F0A180DAF8003022684E
:1055E000CAF800202360009B9A4444440126524696
:1055F000A2459FD933464E469946B9F1000F4AD08D
:10560000039BAAEB0300A3EB0B018142A8BF014659
:10561000002940F02581029B341B991B009BC91A6D
:10562000A14228BF2146002940F09D81029B84426F
:10563000A3EB040605D82246334604465E461046D0
:105640009B46009B984240F2F280049A072A00F29F
:105650007A81B4FBF3F4B0FBF3F118AB03EBC203B4
:1056600043E91064531C049325E7009B20464A46F7
:105670009E08013E13680168002E42F8041B40F8A2
:10568000043BF6DC6AE7334626464C46019A9946C7
:10569000B9F1000FB4D1029B059A934231D9009B16
:1056A000069E5C429846DDF81C90B34525D20196D3
:1056B00007E0DAF800203168CAF8001032605E4571
:1056C0001AD9B246264451463046A847002813DD71
:1056D000002FEED0012F53D0324606EB090C9AF87A
:1056E000003011780AF8011B02F8013BACEB0A0309
:1056F000002BF4DC5E45E4D8019E4644029BB34295
:10570000D3D8049B002B00F08180049B18AA013B96
:10571000049302EBC30353E910B1CCE6012F009BC5
:1057200020D09A4423461178187802F8010B03F828
:10573000011BAAEB02010029F5DC56E702D0009B11
:105740009A44F4E6002F7BD10399DAF800200B6825
:105750000A60CAF80030009B1944009B012603919F
:105760009A44E4E698082346013811681E68002828
:1057700042F8046B43F8041BF6DC009B9A4434E7C0
:105780004FEA980032460138DAF8003011680028F4
:105790004AF8041B42F8043BF5DC90E790421646B9
:1057A000AFD9009BDDF81C905C429846B34525D2EA
:1057B000019607E0DAF800203168CAF8001032607C
:1057C0005E451AD9B246264451463046A8470028BD
:1057D00013DD002FEED0012F1BD0324606EB090C53
:1057E0009AF8003011780AF8011B02F8013BACEB83
:1057F0000A03002BF4DC5E45E4D8019E4644029B7C
:10580000B342D3D8049B002B7FF47FAF19B0BDE81F
:10581000F08F4FEA980032460138DAF8003011680C
:1058200000284AF8041B42F8043BF5DCC8E7009B5B
:105830009C427FF666AF009BB346B4FBF3F13AE6B9
:10584000012F00F0A280039B009959181878167850
:1058500003F8016B02F8010BC81A0028F6DC7CE79C
:10586000022FAAEB010C40F0C7805944DE469EF897
:1058700000309CF800800EF8018B0CF8013BA1EB86
:105880000E03002BF3DC029B341B991B009BC91AEF
:10589000A14228BF214600293FF4C8AE029B5E1AF0
:1058A00001EB0A03117896F800C002F801CB06F864
:1058B000011B991A0029F5DCB8E6A8470028FFF675
:1058C00021AE31465046A8470028FFF66CAED146BF
:1058D00018E6C908584602FB01F60BEB060A7300EE
:1058E0000BEB460851460193A84700284146504615
:1058F000C0F2A180A84700286CDDA9EB0603494649
:1059000009EB060818460193A84700284146484677
:10591000C0F29C80A847002855DD7300A4EB030863
:10592000464440463146A84700282146304658DBC9
:10593000A84700283FF7DBAD21464046A84700288E
:1059400058DB2646D3E5009A2B469046B0FBF2F191
:105950005846FFF79DFD44457FF6D7AE009BB34602
:10596000B4FBF3F1A7E5029B022FA3EB010697D04E
:105970008B088446013B11683068002B42F8040B09
:1059800046F8041BF6DC604650E6009B9808039B33
:10599000013819681668002843F8046B42F8041BA4
:1059A000F6DC0399009B1944D7E6009B99085B46F7
:1059B00001391A68D9F80000002943F8040B49F8A6
:1059C000042BF5DCA8E541460198A847002846DBF2
:1059D000C146A2E741465846A847002834DBC246E4
:1059E0008BE7A8470028FFF682AD21464046A8472E
:1059F0000028A6DB46467AE58B088046594696463F
:105A0000013B0A68DCF80000002B41F8040B4CF85D
:105A1000042BF5DC029B341B009940469B1B72460D
:105A20005B1AA34228BF23461946002B3FF4FEAD64
:105A3000029B5E1A9CE7A8470028FFF65EAF41462E
:105A40005846A8470028CADBDA4656E7A847002888
:105A5000FFF663AF41460198A8470028B8DBDDF8A0
:105A600004905AE7022721E5024B0146186800F02E
:105A70000BB800BF00350020024B0146186801F04A
:105A800077B900BF0035002001F10B03162B2DE97B
:105A9000F04F074683B023D8102900F2AF8000F002
:105AA000AFFA102518230220BA4E33445C68A3F1E4
:105AB0000802944200F056816368384623F00303DD
:105AC000D4E902122344CA6091605A68083442F053
:105AD00001025A6000F09AFA204603B0BDE8F08F48
:105AE000002B23F00705C0F28980A94200F28680CE
:105AF00000F086FAB5F5FC7FC0F07B826B0A00F0FF
:105B00008480042B00F26281AB0903F1390003F1B8
:105B1000380EC3009F4E3344A3F1080C5C68A445C3
:105B200007D10DE0002AE16880F216818C450C4611
:105B300006D0636823F003035A1B0F2AF2DD704678
:105B4000DFF868823469444500F0F280636823F02E
:105B5000030CACEB05030F2B00F37481002BC6E99B
:105B6000048880F26381BCF5007FD6F804E080F001
:105B7000FF804FEADC0301224FEA5C1C013302FA8A
:105B80000CF256F833104EEA020E06EBC302083A46
:105B9000C6F804E0C4E9021246F83340CC60831032
:105BA0004FF0010C0CFA03FCF44534D81CEA0E0F3C
:105BB00007D120F003004FEA4C0C04301CEA0E0F12
:105BC000F9D006EBC00A8146D646DEF80C300BE071
:105BD0005A681C46DB6822F00302511B0F2900F3B0
:105BE0000181002980F215819E45F1D109F1010959
:105BF0000EF1080E19F0030FE7D158E10C233B60BA
:105C00000024204603B0BDE8F08F4FF4007340201D
:105C10004FF03F0E7EE7B468636823F00309A9459F
:105C2000A9EB050302D30F2B00F385805A4B082004
:105C30001B6803F1100804EB0903009300F04AFE0F
:105C4000564AA84483461368013305D008F1FF384B
:105C50004342804403EA08084146384600F022FEE9
:105C6000B0F1FF3F82464D4A00F0078104EB090383
:105C7000834200F200814A4B0BF1FF3C186840441C
:105C8000186000F064811168013100F06C8104EB50
:105C90000902AAEB020202441A601AF00702CDE9D7
:105CA000002300F02781C2F10802384692445A448A
:105CB000D04408EA0C01521A02EA0C0B594600F0D3
:105CC000F1FD421C019B00F06A81A0EB0A0000EB91
:105CD0000B08186848F00102B442C6F808A05844FE
:105CE000CAF80420186017D0B9F10F0F40F23E81B6
:105CF0006168A9F10C024FF0050C22F0070201F0D7
:105D0000010111430F2A616004EB0201C1E901CCDA
:105D100000F24D81DAF80420224B54461968814282
:105D200038BF1860204B1968814238BF1860A6E060
:105D3000D6F804E033E7621945F0010543F00103AA
:105D4000083444F8045C3846B260536000F05EF9F1
:105D5000204603B0BDE8F08FA26823443846D160E6
:105D60008A60B2E6DC68A3427FF4A6AE0230E7E6C2
:105D7000BCF5206F4FEA5C2276D3142A00F2CD8066
:105D800002F15C035B32DB00F118F35808399942E9
:105D900011D1A5E0F8300020E03D0020F0300020D7
:105DA000B03D0020D83D0020DC3D00200031002027
:105DB0009B68994204D05A6822F003026245F7D8E2
:105DC000D968C4E902318C60DC60E8E6142B63D941
:105DD000542B00F2AB802B0B03F16F0003F16E0E1E
:105DE000C30097E6D4F808C03846671945F00105A6
:105DF0006560CCF80C30C3F808C041F00103C6E977
:105E00000477C7E902887B60A150083400F0FEF8EF
:105E1000F7E622443846516841F00101516054F8D8
:105E2000082FD3609A6000F0F1F8EAE6A4443846FF
:105E30000834DCF8043043F00103CCF8043000F0FF
:105E4000E5F8DEE6621943F0010145F00105384648
:105E50006560C6E90422C2E90288516044F80C304A
:105E6000083400F0D3F8CCE64FEA9C1202F1390373
:105E70003832DB0088E7B44262D0B468626822F04E
:105E80000308A845A8EB050302D30F2B3FF753AF38
:105E9000384600F0BBF8B3E603F15C0003F15B0E9B
:105EA000C30037E65AF80839534540F0A08010F097
:105EB000030F00F1FF30F5D1736823EA0C03736020
:105EC0004FEA4C0C0CF1FF329A4204D3A3E64FEA9E
:105ED0004C0C09F104091CEA030FF8D0484670E69F
:105EE00092104FF0010C0CFA02F24EEA020EC6F8C4
:105EF00004E066E70AEB0802384602EA0C02ABEB64
:105F0000020B0BEA0C0B594600F0CCFC431C019B26
:105F10007FF4DBAEDDF800B0DBE6542A2AD84FEA86
:105F20001C3202F16F036E32DB002DE7B3F5AA7F5E
:105F30002AD8EB0B03F1780003F1770EC300E9E5F3
:105F40002E4B0BF1FF3C1868404418609BE61AEAA0
:105F50000C0F7FF498AEC844D6F808A048F00102B0
:105F6000CAF80420D8E6C2F800A096E60123CAF8D1
:105F700004308DE7B2F5AA7F24D84FEADC3202F173
:105F800078037732DB00FFE640F25452934224D884
:105F9000AB0C03F17D0003F17C0EC300BAE5009A5F
:105FA0004FF0000B083A9044A8EB0A0891E63846F7
:105FB00004F10801009300F0DBFE009BD6F808A076
:105FC0001868A7E640F254539A420CD84FEA9C4214
:105FD00002F17D037C32DB00D6E64FF47E737F2036
:105FE0004FF07E0E96E54FF47E737E22CCE673680A
:105FF00066E7E80805F1080356E500BFB03D00205C
:10600000014800F0B1BD00BFAC3D0020014800F0E8
:10601000ADBD00BFAC3D0020034B10B50446196870
:1060200000F0C6FF204610BD00350020032A30B422
:1060300012D941EA000484460B46A40721D119462F
:10604000604653F8044B5CF8045BA54219D1043A4E
:10605000032AF4D860461946541E7AB1431E01390A
:10606000021901E09A4209D013F8010F11F801CF8B
:106070006045F7D0A0EB0C0030BC7047002030BC6E
:106080007047541EEAE700BF830730B546D0841836
:10609000844604E003F8011B9D0704D09C46A445F8
:1060A0006346F7D130BD013A0244A2EB0C02032A49
:1060B00029D9CCB20F2A04EB042404EB04442FD9D1
:1060C000A2F1100C03F110052CF00F0CAC44C3E945
:1060D0000044C3E9024410336345F8D112F00C0FB9
:1060E00002F00F0E18D02EF0030CAEF104051A4684
:1060F0009C4442F8044B6245FBD125F00304043371
:106100000EF003022344002ACCD0C9B21A4403F88B
:10611000011B9342FBD130BD7246F4E70346C6E74C
:106120009646E0E738B505460346800702D12BE0E6
:106130009A0708D0184601330278002AF8D100F0F7
:10614000B5FC284638BD4278E2B11868A0F10132AA
:1061500022EA000212F0803F0BD1184653F8044F98
:10616000A4F1013222EA040212F0803FF5D0027954
:1061700042B1184610F8013F002BFBD100F096FC0D
:10618000284638BD1846DAE72A78DDE711F0FF0126
:10619000034600F0030239D08ABB10B501EB012E93
:1061A00002680EEB0E4EA2F101338EEA020423EADE
:1061B0000203A4F1013222EA0402134313F0803FE8
:1061C0000FD150F8044F84EA0E0CA4F10133ACF166
:1061D000013223EA040322EA0C02134313F0803F46
:1061E000EFD0037823B936E010F8013F002B32D00E
:1061F0009942F9D110BD8A4228D09A0729D01A783D
:1062000018460133002AF6D110467047CAB9026811
:10621000A2F1013323EA020313F0803F08D150F8C2
:10622000042FA2F1013323EA020313F0803FF6D0DA
:1062300003785BB110F8013F002BFBD17047990741
:1062400005D0184613F8012B002AF8D170471846DC
:10625000DDE71846A1E7184610BD00BF22B310B510
:1062600084188646114A04E01B1A1BD1B8B1A64512
:1062700016D01EF8013B11F8010B12F803C00CF008
:10628000030CBCF1010F12F800C00CF0030C08BFA6
:106290002033BCF1010FE7D12030181AE7D010BD30
:1062A000002010BD184610BD1046704701070310AE
:1062B00082B30B4630B540EA01048646A40717D1E5
:1062C000032A07D814E0043A22D01CF0803F1FD1E3
:1062D000032A23D9DEF80040194653F8045B7046C0
:1062E000A4F1013C0EF1040EAC422CEA040CEAD0FD
:1062F0000378013A0C78A3420ED1024406E03BB188
:1063000010F8013F11F8014FA34205D19042F6D198
:10631000002030BD10467047181B30BD704619462E
:10632000E6E700BF40EA01039B0730B501D1032A2D
:1063300017D8844601F1FF3E07E01EF8011F541EE6
:1063400003F8011B29B122469C466346002AF4D17A
:1063500030BD002CFCD0944403F8011B6345FBD1F5
:1063600030BD0C468446256821460434A5F101332E
:1063700023EA050313F0803FDCD1043A4CF8045BB8
:10638000032AF0D82146D5E738B511F0FF040CD028
:106390000346002501E0431C054621461846FFF749
:1063A000F5FE0028F7D1284638BD2146BDE8384023
:1063B000FFF7ECBE024A01231268503200F002B827
:1063C0000035002018B370B586468C461EF8015B78
:1063D00001E0A54214D01CF8014B002CF9D1DDB12D
:1063E00076460C4616F8015B00E063B114F8013BF9
:1063F0009D42FAD14DB100238EF80030166070BD79
:106400006BB17046E0E7B646EAE72E46F6E710685D
:106410000028D8D1002070470020156070BDC2F858
:1064200000E0037070BD00BF01292DE9F0415DD986
:106430004FF0010800244FF0FF35C646434608E000
:10644000A3EB05081C464FF0010E04EB0E03994226
:1064500010D900EB050CC75C1CF80E60B742EFD3F7
:1064600032D04FF001082546C646444404EB0E03E3
:106470009942EED8012700244FF0FF36C2F8008081
:10648000BE463B4607E09F1B1C464FF0010E04EB47
:106490000E03994210D900EB060C10F803801CF88B
:1064A0000EC0E045EFD814D001272646BE463C4436
:1064B00004EB0E039942EED80136681C864201D3E4
:1064C00030461760BDE8F081C64507D00EF1010ED9
:1064D000BBE7BE4506D00EF1010ED8E774444FF07D
:1064E000010EB2E774444FF0010ED0E701270026F9
:1064F000E6E700BF2DE9F04FADF21C4D9346804614
:106500008A4605AD194658461C462A46FFF78CFFB9
:106510002B4681460DF2144243F8044F9342FBD1BF
:1065200074B1601E0BF1FF32584412F8011F06AE21
:10653000A31A824203F1FF335B4446F82130F4D1C1
:106540002B684A4658460BEB03010193FFF76EFD9B
:10655000002877D144F400630746AAEB040E661EB8
:1065600005460293AE4510D308EB050C06AA1CF8AD
:10657000063052F82330BBB11FB1019A9A4288BF4E
:10658000A31A1D440027AE45EED208EB0A0002997B
:1065900000F02AFD8244AAEB040EAE45E4D20020AE
:1065A0000DF21C4DBDE8F08F4F453B4638BF4B46C2
:1065B0009E4218D9591EEA1800955944424402E0F7
:1065C00001339E420ED012F8010B11F8015F854293
:1065D000F6D09E42009D06D9C9F1010200272A4447
:1065E000D518BFE7009D4F4509F1FF3380F081804A
:1065F00005EB09020BEB090100954244CDF80C9024
:1066000002E09F4213D04B4611F8015D03F1FF39C0
:1066100012F8010D8542F4D0009D0133DDF80C9095
:1066200001379F4209D8019B1D44E71A9AE70137B9
:10663000009DDDF80C909F42F5D960460DF21C4D8F
:10664000BDE8F08FA4EB0903AAEB040E661E4B45D0
:1066500038BF4B4601332B600025019344F400639F
:106660000093AE4509D308EB050006AA835D52F8F6
:1066700023306BB11D44AE45F5D208EB0A000099FA
:1066800000F0B2FC8244AAEB040EAE45EBD286E7E2
:10669000B14517D209F1FF3105EB09024B465944C8
:1066A000424402E00133B3420CD012F8017B11F8EE
:1066B00001CFBC45F6D09E4204D9C9F101022A445B
:1066C000D518CEE7B9F1000F3FF46AAF05EB090129
:1066D0000BEB0902414402E05B453FF461AF12F865
:1066E00001CD11F8017D1346BC45F5D0019B1D4439
:1066F000C1E74B4694E700BF2DE9F0410D4609780C
:1067000090B0044600294AD06A78002A6BD0AB7852
:10671000002B48D0E878002879D02B79002B67D05F
:10672000284600F09BFA0646204646F4007100F029
:106730005BFC864246D8FE2E00F28780801B4022FA
:10674000711C27186846FFF79FFC6EB16A1E5FFA3E
:1067500086FC901912F8013F03F03F03A91A9042FA
:106760006B4461441970F5D1013CA35D03F03F0314
:106770006B441B781C44A74203D228E04444A74240
:1067800025D314F806C03246294620460CF03F0CAB
:10679000EC449CF80080FFF749FC0028EED120462D
:1067A00010B0BDE8F081007842EA014250B140EA01
:1067B0000343214614F8010F9A4241D00028F6D134
:1067C0009A423DD00024204610B0BDE8F081BB5D68
:1067D000B819002BF6D04FF4006100F005FC074417
:1067E000A742C1D2EEE710B0BDE8F041FFF7CEBC42
:1067F0002278002AE6D0296809BA42EA0323204613
:1068000014F8012FF2B19942F7D1C41EC7E7120460
:1068100042EA0162217842EA03230029D2D00246EB
:1068200000E049B141EA0200254614F8011FB3EB2C
:10683000002F4FEA0022F4D19342C3D1AC1EAEE741
:106840004C1EACE79942BDD1DFE7014633462A46EC
:10685000204610B0BDE8F041FFF74CBE41EA00020F
:106860000346920715D10A68A2F1013020EA02001E
:1068700010F0803F0DD101F1040C614643F8042B68
:106880005CF8042BA2F1013020EA020010F0803FF6
:10689000F3D011F8012B184603F8012B002AF8D188
:1068A000704700BF38B50022064D044608462A60EE
:1068B000FDF7FCFE431C00D038BD2B68002BFBD03D
:1068C000236038BDA8460020014B1868704700BF00
:1068D00000350020082802D14FF48050704708B5D9
:1068E000FFF7F2FF162203464FF0FF301A6008BD93
:1068F00080EA010C1CF0030F37D110F0030C20F0DC
:10690000030021F0030150F8042B08BF51F8043BA9
:106910000ED08CF0030C6FF07F434FEACC0C23FABF
:106920000CFC51F8043B42EA0C0243EA0C0300BFA2
:10693000A2F1013C9A4201BF2CEA020C1CF0803FFC
:1069400050F8042B51F8043BF2D04FEA02604FEAB2
:106950001222012828BFB0EB036F08BF1B0AF4D036
:1069600003F0FF03000EC01A704710F0030F0AD0A7
:1069700010F8012B11F8013B012A28BF9A42F4D0EC
:10698000A2EB0300704720B450F8042B01F003057C
:1069900021F0030151F8043B022D27D04ED800BF4F
:1069A00022F07F45B5EB132FA2F1013C2CEA020C3B
:1069B0000DD11CF0803C08BF51F8043B0AD185EA98
:1069C0000205B5EB036F0CD150F8042BE8E74FEA52
:1069D00013235BE03CF07F4C54D10B784FEA1265F7
:1069E00054E04FEA126503F0FF034FE04FEA02451F
:1069F000A2F1013C4FEA15452CEA020CB5EB134F0E
:106A000018D11CF0803C08BF51F8043B07D185EA3F
:106A10000205B5EB034F09D150F8042BE6E75FEA16
:106A20000C4C2FD10B884FEA12452FE04FEA03435D
:106A30004FEA12454FEA134328E000BF02F0FF057A
:106A4000B5EB136FA2F1013C2CEA020C0DD11CF046
:106A5000803C08BF51F8043B0AD185EA0205B5EB3A
:106A6000032F0AD150F8042BE8E74FEA13630DE037
:106A700012F0FF0F06D051F8043B4FEA122523F025
:106A80007F4303E04FF0000020BC704705F0FF0299
:106A900003F0FF00012828BF904204BF2D0A1B0A03
:106AA000F4D0A2EB000020BC704700BF80EA0102D6
:106AB000844612F0030F4FD111F0030F32D14DF87D
:106AC000044D11F0040F51F8043B0BD0A3F1013237
:106AD0009A4312F0803F04BF4CF8043B51F8043B4A
:106AE00016D100BF51F8044BA3F101329A4312F0C2
:106AF000803FA4F101320BD14CF8043BA24312F0C9
:106B0000803F04BF51F8043B4CF8044BEAD02346C5
:106B10000CF8013B13F0FF0F4FEA3323F8D15DF877
:106B2000044B704711F0010F06D011F8012B0CF83F
:106B3000012B002A08BF704711F0020FBFD031F8B7
:106B4000022B12F0FF0F16BF2CF8022B8CF800203E
:106B500012F47F4FB3D1704711F8012B0CF8012BC1
:106B6000002AF9D1704700BF704700BF704700BFCF
:106B7000844641EA000313F0030349D1403A23D38A
:106B80000B6803604B6843608B688360CB68C360AD
:106B90000B6903614B6943618B698361CB69C36195
:106BA0000B6A03624B6A43628B6A8362CB6AC3627D
:106BB0000B6B03634B6B43638B6B8363CB6BC36365
:106BC00040304031403ADBD230320BD30B680360A7
:106BD0004B6843608B688360CB68C36010301031B2
:106BE000103AF3D20C3205D351F8043B40F8043B81
:106BF000043AF9D2043208D0D2071CBF11F8013B85
:106C000000F8013B01D30B8803806046704700BF4A
:106C1000082A13D38B07B1D010F00303AED0C3F111
:106C20000403D21ADB071CBF11F8013B00F8013B3B
:106C3000A4D331F8023B20F8023B9FE7043AD9D3B2
:106C4000013A11F8013B00F8013BF9D20B780370CF
:106C50004B7843708B7883706046704720F0030157
:106C600010F00300C0F1000051F8043B00F1040CE7
:106C70004FEACC0C6FF000021CBF22FA0CF2134357
:106C80004FF0010C4CEA0C2C4CEA0C4CA3EB0C0220
:106C900022EA030212EACC1204BF51F8043B04308A
:106CA000F4D0C2F1000102EA0102B2FA82F2C2F1AA
:106CB0001F0200EBD20070472DE9F8430646DFF8CB
:106CC000AC8008208946FFF705FE05463046FFF7F1
:106CD00097F9D8F808305F6827F00307A7F1110487
:106CE000A4EB09042C44B4FBF5F4013C05FB04F4CB
:106CF000A54208DC00213046FFF7D4FDD8F8083063
:106D00003B44984205D03046FFF780F90020BDE8AB
:106D1000F88361423046FFF7C5FD01300FD03F1BBD
:106D2000104AD8F80830304647F001075F60136812
:106D30001B1B1360FFF76AF90120BDE8F8830021EF
:106D40003046FFF7AFFDD8F80820831A0F2BDADDA5
:106D500043F0010303495360034B1B68C01A0860EA
:106D6000D1E700BFB03D0020F0300020F830002017
:106D700000295AD0F8B50C460746FFF741F9734D84
:106D800054F804CCA4F10802A8682CF001030CF01C
:106D9000010ED1184E68884226F003067CD088196F
:106DA0004E60406800F00100BEF1000F2ED154F893
:106DB000084C05F1080C121B23449468644560D00C
:106DC000D2F80CE0C4F80CE0CEF8084000287DD0E2
:106DD00043F0010050600B60B3F5007F2ED25809DC
:106DE000D9080123834068680131034355F8310015
:106DF0006B6005EBC103083BC2E9020345F8312093
:106E0000C2603846BDE8F840FFF700B970B93344B6
:106E100005F1080C886843F0010460456ED0C9682C
:106E2000C16088605460D350D6E770474CF00101D0
:106E3000B3F5007F44F8041CD350D0D3B3F5206FD2
:106E40004FEA532144D2990901F1390001F1380484
:106E5000C100681869580838884203D155E089682C
:106E6000884204D04C6824F003049C42F7D8C868D8
:106E7000C2E9021082603846CA60BDE8F840FFF7F8
:106E8000C5B880BB1E44D1E90213CB60996046F0BF
:106E9000010353609651B4E71E44BEF1000F07D1C1
:106EA00054F8083CD21A1E44D2E90213CB60996010
:106EB00046F001035360264BAA601B68B342A0D87A
:106EC000244B38461968FFF7F7FE9AE73344A1E7E9
:106ED00014290DD954291FD8190B01F16F0001F1A4
:106EE0006E04C100B5E743F0010050600B6088E715
:106EF00001F15C0001F15B04C100AAE7C5E90422CD
:106F0000C2E902CC5460D3507BE7A4100123A34014
:106F10006C6823436B60ABE7B1F5AA7F06D8D90B49
:106F200001F1780001F17704C10092E740F254507A
:106F3000814206D8990C01F17D0001F17C04C10069
:106F400087E74FF47E717E2483E700BFF83000208E
:106F5000F4300020E03D0020134B9C4610B503F5B3
:106F6000806E5CF8083F5C6824F003040F2C214617
:106F7000D4BF00200120DCF80C309C4507D05A68B3
:106F80000130DB6822F003029C451144F7D10CF17B
:106F9000080CE645EFD1054B1A685860521AC3E950
:106FA0000814DA6110BD00BFF8300020B03D0020A9
:106FB00070B505460B4C08460E46FFF721F8FFF763
:106FC000CBFFAC460FCCACE80F000FCCACE80F0009
:106FD00094E803008CE803003046FFF717F82846D2
:106FE00070BD00BFB03D002099B1034601EB000C1D
:106FF00010B401E09C4508D01A4601331478002CE7
:10700000F8D1101A5DF8044B704708465DF8044B40
:1070100070470846704700BFF8B500BF0000000089
:107020005FF800F0992000205FF800F0D1210020E7
:107030005FF800F0B11300205FF800F0851C00201D
:107040005FF800F0950500205FF800F001250020B2
:107050005FF800F0A90300205FF800F0251400207D
:107060005FF800F0E91300205FF800F04104002011
:107070005FF800F00D1C00205FF800F0D10B00203D
:107080005FF800F0E91F00205FF800F0411C0020CD
:107090005FF800F0491300205FF800F0792100202C
:1070A0005FF800F0B10400205FF800F01D0B002035
:1070B0005FF800F0D10600205FF800F01107002013
:1070C0005FF800F08D1200205FF800F0E51B002053
:1070D0005FF800F00D060020BD2C0210312C0210CC
:1070E000652C0210092D02109D2C0210A10D02101A
:1070F000E52C02108D0D02101D040210E92C021067
:10710000DD070210012C0210D12C0210812C02107C
:107110008DF901106DFE011019020010694902106D
:1071200050494F005352382E000000005B4D53472A
:107130003A5761726E696E673A20456E746572697E
:107140006E672055463220426F6F746C6F616465C4
:10715000725D0D0A00000000302E3031000000008A
:10716000426F6F746C6F6164657220456E747279E2
:1071700000000000525032333530000032353038D4
:107180003134000053444B5F322E312E3100000069
:1071900068747470733A2F2F6769746875622E6310
:1071A0006F6D2F6772626C48414C2F5250323034F1
:1071B0003000000055463200656E746572205546F9
:1071C0003220626F6F746C6F616465720000000042
:1071D0005072696D6172792055415254000000006F
:1071E000526173706265727279205069000000000C
:1071F0005069636F00000000426F61726420434475
:1072000043000000466174616C3A20496E636F6D03
:1072100070617469626C6520647269766572202899
:1072200000000000290000004E2F410052657365E8
:10723000740000004665656420686F6C640000009F
:107240004379636C6520737461727400426C6F6380
:107250006B2064656C6574650000000053746F708A
:107260002064697361626C6500000000456D6572A1
:1072700067656E63792073746F70000050726F627F
:107280006520646973636F6E6E656374000000004F
:107290004D6F746F72206661756C74004D6F746F02
:1072A00072207761726E696E670000004C696D69CB
:1072B0007473206F766572726964650053696E67D6
:1072C0006C6520626C6F636B0000000050726F622F
:1072D00065206F76657274726176656C00000000DF
:1072E00050726F626500000058206D6F746F7220DD
:1072F0006661756C7400000059206D6F746F7220A8
:107300006661756C740000005A206D6F746F722096
:107310006661756C7400000058206D6F746F722088
:107320006661756C7420320059206D6F746F722025
:107330006661756C742032005A206D6F746F722014
:107340006661756C7420320050726F626520320085
:1073500050726F62652032206F766572747261764A
:10736000656C0000546F6F6C736574746572000017
:10737000546F6F6C736574746572206F7665727488
:10738000726176656C0000004D5047206D6F64653A
:107390002073656C6563740058206C696D69742096
:1073A0006D696E0058206C696D6974206D696E207E
:1073B0003200000058206C696D6974206D6178009E
:1073C0005820686F6D6500005820686F6D65203229
:1073D0000000000059206C696D6974206D696E00B1
:1073E00059206C696D6974206D696E20320000004F
:1073F00059206C696D6974206D6178005920686F3F
:107400006D6500005920686F6D6520320000000036
:107410005A206C696D6974206D696E005A206C6920
:107420006D6974206D696E20320000005A206C690D
:107430006D6974206D6178005A20686F6D65000079
:107440005A20686F6D652032000000005370696E2D
:10745000646C6520696E6465780000005370696E25
:10746000646C652070756C73650000004175782050
:10747000696E20300000000041757820696E20316F
:107480000000000041757820696E20320000000085
:1074900041757820696E2033000000004175782026
:1074A000696E20340000000041757820696E203537
:1074B0000000000041757820696E20360000000051
:1074C00041757820696E20370000000041757820F2
:1074D000696E20380000000041757820696E2039FF
:1074E0000000000041757820696E203130000000F6
:1074F00041757820696E2031310000004175782097
:10750000696E20313200000041757820696E2031AB
:107510003300000041757820696E2031340000008E
:1075200041757820696E2031350000004175782062
:10753000696E20313600000041757820696E203177
:107540003700000041757820696E20313800000056
:1075500041757820696E203139000000417578202E
:10756000696E20323000000041757820696E20324B
:107570003100000041757820696E20323200000031
:1075800041757820696E2032330000004175782003
:10759000616E616C6F6720696E20300041757820E4
:1075A000616E616C6F6720696E20310041757820D3
:1075B000616E616C6F6720696E20320041757820C2
:1075C000616E616C6F6720696E20330041757820B1
:1075D000616E616C6F6720696E20340041757820A0
:1075E000616E616C6F6720696E203500417578208F
:1075F000616E616C6F6720696E203600417578207E
:10760000616E616C6F6720696E203700582073745B
:1076100065700000583220737465700059207374CF
:107620006570000059322073746570005A207374BD
:10763000657000005A3220737465700058206469C8
:107640007200000058322064697200005920646999
:107650007200000059322064697200005A20646987
:10766000720000005A322064697200005374657021
:1076700070657220706F77657200000053746570DA
:107680007065727320656E61626C65005820656E6E
:1076900061626C65000000005920656E61626C6576
:1076A000000000005A20656E61626C6500000000F9
:1076B000585920656E61626C65000000412073744A
:1076C0006570000041206469720000004120656E11
:1076D00061626C650000000041206C696D69742076
:1076E0006D696E0041206C696D6974206D61780070
:1076F0004120686F6D65000041206D6F746F7220CE
:107700006661756C7400000042207374657000003F
:1077100042206469720000004220656E61626C65FF
:1077200000000000414220656E61626C650000004F
:1077300042206C696D6974206D696E0042206C692D
:107740006D6974206D6178004220686F6D6500007E
:1077500042206D6F746F72206661756C740000005A
:107760004D6F746F72204353000000004D6F746FB3
:1077700072204353580000004D6F746F72204353C2
:10778000590000004D6F746F722043535A0000007F
:107790004D6F746F722043534D3300004D6F746F03
:1077A000722043534D3400004D6F746F7220435369
:1077B0004D3500004D6F746F722043534D360000FD
:1077C0004D6F746F722043534D3700005370696ED4
:1077D000646C65206F6E00005370696E646C652088
:1077E000646972656374696F6E0000005370696E3E
:1077F000646C652050574D005370696E646C652051
:1078000032206F6E000000005370696E646C65205A
:107810003220646972656374696F6E005370696EBB
:10782000646C6520322050574D0000004D69737420
:1078300000000000466C6F6F640000004175782006
:107840006F75742030000000417578206F757420CA
:1078500031000000417578206F75742032000000FF
:10786000417578206F7574203300000041757820D1
:107870006F75742034000000417578206F75742096
:1078800035000000417578206F75742036000000C7
:10789000417578206F75742037000000417578209D
:1078A0006F75742038000000417578206F75742062
:1078B00039000000417578206F7574203130000068
:1078C000417578206F757420313100004175782042
:1078D0006F75742031320000417578206F75742007
:1078E00031330000417578206F7574203134000009
:1078F000417578206F75742031350000417578200E
:107900006F75742031360000417578206F757420D2
:1079100031370000417578206F75742031380000D0
:10792000417578206F7574203139000041757820D9
:107930006F75742032300000417578206F757420A7
:1079400032310000417578206F75742032320000AA
:10795000417578206F7574203233000041757820AE
:10796000616E616C6F67206F7574203000000000DD
:1079700041757820616E616C6F67206F757420317E
:107980000000000041757820616E616C6F67206FA8
:10799000757420320000000041757820616E616CC2
:1079A0006F67206F757420330000000041757820E8
:1079B000616E616C6F67206F757420340000000089
:1079C00041757820616E616C6F67206F757420352A
:1079D0000000000041757820616E616C6F67206F58
:1079E000757420360000000041757820616E616C6E
:1079F0006F67206F75742037000000004C4544000D
:107A00004C454420520000004C45442047000000F3
:107A10004C454420420000004C45442057000000E3
:107A20004C45442061647265737361626C6500004B
:107A30004C45442061647265737361626C652031EA
:107A400000000000436F50726F63205265736574CD
:107A500000000000436F50726F6320426F6F7430FC
:107A6000000000004D49534F000000004D4F5349A6
:107A70000000000053504920434C4B005350492014
:107A800043530000466C61736820435300000000BC
:107A900053442063617264204353000053442063C5
:107AA00061726420646574656374000053504920FA
:107AB00072657365740000005350492049525100AB
:107AC0004932432053434B00493243205344410041
:107AD0004B6579706164207374726F626500000099
:107AE000493243207374726F62650000525800007F
:107AF00054580000525453005145492041000000A1
:107B000051454920420000005145492073656C658C
:107B10006374000051454920696E64657800000077
:107B20005669727475616C005541525420580000BA
:107B3000554152542059000055415254205A0000DA
:107B400055415254204D330055415254204D34007C
:107B500055415254204D350055415254204D360068
:107B600055415254204D370053657474696E6773E4
:107B7000207772697465206661696C656421000014
:107B80004E6F7420656E6F75676820686561702040
:107B9000666F72204E5653206275666665722100CC
:107BA0004D53472C000000005F76616C7565000046
:107BB0005F76616C75655F72657475726E65640081
:107BC000526573657420746F20636F6E74696E758F
:107BD00065000000272448277C2724582720746F3D
:107BE00020756E6C6F636B0043617574696F6E3ADC
:107BF00020556E6C6F636B6564000000456E6162BA
:107C00006C65640044697361626C65640000000027
:107C1000436865636B20446F6F720000436865635F
:107C20006B204C696D6974730000000050676D2013
:107C3000456E6400526573746F72696E6720646587
:107C40006661756C74730000526573746F72696E4F
:107C500067207370696E646C65000000536C656525
:107C600070696E6700000000456D657267656E6340
:107C7000792073746F70202D20636C6561722C20E5
:107C80007468656E20726573657420746F20636F0D
:107C90006E74696E75650000486F6D696E6720636C
:107CA00079636C65207265717569726564000000A6
:107CB0005072657373206379636C652073746172AD
:107CC0007420746F20726572756E206A6F62000096
:107CD0005265666572656E636520746F6F6C206CAB
:107CE000656E677468206F6666736574206573746B
:107CF00061626C6973686564000000004D6F746FA9
:107D000072206661756C74202D20636C6561722C25
:107D1000207468656E20726573657420746F2063CB
:107D20006F6E74696E756500507265737320637948
:107D3000636C6520737461727420746F20636F6E5E
:107D400074696E75652E000052656D6F76652061F1
:107D50006E7920746F75636820706C617465206142
:107D60006E64207072657373206379636C65207331
:107D70007461727420746F20636F6E74696E7565C0
:107D80002E00000050726F6265206661696C656448
:107D90002C2074727920616761696E2E00000000EA
:107DA000506572666F726D20612070726F6265201F
:107DB000776974682024545057206669727374215F
:107DC0000000000050726F62652070726F7465630E
:107DD00074696F6E206163746976617465642E00E6
:107DE0005072657373206379636C6520737461727C
:107DF0007420746F20706F736974696F6E20666F82
:107E00007220746F7563682D6F66662E0000000027
:107E1000506C616E6E657220627566666572207365
:107E2000697A652077617320726564756365642182
:107E3000000000000D0A4772626C48414C20312E50
:107E40003166205B272427206F7220272448454C69
:107E5000502720666F722068656C705D0D0A000007
:107E60005B484C503A2424202423202447202449D2
:107E700020244E2024783D76616C20244E783D6C81
:107E8000696E6520244A3D6C696E652024534C5010
:107E9000202443202458202448202442207E2021CE
:107EA000203F206374726C2D785D0D0A0000000085
:107EB0004E00000050000000530000003F00000092
:107EC0005B50494E53544154453A414F55547C0000
:107ED0007C0000005B50494E53544154453A41499F
:107EE0004E7C00007C7C7C002D0000005B535049E0
:107EF0004E444C453A000000202D20002020202038
:107F0000000000002028000022242D436F64652219
:107F10002C222053657474696E67222C2220556EC2
:107F2000697473222C222053657474696E6720442F
:107F300065736372697074696F6E220D0A000000C8
:107F4000242D436F64650953657474696E67095520
:107F50006E69747309446174617479706509446170
:107F6000746120666F726D61740953657474696E13
:107F700067204465736372697074696F6E094D6937
:107F80006E094D61780D0A000D0A2D2D2D2D200052
:107F90003A0D0A005B50494E3A00000049000000CB
:107FA0005B50494E53544154453A444F55547C001C
:107FB000440000005B50494E53544154453A4449F3
:107FC0004E7C0000240000003D4E2F410D0A0000B1
:107FD0005B53455454494E4747524F55503A000061
:107FE0005B4D53473A000000496E666F3A2000002F
:107FF0005761726E696E673A200000004572726FB9
:10800000723A200044656275673A20006F6B0D0A72
:10801000000000006572726F723A0000414C4152DC
:108020004D3A00003D000000220000005B414C4141
:10803000524D434F44453A005B4552524F52434FD5
:1080400044453A000D0A0D0A5265626F6F74207242
:10805000657175697265642E000000002C207265E0
:10806000626F6F74207265717569726564000000DB
:108070005C6E5C6E4E4F54453A20412068617264DC
:10808000207265736574206F662074686520636F65
:108090006E74726F6C6C6572206973207265717595
:1080A00069726564206166746572206368616E67D9
:1080B000696E6720746869732073657474696E678C
:1080C0002E0000000D0A240020617320617869737E
:1080D0006D61736B0000000020617320626F6F6C34
:1080E00065616E00206173206269746669656C6405
:1080F0003A000000206173206269746669656C64EF
:108100002077686572652073657474696E67206294
:108110006974203020656E61626C657320746865D7
:1081200020726573743A0000206173204950206109
:10813000646472657373000020696E2000000000A3
:108140002C2072616E67653A200000002C206D695A
:108150006E3A20002C206D61783A20000D0A0D0A3D
:10816000000000005B53455454494E473A0000005C
:108170005D000000222C000009000000696E74659B
:1081800067657200666C6F6174000000626F6F6CEF
:10819000000000006269746669656C64000000009C
:1081A000786269746669656C640000007261646974
:1081B0006F627574746F6E730000000069707634BE
:1081C0000000000070617373776F7264000000003C
:1081D00061786573000000005B504C5547494E3A8A
:1081E00000000000207600005B5052423A00000080
:1081F0005B484F4D453A00005B544C4F3A0000003D
:108200005B504152414D3A003D4E2F41000000006D
:108210005B4735313A0000005B47000039323A00D5
:1082200032380000333000005B543A005B544C524B
:108230003A000000204737002047380020473230FE
:108240000000000020473231000000002047393193
:108250000000000020473930000000002047393777
:108260000000000020473936000000002E310000D9
:108270002E320000204739390000000020473938ED
:10828000000000005B47433A4700000033382E00EF
:1082900020473932000000002047000020473439D1
:1082A0000000000020473433000000002047353133
:1082B0003A0000002047353000000000204D30001B
:1082C000204D3100204D3200204D333000000000A1
:1082D000204D363000000000204D3800204D390080
:1082E000204D353000000000204D353100000000E9
:1082F000204D353300000000204D353600000000D1
:10830000205400002046000020530000244E0000AE
:108310003E0000002B2C00002D2C00004154433D5A
:10832000302C000054432C004154433D312C0000BC
:10833000454550524F4D0000464C41534800000007
:108340004652414D000000005B5645523A312E31F5
:10835000662E00005B4F50543A0000005B415853BA
:108360003A0000005B4E45574F50543A454E554D2C
:10837000532C525400000000484F4D452C00000083
:108380004E4F50524F42452C0000000050524F4279
:1083900045533D0050432C004F532C0042442C00C9
:1083A00045532C004D50472C000000004C415448D0
:1083B000452C00005050492C000000005245424F0F
:1083C0004F542C0053532C005345442C0000000004
:1083D0005254432C0000000043414E2C000000008A
:1083E0005B4649524D574152453A6772626C48416B
:1083F0004C5D0D0A000000005B5349474E414C5351
:108400003A0000005B4E56532053544F52414745AB
:108410003A0000002A0000004B0000005B46524575
:1084200045204D454D4F52593A0000004B5D0D0A15
:10843000000000005B4452495645523A00000000DB
:108440005B4452495645522056455253494F4E3A85
:10845000000000005B445249564552204F50544999
:108460004F4E533A000000005B424F4152443A00E5
:108470005B4D4158205354455020524154453A00D9
:1084800020487A5D0D0A00005B41555820494F3A5B
:10849000000000007C4D506F733A00007C57506F15
:1084A000733A00007C41523A000000007C415200C7
:1084B0007C4D50473A3100007C4D50473A30000027
:1084C0007C443A31000000007C443A300000000057
:1084D0003C00000049646C650000000052756E00AD
:1084E0003A320000486F6C643A0000004A6F67003F
:1084F000486F6D6500000000416C61726D3A0000CC
:10850000416C61726D000000436865636B000000A0
:10851000446F6F723A000000536C65657000000094
:10852000546F6F6C000000007C42663A000000004F
:108530007C4C6E3A000000007C46533A000000007C
:108540007C463A007C506E3A000000007C57434F56
:108550003A0000007C5743533A0000007C4F763AC3
:10856000000000007C53633A000000007C483A00A1
:108570007C543A007C503A007C544C523A00000043
:108580007C496E3A000000007C496E3A2D310000B3
:108590007C46573A6772626C48414C007C24433AEF
:1085A000310000003E0D0A005B53455454494E47CC
:1085B00044455343523A000022416C61726D20439E
:1085C0006F646520696E2076312E312B222C22209B
:1085D000416C61726D204D65737361676520696ED2
:1085E0002076312E302D222C2220416C61726D209C
:1085F0004465736372697074696F6E220D0A0000BE
:10860000224572726F7220436F646520696E207616
:10861000312E312B222C224572726F72204D6573E0
:108620007361676520696E2076312E302D222C22F1
:108630004572726F72204465736372697074696FFA
:108640006E220D0A0000000048656C7020746F7087
:108650006963733A0D0A000020436F6D6D616E64AB
:10866000730D0A002053657474696E67730D0A00F8
:10867000434F4D4D414E4453000000005345545468
:10868000494E4753000000000D0A4E2F410D0A00CD
:108690005B4C4153544556454E54533A000000003C
:1086A0005B4C494D4954533A000000003A480000E1
:1086B0003A4C00005B484F4D45533A005B535049DC
:1086C0004E444C45454E434F4445523A000000004D
:1086D0005B5254433A000000540000004E6F207378
:1086E00070696E646C657320726567697374657216
:1086F00065642E0D0A0000005B4D4F544F525741E8
:10870000524E494E473A00005B4D4F544F5246413E
:10871000554C543A0000000055000000460000008F
:10872000450000004C000000737465702F6D6D00F3
:108730006D6D2F6D696E00006D6D2F7365635E3218
:10874000000000006D6D0000646567006465672FC0
:108750007365635E320000006465672F6D696E00AB
:10876000737465702F646567000000002A2A2A2A46
:108770002A2A2A2A000000002C4E2F410000000067
:10878000537465702070756C7365206C656E6774CA
:108790006820696E206D6963726F7365636F6E64C4
:1087A000732E5C6E4D696E696D756D2064657065C4
:1087B0006E6473206F6E207468652070726F6365DD
:1087C00073736F7220616E642069732074797069AD
:1087D00063616C6C7920696E207468652072616ECB
:1087E0006765206F662031202D20322E352E5C6E7D
:1087F0005C6E546865206C656E6774682068617390
:1088000020746F20626520726564756365642066FC
:10881000726F6D207468652064656661756C742084
:1088200076616C7565206F662035207768656E20EF
:108830006D61782E20737465702072617465206597
:10884000786365656420617070726F78696D6174BA
:10885000656C7920313430206B487A2E000000009E
:108860005365747320612073686F727420686F6C35
:10887000642064656C6179207768656E2073746F1D
:108880007070696E6720746F206C65742064796EF7
:10889000616D69637320736574746C6520626566CD
:1088A0006F72652064697361626C696E67207374AE
:1088B0006570706572732E2056616C756520323557
:1088C00035206B65657073206D6F746F72732065F2
:1088D0006E61626C65642E00496E766572747320F9
:1088E0007468652073746570207369676E616C735A
:1088F0002028616374697665206C6F77292E0000EB
:10890000496E766572747320746865206469726557
:108910006374696F6E207369676E616C7320286180
:108920006374697665206C6F77292E00496E7665D1
:10893000727473207468652073746570706572203A
:1089400064726976657220656E61626C6520736918
:10895000676E616C732E204D6F737420647269763C
:108960006572732075736573206163746976652021
:108970006C6F7720656E61626C65207265717569D8
:1089800072696E6720696E76657273696F6E2E5CB0
:108990006E5C6E4E4F54453A2049662074686520DF
:1089A0007374657070657220647269766572732085
:1089B000736861726573207468652073616D6520EA
:1089C000656E61626C65207369676E616C206F6EA5
:1089D0006C79205820697320757365642E0000003F
:1089E000496E766572747320746865206178697366
:1089F000206C696D697420696E7075742073696785
:108A00006E616C732E000000496E7665727473207F
:108A10007468652070726F626520696E707574206D
:108A20007369676E616C2873292E0000456E616260
:108A30006C6520636F6E74726F6C732050574D209D
:108A40006F757470757420617661696C6162696CB0
:108A50006974792E5C6E5768656E206052504D20A7
:108A6000636F6E74726F6C73207370696E646C6583
:108A700020656E61626C65207369676E616C602051
:108A8000697320636865636B656420616E64204D63
:108A900033206F72204D34206973206163746976CE
:108AA0006520533020737769746368657320697437
:108AB000206F666620616E642053203E2030207354
:108AC00077697463686573206974206F6E2E000087
:108AD000496E766572747320746865206469726586
:108AE0006374696F6E207369676E616C7320666F63
:108AF0007220746865207365636F6E64206D6F7497
:108B00006F72207573656420666F722067616E678F
:108B1000656420617865732E5C6E5C6E4E4F5445C3
:108B20003A205468697320696E76657273696F6E56
:108B30002077696C6C206265206170706C69656477
:108B400020696E206164646974696F6E20746F209F
:108B500074686520696E76657273696F6E206672DF
:108B60006F6D2073657474696E672024332E000066
:108B7000537065636966696573206F7074696F6EA1
:108B8000616C206461746120696E636C75646564F6
:108B900020696E20737461747573207265706F72D2
:108BA000747320616E64206966207265706F7274E0
:108BB0002069732073656E74207768656E20686F16
:108BC0006D696E672E5C6E49662052756E207375F6
:108BD0006273746174757320697320656E61626C71
:108BE0006564206974206D61792062652075736504
:108BF0006420666F722073696D706C652070726F8F
:108C000062652070726F74656374696F6E2E5C6E3E
:108C10005C6E4E4F54453A205061727365722073FA
:108C2000746174652077696C6C2062652073656E71
:108C3000742073657061726174656C79206166740B
:108C40006572207468652073746174757320726531
:108C5000706F727420616E64206F6E6C79206F6E1D
:108C6000206368616E6765732E000000536574733E
:108C700020686F772066617374206772626C484168
:108C80004C2074726176656C73207468726F7567BE
:108C90006820636F6E7365637574697665206D6FA8
:108CA00074696F6E732E204C6F7765722076616CDD
:108CB000756520736C6F777320697420646F776EAD
:108CC0002E000000536574732074686520473220BD
:108CD000616E64204733206172632074726163693E
:108CE0006E67206163637572616379206261736589
:108CF00064206F6E2072616469616C206572726FAE
:108D0000722E204265776172653A20412076657245
:108D10007920736D616C6C2076616C7565206D6176
:108D2000792065666665637420706572666F726D22
:108D3000616E63652E000000456E61626C65732094
:108D4000696E636820756E697473207768656E203C
:108D500072657475726E696E6720616E7920706FCE
:108D6000736974696F6E20616E642072617465202E
:108D700076616C75652074686174206973206E6F0C
:108D80007420612073657474696E67732076616CFA
:108D900075652E00496E766572747320746865205F
:108DA000636F6E74726F6C207369676E616C732091
:108DB00028616374697665206C6F77292E5C6E4E2E
:108DC0004F54453A20426C6F636B2064656C657448
:108DD000652C204F7074696F6E616C2073746F70B6
:108DE0002C204553746F7020616E642050726F6246
:108DF0006520636F6E6E65637465642061726520C3
:108E00006F7074696F6E616C207369676E616C73EB
:108E10002C20617661696C6162696C697479206982
:108E2000732064726976657220646570656E64652E
:108E30006E742E00496E76657274732074686520B6
:108E4000636F6F6C616E7420616E64206D69737402
:108E5000207369676E616C7320286163746976653D
:108E6000206C6F77292E0000496E7665727473202E
:108E7000746865207370696E646C65206F6E2C2059
:108E8000636F756E746572636C6F636B776973651E
:108E900020616E642050574D207369676E616C735A
:108EA0002028616374697665206C6F77292E000035
:108EB00044697361626C652074686520636F6E74C9
:108EC000726F6C207369676E616C732070756C6C67
:108ED0007570207265736973746F72732E20506F92
:108EE00074656E7469616C6C7920656E61626C6525
:108EF000732070756C6C646F776E20726573697324
:108F0000746F7220696620617661696C61626C655C
:108F10002E5C6E4E4F54453A20426C6F636B20645A
:108F2000656C6574652C204F7074696F6E616C2080
:108F300073746F7020616E64204553746F7020618C
:108F40007265206F7074696F6E616C207369676EF3
:108F5000616C732C20617661696C6162696C697403
:108F60007920697320647269766572206465706522
:108F70006E64656E742E000044697361626C6520D6
:108F8000746865206C696D6974207369676E616CC3
:108F9000732070756C6C7570207265736973746F73
:108FA00072732E20506F74656E7469616C6C7920D9
:108FB000656E61626C65732070756C6C646F776E42
:108FC000207265736973746F7273206966206176AD
:108FD00061696C61626C652E000000004469736118
:108FE000626C65207468652070726F6265207369B9
:108FF000676E616C2070756C6C757020726573693A
:1090000073746F722873292E20506F74656E7469A3
:10901000616C6C7920656E61626C65732070756C33
:109020006C646F776E207265736973746F722873E6
:109030002920696620617661696C61626C652E0029
:10904000456E61626C657320736F6674206C696D28
:1090500069747320636865636B73207769746869EA
:109060006E206D616368696E652074726176656CEF
:1090700020616E64207365747320616C61726D2071
:109080007768656E2065786365656465642E205237
:109090006571756972657320686F6D696E672E0002
:1090A0005768656E20656E61626C656420696D6DE0
:1090B0006564696174656C792068616C7473206D96
:1090C0006F74696F6E20616E64207468726F77735D
:1090D00020616E20616C61726D207768656E206121
:1090E000206C696D69742073776974636820697393
:1090F000207472696767657265642E20496E2073FB
:109100007472696374206D6F6465206F6E6C792072
:10911000686F6D696E6720697320706F7373696221
:109120006C65207768656E20612073776974636869
:1091300020697320656E67616765642E000000001A
:10914000456E61626C657320686F6D696E67206340
:1091500079636C652E205265717569726573206C38
:10916000696D6974207377697463686573206F6EC5
:10917000206178657320746F206265206175746F5B
:109180006D61746963616C6C7920686F6D65642EC4
:109190005C6E5C6E5768656E2060456E61626C65E2
:1091A0002073696E676C65206178697320636F6DE9
:1091B0006D616E64736020697320636865636B65BD
:1091C000642C2073696E676C652061786973206810
:1091D0006F6D696E672063616E20626520706572D5
:1091E000666F726D65642062792024483C617869FD
:1091F00073206C65747465723E20636F6D6D616E73
:1092000064732E5C6E5C6E5768656E2060416C6C9A
:109210006F77206D616E75616C6020697320636883
:1092200065636B65642C2061786573206E6F7420B4
:10923000686F6D6564206175746F6D6174696361D9
:109240006C6C79206D617920626520686F6D656452
:10925000206D616E75616C6C7920627920244820E4
:109260006F722024483C61786973206C6574746562
:10927000723E20636F6D6D616E64732E5C6E5C6E0A
:10928000604F76657272696465206C6F636B7360A2
:1092900020697320666F7220616C6C6F77696E67EE
:1092A000206120736F667420726573657420746F1B
:1092B0002064697361626C652060486F6D696E67D8
:1092C000206F6E2073746172747570207265717591
:1092D00069726564602E0000486F6D696E67207367
:1092E0006561726368657320666F722061207377B1
:1092F0006974636820696E2074686520706F736993
:109300007469766520646972656374696F6E2E2076
:1093100053657420617869732062697420746F20CA
:1093200073656172636820696E206E656761746938
:10933000766520646972656374696F6E2E00000043
:1093400046656564207261746520746F20736C6F6C
:10935000776C7920656E67616765206C696D6974EB
:109360002073776974636820746F20646574657214
:109370006D696E6520697473206C6F636174696FC9
:109380006E2061636375726174656C792E000000F4
:109390005365656B207261746520746F2071756907
:1093A000636B6C792066696E6420746865206C69F3
:1093B0006D697420737769746368206265666F7283
:1093C000652074686520736C6F776572206C6F63BD
:1093D0006174696E672070686173652E000000001B
:1093E0005365747320612073686F72742064656CB8
:1093F0006179206265747765656E20706861736558
:1094000073206F6620686F6D696E67206379636C87
:109410006520746F206C65742061207377697463B4
:1094200068206465626F756E63652E0052657472A4
:109430006163742064697374616E6365206166742E
:1094400065722074726967676572696E67207377E9
:109450006974636820746F20646973656E676167FF
:10946000652069742E20486F6D696E672077696C7E
:109470006C206661696C2069662073776974636823
:109480002069736E277420636C65617265642E00B9
:109490004737332072657472616374206469737432
:1094A000616E63652028666F722063686970206250
:1094B0007265616B696E67206472696C6C696E6756
:1094C000292E0000537465702070756C73652064DC
:1094D000656C61792E5C6E5C6E5768656E20736595
:1094E00074203E203020616E64206C65737320749C
:1094F00068616E2032207468652076616C75652025
:10950000697320726F756E64656420757020746F66
:109510002032206D6963726F7365636F6E64732EA2
:10952000000000004D6178696D756D207370696E83
:10953000646C652073706565642C2063616E2062C5
:1095400065206F76657272696464656E2062792049
:109550007370696E646C6520706C7567696E732ECC
:10956000000000004D696E696D756D207370696E45
:10957000646C652073706565642C2063616E206285
:1095800065206F76657272696464656E2062792009
:109590007370696E646C6520706C7567696E732E8C
:1095A0005C6E5C6E5768656E20736574203E20307B
:1095B00020243335202850574D206D696E20766168
:1095C0006C756529206D6179206861766520746FFE
:1095D0002062652073657420746F20676574207441
:1095E000686520636F6E66696775726564205250A6
:1095F0004D2E00004C61736572206D6F64653A20DA
:10960000636F6E73656375746976652047312F32B9
:109610002F3320636F6D6D616E64732077696C6C9E
:10962000206E6F742068616C74207768656E20739B
:1096300070696E646C652073706565642069732061
:109640006368616E6765642E5C6E4C61746865204A
:109650006D6F64653A20616C6C6F7773207573650C
:10966000206F662047372C2047382C20473936207A
:10967000616E64204739372E000000005370696E18
:10968000646C652050574D206672657175656E6318
:10969000792E00005370696E646C652050574D2020
:1096A0006F66662076616C756520696E20706572E4
:1096B00063656E74202864757479206379636C65C2
:1096C000292E00005370696E646C652050574D2040
:1096D0006D696E2076616C756520696E20706572AB
:1096E00063656E74202864757479206379636C6592
:1096F000292E00005370696E646C652050574D2010
:109700006D61782076616C756520696E2070657278
:1097100063656E74202864757479206379636C6561
:10972000292E000053706563696669657320776848
:10973000696368207374657070657273206E6F74EE
:1097400020746F2064697361626C65207768656E50
:109750002073746F707065642E0000005370696E22
:10976000646C6520656E636F6465722070756C73E0
:10977000657320706572207265766F6C7574696FA1
:109780006E2E0000456E61626C657320226E6F72F2
:109790006D616C222070726F63657373696E6720F0
:1097A0006F66203F2C202120616E64207E2063683C
:1097B0006172616374657273207768656E20706191
:1097C0007274206F6620242D73657474696E67202F
:1097D0006F7220636F6D6D656E742E204966206414
:1097E000697361626C6564207468656E2074686575
:1097F000792061726520616464656420746F2074EF
:10980000686520696E70757420737472696E672064
:10981000696E73746561642E000000004C696D69A7
:1098200074206A6F6720636F6D6D616E647320745E
:109830006F206D616368696E6520776F726B7370FE
:1098400061636520666F7220686F6D656420617862
:1098500065732E00456E61626C6573207061726B7A
:10986000696E67206379636C652C20726571756918
:10987000726573207061726B696E672061786973BD
:1098800020686F6D65642E00446566696E6520779B
:1098900068696368206178697320746861742070F6
:1098A0006572666F726D7320746865207061726B8B
:1098B000696E67206D6F74696F6E2E004E756D62F4
:1098C0006572206F6620686F6D696E6720706173C6
:1098D0007365732E204D696E696D756D20312C2076
:1098E0006D6178696D756D203132382E0000000091
:1098F0004178657320746F20686F6D6520696E20F4
:10990000666972737420706173732E004178657399
:1099100020746F20686F6D6520696E207365636FBA
:109920006E6420706173732E0000000041786573CF
:1099300020746F20686F6D6520696E20746869728D
:109940006420706173732E004178657320746F20FA
:10995000686F6D6520696E20666F7572746820701F
:109960006173732E000000004178657320746F20CE
:10997000686F6D6520696E20666966746820706125
:1099800073732E0053746570206A6F6767696E6722
:1099900020737065656420696E206D696C6C696DFB
:1099A000657465727320706572206D696E7574657B
:1099B0002E000000536C6F77206A6F6767696E67CF
:1099C00020737065656420696E206D696C6C696DCB
:1099D000657465727320706572206D696E7574654B
:1099E0002E00000046617374206A6F6767696E67B6
:1099F00020737065656420696E206D696C6C696D9B
:109A0000657465727320706572206D696E7574651A
:109A10002E0000004A6F672064697374616E63658D
:109A200020666F722073696E676C65207374657051
:109A3000206A6F6767696E672E0000004A6F6720B3
:109A400064697374616E6365206265666F72652018
:109A50006175746F6D617469632073746F702E002B
:109A60005370696E646C652070756C6C2D6F7574C5
:109A700020616E6420706C756E6765206469737414
:109A8000616E636520696E206D6D2E496E6372652F
:109A90006D656E74616C2064697374616E63652EAC
:109AA000000000005370696E646C652070756C6C0A
:109AB0002D6F75742F706C756E676520736C6F7782
:109AC0002066656564207261746520696E206D6D25
:109AD0002F6D696E2E0000005061726B696E6720F9
:109AE00061786973207461726765742E20496E20F5
:109AF0006D6D2C206173206D616368696E652063F4
:109B00006F6F7264696E617465205B2D6D61785F43
:109B100074726176656C2C20305D2E005061726B22
:109B2000696E672066617374207261746520746F5A
:109B30002074617267657420616674657220707547
:109B40006C6C2D6F757420696E206D6D2F6D696E54
:109B50002E000000526573746F7265206F76657217
:109B6000726964657320746F2064656661756C74D6
:109B70002076616C7565732061742070726F6772F6
:109B8000616D20656E642E00456E61626C652074A7
:109B9000686973206966206974206973206465733D
:109BA000697261626C6520746F206F70656E2074DD
:109BB00068652073616665747920646F6F722077C1
:109BC00068656E20696E2049444C45206D6F646560
:109BD000202865672E20666F72206A6F6767696E3E
:109BE00067292E00456E61626C6520736C65657037
:109BF000206D6F64652E0000416374696F6E732081
:109C000074616B656E20647572696E672066656548
:109C10006420686F6C6420616E64206F6E207265D2
:109C200073756D652066726F6D206665656420686A
:109C30006F6C642E00000000537461727420696EB2
:109C400020616C61726D206D6F6465206166746562
:109C500072206120636F6C642072657365742E00DE
:109C6000416C6C6F772066656564206F76657272F3
:109C700069646520647572696E672070726F6269CD
:109C80006E6720616E642F6F72206C696D6974203D
:109C900070726F62696E6720636F6D6D616E647361
:109CA00020746F206D616368696E6520776F726BD9
:109CB000737061636520666F7220686F6D656420E4
:109CC000617865732E0000005370696E646C6520C6
:109CD00073796E6320504944206D617820696E74F9
:109CE00065677261746F72206572726F722E000008
:109CF00054726176656C207265736F6C7574696FF0
:109D00006E20696E20737465707320706572206DAB
:109D1000696C6C696D657465722E000054726176B1
:109D2000656C207265736F6C7574696F6E20696EF7
:109D30002073746570732070657220646567726546
:109D4000652E00004D6178696D756D2072617465D6
:109D50002E20557365642061732047302072617036
:109D6000696420726174652E0000000041636365C0
:109D70006C65726174696F6E2E2055736564206620
:109D80006F72206D6F74696F6E20706C616E6E699A
:109D90006E6720746F206E6F7420657863656564EC
:109DA000206D6F746F7220746F7271756520616EB3
:109DB00064206C6F73652073746570732E000000EF
:109DC0004D6178696D756D20617869732074726179
:109DD00076656C2064697374616E63652066726F6A
:109DE0006D20686F6D696E67207377697463682E84
:109DF0002044657465726D696E65732076616C6967
:109E000064206D616368696E6520737061636520AD
:109E1000666F7220736F66742D6C696D6974732040
:109E2000616E6420686F6D696E672073656172632F
:109E3000682064697374616E6365732E00000000AE
:109E40004F6666736574206265747765656E20730E
:109E50006964657320746F20636F6D70656E7361E4
:109E6000746520666F7220686F6D696E6720737706
:109E700069746368657320696E6163637572616399
:109E80006965732E000000005370696E646C652074
:109E9000617420737065656420746F6C6572616EA7
:109EA00063652061732070657263656E74616765B8
:109EB00020646576696174696F6E2066726F6D20CB
:109EC00070726F6772616D6D656420737065656433
:109ED0002C2073657420746F203020746F206469A7
:109EE0007361626C652E5C6E4966206E6F742077BC
:109EF000697468696E20746F6C6572616E63652049
:109F000061667465722074696D656F757420736520
:109F100074206279207370696E646C65206F6E20A6
:109F200064656C61792028243339342920616C619F
:109F3000726D203134206973207261697365642EFB
:109F40005C6E4E4F54453A206966207468652073F4
:109F500070696E646C65206F6E2064656C61792039
:109F600069732073657420746F20302074686520D5
:109F700074696D656F75742064656661756C747362
:109F800020746F206F6E65206D696E7574652E008C
:109F90004E6F726D616C3A20616C6C6F7773206AE2
:109FA0006F6767696E6720666F72206D616E75619D
:109FB0006C20746F756368206F66662E205365741D
:109FC000206E657720706F736974696F6E206D61A4
:109FD0006E75616C6C792E5C6E5C6E4D616E756138
:109FE0006C20746F756368206F66663A20726170CA
:109FF00069647320746F20746F6F6C206368616E86
:10A00000676520706F736974696F6E2C2075736556
:10A01000206A6F6767696E67206F722024545057FB
:10A0200020666F7220746F756368206F66662E5CA1
:10A030006E5C6E4D616E75616C20746F7563682027
:10A040006F66662040204735392E333A20726170A2
:10A0500069647320746F20746F6F6C206368616E25
:10A06000676520706F736974696F6E2C2061667408
:10A070006572206368616E676520746F20473539AB
:10A080002E3320706F736974696F6E20666F722053
:10A090006D616E75616C20746F756368206F6666A4
:10A0A0002E20557365206A6F6767696E67206F722F
:10A0B000202454505720666F7220746F7563682097
:10A0C0006F66662E5C6E5C6E4175746F6D6174694F
:10A0D0006320746F756368206F6666204020473583
:10A0E000392E333A2072617069647320746F207462
:10A0F0006F6F6C206368616E676520706F73697441
:10A10000696F6E2C206166746572206368616E678A
:10A110006520746F204735392E3320706F73697452
:10A12000696F6E20666F72206175746F6D617469FE
:10A130006320746F756368206F66662E5C6E5C6E5C
:10A14000446570656E64696E67206F6E2073657418
:10A1500074696E67732074686520746F6F6C202853
:10A16000636F6E74726F6C6C656420706F696E746F
:10A17000292077696C6C206265206D6F766564209C
:10A180006261636B20746F2074686520746F206F48
:10A19000726967696E616C20706F736974696F6E44
:10A1A00020616674657220746F756368206F6666DF
:10A1B0002E2022746F6F6C206368616E676520705B
:10A1C0006F736974696F6E222069732065697468A2
:10A1D000657220746F6F6C206178697320686F6D91
:10A1E000652C204735392E33206F722047333020BD
:10A1F000706F736974696F6E20646570656E6469F1
:10A200006E67206F6E2073657474696E67732E00BD
:10A210004D6178696D756D2070726F62696E67202F
:10A2200064697374616E636520666F722061757412
:10A230006F6D61746963206F7220245450572074CD
:10A240006F756368206F66662E0000004665656462
:10A25000207261746520746F20736C6F776C792045
:10A26000656E6761676520746F6F6C206368616EEF
:10A2700067652073656E736F7220746F20646574F8
:10A2800065726D696E652074686520746F6F6C20EF
:10A290006F66667365742061636375726174656C63
:10A2A000792E00005365656B207261746520746FB0
:10A2B00020717569636B6C792066696E64207468BF
:10A2C0006520746F6F6C206368616E6765207365CD
:10A2D0006E736F72206265666F72652074686520A8
:10A2E000736C6F776572206C6F636174696E672041
:10A2F00070686173652E000050756C6C2D6F66661A
:10A30000207261746520666F7220746865207265C2
:10A310007472616374206D6F7665206265666F721A
:10A32000652074686520736C6F776572206C6F634D
:10A330006174696E672070686173652E00000000AB
:10A34000526573746F726520706F736974696F6E94
:10A35000206166746572204D363A207768656E20FC
:10A3600073657420746865207370696E646C652011
:10A370006973206D6F76656420736F2074686174F3
:10A380002074686520636F6E74726F6C6C656420F6
:10A39000706F696E742028746F6F6C2074697029F7
:10A3A000206973207468652073616D652061732076
:10A3B0006265666F726520746865204D3620636F34
:10A3C0006D6D616E642C6966206E6F7420746865B3
:10A3D000207370696E646C65206973206F6E6C7990
:10A3E000206D6F76656420746F20746865205A2034
:10A3F000686F6D6520706F736974696F6E2E5C6E27
:10A400005C6E4368616E676520746F6F6C20617469
:10A41000204733303A207768656E20736574207268
:10A42000617069647320746F2074686520473330ED
:10A4300020706F736974696F6E2076696120746F24
:10A440006F6C206178697320686F6D652E2052658E
:10A45000717569726573206178657320746F20620D
:10A460006520686F6D65642E5C6E5C6E466173740A
:10A470002070726F62652070756C6C6F66663A2032
:10A48000757365204733382E34207374796C6520DA
:10A4900070726F62696E6720666F72206661737496
:10A4A000657220746F756368206F66662E00000009
:10A4B0004475616C2061786973206C656E6774689F
:10A4C000206661696C20696E2070657263656E74C8
:10A4D000206F662061786973206D617820747261E5
:10A4E00076656C2E000000004475616C206178690F
:10A4F00073206C656E677468206661696C206D6995
:10A500006E696D756D2064697374616E63652E008C
:10A510004475616C2061786973206C656E6774683E
:10A52000206661696C206D6178696D756D20646964
:10A530007374616E63652E0044697361626C657348
:10A5400020736176652F726573746F7265206F6614
:10A5500020473932206F666673657420746F206EF1
:10A560006F6E2D766F6C6174696C652073746F7299
:10A5700061676520284E5653292E00004465736993
:10A58000676E6174657320617865732061732072F2
:10A590006F746172792C20696E7465727072657463
:10A5A0006174696F6E20736F6D65206F746865727A
:10A5B0002072656C6576616E7420617869732073B2
:10A5C000657474696E6773206973206368616E6770
:10A5D0006564206163636F7264696E676C792E00D5
:10A5E00044656C617920746F20616C6C6F772073A7
:10A5F00070696E646C6520746F207370696E20756D
:10A600007020616674657220736166657479206478
:10A610006F6F7220697320636C6F736564206F7253
:10A62000206F6E20726573756D652066726F6D2088
:10A630007061726B2E00000044656C617920746F4C
:10A6400020616C6C6F7720636F6F6C616E74207427
:10A650006F20726573746172742061667465722014
:10A6600073616665747920646F6F7220697320630B
:10A670006C6F736564206F72206F6E2072657375E6
:10A680006D652066726F6D207061726B2E00000028
:10A6900044656C617920746F20616C6C6F772073F6
:10A6A00070696E646C6520746F207370696E2075BC
:10A6B000702E2030206F7220302E35202D20323029
:10A6C000735C6E4966207370696E646C6520737587
:10A6D00070706F727473202261742073706565648A
:10A6E000222066756E6374696F6E616C697479207F
:10A6F0006974206973207468652074696D652074BD
:10A700006F2077616974206265666F726520616C85
:10A7100061726D20313420697320726169736564E0
:10A720002E0000005370696E646C652073656C6563
:10A7300063746564206F6E20737461727475702E1B
:10A74000000000004E756D626572206F6620626CBD
:10A750006F636B7320696E2074686520706C616E26
:10A760006E6572206275666665722E00496E74654C
:10A770007276616C20746865207265616C20746902
:10A780006D65207265706F72742077696C6C2062E1
:10A79000652073656E742C2073657420746F20308F
:10A7A00020746F2064697361626C652E0000000084
:10A7B0004F666673657420696E20686F75727320CA
:10A7C00066726F6D205554432E0000004966207359
:10A7D000657420756E6C6F636B20286279207365D9
:10A7E0006E64696E67202458292069732072657130
:10A7F000756972656420616674657220726573653F
:10A800007474696E67206120636C65617265642091
:10A81000452D53746F7020636F6E646974696F6E39
:10A820002E0000004C6F636B20636F6F7264696E63
:10A830006174652073797374656D732061676169F4
:10A840006E7374206163636964656E74616C206308
:10A8500068616E6765732E0044656C617920746F62
:10A8600020616C6C6F77207370696E646C65207406
:10A870006F207370696E20646F776E2E2030206FAA
:10A880007220302E35202D203230735C6E496620C8
:10A890007370696E646C6520737570706F72747319
:10A8A00020226174207370656564222066756E6372
:10A8B00074696F6E616C69747920697420697320A2
:10A8C0007468652074696D6520746F2077616974A0
:10A8D000206265666F726520616C61726D20313433
:10A8E000206973207261697365642E00537065631B
:10A8F0006966696573207768696368207370696E3B
:10A90000646C65206861732074686520656E636F90
:10A910006465722061747461636865642E00000070
:10A92000506572666F726D2066617374206D6F760C
:10A930006520746F20616E676C652073746F72653B
:10A940006420696E2047323820706F736974696FB4
:10A950006E2E5C6E5573653A5C6E20473931473216
:10A96000383C617869736C65747465723E305C6EF6
:10A97000204739305C6E00004175746F206D6F7533
:10A980006E742053442063617264206F6E20737470
:10A9900061727475702E0000496E76657274732052
:10A9A000746865206178697320686F6D6520696ED1
:10A9B000707574207369676E616C732E00000000FF
:10A9C00044656C617920746F20616C6C6F772063D3
:10A9D0006F6F6C616E7420746F2073746172742E6B
:10A9E0002030206F7220302E35202D203230732EF3
:10A9F00000000000436F6E74726F6C7320616374AB
:10AA0000696F6E732074616B656E206F6E206120BC
:10AA1000736F66742072657365742E0044656C6193
:10AA2000792066726F6D2073746570706572206531
:10AA30006E61626C6520746F206669727374207336
:10AA4000746570206F75747075742E20546865205D
:10AA5000647269766572207479706963616C6C796F
:10AA60002061646473207E326D7320746F2074687B
:10AA700069732E00537465702070756C7365207453
:10AA8000696D65006D6963726F7365636F6E647382
:10AA900000000000537465702069646C6520646573
:10AAA0006C6179006D696C6C697365636F6E64735A
:10AAB0000000000023232323300000003635353307
:10AAC00035000000537465702070756C73652069E3
:10AAD0006E7665727400000053746570206469724C
:10AAE000656374696F6E20696E766572740000002C
:10AAF000496E766572742073746570706572206536
:10AB00006E61626C65206F757470757428732900AE
:10AB1000496E76657274206C696D697420696E7017
:10AB200075747300496E766572742070726F626519
:10AB300020696E707574730044657072656361742A
:10AB40006564000047616E67656420617865732005
:10AB5000646972656374696F6E20696E766572747C
:10AB60000000000050574D207370696E646C6520C2
:10AB70006F7074696F6E7300456E61626C652C5204
:10AB8000504D20636F6E74726F6C73207370696EBA
:10AB9000646C6520656E61626C65207369676E61C7
:10ABA0006C2C44697361626C65206C617365722002
:10ABB0006D6F6465206361706162696C69747900AE
:10ABC000537461747573207265706F7274206F7046
:10ABD00074696F6E73000000506F736974696F6EF3
:10ABE00020696E206D616368696E6520636F6F72A6
:10ABF00064696E6174652C42756666657220737453
:10AC00006174652C4C696E65206E756D626572733A
:10AC10002C4665656420262073706565642C506938
:10AC20006E2073746174652C576F726B20636F6F45
:10AC30007264696E617465206F66667365742C4F0B
:10AC400076657272696465732C50726F62652063F9
:10AC50006F6F7264696E617465732C4275666665A8
:10AC6000722073796E63206F6E2057434F206368A4
:10AC7000616E67652C5061727365722073746174C4
:10AC8000652C416C61726D207375627374617475AB
:10AC9000732C52756E207375627374617475732CA6
:10ACA000456E61626C65207768656E20686F6D69BE
:10ACB0006E6700004A756E6374696F6E2064657616
:10ACC000696174696F6E00002323232323302E30C3
:10ACD0003030000041726320746F6C6572616E6386
:10ACE000650000005265706F727420696E20696E95
:10ACF0006368657300000000496E766572742063B6
:10AD00006F6E74726F6C20696E70757473000000E2
:10AD1000496E7665727420636F6F6C616E74206F1C
:10AD20007574707574730000496E76657274207363
:10AD300070696E646C65207369676E616C73000086
:10AD400050756C6C75702064697361626C6520630A
:10AD50006F6E74726F6C20696E7075747300000092
:10AD600050756C6C75702064697361626C65206CE1
:10AD7000696D697420696E707574730050756C6CC0
:10AD800075702064697361626C652070726F6265B2
:10AD900020696E7075747300536F6674206C696DF2
:10ADA00069747320656E61626C650000486172644D
:10ADB000206C696D69747320656E61626C6500005A
:10ADC000456E61626C652C537472696374206D6F9B
:10ADD00064652C44697361626C6520666F722072D1
:10ADE0006F7461727920617865730000486F6D69D6
:10ADF0006E67206379636C6500000000486F6D69C1
:10AE00006E6720646972656374696F6E20696E761F
:10AE100065727400486F6D696E67206C6F63617452
:10AE200065206665656420726174650023232323B1
:10AE300023302E3000000000486F6D696E6720736C
:10AE40006561726368207365656B2072617465006B
:10AE5000486F6D696E6720737769746368206465F5
:10AE6000626F756E63652064656C61790000000037
:10AE700023233000486F6D696E67207377697463B0
:10AE8000682070756C6C2D6F6666206469737461E0
:10AE90006E636500473733205265747261637420B6
:10AEA00064697374616E63650000000050756C73B3
:10AEB000652064656C6179004D6178696D756D2000
:10AEC0007370696E646C6520737065656400000062
:10AED00052504D004D696E696D756D207370696ECD
:10AEE000646C652073706565640000004D6F646577
:10AEF000206F66206F7065726174696F6E0000006C
:10AF00004E6F726D616C2C4C61736572206D6F6455
:10AF1000652C4C61746865206D6F646500000000ED
:10AF20005370696E646C652050574D206672657170
:10AF300075656E6379000000487A0000232323239F
:10AF4000233000005370696E646C652050574D20AB
:10AF50006F66662076616C756500000070657263CF
:10AF6000656E74002323302E300000003130300035
:10AF70005370696E646C652050574D206D696E206A
:10AF800076616C75650000005370696E646C6520B5
:10AF900050574D206D61782076616C75650000001A
:10AFA000537465707065727320746F206B65657083
:10AFB00020656E61626C6564000000005370696E0C
:10AFC000646C652070756C73657320706572207297
:10AFD00065766F6C7574696F6E2028505052290029
:10AFE0002323233000000000456E61626C65206CF5
:10AFF000656761637920525420636F6D6D616E6483
:10B00000730000004C696D6974206A6F6720636F7C
:10B010006D6D616E647300005061726B696E6720C4
:10B020006379636C65000000456E61626C652C4459
:10B030006561637469766174652075706F6E2069EF
:10B040006E69742C456E61626C65207061726B690B
:10B050006E67206F7665727269646520636F6E74C7
:10B06000726F6C005061726B696E672061786973F2
:10B0700000000000582C592C5A000000486F6D69E0
:10B080006E672070617373657300000031323800A1
:10B090004178657320686F6D696E672C20666972F0
:10B0A00073742070617373004178657320686F6DED
:10B0B000696E672C207365636F6E642070617373B3
:10B0C000000000004178657320686F6D696E672C21
:10B0D00020746869726420706173730041786573CD
:10B0E00020686F6D696E672C20666F7572746820BA
:10B0F00070617373000000004178657320686F6DA4
:10B10000696E672C206669667468207061737300CD
:10B110005061726B696E672070756C6C2D6F757401
:10B120002064697374616E6365000000232323301B
:10B130002E3000005061726B696E672070756C6C08
:10B140002D6F757420726174650000005061726B20
:10B15000696E672074617267657400002D23232374
:10B16000302E30002D313030303030005061726B75
:10B17000696E6720666173742072617465000000F7
:10B18000526573746F7265206F766572726964655B
:10B190007300000053616665747920646F6F7220DC
:10B1A0006F7074696F6E730049676E6F7265207798
:10B1B00068656E2069646C652C4B65657020636FF3
:10B1C0006F6C616E74207374617465206F6E206F94
:10B1D00070656E00536C65657020656E61626C65AC
:10B1E000000000004665656420686F6C6420616340
:10B1F00074696F6E7300000044697361626C65204E
:10B200006C6173657220647572696E6720686F6C1B
:10B21000642C526573746F7265207370696E646C10
:10B220006520616E6420636F6F6C616E742073744F
:10B23000617465206F6E20726573756D6500000026
:10B24000466F72636520696E697420616C61726D0E
:10B250000000000050726F62696E67206F70746941
:10B260006F6E73005370696E646C652073796E63E2
:10B2700020502D6761696E00232323302E3030303B
:10B28000000000005370696E646C652073796E6312
:10B2900020492D6761696E005370696E646C65208A
:10B2A00073796E6320442D6761696E005370696E17
:10B2B000646C652073796E6320504944206D617819
:10B2C0002049206572726F72000000002D6178695C
:10B2D000732074726176656C207265736F6C75741F
:10B2E000696F6E002323232323302E303030232335
:10B2F000000000002D61786973206D6178696D75BB
:10B300006D207261746500002D617869732061633E
:10B3100063656C65726174696F6E00002D61786998
:10B3200073206D6178696D756D2074726176656CDE
:10B33000000000002D61786973206475616C2061E4
:10B34000786973206F666673657400002D302E3047
:10B35000303000002D3130002D6178697320686F26
:10B360006D696E67206C6F636174652066656564E6
:10B3700020726174650000002D6178697320686F28
:10B380006D696E6720736561726368207365656BB4
:10B3900020726174650000005370696E646C6520F2
:10B3A000617420737065656420746F6C6572616E82
:10B3B00063650000546F6F6C206368616E67652081
:10B3C0006D6F6465000000004E6F726D616C2C4DF6
:10B3D000616E75616C20746F756368206F66662C92
:10B3E0004D616E75616C20746F756368206F666661
:10B3F0002040204735392E332C4175746F6D6174B0
:10B40000696320746F756368206F6666204020470B
:10B4100035392E332C49676E6F7265204D3600002A
:10B42000546F6F6C206368616E67652070726F6225
:10B43000696E672064697374616E63650000000063
:10B44000546F6F6C206368616E6765206C6F636119
:10B450007465206665656420726174650000000093
:10B46000546F6F6C206368616E67652073656172ED
:10B470006368207365656B2072617465000000006D
:10B48000546F6F6C206368616E67652070726F62C5
:10B49000652070756C6C2D6F666620726174650036
:10B4A000546F6F6C206368616E6765206F7074699C
:10B4B0006F6E7300526573746F726520706F73697D
:10B4C00074696F6E206166746572204D362C436816
:10B4D000616E676520746F6F6C2061742047333034
:10B4E0002C466173742070726F62652070756C6C8D
:10B4F000206F6666000000004475616C2061786909
:10B5000073206C656E677468206661696C0000006A
:10B510004475616C2061786973206C656E6774682E
:10B52000206661696C206D696E0000004475616C75
:10B530002061786973206C656E6774682066616944
:10B540006C206D617800000044697361626C652055
:10B550004739322070657273697374656E63650074
:10B56000526F746172792061786573005370696EEF
:10B57000646C65206F6E2064656C6179000000006A
:10B58000302E3500436F6F6C616E74206F6E2064D7
:10B59000656C61790000000044656661756C74201B
:10B5A0007370696E646C6500506C616E6E657220BC
:10B5B00062756666657220626C6F636B7300000073
:10B5C00031303030000000004175746F7265706F6B
:10B5D000727420696E74657276616C006D73000020
:10B5E000556E6C6F636B207265717569726564204E
:10B5F000616674657220452D53746F700000000001
:10B600004B65657020746F6F6C206E756D6265722E
:10B61000206F766572207265626F6F7400000000A3
:10B620004C6F636B20636F6F7264696E6174652029
:10B6300073797374656D73004735392E312C473536
:10B64000392E322C4735392E33000000456E636F9A
:10B65000646572207370696E646C65004661737412
:10B6600020726F7461727920676F20746F20473287
:10B67000380000005370696E646C65206F66662048
:10B6800064656C617900000046696C6520737973AC
:10B6900074656D73206F7074696F6E7300000000C5
:10B6A000496E7665727420686F6D6520696E70757D
:10B6B000747300004D6F746F72207761726E696EE3
:10B6C0006720696E7075747320656E61626C6500C9
:10B6D000496E76657274206D6F746F722077617237
:10B6E0006E696E6720696E70757473004D6F746F4C
:10B6F00072206661756C7420696E70757473206554
:10B700006E61626C65000000496E76657274206D32
:10B710006F746F72206661756C7420696E707574D9
:10B7200073000000526573657420616374696F6E05
:10B7300073000000436C65617220686F6D65642062
:10B7400073746174757320696620706F73697469AE
:10B750006F6E20776173206C6F73742C436C65611E
:10B7600072206F66667365747320286578636570F0
:10B770007420473932290000537465707065722057
:10B78000656E61626C652064656C61790000000023
:10B7900032353000526F6F740000000047656E65EF
:10B7A00072616C00436F6E74726F6C207369676EA8
:10B7B000616C73004C696D69747300004475616C51
:10B7C0002061786973000000436F6F6C616E7400D4
:10B7D0005370696E646C65005370696E646C6520AB
:10B7E00073796E6300000000546F6F6C20636861B2
:10B7F0006E676500486F6D696E67000050726F621A
:10B80000696E67005061726B696E672F5361666580
:10B81000747920646F6F72004A6F6767696E6700A2
:10B820005374657070657200537465707065722032
:10B8300064726976657200004178697300000000E7
:10B84000582D617869730000592D61786973000083
:10B850005A2D617869730000412D61786973000089
:10B86000422D6178697300004E554C4C0000000079
:10B8700053455249414C2053545245414D20414378
:10B88000544956450000000054454C4E4554205341
:10B89000545245414D204143544956450000000053
:10B8A000574542534F434B45542053545245414D05
:10B8B0002041435449564500424C5545544F4F543E
:10B8C000482053545245414D204143544956450068
:10B8D0006F75747075742073746570706572206410
:10B8E000726976657220737461747573000000006C
:10B8F000656E756D65726174652070696E20626930
:10B900006E64696E67730000746F67676C652062B0
:10B910006C6F636B2064656C657465207377697404
:10B9200063680000746F67676C65206F7074696F7F
:10B930006E616C2073746F70207377697463682014
:10B94000284D312900000000746F67676C65207313
:10B95000696E676C65207374657070696E672073BB
:10B9600077697463680000006F7574707574206186
:10B970007578696C696172792070696E2073746181
:10B980007465730024525443202D206F75747075B4
:10B99000742063757272656E742074696D652E0D06
:10B9A0000A000000245254433D3C49534F3836307E
:10B9B00031206461746574696D653E202D20736566
:10B9C000742063757272656E742074696D652E0DD6
:10B9D0000A0000002448202D20686F6D6520636FE9
:10B9E0006E6669677572656420617865732E0D0AED
:10B9F0000000000024483C617869736C65747465CC
:10BA0000723E202D20686F6D652073696E676C65CE
:10BA100020617869732E0D0A0000000024525354EF
:10BA20003D2A202D20726573746F72652F726573C5
:10BA3000657420616C6C2073657474696E67732E15
:10BA40000D0A0000245253543D24202D20726573AA
:10BA5000746F72652064656661756C7420736574BB
:10BA600074696E67732E0D0A00000000245253544F
:10BA70003D26202D20726573746F72652064726993
:10BA800076657220616E6420706C7567696E2064E3
:10BA9000656661756C742073657474696E67732E66
:10BAA0000D0A0000245253543D23202D207265734B
:10BAB0006574206F66667365747320616E642074AC
:10BAC0006F6F6C20646174612E0D0A002452535410
:10BAD0003D23202D207265736574206F6666736543
:10BAE00074732E0D0A000000245352202D2072651D
:10BAF000736574207370696E646C6520656E636F26
:10BB000064657220646174612E0D0A002453442020
:10BB10002D206F7574707574207370696E646C6518
:10BB200020656E636F64657220646174612E0D0A16
:10BB30000000000048454C50000000006F75747014
:10BB4000757420706172736572207374617465001E
:10BB50004A000000244A3D3C67636F64653E202D27
:10BB6000206A6F67206D616368696E650000000080
:10BB7000230000006F7574707574206F66667365BE
:10BB800074732C20746F6F6C207461626C652C2050
:10BB900070726F62696E6720616E6420686F6D6598
:10BBA00020706F736974696F6E0D0A24233D3C6EBB
:10BBB0003E202D206F75747075742076616C7565EC
:10BBC00020666F7220706172616D65746572203CD1
:10BBD0006E3E0000243C6E3E202D206F7574707503
:10BBE000742073657474696E67203C6E3E207661C4
:10BBF0006C75650D0A243C6E3E3D3C76616C756546
:10BC00003E202D2061737369676E203C76616C75F0
:10BC1000653E20746F2073657474696E6773203C91
:10BC20006E3E0D0A2424202D206F757470757420CB
:10BC3000616C6C2073657474696E672076616C75D5
:10BC400065730D0A24243D3C6E3E202D206F7574D3
:10BC50007075742073657474696E672064657461AF
:10BC6000696C7320666F722073657474696E6720E7
:10BC70003C6E3E002B0000006F757470757420617F
:10BC80006C6C2073657474696E672076616C756581
:10BC90007300000053454400245345443D3C6E3E30
:10BCA000202D206F75747075742073657474696EBF
:10BCB0006773206465736372697074696F6E206660
:10BCC0006F722073657474696E67203C6E3E00006D
:10BCD0004F000000656E61626C6520636865636B90
:10BCE000206D6F64652C203C52657365743E207432
:10BCF0006F20657869740000756E6C6F636B206DE2
:10BD0000616368696E65000048580000485900008A
:10BD1000485A000048410000484200004853530080
:10BD20007265706F727420686F6D696E67207377CB
:10BD300069746368657320737461747573000000BF
:10BD40002448454C50202D206F7574707574206800
:10BD5000656C7020746F706963730D0A2448454CDC
:10BD600050203C746F7069633E202D206F75747095
:10BD700075742068656C7020666F72203C746F70FB
:10BD800069633E005350494E444C45530000000047
:10BD9000656E756D6572617465207370696E646C33
:10BDA00065732C2068756D616E20726561646162D7
:10BDB0006C6500005350494E444C45534800000008
:10BDC000656E756D6572617465207370696E646C03
:10BDD00065732C206D616368696E652072656164AE
:10BDE00061626C6500000000534C5000656E746524
:10BDF0007220736C656570206D6F646500000000D3
:10BE0000544C520073657420746F6F6C206F6666BB
:10BE1000736574207265666572656E636500000007
:10BE20005450570070726F626520746F6F6C207091
:10BE30006C617465000000006F7574707574207318
:10BE4000797374656D20696E666F726D6174696F68
:10BE50006E0D0A24493D3C737472696E673E202D55
:10BE600020736574206275696C6420696E666F204A
:10BE7000737472696E670000492B00006F757470EF
:10BE8000757420657874656E646564207379737465
:10BE9000656D20696E666F726D6174696F6E00000A
:10BEA000525354006F75747075742073746172749A
:10BEB0007570206C696E6573000000004E300000E4
:10BEC0004E303D3C67636F64653E202D2073657482
:10BED0002073746172747570206C696E6520300017
:10BEE0004E3100004E313D3C67636F64653E202D4E
:10BEF000207365742073746172747570206C696E40
:10BF00006520310045410000656E756D6572617494
:10BF10006520616C61726D7300000000454147004F
:10BF2000656E756D657261746520616C61726D73AB
:10BF30002C204772626C20666F726D617474656448
:10BF40000000000045450000656E756D6572617406
:10BF5000652073746174757320636F64657300008A
:10BF600045454700656E756D657261746520737433
:10BF70006174757320636F6465732C204772626C03
:10BF800020666F726D61747465640000454700003F
:10BF9000656E756D65726174652073657474696E24
:10BFA000672067726F7570730000000045530000D2
:10BFB000656E756D65726174652073657474696E04
:10BFC0006773000045534700656E756D6572617457
:10BFD000652073657474696E67732C204772626C98
:10BFE00020666F726D61747465640000455348008B
:10BFF000656E756D65726174652073657474696EC4
:10C0000067732C206772626C48414C20666F726DBA
:10C010006174746564000000452A0000656E756DEA
:10C02000657261746520616C61726D732C2073742C
:10C030006174757320636F64657320616E6420732F
:10C04000657474696E67730050494E5300000000B8
:10C0500050494E5354415445000000004C45560091
:10C060006F7574707574206C61737420636F6E7477
:10C07000726F6C207369676E616C206576656E7493
:10C08000730000004C494D006F7574707574206327
:10C09000757272656E74206C696D69742070696E5A
:10C0A00073000000534400005352000053445300F7
:10C0B0005254430044574E4752440000746F676720
:10C0C0006C652073657474696E6720666C61677354
:10C0D00020666F7220646F776E677261646500001E
:10C0E00048617264206C696D6974206861732062B4
:10C0F00065656E207472696767657265642E204D90
:10C10000616368696E6520706F736974696F6E2012
:10C110006973206C696B656C79206C6F7374206433
:10C12000756520746F2073756464656E2068616C3A
:10C13000742E2052652D686F6D696E6720697320BB
:10C14000686967686C79207265636F6D6D656E6490
:10C1500065642E00536F6674206C696D697420618C
:10C160006C61726D2E20472D636F6465206D6F7456
:10C17000696F6E20746172676574206578636565A8
:10C180006473206D616368696E65207472617665A1
:10C190006C2E204D616368696E6520706F736974E1
:10C1A000696F6E2072657461696E65642E20416CE2
:10C1B00061726D206D617920626520736166656CC6
:10C1C0007920756E6C6F636B65642E0052657365C4
:10C1D000742F452D73746F70207768696C652069C2
:10C1E0006E206D6F74696F6E2E204D616368696E8D
:10C1F0006520706F736974696F6E206973206C6954
:10C200006B656C79206C6F73742064756520746F36
:10C210002073756464656E2068616C742E205265AD
:10C220002D686F6D696E6720697320686967686C37
:10C2300079207265636F6D6D656E6465642E0000B4
:10C2400050726F6265206661696C2E2050726F6259
:10C2500065206973206E6F7420696E207468652094
:10C26000657870656374656420696E697469616C72
:10C27000207374617465206265666F7265207374E3
:10C28000617274696E672070726F62652063796392
:10C290006C65207768656E204733382E3220616EDA
:10C2A00064204733382E33206973206E6F742074F6
:10C2B000726967676572656420616E642047333810
:10C2C0002E3420616E64204733382E352069732068
:10C2D0007472696767657265642E000050726F62E0
:10C2E00065206661696C2E2050726F6265206469FA
:10C2F00064206E6F7420636F6E7461637420746861
:10C300006520776F726B7069656365207769746803
:10C31000696E207468652070726F6772616D6D65FB
:10C32000642074726176656C20666F7220473338C2
:10C330002E3220616E64204733382E342E000000E8
:10C34000486F6D696E67206661696C2E2054686560
:10C350002061637469766520686F6D696E6720631C
:10C3600079636C65207761732072657365742E0044
:10C37000486F6D696E67206661696C2E2053616637
:10C3800065747920646F6F7220776173206F7065B8
:10C390006E656420647572696E6720686F6D696E82
:10C3A00067206379636C652E00000000486F6D693B
:10C3B0006E67206661696C2E2050756C6C206F660C
:10C3C000662074726176656C206661696C656420B4
:10C3D000746F20636C656172206C696D6974207381
:10C3E00077697463682E2054727920696E63726570
:10C3F0006173696E672070756C6C2D6F6666207353
:10C40000657474696E67206F7220636865636B2062
:10C41000776972696E672E00486F6D696E67206676
:10C4200061696C2E20436F756C64206E6F7420669A
:10C43000696E64206C696D697420737769746368D0
:10C440002077697468696E2073656172636820641F
:10C45000697374616E6365732E2054727920696EFE
:10C460006372656173696E67206D617820747261B3
:10C4700076656C2C2064656372656173696E6720F4
:10C4800070756C6C2D6F66662064697374616E6381
:10C49000652C206F7220636865636B207769726911
:10C4A0006E672E004553746F7020617373657274EC
:10C4B00065642E20436C65617220616E6420726534
:10C4C00073657400486F6D696E6720726571756978
:10C4D0007265642E204578656375746520686F6D9C
:10C4E000696E6720636F6D6D616E64202824482932
:10C4F00020746F20636F6E74696E75652E00000086
:10C500004C696D69742073776974636820656E6720
:10C51000616765642E20436C656172206265666F99
:10C52000726520636F6E74696E75696E672E0000A8
:10C5300050726F62652070726F74656374696F6E9C
:10C54000207472696767657265642E20436C65614B
:10C5500072206265666F726520636F6E74696E75B6
:10C56000696E672E000000005370696E646C652070
:10C5700061742073706565642074696D656F75748E
:10C580002E20436C656172206265666F7265206360
:10C590006F6E74696E75696E672E0000486F6D6905
:10C5A0006E67206661696C2E20436F756C64206E27
:10C5B0006F742066696E64207365636F6E64206CAF
:10C5C000696D69742073776974636820666F72207F
:10C5D0006175746F2073717561726564206178692B
:10C5E000732077697468696E20736561726368206F
:10C5F00064697374616E6365732E20547279206967
:10C600006E6372656173696E67206D617820747204
:10C610006176656C2C2064656372656173696E6711
:10C620002070756C6C2D6F66662064697374616E22
:10C6300063652C206F7220636865636B2077697275
:10C64000696E672E00000000506F776572206F6E74
:10C650002073656C66746573742028504F532920CD
:10C660006661696C65642E004D6F746F722066613F
:10C67000756C742E00000000486F6D696E6720664F
:10C6800061696C2E2042616420636F6E6669677514
:10C69000726174696F6E2E00472D636F6465207739
:10C6A0006F72647320636F6E73697374206F66209A
:10C6B00061206C657474657220616E6420612076FF
:10C6C000616C75652E204C6574746572207761739A
:10C6D000206E6F7420666F756E642E004D697373E3
:10C6E000696E672074686520657870656374656439
:10C6F00020472D636F646520776F72642076616CCC
:10C700007565206F72206E756D6572696320766144
:10C710006C756520666F726D6174206973206E6F31
:10C72000742076616C69642E0000000027242720A5
:10C7300073797374656D20636F6D6D616E642077BE
:10C740006173206E6F74207265636F676E697A65BE
:10C7500064206F7220737570706F727465642E0040
:10C760004E656761746976652076616C75652072C7
:10C770006563656976656420666F7220616E206509
:10C780007870656374656420706F73697469766529
:10C790002076616C75652E00486F6D696E67206349
:10C7A00079636C65206661696C7572652E20486FCF
:10C7B0006D696E67206973206E6F7420636F6E669B
:10C7C0006967757265642076696120736574746940
:10C7D0006E67732E00000000537465702070756CD6
:10C7E00073652074696D65206D75737420626520B2
:10C7F00067726561746572206F7220657175616C16
:10C8000020746F2032206D6963726F7365636F6E81
:10C8100064732E00412073657474696E67732072AF
:10C82000656164206661696C65642E204175746F72
:10C830002D726573746F72696E67206166666563D9
:10C840007465642073657474696E677320746F20F7
:10C8500064656661756C742076616C7565732E0015
:10C8600027242720636F6D6D616E642063616E6E97
:10C870006F74206265207573656420756E6C6573D6
:10C880007320636F6E74726F6C6C65722073746169
:10C8900074652069732049444C452E20456E73759C
:10C8A00072657320736D6F6F7468206F706572614D
:10C8B00074696F6E20647572696E672061206A6F9B
:10C8C000622E0000472D636F646520636F6D6D619C
:10C8D0006E647320617265206C6F636B6564206F9A
:10C8E000757420647572696E6720616C61726D2069
:10C8F0006F72206A6F672073746174652E00000088
:10C90000536F6674206C696D6974732063616E6E19
:10C910006F7420626520656E61626C656420776962
:10C9200074686F757420686F6D696E6720616C73D1
:10C930006F20656E61626C65642E00004D61782029
:10C940006368617261637465727320706572206CD4
:10C95000696E652065786365656465642E2052653F
:10C9600063656976656420636F6D6D616E64206CCC
:10C97000696E6520776173206E6F742065786563DA
:10C98000757465642E000000272427207365747475
:10C99000696E672076616C756520636175736520CB
:10C9A0007468652073746570207261746520746F9B
:10C9B0002065786365656420746865206D617869B9
:10C9C0006D756D20737570706F727465642E0000E4
:10C9D00053616665747920646F6F72206465746555
:10C9E00063746564206173206F70656E6564206197
:10C9F0006E6420646F6F7220737461746520696E59
:10CA0000697469617465642E000000004275696C88
:10CA10006420696E666F206F722073746172747522
:10CA200070206C696E652065786365656465642057
:10CA30006C696E65206C656E677468206C696D69E1
:10CA4000742E204C696E65206E6F742073746F7243
:10CA500065642E004A6F6720746172676574206593
:10CA6000786365656473206D616368696E652074C1
:10CA7000726176656C2E204A6F6720636F6D6D6101
:10CA80006E6420686173206265656E2069676E6FF1
:10CA90007265642E000000004A6F6720636F6D6D41
:10CAA000616E6420686173206E6F20273D27206FC0
:10CAB0007220636F6E7461696E732070726F686943
:10CAC000626974656420672D636F64652E000000E1
:10CAD0004C61736572206D6F646520726571756954
:10CAE0007265732050574D206F75747075742E00E9
:10CAF00052657365742061737365727465640000B8
:10CB00004E6F6E20706F7369746976652076616C04
:10CB100075650000556E737570706F727465642072
:10CB20006F7220696E76616C696420672D636F6433
:10CB30006520636F6D6D616E6420666F756E642035
:10CB4000696E20626C6F636B2E0000004D6F726522
:10CB5000207468616E206F6E6520672D636F646559
:10CB600020636F6D6D616E642066726F6D207361FE
:10CB70006D65206D6F64616C2067726F75702066E3
:10CB80006F756E6420696E20626C6F636B2E00009F
:10CB900046656564207261746520686173206E6FFC
:10CBA0007420796574206265656E20736574206FEA
:10CBB0007220697320756E646566696E65642E0007
:10CBC000472D636F646520636F6D6D616E642069CE
:10CBD0006E20626C6F636B2072657175697265732C
:10CBE00020616E20696E74656765722076616C7570
:10CBF000652E00004D6F7265207468616E206F6E47
:10CC00006520672D636F646520636F6D6D616E6471
:10CC10002074686174207265717569726573206132
:10CC200078697320776F72647320666F756E642005
:10CC3000696E20626C6F636B2E0000005265706538
:10CC40006174656420672D636F646520776F72641B
:10CC500020666F756E6420696E20626C6F636B2E48
:10CC6000000000004E6F206178697320776F726456
:10CC70007320666F756E6420696E20626C6F636BE3
:10CC800020666F7220672D636F646520636F6D6D22
:10CC9000616E64206F722063757272656E74206DB0
:10CCA0006F64616C20737461746520776869636870
:10CCB000207265717569726573207468656D2E00E8
:10CCC0004C696E65206E756D6265722076616C755B
:10CCD0006520697320696E76616C69642E000000BE
:10CCE000472D636F646520636F6D6D616E642069AD
:10CCF00073206D697373696E672061207265717549
:10CD0000697265642076616C756520776F72642E38
:10CD1000000000004735392E7820776F726B206352
:10CD20006F6F7264696E6174652073797374656D79
:10CD30007320617265206E6F7420737570706F72EE
:10CD40007465642E00000000473533206F6E6C79E7
:10CD500020616C6C6F776564207769746820473058
:10CD600020616E64204731206D6F74696F6E206D95
:10CD70006F6465732E0000004178697320776F72CD
:10CD8000647320666F756E6420696E20626C6F63D9
:10CD90006B207768656E206E6F20636F6D6D616EBE
:10CDA00064206F722063757272656E74206D6F649B
:10CDB000616C207374617465207573657320746889
:10CDC000656D2E00473220616E642047332061720A
:10CDD00063732072657175697265206174206C657A
:10CDE000617374206F6E6520696E2D706C616E6565
:10CDF000206178697320776F72642E004D6F7469BB
:10CE00006F6E20636F6D6D616E6420746172676513
:10CE10007420697320696E76616C69642E0000006D
:10CE2000417263207261646975732076616C756507
:10CE300020697320696E76616C69642E00000000C1
:10CE4000473220616E642047332061726373207221
:10CE5000657175697265206174206C6561737420F9
:10CE60006F6E6520696E2D706C616E65206F6666F1
:10CE700073657420776F72642E000000556E7573B1
:10CE800065642076616C756520776F7264732066C7
:10CE90006F756E6420696E20626C6F636B2E00008C
:10CEA0004734332E312064796E616D696320746F6D
:10CEB0006F6C206C656E677468206F66667365744E
:10CEC000206973206E6F742061737369676E656487
:10CED00020746F20636F6E66696775726564207475
:10CEE0006F6F6C206C656E67746820617869732E53
:10CEF00000000000546F6F6C206E756D62657220CB
:10CF000067726561746572207468616E206D617806
:10CF100020737570706F727465642076616C7565CE
:10CF2000206F7220756E646566696E656420746F2B
:10CF30006F6C2073656C65637465642E000000007F
:10CF400056616C7565206F7574206F662072616E16
:10CF500067652E00472D636F646520636F6D6D619B
:10CF60006E64206E6F7420616C6C6F7765642077DF
:10CF700068656E20746F6F6C206368616E676520F2
:10CF800069732070656E64696E672E005370696EF8
:10CF9000646C65206E6F742072756E6E696E6720AA
:10CFA0007768656E206D6F74696F6E20636F6D6D4D
:10CFB000616E64656420696E20435353206F722054
:10CFC0007370696E646C652073796E63206D6F6435
:10CFD000652E0000506C616E65206D757374206263
:10CFE00065205A5820666F722074687265616469A2
:10CFF0006E672E004D61782E206665656420726133
:10D0000074652065786365656465642E00000000C2
:10D0100052504D206F7574206F662072616E676587
:10D020002E0000004F6E6C7920686F6D696E67206E
:10D03000697320616C6C6F776564207768656E201A
:10D0400061206C696D697420737769746368206905
:10D050007320656E67616765642E0000486F6D65BB
:10D06000206D616368696E6520746F20636F6E74F4
:10D07000696E75652E0000004154433A2063757255
:10D0800072656E7420746F6F6C206973206E6F749C
:10D09000207365742E205365742063757272656EFB
:10D0A0007420746F6F6C2077697468204D36312E50
:10D0B0000000000056616C756520776F7264206314
:10D0C0006F6E666C6963742E00000000506F7765A8
:10D0D00072206F6E2073656C6620746573742066B1
:10D0E00061696C65642E20412068617264207265FC
:10D0F0007365742069732072657175697265642E39
:10D1000000000000456D657267656E637920737479
:10D110006F70206163746976652E000053657474C6
:10D12000696E672076616C7565206973206F757410
:10D13000206F662072616E67652E000053657474FF
:10D14000696E67206973206E6F7420617661696C07
:10D1500061626C652C20706F737369626C792064F6
:10D16000756520746F206C696D69746564206472E4
:10D170006976657220737570706F72742E0000008E
:10D180005265747261637420706F736974696F6E35
:10D19000206973206C657373207468616E206472FB
:10D1A000696C6C2064657074682E0000417474654D
:10D1B0006D707420746F20686F6D652074776F20B8
:10D1C0006175746F20737175617265642061786533
:10D1D00073206174207468652073616D65207469C3
:10D1E0006D652E00436F6F7264696E6174652073A4
:10D1F000797374656D206973206C6F636B65642E41
:10D2000000000000556E6578706563746564206683
:10D21000696C652064656D6172636174696F6E2EFF
:10D2200000000000506F7274206973206E6F7420CC
:10D23000617661696C61626C6500000041757468BB
:10D24000656E7469636174696F6E2072657175696A
:10D250007265642E0000000041636365737320648F
:10D26000656E6965642E00004E6F7420616C6C6F92
:10D27000776564207768696C652063726974696397
:10D28000616C206576656E742069732061637469D2
:10D2900076652E00436F756C64206E6F74206F701E
:10D2A000656E2066696C652E00000000557365721E
:10D2B00020646566696E6564206572726F72206FA6
:10D2C0006363757265642E005F766D616A6F7200CC
:10D2D0005F766D696E6F72005F6C696E650000004D
:10D2E0005F6D6F74696F6E5F6D6F64650000000045
:10D2F0005F706C616E6500005F63636F6D7000004E
:10D300005F6D6574726963005F696D7065726961F4
:10D310006C0000005F6162736F6C757465000000E3
:10D320005F696E6372656D656E74616C000000000C
:10D330005F696E76657273655F74696D6500000084
:10D340005F756E6974735F7065725F6D696E757419
:10D35000650000005F756E6974735F7065725F725F
:10D36000657600005F636F6F72645F7379737465D5
:10D370006D0000005F746F6F6C5F6F66667365743D
:10D38000000000005F726574726163745F725F70A9
:10D390006C616E65000000005F7265747261637499
:10D3A0005F6F6C645F7A00005F7370696E646C65B8
:10D3B0005F72706D5F6D6F64650000005F73706910
:10D3C0006E646C655F6373735F6D6F64650000000E
:10D3D0005F696A6B5F6162736F6C7574655F6D6FB7
:10D3E000646500005F6C617468655F6469616D65A8
:10D3F0007465725F6D6F6465000000005F6C61743E
:10D4000068655F7261646975735F6D6F6465000064
:10D410005F7370696E646C655F6F6E005F737069D7
:10D420006E646C655F6377005F6D69737400000004
:10D430005F666C6F6F6400005F73706565645F6F3B
:10D4400076657272696465005F666565645F6F76B4
:10D4500065727269646500005F6164617074697609
:10D46000655F6665656400005F666565645F686F3B
:10D470006C6400005F666565640000005F72706D3B
:10D48000000000005F6162735F7800005F6162739B
:10D490005F7900005F6162735F7A00005F616273B1
:10D4A0005F6100005F6162735F6200005F616273D1
:10D4B0005F6300005F6162735F7500005F616273AC
:10D4C0005F7600005F6162735F7700005F63757273
:10D4D00072656E745F746F6F6C0000005F637572CD
:10D4E00072656E745F706F636B6574005F73656CFB
:10D4F00065637465645F746F6F6C00005F73656C67
:10D5000065637465645F706F636B65740000000031
:10D510005F63616C6C5F6C6576656C005F70726FE9
:10D5200062655F7374617465000000005F746F6F03
:10D530006C7365747465725F737461746500000068
:10D540005F686F6D65645F737461746500000000EF
:10D550005F686F6D65645F61786573005F746F6F9E
:10D560006C5F7461626C655F73697A6500000000CE
:10D5700041757820000000002C41757820000000E3
:10D58000496E7665727420494F506F727420696ECF
:10D59000707574732E000000496E766572742049B0
:10D5A0004F506F7274206F75747075742E00000088
:10D5B000496E7665727420492F4F20506F72742027
:10D5C000696E707574730000496E766572742049D7
:10D5D0002F4F20506F7274206F75747075747300C4
:10D5E00041757820706F7274730000000A2A2A2A2D
:10D5F0002050414E4943202A2A2A0A004E6F2073A8
:10D6000070696E6C6F636B73206172652061766107
:10D61000696C61626C650000486172647761726573
:10D6200020616C61726D20256420616C726561649B
:10D630007920636C61696D6564000000556E6861F6
:10D640006E646C65642049525120307825780A0058
:10D65000657020253032582077617320616C7265C7
:10D6600061647920617661696C61626C65000000BB
:10D6700043616E277420636F6E74696E75652078E0
:10D68000666572206F6E20696E61637469766520CD
:10D6900065702025303258004861726420617373D0
:10D6A000657274004F7574206F66206D656D6F72C2
:10D6B0007900000052656C6561736500626F6F747C
:10D6C000325F773235713038300000007069636F37
:10D6D0003200000041756720323720323032350089
:10D6E0004E6F2050494F207374617465206D6163E3
:10D6F00068696E65732061726520617661696C612D
:10D70000626C6500302E30340000000050574D2010
:10D71000736572766F0000005B536572766F200050
:10D7200020706F736974696F6E3A200020646567BA
:10D73000726565735D0D0A0050574D205365727612
:10D740006F20300050574D20536572766F203100A6
:10D7500050574D20536572766F20320050574D2040
:10D76000536572766F2033004D323831206469671B
:10D770006974616C206F757400000000B471021050
:10D780007904001001000000B871021094D7021053
:10D7900007FF0100A0802860420028600860450063
:10D7A00008600000ACD7021006FF0100808027A0AF
:10D7B00041A04020840000C000000000F192011050
:10D7C000D91700109D1A0010000000006518001005
:10D7D000FD180010FD170010391800101D0300205F
:10D7E00009190010591900100D1B0010E518001040
:10D7F000BD170010B91800102118001045190010AD
:10D80000191900100000000000000000C90000000D
:10D8100010000000000000000000000002000000F6
:10D82000D0710210C80000001000000000000000CD
:10D830000100000000000000D07102100000020092
:10D84000791C0010D11B0010D91F0010000000002F
:10D850006D1D0010411C00101D1C0010F11B00105C
:10D86000FD1B00104D1C00106D1C0010851F0010CA
:10D8700000000000B51B00100000000000000000C8
:10D880000000000000000000000000000000000098
:10D8900000000000E0710210F0710210545F0020DF
:10D8A000F871021009024B00020100A07D080B0074
:10D8B0000202020000090400000102020004052423
:10D8C00000200105240100010424020605240600AD
:10D8D000010705810308001009040100020A000085
:10D8E0000007050202400000070582024000000018
:10D8F00012010002EF0201408A2E0A00000101021B
:10D900000301000088460020DD250010412600109C
:10D910008924001001260010812200100000000060
:10D920002C7202100100000034720210020000008C
:10D9300040720210030000000CB802100400000046
:10D940004C720210050000005C720210060000001C
:10D950006C720210070000007C72021008000000C8
:10D9600090720210090000009C7202100A00000070
:10D97000AC7202100B000000BC7202100D0000001F
:10D98000CC7202100E000000E07202100F000000C6
:10D99000E872021010000000F8720210110000007E
:10D9A000087302101700000018730210180000001E
:10D9B0002873021019000000387302101A000000CA
:10D9C000487302101B000000507302101C0000007E
:10D9D000647302101D000000707302101E0000002E
:10D9E000887302101F0000009873021020000000CE
:10D9F000A473021021000000B47302102200000082
:10DA0000C073021023000000C8730210240000003D
:10DA1000D473021025000000E073021026000000FD
:10DA2000F073021027000000FC73021028000000B1
:10DA30000474021029000000107402102A00000073
:10DA40001C7402102B0000002C7402102C0000002B
:10DA5000387402102D000000407402103D000000D8
:10DA60004C7402103E0000005C7402103F00000085
:10DA70006C74021040000000787402104100000035
:10DA800084740210420000009074021043000000F1
:10DA90009C74021044000000A874021045000000AD
:10DAA000B474021046000000C07402104700000069
:10DAB000CC74021048000000D87402104900000025
:10DAC000E47402104A000000F07402104B000000E1
:10DAD000FC7402104C000000087502104D0000009C
:10DAE000147502104E000000207502104F00000057
:10DAF0002C75021050000000387502105100000013
:10DB000044750210520000005075021053000000CE
:10DB10005C7502105400000068750210550000008A
:10DB20007475021056000000807502105700000046
:10DB30008C750210580000009C75021059000000FE
:10DB4000AC7502105A000000BC7502105B000000AA
:10DB5000CC7502105C000000DC7502105D00000056
:10DB6000EC7502105E000000FC7502105F00000002
:10DB70000C760210600000001476021061000000B4
:10DB80001C76021062000000247602106300000080
:10DB90002C76021064000000347602106A00000047
:10DBA0003C7602106B000000447602106C0000000E
:10DBB0004C7602106D000000547602106E000000DA
:10DBC0005C7602106F000000647602107E00000098
:10DBD0006C7602107F0000007C760210800000004E
:10DBE0008C760210810000009876021082000000FE
:10DBF000A476021088000000B076021065000000D4
:10DC0000BC76021070000000C47602108300000091
:10DC1000CC7602102E000000D87602102F000000F3
:10DC2000E476021030000000F076021012000000CE
:10DC3000F8760210660000000877021071000000FC
:10DC4000107702108400000018770210890000008D
:10DC500024770210310000003077021032000000FB
:10DC60003C770210330000004877021013000000D8
:10DC700050770210750000006077021076000000F7
:10DC80006C770210770000007877021078000000AF
:10DC90008477021079000000907702107A0000006B
:10DCA0009C7702107B000000A87702107C00000027
:10DCB000B47702107D000000C07702108A000000D7
:10DCC000CC7702108B000000D87702108C00000087
:10DCD000EC7702108D000000F87702108E00000033
:10DCE000087802108F0000001C78021090000000DD
:10DCF0002C7802109100000034780210920000008D
:10DD00003C78021093000000487802109400000054
:10DD10005478021095000000607802109600000010
:10DD20006C780210970000007878021098000000CC
:10DD30008478021099000000907802109A00000088
:10DD40009C7802109B000000A87802109C00000044
:10DD5000B47802109D000000C07802109E00000000
:10DD6000CC7802109F000000D8780210A0000000BC
:10DD7000E4780210A1000000F0780210A100000079
:10DD8000FC780210A200000008790210A300000035
:10DD900014790210A400000020790210A5000000F0
:10DDA0002C790210A600000038790210A7000000AC
:10DDB00044790210A800000050790210AA00000067
:10DDC0005C790210AB00000070790210AC0000001A
:10DDD00084790210AD00000098790210AE000000B6
:10DDE000AC790210AF000000C0790210B000000052
:10DDF000D4790210B1000000E8790210B2000000EE
:10DE0000FC790210B3000000007A0210B400000098
:10DE1000087A0210B5000000107A0210B600000067
:10DE2000187A0210B7000000207A0210B800000033
:10DE3000307A0210B9000000447A0210BA000000E3
:10DE4000547A0210BB000000647A0210BC0000008B
:10DE50006C7A0210BD000000747A0210BE0000004F
:10DE60007C7A0210BF000000847A0210C00000001B
:10DE7000907A0210C10000009C7A0210C2000000DB
:10DE8000AC7A0210C3000000B87A0210C40000008F
:10DE9000C07A0210C5000000C87A0210C600000057
:10DEA000D07A0210C7000000E07A0210C80000001B
:10DEB000EC7A0210C9000000F07A0210CA000000DB
:10DEC000F47A0210CB000000F87A0210CC000000B7
:10DED000007B0210CD000000087B0210CE00000085
:10DEE000147B0210CF000000207B0210D000000045
:10DEF000287B0210D1000000307B0210D20000000D
:10DF0000387B0210D3000000407B0210D4000000D8
:10DF1000487B0210D5000000507B0210D6000000A4
:10DF2000587B0210D7000000607B02100100000047
:10DF300000020200160202012C0202024202020347
:10DF4000580202046E020205840202069A020207C7
:10DF5000B0020208C6020209DC02020AF202020B47
:10DF6000260303006E030301B70304000000000052
:10DF700000000000000000007047002004000000C6
:10DF800074470020040000000000000000000000B2
:10DF90003047002004000000344700200400000047
:10DFA000384700200400000024470020040000003F
:10DFB00028470020040000002C4700200400000037
:10DFC00000000000000000009C470020020000004C
:10DFD0000000000000000000404700200400000096
:10DFE0000000000000000000000000000000000031
:10DFF000000000000000000048470020040000006E
:10E000004C4700200400000050470020040000009E
:10E01000A0470020020000000000000000000000F7
:10E0200000000000000000000000000000000000F0
:10E03000644700200400000068470020040000003E
:10E040006C47002004000000000000006081021006
:10E0500001000000C07B021002000000D47B02100F
:10E0600003000000E87B021004000000FC7B0210AB
:10E0700005000000047C021006000000107C021065
:10E08000070000001C7C0210080000002C7C02101D
:10E0900009000000347C02100A000000487C0210D5
:10E0A0000B0000005C7C02100C000000687C021079
:10E0B0000D000000987C02100E000000B07C0210E1
:10E0C0000F000000D07C021010000000FC7C021049
:10E0D00011000000287D021012000000487D02108F
:10E0E00013000000847D021014020000A07D0210C5
:10E0F00015000000C47D021016000000F8B50210E3
:10E1000017000000E07D02101F1C1F1E1F1E1F1F96
:10E110001E1F1E1F747702108077021078B0021045
:10E12000FC7A0210147A02100000003FCDCC4C3D66
:10E130000AD7A33B6F12033A17B75138ACC5A736BD
:10E14000BD37063595BF563377CCAB315F7009309C
:10E15000FFE65B2E18870210B07F0210147A0210BF
:10E16000047A02101C870210D88602100072021076
:10E17000E87E0210E87E0210208702103C83021025
:10E18000E87E0210E87E0210E87E0210E87E0210AF
:10E19000E87E0210E87E0210E87E0210248702105A
:10E1A000E87E0210E87E0210E87E0210E87E02108F
:10E1B000E87E0210E87E0210E87E0210E87E02107F
:10E1C000E87E0210E87E0210E87E0210E87E02106F
:10E1D000E87E0210E87E0210FC7A02105248534496
:10E1E0004C54454F464D2051202050200000000047
:10E1F0000501011029010110750F0110B90E011060
:10E20000B50F0110E90F01107C00000000000000B4
:10E2100080870210010000006088021002000000E8
:10E22000D8880210030000000089021004000000DA
:10E230002C89021005000000E08902100600000091
:10E24000088A0210090000002C8A02100800000051
:10E25000D08A02100A000000708B02100B00000030
:10E260006C8C02100C000000C48C02100D00000029
:10E27000388D02100E000000948D02100F00000077
:10E28000348E021010000000688E02101100000091
:10E29000B08E021012000000788F021013000000F0
:10E2A000DC8F0210140000004090021015000000E6
:10E2B000A09002101600000040910210170000000C
:10E2C000D8920210180000004093021019000000BC
:10E2D000909302101A000000E09302101B0000004F
:10E2E0002C9402101C000000909402101D000000ED
:10E2F000C49402101E000000249502101F000000AC
:10E300006495021020000000F49502102100000026
:10E310007C96021022000000949602102300000058
:10E32000C496021024000000F4960210250000009C
:10E3300024970210260000005C97021027000000BE
:10E3400084970210280000001C9802102900000089
:10E35000549802102A000000889802102B00000038
:10E36000BC9802102C000000F09802102D00000054
:10E370000C9902102E0000002C9902102F000000B2
:10E380004899021030000000689902103200000025
:10E390008499021033000000B49902103400000088
:10E3A000E499021035000000149A021036000000B3
:10E3B0003C9A0210370000003C9A0210380000001E
:10E3C000609A021039000000A49A02103A0000007E
:10E3D000D89A02103B0000001C9B02103C00000079
:10E3E000549B02103D000000889B02103E0000007C
:10E3F000E49B02103F000000F89B02104000000068
:10E40000389C021041000000609C02105A0000007D
:10E41000608102105B000000608102105C0000005F
:10E42000608102105F000000C89C021064000000C0
:10E43000F09C0210650000001C9D02106E000000A0
:10E44000449D0210780000006C9D021082000000C4
:10E45000C09D0210AA000000409E0210B4000000FF
:10E4600040930210BE00000090930210540100007F
:10E47000889E021055010000909F02105601000076
:10E4800010A20210570100004CA202105801000017
:10E49000A4A2021059010000F8A202105A010000C3
:10E4A00040A302105B010000B0A402105C01000058
:10E4B000E8A402105D01000010A502108001000018
:10E4C00038A50210780100007CA502108801000028
:10E4D000E0A502108901000038A602108A010000A0
:10E4E00090A602108B01000024A702108E010000EC
:10E4F00044A70210E10100006CA70210E201000035
:10E50000B0A70210E4010000CCA70210E601000051
:10E5100024A802101B02000058A8021007020000E5
:10E52000ECA802101A02000020A902108A020000C2
:10E5300078A902109F02000098A90210A102000011
:10E54000C0A90210A4020000F4A90210A802000051
:10E550001CAA02100000230074AA021084AA021050
:10E560000600000030AE0210E4650020000000004C
:10E57000050000003D470110255A01100000000071
:10E58000000000000100230094AA0210A4AA0210B7
:10E590000B000000B4AA021000000000BCAA021088
:10E5A0000400000070610020000000000000000076
:10E5B0000000000002002300C4AA021000000000B6
:10E5C0000400000000000000000000000000000047
:10E5D0000400000060610020000000000000000056
:10E5E0000000000003002300D8AA02100000000071
:10E5F0000400000000000000000000000000000017
:10E600000400000061610020000000000000000024
:10E610000000000004002300F0AA02100000000027
:10E6200004000000000000000000000000000000E6
:10E6300004000000636100200000000000000000F2
:10E64000000000000500030010AB021000000000F5
:10E6500004000000000000000000000000000000B6
:10E6600004000000836100200000000000000000A2
:10E670000000000006000C0024AB021000000000A7
:10E6800001000000102C002000000000000000002D
:10E6900005000000C5500110215501107D510110E9
:10E6A000000000000700060038AB02100000000068
:10E6B000000000000000000000000000000000005A
:10E6C00005000000CD470110215501107D510110BA
:10E6D000000000000800230044AB0210000000000E
:10E6E00001000000EC2900200000000000000000F4
:10E6F000030000004D470110215501107D5101100C
:10E70000000000000900060064AB021000000000D9
:10E710000200000078AB02100000000000000000C2
:10E7200003000000E9470110215501107D5101103F
:10E73000000000000A000100C0AB02100000000051
:10E7400001000000D8AB0210000000000000000033
:10E7500003000000BD47011021550110000000001A
:10E76000000000000B000100B4AC0210448702104E
:10E7700006000000C8AC021000000000000000000D
:10E78000040000002C6000200000000000000000D9
:10E79000000000000C000100D4AC021044870210FD
:10E7A00006000000C8AC02100000000000000000DD
:10E7B00004000000306000200000000000000000A5
:10E7C000000000000D000100E4AC02100000000099
:10E7D0000000000000000000000000000000000039
:10E7E00005000000555101102155011000000000E6
:10E7F000000000000E000200F8AC02100000000053
:10E8000001000000382A0020000000000000000085
:10E81000070000002D510110215501107D510110FC
:10E82000000000000F00050010AD02100000000005
:10E8300001000000042A0020000000000000000089
:10E8400002000000FE600020000000000000000048
:10E85000000000001000060028AD021000000000BB
:10E8600001000000102A002000000000000000004D
:10E8700003000000F14D0110215501107D510110E0
:10E88000010000001100020040AD02100000000075
:10E8900001000000382A00200000000000000000F5
:10E8A00003000000A1500110215501107D510110FD
:10E8B000000000001200030060AD02100000000024
:10E8C0000400000000000000000000000000000044
:10E8D0000200000084610020000000000000000031
:10E8E0000000000013000C007CAD021000000000CE
:10E8F00001000000102C00200000000000000000BB
:10E90000050000005D500110215501107D510110DE
:10E91000000000001400030098AD02100000000089
:10E9200000000000000000000000000000000000E7
:10E9300005000000E55F01102155011000000000F6
:10E940000000000015000300ACAD02100000000044
:10E9500002000000C0AD0210000000000000000036
:10E96000070000009548011021550110000000002B
:10E970000000000016000B00ECAD021000000000CB
:10E9800002000000282B0020000000000000000012
:10E9900007000000CD6001102155011000000000AB
:10E9A0000000000017000B00FCAD0210000000008A
:10E9B0000400000000000000000000000000000053
:10E9C00004000000EC6100200000000000000000D6
:10E9D0000000000018000B0014AE02103087021077
:10E9E000060000002CAE0210000000000000000035
:10E9F000050000009D490110255A0110000000008B
:10EA00000000000019000B0038AE02103087021021
:10EA1000060000002CAE0210000000000000000004
:10EA2000050000009D490110255A0110000000005A
:10EA3000000000001A000B0050AE0210A4AA021041
:10EA40000B00000070AE021000000000000000008B
:10EA500004000000E8610020000000000000000049
:10EA6000000000001B000B0074AE0210448702106F
:10EA700006000000C8AC021000000000000000000A
:10EA80000500000035500110255A0110000000005B
:10EA9000000000001C00010094AE02104487021028
:10EAA00006000000C8AC02100000000000000000DA
:10EAB00002000000346000200000000000000000A0
:10EAC000000000001D002300ACAE021084AA02105A
:10EAD0000600000030AE0210000000003479021081
:10EAE000020000006C610020000000000000000037
:10EAF000000000001E000600B8AE0210D0AE0210EA
:10EB000006000000C8AC0210000000000000000079
:10EB10000400000014610020000000007D5101107D
:10EB2000000000001F000600D4AE0210D0AE02109C
:10EB300006000000C8AC0210000000000000000049
:10EB40000400000018610020000000007D51011049
:10EB50000000000020000100ECAE021000000000E8
:10EB60000300000000AF02100000000000000000E1
:10EB700005000000A94D0110215501100000000002
:10EB8000000000002100060020AF021038AF021084
:10EB9000060000003CAF0210000000000000000072
:10EBA000020000001C610020000000007D510110E7
:10EBB000000000002200060044AF02105CAF02100B
:10EBC0000600000064AF0210000000006CAF0210ED
:10EBD0000200000020610020000000007D510110B3
:10EBE000000000002300060070AF02105CAF0210AE
:10EBF0000600000064AF0210000000006CAF0210BD
:10EC00000200000024610020000000007D5101107E
:10EC1000000000002400060088AF02105CAF021064
:10EC20000600000064AF0210000000006CAF02108C
:10EC30000200000028610020000000007D5101104A
:10EC40000000000025002300A0AF0210000000001B
:10EC500004000000000000000000000000000000B0
:10EC60000300000079470110215501100000000049
:10EC70000000000026000600BCAF021000000000EB
:10EC80000B000000E0AF02100000000000000000D8
:10EC90000200000006610020000000007D5101100C
:10ECA0000100000027000100E8AF02100000000092
:10ECB0000000000000000000000000000000000054
:10ECC000030000003549011021550110000000002B
:10ECD0000000000028000E0004B002100000000038
:10ECE0000000000000000000000000000000000024
:10ECF0000300000009490110215501100000000027
:10ED00000000000029000D0018B0021000000000F3
:10ED10000200000028B00210000000000000000007
:10ED200003000000514901102155011000000000AE
:10ED3000000000002A000D0064B002100000000076
:10ED40000300000074B0021000000000000000008A
:10ED500002000000896100200000000000000000A7
:10ED6000000000002B000B007CB00210000000002F
:10ED70000A00000070AE0210507802108CB0021031
:10ED800002000000ED610020000000000000000013
:10ED9000000000002C000B0090B0021000000000EA
:10EDA000040000000000000000000000000000005F
:10EDB00003000000914D01102155011000000000DA
:10EDC000000000002D000B00A8B0021000000000A1
:10EDD000040000000000000000000000000000002F
:10EDE00003000000914D01102155011000000000AA
:10EDF000000000002E000B00C4B002100000000054
:10EE000004000000000000000000000000000000FE
:10EE100003000000914D0110215501100000000079
:10EE2000000000002F000B00DCB00210000000000A
:10EE300004000000000000000000000000000000CE
:10EE400003000000914D0110215501100000000049
:10EE50000000000030000B00F8B0021000000000BD
:10EE6000040000000000000000000000000000009E
:10EE700003000000914D0110215501100000000019
:10EE80000000000038000D0010B10210448702108D
:10EE9000060000002CB1021000000000000000007D
:10EEA0000200000098610020000000000000000047
:10EEB0000000000039000D0034B10210308702104C
:10EEC000060000002CB1021000000000000000004D
:10EED000020000009461002000000000000000001B
:10EEE000000000003A000D004CB1021044870210EF
:10EEF000060000005CB1021064B1021000000000C6
:10EF0000020000008C6100200000000000000000F2
:10EF1000000000003B000D006CB1021030870210B1
:10EF2000060000002CB102100000000000000000EC
:10EF300002000000906100200000000000000000BE
:10EF4000000000003C00010080B102100000000041
:10EF500000000000000000000000000000000000B1
:10EF6000030000008149011021550110000000003C
:10EF7000000000003D000D0094B1021000000000F0
:10EF800001000000A8B10210000000000000000015
:10EF9000020000009C610020000000007D51011073
:10EFA000000000003E000100D4B10210000000008B
:10EFB0000000000000000000000000000000000051
:10EFC00003000000ED490110215501107D51011091
:10EFD000000000003F000100E4B10210000000004A
:10EFE00001000000F8B10210000000000000000065
:10EFF00003000000094A0110215501100000000023
:10F00000000000004000010040B2021000000000BB
:10F0100000000000000000000000000000000000F0
:10F0200003000000854A0110215501100000000076
:10F030000000000041000C0054B20210000000006B
:10F0400001000000D02A00200000000000000000A5
:10F0500003000000A14A0110215501107D5101104B
:10F06000000000005A00070064B202100000000017
:10F070000600000078B2021000000000000000004E
:10F0800002000000A86100200000000035680110A7
:10F09000000000005B00070084B2021000000000C6
:10F0A0000600000078B2021000000000000000001E
:10F0B00002000000AC610020000000003568011073
:10F0C000000000005C00070098B202100000000081
:10F0D0000600000078B202100000000000000000EE
:10F0E00002000000B061002000000000356801103F
:10F0F000000000005F000700ACB20210000000003A
:10F100000600000078B202100000000000000000BD
:10F1100002000000B8610020000000003568011006
:10F120000000000064002B00CCB20210A4290020D3
:10F1300006000000E4B20210000000000000000021
:10F1400005000000995C0110255A01100000000024
:10F150000C0000006E002B00F4B20210BC2900204D
:10F1600006000000C8AC0210000000000000000013
:10F1700005000000995C0110255A011000000000F4
:10F180000C00000078002B0008B30210B02900200A
:10F1900006000000C8AC02100000000000000000E3
:10F1A00005000000995C0110255A011000000000C4
:10F1B0000C00000082002B001CB30210C4290020A8
:10F1C00006000000C8AC02100000000000000000B3
:10F1D00005000000995C0110255A01100000000094
:10F1E0000C000000AA002B0034B302104487021068
:10F1F000060000004CB3021054B30210BC78021099
:10F2000003000000995C0110255A01107D51011086
:10F210000C000000B4002B0058B30210BC290020E1
:10F2200006000000E0AF0210000000000000000037
:10F2300001000000995C0110255A01107D51011058
:10F240000C000000BE002B0078B30210BC29002087
:10F2500006000000E0AF0210000000000000000007
:10F2600001000000995C0110255A01107D51011028
:10F270000C0000005401060098B302105CAF0210AD
:10F280000600000064AF0210000000000000000053
:10F2900003000000494C0110255A01107D51011056
:10F2A0000000000055010900B4B302100000000086
:10F2B00003000000C8B302100000000000000000BE
:10F2C000030000005D4D0110215501107D5101101A
:10F2D000000000005601090020B40210448702100B
:10F2E000060000002CAE021000000000000000002C
:10F2F00003000000294B0110255A01107D51011017
:10F30000000000005701090040B4021030870210CD
:10F31000060000002CAE02100000000000000000FB
:10F320000200000048600020000000007D51011034
:10F33000000000005801090060B40210308702107C
:10F34000060000002CAE02100000000000000000CB
:10F35000020000004C600020000000007D51011000
:10F36000000000005901090080B40210308702102B
:10F37000060000002CAE021000000000000000009B
:10F380000200000050600020000000007D510110CC
:10F39000000000005A010900A0B4021000000000A3
:10F3A00001000000B4B402100000000000000000E2
:10F3B00003000000454B0110215501107D51011043
:10F3C000000000005B010400F8B402105CAF021002
:10F3D0000600000064AF0210447802106CAF021007
:10F3E00002000000DC610020000000007D510110DF
:10F3F000000000005C01040010B5021044870210F8
:10F4000006000000C8AC0210000000000000000070
:10F4100002000000E4610020000000007D510110A6
:10F42000000000005D0104002CB5021044870210AA
:10F4300006000000C8AC0210000000000000000040
:10F4400002000000E0610020000000007D5101107A
:10F45000000000008001010048B50210000000001B
:10F46000000000000000000000000000000000009C
:10F4700003000000694A011021550110000000003E
:10F48000000000007801230060B5021000000000B9
:10F4900001000000A4F802100000000000000000BD
:10F4A000030000008D4B01102155011000000000E9
:10F4B0000000000088010D006CB5021000B00210C1
:10F4C0000600000030AE021080B502103479021040
:10F4D00002000000A0610020000000000000000009
:10F4E0000200000089010D0084B5021000B0021076
:10F4F0000600000030AE021080B502103479021010
:10F5000002000000A46100200000000000000000D4
:10F51000020000008A0106006CB5021000B0021063
:10F520000600000030AE021080B5021034790210DF
:10F5300003000000494C0110255A01107D510110B3
:10F54000020000008B01060098B5021000000000C8
:10F550000300000094620020000000000000000092
:10F56000030000001D4D0110215501107D510110B7
:10F57000010000008E010100A8B50210000000008B
:10F580000B000000B4AA021024820210C0B50210C1
:10F59000020000003E6000200000000000000000AB
:10F5A00001000000E1010100C8B50210DCB5021045
:10F5B0000B000000E0AF02106CAF0210C0B50210EB
:10F5C000030000009D4701102155011000000000BC
:10F5D00003000000E4010100E0B50210000000009B
:10F5E000000000000000000000000000000000001B
:10F5F0000300000049480110215501107D51011000
:10F6000000000000E501090000B602100000000043
:10F6100000000000000000000000000000000000EA
:10F62000030000007948011021550110000000007E
:10F6300000000000E601010020B6021000000000FA
:10F640000100000038B602100000000000000000B9
:10F6500002000000806100200000000000000000A7
:10F6600000000000070206004CB602100000000077
:10F670000300000094620020000000000000000071
:10F6800003000000E54C0110215501107D510110CF
:10F69000000000001A0223005CB602100000000007
:10F6A00001000000A4F802100000000000000000AB
:10F6B00003000000A14B01102155011000000000C3
:10F6C000000000001B02060074B6021000B0021019
:10F6D0000600000030AE021080B50210347902102E
:10F6E00003000000494C0110255A01107D51011002
:10F6F000020000008A02010088B60210000000002B
:10F7000001000000C82900200000000000000000E7
:10F710000200000081610020000000007D51011006
:10F72000000000009F020300A0B6021000000000CD
:10F7300004000000000000000000000000000000C5
:10F7400002000000FC600020000000007D5101105C
:10F7500000000000A102050084B5021000B00210F4
:10F760000600000030AE021080B50210347902109D
:10F7700003000000494C0110255A01107D51011071
:10F7800002000000E6022300B4B6021000000000F0
:10F790000400000000000000000000000000000065
:10F7A00002000000F4610020000000007D51011003
:10F7B00000000000E7022300D0B6021000000000A5
:10F7C0000400000000000000000000000000000035
:10F7D00002000000F5610020000000007D510110D2
:10F7E00000000000E8022300ECB602100000000058
:10F7F0000400000000000000000000000000000005
:10F8000002000000F6610020000000007D510110A0
:10F8100000000000E902230008B702100000000009
:10F8200004000000000000000000000000000000D4
:10F8300002000000F7610020000000007D5101106F
:10F8400000000000A402010024B702100000000024
:10F850000100000034B702100000000000000000AA
:10F8600003000000354A011021550110000000007E
:10F8700000000000A802230078B70210DCB50210D7
:10F880000B00000070AE02100000000090B70210E4
:10F8900002000000FA6100200000000000000000EB
:10F8A00000000000412D417869732C422D41786998
:10F8B000730000000000000094B7021039470110E7
:10F8C000000100009CB7021039470110000200003F
:10F8D000A4B702100000000000030000B4B702103B
:10F8E0000000000003040000BCB70210000000008C
:10F8F00000050000C8B7021000000000000600006C
:10F90000D0B702100000000006070000D8B70210B0
:10F910000000000000090000E8B70210000000002D
:10F92000000B0000F4B7021000000000000C000003
:10F93000FCB7021000000000000D000004B8021027
:10F9400000000000000E000018B8021000000000C7
:10F950000023000020B80210000000000024000076
:10F9600028B8021000000000002A000038B8021079
:10F97000394701102A2B000040B802103947011006
:10F980002A2C000048B80210394701102A2D000027
:10F9900050B80210394701102A2E000058B8021042
:10F9A000394701102A2F000060B8021039470110B2
:10F9B00017518E4D0AD7233C6F12033BCDCCCC3D63
:10F9C00000000000000064000000000000000000D3
:10F9D0000000C84100004843000048430000F041D7
:10F9E00000007A430000FA4300A00C47000048C31F
:10F9F000000000000000FA430000C84180CBA44B87
:10FA000000007A430000FA4300A00C47000048C3FE
:10FA1000000000000000FA430000C84180CBA44B66
:10FA200000007A430000FA4300A00C47000048C3DE
:10FA3000000000000000FA430000C84180CBA44B46
:10FA400000007A430000FA4300A00C47000048C3BE
:10FA5000000000000000FA430000C84180CBA44B26
:10FA600000007A430000FA4300A00C47000048C39E
:10FA7000000000000000FA430000C84180CBA44B06
:10FA80000000000000000000000003000B0B00005D
:10FA900000000000000000000000000000007A44A8
:10FAA0000000000000409C45000000000000000035
:10FAB0000000C842000000000000C07F00000000FD
:10FAC000000000000000C07F0000000000000000F7
:10FAD0000000C07F00000000000000000000C07FA8
:10FAE00000000000000000000000001F00000000F7
:10FAF0000000A0400000000019000000FF0100000D
:10FB0000D000000000000000000000000000000025
:10FB1000000200000000A0C00000FA430000C8423C
:10FB20000000A04000000000000080400000803F76
:10FB300000000000000000000000000000000000C5
:10FB400000000000000000000000000000000000B5
:10FB500000000000000000000000000000000000A5
:10FB60000000803F0000A0400000C841000020408D
:10FB7000FA00000000010403000000000000000083
:10FB80000000000000000000000000000000000075
:10FB9000000000001F000000000000000000000046
:10FBA0000500000000000000000000000000000050
:10FBB00000000000000000000000000009750110B6
:10FBC0000D75011019750110157501101D750110C5
:10FBD000000000000000000000000000070000001E
:10FBE000F1920110219301103193011000000000E7
:10FBF0002D93011041930110E9920110D1E50010FD
:10FC0000D1E500104D930110399301103593011087
:10FC1000399301102993011029930110D1E50010A7
:10FC20003D930110000000000000000000000000F3
:10FC3000070005005D9301100C7A021089B20110D3
:10FC4000030000003CBB021050BB02103DAE01108F
:10FC50000000000054BB021070BB02102DB2011056
:10FC60000200000074BB0210C47F0210B1B2011088
:10FC700002000000D4BB021074BC0210C1B101101C
:10FC80000200000078BC021094BC021065B10110A3
:10FC90000200000098BC0210147A021051A9011051
:10FCA0000500000019AA0110B87E021009A9011070
:10FCB0000500000019AA0110D0BC02109DA9011076
:10FCC0000500000019AA01100072021071AD0110A8
:10FCD00001000000D4BC02107477021009AF0110BB
:10FCE00000000000F8BC02103C83021011B40110A7
:10FCF0000400000001AE011008BD02107DB001102B
:10FD000000000000000000000CBD0210A5B70110AB
:10FD1000000000000000000010BD0210BDB6011080
:10FD2000000000000000000014BD0210D5B5011055
:10FD3000000000000000000018BD0210EDB401102A
:10FD400000000000000000001CBD0210D94001109E
:10FD50000300000020BD021034BB021069AD011089
:10FD60000200000040BD021084BD021061AD011010
:10FD70000300000090BD0210B4BD021059AD011087
:10FD800003000000C0BD0210E8BD0210A1AD0110CB
:10FD900001000000ECBD021000BE02101DB30110F6
:10FDA0000100000004BE021020BE021055AD01107B
:10FDB0000100000024BE02109C7F021011AD011052
:10FDC0000200000038BE021078BE0210F5AC01102F
:10FDD000030000007CBE0210A0BE021095AC011012
:10FDE000060000005DAE0110B07E021039AC0110BB
:10FDF00003000000A4BE0210BCBE0210A1AB0110A3
:10FE000000000000C0BE0210E0BE021079B3011075
:10FE100000000000E4BE021004BF021035AB011068
:10FE20000300000008BF02101CBF02102DAB011020
:10FE30000300000020BF021044BF021045AB0110B8
:10FE40000300000048BF021060BF02103DAB01106C
:10FE50000300000064BF02108CBF02104DAB011004
:10FE60000300000090BF0210ACBF021095AB011060
:10FE700003000000B0BF0210C4BF021089AB011024
:10FE800003000000C8BF0210ECBF02107DAB0110E0
:10FE900003000000F0BF021018C0021055AB0110A3
:10FEA000030000001CC0021048C0021029AB011062
:10FEB0000700000001AA011050C0021025AB01107C
:10FEC0000700000095AA01105CC00210D93F011084
:10FED0000300000060C0021084C0021091400110B5
:10FEE0000300000088C00210A4C0021005420110E7
:10FEF00004000000B9AE0110A8C0021071AA0110E0
:10FF000004000000B9AE0110ACC00210D1440110D1
:10FF100007000000E9A90110B0C00210E9AA011011
:10FF200006000000D5AD0110B4C00210ADAA01104A
:10FF300003000000BCC0021001000000E0C002107D
:10FF40000200000054C1021003000000CCC10210E6
:10FF50000400000040C2021005000000DCC20210D4
:10FF60000600000040C302100700000070C302102A
:10FF700008000000ACC302100900000018C4021001
:10FF80000A000000A4C402100B000000C4C4021048
:10FF90000C00000000C502100D00000030C502106A
:10FFA0000E00000068C502100F0000009CC5021082
:10FFB0001000000048C602101100000068C60210C0
:10FFC0001200000078C602100000000000000000CF
:10FFD0000100000098C6021002000000DCC60210FA
:10FFE000030000002CC702100400000060C70210CC
:10FFF0000500000098C7021006000000D8C70210D4
:020000041003E7
:100000000700000014C802100800000060C80210B9
:1000100009000000C4C802100A00000000C9021054
:100020000B0000003CC902100C00000088C902103F
:100030000D000000D0C902100E0000000CCA021012
:100040000F00000054CA02101000000098CA0210ED
:1000500011000000D0CA021012000000F0CA021005
:100060001300000000CB02101400000014CB02109B
:10007000150000004CCB02101600000090CB0210BF
:1000800017000000C0CB021018000000F4CB0210D3
:10009000190000003CCC02101A00000064CC0210D1
:1000A0001B000000C0CC02101C000000E0CC0210BD
:1000B0001D00000014CD02101E00000048CD0210EB
:1000C0001F00000078CD021020000000C4CD0210F7
:1000D00021000000FCCD02102200000020CE021002
:1000E0002300000040CE0210240000007CCE02104D
:1000F00025000000A0CE021026000000F4CE021061
:100100002700000040CF02102800000054CF02104A
:10011000290000008CCF02102A000000D4CF02106A
:100120002B000000F4CF02102C00000010D00210B1
:100130002D00000024D002102E0000005CD0021020
:100140002F00000078D0021030000000B4D0021060
:1001500031000000CCD002103200000004D10210A7
:100160003300000068C60210340000001CD10210E9
:10017000350000003CD102103600000080D1021092
:1001800037000000ACD1021038000000E4D10210AA
:100190003900000004D202103A00000024D20210FC
:1001A0004D0000003CD202104E00000058D2021058
:1001B0004F00000068D202105400000094D20210D8
:1001C000FD000000ACD20210C8D2021000000000F6
:1001D00000000000D0D2021001000000000000006A
:1001E000D8D202100200000000000000E0D202108D
:1001F0000300000000000000F0D202100400000024
:1002000000000000F8D2021005000000000000000D
:1002100000D30210060000000000000008D3021006
:10022000070000000000000014D3021008000000C6
:100230000000000020D302100900000000000000B0
:1002400030D302100A0000000000000040D302106A
:100250000B0000000000000054D302100C0000004E
:100260000000000064D302100D0000000000000038
:1002700074D302100E0000000000000084D30210AE
:100280000F0000000000000098D3021010000000D2
:1002900000000000A8D302101100000000000000C0
:1002A000BCD302101200000000000000D0D30210E6
:1002B0001300000000000000E4D30210140000004E
:1002C00000000000FCD30210150000000000000038
:1002D00010D4021016000000000000001CD4021010
:1002E000170000000000000028D4021018000000D1
:1002F0000000000030D402101900000000000000CF
:1003000038D402101A0000000000000048D4021087
:100310001B0000000000000058D402101C00000068
:100320000000000068D402101D0000000000000062
:1003300074D402101E000000000000007CD40210E3
:100340001F0000000000000088D402102000000000
:100350000000000090D40210210000000000000006
:10036000A4D302102200000000000000A0D402105C
:100370002300000000000000A8D4021024000000A8
:1003800000000000B0D402102500000000000000B2
:10039000B8D402102600000000000000C0D40210F3
:1003A0002700000000000000C8D402102800000050
:1003B0000000000084D402102900000000000000AA
:1003C0008CD402102A0000000000000094D4021017
:1003D0002B000000000000009CD402102C00000044
:1003E00000000000A4D402102D0000000000000056
:1003F000ACD402102E00000000000000B4D40210A3
:100400002F00000000000000BCD4021030000000EB
:1004100000000000C4D40210310000000000000001
:10042000CCD402103200000000000000DCD4021026
:100430003300000000000000ECD402103400000083
:1004400000000000FCD40210350000000000000095
:1004500010D5021036000000000000001CD502106C
:1004600037000000000000002CD50210380000000A
:100470000000000040D5021039000000000000001C
:1004800050D502103A000000000000005CD50210B8
:100490003B00000000000000C513CD13EDCE01109D
:1004A000CE13CE1331CD011029143114B1CE011069
:1004B0003D14451475CE011047144F14ADCF0110F3
:1004C0005A145A14C5CD01105B146314DDCD01100C
:1004D00064146414A5CD011065146E1425CE0110AA
:1004E0007914821425CE01108D14961425CE011096
:1004F000A114AA1425CE0110B514BE1425CE0110E6
:10050000C9146E1425CE0110DD14E61425CE011099
:10051000F114FA1425CE011005150E1525CE011083
:100520001715171545CD0110181518155DCD0110BB
:100530001915211579CD01102C153415DDCF0110B9
:10054000DF15DF1509CE01107201000080D5021001
:100550007401000098D5021072011200B0D502108B
:100560000000000001000000C02E0020000000007C
:1005700000000000010000005DE10110F1E4011045
:10058000A9E401100000000074011200C8D5021097
:1005900000000000010000009C2F0020000000006F
:1005A00000000000010000005DE10110F1E4011015
:1005B000A9E401100000000000120000E0D50210C4
:1005C0000000000050300050310050320050330025
:1005D000503400503500503600503700503800502D
:1005E000390050313000503131005031320050313B
:1005F0003300503134005031350050313600503125
:10060000370050313800503139005032300050320C
:100610003100503232005032330000004530004586
:10062000310045320045330045340045350045363C
:100630000045370045380045390045313000453127
:100640003100453132004531330045313400453108
:100650003500000000000000E51F02105D200210C0
:100660008D200210D9200210992102105922021067
:100670000000000006005250D3F07542B4D60210BC
:1006800006005250E182887FBCD60210060052500C
:10069000ABB360538871021006005250BBFF3CB6EA
:1006A000CCD6021006005250861C0302948502101C
:1006B000060052505422A29DD4D60210050052507A
:1006C000DE65F4683C3E03100D0A000038D70210C6
:1006D00044D7021050D702105CD702100D0E100044
:1006E000000048420000000000003443000080BFCA
:1006F0007B142E4000004041000100001A1B1C002A
:1007000000202020202020202020282828282820E1
:1007100020202020202020202020202020202020D9
:100720002088101010101010101010101010101041
:100730001004040404040404040404101010101031
:1007400010104141414141410101010101010101FB
:10075000010101010101010101010101101010104D
:1007600010104242424242420202020202020202CD
:100770000202020202020202020202021010101021
:100780002000000000000000000000000000000049
:100790000000000000000000000000000000000059
:1007A0000000000000000000000000000000000049
:1007B0000000000000000000000000000000000039
:1007C0000000000000000000000000000000000029
:1007D0000000000000000000000000000000000019
:1007E0000000000000000000000000000000000009
:1007F00000000000000000000000000000000000F9
:0408000000000000F4
:08080400EC60FF7F0100000021
:10080C0074060310800603108C0603109806031060
:0C081C00A4060310B0060310BC06031075
:10082800437853B10023437010EE1030C27883EA46
:10083800C21303F4786320EE103083781BB313F0EF
:10084800010021D1194A59089070C90703D5917838
:1008580041F00201917099080DD0C8071BD4D9083E
:1008680009D0C9071CD41B0905D0DB0703D5937829
:1008780043F0100393700E4B0E491B680968126809
:10088800043341F8232070470121084A917033FA54
:1008980001F1DAD1EFE7917841F004019170DEE7D8
:1008A800917841F008019170DDE700BF1829002018
:1008B800E0650020CC6500204FF00000704700BFC5
:1008C80008B5044BD3F89C3098470122024B1A63B1
:1008D80008BD00BFF8390020000030501A4B1B4AF1
:1008E800984210B411682DD8194B9B68984238BFAC
:1008F80018460E2888BF0E38164B1A6882420FD049
:10090800154A164C1268186001EB410302F01F02E9
:1009180004EBC30301F1040C44F82C00C3F8D820FD
:1009280001230E4A8B401068034208D111680B431B
:100938001360D2F8703143F48073C2F870315DF8F7
:10094800044B70470648D7E73F420F00E865002090
:10095800D0650020F44F0020EC65002000003050E6
:1009680032420F0030B52A4B83B053F820506DB196
:1009780095F90930002B3BDBEB68B3F5806F0DD0A0
:10098800B3F5801F04D0B3F5007F07D003B030BDA6
:10099800284603B0BDE8304002F09AB900231D4A4A
:1009A8000093146E10EE183010EE185010EE180068
:1009B80010EE181010EE1820C5F34045C3F3C033ED
:1009C80043EA4503C0F3804043EA8003C1F3C041D2
:1009D80043EAC103C2F3005243EA021303F01F03C0
:1009E8008DF800302346009803B0BDE83040184722
:1009F800044628222946084800F05EF80028BBD0A3
:100A080000220F21204603B0BDE8304002F070B943
:100A1800044D0020F8390020D5080010024A136858
:100A280001331360704700BFA04600204FF0000C50
:100A38001820074B1A6883F809C05A6019681A68A1
:100A480019440132C2F309021A60C872704700BF24
:100A58002C55002000B5064B83B0DB6D9847C0F3DA
:100A68000743C0B240EA032003B05DF804FB00BFAF
:100A7800F839002000B585B002F026F90D4B029038
:100A8800DB6D98479DF80A309DF80B109DF808C05B
:100A98009DF8092001EA106102EA102203EA1043D6
:100AA80000EA0C000B43104340EA032005B05DF850
:100AB80004FB00BFF83900202DE9F0410446204E20
:100AC8000F46336D904698470CB31E4B1D681DB3F7
:100AD80000221A60D6F8D4319847002100EB0802AA
:100AE80019486C6003682A60AF60E96023B319682D
:100AF800511A002904DC1EE01968511A002903DB89
:100B08001846DB68002BF7D1EB60C5600124F36C55
:100B180098472046BDE8F0810C4D2823AC4602E0FA
:100B2800ACF1100C53B1DCF87402013B0028F7D18A
:100B380005EB0315CEE7EB600560E7E71C46E6E743
:100B4800F8390020804D0020244F00208C660020BA
:100B5800F8B50446164F0E463B6D98478CB1154BB9
:100B68001D6895B10021196000201349C5E90146A7
:100B78000B68E860BBB11946DB68002BFBD1CD6080
:100B88000124FB6C98472046F8BD0C4D28232A46C3
:100B980001E0103A4BB1D2F87402013B0028F8D1B9
:100BA80005EB0315E0E70D60EAE71C46E9E700BF3F
:100BB800F8390020804D0020004D00208C66002070
:100BC800F8B5324B324F93F8A95004460E463B6DA8
:100BD800EDB19847B4B12F4B1A68002A3ED00021D6
:100BE800196000202C4954600B689660D060002B77
:100BF80042D01946DB68002BFBD1CA60FB6C9847D2
:100C08002846F8BD2546FB6C98472846F8BD984706
:100C1800002CF3D01F4B1A688AB11D6000201F49B1
:100C2800C2E901460B68D0605BB31946DB68002B4C
:100C3800FBD1CA600125FB6C98472846F8BD1848C7
:100C48002823024602E0103A002BD7D0D2F87412BB
:100C5800013B0029F7D100EB0312DFE710482823F6
:100C6800024601E0103A73B1D2F87412013B002930
:100C7800F8D100EB0312B4E7FB6C0A6098472846EA
:100C8800F8BD0A60D6E71D46B8E700BFE03C002083
:100C9800F8390020804D0020484F0020004D0020EA
:100CA8008C660020034643EA104343EA102303F00E
:100CB800FF0382B043EA106002B0704703468446DF
:100CC800014610B543EA1C23124C43EA104394F83A
:100CD800C82003F0FF0343EA116382B01342019076
:100CE80001D102B010BDC4F8B00000F09FFA40F284
:100CF80001131842F5D1A36C002BF2D100F00EF8C5
:100D08000121054B04F148009B6C02B0BDE810407E
:100D1800184700BFE03C0020F839002070B5244C8B
:100D2800636C990624D4234D04F1440020212B6CD4
:100D38009847A088E0B9D5F8E03003B1984700F0AB
:100D480075FA10F02C0F14D1A37A13F0060310D102
:100D5800E370EB6E984742061BD50A21AB6C164828
:100D68009847164BD3F8E83013B1BDE870401847E0
:100D780070BD0123E37000F059FA042810D0032154
:100D8800AB6C0D48984700F0ABFAEB6E98474206FB
:100D9800E3D4C305E5D51121AB6C07489847E0E7D4
:100DA800A36C002BEFD10621AB6C03489847EAE708
:100DB800E03C0020F8390020283D0020D0380020F1
:100DC800064A13685168013303F00F03994203D0B0
:100DD800116813600A441072704700BFAC460020C7
:100DE800064A13685168013303F00F03994203D090
:100DF800116813600A441072704700BF1C6200201B
:100E0800064A13685168013303F00F03994203D06F
:100E1800116813600A441072704700BF244600200E
:100E2800C31E70B50446A12B00F2A480DFE813F0BE
:100E38007A01A200EE00A200A200A200A200AF0068
:100E4800A200A200AF00A200A200A200A200A2007D
:100E5800A2004C01A200A200A2009E019201A200E1
:100E6800A200A200A200A200A200A200A200A2006A
:100E7800A2008201A200A200A200A200A200A20079
:100E8800A200A200A200A200A200A200A200A2004A
:100E9800A200A200A200A200A200A200A200A2003A
:100EA800A200A200A200A200A200A200A200A2002A
:100EB800A200A200A200A200A200A200A200A2001A
:100EC800A200A200A200A200A200A200A200A2000A
:100ED800A200A200A200A200A200A200A200A200FA
:100EE800A200A200A200A200A200A200A200A200EA
:100EF800A200A200A200A200A200A200A200A200DA
:100F0800A200A200A200A200A200A200A200A200C9
:100F1800A200A200A200A200A200A200A200A200B9
:100F2800A200A200A200A200A200EE00C800DF00FA
:100F380057010801F800A2001C01A7013B01EB00C2
:100F480073016501A200A200A200E500E500E5002A
:100F5800E500E500E500E500E500A200E800E8009E
:100F6800E800E800E800E800A200EB00EB005E0102
:100F7800A20012011F2800F21681082800F0D08074
:100F88009C4BD3F894304BB32046984730BB9A4BD0
:100F98009A4D187880F001007E2C94BF002000F054
:100FA8000100A4F11B04B4FA84F464092C7070BD28
:100FB80030B1934B93F8500110F0400000F00B81D2
:100FC800904B02211B6C904898470021894B8F4A0F
:100FD800D3F8903082F8901003B19847A4F11B041D
:100FE800B4FA84F4854D640901202C7070BD854BDA
:100FF80008211B6C84489847F0E7FFF7E1FEEDE70E
:10100800FFF7EEFEEAE7FFF7FBFEE7E78048437AE3
:101018009907E3D47B4B01211B6C44309847DDE7EB
:101028000021784B7B4AD3F8D83011609847714B30
:10103800D3F8D850002DD1D000F0F8F8A847CDE764
:1010480000F0F4F84028A2D06E4B40211B6C6E488B
:101058009847C3E76B4BD3F81831002B60D09847FB
:10106800654B664D187895E7694D664EEA6C95F8BC
:1010780025300132D6F81421B4BF00210121003AED
:1010880018BF0122C3F380039B0243EAC1236248CD
:1010980043EA8243184301F03FFE0121336C05F116
:1010A800440098479AE7574B534A93F8013210780F
:1010B8001B0776D45649514D0B7ADA43C2F3C01256
:1010C80062F3C7130B7265E74C4D2B7823B14D4B78
:1010D800D3F8E03103B19847474B18785AE7494BA2
:1010E8004FF480511B6C4848984777E7454B4FF4BD
:1010F80000611B6C4448984770E7414B9B8A7BB161
:10110800434A537A1946C3F3400383F0010363F358
:101118004101517262E73B4B93F8B430012B7DD00B
:10112800364DD9E7FFF7FAFD394A137A43F0080339
:10113800137253E7374B1B68002BF1D1304A2E4B03
:1011480092F850012D4DC0F3801080F00100C0B21C
:1011580018701FE72B4D10212B6C2B489847002146
:101168002C4AD5F8D8301160984737E7254BDB6E05
:10117800984740063FF532AFFFF7D0FD2EE7214BE9
:101188001D4A93F8003210789A060AD420491B4D5C
:101198000B7AC3F3801282F0010262F386130B729A
:1011A800F8E6164DF6E680F080033F2B7FF6E8AEB2
:1011B800114B3F2C187810D07E2C3FF4F9AE212C1F
:1011C800EFD100283FF413AF0D4B93F8500110F006
:1011D80040007FF40CAF094DE3E628B1084B93F8C3
:1011E800500110F04000F6D0064B01211B6C064858
:1011F8009847F3E6D0380020E06D0020D96D002034
:1012080028600020F8390020243D0020C047002035
:10121800E03C0020E8450020FFF30380002102485D
:10122800FFF796FCDAE600BF6D930110014B1868D2
:10123800704700BF706600202DE9F041124CA328CA
:10124800256802D1A668B77A1FB12B46BDE8F041E0
:10125800184740F20C4231460C4801F059FD012173
:101268000B4B2846D3F8DC20B17231687160616895
:10127800C3F8D0109047074B2760D3F8D43003B198
:1012880098470120BDE8F081F0650020205100203A
:10129800F8390020D03800200E4B10B5D3F8CC30E8
:1012A80004469BB1984718B1812C02D07E2C00D0FF
:1012B80010BD094B094A93F84C3192F82710C3F333
:1012C800001363F3861182F8271010BDFFF7A8FDFD
:1012D800E9E700BFF839002028600020E03C002042
:1012E80070B5FFF7A3FF044600201E4D1E4A1F4E8F
:1012F800D5F8883010709847B6F84831FF2B12D0CF
:10130800042C08D0F3B9D5F88C300121BDE8704021
:101318004FF000001847D5F88C3096F83C010121B1
:10132800BDE870401847124B9B6C4BB9802CEAD033
:10133800D5F88C304FF01F00BDE8704001211847E8
:10134800042CF5D0802CDED000210A4801F0D4FC12
:1013580000210848B6F84821FFF7AEFB044B987106
:1013680070BD00BFF8390020EB6D00202860002018
:10137800E03C00209D9A01102DE9F041A54CA36B9B
:1013880053B1A54F2046D7F8983098470022A36854
:101398002270002B00F09180E36B002B00F08E8010
:1013A8009E4E96F84030012B00F01081D4E90323BB
:1013B800616A194491424FF0000361620FD9E078E5
:1013C8004FF0010310F0010F0CBF01204FF0FF3068
:1013D800891A6162D6F8B4100144C6F8B410A16A3B
:1013E800606901448A42A1620FD2E078891A10F03C
:1013F800020F0CBF01204FF0FF30A162D6F8B810E1
:1014080043F002030144C6F8B810E16AA069014438
:101418008A42E1620FD2E078891A10F0040F0CBFFB
:1014280001204FF0FF30E162D6F8BC1043F004030E
:101438000144C6F8BC10216BE06901448A4221636B
:101448000FD2E078891A10F0080F0CBF01204FF076
:10145800FF302163D6F8C01043F008030144C6F8F2
:10146800C010616B206A01448A4261630FD2E07840
:10147800891A10F0100F61630CBF01214FF0FF3182
:10148800D6F8C42043F010030A44C6F8C420727A80
:10149800A370D206DBB202D5F27A1340A370A36818
:1014A8002BB95F4B1A6852681A60BDE8F081013B9E
:1014B800A360002BF5D0BDE8F081E363584A594B8F
:1014C80012681B689A4200F0C480574BD0681968AC
:1014D800E263884205D0504F1860D7F894209047AF
:1014E800E26B9368A16B90699942A06000F08480D8
:1014F800E07893F8342080EA02059042657018BFBE
:10150800E270002900F09E8093F9382091F9381094
:10151800424E91421FBF726A42F0005242F48072FA
:1015280072620121DA691D6BE26093F93520A363C9
:10153800002AB8BF93F835202170B8BF7277BDB1C3
:10154800354FD5ED017A2B78F8EEE77A6878002BDD
:1015580054D0F5EE407AF1EE10FAD7F8443114BFC2
:10156800012100219847A36BAD681D63002DE8D1C8
:10157800D96A39B12D48FFF7EBFA002864D0002268
:10158800A36BDA62E168E26B4908C4E90911C4E9AE
:101598000B116163916A9869D56AC84020625869DD
:1015A8006160C840E0611869C840A061D868C84057
:1015B80060619868C8402061002D3BD0D86BD16924
:1015C800A84796F84030012B7FF4F0AE124BD3F8C1
:1015D80010319847C1077FF5E9AE0023144D86F80E
:1015E800403005F188070FCF0FC53B682B60736C3F
:1015F80043F080037364D9E6084ECBE7D7F8483147
:1016080017EE901A9847A36BAD681D63002D98D10B
:10161800AEE700BFA03C0020F8390020E03C0020E5
:10162800505F00204C5F00205C460020D54500102C
:101638000C3D0020156B002D3FF4B3AE116AD86B3A
:10164800A847AEE6104E6CE7A36BD86A01F038FBEA
:1016580095E7FFF745FEA36B93F837204AB1D86B9F
:10166800837A1D0705D50025084A036B0169D564EF
:1016780098470023064D074AA3632B600421BDE861
:10168800F041126C04481047E03C002084500020D0
:101698005C460020F8390020243D00202DE9F04167
:1016A800044683B2200482B012D4002B49D040F201
:1016B80041125E4D1342A5F8AE4011D0FFF7B6FDBA
:1016C800B0F5807F3DD002B0BDE8F041FFF726BB02
:1016D800574A13401C46002B33D0544DA5F8AE3062
:1016E8002107E7B235D4C4F30726A404B0462BD4A7
:1016F80016F0400F42D095F84030002B59D0002109
:101708004C4B0846D3F80C319847FA0606D5F343F4
:101718002A7AC3F3C01363F304122A7218F0080F6D
:1017280006D0F3432A7AC3F3C01363F3C7122A72AD
:10173800BB0606D5F6432B7AC6F3C01666F38613A6
:101748002B7202B0BDE8F0813A4B04201B6E98471B
:10175800DBE7384E96F800321A07C4D5364B93F8B3
:101768009030002BBFD1DFF8DC8098F87431DB07AC
:1017780048D44021336C31489847B4E7380608D438
:1017880017F0020422D02B4B08211B6C2B489847DA
:10179800BBE795F84030012BB7D1FFF747FD082884
:1017A800B3D1244B01461B6C244898470D23EB7199
:1017B800ABE7FFF73BFD10F0280FA0D01D4B102121
:1017C8001B6C1E4898470D23EB719EE779079CD543
:1017D800184B02211B6C19489847194A194BD2F823
:1017E8009010154A93F84C3182F8904095F82720CC
:1017F800C3F3001363F3861285F82720002984D0E9
:10180800884782E7FFF712FD38B998F81830012B9E
:101818007FF469AF01F090FA65E7FFF707FD20282C
:10182800F3D04021336C05489847EEE7E03C0020B0
:101838003088FFFFF8390020C0470020243D0020F1
:10184800D038002028600020064B074810B507490B
:101858001C6FD3F8DC20186705480C609047054BCF
:10186800186010BDF8390020FD1100202046002026
:1018780069110020A446002038B51A4C8128236835
:1018880003F10103236008D07E2806D0164B1B689D
:1018980098472368013B236038BD144D2B7803F02B
:1018A800FF0253B9124B1B7863B1124B1978A9B1D7
:1018B80011461148FFF74CF9287001202368013BB5
:1018C800236038BD0D4B00211B7F032B0CBF0C4838
:1018D8000C48FFF73DF928700120EFE70A48FFF7A9
:1018E80037F9EAE718620020A4460020DB6D0020E3
:1018F800D56D0020D76D0020DDC6011028600020BE
:10190800C1C301107DC30110E5BF011038B5194CE2
:10191800236801332360430713D5174D2B7803F051
:10192800FF0253B9154B1B7893B1154B1978E9B1E0
:1019380011461448FFF70CF928702368013B23600F
:1019480038BD114B1B6898472368013B236038BD9D
:101958000E4B00211B7F032B0CBF0D480D48FFF7D2
:10196800F7F828702368013B236038BD0A48FFF761
:10197800EFF8E2E718620020DB6D0020D56D00204B
:10198800D76D0020DDC60110204600202860002009
:10199800C1C301107DC30110E5BF0110034600B5A6
:1019A8000268EFF3108C72B6D2E8CFEF0120BEF1D7
:1019B800000FF9D1C2E84E0FBEF1000FF4D1BFF30A
:1019C8005F8F93F90420002A0ADB01B10A60002026
:1019D80000221B68C3E88F2F8CF310885DF804FB86
:1019E8004FF05042126801201A71F1E74FF0504150
:1019F8002DE9F0410027044616461D46D1F800801F
:101A080008E0C1E88F7F8CF310883046294601F042
:101A180077F9E8B92168EFF3108C72B6D1E8CF2FC7
:101A28000123002AFAD1C1E8423F002AF6D1BFF3C8
:101A38005F8F94F904302168002BE2DA002384F8E0
:101A48000480C1E88F3F8CF310880120BDE8F08145
:101A58000020BDE8F08100BF30B50468EFF3108CBA
:101A680072B6D4E8CFEF0125BEF1000FF9D1C4E872
:101A78004E5FBEF1000FF4D1BFF35F8F90F90440C1
:101A88000568002C10DB0021C5E88F1F8CF3108837
:101A98004FF0504595F90050A54201D1084630BD98
:101AA800BDE83040FFF7A2BF4FF050421268002354
:101AB8000271C5E88F3F8CF31088012030BD00BF4C
:101AC80070B505460C4601F02BF902460B464FF45B
:101AD8007A704FF0FF3E6FF0004CE4FB0023964510
:101AE8007CEB030138BF72462846BDE8704038BF1A
:101AF8006346FFF77BBF00BF0368EFF3108272B63F
:101B0800D3E8CFCF0121BCF1000FF9D1C3E84C1FB6
:101B1800BCF1000FF4D1BFF35F8F4FF0FF0C00232F
:101B2800016880F804C0C1E88F3F82F3108840BF85
:101B3800704700BF002108B5134B4FF470729960CD
:101B48001248D960196159619961D961196259625C
:101B58009962D962196359639963D963196459649D
:101B68009964D964196559659965D965196659667D
:101B78009966D966196759679967D96701F0C4F8F2
:101B8800034B044A1A6008BD000010504049002069
:101B9800204F0020800110502DE9F04F1F4B85B0D9
:101BA800D3F858A0BAF1000F22D0002401254FF431
:101BB800E069DFF870801A4F01E0202C18D00AEA9B
:101BC8000502611C2346AB46CCB26D00002AF4D056
:101BD80004F0010203F0FE06164407EB46163046F1
:101BE800C8F858B000F008FC28B93AEA0B0AE4D162
:101BF80005B0BDE8F08F00238DF80930B37801A84F
:101C08008DF80830F38A0121ADF80490039300F0B1
:101C180011FC304600F096FBE7E700BF00001150CA
:101C28000049002000301150F0B5BB4B85B0D3F807
:101C3800985015F4003674D0B84BB94C996A94F89A
:101C48003B30B84A022B116000F0D480002694F88B
:101C58007B30022B00F03B8194F8BB30022B00F064
:101C68007D8194F8FB30022B00F06C8194F83B31B5
:101C7800022B00F0448194F87B31022B00F0338171
:101C880094F8BB31022B00F0B68194F8FB31022B9B
:101C980000F0A68194F83B32022B00F0968194F86C
:101CA8007B32022B00F0868194F8BB32022B00F0C5
:101CB800768194F8FB32022B00F0668194F83B336E
:101CC800022B00F0568194F87B33022B00F0A4809D
:101CD80094F8BB33022B00F0998194F8FB33022B64
:101CE80000F0B4803EB9904B1B7823B94FF4003212
:101CF8008E4BC3F890204FF44072874B01219B6CA8
:101D080001A8C3F30A03ADF80420029300F092FB84
:101D1800EA064FF40036864C07D5FFF73DFF264606
:101D280003E0EA064FF01004F7D4EB0322D57C4C0D
:101D380046F48036A37E002B40F09980012394F866
:101D48003A20E370002A40F0AD8001234FF4C061CF
:101D5800784A84F82330ADF8041092E8030004AA06
:101D680002E90300194601A800F064FB4FF40032B1
:101D78006E4B1A65E90408D46A041DD42B042AD4CE
:101D8800AE4240F0C58105B0F0BD0024624B46F478
:101D980080561C60FFF7CEFE4FF48073012101A826
:101DA800ADF804308DF8084000F044FB4FF40022F1
:101DB8005E4B1A656A04E1D54FF48063012101A8DE
:101DC800ADF8043000F036FB1022584B46F480463C
:101DD8001A652B04D4D54FF4A063012101A8ADF8EE
:101DE800043000F027FB4FF40062504B46F40046E5
:101DF8001A65C5E794F83A60002E3FF428AF94F8C6
:101E08003C30002B3FF423AF002304F1200084F87A
:101E18003C3000F0BFFA1AE794F87A73002F3FF4C9
:101E280057AF94F87C33002B40F0648194F8BB33AF
:101E3800022B40F0F48094F8BA33002B40F0EB808A
:101E480094F8FB33022B7FF456AF3E4694F8FA33EE
:101E5800002B3FF447AF94F8FC33002B3FF44BAF13
:101E68000023354884F8FC3300F094FA43E7022154
:101E7800324B294A1966536E9F07FCD54FF44052DE
:101E88000021274800F064FA254800F05BFA022296
:101E9800264B5A661A66012394F83A20E370002A02
:101EA8003FF453AF254A1366A2F50052536ED80784
:101EB800FCD54FF440520021214800F049FA20484F
:101EC80000F040FA0122194B5A661A663DE794F869
:101ED8007A70002F3FF4C0AE94F87C30002B40F0AD
:101EE80001813E46B8E694F87A71002F3FF4C8AEF7
:101EF80094F87C31002B40F0ED803E46C0E694F823
:101F08003A71002F3FF4B7AE94F83C31002B40F003
:101F1800D9803E46AFE600BF0000115000000B40DC
:101F2800004900209C460020D36D0020003011504D
:101F38001000020000001050E04C0020002011505A
:101F48002049002094F8FA70002F3FF48FAE94F8DF
:101F5800FC30002B40F08E803E4687E694F8BA703D
:101F6800002F3FF47EAE94F8BC30002B7AD13E4669
:101F780077E694F83A73002F3FF4A5AE94F83C3313
:101F8800002B57D13E469EE694F8FA72002F3FF494
:101F980095AE94F8FC32002B5CD13E468EE694F860
:101FA800BA72002F3FF485AE94F8BC32002B49D1A9
:101FB8003E467EE694F87A72002F3FF475AE94F8A8
:101FC8007C32002B76D13E466EE694F83A72002FAA
:101FD8003FF465AE94F83C32002B63D13E465EE692
:101FE80094F8FA71002F3FF455AE94F8FC31002BA9
:101FF80050D13E464EE694F8BA71002F3FF445AEF4
:1020080094F8BC31002B3DD13E463EE694F8BA33F5
:10201800002B3FF462AE94F8BC33002B71D194F8D6
:10202800FB33022B7FF467AE94F8FA33002B3FF4AE
:1020380062AE10E70023394884F83C333E4600F08E
:10204800A9F940E60023364884F8BC323E4600F041
:10205800A1F92EE60023334884F8FC323E4600F00E
:1020680099F92BE60023304884F8BC303E4600F04E
:1020780091F9F6E500232D4884F8FC303E4600F03F
:1020880089F9F3E500232A4884F8BC313E4600F07C
:1020980081F9FAE50023274884F8FC313E4600F030
:1020A80079F9F7E50023244884F83C323E4600F0ED
:1020B80071F9F4E50023214884F87C323E4600F0AB
:1020C80069F9F1E500231E4884F83C313E4600F0EA
:1020D80061F9D0E500231B4884F87C313E4600F0C6
:1020E80059F9CDE50023184884F87C303E4600F0C5
:1020F80051F9B1E50023154884F87C3300F04AF91A
:1021080094E60023124884F8BC3300F043F986E7CC
:10211800104886EA050100F0DFFD00BF204C0020D2
:10212800A04B0020E04B0020A0490020E0490020FF
:10213800A04A0020E04A0020204B0020604B0020ED
:10214800204A0020604A002060490020604C00209E
:10215800A04C00203CD602102DE9F047828A048B5F
:1021680003469442C07828BF1446061E18BF0126AD
:1021780080F00100121B5D78D87092B244F4806040
:102188009A8240EA4630A5BBD3E9036504F1FF38DB
:1021980006EB81174CB3B8F1050F31D97E1B013E10
:1021A800022EBC462A462BD94FEA94094FEA890ADF
:1021B80005EB890652F804EBB2424CF804EBF9D16E
:1021C8005445A8EB0A0607EB0A0C0CD015F8295061
:1021D80007F829503EB15578012E8CF8015002D0ED
:1021E80092788CF802201D699A8A25441D6140F472
:1021F80000400AB940F4804001B10004BDE8F0870E
:102208007A1E2F1915F8016BBD4202F8016FF9D13A
:10221800E9E700BF83680246186801B1000C5378EB
:10222800C0F30900002B3CD02DE9F041D2E903347A
:10223800461E03EB811E40B3052E3BD989014D1C78
:102248001D44651B022DA44634D9734600F47F77DC
:102258004FEA9008FD1853F8041BAB424CF8041BD6
:10226800F9D1B842A6EB070604EB07030EEB07010A
:102278000AD01EF8285004F828502EB14C78012EA8
:102288005C7001D0897899701469D38A0444034436
:10229800D382138B1461834284BF00239382BDE8E9
:1022A800F081D38A0344D382138B834284BF0023F3
:1022B80093827047013C0EEB00011EF8013B8E45EE
:1022C80004F8013FF9D1DFE710B50446836800211F
:1022D8001B68FFF79FFF63681B685B0002D5238BB1
:1022E800834200D010BD2046BDE810400121FFF711
:1022F80091BF00BF084B1B6C13F0020302D1827818
:10230800D20901D100207047C07EA0F10200B0FAC6
:1023180080F04009704700BF0000115008B5FFF772
:10232800E9FF50B1054A064B906A1B68A0F5487052
:10233800C01AC6288CBF0020012008BD00000B4031
:102348009C4600200023C0E904338376704700BF11
:1023580010B5836809B11C68214082B11143520548
:102368000DD51A6854050CD4084A21F480641C6001
:10237800126C920703D40C23033BFDD283681960C7
:1023880010BD8178024800F0A7FC00BF0000115082
:1023980050D6021030B54368002183B004461D684A
:1023A800FFF7DAFE134B40F48052196CA3788907C3
:1023B8000ED55B060ED025F0A04545F0005500214E
:1023C800204663681D6003B0BDE83040FFF7C0BF1A
:1023D800DB09F0D0A38A002BEDD001212046019221
:1023E800FFF7BAFE019A25F00055024345F0A045D3
:1023F800E5E700BF0000115038B5857E044695B169
:10240800FFF762FFA38A0BB9284638BD2046FFF7BD
:1024180085FF20B1012323770025284638BD2046B3
:10242800FFF7B8FFF8E78178014800F055FC00BFD6
:1024380070D602102DE9F04343780446023B0D465E
:1024480085B0042B13D8DFE803F003486770420017
:102458000021784B1A7822F001021A701A7822F0BB
:1024680002021A7059701A7861F382021A70724B5C
:102478001E687369EFF3108272B6D3E8CF0F01219B
:102488000028FAD1C3E8401F0028F6D1BFF35F8FB8
:10249800B2612146304600F04BFC00237269C2E865
:1024A8008F3FB36983F3108848B94FF0E023D3F81E
:1024B800F03DDB0708D500BE05B0BDE8F0832A462D
:1024C8006178207800F010FC05B0BDE8F0835B4A25
:1024D80013780133DBB21370C9E74FF00009584E87
:1024E8004B463178DFF86081564F0FE03A6812EBBF
:1024F800431305D0DB691BB16168207898473178B0
:1025080009F101095FFA89F38B4217D89942EDD88E
:102518005B1A08EB4313EDE7464B1A78D707D3D578
:102528001A7842F004021A70A1E7424B1A78D607CB
:10253800CAD51A7822F004021A7098E73D4E33780B
:10254800580737D4F378DA07BED5032300273A4A69
:102558002178166862688DF804108DF80530736963
:10256800CDF80670CDF80A70ADF80E700292EFF350
:10257800108272B6D3E8CF0F01210028FAD1C3E840
:10258800401F0028F6D1BFF35F8F3046B26101A922
:1025980000F0CEFB7369C3E88F7FB36983F31088BB
:1025A800002882D02A469DF805109DF8040000F006
:1025B8009BFB89E733784FF0000823F0040333705E
:1025C80005231D4A8DF8053017682278ADF80E806E
:1025D8008DF804207B69CDF80680CDF80A80EFF3EA
:1025E800108272B6D3E8CF0F01210028FAD1C3E8D0
:1025F800401F0028F6D1BFF35F8F3846BA6101A9A2
:1026080000F096FB7B69C3E88F8FBB6983F3108862
:1026180038B94FF0E023D3F8F03DD90792D500BE82
:1026280090E72A469DF805109DF8040000F05CFB31
:1026380088E700BF6C420020C4420020D46D00200F
:10264800D26D00201C3F00205406031010B40A4C21
:1026580023786BB9094BC3F1804103F5807001F50C
:102668006021CA5843F8042F8342FAD1012323700A
:102678005DF8044B704700BFD66D0020F84300207A
:10268800004B1847FD430020034B1A6A02609A6A00
:1026980042605B6A8360704700000D4008B5002304
:1026A8004021DB8A44F246409847006808BD00BFD5
:1026B80010B50446FFF7F2FF1CB10088C0F30330E1
:1026C80010BD0A2010BD00BF10B504460120FFF759
:1026D800EFFF38B92268074B1A6262689A62A268EB
:1026E8005A6210BD4FF480514AF20202014BD9627E
:1026F8001A6310BD00000D402DE9F0434318B3F5EF
:10270800800F04460D4685B04BD80023DB8A002293
:1027180042E800F2560254BF1021042144F24960F5
:10272800984700238146DB8A002242E800F25002E3
:1027380054BF1021042145F64500984700238046E0
:10274800DB8A002242E800F2510254BF1021042122
:1027580044F25250984700230746DB8A002242E899
:1027680000F2520254BF1021042144F24630984727
:102778000646FFF76BFF00F07FF801A8FFF784FF1C
:10278800C847C047D8234FF4803229462046B84767
:10279800B047FFF775FF01A8FFF796FF05B0BDE842
:1027A800F08300F09DFAB0E72DE9F0478318B3F500
:1027B800800F04461546884684B049D80023DB8A32
:1027C800002242E800F2560254BF1021042144F2CC
:1027D8004960984700238246DB8A002242E800F2DB
:1027E800500254BF1021042145F6450098470023A4
:1027F8008146DB8A002242E800F2510254BF1021D0
:10280800042145F25200984700230746DB8A00223C
:1028180042E800F2520254BF1021042144F246302B
:1028280098470646FFF712FF00F026F801A8FFF7C1
:102838002BFFD047C8472A4641462046B847B047ED
:10284800FFF71EFF01A8FFF73FFF04B0BDE8F087C0
:1028580000F046FAB2E700BF0144884206D20023DE
:1028680002F1C052835408308142FBD8BFF34F8F26
:10287800BFF36F8F704700BF01224FF480410148BA
:10288800FFF7EABF00C0FF0308B52DED028B08EE85
:10289800100A00F01DF8B4EE488AF1EE10FA06D6D8
:1028A800DFED0A8AB4EEE88AF1EE10FA02D4BDEC44
:1028B800028B08BD00F038FAC8EEA87A0346212238
:1028C8001A60BDEC028B17EE900A08BD00000000EC
:1028D80007EE900AF1EEE77A17EE900A704700BF0C
:1028E800C0F3C75200280146A2F17F0CACBF0120FB
:1028F8004FF0FF30BCF11E0F0FDCBCF1000F1EDBE8
:10290800C1F31603BCF1160F43F400030CDD963A2D
:1029180003FA02F202FB00F0704707EE901AFDEE90
:10292800E77A17EE900A70474FF48002CCF117014E
:1029380042FA0CF21A44CA4002FB00F07047BCF19C
:10294800FF3F18BF0020704781F0004102E000BF40
:1029580083F0004330B54FEA41044FEA430594EA57
:10296800050F08BF90EA020F1FBF54EA000C55EA92
:10297800020C7FEA645C7FEA655C00F0E2804FEA63
:102988005454D4EB5555B8BF6D420CDD2C4480EA45
:10299800020281EA030382EA000083EA010180EA75
:1029A800020281EA0303362D88BF30BD11F0004FC3
:1029B8004FEA01314FF4801C4CEA113102D04042F9
:1029C80061EB410113F0004F4FEA03334CEA133334
:1029D80002D0524263EB430394EA050F00F0A7804C
:1029E800A4F10104D5F1200E0DDB02FA0EFC22FA47
:1029F80005F2801841F1000103FA0EF2801843FA3B
:102A080005F359410EE0A5F120050EF1200E012A2B
:102A180003FA0EFC28BF4CF0020C43FA05F3C01869
:102A280051EBE37101F0004507D54FF0000EDCF1E2
:102A3800000C7EEB00006EEB0101B1F5801F1BD38B
:102A4800B1F5001F0CD349085FEA30004FEA3C0C8F
:102A580004F101044FEA445212F5800F80F09A8085
:102A6800BCF1004F08BF5FEA500C50F1000041EB89
:102A7800045141EA050130BD5FEA4C0C404141EB8D
:102A88000101013C28BFB1F5801FE9D291F0000F88
:102A980004BF01460020B1FA81F308BF2033A3F137
:102AA8000B03B3F120020CDA0C3208DD02F1140C2E
:102AB800C2F10C0201FA0CF021FA02F10CE002F169
:102AC8001402D8BFC2F1200C01FA02F120FA0CFC62
:102AD800DCBF41EA0C019040E41AA2BF01EB0451AB
:102AE800294330BD6FEA04041F3C1CDA0C340EDCA9
:102AF80004F11404C4F1200220FA04F001FA02F3EC
:102B080040EA030021FA04F345EA030130BDC4F1A9
:102B18000C04C4F1200220FA02F001FA04F340EA9E
:102B28000300294630BD21FA04F0294630BD94F04F
:102B3800000F83F4801306BF81F480110134013D36
:102B48004EE77FEA645C18BF7FEA655C29D094EAA7
:102B5800050F08BF90EA020F05D054EA000C04BF25
:102B68001946104630BD91EA030F1EBF0021002010
:102B780030BD5FEA545C05D14000494128BF41F0AF
:102B8800004130BD14F580043CBF01F5801130BD13
:102B980001F0004545F0FE4141F470014FF000009E
:102BA80030BD7FEA645C1ABF194610467FEA655C4F
:102BB8001CBF0B46024650EA013406BF52EA0335F1
:102BC80091EA030F41F4002130BD00BF90F0000FDF
:102BD80004BF0021704730B54FF4806404F132041B
:102BE8004FF000054FF0000150E700BF90F0000FD4
:102BF80004BF0021704730B54FF4806404F13204FB
:102C080010F0004548BF40424FF000013EE700BFCA
:102C180042004FEAE2014FEA31014FEA02701FBF5A
:102C280012F07F4393F07F4F81F06051704732F08C
:102C38007F4208BF704793F07F4F04BF41F40021E3
:102C4800704730B54FF4607401F0004521F0004141
:102C58001CE700BF50EA010208BF704730B54FF0CB
:102C680000050AE050EA010208BF704730B511F0CC
:102C7800004502D5404261EB41014FF4806404F104
:102C880032045FEA915C3FF4D8AE4FF003025FEA8A
:102C9800DC0C18BF03325FEADC0C18BF033202EB0E
:102CA800DC02C2F1200300FA03FC20FA02F001FA68
:102CB80003FE40EA0E0021FA02F11444BDE600BF0B
:102CC8005FF800F06D4602105FF800F02D36001036
:102CD8005FF800F0F92600105FF800F0C5F7011062
:102CE8005FF800F0052C02105FF800F05D1102108B
:102CF8005FF800F01DFD01105FF800F0B92E00101C
:102D08005FF800F0090B02105FF800F0896002100C
:102D18005FF800F0716B02105FF800F0A9BE0110B7
:102D28005FF800F0110C02105FF800F0C96802109B
:102D38005FF800F01D2702105FF800F01D800110F9
:102D4800010000007CD70210000000000000000015
:102D58005F000000070000000200000025000000DE
:102D680002000000000000000000000061000000F8
:102D7800070000000300000025000000020000001A
:102D880000000000000000006300000007000000D1
:102D98000400000025000000020000000000000000
:102DA80000000000650000000700000005000000AA
:102DB80025000000020000000000000000000000E4
:102DC8006600000007000000060000002500000063
:102DD8000200000000000000000000006A0000007F
:102DE80007000000070000002400000002000000A7
:102DF80000000000000000006C0000000700000058
:102E0800080000002400000002000000000000008C
:102E1800000000006E00000007000000090000002C
:102E28002400000002000000000000000000000074
:102E380070000000070000000A00000024000000E5
:102E48000200000000000000000000007100000007
:102E5800070000000B000000240000000200000032
:102E680000000000000000007F00000006000000D5
:102E78000C0000002400000000000000000000001A
:102E8800000000009200000009000000FF000000A0
:102E98002400000000000000000000000000000006
:102EA80093000000090000001A0000002400000040
:102EB8000000000000000000000000009400000076
:102EC800090000001B0000002400000000000000B2
:102ED800000000000000000095000000090000004C
:102EE8001C0000002400000000000000000000009A
:102EF80000000000AA0000000B0000000D00000008
:102F08002400000000100000000000000000000085
:102F1800AB0000000B0000000E00000024000000C1
:102F2800001000000000000000000000AC000000DD
:102F38000B0000001000000024000000001000003A
:102F480000000000000000001F000000000000005A
:102F580000000F0000020000230000000000000035
:102F68000000000000000000240000000000000035
:102F78000000110000020000230000000000000013
:102F88000000000000000000290000000000000010
:102F980000001200000200002300000000000000F2
:102FA80000000000000000002E00000000000000EB
:102FB80000001300000200002300000000000000D1
:102FC80000000000000000003100000000000000C8
:102FD80000001400000200002300000000000000B0
:102FE80000000000000000003100000000000000A8
:102FF8000000140000020000230000000000000090
:103008000000000000000000410000000000000077
:103018000000150000001000230000000000000060
:10302800000000000000000014640000010000001F
:10303800282900200000000000001500051A0010D3
:103048001107002011070020FF0000000008000001
:103058000008000000000000000000000000000060
:1030680000000000000000000000803F0000803FDA
:103078000000803F0000803F0000803F7029002052
:1030880001150000B4F802106700000054E50210B2
:10309800690000000CE202100000000000000000BF
:1030A800BD590110000000000000000000000000F1
:1030B80000000000737465702F6D6D000000000043
:1030C8006D6D2F7365635E32000000006D6D2F6DAE
:1030D800696E00006D6D00004175746F206D6F752D
:1030E8006E7420534420636172642C4869646520BF
:1030F8004C6974746C65465300000000582D417883
:1031080069732C592D417869732C5A2D417869734C
:1031180000000000466C6F6F642C4D6973740000EA
:103128005370696E646C6520656E61626C652C53C2
:1031380070696E646C6520646972656374696F6E2A
:103148002C50574D0000000052657365742C46657D
:10315800656420686F6C642C4379636C65207374B4
:103168006172742C53616665747920646F6F722C78
:10317800426C6F636B2064656C6574652C4F70746A
:10318800696F6E616C2073746F702C4553746F7027
:103198002C50726F626520636F6E6E656374656430
:1031A8002C4D6F746F72206661756C742C4D6F7442
:1031B8006F72207761726E696E672C4C696D6974E5
:1031C80073206F766572726964652C53696E676CDB
:1031D80065207374657020626C6F636B7300000008
:1031E800416C6C6F772066656564206F76657272D6
:1031F8006964652C4170706C7920736F6674206CFB
:10320800696D6974732C4E2F412C4175746F20734E
:10321800656C65637420746F6F6C73657474657224
:103228002C4175746F2073656C6563742070726FC0
:103238006265203200000000456E61626C652C45B5
:103248006E61626C652073696E676C652061786970
:103258007320636F6D6D616E64732C486F6D696E5A
:1032680067206F6E20737461727475702072657157
:1032780075697265642C536574206D616368696E45
:1032880065206F726967696E20746F20302C5477DF
:103298006F207377697463686573207368617265FA
:1032A80073206F6E6520696E7075742C416C6C6F3D
:1032B80077206D616E75616C2C4F766572726964EA
:1032C80065206C6F636B732C4E2F412C55736520F2
:1032D8006C696D69742073776974636865732C50C1
:1032E80065722061786973206665656472617465CA
:1032F800732C52756E2073746172747570207363C9
:103308007269707473206F6E6C79206F6E20686FAD
:103318006D696E6720636F6D706C6574656400001D
:1033280050726F62652C546F6F6C7365747465723C
:103338002C50726F6265203200000000CD8A0110A7
:10334800060000000000000000000000000000006F
:103358000000000000000000000000000000000065
:103368000000000000000000000000000000000055
:103378000000000000000000000000000000000045
:103388000000000000000000000000000000000035
:1033980000000000110700208C2C00200100000014
:1033A80030FC0210000000009C2C002030000000BF
:1033B80038FC0210000000000000000012000000AD
:1033C80038FF02100000000040000000C8FF021093
:1033D80000000000FFFFFFFF01010000B805031017
:1033E8000200000058050310020000004805031001
:1033F8000000000000000000BD590110000000009E
:1034080000000000000000000000000000000000B4
:1034180000000000000000000000000000000000A4
:103428000000000000000000000000000000000094
:103438000000000000000000000000000000000084
:103448000000000000000000000000000000000074
:103458000000000000000000000000000000000064
:103468000000000000000000000000000000000054
:103478000000000000000000000000000000000044
:103488000000000000000000000000000000000034
:103498000000000000000000000000000000000024
:1034A8000000000000000000000000000000000014
:1034B8000000000000000000000000000000000004
:1034C8000700FFFFFFFF00000800575E0000000034
:1034D80000000000000000000000000000000000E4
:1034E80000000000000000000100000000000000D3
:1034F80000000000000000000000000000000000C4
:1035080000000000000000000000000000000000B3
:1035180000000000000000000000000000000000A3
:103528000000000000000000000000000000000093
:103538000000000000000000000000000000000083
:103548000000000000000000000000000000000073
:103558000000000000000000000000000000000063
:103568000000000000000000000000000000000053
:103578000000000000000000000000000000000043
:103588000000000000000000000000000000000033
:103598000000000000000000000000000700FFFF1E
:1035A800FFFF00000800AAB10000000000000000B2
:1035B8000000000000000000000000000000000003
:1035C80000000000020000000000000000000000F1
:1035D80000000000000000000000000000000000E3
:1035E80000000000000000000000000000000000D3
:1035F80000000000000000000000000000000000C3
:1036080000000000000000000000000000000000B2
:1036180000000000000000000000000000000000A2
:103628000000000000000000000000000000000092
:103638000000000000000000000000000000000082
:103648000000000000000000000000000000000072
:103658000000000000000000000000000000000062
:103668000000000000000000000000000000000052
:1036780000000000000000001700FFFFFFFF00002F
:1036880018003F5600000000000000000000000085
:103698000000000000000000000000000000000022
:1036A800030000000000000000000000000000000F
:1036B8000000000000000000000000000000000002
:1036C80000000000000000000000000000000000F2
:1036D80000000000000000000000000000000000E2
:1036E80000000000000000000000000000000000D2
:1036F80000000000000000000000000000000000C2
:1037080000000000000000000000000000000000B1
:1037180000000000000000000000000000000000A1
:103728000000000000000000000000000000000091
:103738000000000000000000000000000000000081
:103748000000000000000000000000000000000071
:10375800000000001700FFFFFFFF0000180092A9FB
:103768000000000000000000000000000000000051
:103778000000000000000000000000001000000031
:103788000000000000000100000000000000000030
:10379800000002000000000000000000000003001C
:1037A80000000000000000000000FF000000000012
:1037B80001B5486801318E4600477046093801490D
:1037C800884701BD550302100000000000000000FA
:1037D800000000000000000000000000203700206A
:1037E800C842002010000C0000000000000000008B
:1037F800000000000000000000000000FF000000C2
:10380800FFFFFFFF000002000000000000000000B2
:10381800F8300020F830002000310020003100206E
:10382800083100200831002010310020103100201C
:1038380018310020183100202031002020310020CC
:10384800283100202831002030310020303100207C
:10385800383100203831002040310020403100202C
:1038680048310020483100205031002050310020DC
:10387800583100205831002060310020603100208C
:10388800683100206831002070310020703100203C
:1038980078310020783100208031002080310020EC
:1038A800883100208831002090310020903100209C
:1038B8009831002098310020A0310020A03100204C
:1038C800A8310020A8310020B0310020B0310020FC
:1038D800B8310020B8310020C0310020C0310020AC
:1038E800C8310020C8310020D0310020D03100205C
:1038F800D8310020D8310020E0310020E03100200C
:10390800E8310020E8310020F0310020F0310020BB
:10391800F8310020F8310020003200200032002069
:103928000832002008320020103200201032002017
:1039380018320020183200202032002020320020C7
:103948002832002028320020303200203032002077
:103958003832002038320020403200204032002027
:1039680048320020483200205032002050320020D7
:103978005832002058320020603200206032002087
:103988006832002068320020703200207032002037
:1039980078320020783200208032002080320020E7
:1039A8008832002088320020903200209032002097
:1039B8009832002098320020A0320020A032002047
:1039C800A8320020A8320020B0320020B0320020F7
:1039D800B8320020B8320020C0320020C0320020A7
:1039E800C8320020C8320020D0320020D032002057
:1039F800D8320020D8320020E0320020E032002007
:103A0800E8320020E8320020F0320020F0320020B6
:103A1800F8320020F8320020003300200033002064
:103A28000833002008330020103300201033002012
:103A380018330020183300202033002020330020C2
:103A48002833002028330020303300203033002072
:103A58003833002038330020403300204033002022
:103A680048330020483300205033002050330020D2
:103A78005833002058330020603300206033002082
:103A88006833002068330020703300207033002032
:103A980078330020783300208033002080330020E2
:103AA8008833002088330020903300209033002092
:103AB8009833002098330020A0330020A033002042
:103AC800A8330020A8330020B0330020B0330020F2
:103AD800B8330020B8330020C0330020C0330020A2
:103AE800C8330020C8330020D0330020D033002052
:103AF800D8330020D8330020E0330020E033002002
:103B0800E8330020E8330020F0330020F0330020B1
:103B1800F8330020F833002000340020003400205F
:103B2800083400200834002010340020103400200D
:103B380018340020183400202034002020340020BD
:103B4800283400202834002030340020303400206D
:103B5800383400203834002040340020403400201D
:103B680048340020483400205034002050340020CD
:103B7800583400205834002060340020603400207D
:103B8800683400206834002070340020703400202D
:103B980078340020783400208034002080340020DD
:103BA800883400208834002090340020903400208D
:103BB8009834002098340020A0340020A03400203D
:103BC800A8340020A8340020B0340020B0340020ED
:103BD800B8340020B8340020C0340020C03400209D
:103BE800C8340020C8340020D0340020D03400204D
:103BF800D8340020D8340020E0340020E0340020FD
:103C0800E8340020E8340020F0340020F0340020AC
:103C1800083500200000000000000000E43D0020FE
:103C28004C3E0020B43E00200000000000000000D0
:103C3800000000000000000000000000000000007C
:103C4800000000000000000000000000000000006C
:103C5800000000000000000000000000000000005C
:103C6800000000000000000000000000000000004C
:103C7800000000000000000000000000000000003C
:103C8800000000000000000000000000000000002C
:103C9800000000000000000000000000000000001C
:103CA800000000000000000000000000000000000C
:103CB80001000000000000000E33CDAB34126DE6A9
:103CC800ECDE05000B000000000000000000000012
:103CD80000000000000000000000000000000000DC
:103CE80000000000000000000000000000000000CC
:103CF80000000000000000000000000000000000BC
:103D080000000000000000000000000000000000AB
:103D1800000000000000000000000000000000009B
:103D2800000000000000000000000000000000008B
:103D3800000000000000000000000000000000007B
:103D4800000000000000000000000000000000006B
:103D5800000000000000000000000000000000005B
:103D6800000000000000000000000000000000004B
:103D7800000000000000000000000000000000003B
:103D8800000000000000000000000000000000002B
:103D9800000000000000000000000000000000001B
:103DA800000000000000000000000000000000000B
:103DB80000000000000000000000000000000000FB
:103DC80000000000000000000000000000000000EB
:103DD80000000000000000000000000000000000DB
:103DE80000000000000000000000000000000000CB
:103DF80000000000000000000000000000000000BB
:103E080000000000000000000000000000000000AA
:103E1800000000000000000000000000000000009A
:103E2800D3DEFFFFFE010000FF01000010C3FCFF0E
:043E3800793512AB1B
:040000051000014D99
:00000001FF
