:020000041000EA
:10000000002008205D0100101301001015010010F0
:100010001101001011010010110100101101001058
:100020001101001011010010110100101701001042
:100030001101001011010010190100102903002006
:100040001D0100101D0100101D0100101D010010F8
:100050001D0100101D0100101D0100101D010010E8
:100060001D0100101D0100101D0100101D010010D8
:100070001D0100101D0100101D0100101D010010C8
:100080001D0100101D0100101D0100101D010010B8
:100090001D0100101D0100101D0100101D010010A8
:1000A0001D0100101D0100101D0100101D01001098
:1000B0001D0100101D0100101D0100101D01001088
:1000C0001D0100101D0100101D0100101D01001078
:1000D0001D0100101D0100101D0100101D01001068
:1000E0001D0100101D0100101D0100101D01001058
:1000F0001D0100101D0100101D0100101D01001048
:100100001D0100101D0100101D0100101D01001037
:1001100000BE00BE00BE00BE00BE00BEEFF3058004
:10012000103800BEF2EB887184190310A019031077
:10013000A801001090A31AE7D3DEFFFF42012110AF
:10014000FF01000038510300793512AB4FF0000079
:100150002049086006C881F3088810474FF05040D6
:10016000006810B14FF00000F2E70FA40ECC002998
:1001700002D000F015F8F9E71749184A002000E00E
:1001800001C19142FCD1002080F30A8814498847BC
:10019000144988471449884700BEFDE701C901C2D8
:1001A0009A42FBD3704700BFA01903101001002032
:1001B000E0390020705203100000082000000820E1
:1001C00070520310001008200010082000000000EA
:1001D0007047000008ED00E0E03900206072002068
:1001E000595402103D02001051540210F8B500BFDE
:1001F000064B0749C91A891048BF0131491003D07D
:10020000044B0BB101481847704700BFE03900208C
:10021000E03900200000000008B5054B1BB105497E
:100220000548AFF30080BDE80840FFF7E1BF00BF1D
:100230000000000070520020D880021008B502F0C3
:10024000E9FD002008BD00BF08B588470020002157
:1002500008BD00BF044B142293F85B314340C3F345
:10026000000343EC4020704744640020002300B5A5
:1002700083B0009310EE183010EE18E010EE18C0A6
:1002800010EE180010EE181010EE1820CEF3805E5D
:10029000C3F3405343EA4E03CCF3C05C43EA8C0300
:1002A000C0F3006043EAC003C1F3406143EA0113B5
:1002B000C2F3806243EA42138DF80030009803B025
:1002C0005DF804FB704700BF4FF00000704700BFAF
:1002D00072B603681943016062B67047034672B68E
:1002E00000681A6822EA0101196062B6704700BF0F
:1002F000034672B60068196062B67047014B186811
:10030000704700BFA84900202DE9F0470026884625
:1003100091462F4C2F4D237F43F001032377EF6845
:10032000AB7AA7F1010CBCFA8CFC627F95F800E077
:100330004FEA5C1C6361EB696CF304122671494659
:10034000204684F805E0A760236162770136C04744
:100350000D2E05F12005E2D102231F4D1F4FDFF8BE
:1003600084A0A3830EE0272B0CBF524600226B69AA
:100370004946C4E9032316480136C047292E05F132
:100380001C050BD0EB68287A29786A68252B267122
:1003900060616171A260E6D13A46E8E7104B1D68E2
:1003A0000023E3608DB1EB68267163612B782F8A9F
:1003B00063716B686A6949460548A360A783226137
:1003C000C047AD690136002DEDD1BDE8F08700BF13
:1003D000403F0020182A002008270020D880021063
:1003E00048530020DC8002100D4B1B6813B9704786
:1003F0009B69A3B193F800C08445F9D110B45C683F
:100400008C4208D09B693BB193F800C08445F9D178
:100410005C688C42F6D15A615DF8044B70477047B6
:100420004853002070B504461C2024F0B3FFA8B147
:1004300084460546002620686168A268E368ACE847
:100440000F00084A206961691368ACE80300AE61D7
:100450002BB11A469B69002BFBD1956170BD1560CD
:1004600070BD00BF4853002000B58BB0684626F031
:10047000ADFD044B0448C01A079BC01A0BB05DF8D1
:1004800004FB00BF6072002000000820064C08B585
:100490000648D4F8C030984700216420E36B9847A1
:1004A0000021084621F020FBC83C0020E480021017
:1004B00010B5937882B0FF2B14468DF807101AD030
:1004C0006268012A12D0207803F05EF80121034609
:1004D0000DF1070208461FF04DF850B19DF80700D6
:1004E0006070FF3818BF012002B010BD426993420E
:1004F0000AD06078F5E712787632D2B2052ADFD8D2
:100500000020637002B010BD836A002BE6D1F0E7D3
:1005100021F03ABA2DE9F84F01252A4C4FF0000896
:100520008146AA4604F5447B02E01C345C452CD08D
:10053000E368242BF9D163680B2BF6D0207A20F0E6
:100540006DFA0428F1D0207A20F02AFB2378207A53
:10055000062B33D0C02B31D0A0F1200CC0F12001EC
:1005600005FA0CFC25FA01F14746434605FA00F668
:100570004CEA010242EC24606368012BD5D10421CE
:100580001C3420F02DFA5C45D2D199F800300E4A87
:10059000A3F11703B3FA83F30C4C5B0948464FF001
:1005A0000001D2F808212370904710EE103003F4B8
:1005B0007C5320EE10302078BDE8F88F4AEC4000E4
:1005C000CAE700BF08270020C83C00204172002075
:1005D00088B170B5064600244FF00003E2B262F322
:1005E000070362F30F2363F30F0528460134B04776
:1005F000062CF1D170BD7047002110B504461120C2
:1006000020F012FB0121104A104B10681A6881403B
:1006100022EA01021A60D3F8702122F48072C3F832
:10062000702184B110EE103003F47C5320EE1030B2
:100630000020074A074B08491B6890700968126838
:10064000043341F8232010BD4C6A002000003050D4
:10065000B82B0020446A0020306A002000B17047A7
:100660000149024811F0E0BE108102101881021009
:1006700038B51B4C00214FF03F00D4F88C30984720
:10068000184B194A1968236A1848A2FB0323026809
:10069000B2EB131F0FD01C09154B164D1A6801EB56
:1006A0004103046002F01F0205EBC303081D45F877
:1006B0002040C3F8D82001230E4A8B401068034223
:1006C00008D111680B431360D2F8703143F4807382
:1006D000C2F870310121BDE83840112020F0A4BAE1
:1006E000C83C00204C6A00201F85EB514453002079
:1006F000506A0020000030502DE9F0410D4684B0D2
:1007000010B3044631B320F0A5FF064621F03CF9B2
:100710000B4602464FF47A704FF0FF3C6FF00047F3
:10072000E4FB0023944577EB03014FF00001154CE7
:100730003CBF62463B46304601950094029120F052
:100740008DFF04B0BDE8F0810029FAD004B0BDE807
:10075000F04108474FF47A720B4E02FB04F4B76A7B
:10076000B36ADB1BA342ECD2DFF82080D8F85850E4
:1007700027F076FCA847B36ADB1B9C42F6D804B08E
:10078000BDE8F0814902001000000B40A03B0020B2
:100790002DE9F0416A4D82B0064608460F462C7896
:1007A00002F0C4FE0190002E45D0664B93F87A31DA
:1007B000DB0740D50026FFB26A68013C4FEA4418C7
:1007C00002EB441357B9FEB100220F21987A20F0B2
:1007D00063F9002CF0D102B0BDE8F08112F80800F6
:1007E00002F012FE6B68C0B24344DA68B2F5007FD3
:1007F0000CBF9DF804209DF8052000EA0206003E8B
:1008000018BF0126002EDFD11A89C2F34412102A24
:1008100073D8DFE802F0938C85727E727272777201
:100820007272727272726D0000220F21987A20F03B
:1008300033F9002CCFD06B68013C03EB4413002E3E
:10084000F2D01A89C2F34412102A2AD801A151F811
:1008500022F000BF2908001099080010E1080010DC
:10086000A3080010D1080010A3080010A30800106E
:10087000A3080010C1080010A3080010A30800106E
:10088000A3080010A3080010A3080010A30800107C
:10089000A3080010B108001001220821987A20F066
:1008A000FBF8002C97D06B68013C03EB4413C8E7BE
:1008B0000122987A114620F0EFF8002CF3D18AE754
:1008C00001220221987A20F0E7F8002CEBD182E790
:1008D00001220C21987A20F0DFF8002CE3D17AE78E
:1008E00001220421987A20F0D7F8002CDBD172E79E
:1008F0000122987A114620F0CFF80026002C7FF4D0
:100900005BAF68E701220221987A20F0C5F8002643
:10091000F4E701220C21987A20F0BEF80026EDE7DA
:1009200001220421987A20F0B7F80026E6E7012298
:100930000821987A20F0B0F80026DFE7002643E788
:10094000145100204464002010B50389044603F4C8
:100950007871802982B01CD010EE1820403918BF61
:100960000121807AC240607A82EA900202F001029C
:100970008A420ED0C3F34413102B47D8DFE803F0AC
:10098000585B5E46614646464846464646464646AB
:100990005000E268B2F5806F05D0B2F5801F53D0E9
:1009A000B2F5007FE6D10023009310EE183010EE70
:1009B00018E010EE18C010EE180010EE181010EE2F
:1009C0001820CEF3805EC3F3405343EA4E03CCF3CA
:1009D000C05C43EA8C03C0F3006043EAC003C1F388
:1009E000406143EA0113C2F3806243EA421303F019
:1009F0003F038DF80030009827F002FBC0B230B3FF
:100A0000144B00981B6E98472389B3E702B010BDC2
:100A100001220221A07A02B0BDE8104020F03CB8CB
:100A200001221146A07A02B0BDE8104020F034B88F
:100A300000220F21EEE701220821EBE70122042129
:100A4000E8E701220C21E5E7204601F0E1FD2389DA
:100A500090E700BFC83C002038B582780446FF2AE2
:100A600004D103787633DBB2052B25D9012100238D
:100A7000084662181EF07EFD0546D0B121788C290B
:100A80000AD08F2908D0002228461EF0E5FD6078A4
:100A9000FF3818BF012038BDA07820F081F801236D
:100AA000A078834040EE143004211FF099FF217894
:100AB000E9E7FF23637038BD6270002038BD00BFD6
:100AC00010290AD8DFE801F00A0F140919090909E9
:100AD0001E090909090909092300704700220F218D
:100AE000807A1FF0D9BF01220821807A1FF0D4BF7D
:100AF00001220421807A1FF0CFBF01220C21807ACD
:100B00001FF0CABF01220221807A1FF0C5BF012257
:100B1000807A11461FF0C0BFCB4B1B78002B00F032
:100B2000E1802DE9F04FC94CD0ED587A94ED087A68
:100B3000DFEDC73AF8EE475AB0EE006ADFEDC54A7E
:100B400037EE866AB2EE045A85EEA37A77EEE47A3F
:100B5000D0ED596A9FEDC04A27EE067A67EE857A96
:100B6000BAFE477AFCEEE77AF4EEC46A17EE903AE2
:100B7000BCEEC77AF1EE10FAB849B94A83B08046A4
:100B800081ED027A537040F2C28176EEE46A66EE3D
:100B9000856AFCEEE67ACDED007A9DF8003098F893
:100BA0005811022001F0010113701FF065FF98F841
:100BB0005911082001F001011FF05EFF98F858114B
:100BC0000320C1F340011FF057FF98F85911092085
:100BD000C1F340011FF050FF98F858110420C1F3F1
:100BE00080011FF049FF98F859110A20C1F38001D4
:100BF0001FF042FF98F858110520C1F3C0011FF003
:100C00003BFF98F859110B20C1F3C0011FF034FFCE
:100C100098F858110620C1F300111FF02DFF98F825
:100C200059110C20C1F300111FF026FF98F858113C
:100C30000720C1F340111FF01FFF98F859110D2034
:100C4000C1F340111FF018FFD4F8883001209847F5
:100C50000022DFF81C920D264C4611461046814BAF
:100C60001FF03EFF002115201FF0DEFF98F87B31BA
:100C700098F87CA17C4F8AEA030ACAF340130093D8
:100C8000CAF30013019394F88A011FF089FF94F8C6
:100C90008031013E3D2B26D81E2B2ED91F3B1E2B0B
:100CA0002BD8DFE813F0A900A900A9002A002A0028
:100CB0009900990099002A002A008300830083008C
:100CC0002A002A00240124012A00150115012A0006
:100CD000000100012A002A002A002A002A002A0016
:100CE0002A0022007047C32B07D109EB4612138953
:100CF00023F47E7343F0480313817501D4F88C31DB
:100D000013F4C06F0BD009EB05035A7A12F0040FED
:100D10000CBF012102211A8961F349121A814D4445
:100D20002B7A94F88A0103F01803082B0DBF0121D8
:100D30000021012200221FF07BFE697A94F88A01CB
:100D4000C1F380011FF088FED4F88C311F4200F0FF
:100D5000E08094F88A010F211FF016FF203C002E3E
:100D600091D1424E1C25344602E01C3C002D63D03C
:100D7000D4F80033013D242BF7D194F8F4328A3BA8
:100D8000072BF2D801A252F823F000BF990E0010F1
:100D9000870E00106B0D00106B0D00106B0D001016
:100DA0006B0D0010750E0010130E001098F87C21CA
:100DB00009EB4610018942F3800202F0030282F03F
:100DC000010221F48361CAF380039B0243EAC20358
:100DD0000B430381750191E798F87C2109EB4610DC
:100DE000018942F3400202F0030282F0010221F481
:100DF0008361CAF34003E8E798F87C2109EB4610C9
:100E0000018902F00102013221F483610AF0010339
:100E1000DBE7C5EBC50398F8F62006EB8303597CA6
:100E20001C3C62F38201597494F81803C1F38001E9
:100E30001FF022FE002D9BD10121152003B0BDE83B
:100E4000F04F1FF0F1BE00BF41720020C83C0020EF
:100E500000247449CDCC4C3ECDCC4C3F346A0020AC
:100E6000B82B002065020020000610000827002093
:100E7000182A002098F8F620C5EBC50306EB83037B
:100E8000C2F34002CBE798F80821C5EBC50306EB97
:100E90008303C2F34002C2E7C5EBC50398F80821FB
:100EA00006EB8303BBE798F87C3109EB4610018918
:100EB00043F3401303F00303009A83F0010321F48A
:100EC0008361920242EAC3030B430381750115E774
:100ED00098F87C3109EB4610018943F3001303F0C5
:100EE0000303019A83F0010321F48361E9E798F891
:100EF0007C2109EB4610018942F3C00202F0030293
:100F000082F0010221F48361CAF3C0035DE702238A
:100F100045E6298904F5C070C1F34411FFF7D0FDFF
:100F200017E700BF2DE9F04F2DED028B00244FF0A5
:100F3000E023032640F2E732874D884995B0696087
:100F400087490520A9608749A346E9605A619C61E9
:100F50001E61854B854AAB63854B2A612B621FF06E
:100F60004FFC4FF48062834BAA62A3FB00239B0CCF
:100F700007EE903AB2EE047AF8EEE76A6B627E4BC7
:100F80004FF07E526B637D4BC6EE877AEB637C4BF2
:100F9000EA61C5F808317B4B7B4AC5F884307B4B4E
:100FA000C2ED007AC5F88830794BDFF84882C5F881
:100FB0008C30784BC5F89430774BC5F89830774B28
:100FC000C5F8AC30764BAB65764BEB65764B6B6713
:100FD000764BAB67764BEB66764BC5F8D831764BE4
:100FE000C5F8D431754B2B64754B6B64754BAB6492
:100FF000754BC5F8CC31754BC5F89431744BC5F8B9
:10100000983100F04BFD00F0BDFF19F00FFA4FF4DE
:101010008053704AC5F8A8316F4BC5F8C42185F8D4
:10102000A061C5F8C83102F0ADFD6C4B3F221978C4
:10103000D3F8049008466A4B6A4ED3F804A01F7890
:1010400095F8F831864623F06F0343F06F0306915D
:1010500010923146A446204685F8F8310B92C5F827
:101060000422ADF82440ADF84040A5F808420594AC
:1010700004940FE013F4C06F07D0BAF1000F00F032
:101080000A824FF0010C0137FFB201300D2801F147
:10109000200134D006EB40131A79440122F01902E2
:1010A00042F009021A711A7A22F0190242F009027A
:1010B0001A728B7A48F82310CB68B3F5801FD9D108
:1010C0000EF13F0234440EF1010BB9F1000F00F0B4
:1010D000DE8181F80BE00A70A388013023F4787375
:1010E0005B045B0C43F4034343F0E0030D285FFA19
:1010F0008BFEA3804FF0010B01F12001CAD1BCF19E
:10110000000F01D0364B1F70059B13B1344BC3F851
:1011100004A0BBF1000F00F00B82304B83F800E01D
:10112000049B13B12D4BC3F804904FF000092E4BD4
:101130002E4E1A78D3F804B02D4B17461978D3F8F1
:10114000048030468C46CA464B46CDE90621CDF890
:101150001490CDF8109057E0C83C00202C8102106C
:10116000348102103C8102101505001048810210E4
:101170008096980083DE1B4369040010F906001076
:10118000190B00107106001078530020F9050010AB
:1011900055020010DD01002011010020D1050010D2
:1011A000910700106D020010C5020010C902001066
:1011B000B901002011050010FD020010D10200103D
:1011C000DD020010F10200100903001025040010D8
:1011D000E9030010A5200010C1200010A046002047
:1011E00014510020182A0020C046002008270020A3
:1011F000B8460020385000200B2C00F050810133FD
:101200001C2B00F11C001ED0C3EBC30206EB8202B4
:10121000117C446841F00201092C11744FEAC302A9
:10122000EAD1ACF16E020CF1010CB8F1000F00F044
:10123000488101331C2B02704FF0010A5FFA8CFCCD
:1012400000F11C00E0D1DDE90621B9F1000F00F04A
:101250006D81B94B1F70059B13B1B74BC3F804B038
:10126000BAF1000F00F06081B44B83F800C0049B1A
:1012700013B1B24BC3F804805EEA0C0C05D0AF4941
:10128000AF4801F0E7F9AC4B1F78002F40F0F78131
:1012900001F016FDAB4C04F124076668012E00F046
:1012A0001881A378FF2B00F031816378FF2B02D0E7
:1012B0002046FFF7D1FB0C34BC42EED19F4B1B788C
:1012C000022B57D9012102220846D5F854319847FC
:1012D00058B143797633DBB2022B40F2D78101213A
:1012E00002220846984B1EF00FFB944B1B78032BF1
:1012F00040D9012103220846D5F85431984758B106
:1013000043797633DBB2022B40F2C58101210322FF
:1013100008468E4B1EF0F8FA884B1B78042B29D90F
:10132000012104220846D5F85431984758B1437931
:101330007633DBB2022B40F2B3810121042208464E
:10134000834B1EF0E1FA7D4B1B78052B12D901214E
:1013500005220846D5F85431984758B14379763379
:10136000DBB2022B40F2A181012105220846794B14
:101370001EF0CAFA784A794B79481A661AF0F0FFDB
:101380000021784824F086FA0346774C774975485F
:10139000236024F09BFA00220F92754A754B92ED60
:1013A000008A4FF4402218604FEAC01E431D0E927F
:1013B0004EEA033E4FF480324FF4F8338446CDE9D1
:1013C0000C230CAE10AF96E80F0087E80F002468DE
:1013D000CDF844E097E80F0086E80F0033466246F8
:1013E0002146604824F042FBDFED637A78EE277AED
:1013F000BCEEE77A17EE103A9BB2002B00F0928019
:1014000007EE103AB8EE477ADFED5C6A77EEC77AFE
:1014100067EEA67AFCEEE77ACDED047A9DF810200F
:10142000120242EA034204EB4403DB0003F1A0434F
:1014300003F54013C3F8C820112051491FF016FCD2
:10144000002111201FF030FE4FF000080623022477
:10145000CDE901384B4A4C494C480AAB009424F082
:1014600059FB002840F0968024F056FF0DF048F814
:1014700024F098FD24F04EFE2868A0F10A00B0FA8E
:1014800080F0400915B0BDEC028BBDE8F08F012360
:10149000894604931DE601238A460593F1E5BBF1D5
:1014A000000F12D04FF00109D21A06EB8202517CD4
:1014B00041F008015174A7F156024F440270FFB287
:1014C0009DE6012180460491B3E601218346059102
:1014D000E8E74FF4A032314630462D4B00941EF021
:1014E00071F900283FF4E7AE002331463046621C14
:1014F0001EF040F8A06000283FF4DDAE0022217805
:101500001EF0AAF82046FFF7A7FAD4E601214FF40F
:10151000804208461E4B00941EF054F900283FF408
:10152000CAAEC5E61A467CE78C46A0E6174692E6A8
:10153000DDF818E0F4E500BFC0460020B846002002
:10154000A0460020BC2B00206C810210708102108C
:1015500074810210788102105D060010A03B00200B
:10156000F8260020000030504C6A002024E80210C9
:1015700078530020506A00200000003B00008043A8
:10158000C1010020446A0020306A00200CE80210EB
:10159000B1040010474BDDF828B093ED008A464BAC
:1015A000CDF83C80D3F80090444B4FEACB1CD3F8E5
:1015B00000A04FF440230E9309F12F4303F560037D
:1015C0004FEA13580BF106034FF480324CEA033C08
:1015D0004FF4F833CDE90C2396E80F0087E80F00AD
:1015E000DFF8ECE008F10608CDF844C097E80F00FA
:1015F0005FFA88F886E80F00CDF83CE020464146C7
:1016000001341FF0EDF9082CF8D1012302225146D4
:1016100000934846062324F0E3F933465A465146E0
:10162000484624F023FADFED267A78EE277ABCEEDE
:10163000E77A17EE103A9BB233B307EE103AB8EEE2
:10164000477ADFED206A77EEC77A67EEA67AFCEE7E
:10165000E77ACDED047A9DF81020120242EA0343A6
:101660000AEB4A0209EBC202C2F8C8300123D9F8DA
:10167000002003FA0AF31343C9F80030F4E61249D4
:10168000124801F08FF903E61A46E7E70022942199
:101690001DF0E2FF23E6002295211DF0DDFF35E677
:1016A000002296211DF0D8FF47E6002297211DF069
:1016B000D3FF59E678530020306A0020446A0020A6
:1016C0000000003B00008043C0460020A8460020E8
:1016D00002006000054B1A685B6890B29A4299B2AA
:1016E00038BF00F58060401A80B2704788580020EB
:1016F000074B1A685B6890B29A4299B238BF00F5FE
:101700008060401A80B2C0F57F70033080B27047AD
:1017100088580020074A53681168994206D0591C1E
:10172000C1F309011344D87A516070474FF0FF307C
:10173000704700BF885800202021034A034B916363
:101740001A685A60704700BF00300740006E0020E2
:10175000084A82B09369D90605D41368DBB20193B5
:101760009369DB06F9D50022034B19685A72596058
:1017700002B070470000074088580020F8B5104BB1
:1017800006469A6B910605D49A69920616D52022D0
:101790000C4B9A630C4D0D4F2C680134C4F30804B4
:1017A00003E0D7F8F431984738B16B68A342F8D01A
:1017B0002B682C601D442E720120F8BD1860FBE7D9
:1017C0000000074000200740006E0020C83C0020B9
:1017D000084B1A685B6890B299B29A42064B38BFC0
:1017E00000F500709B69401AC3F3C00380B218442F
:1017F00080B27047006E002000000740502210B1F8
:10180000024B9A637047024B9A637047003007405F
:1018100000200740014B1B68184700BFF42B002035
:101820000346024A106803B113607047F42B00208E
:1018300008B5034603F00C0213F0030F14BF072191
:101840000821082A14BF012202220348C3F302130D
:1018500022F02EF8012008BD0000074008B501461F
:10186000024821F0D7FF012008BD00BF000007405B
:101870000146014818F02CBB88580020F8B5224DCD
:101880002F6C17F0500F0AD0204E05E02C683368FB
:10189000E4B22046984718B3AB69DB06F6D5BA0622
:1018A0000AD51B4A18495368886984060CD55360C9
:1018B00051681368994220D0F8BD287AC4F3080310
:1018C000086088698006F2D41068D518984203F140
:1018D0000104F2D15360516813689942ECD10CE0D5
:1018E0000C4A136851680133C3F30903994208D0C5
:1018F000116813600A44D472CEE72022064B9A6323
:10190000F8BD01235372C7E700000740F42B002005
:10191000006E002088580020003007401F4A517890
:1019200009B10020704792F802C070B504461CF05F
:10193000010030D01CF0020FCCF340062CD14CF04B
:10194000020C174D0221304682F802C01FF048F801
:10195000022101201FF044F82146284621F0D8FE3C
:10196000286B104C00F440400122334608212063CC
:10197000284621F09DFF0121284621F0D1FF21209A
:1019800009491FF073F9212001211FF04DF9502260
:10199000064B07489A6370BD084670BDEC2B0020CB
:1019A00000000740001007407D180010002007408D
:1019B00038E802102DE9F843074617F8016B1EB30B
:1019C000DFF85880DFF85890D8F838309A0606D4F7
:1019D000D8F818309B0619D520220E4B9A630E4D6D
:1019E0002C680134C4F3080403E0D9F8F4319847B3
:1019F00030B16B689C42F8D02B682C601D442E726D
:101A000017F8016B002EDFD1BDE8F883C8F800603D
:101A1000F6E700BF00200740006E002000000740EE
:101A2000C83C002081B32DE9F04706464B1E9BB20F
:101A30000133DFF86080DFF860A0C718D8F83830CD
:101A400016F8019B9A0606D4D8F818309B0618D5CC
:101A500020220E4B9A630E4D2C680134C4F3080407
:101A600003E0DAF8F431984738B16B689C42F8D05B
:101A70002B682C601D4485F80890BE42DED1BDE87D
:101A8000F087C8F80090F8E7704700BF00200740D3
:101A9000006E002000000740C83C002010B5074C35
:101AA0000748D4F8943198470648D4F894319847B9
:101AB000BDE81040044818F0EDB900BFC83C002054
:101AC000A4E802108CE80210E02B0020054B5A68B5
:101AD0001B6891B298B29A4288BF00F58060401AA4
:101AE00080B27047945C0020064B5A681B6890B225
:101AF0009A4299B294BF00F2FF3000F1FF30401AD1
:101B000080B27047945C0020014B1A685A6070479D
:101B1000945C00201820064B19681A6819445A6012
:101B20001A68C8720132C2F309021A60704700BF16
:101B3000945C0020074A53681168994206D0591CEA
:101B4000C1F309011344D87A516070474FF0FF3058
:101B5000704700BF945C0020014B1B68184700BF12
:101B6000F82B00200346024A106803B11360704747
:101B7000F82B002008B51F201FF06CF84FF47A7086
:101B8000002108BD0146014818F0A2B9945C00206C
:101B9000002021F003B800BF08B50021074826F057
:101BA0006BFA00B908BD4FF0FF30002120F02EFA8B
:101BB000BDE80840014826F02FBA00BF2071002080
:101BC0002DE9F84380460F4620F096F948B90020E9
:101BD0000021294BC3E90001BDE8F843274826F05E
:101BE0001BBA20F091F905460028F0D1002FF3DD53
:101BF000DFF88490224E13E02246002021F082F884
:101C0000002104464FF0FF3020F000FA002021F0C0
:101C100031F81FF0B9FEC9E900012544AF42DBDD10
:101C2000002021F08FF87C1B8442A8BF044608EBFB
:101C30000501002CE0D121464FF0FF3020F0E6F9FD
:101C4000204621F017F820F057F90028C4D020F0E2
:101C50005BF90028C0D121F075F80028DED11FF013
:101C600093FED9F80030D9F804209B1942F1000204
:101C700083428A41D2D2AFE7D83E002020710020B3
:101C800020A1070008B50E4B18701FF07DFE4FF025
:101C9000FF3E6FF0004C0B4A821841F1000396455D
:101CA0007CEB03013CBF72466346074826F0CCF943
:101CB00018B101210248FFF783FF012008BD00BFD2
:101CC0005C48002040420F0020710020474B2DE966
:101CD000F047474C1B68984723780BB1BDE8F08765
:101CE0000123237020F008F918B900232370BDE800
:101CF000F08720F009F90028F7D120F065FF0646AB
:101D00000028F2D03B4D69682A688BB2914294BF9B
:101D100003F2FF3703F1FF3790B23F1ABFB220F052
:101D2000EBF80028E1D020F0EFF80028DDD120F01A
:101D30004BFF0028D9D01FF027FE4FF0FF3E6FF079
:101D4000004C2D4A821841F1000396457CEB0301BB
:101D50003CBF72466346294826F076F90028C4D075
:101D600020F0CAF840B900214FF0FF3020F04EF9C2
:101D7000224826F051F9B8E720F0C6F8804600283E
:101D8000F1D120F021FF0028EDD0142E3246A8BF5B
:101D900014221B4EBA42A8BF3A463146404620F0B4
:101DA0001FFF0746154826F037F9002F9DD09CDD10
:101DB000B1464FF001083E44124F06E02A682B60FE
:101DC000AB1883F80BA0B1458FD019F801AB3B6875
:101DD000504698470028F6D12B686A680133C3F350
:101DE00009039342EAD185F80980ECE78C52002080
:101DF00051720020945C002040420F0020710020AE
:101E0000A46D0020F82B00202DE9F0411F4D204E3D
:101E100005F10C07AF602B6833B1002020F092FF72
:101E20000A282B6804D84BBB0120AF60BDE8F081C5
:101E3000984228BF1846D5F8088004461FF0A4FD34
:101E400002464FF0FF3E6FF0004C921941F1000343
:101E500096457CEB03013CBF724663460D4826F075
:101E6000F3F818B121464046FFF7AAFE2B68AA688E
:101E70001B1B22442B60AA60002BD5D0064BD3F845
:101E8000F43198470028C6D12860CEE708700020BA
:101E900040420F0020710020C83C002038B5114B93
:101EA00004461B680D4613B1FFF7AEFF98B11FF053
:101EB0006BFD4FF0FF3E6FF0004C0B4A821841F172
:101EC000000396457CEB03013CBF7246634607481E
:101ED00026F0BAF800B938BD29462046BDE838409A
:101EE000FFF76EBE0870002040420F0020710020F6
:101EF0000378002B39D070B5044625F089FE1E4EBC
:101F000005463368C218FF2A16D802462146B06833
:101F100025F008FE3368B2682B442A443360B2606F
:101F2000254415F8012C0A2A02D0726893421BD965
:101F3000BDE87040FFF768BF13B1FFF765FF98B1C8
:101F40001FF022FD4FF0FF3C6FF000460B4A821855
:101F500041F10003944576EB03013CBF62463346F2
:101F6000074826F071F808B970BD70472046A9B23D
:101F7000BDE87040FFF724BE0870002040420F000B
:101F800020710020002130B5084685B021F09CF872
:101F90001F201B491EF06AFE01211F201EF044FE77
:101FA00018481FF01FF91FF055FB04461FF0ECFC0A
:101FB0004FF0FF3E6FF0004C10F57A7241F10003D4
:101FC00096457CEB03014FF001054FF000012046E0
:101FD0000D4CCDE901153CBF7246634600941FF0DD
:101FE0003DFBEC21094A0A48546D0A4B04600A4C37
:101FF0000A4803F10C059D605465596005B030BD79
:10200000991B001020710020751B0010A03B0020C0
:102010008C52002008700020CD1C0010BCE802107B
:102020000048704770E902100048704724E9021028
:1020300038B540B940F209424FF44173164D164885
:102040006A802B8038BD042804461ED803281ED081
:10205000124B114D53F8241028460023013903E098
:10206000132B20F8022F0BD011F8012F0133DBB214
:10207000002AF5D15B0043F4407307482B80E1E769
:102080004FF44A7304482B80DCE7002038BD102150
:10209000034823F03DFBDBE76849002010E902100C
:1020A000B062002008B5044B0449D3F8A42125F000
:1020B00039FD012008BD00BFC83C002000801F1072
:1020C00038B5144D1449D5F8A421044624F088FFEE
:1020D00008B9012038BD72B64FF480514FF4FC109E
:1020E00025F0AAFFD5F8A4214FF4FC10D3B2120AB0
:1020F000002B18BF01322146120225F069FF62B69B
:1021000005492046D5F8A42124F06AFFB0FA80F0F2
:10211000400938BDC83C002000801F100C4BDA7805
:1021200003799A420FD910EE18200A49C3EBC30372
:10213000096801EB83031B7A22FA03F3DB0704D55A
:102140004FF07E507047044870470020704700BF32
:1021500090490020B0460020000080BF0B4B1A7849
:1021600003799A420DD910EE18200949096801EB4C
:1021700043139B7A22FA03F3DB0704D54FF07E501A
:102180007047044870470020704700BF9049002006
:1021900098460020000080BF354B364A10B5DA6201
:1021A000002832D1344A12788A422DD9334A197123
:1021B00014684FEA411C04EB41114A7A4868C2F3A3
:1021C000801282F001029201B1F808E042F00402AC
:1021D0009861C0F3072020F0440002F0440202435B
:1021E0005A76CA68A3F81CE014F80CC09A608A7A80
:1021F0000C69C8695A612249224AC3E90340C3E90C
:10220000081283F805C01A4810BD01282DD11A4ABA
:10221000D2788A4229D91C4AC1EBC10C14681971C1
:1022200004EB8C010A8A9A830A8A9A61120A22F0C4
:1022300044004A7CC2F3801282F00102920142F013
:10224000040202F0440202435A7614F82C00CA68D1
:1022500058714C6848699C600C7A0C49DA600C4AE9
:10226000C3E90404C3E90812CDE7002010BD00BF94
:10227000E03E0020E1250010904900209846002013
:10228000092300105D210010B046002095220010A7
:102290001D2100102DE9F041194F037997F803C073
:1022A000634508D3174E3368187860452CBF00206B
:1022B0000120BDE8F081134E04463068C3EBC30330
:1022C00000EB830390465A7C0D460978C2F38000E8
:1022D000884205D1B8F1000F0BD197F803C0E2E7AF
:1022E00061F38202187A5A741EF0C6FBB8F1000F2F
:1022F000F3D0294620461DF0CDFF97F803C0D2E762
:1023000090490020B0460020F8B5224F164697F8B5
:1023100000C00279624503D28B780D46032B04D1AD
:1023200062452CBF00200120F8BD47F6E731044686
:102330001948012B006803F0030300EB42122878D0
:102340004FEAC30343EA8023687843EAC033108925
:1023500001EA0001114803EA000343EA0103138183
:102360000DBF012100210122002260691EF060FBE7
:10237000297860691EF070FB3EB9227997F800C099
:1023800062452CBF00200120F8BD294620461DF0E3
:102390000BFFF2E790490020984600201884FFFFC9
:1023A0004F4B2DE9F0471B78834239D94D4B1D68BF
:1023B00005EB401500297CD007EE902AB3EE047A95
:1023C00067EE877AFAFE677AFCEEE77A17EE904AB4
:1023D0004B1E012B04F1010427D90E1F18BF012643
:1023E00010EE1830AA7AD34003F00103B34269D04B
:1023F000B4B13D4FDFF8F8800AE098F800307BB9BF
:1024000010EE1830AA7AD34003F00103B34259D03A
:102410000DF0EAFE00213220FB6B9847013CECD125
:102420004FF0FF342046BDE8F087012914BF022396
:102430000B46AA8818BF194613EA5213F0D0012799
:10244000002395F80AC0294E07FA0CFCD6E900894A
:10245000284628EA0C02C6E90023FEF731FBD6E93C
:102460000023A87A8740174234D1BCB11E4FDFF851
:1024700080800BE098F8003083B9D6E9009A0121FA
:10248000A87A01FA00F313EA090F23D10DF0ACFE8C
:1024900000213220FB6B9847013CEBD14FF0FF3419
:1024A00029892846C1F34411FEF70AFB2046BDE8FE
:1024B000F08710EE1840AB7ADC4004F001042046AF
:1024C000BDE8F08710EE1840D44004F00104204627
:1024D000BDE8F08710EE1840C44004F00104DFE7C7
:1024E0009049002098460020C83C0020983B0020DE
:1024F000B83F0020064BDB78834208D9054BC0EB80
:10250000C0001B6803EB80031B7A41EC403070472E
:1025100090490020B046002048B90C4B1B788B42F4
:1025200012D90B4B1B6803EB4113DA61704701288A
:102530000AD1064BDB788B4206D9064BC1EBC101B1
:102540001B6803EB81035A61704700BF904900206C
:1025500098460020B046002070B51E4C82B024780A
:10256000844220D91C4C256805EB4015B5F804C001
:102570001CF4787414D0CCF3441C32EA0C0C16D042
:102580000024164E336D984700212846FEF798FA2E
:1025900000222B89AA6123F478732B81F36C98476E
:1025A000204602B070BD0024204602B070BD7BB151
:1025B0002889E97262F34910288111462846AB61E7
:1025C0000192FEF77DFA019A0124002AE8D1D8E7AA
:1025D0001C46D6E79049002098460020C83C0020C1
:1025E000037FDB0706D5084A037912685B010120E7
:1025F000D1547047054A03791268C3EBC303012025
:1026000002F82310704700BF98460020B046002013
:10261000012170B40E4E90F80AC0D6E900452B4651
:1026200001FA0CF141EA04028469C6E9002364B1AD
:1026300010EE1810437A21FA0CF181EA9301C07A66
:10264000234670BC01F00101184770BC704700BF01
:10265000983B002030B587B0EC4690F800E00C4A7B
:1026600040680C4D10600C4B4A6885F800E01A6019
:102670000A4C0B78EB700FCCACE80F0094E8030029
:102680008CE8030068461DF01FFB07B030BD00BF9B
:102690009846002090490020B046002084E90210AE
:1026A000064B1B6843B106490279C978914203D9A8
:1026B00003EB820318687047024870474C540020AF
:1026C00088460020000080BF037F9A0705D5044A92
:1026D000037912685B01D154037FC3F34000704754
:1026E0009C4600209FED4D7AD1ED007AF4EEC77A3A
:1026F000F1EE10FA2DE9F84F0C460546D0F80C9093
:1027000009DC9FED477AF4EEC77AF1EE10FA12DD9C
:10271000C0260C2701E01026012705201EF070F8C6
:102720004946B0FBF7F220461DF090FC074630B951
:102730003846BDE8F88F4FF448763227EDE76869F0
:10274000B9F804801EF02CFA01236869834040EE3A
:10275000143004211EF044F96B69D9F80820580898
:102760001F2B8ABF00F0030000F00700083013F0B1
:10277000010308BF4FF6FF7A1FFA82FB4FEA80027F
:1027800000EB800102444FF00000DFF8A0C04FEAE8
:1027900081018C44DCF800E01CBFDFF894A04FEA14
:1027A0000B4B94F818908EEA0B0E0CF5805C0EEA39
:1027B0000A0ECCF800E0920083F0010C09EA030352
:1027C00001F1804102F1804209EA0C09DB0002F5C7
:1027D000282201F5282143EA8903086043F0010318
:1027E0009060D060C2F810800E4A4E600B602B796A
:1027F000D2789A429CD90C4AC3EBC3031268617E1B
:1028000002EB8302537C81F0010060F3041361F357
:10281000451353743846BDE8F88F00BF0000FA44F2
:102820000000484388460020B44600200C800A403F
:102830000000FFFF0A4B40B91878884205D9094BC0
:102840001B6803EB4113DA617047DB788B4206D9D2
:10285000054BC1EBC1011B6803EB81035A61704753
:10286000884600209C460020B446002038B5054626
:102870001F4B0C4630220021184624F0DFFB012DAF
:1028800033D11C4AD278A2422FD903461A4AC4EB4C
:10289000C40C1568047105EB8C010A8A8283C2F3AB
:1028A000803080F00100C2F3072460F3861492B2F6
:1028B0009A615C7615F82C004A6958714C680F488B
:1028C0009C600C7A1A614A7C5C6112F0300FD8620D
:1028D00009D00B4A0C7E0B480B491268C3E908016A
:1028E00002EB4412DA60024838BD002038BD00BF58
:1028F000103F002088460020B4460020C926001062
:1029000044540020E5260010A126001070B51F4D8C
:102910000446EB78834234D91D4A1E4B10681A686E
:10292000C4EBC4039E0002EB830330B1925D02F15D
:102930008042AA3A00EB820001601E7A187E164B94
:102940001B6803EB40101DF0F7FB73081F2E8ABFB6
:1029500003F0030303F007030833104A03EB830378
:102960009B001A44F30758BF4FF6FF76116880B2F8
:1029700044BF0B4E00044140314002F58052EB78D9
:1029800011609C422CBF0020012070BD88460020B1
:102990004C540020B4460020445400200C800A40CF
:1029A0000000FFFF2DE9F043344B8DB00393344B0F
:1029B000002404930346334A1F785B68324D334E3C
:1029C00013604B682F70DFF8D89033600B7868463F
:1029D000CDE900590294EB701CF0D0FF002849D0DB
:1029E000EF78002F46D02A4BD6F8008007930A9341
:1029F0004346284ACDE908440592274AC7EBC70158
:102A000006940B94C2F8489108EB81015A7C1C3360
:102A1000D00648BF01348B42F8D12021204622F055
:102A2000CBFCDFF880900421C9F80000204622F09A
:102A3000C3FC0021194B0C46186001E0D6F8008059
:102A4000C4EBC40308EB83035A7CD2060FD5D9F834
:102A5000002001F1010852B119760120E1B2FFF71F
:102A600005FF05A90022FFF73DFE4146EF7801343E
:102A7000A742E3D80DB0BDE8F08300BF35280010B1
:102A80006D2800109C46002088460020B446002097
:102A90000000C84200409C45C83C00204C54002027
:102AA0000D29001044540020704700BF00207047DB
:102AB000024A034BD2F8C0001B681847C83C0020EC
:102AC000A03B0020074B70B51B6804460D46984795
:102AD000054B1B6F23B129462046BDE870401847BF
:102AE00070BD00BF104C0020A03B0020024B93F8AB
:102AF000FA0100F002007047C83C00202DE9F843BD
:102B0000384D2B68E3B1384B384E93F8BF30C3B122
:102B1000336D98472C68F36C002C61D000272F6030
:102B20009847DFF8D880D8F80030E568D4E901206C
:102B3000E7606760002B4CD0904715B12C46F2E758
:102B40002A4ED6F8D4319847294B80461A688242DB
:102B50002AD0284D284A2C681768BC4224D0186017
:102B600037B1D7E901309847FF68002FF9D12C68B9
:102B7000D4B10027DFF884902368A3EB0803002B6F
:102B800012DC336D98472B68A34218D073B9F36CED
:102B90009847D4E90130D9F800206760E7608AB12E
:102BA00098472C68002CE7D1BDE8F8831A46DB680B
:102BB000002BECD0A342F9D1E368D360E7E7E368E8
:102BC0002B60E4E7C9F8004098472C68002CD3D16B
:102BD000EAE7C8F800409047002DB2D02C46A2E7A3
:102BE0009847AEE734500020B83F0020C83C002092
:102BF000C050002064520020D86A0020BC50002041
:102C000008B512F02FFA0022014BC3F8202108BDAD
:102C1000A03B002030B5154B8BB093F800E0EC469C
:102C20006FEA0E0E124C5FFA8EFE83F800E00FCCB6
:102C3000ACE80F0094E80F00ACE8070070468CF891
:102C400000300BF05FFC0446684624F0E1FF2146AB
:102C5000684424F0DDFD0346064A002112886846D8
:102C60001A800FF091FB0BB030BD00BFFC2B002091
:102C7000CC810210EC8102104AB1064A92F875210B
:102C8000920704D5044A1846D2F814311847002098
:102C9000704700BF44640020C83C0020074B93F8F5
:102CA0007221D20604D5C269D3F8F4118A4200D148
:102CB0007047C3F8F42113F045BB00BF4464002003
:102CC000704700BF0D4808B5417A11F002010CD0E1
:102CD0000B4B01211B6C483098470A4B00219A8A04
:102CE0000948BDE8084025F093B9064B9A8A02B915
:102CF00008BD0648BDE8084025F08AB9B83F002065
:102D0000C83C002044640020C52C0010112D001088
:102D1000054B00215B7A9B07044B4CBF04480548D8
:102D20009A8A25F075B900BFB83F0020446400209E
:102D3000C52C0010112D001070B50446E30707D410
:102D4000194B1B68002B2BD02046BDE8704018475C
:102D5000164D174E2B6D98473368B3B100211548B7
:102D600003E0DA68194682B113465A688242F8D104
:102D70009A68002AF5D1DA6899B1CA6000220E4932
:102D80005A600868DA6000B90B60EB6C9847C8229B
:102D90000021084825F03CF9034B1B68002BD3D1D8
:102DA00070BD3260EAE700BF98520020C83C0020A6
:102DB00064520020B12A0010BC50002070B5124EA1
:102DC0000D46336D0446984710490B68A3B10020A7
:102DD00003E0DA6818467AB113465A68A242F8D17D
:102DE0009A68AA42F5D1DA6860B1C2600022084947
:102DF0005A600868DA6018B1F36CBDE87040184793
:102E00000B60F9E70A60F1E7C83C0020645200203B
:102E1000BC5000202DE9F04FC64D83B0DFF8888309
:102E2000E4220021284624F009F94FF42072002101
:102E3000C14824F003F94FF492720021404624F077
:102E4000FDF8BE4BBE4CC8F81431BE4BBE4AC8F8A4
:102E50006030BE4BBE4FC8F86830BE4B0021C8F88A
:102E60007C30BD4BC8F81821C8F88030BB4B4FF4FC
:102E70000472C8F88430BA4B2046C8E91577C8F800
:102E8000D03024F0DBF80A2340F2FD322360B54B4A
:102E9000B54EC4F89C314FF08043C4F8A421B34A26
:102EA000E361C4E914624FF6FF730122A4F8023211
:102EB000134684F80A22AE4AAE492267AE4A21661A
:102EC000C4F89C20AD4A85F8BD30C4F8F421AC4A62
:102ED000E664C4F8242108F04FF900F053FE14F022
:102EE0005BFD12F0BFF8FEF71DF8A64F00263B78F9
:102EF00060F300033B7000F08BFE14F057FD94F874
:102F0000F821397802F06003A3F16003B3FA83F388
:102F100042F060025B0984F8F821DB00C2F3400252
:102F200043EA021321F0180103F018030B43FF2BAF
:102F30003B700CBF01233346C5E93366C5E93566EE
:102F4000C5F8C86085F8C060C5F8DC6085F8BE309B
:102F50000FD18D4BD4F80821C4F808318B4B8C4825
:102F60001A60A36B98473B7885F8BE6060F3410315
:102F70003B70874E0DF1060196F8FC0015F080FAC3
:102F80008146002800F08D8196F8FD000DF10701C3
:102F900015F076FA18B996F8FC3086F8FD309DF9F0
:102FA000060015F0D1F83B78814660F382033B7050
:102FB000002800F06E81002015F0D8FAC36A2BB10A
:102FC000006BB0F1000918BF4FF001093B7869F3BD
:102FD00082033B7094F8F93113F0020305D196F89F
:102FE000F02163F3410286F8F0213B78FF2B06D0F5
:102FF00010230021674885F8BC3025F02DF8012109
:10300000D4F88C3096F85C01984715F0F3FC636FA8
:103010004FF000009847D4F8F0310BB15E48984764
:1030200095F8BC30626E103B18BF012385F8BF30A5
:10303000002A00F0E78096F8E331DF0700F1E28034
:10304000B28A002A40F0E88094F8F93113F0060FB4
:1030500040F0EC8094F8B63003F00C03042B06D15A
:103060004E4BD4F800211A604D4BC4F80031D8F80B
:10307000B030002B00F023814FF000094FF0640ABC
:103080004FF0640B11F0EEFFEB7823B196F9E231CB
:10309000002B80F2B18050220021264823F0CEFF81
:1030A0006FF001030020C5E904AB2B6515F052FA5F
:1030B000002840F0E480B38A697A003B18BF0123FE
:1030C00096F8802163F341016972D10705D56B7FC2
:1030D000C2F3400262F3C3036B770BF067FED4F8D0
:1030E000D430984796F87201C0F3400001F080F8A0
:1030F00096F87A01A36D4FF0000100F001009847A7
:103100000BF006FF17F0FEF907F0F4FF19F004F9D1
:103110000CF09AFB2049234819F048FBD4F8903072
:1031200013B100210846984794F8FA319B0740F103
:10313000A3803BE0B83F0020F46A0020A1FB001010
:10314000C83C0020A92A0010150C002015C401104D
:10315000FD2A0010CDD70110D5D70110E16C011068
:103160009D2C0010012C001049ED0010AD2A00101C
:103170005110002039060020F50C0020A99E0110F6
:10318000ED2A0010FC2B0020C52A0010104C002056
:1031900044640020152C001080400020985200202C
:1031A000392D0010444B0020A03B0020D8F80030FF
:1031B000D4F8C400984796F97131002B53DA94F98A
:1031C000F931002B07DA95F8C030002B0CBF8020B6
:1031D000872024F04DFF0DF083F8074698B385F85B
:1031E000BD9011F03FFFEB78002B3FF454AF96F900
:1031F000E231002BFFF64FAFBC220021384823F00C
:103200001DFF4DE794F80532002B48D1354BB28AAB
:103210006366002A3FF418AF0021334824F0F8FE1B
:1032200094F8F93113F0060F3FF414AFC3F38002A2
:10323000C3F3400343EA420140F28A2001F0030154
:1032400014F0AAF906E7D4F8D031FBB1984785F815
:10325000BD70074600287FF415AF00F0C5FC384666
:1032600003B0BDE8F08F24F0FBFEB0F5807FA6D15F
:10327000012015F02FFFA2E71AF040F996E7002091
:1032800015F074F964224368DA6014E785F8BD30FC
:10329000F8E615F079F914F057FF814696E6134BDE
:1032A000B5E715F09FF8494615F074F8A8B190F904
:1032B000002043788DF8062086F8FC3064E694F808
:1032C000FB31D8077FF5D8AED4F81431002B3FF48A
:1032D000D3AE074BC8F8B030CEE602460B23E9E781
:1032E000B83F002061030020C52C0010810300209E
:1032F000792C0010F8B50E4F3B6893B100250D4EA8
:103300003268DC68D3E90110DD605D6022B1884776
:103310003C6034B12346F3E7336088473C60002CBF
:10332000F8D1054B93F8BF3003B9FEE7F8BD00BFF5
:1033300088520020BC500020B83F0020F8B5134F41
:10334000C6B2BB6F04460D469847C0B2B04209D022
:1033500020467B6F984706B12DB9BDE8F840202084
:1033600019F0F2BAF8BD07EE905A9FED097AF8EE1F
:10337000677AC7EE877A074B17EE900A99780BF0B9
:103380007DFABDE8F840202019F0DEBAC83C0020E4
:1033900000007A44B83F002038B5044624F060FEAF
:1033A000022801D1012038BD0DF084FA0028FAD09E
:1033B000114B1A78002AF5D15D78002DF2D10F4B10
:1033C00020465B6FE4B298471CB10D4BB3F8F83060
:1033D0001BB9202019F0B8FAE4E707EE903A9FED08
:1033E000097AF8EE677AC7EE877A294617EE900ACF
:1033F0000BF044FAEDE700BFB83F0020C83C0020C6
:103400004464002000007A440346302B4FF0000053
:103410000DD82D2B36D8142B14D80E2B4BD9103B8E
:10342000042B20D8DFE803F02B252E2836007F2B35
:1034300033D01A0629D5882B18D0892B30D14FF0DC
:1034400018007047173BDBB2152B36D801221B49F9
:1034500002FA03F3194061B9194A13420FD140F639
:103460000172134228D04FF0010070474FF0030063
:1034700070474FF0040070474FF0100070474FF056
:10348000020070474FF008007047332BF4D9343BEB
:10349000022B0FD84FF0200070474FF03F007047CD
:1034A00083F08002072A98BF0120A3F1800398BF10
:1034B00098407047704770477047704704003C0061
:1034C00002E00100124A92F80832FBB9114892F862
:1034D000051290F8E40192F8072221EA000101F0B8
:1034E0003F0100B522EA000281F03F0E02F03F02E8
:1034F0006EF3070382F03F0C61F30F2306486CF371
:10350000174362F31F6303605DF804FB704700BF5D
:10351000C83C002044640020184C0020024B82B0BC
:10352000186802B0704700BF184C0020144B93F885
:10353000083213B1134B186870471A46114910B579
:1035400091F800C08C7891F803E04978C0B244EA61
:103550000C0C4EEA01016CF3070360F3070261F300
:103560000F2360F30F2264F3174360F317426EF3E7
:103570001F6360F31F6282B003EA020002B010BD55
:10358000C83C0020184C002001460E4BA3F5C86C27
:1035900093F840268A4206D063450CD093F838262B
:1035A000083B8A42F8D16345D3F8440605D0083B6E
:1035B0000028EDD0704704487047034B002808BF2F
:1035C000184670479CE90210F08102100D289DBF3B
:1035D000012303FA00F080B20020704784464FF6C2
:1035E000FF7000294ED061441CF8013B434003F0BA
:1035F000010202EB820002EB403282EA530202F047
:10360000010303EB830003EB4033C2F34E025A4045
:1036100002F0010303EB830003EB4033C2F34E02DD
:103620005A4002F0010303EB830003EB4033C2F383
:103630004E025A4002F0010303EB830003EB4033D8
:10364000C2F34E025A4002F0010303EB830003EB86
:103650004033C2F34E025A4002F0010303EB8300F1
:1036600003EB4033C2F34E025A4002F0010303EB76
:10367000830003EB4033C2F34E0253408C4598B2B3
:10368000B2D17047704700BF014B1B68185C704790
:103690006C52002010B410B901220A4B5A700A4A29
:1036A0000A4C1378246843B9B0FA80F314F800C0C8
:1036B0005B098C4518BF43F0010321545DF8044BAE
:1036C0001370704748660020487200206C5200203A
:1036D0002DE9F047DFF8E8E00546BEF8B0C10F4637
:1036E00016469846BCF1000F04D0BEF8B2416444BF
:1036F0008C4250D3B8F1000F43D1002E3ED040464B
:103700002D4C711E052922684BD97B1C1344EB1AE2
:10371000022BAE4645D902EB070C26F003014FEA17
:10372000960901EB0C035CF8044B63454EF8044B1F
:10373000F9D18E42A6EB010407EB010305EB010C66
:103740000DD0D15C012C05F8291008D0134459780C
:10375000022C8CF8011002D09B788CF80230B8F162
:10376000000F0BD03744D3195978D35D43EA0123B6
:10377000181AB0FA80F04009BDE8F0870120BDE8D2
:10378000F0870D4C314620683844FFF727FF002EA4
:10379000B7D12268E7E7094C246AA446BDE8F047A0
:1037A00060477B1E29446C1E134413F8015F04F824
:1037B000015FA142F9D1D2E76C5200204C530020A6
:1037C000C83C00202DE9F04FDFF80C920646B9F80E
:1037D000B0418A461746984683B02CB1B9F8B25129
:1037E0002C448442C0F0A080B8F1000F7AD1754912
:1037F000434681F80080002F00F0A180D4460AEBF8
:103800000702354600244FF0010A6F4806F1FF3EDB
:10381000D0F800B06D48CDE9003BDE441CF8013B18
:103820000DB980F801A044B9B5FA85F49EF801B04D
:1038300064099B4518BF44F0010494450EF8013F0C
:1038400005F10105EAD1DDE9003BE2460C70B8F173
:10385000000F1BD0F219DDB208D101224270002CFA
:1038600079D00BF8015BC3F307230CE0002C7ED06A
:103870000137BF190BF80250C3F3072318BFBB442D
:1038800001D1012444708BF800300C704378FBB1F7
:1038900001230B704E4B1B7803B30122B9F8B031F2
:1038A0000270002B47D14B4C03E0CBB234F82320FD
:1038B000A2B1B24203F10101F7D104EB8302927885
:1038C0009B00042A0AD8DFE802F076096A617300D7
:1038D000D9F8AC315345DBD0002CDBD1012003B04B
:1038E000BDE8F08F39465046FFF778FE0023354992
:1038F0000B700346002F81D1334AC5B2D2F800B015
:1039000036B31BF80620C0F30723AA422F483246DD
:103910000BEB060433D10132B3D093449BF8004043
:10392000E41A18BF0124AEE7294CE469A44603B0A9
:10393000BDE8F04F6047B34226D80271CEE7234876
:103940004378002BA4D1D9F8AC319A45C6D19FE772
:1039500001221E4842709BF80020C3F30723AA42AD
:103960002CD001228BF80050012493448BE71BF8E4
:103970000270C3F30723AF420BEB0204CBD001323A
:1039800025703FF47EAFEFE700238CE701221C4453
:10399000E378417902FA03F30B4343719EE7012276
:1039A0001C44E378C18802FA03F30B43C38095E714
:1039B0000123C37092E7012383708FE701240BF189
:1039C000010B60E7487200206C520020486600201E
:1039D0004C530020E4EF0210C83C00202DE9F047D2
:1039E000634FFC69002C00F09D80624D6B7843B101
:1039F0000023614A184611680122A04780F00100A7
:103A00006870AB785BB15C4A00231168012040F21A
:103A10000622FC690131A04780F00100A870EB7814
:103A200063B1554A0023116840F2BE303E22FC6962
:103A300001F2BE31A04780F00100E87095F805C0A2
:103A4000BCF1000F29D002244FF001092346DFF812
:103A50002881013B2CFA03F2D10717D509FA03FE9E
:103A60006FEA0E0E5842D8F8001000F03E0000F247
:103A700041300EEA0C0C00233E22FE69014485F819
:103A800005C05FFA8EFAB04700286BD1012C04D034
:103A9000012495F805C02346DBE7EB882BB34FF4F0
:103AA00050790C24DFF8D08000E0EB88E340DA079F
:103AB0000ED5D8F8001000231A224846FE69494462
:103AC000B04728B10122EB88A24023EA0203EB8031
:103AD000013C631CA9F11A09E7D12B793BB9EB88AA
:103AE000C3B101232B70BDE8F0872B7993B1234B31
:103AF000B3F8B221002A33D01F49B3F8B0010968E6
:103B00000023FC690144A047EB8880F00100287184
:103B1000002BE6D1AB78002BE3D1AB88002BE0D1B2
:103B2000EB78DFE7BB6A002BDDD0134D0424286857
:103B3000984730B9013C0AD0BB6A286898470028EA
:103B4000F8D000220B4BC3E90022BDE8F087022128
:103B50000B480EF019FC0022064BC3E90022F4E7E3
:103B60002A71BCE76B790AEA030E85F805E08DE758
:103B70004C530020486600206C520020C83C0020B6
:103B80007C8B0210F8B5144B144ED3F8A84133685F
:103B90009C4211D8124B134F1C68204621F0FAFBAF
:103BA0000546386020B12246FF21346023F046FAF2
:103BB000281E18BF0120F8BDB4F5805F28BF4FF460
:103BC0008054084F064D38682C600028E5D021F05D
:103BD00009FC2C68E1E700BFC83C0020002C002055
:103BE000042C00206C52002010B5074C206848B10E
:103BF000064B1B7813B1FFF7F1FE2068BDE81040BB
:103C000021F0F0BB10BD00BF6C52002048660020C0
:103C10002DE9F041454C464DD4F8A4312F68013BC5
:103C200043F003030133C4F8A431002F6DD0414E9B
:103C300004F5D07EB446BEE80F00ACE80F00BEE845
:103C40000F00ACE80F009EE8070096F800808CE8B3
:103C50000700B8F1030F5ED0B8F1000F32D1042392
:103C6000354AC4E97188C4F8B421344A84F8A031D3
:103C7000C4F8B821324AC4F8BC21324AC4F8C02181
:103C8000314B187813F0DAF83378032B48D0F76902
:103C900047B10023B4F8B2211846296802F2FD3278
:103CA000B8473378002B34D0284B07209B689847BF
:103CB00028680022264B801AC3E9002218BF012081
:103CC000BDE8F0810023B4F8B22138461946376ABE
:103CD00002F2FD32B8473078042200231649C4E9C5
:103CE0007133C4F8B411154984F8A021C4F8B8118F
:103CF0001349C4F8BC111349C4F8C0110028BFD03F
:103D000028680378172BBBD1D3E71249124824F057
:103D1000A3F92868CDE73846736A98473078DBE71F
:103D2000B36A286898473378BCE700BFC83C0020D6
:103D30006C5200204C53002089360010953600103C
:103D4000C5370010D1360010BC0C0310A03B00207A
:103D500048660020948B0210E5230110024B1B786B
:103D60000BB1FFF73BBE704748660020044890F84F
:103D7000A031042B0CBF034800F5D070704700BF82
:103D8000C83C00204C530020F8B504692DED028B8F
:103D900008EE101AE16B002942D000266425027D4E
:103DA000214B22F02002646802755A7F1F4F42F0B7
:103DB000800287ED1C8A02765A7F80ED008A42F0ED
:103DC000040286605A77027E42F0040202765A7F2D
:103DD00042F001025A77037E43F00103037601208B
:103DE000E5608847D0ED007A28EE278AB5EE408A54
:103DF000F1EE10FA10D00E4B9FED0E7AD3ED1D7A36
:103E000067EE877AF4EEC87ABDEC028BF1EE10FA19
:103E10004CBF2B203046F8BD2920BDEC028BF8BDED
:103E20001420BDEC028BF8BDB83F0020D04A002022
:103E3000446400206666663F00B50E4A92F89B30E7
:103E400002F19C0C013303F0030303EB43010CEB81
:103E5000C10C02F5807E82F89B30BEE80F00ACE812
:103E60000F009EE803008CE803005DF804EB18F0F7
:103E70007DBC00BFD04A00200D4B9A690AB1DB69B6
:103E8000184770B40B4E0546B4460B4BD3F830417F
:103E900020686168A268E368ACE80F002069616986
:103EA000A269ACE807003046F56170BC704700BFFE
:103EB000A03B0020D86D0020D04A002038B50C204F
:103EC00021F068FA68B10446074B084D93E80700F3
:103ED0002B6884E807002BB11A469B68002BFBD1A6
:103EE000946038BD2C6038BDBC4A0020C052002010
:103EF000472370B500F13604E4B23B2C104D204648
:103F000028BF3B202B800AF0FDFA0646284623F006
:103F10007FFE3146284423F07BFC3B2C01D8084827
:103F200070BD0346074AA4F13B0012881A800AF0CC
:103F3000E9FA0146284623F0CFF8014870BD00BFDA
:103F40006048002090D3021000487047202C0020C9
:103F5000274BF7EE007AD3ED0B6AF4EE676A93ED28
:103F60000A7AF1EE10FAB4EE677A93ED097AF7EE79
:103F7000007A14BF01200020F1EE10FAB4EE677A47
:103F800093ED087AF7EE007A4FEA400018BF40F050
:103F90000100F1EE10FAB4EE677A93ED077AF7EECE
:103FA000007A4FEA40001CBF40F00100C0B2F1EEC1
:103FB00010FAB4EE677A93ED067AF7EE007A4FEADC
:103FC0004000C0B218BF40F00100F1EE10FAB4EEAC
:103FD000677A4FEA4000C0B218BF40F00100F1EE2E
:103FE00010FA4FEA4000C0B218BF40F0010070471D
:103FF000082C002010B5044601B340F20113174A03
:10400000B2F86C21934319D017F036F9002815DB6C
:10401000134B00EB400004EB400003EB800003EB8C
:104020008402D0ED277AD2ED026A92ED467A77EEDD
:10403000A67A77EE877A17EE900A10BD084B03EB4D
:104040008401D1ED027AD1ED406A91ED467A77EEA6
:10405000A67A77EE877A17EE900A10BD44640020A6
:10406000D04A002010B582B0019250B3022803D08C
:10407000504BD87102B010BD07EE902A4E4BF8EEAF
:10408000E77A03EB4113D3ED0C6A87EEA67A4B4C2B
:10409000484B01F14602A46903EB820292ED006AEB
:1040A00082ED007A2CB9D3F8302102EB810282ED47
:1040B000007AB4EE476AF1EE10FA14BF0122002232
:1040C0004FE03E4B9B69002B57D13A4B002293EDBA
:1040D0004B5AB5EE405AD3F83011D3ED4A5A93ED0E
:1040E000496AD3ED486A93ED477AD3ED467AC3F82F
:1040F0002C214A61C3F828210A61C3F82421CA602F
:10410000C3F820218A60C3F81C214A60C3F8182133
:104110000A60F1EE10FAF5EE405A14BF01220022B7
:10412000F1EE10FAB5EE406A18BF42F00102F1EE6E
:1041300010FAF5EE406A18BF42F00102F1EE10FAF3
:10414000B5EE407A18BF42F00102F1EE10FAF5EE3A
:10415000407A18BF42F00102F1EE10FA18BF42F0A7
:104160000102D871002A85D04FF4806018F0ECFB72
:1041700002B0BDE8104018F0F9BA0E4B002293EDE2
:104180004B5AD3ED4A5A93ED496AD3ED486A93ED01
:10419000477AD3ED467AB5EE405AC3F82C21C3F8DE
:1041A0002821C3F82421C3F82021C3F81C21C3F817
:1041B0001821AEE7D04A002044640020A03B002034
:1041C00071B1012905D10222002302704370817070
:1041D00070470122022300210270437081707047F2
:1041E0000A4601230221027043708170704700BFAC
:1041F0002DE9F043AC4F8DB097F8BD40002C00F096
:10420000B380AA4DAA4C00214FF49A72284622F09E
:1042100015FF94F87231A74ED90640F1F080F3698A
:10422000D4F8F4019847C5F83001002800F0E78081
:10423000B169002900F0EC809F4B1C682CB120462E
:10424000A46821F0CFF8002CF9D17A7F9B4B002095
:1042500085F83820AB6614F089F9994BF7EE007AAF
:10426000D3ED0B6AF4EE676A93ED0A7AF1EE10FA79
:10427000B4EE677A93ED097AF7EE007A14BF012263
:104280000022F1EE10FAB4EE677A93ED087AF7EEB9
:10429000007A4FEA420218BF42F00102F1EE10FA32
:1042A000B4EE677A93ED077AF7EE007A4FEA4202AE
:1042B0001CBF42F00102D2B2F1EE10FAB4EE677AFE
:1042C0004FEA4202D2B218BF42F00102F1EE10FAF8
:1042D00093ED067A686367D0B4EE677AF1EE10FA70
:1042E00000F0D4804FF07E510022D9629962596269
:1042F0001962D9619961C3E90022C3E90222C3E9C5
:10430000042285F83A20022018F01EFB6D4995F82A
:10431000200012F05DFD10B90720B368984797F8A8
:10432000BD30002B60D0624B93F871319B0740F198
:104330008B80B46C74B10023182269466148CDE9C2
:104340000033CDE90233CDE9043322F049FE0028E1
:104350006CD0A0471AF09CFA336B002B4CD053481A
:104360000DB0BDE8F0431847504D4FF4807206463B
:104370002146284695F8209095F8078022F05EFEA9
:10438000514BD5F83001D3F81C31C269C5F89020E3
:104390000BB1214698472EB1464E85F8209085F8FE
:1043A000078049E7434E47E7B4EE677AF1EE10FA2B
:1043B0004FEA8202D2B295D10021C3ED0B7AC3ED50
:1043C0000A7AC3ED097AC3ED087AC3ED077AC3ED23
:1043D000067AC3E90011C3E90211C3E9041185F8A3
:1043E0003A10002A92D08EE7B46C002CB1D11AF0AA
:1043F0004FFA336B002BB2D10DB0BDE8F083002033
:10440000F3699847B169C5F8300100297FF414AF0A
:10441000202222F013FE94F87231DA067FF50CAFF9
:10442000D4F8F421D5F83031DA6105E706A9C1E9FD
:104430000100C1E90300069048611822234822F0D8
:10444000CFFD002886D084E70B20204912F0C0FC65
:1044500060B90720B3689847B46C002C3FF47AAF7A
:1044600097F8BD30002B7FF466AF72E7182495F9FA
:104470009B30DFF858C003FB0454BCE80F009C34A9
:104480000FC49CE8030084E80300E5E70022C3EDC5
:104490000B7AC3ED0A7AC3ED097AC3ED087AC3ED4E
:1044A000077AC3ED067A26E7B83F0020D04A0020FD
:1044B00044640020A03B0020C0520020F84A0020A5
:1044C000082C0020D84A0020C83C0020D04B0020F7
:1044D00000487047F84A0020002208B5054BC3E9A0
:1044E00000229A6014F086FABDE80840102018F007
:1044F0002BBA00BFF84A002008B5054A054B82F8E0
:1045000025005B6F9847BDE80840202018F01CBAD2
:10451000D04A0020C83C002040B110B504462046D7
:10452000A46820F05FFF002CF9D110BD704700BFD8
:10453000B0B10C4B10B5D3F8C430044603B1984762
:10454000237823B92046BDE8104020F04BBF204619
:1045500000210DF019FF2046BDE8104020F042BFB9
:10456000704700BFA03B0020014B1868704700BF98
:10457000D449002038B5044620B3184B187808BB3E
:104580005B78F3B9164D94F8250084F8443095F81B
:1045900025302A889842228004D0124BB3F8F810B4
:1045A000FEF7CCFE0C22104904F1280022F018FD81
:1045B00050B14C2221460A4823F0B4FA0120AB6CDA
:1045C000EB6638BD002038BD064B226BB3F80031D6
:1045D00094F82810686B14F05FF9EAE7B83F002000
:1045E000D04A002044640020F84A00202DE9F04F12
:1045F000037817465A1E1F2A0446884683B004D8FB
:1046000014F8013F581E1F28FAD93B2B53D02F2BEB
:104610003DD0002B68D0A2460026651C202B09D96E
:10462000292B05F1FF391BD03B2B14D0282B0CD0A4
:10463000002E33D015F8013B002BEFD1002320468C
:104640008AF8003003B0BDE8F08F2E4615F8013B24
:10465000002BE3D1F2E7002EECD189F80060EDE702
:104660007EB13F4B93F899305BB905F8013C3D4B67
:1046700093F8FA315B0724D4002F4BD03B68002B12
:1046800034D015F8013B0026002BC7D1D6E7364BB6
:104690001B7ADA060FD463780134BAE7A3F161021A
:1046A000192A98BF03F05F030AF8013B15F8013B94
:1046B000002BB3D1C2E700232046237003B0BDE82E
:1046C000F08F3378002BDCD017B13B68002BD8D1AA
:1046D000DFF89CB0DBF8C830002BD2D030469847CA
:1046E000002688F80000A5E7A246A7E7DFF880B01B
:1046F000DBF8C03023B13046984738600028C0D17D
:1047000004223046194922F083FD38B13378002B5A
:10471000E0D1B6E73378002BB3D0D9E7A9EB060296
:10472000A2F103094846019220F034FE019A386054
:104730000028EBD03379202B0FD1731D194613F8C5
:1047400001CBBCF1200FF9D006F101099144A9EB8E
:1047500001094A4623F0E6F993E7311DF9E700BF66
:10476000D04A0020C83C0020B83F0020B48B021083
:10477000A03B002000212DE9F04FDFF8B4922DED91
:10478000088BD9F80431A54E5B1A18BF012396F89F
:104790009520B3B093EA020419918DF8631019AA19
:1047A0000DF1630118BF86F89530FFF71FFF9DF8E4
:1047B000637080469FB90578252D16D0CDB9199C18
:1047C00064B1974BD3F8C4300BB120469847237897
:1047D000002B40F0C386204620F004FE2F463846CA
:1047E00033B0BDEC088BBDE8F08F4278002A00F0B2
:1047F000B2808C4CF8220021204622F01FFC4C2273
:10480000864904F1080023F08DF9002298F8001081
:10481000B36E24291046154607928DF818200A9386
:10482000ADF8142000F0DE82414601221A920022E7
:104830001C9291F800B01E92BBF1000F01F0208491
:10484000BBF1400F68D9BBF15A0F00F28D86BBF166
:104850004F0F65D1744A1AAB19461B9240461CAAE9
:10486000049309F01DFF034609908DF863000028AA
:1048700041F0EC87DDED1B7AF4EE677AF1EE10FA89
:10488000B0EE677A81F1B583824608900B90FCEE1A
:10489000E76AF8EE665A9FED656A77EEE57A67EEAD
:1048A000867AF8FE677ACDED1C6ABCEEE78ABBF12A
:1048B000470F63D0BBF14D0F40F011822278412A9F
:1048C00000F0D0801C98632840F287810022DFF836
:1048D00050B11E92DBF8F820002A00F09D8018EEFF
:1048E000103A80B2002B00F0CC8200EB80001FFA5F
:1048F00083FB00EB80000BEB800080B29047824688
:10490000002800F089801C9A02EB820202EB8202EE
:104910000BEB820292B2BBE2BBF1240F40F0248683
:104920001AAB194640461BAA049309F011FF002850
:1049300001F08B8200239A4608EE103ACDE9083345
:104940000B93DDED1B7AF4EE677AF1EE10FAB0EE20
:10495000677A9CD7ABE7027096F89520002A00F0A2
:104960007482002C40F0FA8296F89420002A41F0DC
:10497000518239231D468DF8633020E700221E92B4
:104980001C9A412A58D8412A46D8DFE812F09402EE
:104990009402940294028403940245007603760301
:1049A0004500F7024500450045004500450045002B
:1049B000ED02ED02ED0248034803450045004500C5
:1049C000450045004500F7024500F7024500450057
:1049D00027044500450045004500EA034500E20381
:1049E000450045006203450045004500450045007F
:1049F000620356035603450084038A028A028A0230
:104A00008A028A028A0245002C04450045004500BE
:104A100011044C2A00F0E2831427E0E6D04A00207B
:104A2000A03B0020D84900200000C07F0000C84201
:104A3000C83C00200000C07F592A40F2DC81A2F16E
:104A40005A010929E8D8A2F15C01072904F2FA8287
:104A5000DFE811F0B1025A025A02AF024D024D02D4
:104A60006502650294F8E120930601F1F18184ED7D
:104A70001D7A42F0200284F8E1201A9A511C1A9102
:104A800018F802B0BBF1000F00F07685BBF1400FC3
:104A90002AD8BBF1240F40F06785404604991BAA31
:104AA00009F056FE00286DD1BAF1020F41F0CD8118
:104AB0005FED207AB0EE677ACDED1B7A18EE103AF2
:104AC000002B40F04885BDEEC77AD4F8E01084EDA5
:104AD000327A11F0010308EE103A41F0B981012257
:104AE0000A43C4F8E020C8E7BBF15A0F00F23C8546
:104AF000BBF14F0F5ED1B64A40461B9204991CAAE7
:104B000009F0CEFD8DF86300002841F0A781DDEDAE
:104B10001B7AF4EE677AF1EE10FA1D900FD6BCEE18
:104B2000E77AB8EE476ADFEDAB6A77EEC67A67EEF2
:104B3000A67AF8FE677A8DED1C7ABCEEE78A18EE4D
:104B4000103A002B40F007859DF87520D4F8E0104E
:104B500042F080028DF875201C9AC4F8D0201D9A6E
:104B600011EA020308EE103A41F072819A480242BB
:104B7000B6D0DDED1B7AF5EEC07AF1EE10FAAFD5C6
:104B800004272CE69DED1B7AB4EE477AF1EE10FA7D
:104B900094D6FCEEC77AB8EE678ADFED8E6A37EE00
:104BA000488A28EE268AB8FE488ACDED1C7ABCEEEB
:104BB000C88A83E7404604991BAA09F0C9FD00286A
:104BC0007FF4BFAEBAF1020F41F03F81DFED837A8F
:104BD000B0EE677ACDED1B7A69E618EE103A002B3D
:104BE00040F0B9848DED1E8A632800F24281DFE82F
:104BF00010F0F901F901F901970297029702950463
:104C000076027602760240014001400140014001F7
:104C1000400140014001400140014001400140018C
:104C20004001400140014001400140014001F901C3
:104C3000400140014001400140014001400140016C
:104C4000400140014001400140014001400140015C
:104C500040016A006A006A006A0040016A0040017F
:104C600040016400400140014001F901AA046202D0
:104C700062026202620287040203020340015B02D5
:104C80005B025B025B0240014001400140014001C8
:104C9000400140014001400140014001400140010C
:104CA00040014001400140014001400140014001FC
:104CB00040014001400140017704494A92F88021B7
:104CC00053077FF5A9AE4FF0000A4FF480126070D1
:104CD000154208BF2A4340F039821546CDE600222E
:104CE000ABF1240B1D92BBF1360F3FF695AE01A23E
:104CF00052F82BF0BD4A0010194A0010194A001052
:104D0000194A0010194A0010194A0010194A0010D7
:104D1000194A0010194A0010194A0010194A0010C7
:104D2000194A0010194A0010194A0010194A0010B7
:104D3000194A0010194A0010194A0010194A0010A7
:104D4000194A0010194A0010194A0010194A001097
:104D5000194A0010194A0010194A0010194A001087
:104D6000194A0010194A00105B52001041520010FD
:104D70002752001011520010235400100954001043
:104D8000194A0010CD530010B15300109553001074
:104D90007953001041530010194A00102553001098
:104DA0003F4B00104F540010395400106554001050
:104DB0000D530010B15200109D5200108952001086
:104DC00075520010C3540010A55400107B540010FD
:104DD0000000C07F0000C84280CA18000000C07FE9
:104DE000446400200120A27208F103010422208102
:104DF000ADF814001AE5482A7FF60EAE4FF0010C0C
:104E0000C449A2F149000CFA00F00140002940F029
:104E10008C80502A7FF4FDAD9DF8781041F002019E
:104E20008DF878102281002284F84320022218EEA7
:104E3000103A002B40F08F8315EA020308EE103A77
:104E400040F084819A46154317E696F89420DFF8DF
:104E5000CCB282F0010286F89420DBF8EC2012B18B
:104E600096F89400904798F80050002D3FF4A7ACB6
:104E7000BFE4DFF8A8B2DBF8F820002A3FF4CCAD9D
:104E800080B29047824600283FF4C6ADBDF870203E
:104E900062809DF87A2042F020028DF87A201E9AD6
:104EA00016E7A2F136013B2A84F8281001F045806C
:104EB0004FF40062BBE7089B002B41F0E0829DF8B5
:104EC0007810052A41F002018DF8781041F0A88091
:104ED00018EE103A23B10A2B08BF33227FF49CADA1
:104EE0002281002284F8432002220892A4E78A4902
:104EF000097E02297FF490AD603A82F0010284F8C5
:104F000055204FF4005292E7C2F15E02A2729DF862
:104F1000782042F020028DF87820202287E7623A3C
:104F200084F841204FF4007281E7089B002B41F088
:104F3000A68291B23288059B521A18BF012262F3F1
:104F40004103059302239DF8782084F843C01A4357
:104F50008DF8782021811A46089368E70122DFF84E
:104F6000BCB186F8942078E7113AA2739DF87820B6
:104F700042F004028DF87820042258E718EE103A27
:104F8000002B41F06A80089B002B41F078829DF84D
:104F900078101C2A41F0010122708DF8781041F040
:104FA00058840123089318EE103A1A442270012203
:104FB00042E70222AAE718EE103A002B41F03480B3
:104FC000089B002B41F05B8201239DF87820089319
:104FD00042F001028DF8782018EE102A5C3222701F
:104FE000012229E7002800F05587012840F0498771
:104FF00099F80022910641F16380D9F86C2090471E
:1050000080F02002C2F34012002A00F073820122D5
:105010004FF0000A84F82C204FF4004258E6A2F129
:105020001402B2FA82F25209E2729DF8782042F03C
:1050300040028DF878204022F9E6A2F13302B2FA5C
:1050400082F20423520984F8422008934FF48062CC
:10505000EDE6312A00F0C78718EE103A002B40F039
:10506000CE87DFF8B8B0DBF81820002A3FF4D4ACC4
:105070000122E2734FF48072DEE62749097E02299D
:105080007FF4CAACA2F10702B2FA82F2520962734B
:105090004FF48042CBE622709DF8782042F0010266
:1050A0008DF878200122C2E684F8F4002A464FF0F9
:1050B000000A1546E1E41AF05BFB80077FF5ACAC13
:1050C000012108461AF014FA00283FF4A5AC9DF817
:1050D00070304FF0000A4FF480320993F8E5059BD9
:1050E000082843F48073059300F0C486092800F073
:1050F000B88699F80A2292077FF58EAC94F82D2095
:105100004FF0000A42F0020284F82D204FF40022F2
:10511000DEE500BF0137010044640020A03B002011
:10512000A0F10401421FB1FA81F118BF012249091F
:1051300042EA410294F854104FF0000A21F00301B2
:105140000A4384F854204FF48022C1E51527FFF765
:1051500046BB9DF8782042F080028DF878208022AE
:1051600065E6D9F81021002A3FF456AC18EE103A43
:10517000A3F114011E293FF64FACC74ACA40D2071B
:105180007FF54AACC54AA2FB0312D2088A321C92B0
:10519000089B002B41F0738192B22281002284F897
:1051A00043209DF8782042F002028DF878209BE69B
:1051B000412218EE103A22709DF8782042F0010248
:1051C0008DF87820002B7FF427ACDFF8D4B2DBF821
:1051D0001C21002A3FF420AC01222DE618EE103AE3
:1051E000002BD5D018E418EE103A002B7FF414AC45
:1051F0004FF4805220E61AF0BBFA42077FF50CAC60
:10520000012100201AF074F900287FF460AF03E454
:10521000D4F8E01084ED167A0A0600F11986DDED67
:105220001B7A8022A7E4069BD4F8E01043F0200309
:1052300006930B0784ED2A7A00F10A8608224FE4D0
:10524000069BD4F8E01043F010034A0784ED297A56
:10525000069300F1FD85042242E4069BD4F8E01099
:1052600043F0080306938B0784ED287A00F1F0855C
:10527000022235E4D4F8E01084ED247A0B0200F128
:10528000E7854FF400022BE4D4F8E01084ED237A94
:105290004A0200F1DD854FF4800221E4D4F8E010E9
:1052A00084ED227A8B0200F1D3854FF4001217E4CB
:1052B00018EE103A002B40F04E81DFF8E4B11C9854
:1052C000DBF81820002A00F0C685DBF81C20904788
:1052D000B0FA80F04009002841F06483DDED1B7ACC
:1052E000F4EE677AF1EE10FA68BF4FF0FF32D4F8AF
:1052F000E01078BF1C9A11F4801308EE103AC4F83D
:10530000D82040F0A5854FF4801234E4D4F8E010A2
:1053100084ED217A0A0300F19B85DDED1B7A4FF4C1
:10532000002228E4BDEEC77AD4F8E01084ED337A89
:105330004A0400F18D85DDED1B7A4FF480421AE4BA
:1053400018EE103A002B40F00681B4EE477AF1EEE9
:1053500010FA68BFFF22D4F8E01078BF9DF87020E3
:1053600011F4805308EE103A84F8DC2040F0708588
:105370004FF48052FFF7B4BB079BD4F8E01043F022
:10538000040307934B0684ED1B7A00F161854022EC
:10539000FFF7A6BB079BD4F8E01043F002038A0690
:1053A00084ED1A7A079300F153852022FFF798BB0A
:1053B000079BD4F8E01043F001030793CB0684ED7C
:1053C000197A00F145851022FFF78ABB18EE103AD2
:1053D000002B40F0C080B4EE477AF1EE10FA68BFBF
:1053E0004FF0FF32D4F8E01078BF1C9A11F400633C
:1053F00008EE103AC4F8D42040F02A85DDED1B7A7F
:105400004FF40062FFF7B7BBD4F8E01084ED187AD0
:105410008A0500F11D85DDED1B7A4FF40072FFF760
:10542000AABBD4F8E01084ED177ACB0500F1108503
:105430004FF48072FFF754BBD4F8E01084ED1F7A6C
:105440008A0300F105854FF40032FFF749BBD4F819
:10545000E01084ED1E7ACB0300F1FA844FF4803221
:10546000FFF73EBBD4F8E01084ED207A4B0300F147
:10547000EF844FF48022FFF733BB069BD4F8E01093
:1054800043F004034A0184ED277A069300F1E08497
:105490004FF08062FFF724BB01041040CDCCCCCC90
:1054A000A03B0020069BD4F8E01043F002030693D3
:1054B0008B0184ED267A00F1CB844FF00072FFF768
:1054C0000FBB069BD4F8E01043F00103CA0184ED42
:1054D000257A069300F1BC844FF08072FFF700BB81
:1054E0006322DFF890B084F82C20DBF82021002A1A
:1054F0003FF492AA4FF0000A4FF40042FFF7E8BBD6
:105500001AF036F901077FF587AA0021012019F06A
:10551000EFFF014600287FF4DAAD73E6D9F82421C5
:1055200090478246002840F06984114A127F042A7D
:105530003FF4BCADD9F8E020002A3FF46DAA4FF447
:105540000032FFF7C5BB01234FF0000A4FF40032D1
:105550000B93FFF7BDBB1727FFF741B9002120468A
:105560000CF012FFFFF737B90127FFF738B900BF7A
:1055700044640020A03B00209DF87830DB0703D571
:105580002378412B00F062859DF81820002A00F056
:105590006185089B002B00F0AC8496F898301BB115
:1055A000089B022B00F0A88494F8E1305B0605D537
:1055B000B64BD4F8CC10994200F39485C5F3074854
:1055C00018F02001049200F0F7836188002900F0B0
:1055D000F383DFF8CCB2AE48DBF8FC10D4F8E0A0DF
:1055E00088470D901C90002840F03587D4F8E010D3
:1055F0008AEA010AA7491AEA010107D0080E049AAB
:1056000040EA8101C9B222EA010306931AF4007F3D
:1056100018BF0021079BCAF3021223EA0203CAF350
:10562000072216BF94ED189A9FED9B9A21661106EA
:10563000079305D50022D4F8D030C4F8D0200D93BC
:105640001AF4002F18BF0021CAF3074216BF94EDC9
:10565000218A9FED918AC4F8841012F0100200F0A4
:105660000B870022D4F8D830C4F8D8200F93BDF8A7
:10567000142002F0010312F001010C9300F0A48346
:1056800094F8E120920740F17D85E17A94F8E020DA
:1056900039B1D4ED187A9FED817A67EE877AC4ED3F
:1056A000187AD1073AD594F8E220120700F17D83E9
:1056B000AB07EAB20BD52189212900F0768340F2AD
:1056C0004B10814200F071834C2900F06E839106EB
:1056D00003D5A27A022A00F06883C5F30723AA043F
:1056E000049308F0040100F1608318F0100F0A46DB
:1056F00003D06078332800F05883002A00F0CC8370
:10570000D4F8C820531CC0F2F084002A00F3ED84C2
:1057100094F8E02022F0010284F8E020A27A022A24
:1057200000F0BE83C5F30723AA04049300F1C783E6
:105730000A9B002B00F035850A9B94F8E2105A78FA
:105740000B0784F8552040F1CA83012A00F09A869D
:10575000012312930B9B94F8E220002B00F0E683C8
:10576000920742F1E186E06F09F06CF800283FF4FF
:10577000F2AEDFF82CB1D4ED1F7ADBF81820002A46
:1057800001F05380FDEEE77ADBF81C2017EE900A5B
:105790009047B0FA80F04009002841F00381D4ED31
:1057A0001F7AFCEEE77AC4ED367A94F8E21060F3E3
:1057B000410184F8E21018F0010F3ED0099B002B44
:1057C0003BD0422B01F03E8601F24E84A3F13E0213
:1057D000D2B2032A31D894F8E220D00742F1A4864D
:1057E000D4ED1E8AF5EEC08AF1EE10FA3FF5C8A995
:1057F0000121084619F07CFEFCEEE88A18EE903A8A
:10580000834280F07284D4ED1E7AFCEEE77A0122A6
:1058100017EE901A099B84F8E4203E2B84F8E510DB
:1058200003D0A3F140014A424A41C4F8E82094F869
:10583000E22022F0010284F8E22018F0040F00F0C8
:10584000268494F85420910706D50A9BDA68927A48
:1058500012F00A0F3FF4E0A818F0100F28D094F8C7
:10586000E230DA0700F1FA854FF07E53A3676378E0
:10587000303B082B1CD8DFE813F015006F025F02E5
:1058800088021B0078021B001B00490280969800CA
:10589000D84900200E000007000000003333CB4140
:1058A000A03B002094F8403023F0050384F84030FA
:1058B0002378042B00F01C84A37B0E93002B00F0B4
:1058C0006884012B00F0BE85002202231192012280
:1058D00014930E9210931393E37A002B4DD0B44B94
:1058E0009DF8181093F85D21CBB2890609D5910671
:1058F00007D4D4ED2A7A9FEDAF7A67EE877AC4EDAC
:105900002A7AD90609D5D10607D4D4ED297A9FED94
:10591000A97A67EE877AC4ED297A190709D51107A4
:1059200007D4D4ED287A9FEDA37A67EE877AC4ED89
:10593000287A590709D5510707D4D4ED277A9FED66
:105940009D7A67EE877AC4ED277A990709D5910782
:1059500007D4D4ED267A9FED977A67EE877AC4ED67
:10596000267AD90709D5D20707D4D4ED257A9FED39
:10597000917A67EE877AC4ED257A049A7379510695
:1059800007D5627B9A4204D00820727116F0DCFFC2
:10599000737953B1069BDB0707D5D4ED257AB6EEB4
:1059A000007A67EE877AC4ED257A089B042B00F015
:1059B000048496F83A20002A65D0227B9DF818309E
:1059C000002A40F0D2869A060DD5DFF8F88194EDD2
:1059D0002A7AD8ED057AD8ED0B6A37EE677AE7EECA
:1059E000267AC4ED2A7AD9060DD5DFF8D88194ED50
:1059F000297AD8ED047AD8ED0A6A37EE677AE7EEAD
:105A0000267AC4ED297A1A070DD5DFF8B88194ED0E
:105A1000287AD8ED037AD8ED096A37EE677AE7EE8F
:105A2000267AC4ED287A59070DD5DFF8988194EDD0
:105A3000277AD8ED027AD8ED086A37EE677AE7EE72
:105A4000267AC4ED277A9A070DD5DFF8788194ED90
:105A5000267AD8ED017AD8ED076A37EE677AE7EE55
:105A6000267AC4ED267ADB070DD5DFF8588194ED50
:105A7000257AD8ED007AD8ED066A37EE677AE7EE38
:105A8000267AC4ED257A049BD9072CD5E37B022B1B
:105A900000F08B87032B00F07487012B23D1DFF8F4
:105AA00028B1DBF81830002B3EF4B6AF94F8E130A3
:105AB0001B0741F13D86D4F8D40040B93C4B93F824
:105AC000F03159075CBFD4F8D800C4F8D400DBF833
:105AD0001C309847002800F0658794F8E13023F0E7
:105AE000080384F8E130049B1B070BD594F82800C9
:105AF00096F82030834205D02F4911F069F900282B
:105B000002F0898523789DF818800A2B00F0228501
:105B10005C2B00F0BA84B8F1000F40F0A586228912
:105B2000023A92B2012A41F23F85352B01F0668597
:105B300041F27B83412B41F09F8694F8E230D807F5
:105B400042F1F284DFED1D7A94ED1E7AB4EEE77A2D
:105B5000F1EE10FA00F3C98218F08AFE4FF49A733E
:105B600003FB006018F0ECFD002802F09285002392
:105B700094F8E22063F3000284F8E220D4F8E020F5
:105B80008DF818305208C4F8E020002A41D04FF0B8
:105B90000108DFF838B00A4BD10719D45208D107F1
:105BA00008F10108C4F8E0200BF1080BF6D50FE06E
:105BB000446400203333CB41E849002000FF7F4795
:105BC000D4490020082C0020A03B002028F002101F
:105BD000DBF80810A1B19BF80C00022802F08580C8
:105BE00004280DD1096801201A6800FA08F0024360
:105BF0001FFA88F01A6017F0CBFFD4F8E020C24BF0
:105C0000520808F10108C4F8E0200BF1080B002A43
:105C1000C2D1B4F808B0BBF1500F00F02E85904609
:105C2000089B022B01F066820C9B03F0FF082BB946
:105C300094F8E23023F0180384F8E23094F8E1306D
:105C400023F0420384F8E130089B002B40F0788475
:105C50000023D4F8E0100893002942F0DF8428AB39
:105C600028221846049321F0E9F9A84B9DF8B520A5
:105C7000079393F8E130B3FA83F35B0963F34102CE
:105C800063F382028DF8B52096F89B308DF8B93019
:105C9000B8F1000F00F0D28635F0490341F0788466
:105CA0002378352B02D0002B41F0728496F8252002
:105CB000974B96F8976029AD8DF8B6200FCB85E805
:105CC0000F00002E41F0A38494F8303013F002034B
:105CD00003D0E36B9B7AC3F3C0039DF8B4400498F0
:105CE00063F3C7148B4A8C498DF8B44008F064F80C
:105CF000074600287EF473AD864C884D0FCD0FC447
:105D000095E8030084E80300FEF769BD844B93F82F
:105D1000803159077FF5CCADD4ED1E7AF5EE407A8F
:105D2000F1EE10FA0CBF0122002294F8403062F329
:105D3000C30384F84030BBE5D4ED1E7AF5EE407A1B
:105D4000F1EE10FA0CBF0122002294F8403062F309
:105D5000000384F84030ABE594F8403023F00503AD
:105D600043F0050384F84030A2E5D4ED1E7AF5EE49
:105D7000407AF1EE10FA0CBF0122002294F8403074
:105D800062F3410384F8403092E5D4ED1E7AF5EEDB
:105D9000407AF1EE10FA0CBF0122002294F8403054
:105DA00062F3820384F8403082E5D4F8C820002AE8
:105DB000BFF6ABACFEF7E4BE9FED5A8A8A46B0EE62
:105DC000489A0F910D9152E42289212A00F06F81A7
:105DD000A17A012900F0CB8111F0FD0F40F0608124
:105DE00094F8E10094F8E020830700F12985B07869
:105DF00088427FF456ACF16E216652E402287EF4AC
:105E00000BAED9F820214FF0000A002A7FF497AB9F
:105E1000FEF702BEDFF810B186F894700AF04AFD72
:105E20000820DBF80C209047DBF85040002C3FF4B2
:105E300014A822F015F90146A1F10201B1FA81F18D
:105E4000FF204909A047FFF708B80227FEF7C7BCA3
:105E50001927FEF7C4BCC00FFFF73DBA0746FEF78F
:105E6000BEBC002284F82D204FF0000A4FF400221F
:105E7000FEF72EBF94F82D2042F0010284F82D2069
:105E8000F2E7C0B24FF0000A4FF4004284F82C0051
:105E9000FEF71EBF0320F5E7A27A022A7FF448AC82
:105EA0000A9B002B3EF4B8ADDA68D26B002A3EF4B0
:105EB000B3ADC5F30723A90404937FF53DAC94F873
:105EC00055200A9B012A00F026815978012900F00B
:105ED00097845A7094F8E2100B073FF539AC0A9B8F
:105EE000002A40F052819A680023C4F8842012935B
:105EF00030E496F898301BB1059BD90740F13E85F8
:105F000002230893FFF750BBD4490020B83F00207C
:105F1000084A0020444B0020D84900206C4A002049
:105F20004464002000000000A03B0020D3065CBFBA
:105F3000D6F89020C4F8D8203DE418EE103A1E2B75
:105F40003EF66AAD01A252F823F000BFDF5F0010F9
:105F5000194A0010194A0010194A0010194A001075
:105F6000194A0010194A0010194A0010194A001065
:105F7000194A0010C95F0010194A0010194A001090
:105F8000194A0010194A0010194A0010194A001045
:105F9000194A0010194A0010194A0010C95F001070
:105FA000194A0010194A0010194A0010194A001025
:105FB000194A0010194A0010194A0010194A001015
:105FC000194A0010C95F0010C84AA2FB0312D20888
:105FD000053284F828204FF40062FEF72DBF4FF4FD
:105FE0000062FEF729BF0022E2734FF48072FEF7D1
:105FF00023BF82461D9008900B90FEF7A5BD142B81
:1060000067D00A2B7EF408AD089B002B40F0378246
:1060100002220323E27308934FF48072FEF70CBF51
:1060200002230893FEF7FEBE5C2222709DF87820C2
:106030001E2B42F001028DF878203EF6EDACAC4A02
:10604000DA40D1077EF5E8ACFEF7C6BFCDF81CB04C
:106050008DF818B00022FFF7A0BA9DF878101C2A1E
:1060600041F0010122708DF8781002D01E2A7FF4D1
:1060700072AA18EE103A0A2B3EF495AFFEF7CCBC8C
:106080005A46CDE908BBCDF82CB0FFF78DBA0A9B74
:10609000002B3FF4E1AB1A7884F85420FFF7DCBB07
:1060A00094F8E020D3077FF53DABFFF7FCBA94F8F6
:1060B000E020530600F14583316F2167FFF7F1BA05
:1060C0008C4A127AC2F3801282F00102D2B2FEF739
:1060D0009BBFDFF828B2DBF81820002A3EF49CAC06
:1060E000032281E71B27FEF77ABB2727FEF777BB42
:1060F00094F8E230DA0742F11782D4ED1E7AF5EE19
:10610000C07AF1EE10FA3EF53BAD23F0010384F8BE
:10611000E230FFF7D1BBDA68917ACB077EF57CAC31
:1061200094F8E210080742F1FF8194F9E01092ED33
:10613000067A00295068C1F2CE8180ED077A0121EC
:106140000A9B597094F8E21009071FD5E17AD4ED43
:10615000217A002900F085839FED677A67EE877AC0
:106160005268C4ED217AC2ED047AFFF7F1BA089BB8
:10617000022B95D1502A93D0002A91D094F8E12097
:1061800092078DD41627FEF72ABBDA685268D269C7
:10619000AAE6012302221493CDE910321393FFF7EC
:1061A0009BBB94F8E220C2F3C003110712937FF562
:1061B000D1AA0A9B5A78FFF7C8BA94F84230002B4C
:1061C00001F0AE8000239DF818B084F84230BBF196
:1061D000000F02F053851BF0200340F0F680DFF83B
:1061E000208198ED057AF7EE007AB4EE677AF1EE49
:1061F00010FA14BF012200221BF0100F84F8422075
:1062000040F00781002A41F0EC8098ED047AF7EE27
:10621000007AB4EE677AF1EE10FA14BF0122002280
:106220001BF0080F84F8422040F0B680002A41F0AD
:10623000DF8098ED037AF7EE007AB4EE677AF1EE3C
:1062400010FA14BF012200221BF0040F84F8422030
:1062500040F08980002A41F0D28098ED027AF7EE72
:10626000007AB4EE677AF1EE10FA14BF0122002230
:106270001BF0020F84F842205CD1002A41F0C68056
:1062800098ED017AF7EE007AB4EE677AF1EE10FA43
:1062900014BF012200221BF0010F84F8422031D1EB
:1062A000002A41F0BA8098ED007AF7EE007AB4EE59
:1062B000677AF1EE10FAD4F8E02096F83A1022F05E
:1062C000E06222F00E02C4F8E02014BF0122002296
:1062D0005140194384F8422086F83A203FF46BABD2
:1062E000022016F031FBFFF764BB00BFCDCCCCCC55
:1062F00001041040B83F002066669843A03B002090
:10630000082C0020D4ED257A98ED067AB4EE677A51
:10631000F1EE10FA18BF43F001030BF0FE02022069
:1063200006921593C8ED067A16F00EFB94F84220FB
:10633000159BB5E7D4ED267A98ED077AB4EE677A27
:10634000F1EE10FA18BF43F0010302200BF0FD0B31
:106350001593C8ED077A8DF818B016F0F5FA94F891
:106360004220159B89E7D4ED277A98ED087AB4EEA0
:10637000677AF1EE10FA18BF43F0010302200BF028
:10638000FB0B1593C8ED087A8DF818B016F0DCFAFF
:1063900094F84220159B5DE7D4ED287A98ED097AB0
:1063A000B4EE677AF1EE10FA18BF43F00103022051
:1063B0000BF0F70B1593C8ED097A8DF818B016F0AD
:1063C000C3FA94F84220159B30E7DFF80486D4ED39
:1063D0002A7A98ED0B7AB4EE677AF1EE10FA14BFD0
:1063E000012300230BF0DF0202208DF81820169203
:1063F0001593C8ED0B7A16F0A7FADDE9153294F87B
:106400004210002901F0C8851BF0100F934600F0E0
:10641000E887D4ED297A98ED0A7AB4EE677AF1EE3E
:1064200010FA18BF43F0010302200BF0EF0B159395
:10643000C8ED0A7A8DF818B016F086FA94F8422062
:10644000159BDFE60222119300230E9213931493FF
:106450001093FFF741BA0746FEF7C1B9D4ED1E7A93
:10646000F5EEC07AF1EE10FA3EF58AAB23F00103A7
:1064700084F8E230FFF7FBB90F92FFF7F8B818275E
:10648000FEF7ADB90A9BDA6860E6B8F1000F02F0DA
:10649000F58318F0200F40F03387D6ED457A18F0D9
:1064A000100FC4ED2A7A40F01B87D6ED447A18F01D
:1064B000080FC4ED297A40F00387D6ED437A18F02F
:1064C000040FC4ED287A40F0EB86D6ED427A18F03E
:1064D000020FC4ED277A40F0D386D6ED417A18F04A
:1064E000010FC4ED267A00F0C786D6ED1D7A94ED33
:1064F000046AD4ED256A77EEC67A96ED467A77EE91
:10650000E67A77EEC77AC4ED257AB4F808B0BBF125
:10651000500F7FF485AB089B012B41F07F85002352
:1065200084F841300C9B03F0FF08002B41F06C8590
:10653000D4F8E03023F4C21323F40073C4F8E0303D
:10654000D4F8E01021F0E06121F00E01C4F8E01071
:10655000FFF782BBB8F1000F09D194F8DC30142B9F
:1065600002F08C8394F8E230580742F18783D4F824
:10657000E03013F4883F01F0D787D4ED1E7AF5EEB2
:10658000C07AF1EE10FA3EF5FBAAF6EEE77AFCEEE1
:10659000E77ACDED047A94F8DC309DF81020013BC9
:1065A000132B3EF639AA01A151F823F0FD65001026
:1065B00085660010194A0010194A0010194A001087
:1065C000194A0010194A0010194A0010194A0010FF
:1065D000FD650010FD650010194A0010194A0010F1
:1065E000194A0010194A0010194A0010194A0010DF
:1065F000194A0010194A00108F660010DFF8D4B352
:10660000DBF81830002B3EF407AADBF81C301046EC
:10661000049298470346002800F0C48194F8E210E1
:10662000049A11F0040F08D0D4F88010816194F816
:10663000E21021F0040184F8E21094F8DC100B2938
:1066400001F0DE8794F8DC10012901F0A2870A46E8
:106650000A39C9B2012941F27687D4F8E03023F42F
:106660008833C4F8E030B4F808B0BBF1500F7FF4C1
:10667000D7AAB8F1000F7FF44EAF002384F8413061
:10668000FFF7D2BA94F8E23059073EF5C5A9092AB6
:1066900001F28984002A41F0828494F82800C749D5
:1066A00084F8C40010F094FB002801F0B487C44BB8
:1066B00093F878314BB194F8C420063AD1B202294C
:1066C00003D8D340DB0701F1938694F8DC30142B18
:1066D00001F06C8418F0200F1CBFD4F8A830C4F867
:1066E000C03018F0100F1CBFD4F8A430C4F8BC3070
:1066F00018F0080F1CBFD4F8A030C4F8B83018F058
:10670000040F1CBFD4F89C30C4F8B43018F0020F4A
:106710001CBFD4F89830C4F8B03018F0010F9CD0EA
:10672000D4F89430B4F808B0C4F8AC30D4F8E03001
:10673000BBF1500F23F48833C4F8E0307FF470AA23
:10674000E9E661F3861284F8E020E27AD4ED1B7A60
:106750002AB19FED9C7A67EE877AC4ED1B7AC4ED6F
:106760001C7A94F8E020FEF79CBF990609D5DFF863
:10677000608294ED2A7AD8ED0B7A67EE877AC4EDC1
:106780002A7ADA0609D5DFF8488294ED297AD8ED1D
:106790000A7A67EE877AC4ED297A190709D5DFF8F6
:1067A000308294ED287AD8ED097A67EE877AC4EDC5
:1067B000287A5A0709D5DFF8188294ED277AD8EDA0
:1067C000087A67EE877AC4ED277A990709D5DFF84A
:1067D000008294ED267AD8ED077A67EE877AC4EDC9
:1067E000267ADA077FF54FA9DFF8E481D4ED257A20
:1067F00098ED067A67EE877AC4ED257AFFF743B9FC
:106800005A681AB100225A600AF054F80A9BDA68F2
:10681000526812689A6094F855205A7094F8E21001
:1068200009073EF592AFFFF75ABB9FED677AF4EE8A
:10683000C77AF1EE10FACCBF01200020FEF7ACBF02
:10684000E17A00293EF42DAFFEF723BF1F46FDF786
:10685000C6BF1E2A3EF4A5AB01231A460893FEF7D5
:10686000EBBA9FED5A7A79E4089A032A00F046863B
:10687000352B00F0CF86227B002A40F08B8418F065
:10688000200F01F05783D6ED457A94ED096AD6EDD5
:106890004B6A77EE867A94ED2A7A77EEA67A77EECF
:1068A000877A18F0100FC4ED2A7A01F0A983D6ED8B
:1068B000447A94ED086AD6ED4A6A77EE867A94EDCA
:1068C000297A77EEA67A77EE877A18F0080FC4ED6A
:1068D000297A01F09183D6ED437A94ED076AD6EDDB
:1068E000496A77EE867A94ED287A77EEA67A77EE83
:1068F000877A18F0040FC4ED287A01F07983D6ED79
:10690000427A94ED066AD6ED486A77EE867A94ED7F
:10691000277A77EEA67A77EE877A18F0020FC4ED21
:10692000277A01F06183D6ED417A94ED056AD6EDC0
:10693000476A77EE867A94ED267A77EEA67A77EE36
:10694000877A18F0010FC4ED267A00F01686D6ED8E
:10695000407A94ED046AD6ED466A77EE867A94ED35
:10696000257A77EEA67A77EE877A352BC4ED257AED
:1069700040F25B84412B3FF4E0A8C6E52827FDF7F1
:106980002EBFDFF850B0DBF81830002B3EF444A8DF
:1069900094F8E1301A0741F1C785D4F8D4000028F3
:1069A0007FF495A82627FDF71ABF9DF81830002B15
:1069B0007FF499A82527FDF712BF00BF844A002065
:1069C000446400203333CB410000004F00007A4480
:1069D000082C0020A03B0020059B03F00103B8F128
:1069E000000F40F08487002B40F0CD87D4F8E030D2
:1069F00023F4C21323F400739846C4F8E030002B4C
:106A000041F00C8628AB282218464146049320F01A
:106A100015FB624B9DF8B520079393F8E130CDF854
:106A20002080B3FA83F35B0963F3410263F38202CC
:106A30008DF8B52096F89B308DF8B9300A9B3BB3A2
:106A4000DB689B7A190723D523895A1E022A07D9A6
:106A5000052B05D0332B03D0059B43F04003059352
:106A60009DF818301BB1089B022B01F05F840A9B34
:106A70001B7803F00302012A01F0458213F00203A0
:106A800004D0059B83F04003C3F3801386F897304E
:106A9000D4F8CC30C6F88C302F9321F0E1FADDF831
:106AA00064800C90B8F1000F0CD002280AD0404648
:106AB00021F0AEF801301EF06DFC309010B141466F
:106AC00020F0CEFFA37A012BB37005D19DF8B4302E
:106AD00043F020038DF8B430236E0A9AF3662893AE
:106AE0005378012B00F09A85D2ED027A94ED217A49
:106AF000F4EE477AF1EE10FA9DF81430109301D1BC
:106B00009A060BD50A9A1378DB0703D5109B180653
:106B100041F17181D4F884300A9A9360109B580631
:106B200040F104850023D4F8D8002B93D6F8903098
:106B3000834224D00C9BC6F89000022B1FD0FDF797
:106B40009BF90B9B8046002B41F0FD8199F8FA31AF
:106B5000990701F1F381124B1B7F042B01F0F381A4
:106B6000D9F8E030002B01F0E981D9F81C31002B75
:106B700001F0F0830B9A404682F001019847099B8F
:106B8000FBB13E3B062B1CD8DFE813F06B026B0217
:106B90000C000C008E0A6B02820A00BFB83F002076
:106BA00044640020D4ED3A7AF8EEE77AF5EE407AC4
:106BB000F1EE10FA94F8E50014BF0121002118F05D
:106BC000BBFEAA034ED50B9B002B4BD10C9A022A7D
:106BD00048D0D6F89000FDF74FF9804609F06AFEDC
:106BE000309818B1FDF7A4FC0B9B3093D6F83031E8
:106BF000D8F81C20DB699A4234D0DFF8C8B2DBF841
:106C0000CC306BB10A9A40461278099298470A9A9A
:106C10001378099A93421CBF84F8543045F48025B8
:106C2000D9F82031002B01F0D283A54898471C9059
:106C300000287FF413A9802015F086FEDBF81830B9
:106C4000002B01F0BD83C6F83081DBF8D0304BB1AA
:106C500021F006FAB0F5007F04D0DBF8D030D6F88A
:106C600030019847C5F3074309936B0340F13F8216
:106C70000A9894F8541003788B4200F02982DFF8C8
:106C800044B2DBF84080B8F1000F03D043782B9A70
:106C9000C068C0470A9B2B9A94F85410D86811F02A
:106CA00087FD002800F018820A9894F85410C268F2
:106CB00053681972034601702C92B36659681868BC
:106CC00029AB03C30A999DF8B42096F89730097848
:106CD00063F3C7128DF8B4208DF8A4100BB196F8A9
:106CE00096309DF8B52063F300028DF8B52094F836
:106CF000F410A1F14603032B11D8DFE813F00400D0
:106D0000AF01AC010400A1F149004142F36E4141E1
:106D10006B48B36417F0B6FC002801F0BD84059BF6
:106D2000D9050CD596F8253094F82D00834206D06D
:106D3000FCF732FB18B194F82D3086F8253000238B
:106D4000079A82F8203096F825308DF8B630C5F3D2
:106D50000743DA0628D596F8382094F840309A424E
:106D600022D00A9986F83830CB68A3B1596896F8D2
:106D700038200B7AC2F38002C3F3001090420AD08D
:106D800062F304130B720A990B7862F304130B700D
:106D9000002A42F0508196F83830DB0702F1458135
:106DA00096F8380007F006FA6388E3B10C9B022BD3
:106DB00019D02379002B40F034860D9B84ED189A6E
:106DC000C4F8D0300F9B84ED218AC4F8D8303D4BF5
:106DD000C4F8E0A0D3F8008121F042F93A49C04755
:106DE0000023C4F8E0302378042B00F01E86A37B38
:106DF000E805B371E37AF37014D5E37BF37103F024
:106E0000FD03012B00F09A840022F379002B00F09F
:106E10007C85012B01F06184022B01F04084032B5F
:106E200001F0208496F8202094F828309A420FD060
:106E3000264DDFF89CC0BCE80F000FC59CE807009A
:106E400085E807004FF4007015F07EFD15F08EFC0C
:106E500094F84130227B86F8393023783271412B07
:106E600000F21C841B2B40F26A851C3B252B3AD870
:106E7000DFE813F01B0639004406390039003900F9
:106E80003900390039003900150639000F0639007C
:106E9000390039003900390039003900390039002A
:106EA000390039003900390039003900390039001A
:106EB0003900390039003900390039003900F0054E
:106EC000D04A0020A03B0020D8490020D84A00200A
:106ED000E849002001230B20A84986F8FC300FF078
:106EE00077FFFCF7A9FF208994F8433050283080C1
:106EF00086F83B3003D0089B022B00F09287309835
:106F000008B1FDF715FB94F82C3086F824302BB926
:106F1000079B93F90830002BBDF661AC09F0CAFC61
:106F200096F82430632B01F0AC80032B01F09C8099
:106F300094F82C30012B01F074803C2B01F0C580BB
:106F4000079A92F90820002AC1F26B800C9A022A53
:106F500002D01E2B01F07C8201220023328096F8A1
:106F6000202084F8433086F89430B3713371B370C5
:106F7000002A41F008820024726B3485526896F82A
:106F80003830107A7E4923F0050364F3041086F844
:106F9000383086F8254091F88031F462107291F80B
:106FA000702103F00105900741F1DD8164210A9A07
:106FB000D2685268D16055B103F006039A1F53425C
:106FC000534196F8382063F3C30286F838206423CF
:106FD000079996F83820C1E904334A770C9B022BB5
:106FE00023D0684996F820000FF0F2FE002801F047
:106FF00012830B2021A90FF0EBFE38B118225F4954
:1070000021A81FF0EDFF002841F0158215F0AEFB1E
:1070100011F0F0FCD9F8743096F82500984710204C
:1070200015F092FC202015F08FFCDFF864B1DBF83E
:10703000503033B10C9A96F82400023A5142514133
:107040009847514B1868002801F0FB8184681EF0B6
:10705000C9F92046F7E717F05DFB60E617F03CFB47
:107060005DE6FCF72BFFACE5A3F14302D2B2012AA7
:107070003EF6E3AB4549D4F8E020114201F05482DA
:10708000D4ED177AFCEEE77A0121002017EE90BAD2
:1070900018F02EFA834581F0C58194ED177A00220D
:1070A000BCEEC77AD4ED1F7A84F8E42017EE102ADC
:1070B000FDEEE77A84F8E520D4F8E020C4ED3A7AD2
:1070C00022F4003222F48072C4F8E020FEF7B5BB4F
:1070D000129B63B1DFF8B8B0DBF84080B8F1000F65
:1070E00005D00A982B9A43780178C068C0470A9B5C
:1070F000DA68E1E5B6F800C0059ABCEB0B0318BFEF
:10710000012363F349221346ADF81420BBF1000FAD
:107110003FF463AC94F843200AB984F8412094F812
:107120005530012B00F0B083BBF1210F00F08283BA
:10713000BBF14C0F01F02886D4ED187AF5EE407AB9
:10714000F1EE10FA3FF41EA8002A40F0FF82BBF1D6
:10715000050F01F2D6820BF1FF3BBBF1040F00F2E9
:107160007E8301A353F82BF0D9690010CD8800105D
:10717000D58800105F780010D1870010D04B002018
:1071800044640020D84A0020C052002000010200C0
:10719000A03B002018F0200F18BF94ED2A7AD6EDFE
:1071A000227A18BF77EE877A18F0100F18BF94ED87
:1071B000297AC4ED2A7AD6ED217A18BF77EE877A3C
:1071C00018F0080F18BF94ED287AC4ED297AD6ED8F
:1071D000207A18BF77EE877A18F0040F18BF94ED65
:1071E000277AC4ED287AD6ED1F7A18BF77EE877A12
:1071F00018F0020F18BF94ED267AC4ED277AD6ED69
:107200001E7A18BF77EE877A18F0010FC4ED267A40
:1072100000F0B38194ED257AD6ED1D7A77EE877A6A
:10722000352BC4ED257A3FF6A5AB03F0FD021C2AF1
:107230007FF419AA1C2B14BF0A200920D6490FF08D
:10724000C7FD002801F0E781B8F1000F40F0C083CE
:1072500022899DF83030502A08BF84F84180002BE5
:1072600040F09183D4F8E03023F4C21323F4007388
:10727000C4F8E030FEF7ECBCD6ED407AFFF743B936
:10728000D6ED1E7A94ED056AD4ED266A77EEC67ABD
:1072900096ED477A77EEE67A77EEC77AFFF71FB971
:1072A000D6ED1F7A94ED066AD4ED276A77EEC67A9A
:1072B00096ED487A77EEE67A77EEC77AFFF707B968
:1072C000D6ED207A94ED076AD4ED286A77EEC67A77
:1072D00096ED497A77EEE67A77EEC77AFFF7EFB860
:1072E000D6ED217A94ED086AD4ED296A77EEC67A54
:1072F00096ED4A7A77EEE67A77EEC77AFFF7D7B857
:10730000D6ED227A94ED096AD4ED2A6A77EEC67A30
:1073100096ED4B7A77EEE67A77EEC77AFFF7BFB84D
:10732000DFF87C82F7EE007AD8ED0B6AF4EE676A3C
:1073300098ED0A7AF1EE10FAB4EE677A98ED097AD0
:10734000F7EE007A14BF01230023F1EE10FAB4EE39
:10735000677A98ED087AF7EE007A4FEA430318BF90
:1073600043F00103F1EE10FAB4EE677A98ED077A74
:10737000F7EE007A4FEA43031CBF43F00103DBB290
:10738000F1EE10FAB4EE677A4FEA4303DBB218BFAE
:1073900043F00103F1EE10FA98ED067A00F0CA808E
:1073A000B4EE677AF1EE10FA01F0A9804FF07E5248
:1073B0000023C8F82C20C8F80030C8F82820C8F8E6
:1073C0002420C8F82020C8F81C20C8F81820C8E9D4
:1073D0000133C8E90333C8F8143086F83A30FEF7B1
:1073E0007FBF01221BF0080F84F842207EF4D4AF47
:1073F00001221BF0040F84F842207EF4B4AF012276
:107400001BF0020F84F842207EF494AF01221BF09F
:10741000010F84F842207EF475AF0121D4F8E020FA
:1074200084F8421022F0E06222F00E02C4F8E0205C
:1074300096F83A2086F83A104A401A433EF4BDAA1C
:10744000FEF74EBFD4F8E01011F4043F01F06C8059
:10745000524A8A4300F0C98794F8DC20042A3EF699
:1074600044AE3AB1D4ED1F7AF5EE407AF1EE10FA5F
:107470003EF43BAE94F8E220D2071DD5D4ED1E8A2F
:10748000F5EEC08AF1EE10FA3DF57AAB002101204D
:1074900018F02EF8FCEEE88A18EE903A8342BEF41B
:1074A00024AED4ED1E7A0122FCEEE77A84F8E420C3
:1074B00017EE902A84F8E52094F8E120D30700F134
:1074C0001D84D4F8E02022F4443222F48072C4F8FF
:1074D000E020FEF7B2B9D4ED167AF4EEC77AF1EEF9
:1074E00010FA58BFF0EE477A94F8E010C0ED077A32
:1074F00021F0800184F8E010FEF721BE352B00F06A
:10750000D2817FF692AE412B3EF417AB2389502BEC
:107510007EF48AABFFF7ADB80A9BD4F884201978C3
:1075200011F0C6F8D4F884300A9A9360D4F8843005
:10753000FFF7F9BAB4EE677AF1EE10FA4FEA830377
:10754000DBB27FF433AF0022C8ED0B7AC8ED0A7AC4
:10755000C8ED097AC8ED087AC8ED077AC8ED067A51
:10756000C8E90022C8E90222C8E9042286F83A20C4
:10757000002B3EF488AAFEF7B3BE726F352BC4F819
:1075800094207FF652AE412B3EF4D7AAFFF76BB89A
:107590001027FDF724B900BF844A00200001010034
:1075A000082C0020DB0FC940089A032AA6D0352BEF
:1075B0007FF461A9D6F88830C4F8A83018F0100F0D
:1075C00004BFD6F88430C4F8A43018F0080F04BF04
:1075D000D6F88030C4F8A03018F0040F04BFF36F61
:1075E000C4F89C3018F0020F04BFB36FC4F8983091
:1075F00018F0010F02D1736FC4F89430B4F808B0DA
:10760000BBF1010F7EF60CAB1E27FDF7E8B8012396
:10761000FEF763BB18F0200FD0D1CBE72389502BA6
:1076200000F0DB83002B00F0D883109B149906EB4D
:107630008303D3ED1D7A06EB810393ED027AD3ED3C
:10764000405A93ED466A37EE257A37EE067A77EEA2
:10765000C77AF5EEC07AF1EE10FA0A98C26853685C
:1076600003F11002D3ED076A426083ED087A596294
:107670000DD91FED347A93ED046A67EE877A86EEB2
:10768000277AB4EEE67AF1EE10FA76FE876A0A9B64
:10769000C4ED216AD3ED027AFFF728BA5C3BDAB277
:1076A0001E2A3FF620AC1E2B3FF61DAC01A252F85D
:1076B00023F000BFB17D0010E76E0010E76E0010F0
:1076C000E76E0010E76E0010E76E0010E76E001026
:1076D000E76E0010E76E0010E76E0010577D001097
:1076E000E76E0010E76E0010E76E0010E76E001006
:1076F000E76E0010E76E0010E76E0010E76E0010F6
:10770000E76E0010397D0010E76E0010E76E001084
:10771000E76E0010E76E0010E76E0010E76E0010D5
:10772000E76E0010E76E0010E76E0010D56E0010D7
:10773000D4F8D830C4F8D430FEF7D5B9BD4BD4F85E
:10774000D400DB6998470246FFF75FBBBDF8142001
:1077500012F0020ED3B21BD0B278012A01F062847B
:1077600094F8E220520740F1DF86119A28FA02F2DB
:10777000D00740F1D98601220021A6F864200E9A94
:10778000F16506EB8202D164109A06EB8202D164A5
:1077900094F8E120D10601F1DE82012284F8DC2098
:1077A00094F8E220520718D5B7EE007ADFEDA26A0E
:1077B000D4ED207AE27A002A227B07FE267A27EE91
:1077C000877A002A01F0CF82119A06EB8202D2ED6D
:1077D0001D7A77EE277AC6ED187A227B974C0492B1
:1077E0000621A446964A0BE0D2ED226A77EEE67AAD
:1077F000C2ED187A043AACF1040C002900F0AC8711
:10780000013928FA01F0C00796ED187AF2D5DCEDBF
:107810002A7A1198C2ED187A8842E5D10498002896
:10782000E8D0D2ED226A77EEE67A77EE877AC2ED7B
:10783000187ADFE70A9BDB68DB6B002B3DF4ECA8D2
:10784000D4ED1C7AF5EE407AF1EE10FA3EF44DAC30
:10785000059B43F020030593002A7FF477AF059B37
:10786000DA0746D594F8E1304FF0010823F04203DF
:1078700084F8E130FEF764BEB4F808B0BBF1500FF5
:107880007EF4CEA9FEF7F9BE94F85430DB0707D595
:10789000D4ED217AF5EE407AF1EE10FA7FF444ACA3
:1078A0002927FCF79CBF2389012B3FF6ADAE0C9B2B
:1078B00003F0FF08002B40F0B486D4F8E03023F446
:1078C000C21323F40073C4F8E03003230893FEF7D7
:1078D00037BE37EE677A03F00102BBF1550F13464E
:1078E00086ED167A41F09781002286F86420002BFD
:1078F000B8D1D4F8E0304FF0000823F4C21323F4D9
:107900000073C4F8E030FEF71BBE062100204D4A8C
:1079100072ED017AF5EE407AF1EE10FA18BF43F0FD
:10792000010301391060F3D1002B3FF47BAA4FF41F
:10793000806015F009F814F019FFFFF773BA0A2BED
:107940007FF4D1AA94F8DC30022B02D0142B7FF400
:10795000CAAA3D4994F8C4000FF01CFA96F82020FA
:1079600094F8C4309A427FF4BEAA384DDFF8D8C0EC
:10797000BCE80F000FC59CE8030085E8030014F085
:10798000F5FEFFF7B0BA94F8E13023F0420384F833
:10799000E130D4F8E010002940F0408628AB2822DE
:1079A000184604931FF04AFB294B96F89B2093F846
:1079B000E1308DF8B920B3FA83F39DF8B5205B0967
:1079C00063F3410263F382028DF8B520FEF764B9D8
:1079D00018F0200F04BFD6F88830C4F8C03018F073
:1079E000100F04BFD6F88430C4F8BC3018F0080F6C
:1079F00004BFD6F88030C4F8B83018F0040F04BFC4
:107A0000F36FC4F8B43018F0020F04BFB36FC4F8BA
:107A1000B03018F0010F04BF736FC4F8AC30FEF73C
:107A200074BD08F047FFFFF7C8B9A06F06F014FA5D
:107A3000FFF7DDB9A03B00203333CB41D84900200C
:107A4000D04A0020004C0020844A0020D84A002060
:107A5000B83F00200021CB4816F094FB0021CA4813
:107A600016F090FBD4ED1E7AFCEEE77A17EE902A22
:107A7000C64B90B2D3F81C319847FE2804463CF41C
:107A8000AEAE16F07BFEFF2C3EF42FAB2746FCF784
:107A9000A6BE0A20BE490FF07DF9FFF724BA0920DF
:107AA000BB490FF077F9FFF71EBA3AB3B94A069906
:107AB00092F85D3192F85E210B4013401ED00322F4
:107AC000B54DB64823FA02F1C90710D5D5ED287A8D
:107AD00090ED207AB4EE677AF1EE10FA07D1012129
:107AE00094F8F5C0914041EA0C0184F8F510013298
:107AF000062A05F1040500F10400E3D19DF8B43035
:107B000043F001038DF8B430089B002B40F0A485AE
:107B100094F8F530002B00F0C08008F0CBFEA04BAD
:107B20000DF1840C9E4609939C4BDFF868A20693E6
:107B3000BEE80F00ACE80F009EE807002346BB46F6
:107B40004FF0030854461F468CE8070024AD97F811
:107B5000F53023FA08F3DA0700F19184069B08F167
:107B600001080433B8F1060F04F1200405F10405FF
:107B70000693ECD107F068FE8A49854814F016FE9A
:107B8000049921A83C4603F02BFB5F4608F092FEC7
:107B90000325DFF8048294F8F530EB40DB0700F1B1
:107BA0005F840135062D08F104080AF1200AF2D19C
:107BB00007F04AFE7B49764814F0F8FDDFF8EC81C7
:107BC000F7EE007AD8ED0B6AF4EE676A98ED0A7A60
:107BD000F1EE10FAB4EE677A98ED097AF7EE007AD2
:107BE00014BF01250025F1EE10FAB4EE677A98ED86
:107BF000087AF7EE007A4FEA450518BF45F001050F
:107C0000F1EE10FAB4EE677A98ED077AF7EE007AA3
:107C10004FEA45051CBF45F00105EDB2F1EE10FA43
:107C2000B4EE677ADDF824C0DFF864E14FEA450579
:107C3000BCE80F00AEE80F009CE80300EBB218BFF1
:107C400043F00103F1EE10FA98ED067A8EE8030096
:107C50002AD0B4EE677AF1EE10FA00F0EC844FF01F
:107C60007E520023C8F82C20C8F80030C8F828201D
:107C7000C8F82420C8F82020C8F81C20C8F818200C
:107C8000C8E90133C8E90333C8F8143086F83A303C
:107C9000022014F059FEFFF726B9414B049918460B
:107CA000099303F09DFA89E7B4EE677AF1EE10FAD2
:107CB0004FEA8303DBB2D2D10022C8ED0B7AC8EDC4
:107CC0000A7AC8ED097AC8ED087AC8ED077AC8EDD6
:107CD000067AC8E90022C8E90222C8E9042286F827
:107CE0003A20002B3FF4FFA8D2E7096807EE901A6C
:107CF000F8EE677A17EE901AFDF775BFD4ED177A94
:107D00000021FCEEE77A084617EE90BA17F0F0FB78
:107D10008345BEF4EAA994F8DC20002A7EF4E5A9A4
:107D2000D4ED177AFCEEE77A84F8E42017EE902A77
:107D300084F8E520FFF7C5BB00231B4AC6F80031D5
:107D400086F8FC30C2E90133C2E903335361FCF722
:107D500073F8FFF7C8B800230E4AC6F8003192F84E
:107D60007111114A8807C2E90133C2E9033386F869
:107D7000FC3053613FF5B5A80B200B490FF00AF812
:107D8000FFF7AFB8BC8B0210C48B0210A03B0020E1
:107D9000444B002044640020D8490020D04A0020F1
:107DA000844A002080400020D04B0020082C002076
:107DB0000123A34DDFF8A8C286F8FC30A14B93F84D
:107DC00071E1BCE80F000FC59CE803001EF0020F34
:107DD00085E803007FF485A8CEE70A9A53681BB1B3
:107DE0000023536008F066FD0A9BD3ED027AC4EDD0
:107DF000217AFEF77BBED3685B6883ED007A08F0DA
:107E000059FD109A0A9B5206D8687FF585AB00226F
:107E1000197810F04DFCD4F884300A9A9360FEF77C
:107E200081BE894D53282B68319300F2E482532898
:107E300055D8DFE810F05E025602260226025400F2
:107E4000FD015400540054005400540054005400E8
:107E50005400540054005400540054005400540082
:107E60005400540054005400540054005400540072
:107E70005400540054005400DC01540054005400D9
:107E80005400540054005400540054005400540052
:107E90005400540054005400540054009D015400F8
:107EA0005400540054005400540054005400540032
:107EB0005400540054005400540054005400540022
:107EC00054005400540054007C01540054004E01EE
:107ED00054005400540054007C017C017C010020BB
:107EE000319A079B2A605A78002A7FF408A8002854
:107EF00000F0118101287FF402A85449544814F07D
:107F000055FCFEF7FCBF32880599501E022801F08F
:107F1000400140F22482052A00F02182332A00F039
:107F20001E8200297EF4AAAD059A42F02002059235
:107F3000FEF7A4BDD6ED227AFEF7B3BCD9F8203106
:107F4000002B7EF412AEDFF81CB1DBF81830EBB179
:107F5000C6F83081DBF8CC306BB10A9A4046127813
:107F6000149298470A9A1378149A93421CBF84F883
:107F7000543045F48025DBF8D03013B1D6F8300109
:107F80009847802014F0E0FCFEF7EFBDD8F81C20E5
:107F9000D6F83031DA61DDE79346FEF722B9501E9C
:107FA000C0B2FEF77CBB1D27FCF719BC0621294A8D
:107FB000294B013928FA01F0C0070FD5D3ED227AF9
:107FC00092ED2A6AD3ED456A77EEC67A93ED4B7A45
:107FD00077EEE67A77EEC77AC2ED307A043A043B60
:107FE0000029E6D1FEF739BBD6ED1E7AFEF7A9BC13
:107FF000D6ED1F7AFEF791BCD6ED207AFEF779BC5C
:10800000D6ED217AFEF761BC94F8E130CDF82080FE
:1080100023F0420384F8E130FEF792BA1F27FCF701
:10802000DEBB0C9B022B06D00821D9F840300B4850
:10803000984708F0D9F8002386F82430FCF7CFBB26
:10804000D04B002044640020C0520020804000201B
:10805000444B0020D8490020D04A00200040002096
:108060006C4A0020A03B00200C9B022BE3D094F82C
:108070002C303C2BD8D1D9F8DC31002BD4D0984708
:10808000D2E7C84BD3F82031002BD4D09847D2E7A1
:10809000D4ED3A7AF8EEE77A94F8E50017EE901A04
:1080A00017F040FCFEF78DBDE36F94F8DC2094F8E8
:1080B000E51094F8E40017F051FC079B18654FF4A5
:1080C000006014F041FCFEF77CBD0C9B022BD2D16A
:1080D000B1E7DFF8E8B208F0EDFB079BDBF8001032
:1080E000049893F81D80FBF74FFEC8F3400A03463F
:1080F00000287EF4ABAB049853465A46AA4905F0D3
:108100001FFC404606F056F8319B2B60079B5B78BE
:10811000002B7EF4F4AEA44DDFF894C2BCE80F004F
:108120000FC59CE8030085E80300FEF7E8BE0E9B40
:10813000049A8DF87C30139B8DF87D30119B8DF85F
:108140007E30D4F884302B931F9BADF800301B0C8D
:108150008DF80230954B029394F8DC10283301918E
:1081600096F8391086F86610914905F017FACBE7B2
:10817000D4ED197A96ED1D3AD6ED1E3AD4ED1A6A71
:1081800094ED254AD4ED264A33EE277A37EEA76AD6
:1081900073EEA67A37EE447A77EEE47AF0EE085A78
:1081A00076EEA66A37EE077A77EEA77A86EE255A3C
:1081B00086EEA56AC7EE256A87EEA57A35EE035AE4
:1081C00036EE236A76EE846A77EE247A21AB00934A
:1081D0000499754A76481FAB8DED1F5A8DED206AC4
:1081E000CDED216ACDED227A05F082F88CE708F01A
:1081F00061FB079B0498216F93F81D80FBF7C4FD7A
:10820000034600287EF422AB9DF8A430049943F085
:1082100080038DF8A4309DF8B830654843F0020320
:108220008DF8B83002F0DCFF404605F0C3FF6BE785
:1082300096ED1D6A94ED194AD6ED1E6AD4ED1A4AE0
:1082400094ED257A96ED0F5AD4ED267AD6ED105A94
:1082500036EE046A76EEA46A37EE057A77EEA57AF2
:1082600021AB00930499504A51481FAB8DED1F6A12
:10827000CDED206A8DED217ACDED227A05F038F82A
:1082800042E7B378022B0BD19DF8A43043F0800372
:108290008DF8A4309DF8B43043F040038DF8B4302D
:1082A0001099D4F8F03049070E9948BF5B428DF819
:1082B0007C101399D4F880208DF87D1011990293C9
:1082C0008DF87E101F9B0092ADF804301B0C8DF8CA
:1082D0000630384B0499344A03F1300002F0C0FFF5
:1082E00012E7B378022B0FD00499314802F078FFDF
:1082F0000AE79DF8B430049943F001032C488DF847
:10830000B43002F06DFFFFE62B4B1A7E9DF8B430BF
:10831000022A43F040038DF8B4300FD001229DF8BB
:10832000A43062F3C7138DF8A430DDE7059B43F05A
:10833000800305930A9B1B78FEF7A0BB94ED277A78
:10834000D6ED1F7AB4EE677AF1EE10FA14BF01226F
:108350000022E4E7802014F0F7FAFEF710BC0029B1
:108360003EF48CABE0E5B5B103F00602901F96F841
:1083700038304242424162F3C303079A86F83830EC
:108380005377FEF72BBE4FF4007086F8203014F0C0
:10839000DBFAFEF7F0BD96F83830079A5377FEF710
:1083A0001DBE00BFA03B0020444B00201C4B002002
:1083B0006C4A00203C4A002044640020746D002078
:1083C000D8F81C20D6F83031DA61FEF73EBC1C9399
:1083D00001234FF4806186F89830D348D9F84030B3
:1083E000984707F001FFFEF729BC3027FCF7F7B9E3
:1083F0003827FCF7F4B98C38032816D8CB4B9DF8F6
:10840000B40093F87431BDF81420C3F3001383F063
:10841000010363F304108DF8B4000499C44805F017
:108420002BFD5DE52C27FCF7DAB9079B5B78002B69
:108430007EF465AD6FE60B20BE490EF0ABFCFEF797
:10844000E5BD16F049F9DBF80C3008209847F2E555
:10845000D9F8DC31002B3EF47FAD9847FEF77CBDA8
:1084600098ED2E7ADAED247A67EE277A17EE900AE5
:108470001FF0BAFDB04B43F82500FFF792BB9FED0C
:10848000AF8A286818EE101A1CF02AFC07EE900A32
:10849000F5EEC07AF1EE10FA48BF77EE887A9FEDDC
:1084A000A78A069BC5ED007A18EE101AD3F8800053
:1084B0001CF016FC07EE900AF5EEC07AF1EE10FA09
:1084C00095ED007A48BF77EE887ADFED9D6A37EE4A
:1084D000C77AB4EEE67AF1EE10FA28D59FED977AD6
:1084E00077EE877A94ED247A67EE877A17EE900A12
:1084F0001FF07AFD904B43F82800FFF72FBB0023B5
:10850000C8ED0B7AC8ED0A7AC8ED097AC8ED087A89
:10851000C8ED077AC8ED067AC8F80030FEF757BFF5
:10852000BEF1000F00F071831C27FCF758B9DFED96
:10853000856AB4EEE67AF1EE10FAC4BF9FED7F7A59
:1085400077EEC77ACEE74FF0060E7F497F480DF1F0
:10855000A00B0CE0D1F82CC1C3F814C004390438C6
:10856000043BABF1040BBEF1000F3EF476A80EF114
:10857000FF3E28FA0EFC1CF0010FEBD00A2A29D08E
:10858000DBED057A90ED2A7A77EEC77AC3ED057AAE
:10859000E4E71046DBF81C30984794F8DC200346EB
:1085A000012A28D106226949013A28FA02FC1CF066
:1085B000010F18BFD1F8A8C0A0F1040018BFC0F87F
:1085C00018C00439002AEFD11846DBF82430984748
:1085D000FEF743B8D1ED227A91ED076AD1ED456AF5
:1085E00077EEC67A90ED2A7A77EEE67A77EEC77A5A
:1085F000C3ED057AB2E7A2F10A01C9B2FEF72AB8C3
:10860000082028A9159304920EF0E2FB049A159B0A
:1086100000287EF417A80727FCF7E1B82427FCF709
:10862000DEB894F8E13023F0420384F8E13003230C
:108630000893FDF785BF0023C8ED0B7AC8ED0A7AD1
:10864000C8ED097AC8ED087AC8ED077AC8ED067A50
:10865000C8F80030FFF714BB0499354802F0C0FD9C
:10866000FFF756BA00233A4802F1180131ED017ABA
:10867000B5EE407A70ED017AF1EE10FA77EE877A76
:1086800018BF43F001039142C0ED007AEED1FFF72D
:108690004BB95227FCF7A3B85327FCF7A0B8002327
:1086A0000621294A29489DF81850013925FA01FC6C
:1086B0001CF0010F0BD0D0ED2A7A92ED4B7AF4EE3C
:1086C000477AF1EE10FA1CBFC2ED4B7A0123043A4F
:1086D00004380029E9D1FFF727B900231C4802F12B
:1086E000180171ED017A30ED017AF4EE477AF1EE7E
:1086F00010FA1CBFC0ED007A01238A42F1D1FFF7C6
:1087000013B9BBF1330F00F0E182ABF18C03032B03
:108710003FF6A5A8ABF18D03022B00F2B682DFE88D
:1087200013F0B002B402B002004000204464002004
:108730006C4A0020D04B0020804000200000B44351
:10874000000034C300003443D04A0020D849002040
:10875000004C00203333CB41119A06EB8202D2ED5C
:10876000137AF4EEC77AF1EE10FA00F38082D4F8AF
:10877000E02022F48222C4F8E020ABF14902102A62
:108780003FF66EA801A151F822F000BF278C00101F
:108790006178001061780010617800106178001035
:1087A000617800106178001061780010D3780010B3
:1087B000E58B0010278C001061780010D378001032
:1087C000C98B00106178001061780010C98B00100F
:1087D000A37B002B77D1B8F1030F3DF650AED4F850
:1087E000E03003F44032B2F5403F7FF49DAE059A8D
:1087F000910504D503F03003302B7FF495AE94F847
:10880000E020D4ED1E6A12F0300F94ED1F6AE37A77
:1088100035D1B1EE667AF1EE467A84ED197AC4ED7F
:108820001A7A4BB15FED357A66EEA76A26EE276AB3
:10883000C4ED1E6A84ED1F6A96F83A308BB1DFF8FA
:10884000748394ED1E7AD4ED1F7A98ED066AD8ED04
:10885000076A27EE067A67EEA67A84ED1E7AC4EDE3
:108860001F7AA36FF363E36F3364D4F8E03023F42B
:10887000403323F03003C4F8E030FEF7F0BF002BA4
:1088800000F07C8194ED197ADFEDCE5AD4ED1A7A9E
:1088900027EE257A67EEA57A96F83A3084ED197AB4
:1088A000C4ED1A7A002BBDD0DFF8088398ED065A84
:1088B000D8ED075A25EE077A65EEA77A84ED197A86
:1088C000C4ED1A7AAEE72A27FBF789BF059B43F070
:1088D0000403059394F8E21048070ED5B8F1000F91
:1088E00000F0CC8101230E9A109803FA02F2834023
:1088F0001A4312EA080F00F09381C90700F126819C
:108900000123C4F8F0300E9A04EB8203D3ED25AABC
:1089100006EB8203109A93ED1D7A04EB8203D3EDEC
:10892000258A06EB8203D3ED1D7A94F8E2307AEEC5
:10893000C7AA5A0778EEE78A40F1868023F004033D
:1089400018229A499A4884F8E2301EF049FB002820
:1089500000F0F680E37A3BB1D4ED207A9FED997A6E
:1089600067EE877AC4ED207A96F83A30B3B1914B2E
:108970000E9AD4ED206A03EB8202D2ED067A109AA9
:1089800003EB820393ED067AF4EEC77AF1EE10FA68
:1089900077FE877A67EEA67AC4ED207AD4ED209A26
:1089A000B1EE007A6AEEAABA29EE877AF0EE6B7A17
:1089B00028EEA8BAD9EE877A77EECB7AF5EEC07AB0
:1089C000F1EE10FA3DD417EE900A1FF041FB7BEE5A
:1089D0008B7A0AEE100A17EE900A1FF039FBB1EEFF
:1089E0004AAA07EE100AF5EEC09ACAEE077A238962
:1089F000032B08BFF1EE677AF1EE10FA05D5F1EE20
:108A0000699AF1EE677AC4ED209AB0EE6A7AF6EED2
:108A1000006AA7EEE87AE7EEAA8A27EE267A68EEE1
:108A2000A67A0E9B04EB8302109B82ED197A04EB6D
:108A30008303C3ED197A059BD8073EF513AFFEF704
:108A400058BF2227FBF7CBBE01230E9A109903FAD9
:108A500002F28B401343079A134274D094F8E0302B
:108A600023F0700384F8E030E37A8BB19FED557A00
:108A70000322514B0799013AD140C90705D5D3EDDF
:108A80001B7A67EE877AC3ED1B7A043B002AF1D18B
:108A900096F83A309BB10322474B46490798013A72
:108AA000D040C00707D5D3ED1B7A91ED087A67EE69
:108AB000877AC3ED1B7A043B0439002AEED1109B60
:108AC00004EB8303D3ED199A0E9B78EEE98A04EB4D
:108AD000830393ED19AA68EEA88A7AEECAAAEAEE91
:108AE000AA8A18EE900A1FF0B3FA69EEA99AEAEE84
:108AF0000A9A08EE900A19EE900A1FF0A9FA07EEFA
:108B0000100A78EEC77ADFED2D6AF0EEE77AF4EE20
:108B1000E67AF1EE10FAC4F880007EF7A0AEF6EE29
:108B2000006AF4EEE67AF1EE10FA09DCDFED246A71
:108B300027EE267AB4EEE77AF1EE10FA7EF58FAEE4
:108B40002127FBF74CBE2327FBF749BEA06F05F09A
:108B500079FE00283CF4FFACD4ED1E7AFCEEE77AF7
:108B600017EE903AC4ED3C7A002B3DF4BEAA94F87F
:108B7000E23023F0010384F8E230C4E696F83A309C
:108B8000002B3FF46EAEDFF82C8094ED196AD4ED23
:108B90001A6A98ED067AD8ED077A27EE067A67EE1C
:108BA000A67A84ED197AC4ED1A7A4AE66C4A002056
:108BB000444B0020082C0020D84900200AD7A33BB2
:108BC0006F12833A3333CB414FF00002ABF1560CB6
:108BD000DCF1000B4BEB0C0B6BF307026BF30F227A
:108BE000A6F8642094F8E220D0077FF599ACD4ED84
:108BF0001E6AF5EEC06AF1EE10FA3BF5C1AF22F045
:108C00000102C6ED176A84F8E22037EE677A86ED36
:108C1000167A03F00102002A7EF424AEFEF769BE44
:108C20002027FBF7DCBD94F8E220910722D5D4ED94
:108C30001F7AF5EEC07AF1EE10FA7BF6A1AFB7EE2F
:108C4000007A5FED206AE17A22F00202002907FE35
:108C5000267A67EE877A84F8E220C6ED167A4FF01E
:108C60007A52DB07F2653EF5FDADFEF742BE3627D0
:108C7000FBF7B5BDBEF1000FF1D055E41A27FBF7A5
:108C8000AEBD059B43F010030593ABF18E0BBBF11A
:108C9000010F94BF0123059B059A88BFC3F3C0034E
:108CA00063F3C3029346ADF81420B8F1000FE5D08A
:108CB0001822CD49CD481EF093F900283FF440AF6B
:108CC0005FEACB703EF5CEADFEF713BEA37B002B63
:108CD0007FF4F9ADB8F1030F3DF6D1ABD4F8E03035
:108CE00003F03003302B7FF41FACD4ED197AF5EE8E
:108CF000407AF1EE10FA3DF4F8A9E37A5BB1DFEDCA
:108D0000BC6A94ED1A7A67EEA67A27EE267AC4ED4D
:108D1000197A84ED1A7A96F83A3083B1B54B94ED0E
:108D2000197AD4ED1A7A93ED066AD3ED076A27EE25
:108D3000067A67EEA67A84ED197AC4ED1A7A94F869
:108D4000E03023F0300384F8E030059BDB073EF58C
:108D500089ADFEF7CEBD94F8DC20002A7EF420AD6C
:108D60001327FBF73CBD119904EB8102D2ED047A85
:108D700006EB810292ED406AD2ED466A77EE867A82
:108D800077EEA67AFEF725BD0A9BD868C36B002B49
:108D90003BF442AEA37B012B7FF495AD18F0FA0FA4
:108DA0007FF43CAC94F8E230049313F0040307938F
:108DB00009D094ED207AF7EE007AB4EEE77AF1EE7E
:108DC00010FA3DF592A918F0040F3FF4ADABD4F8BA
:108DD000E0308949194000293FF4A6ABD4ED1E9A32
:108DE000F5EEC09AF1EE10FA3BF5CAAE94ED1A7AA0
:108DF000B5EEC07AF1EE10FA3BF5C2AED4ED1B6AC7
:108E0000F5EEC06AF1EE10FA3BF5BAAED4ED197A80
:108E1000F5EE407AF1EE10FA3DF467A9B5EE407A2E
:108E2000F1EE10FA3DF461A9B4EEE67AF1EE10FA33
:108E3000BDF65BA994F8E11011F010030C9304D077
:108E400094F8DC30032B3DF650A90A9BD0ED055A6F
:108E500093ED026AB4EEE56AF1EE10FA3FF5E2AA8C
:108E6000D0ED065AB4EEE56AF1EE10FA3FF7DAAA51
:108E7000BCF14C0F40F0C680604BF5EEC07AF1EECD
:108E800010FA58BF4FF07E50D4ED278AF0EEE77A03
:108E900048BF5B48C3ED009A5862E07AC3ED018A8F
:108EA00083ED037AC3ED046AC3ED027A68B19FEDE6
:108EB000506A67EE867A27EE067A66EE866AC3ED1A
:108EC000027A83ED037AC3ED046A607B98B1B6EE53
:108ED000006AD3ED026A93ED037AD3ED047A66EE6D
:108EE000866A27EE067A67EE867AC3ED026A83ED1C
:108EF000037AC3ED047AB8F1040F2DD0D4ED046ADF
:108F0000D6ED405A96ED466AD6ED1F7A76EEA56A02
:108F100078EEE77A76EE866A94ED257A27EEA76AF0
:108F200037EE667AA7EE076AB0EEE7AA16EE100AE9
:108F300083ED067ACDE91621159384ED1EAA1FF064
:108F400087F8DDE9162107EE100A69EE879A89EEA7
:108F50008A7A159B83ED007A080744BFD4F8D400C1
:108F600098620C9818B194F8DC0083F82C00C807BC
:108F700044BFE16DD96193ED077AB5EEC07AF1EEA9
:108F800010FA2AD993F82C1039B3D6ED1F7A78EE5F
:108F9000E77AF6EE006AF0EEE77A67EEA67AB4EECC
:108FA000E77AF1EE10FA3DF7A0A8079911B1D4F8CD
:108FB000801059610499890744BFE16F1962059BCC
:108FC00043F020030593D4F8E03023F4E32323F4A3
:108FD000B873C4F8E030FEF73FBC0021D96100212E
:108FE00083F82C10E1E700BF6C4A0020444B0020BE
:108FF0003333CB41082C002070000100746D002039
:10900000000080BF4FF0000C4FF07E531D4840F829
:10901000043CC0E900CCC0E902CCC0E904CCA0F11A
:1090200018032AE70327FBF7DABB0021084606F0FE
:1090300051FCFDF7B5BEB36E6421D8680FF0BEFADF
:10904000FDF7A9BE18EE103A6BB9A2F15B014A42D6
:109050004A4122739DF8782042F008028DF878206A
:109060000822FBF7E9BE9DF878100A2B41F01001A9
:109070008DF878107BF4D0AC5A2A3BF4CDAC10229A
:10908000FBF7DABE8C6D002084461046002A00F003
:109090008A80464A00B592F854205FFA81FE0A425F
:1090A0007FD0910612D51EF0200F0FD0DCED057A8F
:1090B00093ED057AF4EEC77AF1EE10FA74D493EDDD
:1090C0000B7AF4EEC77AF1EE10FA6DDCD10612D508
:1090D0001EF0100F0FD0DCED047A93ED047AF4EE5D
:1090E000C77AF1EE10FA5FD493ED0A7AF4EEC77AFC
:1090F000F1EE10FA58DC110712D51EF0080F0FD050
:10910000DCED037A93ED037AF4EEC77AF1EE10FA10
:109110004AD493ED097AF4EEC77AF1EE10FA43DC03
:10912000510712D51EF0040F0FD0DCED027A93ED3B
:10913000027AF4EEC77AF1EE10FA35D493ED087A9C
:10914000F4EEC77AF1EE10FA2EDC910712D51EF07C
:10915000020F0FD0DCED017A93ED017AF4EEC77ABD
:10916000F1EE10FA20D493ED077AF4EEC77AF1EE1F
:1091700010FA19DCD20714D51EF0010F11D0DCED66
:10918000007A93ED007AF4EEC77AF1EE10FA0BD480
:1091900093ED067AF4EEC77AF1EE10FAD4BF01200F
:1091A00000205DF804FB70470020FAE7B83F00207C
:1091B000CE4B93F85430002B49D010B421B103F0BA
:1091C000070CBCF1070F43D0990607D5C849D1ED6C
:1091D000377AF5EEC07AF1EE10FA6AD4DC0607D5DC
:1091E000C349D1ED2F7AF5EEC07AF1EE10FA78D4BA
:1091F000190708D5BE49D1ED277AF5EEC07AF1EE10
:1092000010FA00F187805C0708D5B949D1ED1F7AC3
:10921000F5EEC07AF1EE10FA00F19580990708D5C5
:10922000B349D1ED177AF5EEC07AF1EE10FA00F1FC
:10923000A380DB0708D5AE4BD3ED0F7AF5EEC07AED
:10924000F1EE10FA00F1B1805DF8044B7047704701
:10925000D0ED026AD1ED025A91ED015AD0ED017ABA
:1092600036EEE56A9FEDA37A77EEC57AB0EEC65A80
:10927000F0EEE77AB4EEC75AF1EE10FAF4EEC77AE0
:10928000CCBF01240024F1EE10FA40F3A680002C9C
:1092900040F0B480D0ED007A91ED005A77EEC57AB7
:1092A000F0EEE77AF4EEC77AF1EE10FA00F3A6805A
:1092B0008AE7D0ED057AD2ED0B6AF4EEE76AF1EEBB
:1092C00010FA92ED057A77FEA67AB4EEE77AF1EE1F
:1092D00010FA58BFF0EE477ADC06C0ED057A87D564
:1092E0007EE7D0ED047AD2ED0A6AF4EEE76AF1EE99
:1092F00010FA92ED047A77FEA67AB4EEE77AF1EEF0
:1093000010FA58BFF0EE477A1907C0ED047A7FF5DE
:109310007AAF6FE7D0ED037AD2ED096AF4EEE76A2F
:10932000F1EE10FA92ED037A77FEA67AB4EEE77AC0
:10933000F1EE10FA58BFF0EE477A5C07C0ED037A01
:109340007FF56CAF61E7D0ED027AD2ED086AF4EEFA
:10935000E67AF1EE10FA92ED027A58BFF0EE667AF4
:10936000F4EEC77AF1EE10FA77FE877A9907C0ED2E
:10937000027A7FF55EAF53E7D0ED017AD2ED076A4E
:10938000F4EEE67AF1EE10FA92ED017A58BFF0EEC3
:10939000667AF4EEC77AF1EE10FA77FE877ADB0789
:1093A000C0ED017A3FF547AF4EE7D0ED007AD2ED40
:1093B000066AF4EEE67AF1EE10FA92ED007A58BF02
:1093C000F0EE667AF4EEC77AF1EE10FA77FE877A5D
:1093D000C0ED007A5DF8044B7047D0ED007A91ED56
:1093E000005A77EEC57AF0EEE77AF4EEC77AF1EE3E
:1093F00010FA7FF7E9AE002C3FF4E6AE90ED004A9C
:10940000D2ED003AB4EEE34A91ED007AD0ED017A64
:1094100091ED013AF1EE10FA74EE474A37EEC35A75
:1094200006D4D2ED063AB4EEE34AF1EE10FA13DDBB
:1094300033EEC77AC5EE246AF0EE437A86EE244A0C
:10944000E6EE877AF0EE656AE7EE046AC0ED003A70
:10945000C0ED017AC0ED026A92ED017AB4EEE77ACE
:10946000F1EE10FA06DC92ED077AB4EEE77AF1EE4F
:1094700010FA15D5D1ED013AD1ED007AD1ED026A9D
:1094800084EE854AC6EE055A80ED017A37EE637A9E
:10949000E4EE077AE7EE256AC0ED007AC0ED026AD5
:1094A000D2ED027AF4EEE67AF1EE10FA07DCD2EDB4
:1094B000087AF4EEE67AF1EE10FA7FF585AED1ED9A
:1094C000023AD1ED006A91ED017A84EE864AC5EE4A
:1094D000065AC0ED027A77EEE37AE4EE276AA7EE49
:1094E000A57AC0ED006A80ED017A6DE6B83F0020F4
:1094F000446400206F12833A2DE9F04F2DED048B68
:10950000D44C91B0DFF8509394F8E1C002AE86E8F5
:109510000C00DDE9208AD9F808311CF0070FDDEDD9
:109520001E8A1F4600F0C3809DF87C609DF87D3048
:1095300000EB860292ED006A00EB8302D2ED006A36
:1095400001EB860292ED007A01EB83029DED028A27
:109550009DED039AD2ED007AB8F1000F05460C4656
:1095600076EE485A76EEC94A37EE485A37EEC94A7F
:109570004FEA86064FEA830B67DDB8F1010F58D03A
:109580000DF1100E38EE687AF44620686168E368E1
:10959000A268ACE80F000F23206961690193ACE871
:1095A00003000DEB060379EE687A83ED047AA9498E
:1095B0000DEB0B03C3ED047A70465346012291F87C
:1095C000E110B84780B3B8F1000FD4BFA646AE464D
:1095D000DEF80000DEF80410DEF80820DEF80C30BB
:1095E0000DF1280CACE80F00019BDEF81000DEF84E
:1095F00014101A07ACE8030071D538EE888A019B75
:109600006E44DB0786ED0A8A5BD578EE898A91493C
:109610000DEB0B03C3ED0A8A01225346D9F808412A
:1096200091F8E1100AA8A04711B0BDEC048BBDE889
:10963000F08FB0EE443AF0EE653AB0EE644AF0EEE8
:10964000455AF0EE434AB0EE635AF5EEC04AF1EEE9
:1096500010FAF5EEC05A4FDBF1EE10FAB5EEC04A43
:109660007FDDF1EE10FAB5EEC05AC0F21A81F1EECC
:1096700010FA40F2D380F4EEC55AF1EE10FA00F27F
:10968000B2800DF1100EB8F1010F38EE687AF44691
:109690003FF47BAF28686968EB68AA68ACE80F0004
:1096A0000F23286969690193ACE8030079E76146F3
:1096B00053460122BC4611B0BDEC048BBDE8F04F0F
:1096C00060475C445D44D4ED008AD5ED007AF4EE49
:1096D000E78AF1EE10FA58BFF0EE678A97E7A31910
:1096E00093ED008AAB19D3ED007AB4EEE78AF1EE80
:1096F00010FA38FE278A82E7F1EE10FAB5EEC04A7A
:1097000000F1AC80F1EE10FAB5EEC05A61D4F1EE82
:1097100010FA0DF1100EB4EEC76AF44640F30A8158
:10972000B8F1010F00F0E98128686968EB68AA6860
:10973000F1EE10FAACE80F004FF0080328696969F0
:109740000193ACE8030037FE067AF4EEE76AF1EE27
:1097500010FA0DEB060383ED047A58BFF0EE667A3B
:1097600025E7F1EE10FAB5EEC05A18DBF1EE10FA6B
:1097700081DD0DF1100EB8F1010F38EE687AF44674
:1097800000F08B8128686968EB68AA68ACE80F0074
:109790000E23286969690193ACE8030001E7F1EE43
:1097A00010FA0DF1100E38EE687AF44640F203819B
:1097B000B8F1010F00F0C08128686968EB68AA68F9
:1097C000ACE80F000623286969690193ACE803003F
:1097D000E7E6F1EE10FA00F1D880F4EEC55AF1EEAA
:1097E00010FABFF64EAF0DF1100EB8F1010FB4EE46
:1097F000C76AF44600F00E8128686968EB68AA68B9
:10980000F1EE10FAACE80F004FF000032869696927
:109810000193ACE8030037FE067A96E70DF1100ECF
:10982000B8F1010FB4EEC76AF44600F0438128682E
:109830006968EB68AA68F1EE10FAACE80F004FF027
:109840000103286969690193ACE8030037FE067AD1
:109850007BE700BFB83F0020A03B0020F1EE10FAEC
:10986000B5EEC05A36D4F1EE10FA0DF1100EB4EE8A
:10987000C76AF44673DDB8F1010F00F0DD80286897
:109880006968EB68AA68F1EE10FAACE80F004FF0D7
:109890000C03286969690193ACE8030037FE067A76
:1098A0007FE6F1EE10FA0DF1100E38EE687AF4460C
:1098B0002FD9B8F1010F00F0D18028686968EB68F2
:1098C000AA68ACE80F000723286969690193ACE82E
:1098D000030066E6F1EE10FA7FF77FAF0DF1100E90
:1098E000B8F1010FB4EEC76AF44600F0C4802868EE
:1098F0006968EB68AA68F1EE10FAACE80F004FF067
:109900000403286969690193ACE8030037FE067A0D
:1099100047E6B8F1010F00F0028128686968EB683A
:10992000AA68ACE80F000323286969690193ACE8D1
:1099300003000AE7B8F1010F4DD028686968EB68A9
:10994000AA68F1EE10FAACE80F004FF0090328699D
:1099500069690193ACE8030037FE067AF5E6B8F1D1
:10996000010F00F0B88028686968EB68AA68F1EE1A
:1099700010FAACE80F004FF00D03286969690193F4
:10998000ACE8030037FE067A0BE60DF1100EB8F1D5
:10999000010F38EE687AF44600F0DB8028686968C9
:1099A000EB68AA68ACE80F000B232869696901938A
:1099B000ACE80300C9E6B8F1010F1ED02868696859
:1099C000EB68AA68ACE80F00022328696969019373
:1099D000ACE80300B9E620686168E368A268F1EECC
:1099E00010FAACE80F004FF0090320696169019398
:1099F000ACE8030037FE067AA7E620686168E368F2
:109A0000A268ACE80F000223206961690193ACE809
:109A100003009AE620686168E368A268F1EE10FA34
:109A2000ACE80F004FF00003206961690193ACE8D6
:109A3000030037FE067A88E620686168E368A2685A
:109A4000F1EE10FAACE80F004FF00C0320696169E9
:109A50000193ACE8030037FE067AA2E5206861684E
:109A6000E368A268ACE80F000723206961690193ED
:109A7000ACE8030095E520686168E368A268F1EE50
:109A800010FAACE80F004FF00403206961690193FC
:109A9000ACE8030037FE067A83E520686168E36876
:109AA000A268ACE80F000E23206961690193ACE85D
:109AB000030076E5F1EE10FA20686168A268E368B9
:109AC000CDF80480ACE80F002069616937FE067AA2
:109AD000ACE8030039E620686168E368A268F1EE4B
:109AE00010FAACE80F004FF00D0320696169019393
:109AF000ACE8030037FE067A53E520686168E36846
:109B0000A268F1EE10FAACE80F004FF008032069EC
:109B100061690193ACE8030037FE067A15E6206818
:109B20006168E368A268ACE80F00032320696169FB
:109B30000193ACE8030008E620686168E368A26866
:109B4000ACE80F000623206961690193ACE80300CB
:109B500027E520686168E368A268ACE80F000B2382
:109B6000206961690193ACE80300EEE5F0B52DEDE5
:109B7000028B0024074693B008A808EE102A0D4671
:109B8000CDE90344CDE905440294079405F07AFF3A
:109B90009DF83430714923F0120343F0120302A8F8
:109BA0008DF83430FEB20F9412F000FE6C4916F0BE
:109BB000200391F8E4210DD0D5ED057A93069DEDB3
:109BC000077A68EE277A00F1B58037EE677A8DED77
:109BD000077A0123F4060DD5D5ED047AD0069DED64
:109BE000067A68EE277A00F1A28037EE677A8DED6B
:109BF000067A013334070DD5D5ED037A10079DEDB4
:109C0000057A68EE277A00F18F8037EE677A8DED5E
:109C1000057A013374070CD5D5ED027A50079DED16
:109C2000047A68EE277A7CD437EE677A8DED047A71
:109C30000133B4070CD5D5ED017A90079DED037A79
:109C400068EE277A6AD437EE677A8DED037A0133AE
:109C5000F4070ED595ED007ADDED027A28EE078A3D
:109C6000D0074CBF77EE887A77EEC87ACDED027ACE
:109C7000013307EE903AF8EEE77AF5EE407AF1EE2E
:109C800010FA91ED118A61D4B1EEE77A68EE077AA5
:109C9000344B08A993F8253002A8CDED087A8DF849
:109CA000363005F06BFA04232F4C304DA372E77267
:109CB00010F0B4FD10F0F4FB02E004206B6D984747
:109CC00010F0ACFDA36C13F0640FF6D0A76C284D18
:109CD000BA0603D50621AB6C264898477B0603D508
:109CE0000721AB6C234898476B6E984740EA1023D6
:109CF0003342ADF8040003D00821AB6C1D489847EF
:109D0000E66CD6B904216B6C1B48984710F0FAFB3F
:109D10000120A67213B0BDEC028BF0BD37EE277A9E
:109D200093E737EE277A81E737EE277A6FE737EE4A
:109D3000277A5CE737EE277A49E71EF0A5F906F0A7
:109D400053FA002013B0BDEC028BF0BD17EE900A61
:109D50001EF07EF907EE100A98E700BF8040002051
:109D600044640020D04A0020B83F0020A03B0020DF
:109D7000C83C002004400020004000200D4A92F81A
:109D8000E33113F0020308D0C0B290FAA0F3002828
:109D9000B3FA83F308BF4FF0FF3302EB431090EDAB
:109DA000117AD0ED127A012947FE877A17EE900AD0
:109DB000704700BF4464002010B5BE49BE4B91F807
:109DC000E2C191F87A011CF0080F93F8542093F83F
:109DD0000CE000F0010037D1002840F08F809006A1
:109DE00000F170810020D406C3F89C00C3F8840001
:109DF00000F177810020C3F89800C3F880001007B5
:109E000000F17E8100205407C3F89400D86700F168
:109E100086810020C3F890009867900700F18E813A
:109E20000020C3F88C005867D40740F1D680D1EDEC
:109E30000F7A9FEDA37A4FF0004277EE877AC3F84E
:109E40008820C3ED1C7A10BD940691F8E4C140D47B
:109E5000DFED9B7AC3ED277AC3ED217AD40600F1BA
:109E6000F980DFED977AC3ED267AC3ED207A1407E7
:109E700000F1DE80DFED927AC3ED257AC3ED1F7A23
:109E8000540700F1C280DFED8E7AC3ED247AC3ED72
:109E90001E7A940700F1A680DFED897AC3ED237A5C
:109EA000C3ED1D7AD20740F19880002840F05B8115
:109EB000DFED837A91ED0F7A1CF0010F77EE877A50
:109EC0004FF0000240F09781C3ED1C7AC3F8882060
:109ED00010BD002840F03F81DFED797A91ED377AAF
:109EE0001CF0200F77EE877A00F06D81F1EE677A33
:109EF0000024C3ED277AC3F88440AFE7900600F151
:109F00003A810020C3F89C00C3F88400D40640F1D5
:109F100054811EF0100F16BF68489FED697A90EDCE
:109F2000047AD1ED2F7AF1EE476A77EE877AC3EDA6
:109F3000266AC3ED207A100740F13A811EF0080F1F
:109F400016BF5E489FED5E7A90ED037AD1ED277AD9
:109F5000F1EE476A77EE877AC3ED256AC3ED1F7A83
:109F6000540740F120811EF0040F16BF53489FEDA7
:109F7000547A90ED027AD1ED1F7AF1EE476A77EECE
:109F8000877AC3ED246AC3ED1E7A900740F10681FB
:109F90001EF0020F16BF49489FED497A90ED017AF5
:109FA000D1ED177AF1EE476A77EE877AC3ED236A2F
:109FB000C3ED1D7AD20710D51EF0010F40F02781A6
:109FC0009FED3F7AD1ED0F7AF1EE476A77EE877A0F
:109FD000C3ED226AC3ED1C7A10BD0022C3F88820AD
:109FE0001A6710BD00285DD1DFED357A91ED177A43
:109FF0001CF0020F77EE877A00F0EB80F1EE677AC3
:10A000000024C3ED237A5C674CE7002843D1DFEDE1
:10A010002C7A91ED1F7A1CF0040F77EE877A00F00E
:10A02000E480F1EE677A0024C3ED247A9C6730E780
:10A0300050BBDFED237A91ED277A1CF0080F77EE05
:10A04000877A00F0CC80F1EE677A0024C3ED257AA0
:10A05000DC6715E788B9DFED1A7A91ED2F7A1CF0ED
:10A06000100F77EE877A00F0CC80F1EE677A00244B
:10A07000C3ED267AC3F88040F9E61EF0100FEAD04F
:10A080000E4CD4ED047AE8E71EF0080FD1D00B4C4B
:10A09000D4ED037ACFE71EF0040FB8D0074CD4ED0F
:10A0A000027AB6E71EF0020F9ED0044CD4ED017A7E
:10A0B0009CE700BF44640020B83F00201C4C0020F7
:10A0C00000000000D1ED377A1FED037A4FF0004019
:10A0D00077EE877AD406C3ED217AC3F89C007FF52A
:10A0E00089AED1ED2F7A1FED0A7A4FF0004077EE5E
:10A0F000877AC3F898001007C3ED207A7FF582AE07
:10A10000D1ED277A1FED127A4FF0004077EE877A73
:10A110005407C3ED1F7AC3F894007FF57AAED1EDF2
:10A120001F7A1FED197A4FF0004077EE877AC3F857
:10A1300090009007C3ED1E7A7FF572AED1ED177ACD
:10A140001FED217A4FF0004077EE877AC3F88C003C
:10A15000C3ED1D7A68E61EF0200F3FF4BDAE2E4C15
:10A16000D4ED057ABAE61EF0010F3FF4A1AE2A4AFB
:10A17000D2ED007A9EE61EF0200F16BF26489FED16
:10A18000277A90ED057AD1ED377AF1EE476A77EECE
:10A19000877AC3ED276AC3ED217AB7E60020C3F8BA
:10A1A0008C00586706E70020C3F890009867ECE63B
:10A1B0000020C3F89400D867D2E60020C3F89800C6
:10A1C000C3F88000B7E60024C3ED217AC3F89C40B1
:10A1D00044E60024C3ED1D7AC3F88C4062E60024F7
:10A1E000C3ED1F7AC3F894404AE60024C3ED1E7AFB
:10A1F000C3F890404DE6F1EE677A1A67C3ED227A14
:10A2000010BD0024C3ED207AC3F898402FE6024A1F
:10A2100092ED007AD6E600BF1C4C00200000000042
:10A220002DE9F8432DED028BDFF82481C4B298F8B4
:10A23000E231180733D5A20605D500210022414B93
:10A24000D966C3F8DC20E30605D5002100223D4B8A
:10A250009966C3F8D820270705D500210022394B7D
:10A260005966C3F8D420660705D500210022354B76
:10A270001966C3F8D020A50705D500210022314B6F
:10A28000D965C3F8CC20E40705D5002100222D4B69
:10A29000C3F8C8109A65BDEC028BBDE8F883474649
:10A2A00011BB06259FED288A284E10E0F0EE487A73
:10A2B00097ED347A46ED1C7A67EE877A17EE900AAE
:10A2C0001DF092FE3060203F043E002DE3D0013DA2
:10A2D00024FA05F3D807F6D598F8E431EB40D9070E
:10A2E000E4D5D7ED377AE3E70625DFF86890174E17
:10A2F000013D24FA05F3DA0713D598F8E431EB4071
:10A30000DB0718D4D9ED057AF1EE677A97ED347A48
:10A3100046ED1C7A67EE877A17EE900A1DF064FE10
:10A320003060203FA9F10409043E002DE0D1BDECCE
:10A33000028BBDE8F883D7ED377A99ED057A77EE91
:10A34000877AE3E7B83F0020000000009440002037
:10A35000446400201C4C00202DE9F04F2DED028BB1
:10A36000774EB3B034882CB1002033B0BDEC028BF3
:10A37000BDE8F08FCBB27349C7B2814628A891F8E7
:10A38000E5510293039705F07DFB20231B939DF875
:10A39000B4306C4923F0120343F012038DF8B4304B
:10A3A000694B17F0200293F825302F948DF8B630C2
:10A3B00007F0200B91F85D310DD09C0691ED377AB6
:10A3C00040F19782B5EEC07AF1EE10FA00F1918279
:10A3D0009FED5E7A91E2DFED5E7A059210221A928D
:10A3E000039AD00602F0100A1FD5564AD90692EDFC
:10A3F0002F7A07D5B5EEC07AF1EE10FA02D49FEDB0
:10A40000537A03E0FFEE086A27EE267AF4EEC77A65
:10A41000F1EE10FA029A77FE877A12F0100F059A81
:10A4200018BF04228DED207A059208221992039A12
:10A4300002F0080812071FD5424A1F0792ED277A3B
:10A4400007D5B5EEC07AF1EE10FA02D49FED3F7A4F
:10A4500003E0FFEE086A27EE267AF4EEC77AF1EE03
:10A4600010FA029A77FE877A12F0080F059A18BF41
:10A4700003228DED1F7A059204221892039A540745
:10A4800002F004071FD52F4A580792ED1F7A07D50F
:10A49000B5EEC07AF1EE10FA02D49FED2C7A03E00B
:10A4A000FFEE086A27EE267AF4EEC77AF1EE10FA8C
:10A4B000029A77FE877A12F0040F059A18BF0222DB
:10A4C0008DED1E7A059202221792039A910702F0EF
:10A4D000020420D51B4A92ED177A9A0707D5B5EEEC
:10A4E000C07AF1EE10FA02D49FED187A03E0FFEE85
:10A4F000086A27EE267AB4EEE77AF1EE10FA029AAD
:10A5000058BFF0EE477A12F0020F059A18BF0122E9
:10A510008DED1D7A059201221692039A12F0010226
:10A5200008922AD0074ADB0792ED0F7A12D5B5EED2
:10A53000C07AF1EE10FA0DD49FED047A0EE000BF60
:10A54000B83F002044640020D04A002000000744A7
:10A5500000000000FFEE086A27EE267AF4EEC77AC4
:10A56000F1EE10FA029B77FE877A13F0010F059B3C
:10A5700018BF00238DED1C7A0593F5EE407AF1EEBD
:10A5800010FA00F01D834846DFF824920021D9F824
:10A590006830984708EE100AB5EE408AF1EE10FADE
:10A5A0003FF4E2AE029B002B40F0BA8107935FFAC2
:10A5B0008BF309935FFA8AF30C935FFA88F30D9398
:10A5C000FBB20B93E3B20A93012303EB45030E9313
:10A5D000754B002493F86D31A04613F0100F059BC6
:10A5E00014BF652764275A1F18BF012212921A1F31
:10A5F00018BF01221192DA1E18BF0122023B18BFB8
:10A600000123DFF8B0A1019410920F9306946749DB
:10A6100022A812F0CBF8099B002B00F0BF81002389
:10A62000C6F8DC30604BDDED217A93F8E431980612
:10A6300040F13783019B022B01D0F1EE677ACDED1B
:10A64000277A02234FF0010B9DF86C500C9AAAB1A7
:10A650000022C6F8D820544ADDED207A92F8E42191
:10A66000D10640F13283019A022A01D0F1EE677AD5
:10A67000CDED267A9B461A9B2B43DDB20D9BB3B1E1
:10A680000023C6F8D430484BDDED1F7A93F8E4314F
:10A690000BF1010B1A0740F11383019B022B01D030
:10A6A000F1EE677ACDED257A199B2B43DDB20B9B3A
:10A6B000B3B10023C6F8D0303B4BDDED1E7A93F8E2
:10A6C000E4310BF1010B5B0740F1F582019B022B9A
:10A6D00001D0F1EE677ACDED247A189B2B43DDB2E1
:10A6E0000A9BB3B10023C6F8CC302F4BDDED1D7AA9
:10A6F00093F8E4310BF1010B980740F1D782019BED
:10A70000022B01D0F1EE677ACDED237A179B2B4314
:10A71000DDB2089BBBB10023C6F8C830224BDDED8B
:10A720001C7A93F8E4310BF1010B13F0010F019B3C
:10A7300000F0D082022B01D0F1EE677ACDED227AC3
:10A74000169B2B43DDB2DAF8A8302BB118EE101AA5
:10A75000019A9DF80C00984707EE90BAF8EEE77A58
:10A76000F5EE407AF1EE10FA00F17083B1EEE77A7F
:10A7700028EE078A28A922A88DED288AF57204F010
:10A78000FDFC0423B37210F049F80FF089FE019B21
:10A79000022B00F00781029B6FEA030BCDF810B08B
:10A7A000DDF814B095E000BF446400208040002034
:10A7B000C83C0020A03B0020022C00F0DB80029966
:10A7C00040EA030212EA010418D0584011EA0004DA
:10A7D00000F0D5800B420CBF022401244FF0010889
:10A7E000049B08461A400BF1320356F823302146E9
:10A7F0000693D9F8903013929847139A1B992B46D9
:10A800000D4207D0910605D5129B05F0DF0508EA39
:10A8100003082B461A990D4207D0D00605D5119B87
:10A8200005F0EF0508EA03082B4619990D4207D0F9
:10A83000110705D5109B05F0F70508EA03082B461C
:10A8400018990D4207D0500705D50F9B05F0FB0561
:10A8500003EA08082B46DDE916010D4208D09107EE
:10A8600006D5BBF1010F05F0FD0300F08A801D46FF
:10A87000034207D0D00705D505F0FE05BBF1000F58
:10A8800000F08880F572B8F1000F0CD00BF13203A4
:10A89000069A56F82330D31A002B079AB8BF5B42AA
:10A8A000934200F32E820FF0B9FFB16C394008D00B
:10A8B000012940F0A381D9F844307948984708F03D
:10A8C00089FF0420DAF85430984715F03F0100F072
:10A8D000F180D9F864309847012CADF85000C3B22C
:10A8E000C0F307207FF468AF049A134040EA0302E4
:10A8F00084E7FFEE087A27EE277AB5EEC07ADFED1F
:10A90000697AF1EE10FA029A58BFF0EE477A12F027
:10A91000200F14BF052200228DED217A05925DE5FE
:10A92000614BDFED624A93ED757AB1EE477A059A95
:10A9300093ED766AD3ED776A03EB421393ED0F5AEA
:10A94000C7EE247A67EE857AB4EEE76AF1EE10FA84
:10A9500077FE867AF4EEE76AF1EE10FAD3ED0C5A40
:10A9600058BFF0EE667A67EEA57AFDEEE77ACDED98
:10A97000077A1CE6049A104043EA00023EE7A0462C
:10A980003CE7184000F0B98112F0010200F0F081BC
:10A9900005F0FC054FF00008F57284E79B461D4664
:10A9A000012353E605F03F050FF038FFB16C394045
:10A9B00008D0012940F02281D9F84430384898471E
:10A9C00008F008FF0420DAF854309847002DEBD146
:10A9D0000FF098FD344AD9F83C302946B2F8E0012E
:10A9E0009847D9F8683001219DF80C009847099BD9
:10A9F00008EE100A002B00F0B5812D4BB2EE047A60
:10AA0000D3ED057A67EE877A0C9ACDED217A3AB1CB
:10AA1000D3ED047AB2EE047A67EE877ACDED207A30
:10AA20000D9AE2B90B9A002A00F0CA81D3ED027A9E
:10AA3000B2EE047A67EE877A0A9ACDED1E7A002A82
:10AA400040F07581089AEAB1D3ED007A019267EE81
:10AA5000877AC3E00D9B002B00F0D681144BD3ED19
:10AA6000037AB2EE047A67EE877A0B9ACDED1F7AFD
:10AA7000002ADBD10A9A002A40F05981089A002A5C
:10AA800040F06081029B002B40F0C581B5EEC08A8A
:10AA9000F1EE10FA40F3878001230193A8E000BF94
:10AAA0000040002000000000446400200000C84274
:10AAB0001C4C002001910FF025FDA64AD9F83C302E
:10AAC0000199B2F8E0019847D9F8683002219DF861
:10AAD0000C009847099B08EE100A002B00F0CC8070
:10AAE0009D4B0C9A5B6921939B4B002A00F01981C6
:10AAF000994A126920920D9A0AB1DA681F920B9A4C
:10AB0000002A40F0EC800A9A002A40F0C280089A9D
:10AB1000002A5FD1029B002B00F0408102230193A9
:10AB2000002100240846D9F890309847A046B5EE99
:10AB3000C08AF1EE10FA02DD039B002B58D1029B74
:10AB40008BB3059B9C1C834B03EB4413D3ED007A22
:10AB5000F5EE407AF1EE10FA25D0F5EEC07AF1EE7E
:10AB600010FA029D4CBF022101212846D9F89030ED
:10AB70009847784B284603EB4413D3ED007AF0EE68
:10AB8000E77A059B4FF07E520DEB83031CA9C3EDC2
:10AB90001C7AFEF7EBFF00283FF4E6AB0021D9F862
:10ABA000903008469847039C01212046FFF738FB68
:10ABB0000022B272224696F854301A4386F8542086
:10ABC000012033B0BDEC028BBDE8F08F089B002B59
:10ABD000A0D0614BD3ED007A02230193CDED1C7A16
:10ABE000029B002B9CD1B5EEC08AF1EE10FADADDA3
:10ABF0000E9A531E002AA2D00E9308E50B46990622
:10AC000006D50621D9F84820544804939047049B60
:10AC10005A0606D50721D9F8482050480493904792
:10AC2000049B00210220D9F83C2004939047019B0B
:10AC3000022B00F0A180049B5B0704D50921D9F801
:10AC4000483046489847F56C002D40F0F6800421C6
:10AC5000D9F84430424898470FF054FC3D4AD9F89F
:10AC60003C30B2F8E00129469847019AD9F868309B
:10AC7000022A7FF42BAFB6E60C9B002B4CD0364B50
:10AC80001A6937E70B9B4BBB0A9B002B00F0C68071
:10AC9000314B5A681D92089A002A9BD102230193D6
:10ACA0009EE7019B022B7FF4CAACC6E4019B022BFA
:10ACB0007FF42AAD26E5019B022B7FF40CAD08E55D
:10ACC000019B022B7FF4EEACEAE4019A022A7FF4A6
:10ACD000CFACCBE4022B7FF431AD2DE51E4B9A684F
:10ACE0001E920A9A002AD4D1089A002A3FF412AF81
:10ACF000D3ED007A0223019370E780461D46F3727C
:10AD0000D1E50F21D9F84830144898471DF0BCF917
:10AD100005F06AFAFFF728BB0D9B002BB2D00E4B53
:10AD2000EBE60D9A002A42D00B4AD268E6E6D3ED54
:10AD3000017AB2EE047A67EE877A089ACDED1D7A31
:10AD4000002A5BD0D3ED007A089B67EE877A0193E7
:10AD500044E700BF446400201C4C00200440002055
:10AD6000004000200C9B002B3FF474AE3B4B4FE6A1
:10AD700090461D46F37296E5D9F86430984703462D
:10AD8000039A43EA13231342ADF854003FF45BAF38
:10AD90000821D9F848303248984754E7B5EEC08AC0
:10ADA000F1EE10FA7FF7FFAE0223019320E70B9A32
:10ADB0003ABB0A9A002A3FF409AF284A526869E769
:10ADC0000A9A7AB9089A002A3FF45CAED3ED007A69
:10ADD000B2EE047A012367EE877A0193FEE60A9BBE
:10ADE0003BB31E4BD3ED017AB2EE047A67EE877A5D
:10ADF000089ACDED1D7A002A7FF426AE0123019337
:10AE0000EEE6164A92686BE70B9B002BE7D0134BDC
:10AE1000D3ED027A0CE60123019381E6089B002B17
:10AE20007FF4D7AE02230193029B002B3FF47FAE49
:10AE300076E6089B3BB1094BC8E71DF025F905F004
:10AE4000D3F9FFF791BA01230193EDE717EE900ACA
:10AE50001DF0FEF807EE100A8AE400BF1C4C00202B
:10AE60000440002098B1844610B40A4C0068DCF815
:10AE70000410DCF80820DCF80C300FC4DCF81000FB
:10AE8000DCF8141003C403485DF8044B7047014814
:10AE9000704700BF1C4C00202DE9F041704F4FF06F
:10AEA000000697F8E33105469C0782B05FFA80F808
:10AEB00034D497F87A016B4F2946BB6D00F001003E
:10AEC0009847D7F8A030F3B10120984718EA000856
:10AED00019D0D7F89030002B77D018F0010F4FF031
:10AEE00001064FF0010205D1530013EA080FDAB250
:10AEF000FAD01646904568D17B6E984740EA1020FC
:10AF000010EA080F65D1584B31462846D3F8043172
:10AF100098470138C0B202B0BDE8F081404603F066
:10AF200009FF0128C5D9B8F1000FC2D03A464346FF
:10AF3000FF210024D80755D5FF2908D121465B08F9
:10AF400004F1010402F1200250D0D8074AD507EBE2
:10AF50004110D2ED127A90ED127AB4EE677AF1EEEA
:10AF600010FA08D1D2ED117A90ED117AB4EE677A29
:10AF7000F1EE10FAE3D018F0010F3BD14FEA58037D
:10AF8000DD0742D45FEA98033DD0DC0744D45FEA92
:10AF9000D80338D0D80746D45FEA181333D0D9077E
:10AFA00048D45FEA58132ED0DA074AD45FEA9813E0
:10AFB00029D0DB074CD45FEAD81824D06FF07F008B
:10AFC00002B0BDE8F041FFF767BF372002B0BDE82F
:10AFD000F0813046254A2649FEF7C8FD002892D167
:10AFE0002D2098E701345B082032A3E7FE297FF487
:10AFF00060AFC0E74FF00100FFF74EFF00288AD195
:10B000005FEA5803BCD1002085E74FF00200FFF74C
:10B0100043FF0028B6D07EE74FF00400FFF73CFF67
:10B020000028B4D077E74FF00800FFF735FF00287D
:10B03000B2D070E74FF01000FFF72EFF0028B0D01D
:10B0400069E74FF02000FFF727FF0028AED062E746
:10B050004FF04000FFF720FF0028ACD05BE700BFB7
:10B0600044640020C83C0020A03B00200000204198
:10B070001C4C00204A0538B5C1F3072302D59B07B5
:10B080002CD538BD164C174B0122D3F8085194F833
:10B09000E11004F17003A8470028F2D1237A43F0AD
:10B0A000040323721CF0DCFF082801460E4C0BD170
:10B0B000236C0E48984702E01CF0D2FF20B105F047
:10B0C00093F80028F8D138BD1CF0DEFFA36C0221F4
:10B0D00007489847BDE8384005F086B8004CDDE7E2
:10B0E000B83F0020A03B0020C83C002000400020CA
:10B0F000044000200F4A00B592F8EAC192F8EB3103
:10B1000092F8E90192F8E8E143EA0C030A4992F85F
:10B11000E7C1034343EA0E0392F8E60143EA0C0356
:10B1200091F8542003431A400B7381F854205DF8C2
:10B1300004FB00BF44640020B83F00200C4B93F890
:10B14000E23103F00502052A01D000207047094AC8
:10B1500092F8BD0048B1107B0028F7D092F8543027
:10B16000984314BF0120002070475B06EED4F2E73D
:10B1700044640020B83F002010B4084B0849094C33
:10B18000094A8C6609480A49C3F80821094AC3E9F3
:10B1900043015DF8044BC3F804217047A03B002035
:10B1A000C83C00207D9D001089900010F99400108B
:10B1B000B191001059A300100023084901E0182B99
:10B1C00009D011F8332001EBC30C824203F10103D3
:10B1D000F5D1604670470020704700BF00F10210B3
:10B1E00038B54B7D0C4603F00603062B054602D00E
:10B1F0004969FFF73FFF1CF033FF022808D1174BC6
:10B200001A781AB9587880F0010038BD002038BD8E
:10B2100004F0EAFF0028F2D004E003F051FF30B15F
:10B2200004F0F2FC04F0E0FF0028F6D1EDE721463F
:10B23000284603F0A3FF0028E1D123699B7A1B076E
:10B24000DDD5237903F00303012BD8D105F032FBC0
:10B250002069E268436A21799847D0E7B83F002027
:10B260002DE9F04F2DED108BBFB09DF864519DF886
:10B2700066415A9F19941C4603EB85038146186862
:10B28000164604951A930C9709911CF0BDFE0246D0
:10B290000B469DF8658101F1004104EB88042068AC
:10B2A000CDE90E230A921B940B911CF0ADFE0446CF
:10B2B0004FEA850B06EB0B031868189301F1004366
:10B2C0000D46069407931CF09FFEDDE90E2318F04F
:10B2D00067FC4FEA880A06EB0A03CDE910011868FB
:10B2E0000E931CF091FE22462B4618F059FC09EBF8
:10B2F0000B03CDE9120118681CF086FEDDE910236E
:10B3000018F062FC09EB0A03044618680D461CF0AD
:10B310007BFEDDE9122318F057FC22462B46CDE9CF
:10B320001601DDE90A0118F063FCDDE91623CDE919
:10B330001C01DDE90601DDED588A18F059FC0246D2
:10B340000B46DDE91C0118F02BFCDDE91623CDE9E5
:10B350001601DDE90A0118F04BFC22462B46044693
:10B360000D46DDE9060118F043FC02460B46204677
:10B37000294618F029FCDDE9162319F0F3F918F035
:10B38000ABFC002F08EE100A40F32185DFEDCC7AEC
:10B39000B4EEE78AF1EE10FA40F28A83099D6B7DE4
:10B3A000590725D4C74AD2F80C410CB343F0040323
:10B3B0006B75DDE9100118F08FFC3890DDE91201A2
:10B3C00018F08AFCCDED008A0C9B39900293599BB2
:10B3D0003146ADF804301B0C8DF80630BA4B4846A8
:10B3E000039338AB0CCBA0476B7D60F341036B75C7
:10B3F0000C9B83EAE377A7EBE377012F40F36A83A3
:10B40000781E07EE900AF8EEE77A17EE900A1CF025
:10B41000FBFDA7A3D3E9002318F0EAFB0C9B04462D
:10B42000002BD8BFF1EE487A0D46D4BF17EE900A34
:10B4300018EE100A1CF0E8FD2B46224618F0B0FB6F
:10B4400018F04AFC049B09EE100A052B00F0D48486
:10B45000B8F1050F01F0208096ED057AD9ED057A57
:10B4600077EEC77A87EE897A77EE077A17EE900A39
:10B470001CF0CAFD90A3D3E9002318F0B9FB18F023
:10B480002BFC049B3D90042B00F0E787B8F1040FE0
:10B4900000F0EB8496ED047AD9ED047A77EEC77A62
:10B4A00087EE897A77EE077A17EE900A1CF0ACFDEA
:10B4B00081A3D3E9002318F09BFB18F00DFC049B3B
:10B4C0003C90032B00F0AA87B8F1030F01F0328300
:10B4D00096ED037AD9ED037A77EEC77A87EE897A0B
:10B4E00077EE077A17EE900A1CF08EFD72A3D3E96F
:10B4F000002318F07DFB18F0EFFB049B3B90022B20
:10B5000001F07980B8F1020F01F0F78296ED027A2E
:10B51000D9ED027A77EEC77A87EE897A77EE077AE5
:10B5200017EE900A1CF070FD63A3D3E9002318F016
:10B530005FFB18F0D1FB049B3A90012B1BD0B8F1B4
:10B54000010F00F0858796ED017AD9ED017A77EE4B
:10B55000C77A87EE897A77EE077A17EE900A1CF0A1
:10B5600053FD55A3D3E9002318F042FB18F0B4FBB8
:10B57000049B3990C3B1B8F1000F15D096ED007A55
:10B58000D9ED007A77EEC77A87EE897A77EE077A77
:10B5900017EE900A1CF038FD47A3D3E9002318F0FA
:10B5A00027FB18F099FB38900C9B189A002BA7F1F9
:10B5B00002032493199BD2F800C00E9A06EB830372
:10B5C0001D681768D9F80000D9F80410D9F80820C8
:10B5D000D9F80C3032AC0FC4D9F81000D9F81410D7
:10B5E00032AA0DEB0B035A4403C41E92C3F8C8C021
:10B5F00032AA0DEB0A035244C3F8C870199B1F927C
:10B600003EAA02EB830343F8305CCCBF01234FF02A
:10B61000FF332593049B38EEA8DA052BDFF8ACC086
:10B6200000F0F284C346B246CDF8A890CDF898C099
:10B63000BBF1050F00F0A187DDED377A9DED3D7A76
:10B6400077EE877A049BCDED377A042B00F05D8787
:10B65000BBF1040F00F07287DDED367A9DED3C7A88
:10B6600077EE877A032BCDED367A00F0CD87BBF1EC
:10B67000030F00F0A787DDED357A9DED3B7A77EE7D
:10B68000877A022BCDED357A40F02484BBF1010F8F
:10B6900000F03684DDED337A9DED397A77EE877AE6
:10B6A000CDED337ABBF1000F40F02A8412E000BFE9
:10B6B000182D4454FB211940182D4454FB210940F6
:10B6C000BD370635A03B0020284000204464002000
:10B6D000BD370635049B8DF8BDB08DF8BC30199B85
:10B6E0008DF8BE301A9B18681CF08EFC1B9B06461A
:10B6F00018680F4601F100491CF086FC0446189BAF
:10B700000D46186801F10043149415931CF07CFC5D
:10B7100032463B4618F044FA0E9BCDE916011868F4
:10B720001CF072FC22462B4618F03AFAB0460F463F
:10B7300006461E9BCDE9206718681CF065FCDDE914
:10B74000162318F041FA1F9B044618680D461CF09A
:10B750005BFC32463B4618F037FA224606460F4657
:10B760002B464046494618F043FA32463B46CDE95F
:10B770001C01DDE9140118F03BFA02460B46DDE935
:10B780001C0118F00DFA32463B4606460F4640466D
:10B79000494618F02DFA22462B4604460D46DDE9AF
:10B7A000140118F025FA02460B462046294618F0E7
:10B7B0000BFA3B46324618F0D5FF18F08DFA0C9B79
:10B7C00009EE900A002B40F3DE835FED3F7AF4EE42
:10B7D000E79AF1EE10FA0AD81CF016FCBAA3D3E9E6
:10B7E000002318F0DDF918F077FA09EE900A099DA8
:10B7F0006B7D5E0740F19E83269BB0EE4D9AD3EDA4
:10B80000027AB4EEE7DAF1EE10FA40F3D1833DEEBE
:10B81000677AF6EE00DA67EE277A69EEADDAF5EED2
:10B82000407A6DEEA8DAF1EE10FAF0EEEDDA01F101
:10B830004F85B1EEE77ACDEE877AFBFE677AFCEEB4
:10B84000E77A17EE903A002B00F0B2830999F8EEF0
:10B85000677A0A7D940608D591ED007A27EE277A5B
:10B8600081ED007A22F020020A75BBF1050FC9EEC6
:10B87000A7EA00F05187DAED056A9DED377A37EED9
:10B88000667A049AC7EE27BA042A01F04483BBF112
:10B89000040F01F05D84DAED046A9DED367A37EE2F
:10B8A000667A032AC7EE27CA01F04C84BBF1030F66
:10B8B00001F05C83DAED036A9DED357A37EE667A46
:10B8C000022A87EE27CA41F0FD82BBF1010F41F049
:10B8D0002B84DAED006A9DED327A37EE667AC7EE98
:10B8E00027AAF0EE007ADFED7A6AEEEEEE7AB1EE9C
:10B8F000007AB6EE006A37EE877A6EEEA66A67EED9
:10B90000867A012BCDED2C7A66EE877A00F0508393
:10B91000012500225746CDED2D7AAA461C922B9385
:10B9200091E02D981CF070FBCDE922012C981CF0C1
:10B930006BFBDDE9222304460D464046494618F0DC
:10B9400057F922462B46CDE92801DDE9140118F00C
:10B950004FF902460B46DDE9280118F021F918F0ED
:10B96000BBF922462B4606464946404618F040F9A8
:10B97000DDE9222304460D46DDE9140118F038F90B
:10B980000B4602462946204618F01EF980463046EE
:10B9900089461CF039FB1C9BCDE9140101331C9333
:10B9A0004246DDE916014B4618F0FAF818F094F912
:10B9B000189B1860DDE91423DDE9200118F0F0F888
:10B9C00018F08AF90E9BBBF1050F186000F0D287C2
:10B9D000D7ED057A77EEAB7A049BC7ED057A042B99
:10B9E00000F0B487BBF1040F00F06187D7ED047A53
:10B9F00077EEAC7A032BC7ED047A00F09C87BBF19D
:10BA0000030F00F05D87D7ED037A77EE8C7A022B77
:10BA1000C7ED037A41F04F80BBF1010F41F0618027
:10BA2000D7ED007A77EEAA7AC7ED007A3846099901
:10BA3000FFF7D6FB002801F0A5812B9B0AF1010A34
:10BA4000534500F0B4821C9B0C2B7FF46AAF07EEC9
:10BA500090AAF8EE677A67EEAE7A17EE904A204623
:10BA600019F04DFB0EEE100A204619F045FB1B9B0A
:10BA70000DEE900AD3ED009A1A9B2DEEA97AD3ED24
:10BA8000007AA7EECE7AB1EE67FA69EECE9A17EE9B
:10BA9000100A1CF0B9FAEDEE8F9A804619EE900A62
:10BAA00089461CF0B1FA0023CDE914011C9377E715
:10BAB0001CF0AAFA04A3D3E9002318F071F818F0D7
:10BAC0000BF908EE100A69E4182D4454FB211940C3
:10BAD000ABAA2A3E38EEA89ADFF854C49CED027A4D
:10BAE000B4EEC97AF1EE10FA40F1688139EE479A66
:10BAF000F6EE007A29EE079A68EE277AB5EE409ABC
:10BB000067EEA88AF1EE10FAF0EEE88A01F1D88328
:10BB1000B1EEC97AC8EE877AFBFE677AFCEEE77A67
:10BB200017EE903A002B00F049810999F8EE677AF8
:10BB30000A7D900608D591ED007A27EE277A81EDEF
:10BB4000007A22F020020A75049A88EE279A052AC4
:10BB500000F0F587B8F1050F01F00281D6ED056A16
:10BB600099ED057A37EE667AC7EE276A042ACDED9D
:10BB70003D6A01F0C780B8F1040F00F0B085D6ED42
:10BB8000046A99ED047A37EE667AC7EE276A049A5A
:10BB9000CDED3C6A032A00F08E85B8F1030F01F069
:10BBA0006C81D6ED036A99ED037A37EE667AC7EEBB
:10BBB000276A049ACDED3B6A022A01F00081B8F1B0
:10BBC000020F01F05581D6ED026A99ED027A37EE47
:10BBD000667AC7EE276A049ACDED3A6A012A0FD039
:10BBE000B8F1010F00F07685D6ED016A99ED017A82
:10BBF00037EE667AC7EE276A049ACDED396A62B1EC
:10BC0000B8F1000F09D0D6ED006A99ED007A37EE51
:10BC1000667AC7EE276ACDED386AF0EE007ADFED7E
:10BC2000C26AE9EE497AB1EE007AB6EE006A37EE02
:10BC3000877A69EE266A67EE867ACDED197A66EE26
:10BC4000877A012BCDED167A00F0B880049A4FF078
:10BC5000000B052A4FF0010A00F07687CDF87090AE
:10BC6000B14614935C465546DDE90AAB0C2C00F056
:10BC7000888516981CF0C8F9064619980F461CF0DE
:10BC8000C3F952465B46CDE90C0130463946CDE951
:10BC90000A6717F0ADFFDDE9062306460F46DDE92A
:10BCA0000C0117F0A5FF02460B463046394617F047
:10BCB00077FF18F011F852460646DDE90C015B46A5
:10BCC00017F096FFDDE90623B2460F460646DDE98A
:10BCD0000A0117F08DFF02460B463046394617F031
:10BCE00073FF024650468B4692461CF08DF9CDE913
:10BCF000060101345246DDE910015B4617F050FFA2
:10BD000017F0EAFF189B1860DDE90623DDE9120150
:10BD100017F046FF17F0E0FF0E9BB8F1050F186013
:10BD200000F06085D9ED057A9DED3D7A77EE877A52
:10BD3000049BC9ED057A042B00F08284B8F1040F4E
:10BD400000F0D485D9ED047A9DED3C7A77EE877AC0
:10BD5000032BC9ED047A00F06885B8F1030F00F0F9
:10BD60007C85D9ED037A9DED3B7A77EE877A022BBD
:10BD7000C9ED037A00F06485B8F1020F00F0778511
:10BD8000D9ED027A9DED3A7A77EE877A049BC9ED78
:10BD9000027A012B40F06C84B8F1000F40F07084FF
:10BDA00048460999FFF71CFA002800F03A86149BD0
:10BDB0000135AB427FF45AAFDDF8709048460999DF
:10BDC0003FB0BDEC108BBDE8F04FFFF709BADFEDD7
:10BDD000577AB4EEE78AF1EE10FAFFF6DFAA1CF00C
:10BDE00013F94DA3D3E9002317F0EEFE17F074FF0B
:10BDF00008EE100AFFF7D2BAB8F1040F38D096ED6A
:10BE0000047AD9ED047A77EEC77A87EE897A77EEED
:10BE1000077A17EE900A1CF0F7F841A3D3E9002344
:10BE200017F0E6FE17F058FFB8F1030F3C907FF4CF
:10BE30004FAB96ED027AD9ED027A77EEC77A87EEAC
:10BE4000897A77EE077A17EE900A1CF0DDF834A3B2
:10BE5000D3E9002317F0CCFE17F03EFF049B3A9085
:10BE6000012B7FF470ABFFF789BB032B3FF44EAB84
:10BE700096ED037AD9ED037A77EEC77A87EE897A61
:10BE800077EE077A17EE900A1CF0BEF824A3D3E9E8
:10BE9000002317F0ADFE17F01FFF049B3B90022B11
:10BEA0007FF434AB96ED017AD9ED017A77EEC77A5B
:10BEB00087EE897A77EE077A17EE900A1CF0A4F8DD
:10BEC00017A3D3E9002317F093FE17F005FF39906D
:10BED000FFF751BBBBF1020F00F07E83DDED347A3A
:10BEE0009DED3A7A77EE877A012BCDED347A3FF4E7
:10BEF000D9ABBBF1010F40F09683002B3FF4EAABC6
:10BF0000DDED327A9DED387A77EE877ACDED327AB3
:10BF1000FFF7E0BBAFF30080182D4454FB2119401C
:10BF2000182D4454FB210940ABAA2A3EBD3706B563
:10BF300044640020304AD2F80C41002C3FF45CAC41
:10BF400043F004036B75DDE9160117F0C5FE309070
:10BF5000DDE9200117F0C0FECDED008A259B319070
:10BF600002932F9B5146ADF804301B0C8DF8063020
:10BF7000224B32A8039330AB0CCBA0476B7D60F310
:10BF800041036B7538E4DFED1E7AF4EEE79AF1EECB
:10BF900010FAFFF62CAC1CF037F815A3D3E90023F8
:10BFA00017F012FE17F098FE09EE900A1FE4BA4649
:10BFB000099932A8FFF714F9249E32AC0FCC751EF4
:10BFC000CAF80000CAF80410CAF8082003CCCAF85E
:10BFD0000C30CAF81000CAF81410002E40F011837B
:10BFE000D8465646DDF8A890DDF898C076E500BF43
:10BFF000182D4454FB211940A03B0020284000206C
:10C00000BD3706B5BD370635CDF8A890B246C14656
:10C01000CDF898C0B9F1040F00F09787DDED367ABE
:10C020009DED3C7A77EE877AB9F1030FCDED367A44
:10C0300000F09683DDED357A9DED3B7A77EE877AD9
:10C04000B9F1020FCDED357A40F09F86DDED337A00
:10C050009DED397A77EE877ACDED337ADDED327A60
:10C060009DED387A77EE877ACDED327A049B8DF8A4
:10C07000BD908DF8BC30199B8DF8BE301A9B1868A6
:10C080001BF0C2FF06461B9B0F46186801F10043D8
:10C09000229623931BF0B8FF0446189B0D461868A0
:10C0A00001F10043209421931BF0AEFF32463B4642
:10C0B00017F076FD0E9BCDE9140118681BF0A4FF64
:10C0C00022462B4617F06CFD06460F461E9BCDE917
:10C0D000166718681BF098FFDDE9142317F074FD4C
:10C0E0001F9B044618680D461BF08EFF32463B46E8
:10C0F00017F06AFDDDE9202306460F4617F078FDAC
:10C10000DDE92223CDE91C012046294617F070FD08
:10C1100002460B46DDE91C0117F042FD02460B46C4
:10C120003046394616461F46DDE9222317F060FDEA
:10C1300002460B462046294614461D46DDE92023CB
:10C1400017F056FD02460B462046294617F03CFDE7
:10C150003B46324618F006FB17F0BEFD0C9B09EE7D
:10C16000900A002B40F370845FED5A7AF4EEE79A60
:10C17000F1EE10FA0BD81BF047FF0FF24043D3E962
:10C18000002317F00DFD17F0A7FD09EE900A099D99
:10C190006B7D5A0740F11B84269BB0EE4D9AD3ED80
:10C1A000027AF4EECD7AF1EE10FA40F164843DEEBD
:10C1B000677AF6EE00BA67EE277A69EEABBAF5EE6B
:10C1C000407A6BEEA8BAF1EE10FAF0EEEBBA58BF77
:10C1D000B1EEE77A01F18480CBEE877AFBFE677AD5
:10C1E000FCEEE77A17EE903A002B00F04484099AAF
:10C1F000F8EE677A127D970609D5099922F0200298
:10C2000091ED007A27EE277A81ED007A0A75B9F16F
:10C21000040F89EEA7EA01F03580DAED046A9DED9E
:10C22000367A37EE667AB9F1030FC7EE27CA01F006
:10C230001780DAED036A9DED357A37EE667AB9F14B
:10C24000020F87EE27CA40F0D787DAED016A9DED2D
:10C25000337A37EE667A87EE27AADAED006A9DED2B
:10C26000327A37EE667AC7EE27AAF0EE007AF1EE60
:10C27000006AEEEE4E7A9FEDD07AB6EE006A77EE67
:10C28000A66A2EEE077A67EE867ACDED2B7A66EEF9
:10C29000877A012BCDED2C7A00F0ED83DDE9226762
:10C2A0004FF0010B4FF000085D461C46C34680E08E
:10C2B0002C981BF0A9FECDE91C012B981BF0A4FEC5
:10C2C000DDE91C23CDE922013046394617F090FC08
:10C2D000DDE92223CDE92801DDE9200117F088FC02
:10C2E00002460B46DDE9280117F05AFC17F0F4FC72
:10C2F000DDE9222380463946304617F079FCDDE936
:10C300001C2306460F46DDE9200117F071FC0246AA
:10C310000B463046394617F057FC064640460F4656
:10C320001BF072FECDE920010BF1010BDDE91423B6
:10C330003046394617F034FC17F0CEFC189B1860D5
:10C34000DDE91623DDE9200117F02AFC17F0C4FC13
:10C350000E9BB9F1040F186000F04885DAED047AFD
:10C3600077EEAC7AB9F1030FCAED047A00F03085AC
:10C37000DAED037A77EE8C7AB9F1020FCAED037A1F
:10C3800040F08A85DAED017A77EE8A7ACAED017A91
:10C39000DAED007A77EEAA7ACAED007A504609996A
:10C3A000FEF71EFF002800F0B4860135A54200F01C
:10C3B0006083BBF10C0F7FF47BAF07EE905AF8EE71
:10C3C000677A67EE8E7A17EE906A304618F097FE1D
:10C3D0000DEE900A304618F08FFE1B9B0BEE900A74
:10C3E000D3ED009A1A9B2BEEA97AD3ED007AA7EE33
:10C3F000ED7AF1EE67EA69EEED9A17EE100A1BF09E
:10C4000003FEEBEEAE9A064619EE900A0F461BF0BD
:10C41000FBFD4FF0000BCDE9200187E7B8F1020FDB
:10C4200057D196ED017AD9ED017A77EEC77A87EE8A
:10C43000897A77EE077A17EE900A1BF0E5FD5CA388
:10C44000D3E9002317F0D4FB17F046FC049B399086
:10C45000002B7FF493A8FFF7A7B8B8F1030F3FF4C0
:10C46000E8AC96ED037AD9ED037A77EEC77A87EEDA
:10C47000897A77EE077A17EE900A1BF0C5FD4CA378
:10C48000D3E9002317F0B4FB17F026FCB8F1020F34
:10C490003B907FF43BA8C4E7042B3FF419A896ED2A
:10C4A000047AD9ED047A77EEC77A87EE897A77EE47
:10C4B000077A17EE900A1BF0A7FD3DA3D3E90023EE
:10C4C00017F096FB17F008FC049B3C90032B7EF4BE
:10C4D000FFAF96ED027AD9ED027A77EEC77A87EE52
:10C4E000897A77EE077A17EE900A1BF08DFD30A35C
:10C4F000D3E9002317F07CFB17F0EEFBB8F1010F36
:10C500003A907FF420A8FFF739B8BBF1030F00F091
:10C51000C180DDED357A9DED3B7A77EE877ABBF110
:10C52000020FCDED357A16D0DDED347A9DED3A7AF5
:10C5300077EE877ACDED347AFFF7A8B8032B00F0B9
:10C54000A980DDED357A9DED3B7A77EE877A022B77
:10C55000CDED357A5CD1DDED337A9DED397A77EE2C
:10C56000877A9DED387ACDED337ADDED327A77EE4C
:10C57000877ACDED327AFFF7ADB8049B042B00F03B
:10C58000D583DDED367A9DED3C7A77EE877A032B05
:10C59000CDED367AD5D1DDED347A9DED3A7A77EE70
:10C5A000877ACDED347AFFF775B800BFAFF300801E
:10C5B000182D4454FB210940ABAA2A3E182D44549F
:10C5C000FB211940022BC6D0DDED347A9DED3A7A7D
:10C5D00077EE877ACDED347A012B3FF491ACDDED27
:10C5E000337A9DED397A77EE877ACDED337A002B69
:10C5F0003FF470A884E4B8F1010F7FF453ACFEF768
:10C60000BDBF2495FFF714B8BBF1020F8CD1A2E790
:10C61000DDED347A9DED3A7A77EE877A012BCDED18
:10C62000347A3FF46DACDDED337A9DED397A77EEF7
:10C63000877ACDED337A002B3FF44CA8FFF732B860
:10C64000B8F1030F00F02281D9ED037A9DED3B7A1A
:10C6500077EE877AB8F1020FC9ED037A00F0F48023
:10C66000D9ED027A9DED3A7A77EE877AC9ED027AB2
:10C67000B8F1010F40F05181049B002B3FF490ABC7
:10C68000D9ED007A9DED387A77EE877AC9ED007A98
:10C69000FFF786BB9DED347ADDED337A9DED3A6A86
:10C6A000DDED396A37EE067A77EEA67A8DED347ACB
:10C6B000CDED337A24E4B8F1020F7FF484AAD6EDED
:10C6C000016A99ED017A37EE667AC7EE276ACDEDF9
:10C6D000396A049A002A7FF496AAFFF79EBA032AC1
:10C6E00000F06885D6ED036A99ED037A37EE667A35
:10C6F000C7EE276A049ACDED3B6A022A7FF463AA4B
:10C70000D6ED016A99ED017A37EE667AC7EE276AAF
:10C71000CDED396AFFF774BA049A042A00F08685D1
:10C72000DAED046A9DED367A37EE667A032AC7EEB3
:10C7300027CA00F0F184DAED036A9DED357A37EE11
:10C74000667A022A87EE27CA40F0AD85DAED016AE3
:10C750009DED337A37EE667A87EE27AAFFF7B9B8F0
:10C760009DED347ADDED337A9DED3A6ADDED396A7F
:10C7700037EE067A77EEA67A8DED347ACDED337A00
:10C780006CE407EE905AF8EE677A67EE897A17EE56
:10C79000904A204618F0B3FC08EE100A204618F024
:10C7A000ABFC1B9B08EE900AD3ED009A1A9B29EE76
:10C7B000A87AD3ED007AA7EEC87AB1EE67AA28EE80
:10C7C000698A17EE100A1BF01FFCAAEE288A82461F
:10C7D00018EE100A8B461BF017FC0024CDE9060169
:10C7E000FFF788BA049B042B00F08B81D9ED047A03
:10C7F0009DED3C7A77EE877A032BC9ED047A45D01C
:10C80000D9ED037A9DED3B7A77EE877A022BC9ED5D
:10C81000037A7FF4B5AAD9ED017A9DED397A77EEE6
:10C82000877AC9ED017AFFF7B7BAB8F1020F0BD0DA
:10C83000D9ED027A9DED3A7A77EE877AC9ED027AE0
:10C84000B8F1010FE7D11BE7D9ED017A9DED397AF7
:10C8500077EE877AC9ED017A12E7022BF4D0D9ED91
:10C86000027A9DED3A7A77EE877AC9ED027A012B4A
:10C870003FF406AFD9ED017A9DED397A77EE877AEC
:10C88000C9ED017A002B3FF48BAAF9E699ED027A03
:10C89000D9ED017A9DED3A6ADDED396A37EE067A17
:10C8A00077EEA67A89ED027AC9ED017AE8E6032BE4
:10C8B00000F0BC80D7ED037A77EE8C7AC7ED037A6F
:10C8C000022B3BD0D7ED027A77EE8B7AC7ED027A56
:10C8D000012B3FF4A5A8D7ED017A77EE8A7AC7ED50
:10C8E000017A002B3FF4A2A8FFF79AB8032BCDD012
:10C8F000D9ED037A9DED3B7A77EE877A022BC9ED6D
:10C90000037AA1D0D9ED027A9DED3A7A77EE877A53
:10C91000012BC9ED027A3FF4B3AED9ED017A9DED5A
:10C92000397A77EE877A049BC9ED017A002B3FF4C0
:10C9300037AAFFF731BABBF1020F13D1D7ED017A55
:10C9400077EE8A7AC7ED017AFFF76AB8BBF1030F79
:10C950006CD0D7ED037A77EE8C7ABBF1020FC7ED7E
:10C96000037AEBD0D7ED027A77EE8B7AC7ED027AB5
:10C97000FFF752B8049B042B00F04C82D7ED047AE9
:10C9800077EEAC7A032BC7ED047A4FD0D7ED037A5C
:10C9900077EE8C7A022BC7ED037ACFD0D7ED027AEF
:10C9A00077EE8B7A012BC7ED027A3FF439A8D7EDE9
:10C9B000017A77EE8A7A049BC7ED017A002B3FF467
:10C9C00035A8BBF1000F3FF431A8FFF729B8CA4AD8
:10C9D000D2F80C41002C3FF4DFAB43F004036B753D
:10C9E000DDE9140117F078F93090DDE9160117F050
:10C9F00073F9CDED008A259B319002932F9B514610
:10CA0000ADF804301B0C8DF80630BC4B32A80393F4
:10CA100030AB0CCBA0476B7D60F341036B75FFF728
:10CA2000BBBB3FB0BDEC108BBDE8F08F97ED027A39
:10CA3000D7ED017A37EE0B7A77EE8A7A87ED027AB4
:10CA4000C7ED017AFEF7ECBFDFEDAD7AF4EEE79AC1
:10CA5000F1EE10FAFFF69BAB1BF0D6FAA4A3D3E9D4
:10CA6000002317F0B1F817F037F909EE900AFFF735
:10CA70008EBBCDE92267099932A8FEF7B1FB249E4F
:10CA800032AC0FCC751ECAF80000CAF80410CAF800
:10CA9000082003CCCAF80C30CAF81000CAF81410E9
:10CAA000002E40F09281C8465646DDF8A890DDF889
:10CAB00098C0FFF713B8BBF1020F3FF409AFD7EDF1
:10CAC000027A77EE8B7A012BC7ED027A3FF479AFC9
:10CAD000BBF1010F7FF46BAF002B3EF4A7AFFEF765
:10CAE0009FBFD7ED017A77EE8A7AC7ED017ABBF165
:10CAF000000F3EF49BAFFEF793BF012B3EF43EAD1B
:10CB00008FE4D9ED036A99ED027AD9ED017A9DEDB2
:10CB10003B5ADDED3A5A9DED396A76EE856A37EE7D
:10CB2000257A77EE867AC9ED036A89ED027AC9ED36
:10CB3000017AA5E5022B3EF406ADFFF77AB9B8F10C
:10CB4000040F7FF41CA8CDE5B8F1040F00F0298292
:10CB5000DDE90A455F461493D346CDF81080CDF841
:10CB600070908FE016981BF04FFACDE90A011998E2
:10CB70001BF04AFA80468946DDE9060142464B46EB
:10CB800017F036F8DDE90A23CDE90C0120462946E5
:10CB900017F02EF802460B46DDE90C0117F000F8FD
:10CBA00017F09AF842464B4682462946204617F02F
:10CBB0001FF8DDE90A2380468946DDE9060117F002
:10CBC00017F802460B464046494616F0FDFF04465C
:10CBD00050460D461BF018FACDE9060101372246F2
:10CBE000DDE910012B4616F0DBFF17F075F8189BF6
:10CBF0001860DDE90623DDE9120116F0D1FF17F018
:10CC00006BF80E9B9DED3C7A1860D6ED047A77EEBA
:10CC1000877A049BC6ED047A032B00F01881D6EDC9
:10CC2000037A9DED3B7A77EE877A022BC6ED037A85
:10CC300000F00481D6ED027A9DED3A7A77EE877A9C
:10CC4000012BC6ED027A08D0D6ED017A9DED397A36
:10CC500077EE877AC6ED017A3BB1D6ED007A9DED8D
:10CC6000387A77EE877AC6ED007A30460999FEF772
:10CC7000B7FA00283FF4D5AE149B0BF1010B5B45CE
:10CC80003FF49AA80C2F7FF46DAF07EE90BAF8EE40
:10CC9000677A67EE897A17EE904A204618F02FFAE5
:10CCA00009EE900A204618F027FA1B9B08EE900A1E
:10CCB00093ED008A1A9B28EE887AD3ED007AA7EECE
:10CCC000E97AB1EE67AA28EE698A17EE100A1BF01E
:10CCD0009BF9A8EE8A8A044618EE100A0D461BF04E
:10CCE00093F90027CDE9060179E700BFAFF3008093
:10CCF000182D4454FB211940A03B0020284000205F
:10CD0000BD3706B5B8F1030F7EF44BAFD6ED026A1E
:10CD100099ED027A37EE667AC7EE276A049ACDED6E
:10CD20003A6A012A7EF460AFFEF76DBFDDED356A29
:10CD30009DED347ADDED337A9DED3B5ADDED3A5AC7
:10CD40009DED396A76EE856A37EE257A77EE867A3A
:10CD5000CDED356A8DED347ACDED337AFFF7D0B86D
:10CD6000042A00F01B82D6ED046A99ED047A37EEAE
:10CD7000667AC7EE276A032ACDED3C6A7EF411AFCE
:10CD8000FEF721BFBA46FFF717B9DDED347A9DED06
:10CD90003A7A77EE877AB9F1010FCDED347A3FF424
:10CDA0005DA9DDED337A9DED397A77EE877ACDEDA9
:10CDB000337AB9F1000F7FF451A9FFF757B9B8F1F1
:10CDC000010F7FF49DACFEF71EBF2495FFF722B93B
:10CDD0009AED027ADAED017A37EE0B7A77EE8A7AFB
:10CDE0008AED027ACAED017AFFF7D2BADAED036A68
:10CDF0009AED027ADAED017A76EE8C6A37EE0B7AEA
:10CE000077EE8A7ACAED036A8AED027ACAED017A70
:10CE1000FFF7BEBAD7ED036A97ED027AD7ED017A34
:10CE200076EE8C6A37EE0B7A77EE8A7AC7ED036A74
:10CE300087ED027AC7ED017AFEF7F2BDD6ED017AF1
:10CE40009DED397A77EE877AC6ED017A05E796EDA2
:10CE5000027AD6ED017A9DED3A6ADDED396A37EE58
:10CE6000067A77EEA67A86ED027AC6ED017AF4E6C6
:10CE7000012A7FF424ACFEF7C6BE022A7FF446AF37
:10CE8000D6ED016A99ED017A37EE667AC7EE276A28
:10CE9000CDED396AFEF7B7BEDAED027A77EE8B7A1E
:10CEA000B9F1010FCAED027A3FF472AADAED017A04
:10CEB00077EE8A7ACAED017AB9F1000F3FF46EAAD3
:10CEC000FFF766BABBF1020F5BD0DAED026A9DEDA7
:10CED000347A37EE667A012A87EE27BA05D1BBF19C
:10CEE000000F3EF4FEACFEF7F4BCBBF1010F00F006
:10CEF0005081DAED016A9DED337A37EE667A049A55
:10CF000087EE27AA002A3EF4ECACBBF1000F3EF4FA
:10CF1000E8ACFEF7DEBCBBF1030F00F05781DAEDA1
:10CF2000036A9DED357A37EE667ABBF1020F87EE24
:10CF300027CA3FF40BACDAED026A9DED347A37EE86
:10CF4000667A87EE27BAFEF7C0BC9DED357ADDED37
:10CF5000347A9DED3B6ADDED3A6A37EE067A77EE7C
:10CF6000A67A8DED357ACDED347A1AE7022A3FF4B0
:10CF7000EDABDAED026A9DED347A37EE667A87EE34
:10CF800027BA012A3EF4A5ACDAED016A9DED337AA9
:10CF900037EE667A87EE27AA002A3EF4A2ACFEF7A7
:10CFA00098BCCDF850900C93DDE90A897CE0169886
:10CFB0001BF02AF8CDE9040119981BF025F8DDE9EA
:10CFC000062304460D4616F013FE42464B46CDE9B5
:10CFD0000A01DDE9040116F00BFE02460B46DDE90D
:10CFE0000A0116F0DDFD16F077FE42464B46074675
:10CFF0002946204616F0FCFDDDE9062304460D46D1
:10D00000DDE9040116F0F4FD02460B4620462946F0
:10D0100016F0DAFD8046384689461AF0F5FFCDE96C
:10D0200006010BF1010B4246DDE910014B4616F0FB
:10D03000B7FD16F051FE189B1860DDE90623DDE907
:10D04000120116F0ADFD16F047FE0E9B9DED3B4A1A
:10D05000186096ED036AD6ED026A96ED017AD6ED78
:10D06000007ADDED3A4A9DED395ADDED385A36EE5B
:10D07000046A76EEA46A37EE057A77EEA57A304632
:10D0800086ED036AC6ED026A86ED017AC6ED007A86
:10D090000999FEF7A5F800283FF4C3AC0C9B0AF1F0
:10D0A000010A534500F0A480BBF10C0F7FF47FAF61
:10D0B00007EE90AAF8EE677A67EE897A17EE904A43
:10D0C000204618F01CF808EE100A204618F014F854
:10D0D0001B9B08EE900AD3ED009A1A9B29EEA87AC2
:10D0E000D3ED007AA7EEC87AB1EE67AA28EE698A76
:10D0F00017EE100A1AF088FFAAEE288A804618EE6A
:10D10000100A89461AF080FF4FF0000BCDE90601A6
:10D1100089E7CDE92267B2E4DAED026A9DED347A5F
:10D1200037EE667A87EE27BADAED016A9DED337A3B
:10D1300037EE667A87EE27AABBF1000F3EF4D1AB3B
:10D14000FEF7C7BBBBF1020F7FF4F5AEFFF7FEBAE7
:10D15000032A3BD0DAED036A9DED357A37EE667A25
:10D16000022A87EE27CA3FF4F1AADAED026A9DEDA2
:10D17000347A37EE667A012A87EE27BA3EF4A9ABF5
:10D18000DAED016A9DED337A37EE667A87EE27AAEB
:10D19000049A002A3EF4A5ABFEF79BBBD6ED036ACA
:10D1A00099ED037A37EE667AC7EE276ACDED3B6AD2
:10D1B000FEF709BDD6ED026A99ED027A37EE667A7E
:10D1C000C7EE276ACDED3A6AFEF70EBDDAED025AD8
:10D1D0009AED016ADDED346A9DED337A76EEE56A0B
:10D1E00037EE467A86EEA7BA87EE27AAFEF771BB1E
:10D1F000DDF85090FEF7E2BDDAED026A9DED347A7B
:10D2000037EE667AB9F1010F87EE27BA3FF425A809
:10D21000DAED016A9DED337A37EE667A87EE27AA5A
:10D22000B9F1000F7FF419A8FFF71FB8DAED034A30
:10D230009AED025ADAED015A9DED356ADDED346A58
:10D240009DED337A36EE646A76EEC56A37EE657A1E
:10D2500086EE27CA86EEA7BA87EE27AAFEF739BB65
:10D26000DAED025A9AED016ADDED346A9DED337A0A
:10D2700076EEE56A37EE467A86EEA7BA87EE27AAFB
:10D28000FEF7EBBFDAED035A9AED026ADDED356A7F
:10D290009DED347A76EEE56A37EE467A86EEA7CAD9
:10D2A00087EE27BAB4E7DAED026A9DED347A37EEFD
:10D2B000667A049A87EE27BA012A3EF40AAB18E68A
:10D2C00019EE100A1AF0C4FE07EE100AFEF722BC8F
:10D2D00017EE900A1AF0BCFE07EE100AFEF7ABBA82
:10D2E00017EE900A1AF0B4FE07EE100AFEF774BFAC
:10D2F0002DE9F0412DED108B9FEDA59A144686B0D7
:10D30000EC46DFEDA48AF7EE009ADFEDA3DAB0EE8B
:10D3100049AA06468846106851681D469268E36827
:10D320001C9FACE80F0020696169ACE8030039EE8E
:10D33000289AB4EEE99AF1EE10FA97ED001A97EDFB
:10D34000010A96ED00BA96ED01CA39FE898A79EE96
:10D35000C87AD5ED001AD5ED010A6BEE082A2CEE3D
:10D36000083A61EE086A20EE087AE1EEA76AA0EEBC
:10D37000A77AE1EE272AA0EE273AD4ED00AAD4ED51
:10D3800001BA61EE884A20EE885A68EE222A28EE19
:10D39000033A68EE265A28EE076AE7EEA62AA7EEB9
:10D3A000273AEAEEA74AABEEA75AF0EE656AB0EE6E
:10D3B000467AE7EEA46AA5EE277A68EE222A28EEDE
:10D3C000033A0023B6EE002ADDED00CA9DED01DA36
:10D3D000E7EEA62AA7EE273A53E078EE287A67EE22
:10D3E000827A39EEE77A6BEE276A2CEE276AE1EE55
:10D3F000076AA0EE076A21EE275A60EE275AA1EECF
:10D40000875AE0EE875A61EEA7FA20EEA7FA67EE98
:10D41000A66A27EE866AEAEE87FAA5EE876AABEE81
:10D4200087FA27EEA5EAE7EE056A67EE85EAAFEE32
:10D4300007EAE7EE2FEA67EEA66A27EE866AE7EECE
:10D440002E6AAEEE076A7DEE034A3CEEA24AB0EECB
:10D45000667AF0EE465AA4EE427AE4EEC25AB0EE94
:10D46000C77AF0EEE55A37EE257AB4EECA7AF1EED5
:10D4700010FA0FD9B0EE463AF0EE662AB0EE678A9F
:10D48000012378EE683AF4EEED3AF1EE10FAB0EEE0
:10D49000639AA2DAABB141466846F0EE488ACDED18
:10D4A000002A8DED013AFDF79BFE28B1B4EEE98A22
:10D4B000F1EE10FA3FF53BAF06B0BDEC108BBDE8C6
:10D4C000F081B0EE005AF6EE005A59E0F0EE687ABC
:10D4D000E3EE857AF4EEE97AF1EE10FADBDA39EE72
:10D4E000E77A2BEE276A6CEE276AA1EE076A61EEF7
:10D4F00027EAE0EE076AE1EE87EA60EE273A21EEDE
:10D50000A7EA27EE866AE0EE873AAAEE87EAA7EE58
:10D510002E6A20EEA72A67EEA66A27EEAE4AABEE89
:10D52000872AA7EE0E4AE3EE876A67EEA34A27EE44
:10D53000866AE2EE074AA7EE046A67EEA66AE4EEA0
:10D54000876A7CEE864AB0EE627A3DEE264AA4EE09
:10D55000E57AF0EE434AE4EE654AB0EEC77AF0EEC3
:10D56000E44A37EE247AB4EECA7AF1EE10FA92DC8D
:10D57000B0EE678AB0EE663AF0EE462A77EEE83A09
:10D58000F4EECA3AF1EE10FAB0EE639A9ED982E751
:10D59000CDCCCC3D000000006F12033B2DE9F04FD5
:10D5A0002DED048B85B09DF84A80149D4FEA880AC2
:10D5B00003EB880895ED057AD8ED007AF4EEC77A8A
:10D5C000F1EE10FA9DF848401E46137D03949DF835
:10D5D000494043F001030294834614468946139F51
:10D5E000137500F1B980AB7ED9F80020D9F8080096
:10D5F000D9F80C10012BD9F8043008BF95ED059A25
:10D60000B060F16032607360D9F81020D9F814303E
:10D610002146326173613046C8ED007A18BFB0EE22
:10D62000679AFDF7DDFD002875D07B1E0193002F62
:10D630005FD0BBF1490F00F09A800027AA4498ED13
:10D64000008AD5ED057AB4EEE78AF1EE10FA00F320
:10D6500018819AED007AB4EEC87AF1EE10FA1FD470
:10D660006AE06B7E2BB120693A464FF00001436AB5
:10D670009847237D2A7E214662F3000388ED009AB5
:10D6800030462375FDF7ACFD002844D06B7E002B9F
:10D6900046D19AED007AB4EEC78AF1EE10FA4BDD6E
:10D6A000D5ED037A38EE678AB4EEC78AF1EE10FA48
:10D6B00048BFB0EE478A237D214623F0010323753E
:10D6C000304688ED008AFDF78BFD20B3D5ED048A46
:10D6D000F5EEC08AF1EE10FAC3DD1AF0C1FC0228A3
:10D6E000BFD003F0E7F8002118EE900A01F0C6F869
:10D6F000B7E732687368B068F168C9F80020C9F804
:10D700000430C9F80800C9F80C1032697369C9F807
:10D710001020C9F8143005B0BDEC048BBDE8F08FC3
:10D72000E268217920690BF043F89AED007AB4EEB3
:10D73000C78AF1EE10FAB3DC237D43F001032375B1
:10D74000019B002BD5D07C4B1B79002B40F0D28065
:10D75000019B013B019372E788ED007A1146304648
:10D76000FDF73EFD0028D6D0D8ED007A3BE74FF01C
:10D77000000B98ED008AD5ED057AB4EEE78AF1EE5C
:10D7800010FA00F38A8005EB0A0797ED007AB4EEF1
:10D79000C87AF1EE10FA4CD5D5ED037A38EE678AE7
:10D7A000B4EEC78AF1EE10FA48BFB0EE478A237D87
:10D7B000214623F001032375304688ED008AFDF7EA
:10D7C0000FFD0028A7D0D5ED048AF5EEC08AF1EE52
:10D7D00010FA3DDC6B7E2BB120695A464FF00001F8
:10D7E000436A9847D8ED007A97ED007AF4EE477ACD
:10D7F000F1EE10FA17BF514BF0EE497A93ED037A30
:10D8000077EE877A237D2A7EC8ED007A62F30003E3
:10D81000214630462375FDF7E3FC00283FF47BAF3B
:10D820006B7E0BBB97ED007AB4EEC78AF1EE10FA6F
:10D83000B2DC237D43F001032375019B002B3FF4F1
:10D8400058AF3D4B1B79A3BB019B013B019390E774
:10D850001AF006FC0228BDD003F02CF8002118EEC7
:10D86000900A01F00BF8B5E7E268217920690AF027
:10D870009FFF97ED007AB4EEC78AF1EE10FA8BDCC9
:10D88000D7E7C8ED007A21463046FDF7A9FC00280D
:10D890003FF441AF98ED008ADBE6C8ED007A2146FF
:10D8A0003046FDF79DFC00283FF435AF98ED008A27
:10D8B00069E7039B029906EB830205EB830393ED73
:10D8C000007AD2ED007A77EE877AC2ED007A06EB25
:10D8D000810305EB810797ED007AD3ED007A77EEAF
:10D8E000877A21463046C3ED007AFDF779FC00289F
:10D8F000AAD110E7039B029906EB830205EB830391
:10D9000093ED007AD2ED007A77EE877AC2ED007A55
:10D9100006EB810305EB810C9CED007AD3ED007AD8
:10D9200077EE877A21463046C3ED007AFDF758FC42
:10D9300000287FF40DAFEEE6D04A002044640020BA
:10D94000D2ED057AB7EE007AC7EE277A2DE9F04FCF
:10D9500092ED087A17EE908ADFEDA97A2DED088B0B
:10D9600067EE277A0F4692F82CA089B01AF0010BC7
:10D9700018BFD2ED078A044608BFDFEDA28A17EE72
:10D98000900A1AF0020A1546994692ED038A14BFCE
:10D9900092ED079A9FED9B9A17F0CEFC97ED02BA95
:10D9A0000AEE900A95ED04AAF0EE4B9A0026EAEEF4
:10D9B0002A9A38687968BA68FB680DF1080CACE8F7
:10D9C0000F0038697969ACE80300013607EE906A08
:10D9D000F8EE677A414617EE900A17F0B1F807EEB5
:10D9E000900A68EE277AB4EEE7AAF1EE10FAECDCC2
:10D9F00095ED01AA3AEE4BAAB5EEC0AAF1EE10FAE7
:10DA0000AA6A08DDBBF1000F01D0F1EE688ABAF115
:10DA1000000F40F0F18095ED067AB5EE407A78EE91
:10DA2000897AF1EE10FA37EE8AAA07D027EE0A7A41
:10DA30007AEE677AC7EE276AC5ED066AF5EE40AA68
:10DA4000F1EE10FA237D43F00103237540F0DC80F2
:10DA5000961918BF4FF0010A00F0B380D5ED027A95
:10DA600095F82C3078EE277ADA0748BF95ED046AEE
:10DA700097ED007AD5ED096A4ABF77EEC67AA6EE31
:10DA8000A77AA7EEA67A214602A88DED027AFDF7C5
:10DA9000A7FB002800F0958002F00CFF002800F0A2
:10DAA000A080217D2279237E21F0010143F0020331
:10DAB00042F0800221752271237695F82C30DB0725
:10DAC00015D59DED047ADDED027A95ED096AD5ED67
:10DAD000046A37EE687AE6EE267A214602A88DEDD2
:10DAE000047ACDED027AFDF77BFB002869D0DDEDED
:10DAF000047A77EE8A7A214602A8CDED047AFDF702
:10DB00006FFB00285DD095F82C30980715D5DDED1A
:10DB1000027A9DED047A95ED046AD5ED096A37EE37
:10DB2000497AE6EE667A214602A88DED047ACDEDBB
:10DB3000027AFDF755FB002843D002F0BBFE002817
:10DB400055D0227D237942F0010223F0800356450F
:10DB5000227523713AD00AF1010A07EE90AAF8EE75
:10DB6000677A414617EE900A95ED038A16F0E8FFB2
:10DB700007EE100AD5ED047A28EE078AB4EEE78A9C
:10DB8000F1EE10FA58BFB0EE678AD5ED096A97ED4D
:10DB9000007A78EE677AA7EEA67A214602A88DED84
:10DBA000027AFDF71DFB60B1237E214669F3410334
:10DBB000237602A8CDED049AFDF712FB00287FF42E
:10DBC0004DAF09B0BDEC088BBDE8F08F3B68214636
:10DBD00002A80293FDF704FB09B0BDEC088BBDE879
:10DBE000F08F1AF03DFA00283FF45BAFE9E71AF036
:10DBF00037FA0028A5D0E4E7B1EE499A0BE700BF59
:10DC000035FA8E3C00000000F0EE697AE8EE6A7AA0
:10DC1000214602A80192CDED047AFDF7E1FA019ABE
:10DC20000028CED09619CCD0F1EE6AAA4FF0010AA6
:10DC3000D5ED027A95F82C3078EE277AD90748BFCF
:10DC400095ED046A97ED007A48BF77EEC67AD5ED78
:10DC5000096AA7EEA67A214602A88DED027AFDF7A1
:10DC6000BFFA0028ADD002F025FE002800F0998010
:10DC7000217D2379227E43F0800342F0020221F0CD
:10DC8000010122762175237195F82C30DA0715D51C
:10DC90009DED047ADDED027A95ED046AD5ED096A11
:10DCA00037EE687AE6EE267A214602A88DED047AF0
:10DCB000CDED027AFDF794FA002882D0DDED047AEA
:10DCC00077EE8A7A214602A8CDED047AFDF788FA2C
:10DCD00000283FF476AF95F82C309B0716D5DDED84
:10DCE000027A9DED047A95ED046AD5ED096A37EE66
:10DCF000497AE6EE667A214602A88DED047ACDEDEA
:10DD0000027AFDF76DFA00283FF45BAF02F0D2FD16
:10DD100000284CD0227D237942F0010223F08003B9
:10DD20005645227523713FF451AF0AF1010A07EEFF
:10DD300090AAF8EE677A414617EE900A95ED038AAD
:10DD400016F0FEFE07EE100AD5ED047A28EE078ADB
:10DD5000F4EEC87AF1EE10FA38FE278AD5ED096A9A
:10DD600097ED007A78EE677AA7EEA67A214602A8A8
:10DD70008DED027AFDF734FA00283FF422AFF0EE81
:10DD8000697AEAEE887A237E214669F34103237695
:10DD900002A8CDED047AFDF723FA00287FF448AFFE
:10DDA0000FE71AF05DF900283FF462AF09E71AF0B7
:10DDB00057F90028AED004E78C46838A70B543F447
:10DDC000C26343F00403096E8382DCF8CC301E4C3E
:10DDD000C361016094F87A3105465B071FD51B4B80
:10DDE0000CF1940411462046D3F81031184A984794
:10DDF00029462046FDF7F4F91AF032F930F40073A1
:10DE000001D0002070BD01F041F90028F9D0202098
:10DE10000BF060F90CF002FD0CF042FBF1E70D4B4A
:10DE200093F8E11061B1094A0CF19404D2F8086149
:10DE3000204601227033B0470028D9D10F2070BD91
:10DE40000CF19404D4E700BF44640020A03B002000
:10DE500028400020B83F002010B504461AF000F911
:10DE6000022800D110BD02F025FD2046BDE810407B
:10DE7000002100F003BD00BF2DE9F04F89B004463A
:10DE80000F4690461AF0ECF8022800F0FA80DFF80E
:10DE9000B4B29BF87531DA0700F1CD80A94DDFF8F7
:10DEA000D09204F1180636ED017AD5ED347A67EE9A
:10DEB000277A17EE900A1AF097F8A642A5F12005E6
:10DEC00049F8040DEFD1A04BA04E93F8203086F80E
:10DED0002A3002F0EFFC0546002800F0A880DFF8A9
:10DEE0007C92D9F8B0304BB11AF0BAF8B0F5007F97
:10DEF00004D096F854309B0740F0CF800025009561
:10DF0000D9F8B430002B6ED002A891490EF04EFC27
:10DF100094ED057ADDED075AD4ED047A9DED066A9D
:10DF200037EE657ADFED8B6AB0EEC77A77EEC67AA8
:10DF3000B4EEE67AF0EEE77AF1EE10FAF4EEE67A75
:10DF4000DDED056AD4ED037A77EEE67A9FED817A0E
:10DF5000F0EEE77ACCBF01200020DDED046AF1EE9F
:10DF600010FAF4EEC77AD4ED027A77EEE67A9FEDF6
:10DF7000797AF0EEE77A4FEA4010C8BF40F010001F
:10DF8000DDED036AF1EE10FAF4EEC77AD4ED017A12
:10DF900077EEE67A9FED6F7AF0EEE77AC8BF40F051
:10DFA0000800DDED026AF1EE10FAF4EEC77AD4ED66
:10DFB000007A77EEE67A9FED677AF0EEE77AC8BFEF
:10DFC00040F00400F1EE10FAF4EEC77AC8BF40F05A
:10DFD0000200F1EE10FA3A462146D9F8B430C8BF33
:10DFE00040F001009847337ADFF888A123F002035C
:10DFF00001213372C8F3C000DAF80C319847DAF81F
:10E000001031984700F00303022B1CD00421DAF8EA
:10E0100048305148984702F0E7F80021DAF80C310F
:10E02000084698478DBBD9F8B83003B1984702200D
:10E0300009B0BDE8F08F494B00212046D3F81031DC
:10E04000474A98472AE7394620460193FDF7C8F822
:10E050000028ECD0019B43481946012386F8443040
:10E06000DAF84030984707E019F0FAFF30B319F0BA
:10E07000F7FFB0F5007F21D002F0B6F80028F3D109
:10E08000D5E7002009B0BDE8F08F0023009A1946BB
:10E090001846D9F8B040A047C5E733490820D9F859
:10E0A000B0A00EF0C3FB00210123024600900846F9
:10E0B000D0477B7D60F3C3037B7521E796F844303E
:10E0C000012B29D0337A43F0020333720024DAF8AB
:10E0D0000C312146204686F84440984702F084F8E7
:10E0E00035B1234621462046009AD9F8B040A047D2
:10E0F0000CF008FA00F00CFF01F0A6FB9BF96C3164
:10E10000002B1CDBD9F8B83003B19847307AC0F344
:10E11000400009B0BDE8F08F144C18F0100F04F166
:10E120009C070FCF0FC497E8030084E80300CDD10C
:10E130000521DAF8483004F110009847C6E704F0EA
:10E1400081FADFE744640020D04A0020B83F002075
:10E150008040002017B7D13804400020A03B0020A9
:10E1600028400020004000200000A040E43F0020A4
:10E17000FC3F0020C83C002010B50D4C82B0237835
:10E1800013B1002002B010BD00F0F8FF0028F8D055
:10E19000A37A019023F0050343F00403A3720CF06B
:10E1A000E5FA0CF03BFB0CF07BF9019802B010BDD6
:10E1B000B83F002010B5044602F07CFB024B1A78F1
:10E1C00002B95C7710BD00BFB83F002000212DE9E7
:10E1D000F043BD4CBD4B94F8E22183B01960910629
:10E1E0000546C7B228D513F8B81CA3F1C40607BB6F
:10E1F00011BB96F854304FF03F0043F03F0386F8D0
:10E200005430FCF70DF801F0EFFF002800F05781C3
:10E210003F2794F8E2319B0640F1BC80377B3F23D7
:10E22000FF431F400021384686F85430FBF7F8FFC3
:10E23000B0E0394000F0B880D4ED117AF5EEC07A44
:10E24000F1EE10FA40F2C58094F87A31DFF88C8252
:10E250001A070BD598F8083243B9D8F85C309847BC
:10E2600019F0CEFEC0B2002840F01C8104200AF054
:10E2700031FF94F86D1111F0100608D10121944876
:10E28000D8F8403098473146924800F0F7FA0AF043
:10E29000C9FB00285ED1D8F878309847C0B2002872
:10E2A00060D1002F64D18C4E94F8E67196F854300A
:10E2B000327B23EA020386F85430002F40F08E8030
:10E2C00094F8E791B9F1000F40F0A98094F8E89133
:10E2D000B9F1000F40F0B08094F8E991B9F1000F66
:10E2E00040F0B78094F8EA91B9F1000F40F0BE8099
:10E2F00094F8EB91B9F1000F40F0C18094F87A01E5
:10E300004946D8F8583000F001009847002F40F0F7
:10E31000EF8004200EF018FB94F87A3103F0030329
:10E32000032B09D16D4BDB6D984719F069FE6A4BE1
:10E3300093F8E030034234D1FBF73EFD0025012184
:10E34000674BD3F8AC300BB138469847284603B03A
:10E35000BDE8F083F6F7C0F8D8F878309847C0B237
:10E3600000289ED04FF00000F6F7C6F8002F9AD094
:10E370002846FCF791FD054694F87A014FF000011C
:10E38000D8F8583000F00100984701F02DFFB0B1E7
:10E39000002D37D101F058FA524953480EF006FAD1
:10E3A000B7E700212D25CBE796F854303B4386F89C
:10E3B0005430FBF735FF01F017FF0028EAD1B946CA
:10E3C000474BD3F8AC3013B1002148469847FF259E
:10E3D000BCE70525284603B0BDE8F0833846FCF7C6
:10E3E0005BFD054600283FF46BAF94F87A014FF0CF
:10E3F0000001D8F8583000F00100984701F0F4FE11
:10E400000028DCD019F02CFE042854D0344BD3F86B
:10E41000AC30002B9AD000213846984796E7484602
:10E42000FCF73AFD4F4605460028DED194F8E89106
:10E43000B9F1000F3FF450AF4846FCF72DFD4F46B1
:10E4400005460028D1D194F8E991B9F1000F3FF4C5
:10E4500049AF4846FCF720FD4F4605460028C4D189
:10E4600094F8EA91B9F1000F3FF442AF4846FCF747
:10E4700013FD4F46054600283FF43AAFB5E748463E
:10E48000FCF70AFD0546E8B9014694F87A01D8F888
:10E49000583000F00100984701F0A6FE00288FD008
:10E4A0004F46B6E619F0F0FD01211048D8F8483083
:10E4B0009847FF254AE700200AF00CFEA6E74FF038
:10E4C0003F097DE74F4690E7446400207C400020F0
:10E4D00000400020CDCCCC3DB83F0020C83C0020FF
:10E4E000A03B002080400020444B0020044000203E
:10E4F00001F07AFE00287FF48CAEB94660E700BFD9
:10E50000704700BF00210F4A917320B93023104695
:10E5100000F80D3F704710B40B4C034602F10E009B
:10E520001946A4FB03C2D20802EB820CA3EB4C03F6
:10E530003033092900F8013D1346F1D85DF8044B4A
:10E54000704700BFF0470020CDCCCCCC07EE100ABE
:10E55000B5EEC07A0022F1EE10FA3E4B70B59A7318
:10E560003D4B48BFF1EE477A03EB8103D3ED006AE0
:10E5700058BFF0EE477A77EEA67AFCEEE76A16EE21
:10E58000904A002944D0F8EE666A012977EEE67ACF
:10E5900053D00B46DFED316A023B012B67EEA67AC2
:10E5A000FAD8CB0749D4FCEEE77A17EE903A2C4D17
:10E5B0000139C8B22B4EA5EB000C6A1C002B41D0D0
:10E5C000A6FB03E1C90801EB810EA3EB4E03303338
:10E5D00002F8013D62450B46F0D12B1A2E2203F8BA
:10E5E000012CDCB11F4D581E2146A5FB0423DB087E
:10E5F00003EB8302A4EB4202303209291C4600F8E7
:10E60000012DF1D8B5EEC07AF1EE10FA10D470BD3C
:10E610002E22154B03F8012C002CE3D1B5EEC07A65
:10E620003022F1EE10FAA3F1020003F8022CEED52D
:10E630002D2300F8013C013870BDF2EE046A67EE4C
:10E64000A67AB0E7302302F8013D9445FBD12B1A9E
:10E65000C4E700BFF0470020E4F102100000C84208
:10E66000FD470020CDCCCCCCFE47002010B52E219C
:10E67000044618F065FD88B1204619F0C9FA431E1A
:10E68000E25C2344302A05D1002103F801191A78ED
:10E69000302AFAD02E2A04BF00221A70204610BD5C
:10E6A000F0B50B68C418C35C2D2B4BD02B2B0ABFC5
:10E6B000637804F1010C04F1020C002B40D0002619
:10E6C00035463446B646214F303B092B23D85DBB37
:10E6D0008BB974B30EF1010EBC422AD91CF8013B70
:10E6E0000126002BF0D1ACEB000C0CF1FF331460D1
:10E6F00000200B60F0BD0EF1010EBEF1090FEBD949
:10E70000042BE9D91CF8016BA6F13003002EEAD0E6
:10E71000092BDDD90126023310D17DB91CF8013B4C
:10E7200063B1303B092B09D873B9BC424FF00105E6
:10E73000D4D804EB840403EB4404CFE7002ED2D1F9
:10E740000220F0BD0420F0BD1720F0BD9999991961
:10E750002DE9F0410B68074610F8038000EB030C2D
:10E76000B8F12D0F06D0B8F12B0F03D043460CF1B2
:10E77000010C03E09CF801300CF1020C1846002B50
:10E780004ED0002005460446864606460FE003B9F3
:10E790000CB10EF1010EBEF1090F43D8012004EBBC
:10E7A0008404761B03EB44041CF8013B53B1303B5B
:10E7B000092BECD9023305D125B91CF8013B012501
:10E7C000002BF4D160B307EE904AF8EE677AF5EECD
:10E7D000407AF1EE10FA17D0751C0CDA9FED177A1B
:10E7E000334602335C1C67EE877AFADB02367342EB
:10E7F00023F001031E44731C1AD02EB1B2EE047A2A
:10E80000013E67EE877AFBD1B8F12D0F08BFF1EE1C
:10E81000677AACEB070C0CF1FF33C2ED007A0B60AA
:10E82000BDE8F08115B901200136BDE72846BBE7F8
:10E830009FED037A67EE877AE6E700BF0AD7233CAD
:10E84000CDCCCC3D07EE900AF4EE677AF1EE10FAEB
:10E850000FD6F6EEE76A77EEE67A9FED077AF0EEEE
:10E86000E77AF4EEC77AF1EE10FA4CBF01200020EF
:10E8700070470020704700BF6F12833A07EE900A7E
:10E88000B3EE047A67EE877AFAFE677AFCEEE77AEF
:10E8900038B517EE904A84B10F4D21B101F0CCF993
:10E8A00068B9002038BD01F09FFC0028F9D0002194
:10E8B0003220EB6B9847013CF5D1012038BD0AF0BE
:10E8C000F9FB01460028ECD13220EB6B9847013C64
:10E8D000E4D10120F2E700BFC83C0020D0ED054A9A
:10E8E000DFED2B7A90ED045AF4EE674AD0ED035A2F
:10E8F000F1EE10FAB5EE405A90ED026A18BFE4EE60
:10E90000A47AF1EE10FAF5EE405AD0ED016A18BF84
:10E91000E5EE057AF1EE10FAB5EE406A90ED007A78
:10E9200018BFE5EEA57AF1EE10FAF5EE406A18BFD1
:10E93000E6EE067AF1EE10FAB5EE407A18BFE6EE92
:10E94000A67AF1EE10FA18BFE7EE077AF7EE003A72
:10E95000B1EEE74AC3EE847A034667EEA44A27EE97
:10E96000855A67EEA55A27EE866A67EEA66A27EEF5
:10E97000277A14EE100AC3ED054A83ED045AC3ED5D
:10E98000035A83ED026AC3ED016A83ED007A704792
:10E99000000000000000000030B500249FEDB47BB3
:10E9A00022464FF0FF31B44B944603ED027BA3F1B6
:10E9B000180ECEE90111C3E900449C60AF4C43F846
:10E9C000181CCEF80C1010F8013BE15C490700F16F
:10E9D0008080542B59D000F286802D2B55D03A2BB5
:10E9E00053D053BB0CF1FF31042926D8DFE801F0E6
:10E9F0001D20202090002D2B40F08681A2F2B273C2
:10EA0000812B40F2168110F8013BE25C550700F1C2
:10EA10001A81542B00F0758100F27E812D2B00F0BD
:10EA200070813A2B00F06D813BB900234FF0010C4F
:10EA300000220CF1010C002BC5D1DEE904130B43BD
:10EA4000DEE9020213430343DEE900210B431343D3
:10EA5000002B40F396808A4830BD3A2B40F0E68088
:10EA6000172A40F2AF8010F8013BE25C520700F138
:10EA7000B180542B06D000F225812D2B02D03A2BE9
:10EA800040F002814FF0040C0022BCF1050F00F2AF
:10EA90004C8101A151F82CF0F7E9001087EB001030
:10EAA0001BEB00105BEA0010B1EA001045EB001010
:10EAB0003A2B40F0EC803B2A00F29680CEF80420FE
:10EAC00010F8013BE25C550740F1948000224FF0C2
:10EAD000050C02EB8202A3F1300101EB4202002B94
:10EAE0007FF471AFA9E75A2BA7D10CF1FF310429AC
:10EAF00000F21B8101A555F821F000BF31EA00109A
:10EB000031EA001031EA001031EA001073EB001016
:10EB10003B2A92D8CEF800208FE7542B4FD1002A01
:10EB200073D0DEF81030574D23EAE371012B695C96
:10EB300000F0D580914201D3CEF80C2000224FF096
:10EB4000030C40E710F8013BE25C520700F18580BE
:10EB5000542B00F0B18000F2BE802D2B00F0AC8071
:10EB60003A2B00F0A980002B7FF467AF4FF0060C22
:10EB70005EE73B2A01D8CEF8002000224FF0060CB9
:10EB800021E7002030BD2D2B40F0C980013A0B2A2F
:10EB900000F28080CEF8102010F8013BE25C5107B3
:10EBA0007DD4542B00F0AA8000F2B2802D2B00F00F
:10EBB000A5803A2B00F0A280002B7FF43EAF4FF0EF
:10EBC000020C35E7CEF8082010F8013BE25C510753
:10EBD0007FF54FAF0022A3F1300102EB82024FF02C
:10EBE000040C01EB42027AE710F8013BE25C5107AA
:10EBF0003FF56CAF542B5CD068D82D2B59D03A2BF5
:10EC000057D00022002B85D017E710F8013BE15CBC
:10EC10004D0754D4542B00F085806BD82D2B00F079
:10EC200081803A2B7ED0002B7FF407AF4FF0030C8E
:10EC3000FEE6A2F26C72CEF8142010F8013BE25C02
:10EC400052077FF5E6AE6246A3F1300102EB820285
:10EC50004FF0010C01EB420241E70022A3F1300129
:10EC600002EB82024FF0060C01EB420237E700BFD5
:10EC7000FFFFFFFFFFFFFFFF883B00207918031015
:10EC8000703B0020C0F10210002B7FF4D6AE4FF095
:10EC9000040CCDE610F8013BE25C520781D500225E
:10ECA000A3F1300102EB82024FF0020C01EB4202B1
:10ECB00015E74FF0050CE7E64FF0060CE4E64FF0E1
:10ECC000030C06E75A2B7FF4B8AEE0E75A2B7FF42B
:10ECD000B4AE00224FE75A2B7FF4AFAE46E7DEF822
:10ECE0001430642B3FF426AF03F00303002B08BF5E
:10ECF00001311FE75A2B7FF4A0AE97E74FF0020CCB
:10ED0000C2E64FF0010CBFE662464FF0010C5AE636
:10ED10005A2B7FF492AE52E75A2B7FF48EAE4FF00F
:10ED2000010C85E64FF0030CAEE600220CF1010C5D
:10ED300049E600BF034630B100205A1E134000F1DF
:10ED40000100FAD170477047704700BF064A536808
:10ED50001168994206D0591C01F00F011344187A2A
:10ED60005160704700207047B4490020064A53683C
:10ED70001168994206D0591C01F00F011344187A0A
:10ED8000516070470020704758660020064A53685B
:10ED90001168994206D0591C01F00F011344187AEA
:10EDA0005160704700207047284900200023054823
:10EDB0000549064A436003604B600B605360136073
:10EDC000704700BF2849002058660020B449002041
:10EDD0002DE9F047DFF824A1DFF82481DAF80050AC
:10EDE000D8F80020EF6DBA4245D0D7ED0C7AD7EDB8
:10EDF0000D6A77EEA77A97ED0B7A67EEA67AB4EEF6
:10EE0000E77AF1EE10FA58BFB0EE677AFC6D87ED45
:10EE10000A7AA24263D0DFF8E0901EE094ED0B7A0C
:10EE2000D4ED0A7AF4EE477AF1EE10FA11D0D4ED6F
:10EE30000C6AD7ED0A7A94ED0D6A76EEA66AE6EED4
:10EE4000867AB4EEE77AF1EE10FA77FE877AC4EDAF
:10EE50000A7A9542274610D02C46E56DD9F8003045
:10EE6000AB42DBD100200BF02DFCD8F80020D5E719
:10EE700008B1C8F80060BDE8F087DAF80050136EFA
:10EE8000AB42F8D0D2ED0A7A00201EE0D2ED0C6A37
:10EE900092ED0D6A76EEA66AE6EE867AB4EEE77A31
:10EEA000F1EE10FA18DDC3ED0A7A1E46012093ED4B
:10EEB0000B7AB4EE677AF1EE10FA196E04BF1E46B3
:10EEC0000120A9421A46D3D00B4693ED0A7AB4EE3C
:10EED000E77AF1EE10FAD9DCF0EE477AE7E7064B75
:10EEE0001B689A42CBD100200BF0ECFBD8F8002035
:10EEF000DAF80050C3E700BFEC460020E0460020EF
:10EF0000E4460020014B1868704700BFE846002027
:10EF10002DE9F047DFF82081D8F80050002D51D0BE
:10EF2000DFF818913C4E3D4F3468BCB1D7F800A0D3
:10EF3000544513D00025606D10B116F053FA656585
:10EF4000A06D002839D0F5F7E7FA3368D7F800A0AC
:10EF50001C6E54453460EED1D8F8005000213422A4
:10EF60002F4818F06BF86423D9F8001003FB015305
:10EF7000EB65002942D005F1640301222B662B4684
:10EF80008A42C3F8C03003F1C8000AD00132C3F886
:10EF9000C4008A4203F16403C3F8C03003F1C8001F
:10EFA000F4D1C3F8C45001201E4B2A6E3D601A6094
:10EFB0001D4B35601D60BDE8F087246E54453460FC
:10EFC000B9D1C9E7194B6427DE8ADFF8709034465F
:10EFD00004FB0770C9F8004016F0DCF90546C8F8D4
:10EFE000000068B1A6429DD01149124819F034F8CA
:10EFF000D8F80050002D95D10020DCE72D66D2E72F
:10F00000282C05D9FA2C34BF0A236423E41ADFE73D
:10F01000A642F1D0E8E700BFEC460020E046002021
:10F020007C5300205C520020E44600204464002011
:10F03000248E0210AD230110DC460020E84600209B
:10F0400038B50C4D0C4B2C681B689C4211D0606D80
:10F0500018B116F0C7F900236365A06D10B1F5F77C
:10F060005BFA2C68054A236E11682B60A14208BF29
:10F07000136038BDEC460020E0460020E446002046
:10F08000014B1868704700BFE0460020034A044B5C
:10F0900010681B68834208BF00207047EC460020C0
:10F0A000E0460020044B054A1B6812681B6E9A421A
:10F0B00014BF986A00207047EC460020E04600200C
:10F0C000044A054B10681B68C01AB0FA80F040096A
:10F0D000704700BFEC4600205C52002010B590F84D
:10F0E00020302DED028B5906044690ED108A1DD478
:10F0F00090F94420002A19DBDA0723D51D4B9FED38
:10F100001E7AD3ED057AF8EE677A67EE877A27EEF6
:10F11000888AF7EE007AB4EEE78AF1EE10FA78FE0C
:10F12000277A17EE900ABDEC028B10BD236D0120EB
:10F13000DB6B9847D0ED007A94F8203028EE278AD0
:10F14000DA07DBD4DB060AD40A4B9FED0B7AD3ED4A
:10F15000047AF8EE677A67EE877A28EE278AD4ED8C
:10F160000F7AF4EEC87AF1EE10FA48BFB0EE678A73
:10F17000CFE700BFB83F00200AD7233C2DE9F04F6E
:10F180002DED028B884603466E499BB00C685C22CD
:10F1900000212046019317F051FFD8F80400D8F859
:10F1A0000810D8F80C20D8F810306064A164E2642C
:10F1B0002365D8F814300DF1200E236298F818302A
:10F1C000F146A377D8F81C300DF1380B636298F83C
:10F1D00019305E466377D8E90823C4E9152394F80B
:10F1E0002030062598074CBF574B584BDFED588A07
:10F1F0009C46019B574F03F1180ABCE80F00AEE88C
:10F200000F009CE803008EE8030020E007EE900A60
:10F21000B8EEE77A504980EAE073A3EBE07309782F
:10F2200044F8253021EA020E1143A269C7EE087A9C
:10F23000934238BF1346A361474B0028C6ED057AB9
:10F24000B4BF197083F800E0203F043EDDB197EDB4
:10F25000348A7AED017A68EE277A17EE900A18F070
:10F26000C3FE01225BF8043D013DAA4049F8040DAC
:10F27000C01AD2B2CAD144F82500203FC6ED058A93
:10F28000043E002DE3D1344B1B782377A36C002B75
:10F290004BD05A6993ED046A0DEB8201D1ED086AF7
:10F2A0002C49F8EEE66A01EB4211D1ED0C5A86EEDC
:10F2B000A57A37EE467AB5EEC07AF1EE10FAD3EDC4
:10F2C000037A4FEA820237DDDFED246AD3ED005A7C
:10F2D00027EE267AC5EE876AF4EEE76AF1EE10FAB9
:10F2E0002ADCC4ED136A0199114491ED007A37EEDE
:10F2F000467AB5EEC07AF1EE10FA40F3C3819FED85
:10F30000176AD3ED005A27EE067A85EE876AB4EEC7
:10F31000E76AF1EE10FA00F3B58183ED016AF0EED1
:10F32000467A77EEE67AC3ED027AA069C0B91BB0DF
:10F33000BDEC028BBDE8F08FC4ED137AF0EE676A86
:10F34000D1E700BFE0460020804000207C53002031
:10F35000000000004464002098490020DB0FC940F1
:10F3600000230EA8C8E90833FFF7B8FADDED136AE9
:10F37000F5EE406AF1EE10FA05EE100A606300F057
:10F380008781CF4BDFEDCF7A93ED366A86EE267A12
:10F39000B0EEC77AB4EEE77AF1EE10FA77FE877A2C
:10F3A000DDED125AF5EE405AF1EE10FA0DD0C44BD5
:10F3B00093ED2E6A86EE257AB0EEC77AF4EEC77A20
:10F3C000F1EE10FA58BFF0EE477ADDED114AF5EE96
:10F3D000404AF1EE10FA0DD0B94B93ED266A86EE55
:10F3E000247AB0EEC77AF4EEC77AF1EE10FA58BF7D
:10F3F000F0EE477A9DED104AB5EE404AF1EE10FA74
:10F400000DD0AF4B93ED1E6A86EE047AB0EEC77A4C
:10F41000F4EEC77AF1EE10FA58BFF0EE477ADDED60
:10F420000F3AF5EE403AF1EE10FA0DD0A44B93ED01
:10F43000166A86EE237AB0EEC77AF4EEC77AF1EE5A
:10F4400010FA58BFF0EE477A9DED0E6AB5EE406AAD
:10F45000F1EE10FA0CD09A4B93ED0E3A83EE067A49
:10F46000B0EEC77AB4EEE77AF1EE10FA77FE877A5B
:10F47000F5EE406AF1EE10FAC4ED0C7A00F0058169
:10F480008F4BDFED907A93ED353A83EE267AB0EE2E
:10F49000C77AB4EEE77AF1EE10FA77FE877AF5EEE6
:10F4A000405AF1EE10FA0DD0854B93ED2D3A83EED4
:10F4B000257AB0EEC77AF4EEC77AF1EE10FA58BFAB
:10F4C000F0EE477AF5EE404AF1EE10FA0DD07C4BA3
:10F4D00093ED253A83EE247AB0EEC77AF4EEC77A3C
:10F4E000F1EE10FA58BFF0EE477AB5EE404AF1EE71
:10F4F00010FA0DD0724B93ED1D3A83EE047AB0EE04
:10F50000C77AF4EEC77AF1EE10FA58BFF0EE477AF8
:10F51000F5EE403AF1EE10FA0DD0694B93ED153A45
:10F5200083EE237AB0EEC77AF4EEC77AF1EE10FAE2
:10F5300058BFF0EE477AB5EE406AF1EE10FA0CD003
:10F540005F4B93ED0D3A83EE067AB0EEC77AB4EED8
:10F55000E77AF1EE10FA77FE877A94F82030C4ED5E
:10F560000F7AD90705D4D8ED007A9A0648BF67EE1E
:10F57000857A554A554912680968C4ED107A914256
:10F5800003F0020300F08B80002B40F084809FED9D
:10F59000507A504DB0EE478AD5ED0B7AD5ED0A1A68
:10F5A000A7EEE68A95ED092AA1EEE58AD5ED082AAF
:10F5B000A2EE648A95ED073AA2EEC48A95ED065A4A
:10F5C000A3EE638A9FED441AA5EE468A76EEE77AAB
:10F5D000B4EEC18A75EEE16A74EEC20A34EE620AD4
:10F5E000CDED197ACDED186A76EE457A73EEC36AE1
:10F5F000F1EE10FA8DED160ACDED170ACDED156A74
:10F60000CDED147A52DD84ED0E7A2046FFF766FDCB
:10F6100095ED0C7A07EE900AF4EEC77AF1EE10FA47
:10F62000D4ED0E6ACCBF27EE077A27EEA77AB4EEA8
:10F63000E67AF1EE10FA94F8203076FE876A1B071E
:10F64000C4ED0B6A28630FD4244D0EAC0FCC0FC54C
:10F6500094E8030002AE85E803000FCE283D0FC5F5
:10F6600096E8030085E803001D4B18481A68116EE0
:10F6700002601960FFF7ACFB01201BB0BDEC028BF0
:10F68000BDE8F08FC3ED017A4BE6DFED0E7A06E7B9
:10F69000DFED0C7A84E60023A362A363ECE700228B
:10F6A000A262A263002BE7D10A4DAEE7DFED0D7A2F
:10F6B000B4EEE78AF1EE10FA16D59FED027AA2E7D2
:10F6C000446400209976967EEC460020E0460020B7
:10F6D000000000007C530020EFFF7F3F9453002088
:10F6E0005C520020EFFF7FBF14A8FFF7F7F8DDEDB5
:10F6F000196AF5EE406AF1EE10FA00F09B804F4B6C
:10F70000DFED4F7A93ED366A86EE267AB0EEC77A51
:10F71000B4EEE77AF1EE10FA77FE877ADDED186A3B
:10F72000F5EE406AF1EE10FA0CD0444B93ED2E6AE0
:10F7300086EE267AB0EEC77AB4EEE77AF1EE10FAEA
:10F7400077FE877ADDED176AF5EE406AF1EE10FA82
:10F750000CD03A4B93ED266A86EE267AB0EEC77A45
:10F76000B4EEE77AF1EE10FA77FE877ADDED166AED
:10F77000F5EE406AF1EE10FA0CD0304B93ED1E6AB4
:10F7800086EE267AB0EEC77AB4EEE77AF1EE10FA9A
:10F7900077FE877ADDED156AF5EE406AF1EE10FA34
:10F7A0000CD0264B93ED166A86EE267AB0EEC77A19
:10F7B000B4EEE77AF1EE10FA77FE877ADDED146A9F
:10F7C000F5EE406AF1EE10FA0DD01C4B93ED0E6A87
:10F7D00086EE267AB0EEC77AF4EEC77AF1EE10FA2A
:10F7E00058BFF0EE477AB7EE007AB6EE006A37EE11
:10F7F000488A124B28EE068AD3ED015AB1EEC86A48
:10F8000067EEA57A37EE467A67EE867ADFED0D6A07
:10F8100087EE876AB4EEE66AF1EE10FA54BFF0EEB6
:10F82000467AF0EE667A94F82030C4ED0E7A03F052
:10F83000020337E7DFED027A70E700BF446400207F
:10F840009976967E0000000030B4054C054D0FCD32
:10F850000FC495E8030084E8030030BC704700BF84
:10F860007C530020804000200A4A0B4B12681B6822
:10F870009A4207D309480A490068D21A921001FB3C
:10F88000120070470649981A801001FB00F00138F9
:10F89000704700BFE0460020EC460020E84600200C
:10F8A000295C8FC208B500200AF00CFF064B074AFE
:10F8B0001B681268064993420B6003D0BDE80840FC
:10F8C000FFF786BA08BD00BFEC460020E0460020E6
:10F8D000E44600202DE9F047624D2DED048B6F7F4B
:10F8E00017F0010740F08C80D5F810A0002800F038
:10F8F0008B80C82828BFC8200A2838BF0A2006469F
:10F90000002940F0A48050457AD00F466969DFF89D
:10F910006C91DFF86C814020C5E904610DF014F8AA
:10F92000D9F80040D8F80020944261D0DFED4E8A2B
:10F93000DFED4E9AB7EE009A2BE094F944100029BF
:10F940002DDBD90739D5D5ED057AF8EE677A67EE64
:10F95000A97A27EE888AB4EEC98AF1EE10FA38FE49
:10F96000098AF4EEC88AF1EE10FAD4ED0E7A4CBF93
:10F9700068EEA88A68EE088AF4EEE78AF1EE10FADB
:10F9800077FEA87AC4ED0B7A246E944229D0F0EE6B
:10F99000488A94F8203094ED108A5806CDD5236D0E
:10F9A0000120DB6B9847D0ED007A94F8203028EEE8
:10F9B000278AD907D8F80020C5D4DB0607D4D5EDAF
:10F9C000047AF8EE677A67EEA97A28EE278AD4EDF2
:10F9D0000F7AF4EEC87AF1EE10FA48BFB0EE678AFB
:10F9E000B9E7234B83ED0C8AD9F80030A34220D12C
:10F9F000204CA36B23B1564501D0002098478FB906
:10FA0000BDEC048BBDE8F0870029F9D0642928BF3C
:10FA100064210529564638BF05216B698B42EFD01A
:10FA2000012774E7A36BBDEC048B0020BDE8F04711
:10FA3000184700200AF046FE0F4AD9F8003013603C
:10FA4000D8F800209342D3D0FFF7C2F9D0E7642959
:10FA500028BF6421052938BF052150457FF457AFE1
:10FA6000DBE700BFB83F00209976967E0AD7233C9B
:10FA70007C530020A03B0020E4460020EC46002000
:10FA8000E046002010B504462822002117F0D6FADF
:10FA90000B4B4FF0FF3093F89B306376F4F718FD73
:10FAA000084B627D93F8E130C168B3FA83F35B09D8
:10FAB00063F3410263F382026275216110BD00BFEE
:10FAC000D04A0020B83F002038B52F4BD3F8D030B3
:10FAD00098470D2833DC431C23DB431C0E2B3CD8FA
:10FAE000DFE803F01E3B3B3B3B3B3B3B3B2F3B08F4
:10FAF0003B3B08000022254D254C2B68E254207822
:10FB0000002834D10023234A237082F89A00224A25
:10FB10002B60926890472B6853B900231F4A1370DB
:10FB200038BD1A4D2B6833BB194C5A1C2A60E0545F
:10FB30002378A3F12403B3FA83F35B09EEE77F286C
:10FB40000BD1124A1368002BE7D00021104C013B67
:10FB50001360E154002BEBD1DFE70C4D2B6853B958
:10FB60002028DAD001230A4C2B602070E0E72428FB
:10FB700005D00920C6E7FF2BD6D9054CD8E720468B
:10FB80000CF05CFCBEE700BFC83C0020EC48002045
:10FB90001C510020D04A0020A03B002050720020C1
:10FBA000164B1B780BB10020704710B5044618F0B7
:10FBB00057FAD8B9124B9B6C1B060FD4114B93F814
:10FBC00094206AB193F8243053B92378242B07D1B9
:10FBD00063784A2B04D1A3783D2B01D1002010BDBE
:10FBE0002146064817F03CFF012010BD18F038FAF6
:10FBF00040F221231842DDD1F0E700BF4071002020
:10FC0000B83F0020D04A002010B5094C23780BB92A
:10FC1000637803B110BDFFF739FA0028FAD0054B1D
:10FC200004F148000221BDE810401B6C184700BFDA
:10FC3000B83F0020C83C00202DE9F843A64CE36CF7
:10FC400043B1A64F0021BB6C04F14C00984780469D
:10FC500000284DD10026A36C33B1A04F0021BB6C0E
:10FC60009F489847054600BB9E4E756D18F0F8F901
:10FC7000A84794F82030DF0740F1D98013F004083A
:10FC800000F0CC80990740F18C8018F0E9F910F071
:10FC9000FC0F40F08380237813B10020BDE8F88387
:10FCA000607880F00100BDE8F883C0F34013237151
:10FCB00010F0200340F00182C20600F11F81894E3E
:10FCC000EF0700F12582E80400F11F82A90400F18A
:10FCD00019822A0500F113826B0400F10D8225F4CC
:10FCE000F04020F011000028BFD009F01DFCBCE757
:10FCF000A66C5FFA80F9C6F3401216F02006227156
:10FD000040F0B88148460CF0D7FDB9F1110F00F270
:10FD1000D181754B23FA09F3DB0740F1CB81012533
:10FD2000BB6C414671486F4E65719847B9F10A0F37
:10FD3000F36800F03782B9F1110F40F00182102012
:10FD4000984700236A4A6B4913700B60D7F8D43088
:10FD5000984720217B6C624898470EE0A36CDD0732
:10FD600005D501217B6C5E48984703F033FDFFF712
:10FD7000ABFE4FF48070736D9847A36CC3F34012D1
:10FD800098062270EAD5FB6E984710F4A075E5D16D
:10FD90002946BB6C5548984728467FE70AF03EFD48
:10FDA00079E7FEF7F3FF054600283FF46EAFDFF872
:10FDB00048814A4F98F825900BE0A12D40F06881CA
:10FDC00097F80A329A0700F16A81FEF7DFFF0546CD
:10FDD00098B1A02DF1D197F80A32DB07F5D518F0CC
:10FDE0003FF9002840F0CA816FEA090363F3000974
:10FDF000FEF7CCFF05460028EBD198F825305FFAD6
:10FE000089F29A423FF441AF4846F4F775FBB36B71
:10FE1000002B3FF43AAF2846984736E7FEF7A6FF97
:10FE20000546002840F0C68094F820302AE7FEF707
:10FE30008DFF98B1D4E904579038072845D8DFE8FA
:10FE400000F004433B332B2219106425FEF77EFF9C
:10FE50000028F1D139462846FFF73CFD94F82030C0
:10FE60000CE7C82D28BFC8250A2D4FF0190738BF49
:10FE70000A25EBE7C82D28BFC8250A2D4FF0320709
:10FE800038BF0A25E2E7C82D28BFC8250A2D4FF044
:10FE9000640738BF0A25D9E7013DC82D28BFC8250A
:10FEA0000A2D38BF0A25D1E70135C82D28BFC8253E
:10FEB0000A2D38BF0A25C9E70A3DC82D28BFC82525
:10FEC0000A2D38BF0A25C1E70A35C82D28BFC82525
:10FED0000A2D38BF0A25B9E7B83F0020C83C0020EA
:10FEE00000400020A03B0020060402000440002047
:10FEF0001C510020EC480020D04A0020227A012129
:10FF000063F3451222720022A37284F8203094F920
:10FF10001D30DFF8D082002BB8BF98F83830617000
:10FF2000B8BF637788F89820D7F89C319847607AF3
:10FF300010F0010007D1D7F8E03023B1984710B195
:10FF4000D7F8D8309847637AE27923F001036372D7
:10FF5000002A00F0F0800AF0C7FA0346E079E37067
:10FF60000CF0AAFC00239B4EE3710120F4F740F94A
:10FF7000FEF7CEFF0AF0C6FAFFF766FC96499748EF
:10FF80000CF014FCF4F7A8FA4FF00000F4F7B4FA00
:10FF9000FEF70CFF18F064F8012800F0F680FB6E05
:10FFA0009847C0F3C000800109F094F8F368162068
:10FFB000984785E64FF0FF30F4F78AFAD0F80C90B6
:10FFC000D9F80430DF68A5F19903052B00F2F6801B
:10FFD000DFE803F00348403830276427FEF7C6FE09
:10FFE00005460028EFD13946484608F0E7FAB8F14F
:10FFF000000F3FF419AF18F033F810287FF414AF56
:020000041001E9
:100000004FF0FF30F4F764FA0378DD077FF50CAFAB
:10001000227F002A40F0C980022294F82030227703
:1000200030E6C82F28BFC8270A2F38BF0A2788F014
:100030000108D3E7013FC82F28BFC8270A2F38BFC0
:100040000A27CBE70137C82F28BFC8270A2F38BF98
:100050000A27C3E70A3FC82F28BFC8270A2F38BF7F
:100060000A27BBE70A37C82F28BFC8270A2F38BF7F
:100070000A27B3E708F0BEFC7B6F4FF000009847FB
:1000800048460CF019FCD7F89C31984701263CE60D
:10009000F36D002B3FF499AEE8B2984795E617F060
:1000A000DFFF002864D1C9F3400383F0010363F349
:1000B00041098AE600236371CDE5002E6CD0FB6E0A
:1000C0009847C0F3801383F0010310F040052370BC
:1000D00021D0D7F8D43098470A200CF0EDFB3D4BE7
:1000E0000C20DB68984716B9D7F89C3198472078E0
:1000F00080F00100BDE8F883F3F7FCF8EFE504F0C9
:10010000ABFFE9E502F0FCFAE3E502F0A9FCDDE56E
:1001100003F060FBD7E5FB6E9847C105E3D5D7F840
:10012000D4302570984711200CF0C6FB294B1020C5
:10013000DB689847D7E70AF0D7F920B9254E14E7CE
:1001400028469847FDE5802009F0EEF9214E0AF097
:1001500065FBD6F8548017F083FFC0470AF0C4F956
:100160000028F4D10146BB6C1D4898470543FCE6C6
:1001700017F076FF10F0180F95D126E617F070FFF4
:1001800010F0180F7FF430AE1FE694F8BC300B3B34
:10019000022B7FF695AD02E708F02CFC30467B6F12
:1001A00098478CE70C209847CBE5D0077FF53CAE0D
:1001B00042F0040294F82030227763E5F36D0BB12E
:1001C000E8B29847C82F28BFC8270A2F38BF0A2788
:1001D00004E700BFA03B002080400020444B0020EB
:1001E00000400020D04A0020F8B5FFF725FD40B9B7
:1001F000334C23781BB9607880F00100F8BD0020F3
:10020000F8BD17F02DFF2E4C0546A3788BB95DB9CC
:100210002C4B1B78002BECD02B4B93F89430002BFD
:10022000E7D1F3F79BFDE4E740F201131D42EFD164
:10023000DFE780280CBF01230023637132D0234FF6
:10024000234E2378002BE2D1637943BB09F094FC61
:1002500017F006FF40280BD096F870311B0714D416
:10026000FFF7EAFCA378002BEBD1002DD0D0DBE721
:10027000FB6E98470207EFD43B6C4FF400411548E2
:10028000984796F870311B07EAD507F0E9FDFFF7AC
:10029000D3FCA378002BD4D1002DB9D0C4E7FFF74D
:1002A00013FCD3E700230C49084A0C480B70D2F822
:1002B000D42003609047A378002BC0D199E700BFFA
:1002C000B83F002048660020D04A0020C83C0020EB
:1002D00044640020004000201C510020EC48002015
:1002E0002DE9F04F804F85B097F8BC00102800F042
:1002F0007D827E4CE36E984741064BD4E36E98476F
:10030000C20500F17A827A4D95F874319B0604D5C6
:10031000E36E9847460400F18082FAF70FFF064625
:10032000002840F0728295F87A3103F00303032B22
:1003300000F07B8297F8BD303BB195F8703198069C
:1003400010D4E36E9847C1070CD417F089FE10F063
:10035000810000F0838297F8BC300B2B04BF002390
:1003600087F8BC30012008F0B5FE624B0220DB6844
:10037000984797F8BD30C3B1002508F03BFB2846ED
:10038000636F98474FF480415B48236C87F8BD50FA
:1003900098470AE00A200CF08FFA564B0C20DB68D5
:1003A000984797F8BD30002BE6D100231D469946AB
:1003B000DFF85081514EDFF850A188F800303360EB
:1003C0008AF80030D4F8D0309847421C83461B2A64
:1003D0000FD8DFE802F04A0E0E0E0E0E0E0E0E9B28
:1003E0000E3C0E0E3C0E0E0E0E0E0E0E0E0E0E756A
:1003F0000ECB3168002940F04C81BBF1200FE1DDCC
:10040000BBF13B0F00F37B81BBF1230F40F37E81F7
:10041000ABF12402172A00F2BD80DFE812F01001D0
:10042000BB00BB00BB00F900B400BB00BB00BB00BD
:10043000BB00BB00BB00BB00BB00BB00BB00BB00E4
:10044000BB00BB00BB00BB00BB00BB00F1003268BF
:10045000002A40F0FC80B9F1000F00F0F880D94587
:1004600000F0F5804FF00009ACE798F8003083B158
:10047000242B00F0208117F0F3FD40F221131842E5
:1004800000F039811B4B09209B689847002388F8AE
:1004900000303B781BB97B78002B00F01081FFF710
:1004A000A3FE18B93B78002B40F04C810022104B82
:1004B0007A7093F870311B0784D507F0D1FC81E77F
:1004C00000230F4A1D4688F800308AF80030336058
:1004D00082F89A3017F0C4FD2028C3D18021064845
:1004E000236C9847BEE700BFB83F0020C83C0020FF
:1004F00044640020A03B002000400020EC48002085
:10050000D04A00204071002050720020316800293C
:100510003FF458AF0020A24A0139505413780546E1
:100520003160002B00F0E380014601203B2B12D804
:10053000232B13D9243B172B10D8DFE803F00E0F21
:100540000F0F4A440F0F0F0F0F0F0F0F0F0F0F0F4B
:100550000F0F0F0F0F395B2B00D1014312F8013F32
:100560000020002BE2D18AF800102BE78D4BD3F846
:10057000F430002B3FF426AF8B4AD4F8040192F8F4
:100580009A1098471EE715F0040203D18AF800205C
:1005900062F34105FF298CBF0122002262F30005AE
:1005A0003FF610AF7E4A02F801B00131316009E731
:1005B000A807D3D445F0040512F8013F002100201C
:1005C000002BB3D1CFE715F00403C7D163F3410586
:1005D000F2E70029C2D194F8FA31E9B21943C5F320
:1005E000800383F00103C1F3800163F3410512F836
:1005F000013F81F001010020C9B2002B96D1B2E782
:1006000015F00202C6D18AF8002045F00405C1E7C2
:100610009AF80020002ABDD1C5F3800282F00102C1
:1006200005F0040062F341050028B3D194F8FA21E3
:10063000C2F3800282F001028AF80020AAE70029B2
:10064000A8D1012225F001058AF80020AAE7FFF7CA
:10065000CBFD002876D00020514A316815F0010901
:10066000505422D00B21504A82F89A105FFA8BF92D
:10067000B7F800B0BBF1000F7FF4F7AE494992F82C
:100680009A008A6890475D468AF800B0C6F800B0C4
:1006900098E6BBF11F0F7FF795AEBBF13B0F38DC3F
:1006A000BBF1230F3FF7B4AE74E7117889B93E4A26
:1006B00082F89A10DAE740460BF0C0FEE6E6FEF755
:1006C000E5FC00283FF4EBAE02213848236C984744
:1006D000E5E6242950D05B2924D13249D1F8A01075
:1006E00001B310468847304A82F89A00BEE719469F
:1006F0008AF8001066E64046F4F73CF8C6E6BBF11F
:100700005B0F9ED0BBF17F0F3FF45CAE61F3000541
:1007100048E7BBF15B0F3FF43DAFBBF17F0F3FF408
:10072000F9AE37E7019217F09BFC40F22111084225
:1007300011D0019A117825293AD009211A4A82F854
:100740009A1093E7387AC0F3C00080F00100C0B27D
:1007500005B0BDE8F08F144A92F89A1009B1282923
:1007600084D10F480192F4F705F8019A82F89A00B3
:1007700000283FF47BAF7BE710460BF05FFE0A4A90
:100780002D2882F89A007FF471AF0C2001920CF0B2
:1007900093F804490720C9688847019A66E700BFB3
:1007A0001C510020A03B0020D04A00200040002027
:1007B00092F80190B9F1000FBFD117F051FC40F24F
:1007C00001121042B9D0364A364992F89400D1F855
:1007D000EC1080F0010082F89A9082F894000029D1
:1007E0003FF444AF01928847019A3FE700232E4C23
:1007F00087F8BC300CF060F8D3E511200CF05CF801
:10080000284B1020DB689847CBE50B200CF054F800
:10081000244B0D20DB689847C3E50D200CF04CF805
:10082000204B1520DB689847BBE5E36D984717F030
:10083000E7FB97F8E03003423FF47CAD97F8BC301B
:100840000C2B03D1E36E9847450525D40C200CF002
:1008500033F8144B0720DB689847A2E508F03AFC10
:1008600094F800321A070DD595F89431DB0709D4B6
:10087000E36E9847060705D54021236C0B4898473F
:10088000FFF7B2FC95F8E33113F004017FF489AD72
:10089000074817F0C9FB84E5304608F01BFC80E5EB
:1008A000D04A0020A03B0020C83C0020004000208F
:1008B0004DC3011038B5174D2B780BB96B78EBB1E0
:1008C000154B6A7A93F82430B3FA83F35B0963F328
:1008D00082026A7202E0FEF7D9FB50B1FFF784FC96
:1008E00004460028F7D16B7A204623F004036B728C
:1008F00038BD17F0B5FB0828F0D0F4E7FEF7C6FBCB
:100900000028DDD0054B02211B6C05F148009847FB
:10091000D6E700BFB83F0020D04A0020C83C0020E6
:10092000002310B40449054C0B70237002465DF897
:10093000044B0348104700BF577200205C72002030
:10094000488E0210024B0348D3F8C030184700BF4E
:10095000C83C0020748E021002680B6810881B8847
:10096000C01A704702680B6810781B78C01A70476D
:1009700002680B6810781B78C01A704702680B6811
:1009800050785B78C01A70474B6801334B607047F2
:1009900040694B69C01A704707EE900AFCEEE77A8F
:1009A00017EE900AFDF7AEBD07EE900A9FED047AB0
:1009B00067EE877AFCEEE77A17EE900AFDF7A2BDA4
:1009C0008B42213D70B50546294C2A48D4F8C030E9
:1009D0009847D4F8C03028699847D4F8C0302648E2
:1009E00098472879D4F8C060FDF78CFDB047D4F85B
:1009F000C030214898476B7FD4F8C020DE0603D46E
:100A0000980630D51D4800E01D489047D4F8C03006
:100A1000194898476B7ED4F8C020D90603D49B06AA
:100A20001FD5164800E016489047D4F8C030124849
:100A300098476B6AD4F8C060BBB12846984707EE68
:100A4000900AFCEEE77AF8EE677A022117EE900A38
:100A5000FDF77CFDB0470B48D4F8C0309847002024
:100A600070BD0948E0E70848CFE70848F2E700BF53
:100A7000C83C0020D48E0210E48E0210CC8E0210EE
:100A8000C88E021088E70210C48E0210D08E0210A9
:100A900070B50546184C1948D4F8C0309847D4F8BA
:100AA000C03028699847D4F8C0301548984728794D
:100AB000D4F8C060FDF726FDB047D4F8C030114827
:100AC00098476B6AD4F8C0609BB12846984707EEF8
:100AD000900AFCEEE77AF8EE677A022117EE900AA8
:100AE000FDF734FDB0470848D4F8C03098470020DF
:100AF00070BD0648F6E700BFC83C0020E88E021033
:100B0000E48E0210F88E021088E70210D08E0210D8
:100B100070B5624C0546D4F8C060002900F0A98089
:100B20005F48B04795F90000D4F8C060FDF7EAFCD3
:100B3000B047D4F8C0305B4898472B7AD4F8C060EF
:100B4000002B40F091805848B0475648D4F8C03048
:100B50009847EB68D4F8C060187AFDF7D3FCB0472B
:100B60007C21524A6B7A1170002B79D1531CE968B1
:100B70008A7A500704D5532203F8012BE9688A7A50
:100B8000960704D5442203F8012BE9688A7A1007F6
:100B90000FD54C22184600F8012BE9688A7A16070F
:100BA0007AD58E6B002E77D041225A70E9680233D5
:100BB0008A7A960604D5502203F8012BE9688A7ACE
:100BC000D00604D5492203F8012BE9688A7A560633
:100BD00004D54E2203F8012BE9688A7A100604D561
:100BE000522203F8012BE9688A7AD20703D55622EC
:100BF00003F8012BE968CA6B12B1452203F8012BF7
:100C00007C21D4F8C020198028489047D4F8C030FF
:100C100068689847EB68D3ED067AF5EEC07AF1EE96
:100C200010FA17DDD4F8C0301E489847EB68012150
:100C30005869D4F8C060FDF789FCB0471C48D4F867
:100C4000C0309847EB6801219869D4F8C050FDF78F
:100C50007DFCA847D4F8C03016489847002070BDE6
:100C60002A21931C517082E795F90200FDF74AFC96
:100C70006AE790F90000FDF745FCB047D4F8C030B2
:100C80000D489847D4F8C030686898470B48D4F8A6
:100C9000C0309847002070BD03468AE7C83C00205A
:100CA000008F0210E48E0210FC8E0210004800201B
:100CB0009093021088E702100C8F02101096021019
:100CC0000022F8B5184B194E5B7905463270E3B92E
:100CD00003210068FDF73AFC0146304616F0FCF9A6
:100CE0000024134B1F88114816F092FF375203213E
:100CF00055F8040FFDF72AFC013401460B4816F0A5
:100D0000EBF9052CEFD10948F8BDD0ED007A77EE6C
:100D1000A77A032117EE900AFDF718FC014630462A
:100D200016F0DAF9DCE700BFD04A002000480020C6
:100D300090930210F8B50023284A294E54792DEDDE
:100D4000028B05463370C4B19FED267AF5EC017A2B
:100D500067EE877A77EEA77A042117EE900AFDF7FF
:100D6000F5FB0446304616F053FF2146304416F09A
:100D70004FFD01241C4B1B8803809FED1A8A1A4FDC
:100D8000D5ED007A67EE887A042117EE900AFDF718
:100D9000DDFB0146124816F09FF9052C104819D0CA
:100DA00016F036FF01343B88022C104A335205F10D
:100DB0000405E5D992F85D31E340DB07E0D5032176
:100DC0002868FDF7C3FB0146054816F085F9052C98
:100DD0000348E5D1BDEC028BF8BD00BFD04A00202E
:100DE000004800208B42213D909302104464002073
:100DF000032108B5FDF7AAFBBDE8084001460148FC
:100E000016F02EBE0048002007EE100ADFED077A2C
:100E100067EE277A042108B517EE900AFDF796FBD6
:100E2000BDE808400146024816F01ABE8B42213D3B
:100E30000048002010B40B688C685A1C0A60417985
:100E400003EB430304EBC3025170416904F8331010
:100E50000369816813618388A1F11004032C98BF92
:100E600043EA0143C168536121B15DF8044B901C12
:100E700016F0F6BD91705DF8044B70472DE9F8430C
:100E800006460D4616F0C4FE441C204614F082FAB5
:100E9000002876D007462246314616F043FE3846F3
:100EA000394916F061FA044600283AD0002D3DD0A9
:100EB0004FF001080026354D2046354916F0F2FC6A
:100EC00028B33448D5F8C0309847D5F8C0303248F8
:100ED00098473046D5F8C090FDF714FBC847D5F8C1
:100EE000C0302E48984723781BB12046D5F8C03033
:100EF0009847D5F8C0302A4898474046D5F8C040B2
:100F0000FDF700FBA0472748D5F8C03098470020E0
:100F10001D4916F029FA013604464FEA4808002810
:100F2000CAD13846BDE8F84314F05CBA174E2046E3
:100F3000174916F0B7FCB8B11648D6F8C030984734
:100F4000D6F8C030144898472846D6F8C080FDF738
:100F5000D9FAC047D6F8C0301048984723781BB15B
:100F60002046D6F8C03098470020074916F0FCF913
:100F7000013504460028DAD13846BDE8F84314F0BC
:100F800031BABDE8F88300BF90930210C83C00203E
:100F9000F081021010960210108F02100C8F0210B8
:100FA000188F0210EC81021002680B6850685968B3
:100FB00016F078BC2DE9F04F83B00D46B1FA81F7F9
:100FC000804605F08DFE0446284606F013F90026FB
:100FD0008DF80100281A7F098DF80080019023897F
:100FE000A4691E44002CFAD1B8F1020F00F0A280CF
:100FF000B8F1030F00F0828005F072FE04218246F2
:10100000304614F0D9F98146002800F09980002D6F
:101010004CD10646DFF8F081BAF808201AB34FF039
:10102000000B0BEB4B01DAF80C400B01E35A04EB1D
:101030000114183B9BB2012B95BF98F8E31194F86B
:101040002C10C1F34001C90949B9A36A23B1204654
:101050009847BAF8082010B1013546F8044B0BF157
:10106000010B5A45DDD8DAF818A0BAF1000FD3D138
:10107000042229464846624B15F0E4F96DB100247C
:10108000A9F104066A465F4956F8040F06F0C8F94C
:1010900001343843AC42C7B2F4D1484614F0A2F947
:1010A000002F43D0002003B0BDE8F08F0446002598
:1010B000554EBAF80820DAB14FF0000BDAF80C10F0
:1010C0000BEB4B000301CB5A01EB0018183B9BB212
:1010D000012B19D998F82C10C90929B998F80200E0
:1010E0009DF80130984214D00BF1010B9345E5D3E4
:1010F000DAF818A0BAF1000FDBD1B9E7434B444846
:10110000D3F8C030984777E796F8E311C1F3400170
:10111000E3E7D8F828302BB140469847BAF80820C2
:101120000028E1D0013544F8048BDDE7352003B019
:10113000BDE8F08F354B3748D3F8C03098475BE7B0
:101140008DB30746304DBAF808200AB30024DAF808
:101150000C0004EB44010B01C35A00EB0110183BD7
:101160009BB2012B1AD990F82C30DB096BB983782C
:101170009DF80110994208D16A46274906F050F9B6
:10118000BAF8082040EA0703DFB20134A242DED8F1
:10119000DAF818A0BAF1000FD5D181E795F8E3315C
:1011A000C3F34003E2E7184DBAF808200AB300245D
:1011B000DAF80C1004EB44000301CB5A01EB0010E9
:1011C000183B9BB2012B95BF95F8E33190F82C307A
:1011D000C3F34003DB094BB96A460F4906F020F917
:1011E000BAF808200134A242E2D802E00134A24257
:1011F000E0D8DAF818A0BAF1000FD5D152E700BF55
:10120000590901100D23011044640020C83C00203E
:10121000548F02101C8F0210D9220110002945D0D2
:10122000F0B516460446002701EB410189B000EBFA
:1012300081051922616801A816F04EF89DF8043066
:101240000DF1040C8BB10DF1050E202BA3F1610201
:1012500007D06146192A98BF03F05F0301F8013BEC
:101260008C461EF8013B002BEFD1304601A98CF8CB
:1012700000700DF041FB28B90C34AC42D9D10020EC
:1012800009B0F0BD0A4D0B48D5F8C0309847D5F8E5
:10129000C03060689847D5F8C030074898476178F3
:1012A0000120FFF787FE012009B0F0BD0020704744
:1012B000C83C00209C8F0210A48F021070B5044619
:1012C000154D1648D5F8C0309847A3781BB1D5F80E
:1012D000C030A01C98472078D5F8C060FDF712F9FF
:1012E000B047D5F8C0300E4898476078D5F8C06050
:1012F000F2F74AF9B04723693BB1D5F8C030084846
:101300009847D5F8C03020699847D5F8C0300548CF
:10131000BDE87040184700BFC83C0020A88F0210ED
:101320009093021088E7021070B50546254C2648B8
:10133000D4F8C03098472869D4F8C06000283DD060
:10134000B047D4F8C030214898472879D4F8C06015
:10135000FDF7D8F8B0471D48D4F8C03098476A7FE9
:10136000D4F8C03051074CBF19481A48984717485D
:10137000D4F8C03098476A7ED4F8C03052074CBFCA
:10138000134815489847D4F8C030104898476B6AFE
:10139000D4F8C06083B12846984707EE900AFCEE67
:1013A000E77A17EE900AFDF7ADF8B0470B48D4F88E
:1013B000C0309847002070BD0948F6E76879F2F719
:1013C000E3F8BDE7C83C0020B48F0210E48E0210A1
:1013D000B08F0210C48E0210FC8E021088E702103B
:1013E000D08E021070B505464B4C4C48D4F8C03036
:1013F00098472869D4F8C060002800F08880B0477A
:10140000D4F8C030464898472879D4F8C060FDF732
:1014100079F8B0474248D4F8C03098476A7FD4F88A
:10142000C03051074CBF3F483F4898472B7FD4F806
:10143000C020C3F3C103013BDBB2022B96BF3B4983
:101440003B4851F823009047AB8BD4F8C020C3F33E
:101450004413013BDBB21E2B96BF3649344851F88A
:101460002300904795F91D20D4F8C030002AB4BF5E
:1014700031482F4898472A48D4F8C03098476A7EA8
:10148000D4F8C03052074CBF2648294898472B7ED5
:10149000D4F8C020C3F3C103013BDBB2022B96BFDB
:1014A0002249234851F8230090472B8BD4F8C020C1
:1014B000C3F34413013BDBB21E2B96BF1D491C48EE
:1014C00051F82300904795F91920D4F8C030002A2C
:1014D000B4BF194816489847D4F8C0301048984708
:1014E0006B6AD4F8C06083B12846984707EE900A2B
:1014F000FCEEE77A17EE900AFDF704F8B0470F48C4
:10150000D4F8C0309847002070BD0D48F6E76879E0
:10151000F2F73AF873E700BFC83C0020C88F02100A
:10152000E48E0210B08F0210C48E021010F202106E
:10153000FC8E02101CF20210C48F021088E7021009
:10154000D08E021038B5036A23B10B4B5B69984704
:10155000012038BD0446094D0948D5F8C0309847E8
:101560002088D5F8C040FCF7CDFFA0470548D5F846
:10157000C0309847012038BDA03B0020C83C002067
:10158000D88F0210DC8F02102DE9F041124E044674
:10159000D6F8E480B8F1000F17D00F463F2115F0C0
:1015A000CFFD054688B1844203D0011B89B2204695
:1015B000C047781CD6F8C040FCF7A4FFA047D6F877
:1015C000C030681CBDE8F04118472046D6F8C0304E
:1015D000BDE8F041184700BFC83C002070B5044684
:1015E00040780D4605F078FD88B18DB1637873B110
:1015F000194E2846D6F8C0309847D6F8C0306068F3
:101600009847D6F8C0301548BDE87040184770BDFF
:10161000114D1348D5F8C03098476078D5F8C060B0
:10162000FCF770FFB047D5F8C0300E4898472078D7
:10163000D5F8C060FCF766FFB047D5F8C030094860
:101640009847D5F8C03060689847D5F8C03006484C
:10165000BDE87040184700BFC83C0020109602103B
:10166000E48F0210C4F2021088E7021070B50C4635
:10167000114D0646D5F8C03010489847611ED5F880
:10168000C030032905D8DFE801F01411020E0C4820
:1016900098473046D5F8C0309847D5F8C03009484B
:1016A000BDE87040184708489847F2E70748984750
:1016B000EFE707489847ECE7C83C0020F48F02109A
:1016C0001090021088E70210189002100490021087
:1016D000FC8F021070B50546F9F76EFD98B14668AB
:1016E00044780A4BD3F8B830984718B121463046B1
:1016F000FFF7BCFF2DB9064BD3F8C4300BB105483A
:101700009847284670BD0446024EEAE7C83C0020D0
:10171000A03B0020749102100FB410B483B005AC4C
:1017200005980B4A019410F8011B134602F8011B9F
:101730000029F8D16168013B11F8012B03F8012F52
:10174000002AF9D1024803B05DF8044B04B0704799
:10175000004800200FB400B583B005AB9C460B4891
:1017600001930DF1200E03465CF8041B11F8012BC8
:10177000184603F8012B002AF8D1E645F3D10348B7
:1017800003B05DF804EB04B0704700BF00480020D0
:1017900038B50B4BD3F8C05010B1FE28044603D126
:1017A0000848A847002038BDFCF7ACFE064B0246AF
:1017B00006490320FFF7CEFFA847204638BD00BFEB
:1017C000C83C0020209002101096021028900210B1
:1017D00070B5094D0446D5F8C460FCF793FE074B7D
:1017E000024607490320FFF7B5FFB04700216420F8
:1017F000EB6B9847204670BDC83C00201096021045
:101800003090021038B5044600880D460844FCF7B5
:1018100079FE0D4902460D4B0320FFF79BFF294639
:10182000204605F085F968B10446094D0948D5F808
:10183000C03098472046D5F8C03098470648D5F8BC
:10184000C0309847012038BDD88F02103890021060
:10185000C83C0020004800201096021082B0019180
:10186000CBB211F03F0121D0DB0700F1A6804B087D
:101870001CD0DA0700F1B3808B0817D0DB0700F12A
:10188000D880CB0812D0DA0700F1D9800B090DD02F
:10189000DB0704D5764B1B691B7800F8013B49092F
:1018A00004D0734B5B691B7800F8013B2C22034684
:1018B0009DF8051003F8012B11F03F027BD0C907FA
:1018C00072D4510877D0C80700F19580910872D082
:1018D000C90700F1A880D1086DD0C80700F1B58014
:1018E000110968D0C90704D561490969097803F865
:1018F000011B52091A4604D05D4B5B691B7802F844
:10190000013B2C2113469DF8060003F8011B10F043
:101910003F011ED0C0075CD44A081AD0D00764D457
:101920008A0816D0D20778D4CA0812D0D00700F19E
:1019300098800A090DD0D20704D54D4A1269127851
:1019400003F8012B490904D0494A5269127803F877
:10195000012B2C211A469DF8070002F8011B10F0FC
:101960003F011DD0C0072ED44B0819D0D80748D44A
:101970008B0815D0DB074AD4CB0811D0D8076AD41E
:101980000B090DD0DB0704D5394B1B691B7802F816
:10199000013B490904D0364B5B691B7802F8013BD7
:1019A0000023137002B070473149831C096809781D
:1019B0004170510887D11A46A3E72D4B1B681B784D
:1019C00000F8013B53E72A489A1C006800785870D9
:1019D000CAE72748931C0068007850709CE7244BA6
:1019E0005B681B7800F8013B46E7214A5268127891
:1019F00003F8012B94E71E494968097803F8011B95
:101A000064E71B4B5B681B7802F8013BB0E7184B9F
:101A10009B681B7802F8013BAEE7154A9268127882
:101A200003F8012B80E712498968097803F8011B44
:101A300051E70F4B9B681B7800F8013B21E70C4BEB
:101A4000DB681B7800F8013B20E70949C968097881
:101A500003F8011B44E7064BDB681B7802F8013BE7
:101A60008EE7034AD268127803F8012B61E700BFC2
:101A7000CCF1021010B5036986B0816842790493F5
:101A80000379A1F1100C43EA0223BCF1030F98BFC4
:101A900043EA01434469C1688DF801208DF8004094
:101AA000059341B10DF1020015F0DAFF6846FFF72A
:101AB00005FC06B010BD68468DF80210FFF7FEFB6E
:101AC00006B010BD70B50546E9B92D4C2D48D4F8C7
:101AD000C03098472878D4F8C060FCF713FDB047B1
:101AE0002948D4F8C03098472748D4F8C0309847E0
:101AF000686810B1D4F8C0309847D4F8C030234893
:101B0000BDE8704018470078FCF7FCFC06461C4C0A
:101B10001F48D4F8C03098473046D4F8C0309847B2
:101B2000D4F8C0301A489847D4F8C03019489847BC
:101B3000D4F8C03016489847D4F8C03016489847B3
:101B4000D4F8C03012489847D4F8C03011489847AC
:101B5000124A6D68D4F8C030002D08BF15460C48F5
:101B600098472846D4F8C0309847D4F8C030084881
:101B70009847D4F8C0300A48BDE87040184700BF05
:101B8000C83C002040900210C4F2021088E7021006
:101B90003C90021090930210F08102107491021098
:101BA0001096021070B50546E9B92D4C2D48D4F8B1
:101BB000C03098472878D4F8C060FCF7A3FCB04741
:101BC0002948D4F8C03098472748D4F8C0309847FF
:101BD000686810B1D4F8C0309847D4F8C0302348B2
:101BE000BDE8704018470078FCF78CFC06461C4C9A
:101BF0001F48D4F8C03098473046D4F8C0309847D2
:101C0000D4F8C0301A489847D4F8C03019489847DB
:101C1000D4F8C03016489847D4F8C03016489847D2
:101C2000D4F8C03012489847D4F8C03011489847CB
:101C3000124A6D68D4F8C030002D08BF15460C4814
:101C400098472846D4F8C0309847D4F8C0300848A0
:101C50009847D4F8C0300A48BDE87040184700BF24
:101C6000C83C00204C900210C4F2021088E7021019
:101C70003C90021090930210F081021074910210B7
:101C8000109602102DE9F04116460D4691F82C10E1
:101C90004A0746BFC1F3C301B6FBF1F73746032835
:101CA00000F20F83DFE810F0960016013B000400FD
:101CB0002888A74C3044D4F8C080FCF723FCC047E8
:101CC000D4F8C030A3489847AB782B2B00F0328172
:101CD00039466868FFF758FC9E48D4F8C0309847EA
:101CE000A868D4F8C030002800F053819847D4F891
:101CF000C03098489847287B05F034FCD4F8C030B1
:101D0000092800F25681DFE810F060022D0263021C
:101D100066022D02520172026F026C02690228886B
:101D20008B4C3044FCF7EEFB8046D4F8C0308A4838
:101D300098474046D4F8C03098478748D4F8C03018
:101D400098478648D4F8C0309847D4F8C0308248C5
:101D50009847AB782B2B00F0E68039466868FFF790
:101D600013FC7F48D4F8C0309847AF68D4F8C0302F
:101D70007948002F00F0188198473846D4F8C030D1
:101D80009847D4F8C03074489847D4F8C0307348A6
:101D900098472888304480B205F088FB0346714993
:101DA000D4F8C020002B14BF1D460D466A4890474A
:101DB0002846D4F8C0309847D4F8C03066489847D1
:101DC000D4F8C03065489847D4F8C0306648BDE8BC
:101DD000F04118475E4C6548D4F8C03098472888D1
:101DE000D4F8C0803044FCF78DFBC0476048D4F87D
:101DF000C030984795F82C30A878590748BFC019CB
:101E0000D4F8C080FCF77EFBC047D4F8C0305848F7
:101E10009847AB782B2B00F0B58039466868FFF700
:101E2000B3FB5348D4F8C0309847A86810B1D4F831
:101E3000C0309847D4F8C0304D489847287BD4F834
:101E4000C06005F08FFBFCF75DFBB0474848D4F855
:101E5000C0309847286910B1D4F8C0309847D4F8FA
:101E6000C030434898476B693BB1284605F080FB7A
:101E700018B9D4F8C030686998473D48D4F8C030E4
:101E80009847A86910B1D4F8C0309847D4F8C0304A
:101E90003748984795F82C00D4F8C06000F001004E
:101EA000FCF730FBB047D4F8C0303148984795F87C
:101EB0002C00D4F8C050C0F34000FCF723FBA84727
:101EC0002C48D4F8C0309847D4F8C0302648BDE834
:101ED000F04118471E4C2848D4F8C030984728884D
:101EE000D4F8C0803044FCF70DFBC047D4F8C030B4
:101EF00022489847AB782B2B23D068683946FFF7E8
:101F000043FB287B05F02EFB092800F2B880DFE8B0
:101F100010F045014A01530131013B01B600B60002
:101F2000B600B6004001164B53F82600D4F8C03076
:101F3000984712E7124B53F82600D4F8C030984760
:101F4000C6E60F4B53F82600D4F8C0309847D4E7C4
:101F5000C83C00208C9102103C900210909302101B
:101F6000889102107491021010960210789102105C
:101F7000C4F2021084910210D89002100090021056
:101F8000CCF102109E4B53F82600D4F8C03098478D
:101F900043E72A7B042A3FF6AAAEDFE812F02B01C2
:101FA000E600E6002E01E60098479648E6E69648E9
:101FB0009847D4F8C030954898472869D4F8C0307D
:101FC000002857D09847D4F8C030904898472B88BD
:101FD000F01880B205F06AFAD4F8C030064600283E
:101FE0003ED0984795F82C30DB0707D53278D4F8E7
:101FF000C030002A40F0BC80854898478348D4F818
:10200000C0309847686910B1D4F8C03098477F480D
:10201000D4F8C0309847A86910B1D4F8C0309847B8
:10202000D4F8C0307948984795F82C00D4F8C060AF
:1020300000F00100FCF766FAB047D4F8C0307348EE
:10204000984795F82C00D4F8C050C0F34000FCF736
:1020500059FAA847D4F8C0306E48BDE8F041184797
:102060006848984795F82C30DA07C7D5D4F8C030BF
:102070006748C2E72A7B042AA5D16748A2E7AB6874
:102080003BB1D4F8C03065489847D4F8C030A86850
:10209000984700276B69002B00F0F480AB69002B98
:1020A00000F0F080D4F8C0305D489847D4F8C030D4
:1020B000686998475B48D4F8C0309847D4F8C03076
:1020C000A869984795F82C30DB0706D5D4F8C030BE
:1020D000002F00F0F48054489847D4F8E430002BE7
:1020E0003FF4F2AE2888304480B205F0DFF90646AE
:1020F000002800F0C1800378002B00F0BD80D4F8E8
:10210000C030444898470AE04248D4F8C030984765
:10211000B91B3046D4F8E43089B29847BE1C30462B
:10212000424915F0C3FA07460028EDD13378002B59
:1021300000F0A280D4F8C03036489847D4F8C030B8
:102140003046984795F82C20D4F8C030D5077FF555
:10215000BBAE32780AB136489847D4F8C0302C4824
:102160009847B1E63348984723E733489847BEE598
:10217000324842E73248D4F8C030984700212869F5
:10218000FEF77CFE012785E7D4F8C0302D4898473C
:102190007FE7D4F8C0302C4898477AE7D4F8C030AD
:1021A0002A48984775E7D4F8C03029489847012154
:1021B0002869FEF763FEE5E7D4F8C0302548984764
:1021C00001212869FEF75AFEDCE723489847F0E62C
:1021D00022489847EDE622489847EAE62148984782
:1021E000E7E621489847E4E620489847E1E620489A
:1021F0009847DEE61F48984779E5034876E500BF33
:10220000CCF1021074910210909102108C91021086
:102210008890021010960210E49102104C91021066
:10222000549102100C8F021058900210A4B90210A1
:1022300070910210A8910210E49002108490021094
:10224000C4920210DC9002103C910210EC9002103B
:10225000F890021008910210A0910210B49102109F
:10226000C0910210D0910210D8910210C4CE021079
:1022700098910210F090021095F82C30D8073FF595
:102280006CAF21E6284605F073F900287FF41AAFF9
:102290006B693BB1D4F8C0300B489847D4F8C030D4
:1022A00068699847AB69002B3FF40CAFD4F8C03095
:1022B00006489847D4F8C030A869984702E7044810
:1022C0000AE7044C00E600BF60910210689102101A
:1022D00070900210C83C002070B515468378527883
:1022E00004469A420E460CD0A36A1BB10021204638
:1022F000984720B1324621462878FFF7C3FC0120D9
:1023000070BD6B688B42EFD0012070BD08B51346DD
:102310000A4693F801C081788C4504D159689142EE
:1023200001D0012008BD01461878FFF7ABFC012061
:1023300008BD00BF10B40A4B93F87031DB070BD512
:10234000084C0948094A0A4B0A491C600A4B5DF8C7
:10235000044B08601A607047084C0948094AF2E7C4
:1023600044640020350D0110090E0110A909011067
:10237000084C0020044C00200C4C0020C10C011023
:10238000F10D01109909011038B5074B0446D3F837
:10239000B8300D46984728B129462046BDE8384058
:1023A000FFF764B938BD00BFC83C002070B50A4CC7
:1023B0000546D4F8B830984768B1D4F8C03007481B
:1023C00098472846D4F8C0309847D4F8C03004481D
:1023D000BDE87040184770BDC83C0020F48F021063
:1023E00088E7021070B50C4C0546D4F8B830984711
:1023F00088B1D4F8C03009489847D4F8C0300848AC
:1024000098472846D4F8C0309847D4F8C0300548DB
:10241000BDE87040184770BDC83C0020F48F021022
:102420000490021088E7021070B506460D460B4C6A
:102430000B48D4F8C03098473046D4F8C03098479D
:10244000D4F8C030074898472846D4F8C030984799
:10245000D4F8C0300448BDE870401847C83C00209C
:10246000EC910210F891021088E7021038B50D4681
:102470000021044604F0C4FE38B10188044B2A460A
:102480005B69611A9847002038BD352038BD00BF10
:10249000A03B00202DE9F84F0746884604F020FCB9
:1024A000002506463389B6691D44002EFAD104F092
:1024B00017FC04210446284612F07EFF81460028BE
:1024C00000F0A7802289002A00F08F80002F61D0C1
:1024D0000746B346584DE1680BEB4B000301CB5A5E
:1024E00001EB001A183B9BB2012B95BF95F8E31145
:1024F0009AF82C10C1F34001C90949B9DAF828301B
:102500001BB150469847228910B1013647F804ABF9
:102510000BF1010B5A45DED8D4F818A0BAF1000F20
:1025200020D0BAF80820C2B10025DAF80C3005EB4B
:10253000450403EB041494F92C30002B0ADBA36A46
:102540002BB1002120469847BAF8082010B1013677
:1025500047F8044B0135AA42E7D8DAF818A0BAF1D7
:10256000000FDED1042231464846344B13F06AFF97
:102570005EB10024A9F104054246314955F8040F23
:10258000013404F04DFFA642F6D14846BDE8F84FAD
:1025900012F028BF3E468346B246274F0AEB4A0157
:1025A000E5680B01EB5A05EB0115183B9BB2012BBB
:1025B0008BBF95F82C1097F8E311C909C1F34001BE
:1025C00019B92B7F043B012B04D90AF1010A5245AA
:1025D000E4D8C7E7AB6A23B1284698472289002888
:1025E000F3D001364BF8045BEFE72FB904223946EC
:1025F000124B13F027FFC8E7D4F818A0BAF1000F68
:1026000001D04F468DE7042231460C4B13F01AFFE0
:10261000BBE77DB10026E36806EB46004246084969
:1026200003EB0010013604F0FBFEB542F3D1A469C0
:10263000002CEFD1BDE8F88F446400205909011047
:102640004515011030B5104C87B0104968460AF0A6
:10265000ADF8D4F8C0300E4898470E4B68461B685A
:10266000D4F8C0509847A8470B4B1A7AD4F8C0301A
:1026700092074CBF09480A4898470A48D4F8C03026
:10268000984707B030BD00BFC83C0020E43F0020A1
:10269000FC910210084C0020B83F0020C8940210A2
:1026A000D094021088E7021070B50F4C0F48D4F890
:1026B000C03098470E4D0F4B28461B68D4F8C060B9
:1026C0009847B047D4F8C0300B48984715F8040C29
:1026D000D4F8C050FBF716FFA847D4F8C03007481D
:1026E000BDE87040184700BFC83C002004920210AB
:1026F00010400020084C0020C492021088E702100D
:1027000070B5094C0948D4F8C0309847084B0948BF
:102710001B68D4F8C0509847A847D4F8C030064882
:10272000BDE87040184700BFC83C00200C92021062
:10273000084C0020E84B002088E7021070B50546E1
:10274000154C82B0D4F8C030144898472846D4F8C5
:10275000C060FBF7D7FEB047284601A90BF0D6F9B9
:10276000D4F8C030A0B10E489847D4F8C050019EAC
:102770000CF084F801463046FBF7E8FEFBF776FFE5
:10278000A847D4F8C03007489847002002B070BD71
:1027900005489847F5E700BFC83C00201492021096
:1027A0003890021088E702101C92021070B505469E
:1027B000144C82B01448D4F8C0309847D4F8C030D4
:1027C00028469847284601A90BF076FCD4F8C0307B
:1027D000A0B10E489847D4F8C050019E0CF04EF8B6
:1027E00001463046FBF7B2FEFBF740FFA847D4F89E
:1027F000C03007489847002002B070BD0548984790
:10280000F5E700BFC83C0020149202103890021077
:1028100088E702101C9202102DE9F04F7C4B89B022
:1028200093F83A3083B17B4C7B48D4F8C03098475A
:102830007A4BD4F8C0501E68F1F786FBB047A84722
:102840007748D4F8C03098470025EEB2304602A948
:10285000704C04F0BDFA48B37248D4F8C0309847C1
:102860000A2DD4F8C07000F09F800B2D25D0092DC3
:102870006D4803D03046F1F73BFB0130B8476B4859
:10288000D4F8C0309847654B02A81B68D4F8C060E4
:1028900001359847B0476248D4F8C030EEB2984747
:1028A000304602A904F094FA0028D5D1604B0720E5
:1028B0009B68984709B0BDE8F08FDFF860815D48FC
:1028C000B847D8F800305C48D4F8C050584E984704
:1028D000A847D4F8C03052489847B369002B00F09D
:1028E00090804FF0010A554FDFF8709106E0002A02
:1028F00011DAB3690AF1010A534535D35046336AF8
:10290000984705460028F4D097F8F031C2695B0774
:10291000EDD4002AEDDDD4F8C03049489847E86985
:10292000D4F8C0B0FBF7EEFDD847D4F8C030454826
:102930009847D8F800302846D4F8C0B09847D84710
:10294000D4F8C0303F489847D9F80030A869D4F887
:10295000C0509847A847D4F8C03031489847B36969
:102960000AF1010A5345C9D297F8E231DA071ED4B9
:10297000D4F8C03034489847D8F800303348D4F8F9
:10298000C0509847A847324DD4F8C03024489847E3
:10299000FFF758FE95F8A03063B9736E002B89D00D
:1029A000984709B0BDE8F08F2A48B84767E7FFF7B6
:1029B0007BFEDDE7164B01A89979F1F701FC26486B
:1029C000D4F8C0309847254BD4F8C0801A689DF8D9
:1029D000063005EB8305D5ED297A07EB431797ED14
:1029E0000C7AF8EEE77AC7EE877A17EE900A9047EE
:1029F000C047D4F8C0300A489847736E002BCFD137
:102A000058E70E4F97F8E231DA07B1D5CFE700BFAC
:102A1000D04A0020C83C002024920210084C00201C
:102A200088E702102C92021034920210C492021015
:102A3000A03B002030920210D04B002044640020C4
:102A40003C920210E48E02100C920210E84B00201F
:102A5000B83F00203892021040920210044C00202F
:102A60002DE9F041A74CA84DA848D4F8C0309847AC
:102A70002888D4F8C0608B2840F2E881A448B04789
:102A80002888D4F8C0608A38FBF73CFDB047D4F8FA
:102A9000C030A048984795F82000D4F8C060F1F7FE
:102AA00027FAB047D5ED457AF5EE407AF1EE10FA07
:102AB00040F01681D5ED447AF5EE407AF1EE10FA49
:102AC00040F00E81D5ED437AF5EE407AF1EE10FA42
:102AD00040F00681D5ED427AF5EE407AF1EE10FA3B
:102AE00040F0FE80D5ED417AF5EE407AF1EE10FA35
:102AF00040F0F680D5ED407AF5EE407AF1EE10FA2E
:102B000040F0EE80844E337E022B00F0F280D4F849
:102B1000C03082489847A879D4F8C0701130FBF7CC
:102B2000F1FCB847EA78D4F8C030002A00F084817C
:102B30007B4898472A79D4F8C030002A00F07A817F
:102B400078489847D4F8C03074489847A878D4F8A3
:102B5000C070022816BF80F001005F205D30FBF7D7
:102B6000D1FCB847337E022B00F09381EA79D4F888
:102B7000C030002A40F050816B48984795F83920C2
:102B8000D4F8C030012A0CBF68486948984795F8C6
:102B90003A20D4F8C030002A00F0EE80654898470B
:102BA000F1F7D6F9C3B210F03F0000F0A781DF07BC
:102BB00040F16D81604B1B681A78604B03F8012B64
:102BC000420818D0D10700F17781820813D0D207CC
:102BD00000F17881C2080ED0D70700F17D8102098B
:102BE00009D0D10700F17E81400904D0524A5269D0
:102BF000127803F8012B0021D4F8C02019704F4837
:102C0000904795F82430002B40F0BD800020D4F888
:102C1000C070F1F75DFC0378DA0700F130814848B5
:102C2000B84795F898301BB1D4F8C030454898475C
:102C300095F82530D4F8C020002B00F004819F07C0
:102C400000F1FC80D80703D5D4F8C0303E4898473F
:102C50003E4F7B7FD90704D5D4F8C0303C48984715
:102C60007B7F5A0704D5D4F8C0303A4898477B7F19
:102C7000980703D5D4F8C0303748984796F8803184
:102C8000590706D57B7F1A0703D5D4F8C0303348DF
:102C90009847D5F83031D4F8C060D869FBF732FCDA
:102CA0002F4902460220FEF737FDB0472D4BE86E54
:102CB0001B68D4F8C05098472B4902460220FEF703
:102CC0002BFDA8470020F1F703FCC3689B7ADB07C4
:102CD00000F1C080D4F8C0302448BDE8F041184766
:102CE0000D4ED4F8C03022489847337E022B7FF433
:102CF0000EAF6B79002B40F0EB801E48D4F8C0304B
:102D0000984704E7C83C0020D04A0020989202105F
:102D1000A09202105C91021044640020AC92021058
:102D20005092021060920210B0920210889202102B
:102D300090920210C0920210CCF1021000480020C4
:102D4000688B0210708B0210EC920210B83F0020CA
:102D5000F4920210FC920210049302100C930210E1
:102D6000149302100C4C00201893021088E70210F4
:102D7000A49202104C9202106848984795F82430AB
:102D8000002B3FF443AF1E2BD4F8C02000F2B080DC
:102D9000013B1D2B3FF63AAF01A151F823F000BFD4
:102DA000132F01100D2F0110072F01100D2C0110F2
:102DB0000D2C01100D2C01100D2C01100D2C0110EB
:102DC0000D2C01100D2C01100D2C01100D2C0110DB
:102DD0000D2C01100D2C01100D2C01100D2C0110CB
:102DE0000D2C01100D2C01100D2C01100D2C0110BB
:102DF0000D2C01100D2C01100D2C01100D2C0110AB
:102E00000D2C01100D2C01100D2C01100D2C01109A
:102E10000D2C0110012F011041489847EB79012B2F
:102E20003FF4ACAE022B0CBF3E483F48D4F8C03054
:102E30009847A3E63D4884E63D487AE63D489047FA
:102E400095F82530FEE63C48904701E7FBF75AFB32
:102E5000B0471CE60020D4F8C050F1F739FB002140
:102E60008068FBF773FB354902460220FEF754FCED
:102E7000A847D4F8C0303248BDE8F04118470020D8
:102E8000F1F726FB03789B0724D52E48C8E62E4B86
:102E900096E60020F1F71CFBC3689B7ADB077FF501
:102EA00065AE0020D4F8C070F1F712FB4378002B18
:102EB00032D02648B84759E6254A5268127803F8B6
:102EC000012B82E6224A9268127803F8012B81E6F0
:102ED000204813E72048A3E61D4AD268127803F879
:102EE000012B7CE61A4A1269127803F8012B7BE663
:102EF0003C2B7FF48BAE1948904787E6124B7AE65D
:102F00001748904782E6174890477FE61648904753
:102F10007CE61648904779E61548CBE7C892021040
:102F2000B8920210809202108492021068920210ED
:102F300058920210788B0210F09202101C9302102B
:102F400088E70210608B021000480020789202107F
:102F5000CCF1021048920210588B0210E492021039
:102F6000DC920210D0920210D8920210D492021079
:102F70007092021070B50B4C0D46D4F8C060FBF790
:102F8000C1FA094B024609490320FEF7E3FBB047AB
:102F90002846D4F8C0309847D4F8C0300448BDE87B
:102FA00070401847C83C002038900210209302104F
:102FB0001096021070B506460C46094D0948D5F822
:102FC000C03098473046D5F8C0309847D5F8C03063
:102FD00005489847054B2046BDE870409B68184758
:102FE000C83C002024930210C4920210A03B002091
:102FF0002DE9F04F0546B74C9BB0D4F8C030B64829
:103000009847B648D4F8C060FBF77CFAB047B4489C
:10301000D4F8C03098472846D4F8C0309847D4F840
:10302000C030B0489847002005F0A0FA0246AE4BE9
:1030300093E803000190ADF8081010461AB1937A96
:10304000DE0700F1FB820DF109024E2194F80A32ED
:1030500011709D0748BF4D21A44E48BF517096F88E
:1030600080514CBF931C531CE90748BF502296F86F
:10307000E21148BF03F8012B0A0744BF5A2203F8A4
:10308000012B8F0744BF482203F8012B96F87A21C1
:10309000120744BF542203F8012B96F87421D70677
:1030A00044BF412203F8012B28B1827A90075CBF0C
:1030B000442203F8012B96F80921D20744BF30229D
:1030C00003F8012B94F8F821D70744BF532203F8E3
:1030D000012B6D0744BF522203F8012B48075CBF48
:1030E0004C2203F8012B94F80022110744BF2B2235
:1030F00003F8012B96F86D21D2075CBF572203F825
:10310000012BD4F8A02012B1322203F8012B2C217C
:1031100001ADD4F8C020198028469047D4F8C0707B
:10312000FBF7F0FEFBF7EEF9B847D4F8C030704873
:103130009847A06AD4F8C070FBF7E4F9B847D4F810
:10314000C0306B4898470620D4F8C070FBF7DAF916
:10315000B847684FD4F8C03065489847DFF884A175
:10316000B869D4F8C080FBF7CDF9C047D4F8C030B7
:1031700050469847F0F7FAFDD4F824318046984736
:103180005D4B814693E8030001900620ADF80810DE
:10319000FBF7B8F90146284613F09EFF3A230021B9
:1031A0008DF80A30554B28461A68D4F8C0B012780A
:1031B0008DF80B205A6812788DF80C209A681278D6
:1031C0008DF80D20DA6812788DF80E20D3E90423EB
:1031D00012788DF80F201B788DF811108DF81030B3
:1031E00014F016FD0346DAF80000E8502846D847E8
:1031F00096F870C1424B1CF0400F0FCB85E80F00D2
:1032000014BF404B404B1B68ADF814301B0C8DF8BD
:10321000163096F8E231DB0700F13682D4F810312F
:10322000002B00F03D82D4F8143113B3284614F07B
:10323000EFFC0346354A03CAE85094F8FA0194F8C3
:10324000FB212B445960C30902F001029B0043EAB1
:103250004203C0F380101843FBF754F98246284616
:1032600014F0D6FC5146284414F0D2FA204B1B88A7
:10327000038094F9003294F800A2002BC0F260821F
:103280001AF0200F40F01D821AF0100F40F0248237
:103290001AF0400F40F02B8294F9F93194F8F9A11B
:1032A000002BC0F23282337E022B00F03C8294F875
:1032B000FA31D80700F1CA81D4F8E03153B3284677
:1032C00014F0A6FC0346124A03CAE8502B44596086
:1032D00020E000BFC83C00205C93021051BB7E017F
:1032E000C492021088E70210689302104464002020
:1032F00090930210A03B002070930210CCF10210BA
:1033000078930210289302102C930210A0930210BD
:10331000D0930210B9F1000F40F05481337F042B99
:1033200006D0D4F8E0301BB12846B04913F0D4FEE3
:103330001AF0010F40F05281284614F069FC034650
:10334000AB4AE9181068167994F8FB21E8500E7121
:10335000910700F191810DF0EDF8002840F0818196
:10336000284614F055FC00F167030DEB030010F83C
:10337000643C2C2B04BF002300F8643C2846D4F89E
:10338000C030984701203B6E98479A48D4F8C03027
:1033900098479948D4F8C0309847D4F8C030974837
:1033A0009847B4F800321A0400F14E819BB2002B0A
:1033B00000F04A8194F80022914912F0080F2A4641
:1033C00040F0F880DE0704D45B08DE0701F101015C
:1033D000FAD508780131202803D0442818BF02F814
:1033E000010B5B08EED100262846D4F8C0301670D9
:1033F0009847D4F8C0307F48984798F8003013F0C9
:10340000FB0F28D0D4F8C0307E48984794F8A031FC
:103410008DF80460042B00F09F8198F80030032B96
:1034200000F0A181022B00F09581774E284614F020
:10343000EFFB3146284414F0EBF9D4F8A8210346F9
:10344000002A40F092812846D4F8C0309847694855
:10345000D4F8C0309847636B7BB1D4F8C0306B4868
:103460009847636BD4F8C0509847800AFBF74AF836
:10347000A8476748D4F8C030984763685BB1D4F870
:10348000C03064489847D4F8C030606898475948BD
:10349000D4F8C0309847A3685BB1D4F8C0305E4818
:1034A0009847D4F8C030A06898475248D4F8C03044
:1034B0009847E3685BB1D4F8C03058489847D4F8CF
:1034C000C030E06898474B48D4F8C03098476369EB
:1034D0005BB1D4F8C03052489847D4F8C030606926
:1034E00098474448D4F8C0309847E36A6BB1D4F8A1
:1034F000C0304C489847E06AD4F8C050FBF702F857
:10350000A8474948D4F8C0309847002101200BF063
:10351000EFFF0121804608460BF0EAFF0021064636
:1035200008460BF0E5FF0121054600200BF0E0FF07
:1035300048EA06032B430343DBB281465BB3D4F86E
:10354000C0303A4898474046D4F8C080FAF7DAFFCE
:10355000C047D4F8C030364898473046D4F8C060E9
:10356000FAF7D0FFB047D4F8C03031489847284622
:10357000D4F8C050FAF7C6FFA847D4F8C0302C489A
:1035800098474846D4F8C050FAF7BCFFA8471948F6
:10359000D4F8C030984700203B6E98471BB0BDE878
:1035A000F08F08780131202818BF02F8010B5B0862
:1035B0003FF419AFD807F4D45B08D80701F1010133
:1035C000EFD4F9E7B9F1020F00F0C280194928469B
:1035D00013F082FD1AF0010F3FF4AEAE284614F04E
:1035E00017FB0346144A1068E850A5E6389302100A
:1035F000DC93021088E70210F49302100C9402107E
:1036000098F20210189402104493021030940210A1
:1036100040940210489402105494021068940210CE
:103620007C94021084940210949402109C940210D2
:103630009093021030930210D893021056230DF18C
:103640000A028DF8093000E52A46CCE6284614F037
:10365000DFFA03464E4A10681279E8502B441A717B
:103660002AE6284614F0D4FA03464A4A106812792A
:10367000E8502B441A7173E6474A04331068E9187E
:10368000E85013790B7166E6444B18689B88CDF8B7
:103690001600ADF81A30D4F81031002B7FF4C3AD0A
:1036A000284614F0B5FA03463D4A94F800A203CA2E
:1036B0001278E8501AF0200F2B4459601A723FF428
:1036C000E3AD284614F0A4FA0346364A1AF0100F68
:1036D0001068E8503FF4DCAD284614F099FA034630
:1036E000314A1AF0400F1068E8503FF4D5AD284633
:1036F00014F08EFA03462D4A94F8F9A11068E850A8
:1037000094F9F931002BBFF6CEAD284614F080FABB
:103710000346274A10681279E8502B441A71337E09
:10372000022B7FF4C4AD284614F072FA0346214AF6
:10373000106891889279E8502B4499809A71B6E587
:10374000284614F065FA03461B4A1068E85097E5CE
:103750001A493CE71A4E69E6284614F059FA194B03
:103760001B882B5259E6184E60E6900A174A1288B9
:103770001A80FAF7C7FE0646284614F049FA314681
:10378000284414F045F8124B1B8803805BE600BF09
:10379000C8930210EC930210E49302108C93021071
:1037A00094930210AC930210B0930210B4930210E1
:1037B000B8930210C0930210A89302103C93021019
:1037C00054930210289402104C9302105C91021042
:1037D0002C9402102DE9F04F95B009F0AFF80023BA
:1037E00003934FF00203804C0546804908A88DF8EA
:1037F000003008F0DBFFD4F8103113B198478DF892
:103800000000D4F8C4307A48984714F029FCDFF857
:103810000CB207469BF8983013B1082800F0CF800F
:103820002B0E0493202F4FEA2563019300F2BA80F8
:10383000202F26D8DFE817F0B404C204D6042500F0
:10384000BB04250025002500750425002500250062
:1038500025002500250025009C04250025002500C5
:103860002500250025002500250025002500250030
:103870002500250025002500AD04D4F8C4305D489E
:1038800098475D4E96F86C8118F0010840F0A780CB
:103890000DF120090DF1380A40460121F0F7AAFB8D
:1038A00099ED007A07EE900A77EE677A08F1010841
:1038B000B8F1060FE9EC017A4AF8040BECD196F85E
:1038C0006C21D4F8C430D10700F18B804B48984765
:1038D0004B4B08A81B68D4F8C4809847C04796F89B
:1038E0006C319A0718D5D4F8C43046489847D4F8B4
:1038F000C480FBF7B9FFFAF705FEC0474248D4F889
:10390000C4309847D4F8BC30D4F8C4809847FAF74C
:10391000F9FDC04796F86C315B0700F17B8200200F
:1039200004F024FE836A82469847C3B2029396F855
:103930006C3118077FD5354BD4F8C480D3F800908C
:103940009AF80A30D9076BD507F08AFCC847304986
:1039500002460220FDF7E0FEC047029BD4F8C48077
:1039600013F0010040F0D783FAF7CCFD2649024658
:103970000220FDF7D1FEC047DAF83C30002B58D0CA
:103980000120D4F8C4809847006814F02DFBFAF7A2
:10399000B9FD1D4902460220FDF7BEFEC04796F85C
:1039A0006C3148E0802F3FF468AF40F29483B7F564
:1039B000807F00F00384B7F5007F7FF462AF0E4E86
:1039C000D4F8C4301348984796F86C812B0E0493B2
:1039D00018F001084FEA256301933FF459AFD4F87A
:1039E000C4300D4873E700BFC83C00208040002071
:1039F000E49402102C95021044640020B09402104C
:103A0000084C00203C950210909302100C4C0020B2
:103A10004C95021034950210A8940210D04A002050
:103A200007F01EFCC847AB4902460220FDF774FEB2
:103A3000C04796F86C31DA064CD5E36D984707908D
:103A400014F0DEFAE36E5FFA80F99847024644F21A
:103A5000840CDFF8A882009898F82730C0F3400E55
:103A6000C3F3801343EA920303F001038EF0010EC7
:103A70009B00B8F8081000F0010043EACE1343EAB7
:103A8000803322F481420CEA030C22F0040201F09C
:103A9000D0014CEA0202B1B194F80032980605D484
:103AA00098F80810C1F3801161F34512D90605D4C6
:103AB00098F80830C3F3001363F3041294F801324A
:103AC0001B0740F1978293B259EA030140F09C82B0
:103AD00096F86C3113F0400200F08581DFF83082F7
:103AE00098F80020002A00F03B8115F0400140F0DA
:103AF0003781013AD2B261F3861588F80020092A8D
:103B000003D917B9092388F8003096F86C3113F0FF
:103B1000200200F0658170490A78002A00F0428195
:103B2000E80500F13F81013AD2B20A70092A02D9B0
:103B30000FB909220A7025B99BF89820002A00F0D5
:103B4000F180C5F30722EF059146049210D513F0DA
:103B5000010F0EAB059340F00282D4F8C4305F48E9
:103B600098475F4B05981B68D4F8C4709847B847CE
:103B700019F0020F0AD0D4F8C4305A4898479BF87D
:103B80002000D4F8C470F0F7B3F9B8476806EFB274
:103B900000F1978117F0B00F4FFA87FA03D19BF825
:103BA0009830002B34D0A36F98474F4A4F4BC0B288
:103BB0001A60029AD10740F1418112F0020F0CBF46
:103BC00053224322043303F8012C029A910606D5AE
:103BD00094F8F921D20744BF452203F8012BC1070D
:103BE00044BF462203F8012B820744BF4D2203F84D
:103BF000012B9BF898202AB1BAF1000FA4BF5422E0
:103C000003F8012B002239481A70D4F8C4309847C1
:103C1000B80700F11581364B1D4216D0B38AA3B107
:103C2000DFF8D880D4F8C43098F8092092074CBF48
:103C300030483148984798F809309B0705D5B08A35
:103C4000D4F8C480FAF75EFCC047F80709D52B4BBF
:103C500093F8C020D4F8C430002A40F07E81284870
:103C6000984779071ED5DFF8948098F80C202AB978
:103C700096F8E23113F0220F14D03F2298F8541036
:103C8000D4F8C4308A430CBF1E4A1F4A1F49022081
:103C90000293FDF741FD029B984796F8E2319A079F
:103CA00000F12C823B0703D5337E022B00F0D98232
:103CB000BAF1000FC0F2C4826F0300F12C81049BA3
:103CC000180600F1398119F0080F2BD00B4B186D35
:103CD00020E000BF549502105C7200206095021035
:103CE000084C0020689502107C413A0000480020F2
:103CF00001000080B8940210C0940210B83F002068
:103D0000CC9402106488021058880210809502102A
:103D100057720020411C05DBD4F8C47040F0D281FA
:103D2000A548B847A54BD3F8883023B1A44AD4F8A6
:103D3000C400516A9847019B002B57DB96F86D3100
:103D40009A0700F15682D4F8C4309E489847002064
:103D500008F0FAFD039B002B55D115B0BDE8F08F9C
:103D600017F07C0F45F0400540F01E8109220199B3
:103D700088F800200029FFF6CAAE15F0100F029B4C
:103D800018BF012363F30415AB0600F1E082A36FB3
:103D90009847C3B2003B18BF012398F8002063F393
:103DA0004515ACE617F07C0045F4807500F0E68020
:103DB0001D2201980A700028FFF6BDAE680600F1CA
:103DC000E7827F48407A40077FF5B5AE04988006C9
:103DD0003FF5AEAE4FF4807025F480750390A5E6F4
:103DE00062F30825A7E662F3861590E6D4F8C4309E
:103DF00075489847724B5B79002BA4D0D4F8C43037
:103E0000724898479FE74FF4807008F09DFD15B009
:103E1000BDE8F08FFBF73AF900283FF480AD406A27
:103E200000287FF77CADD4F8C480FAF76BFB6849B3
:103E300002460220FDF770FCC04770E50333C4E67C
:103E4000F0F786F8C3B210F03F0000F0DF82D90728
:103E500000F131815F4B420828D0D20704D55E4A79
:103E60005268127803F8012B82081FD0D10704D5BD
:103E7000594A9268127803F8012BC20816D0D2076B
:103E800004D5554AD268127803F8012B02090DD0E7
:103E9000D10704D5504A1269127803F8012B400962
:103EA00004D04D4A5269127803F8012B00224B4886
:103EB0001A70D4F8C43098474648D4F8C4309847AC
:103EC000A9E6DFF8FC80D4F8C430D8F810000593D8
:103ED000FAF718FB424902460220FDF71DFC059B3C
:103EE0009847D8F81400D4F8C480FAF70BFB3D4982
:103EF00002460220FDF710FCC047DAF80430D4F87F
:103F0000C480D868FAF7FEFA364902460220FDF767
:103F100003FCC0473EE6009BD4F8C470C3F3811095
:103F2000FAF7F0FA304902460220FDF7F5FBB847F0
:103F3000049B18067FF5C7AE214BD4F8C47093F8E4
:103F4000A000003818BF0120FAF7DCFA2749024622
:103F50000220FDF7E1FBB847B5E6254880E61F469D
:103F60004FF0000840460121F0F744F808F101083D
:103F7000B8F1060F47F8040BF4D1EEE54FF0090C49
:103F8000019A81F800C0002AFFF6D5AD6A0600F15B
:103F900006820B48407A40077FF5CDAD049A920621
:103FA0003FF5C9AD624615E71322019988F8002054
:103FB0000029BFF6E2AEAAE59C950210A03B0020C6
:103FC000B83F0020B8950210A4950210B0950210D9
:103FD0004495021000480020CCF1021078950210A0
:103FE0007095021090930210889502108C95021023
:103FF000C494021098F80830DB0963F3CB2293B223
:1040000059EA03013FF464ADDFF870C2994903C96E
:10401000CCF800008CF80410B9F1000F00F01E81FC
:10402000500500F11B8119F03F0000F0028219F0E9
:10403000010F00F0ED8190490CF1050C0968097839
:104040000CF8011C410828D0C90704D58A494968E1
:1040500009780CF8011B81081FD0C90704D58649CF
:10406000896809780CF8011BC10816D0C90704D566
:104070008149C96809780CF8011B01090DD0C907ED
:1040800004D57D49096909780CF8011B400904D061
:104090007949496909780CF8011B00218CF8001056
:1040A000002B40F05881002374488CF80030D4F87D
:1040B000C43098470CE5704B1B681A786F4B03F8B7
:1040C000012BC8E6FAF71EFA6D4902460220FDF7F9
:1040D00023FBB84726E6402F7FF4D3AB694BD4F8D7
:1040E000C46093F82800FAF70DFA674902460220E7
:1040F000FDF712FBB047654EFFF7C4BB98F85400BC
:10410000D4F8C480FAF7FEF9614902460220FDF7AF
:1041100003FBC047C6E5DAF80430586813F064FFC3
:1041200022E4D4F8C4305B489847564A574E92F878
:104130004430127A012B02F02002D9B200F04F81F4
:10414000554B1978002900F041819DF80000C0F31B
:104150000001197000F00103002A40F03A81002BA1
:104160003FF490ABD4F8C4304C489847FFF78ABB73
:10417000444BD4F8C46093F829000138FAF7C2F927
:10418000474902460220FDF7C7FAB0473F4EFFF706
:1041900079BBD4F8C430434898473C4EFFF772BB14
:1041A000D4F8C43040489847384EFFF76BBBD4F87A
:1041B000C4303E489847354EFFF764BB2B16002BA2
:1041C000324E03DB96F86D31580705D52D4B93F829
:1041D000BC00002840F00E81D4F8C4303448984721
:1041E000FFF750BBD4F8C43032489847274EFFF74A
:1041F00049BB0020F0F76CF92F4BDBED1B7AD3EDB8
:10420000006AF4EE667AF1EE10FADBF8302190EDF8
:10421000027AD169294A5BD0294EC3ED007A82ED3A
:10422000007A31604FF48051236C264898476B0523
:104230007FF589AD4FF40051236C2248984782E501
:10424000DBF83031D4F8C470D869FAF75BF91E494D
:1042500002460220FDF760FAB8472DE50CF1040C88
:104260001EE79BF80520D4F8C430002A71D0174807
:1042700098471DE558950210CCF102100048002027
:1042800094950210B83F0020249502104464002049
:1042900090930210F094021059720020F4940210CE
:1042A000F894021000950210E89402100495021090
:1042B000149502101C950210CC490020C066002005
:1042C000F86D00200040002084950210D494021064
:1042D000D2ED006AF4EE476AF1EE10FA564E9CD128
:1042E0003068884299D1DBED457AF5EE407AF1EEFF
:1042F00010FA1DD1DBED447AF5EE407AF1EE10FABA
:1043000016D1DBED437AF5EE407AF1EE10FA0FD1DB
:10431000DBED427AF5EE407AF1EE10FA08D1DBEDF2
:10432000417AF5EE407AF1EE10FA08BFDBED407A03
:10433000F5EE407AF1EE10FA14BF012100213F4A58
:104340001378994267D083F0010313706AE7012361
:1043500025E53B488CE7120416D494F8002212F0AD
:10436000080F384A2AD1D80704D45B08D80702F1CD
:104370000102FAD511780132202903D0442918BF4F
:104380000CF8011B5B08EED100238CF800308AE6A4
:104390004FF4807225F480750392FFF7CCBB4FF485
:1043A000807260F308250392FFF7C5BB11780132D4
:1043B000202918BF0CF8011B5B08E5D0D907F5D4FC
:1043C0005B08D90702F10102F0D4F9E7002A3FF4B3
:1043D00059AAD4F8C4301C489847FFF753BA96F846
:1043E0006D311B077FF5ACAE184B1970002A3FF4F6
:1043F000B9AEEEE7D4F8C480FAF784F8144902465F
:104400000220FDF789F9C047FFF73CBA114B4DE593
:104410000CF1040C16E64C220F49104812F0E0FD96
:1044200000283FF404AF4C220B490C4813F07AFBF0
:10443000F8E60CF1040C30E6F86D00204C72002018
:10444000DC94021098F20210C894021059720020F5
:104450000C95021000480020D04A0020C4500020D3
:1044600040F28133994212D070B50C4606460021C5
:10447000204602F0C5FE40B10288A2F11803012BCC
:1044800008D990F82C50ED095DB1352070BD11466A
:10449000FCF790BD064B93F8E351C5F34005002DA2
:1044A000F3D10146A21A3046FDF7ECFB284670BD59
:1044B000446400202DE9F0410D46064600212846BF
:1044C00002F09EFE002832D003880446183B9BB2BF
:1044D000012B2FD990F82C30DB0943BB284602F082
:1044E000E5FFDFF8908007466EB9D8F8C0301A486B
:1044F00098472846D8F8C050FAF704F8A847174854
:10450000D8F8C0309847D8F8C030CFB1384698476F
:1045100094F82C30DB0705D53A78D8F8C030CAB902
:104520000F4898471EB9D8F8C0300E489847002069
:10453000BDE8F0810C4B93F8E331C3F34003CCE7C3
:104540000A48984794F82C30DA07EBD5D8F8C030F1
:104550000348E6E70648E4E7BC950210C4F20210FF
:104560008890021088E702104464002074910210C1
:1045700084900210C83C00202DE9F041294F0646E6
:10458000FB6F9847044626B1274B2848D3F8C03024
:10459000984700252388A4681D44002CFAD1FB6F9E
:1045A000984704210446284610F006FF074650B3FA
:1045B000218859B184460023626802EBC3020133AB
:1045C0008B424CF8042BF7D100EB8300A468002C3D
:1045D000EED1042229463846154B11F033FF4DB178
:1045E000A7F10408314658F8040F0134FDF76AFAC0
:1045F000A542F7D1384610F0F5FE0020BDE8F08165
:10460000A468002CF9D02388002BF9D0002560681D
:10461000314600EBC500FDF755FA23880135AB4262
:10462000F5D8EDE7A03B0020C83C0020CC95021057
:10463000650901102DE9F0412A4F0646D7F8803070
:104640009847044626B1284B2848D3F8C0309847ED
:1046500000252388A4681D44002CFAD1D7F88030A7
:10466000984704210446284610F0A6FE074650B39A
:10467000218859B184460023626802EBC3020133EA
:104680008B424CF8042BF7D100EB8300A468002C7C
:10469000EED1042229463846154B11F0D3FE4DB118
:1046A000A7F10408314658F8040F0134FDF77AFAEF
:1046B000A542F7D1384610F095FE0020BDE8F08104
:1046C000A468002CF9D02388002BF9D0002560685D
:1046D000314600EBC500FDF765FA23880135AB4292
:1046E000F5D8EDE7A03B0020C83C0020149602104E
:1046F000710901102DE9F04780460E46002502F0B1
:10470000EFFA4278806915440028FAD102F0E8FAFD
:1047100004210746284610F04FFE0446002843D0E7
:10472000864697F80190B9F1000F17D00020844613
:104730007A68236802EB000A9AF8011063B32246F4
:1047400002E052F8043F3BB35B788B42F9D1013D64
:104750000CF1010CCC4500F10C00E9D1BF69002F30
:10476000DFD1B8F1000F1AD1184B04222946204698
:1047700011F068FE55B10027A4F10408314658F83D
:10478000040F0137FCF72AFFAF42F7D1204610F0A3
:1047900029FE0020BDE8F0874EF804ABD8E70C4BAB
:1047A000E3E7BF69002FF4D07B78002BF9D0002419
:1047B0002546786831462044FCF710FF7B780135A8
:1047C000AB4204F10C04F4D8EBE700BFA90F0110D1
:1047D0007D09011038B5047894B9294D2948D5F8D8
:1047E000C03098472848D5F8C03098472748D5F8B2
:1047F000C030984720462649FFF77CFF002038BD8F
:1048000005460346A4F16101192998BF04F05F042D
:1048100003F8014B1C78002CF4D128461D490AF0FE
:104820006BF830B11C4B9B6E002BE7D098470020F3
:1048300038BD284619490AF05FF820B12146012009
:10484000FCF7B8FBDAE702F04BFA2A460446417857
:104850004068FCF7E3FC0028D0D1A4694CB1606843
:104860000028FAD02A466178FCF7D8FC0028F4D05A
:10487000C4E7034B0A48D3F8C0309847BEE700BFEF
:10488000C83C00205C9602106C96021078960210CC
:104890005C91021084960210A03B002090960210BA
:1048A0009C96021070B5274B274C284E0FCB07C49F
:1048B000B6F8C2202370150440D493B2002B3DD02B
:1048C000234D204695F8002212F0080F214A2DD1E1
:1048D000DC0704D45B08DC0702F10102FAD5117889
:1048E0000132202905D0442903D0044604F8011BD5
:1048F00020465B08ECD12C23D6F8C41000F8013B0D
:10490000FCF7ACFFD5F8C0300F4898471248D5F8EF
:10491000C0309847002070BD11780132202903D0A3
:10492000044604F8011B20465B08E4D0D907F3D401
:104930005B08D90702F10102EED4F9E72046044DE5
:10494000D9E700BFA496021000480020B83F00201D
:10495000C83C002098F2021088E7021030B50D4BD9
:104960000D4C83B093E8070003C40C4D2270EB6D2F
:10497000984701462046FCF771FFD5F8C030A4F1F6
:10498000080098470648D5F8C0309847002003B083
:1049900030BD00BFB496021000480020C83C002083
:1049A00088E7021010B54F4C82B0636E98470346FB
:1049B0004D4A4E49ADF8043003C982E80300184659
:1049C00010F03F0000F08C80DBB2DB077BD4D31DFE
:1049D000420800F08180D10704D5454A5268127818
:1049E00003F8012B820877D0D20704D5404A926899
:1049F000127803F8012BC2086ED0D10704D53C4AC7
:104A0000D268127803F8012B020965D0D20704D5C9
:104A1000374A1269127803F8012B40091A4604D06C
:104A2000334B5B691B7802F8013B2C2113469DF840
:104A3000050003F8011B10F03F0131D0C00704D579
:104A40002B48931C0068007850704A0828D0D00783
:104A500004D5274A5268127803F8012B8A081FD020
:104A6000D20704D5224A9268127803F8012BCA08AB
:104A700016D0D00704D51E4AD268127803F8012B4D
:104A80000A090DD0D20704D5194A1269127803F821
:104A9000012B490904D0164A5269127803F8012BF8
:104AA00094F80822D2B1134A917810889970D4F8FA
:104AB000C02018800C4890470F48D4F8C030984761
:104AC000002002B010BD0A4902F108030968097804
:104AD000D17142087FF47FAF1A46A6E7074AE3E7A1
:104AE0000732A2E7C83C002000480020C896021008
:104AF000CCF10210C096021088E70210C496021092
:104B00004FF0FF302DE9F041EFF7E2FCC368DB6BBB
:104B1000002B3DD00546022098470246EB68002056
:104B2000DB6BD768984706461B4C1C48D4F8C0304E
:104B300098477069D4F8C080F9F7E4FCC047D4F80E
:104B4000C03017489847B069D4F8C080F9F7DAFC4C
:104B5000C047D4F8C03012489847F069D4F8C06014
:104B6000F9F7D0FCB047D4F8C0300D48984703217E
:104B70003846D4F8C060F9F7E9FCB0470948D4F8E2
:104B8000C0309847EB680020DB6B0BB1BDE8F081CB
:104B90000320BDE8F08100BFC83C0020D096021081
:104BA0009093021088E7021030B500241D4D85B0A7
:104BB000D5F8CC31CDE90144039463B301AA204672
:104BC00019499847029800EB4000C00010F0E2FB42
:104BD000D5F8CC310246039000B32046134901AA10
:104BE0009847DDE90210124B182211F02BFC029BB2
:104BF00001946BB12346039803EB430300EBC3001E
:104C0000FCF75CFBDDE90132013393420193F2D3FF
:104C1000039810F0E7FB002005B030BD0549984728
:104C2000F9E700BFC83C002089090110350E0110CA
:104C300091090110751A011010B5002482B02246A6
:104C400021460E4B009401200AF0BCFD01212246B2
:104C500008460B4B00940AF0B5FD2246214620463B
:104C6000084B00940AF0AEFD012122462046064B77
:104C700000940AF0A7FD204602B010BDE513011014
:104C800029130110910A0110C509011030B53B4CE0
:104C90008BB0D4F83831002B6DD001A8984700288C
:104CA00069D0D4F8C030364898470698D4F8C05038
:104CB00000F26C70F9F726FCA847059D3148D4F83E
:104CC000C03001359847092D03D8D4F8C0302E489C
:104CD00098472846D4F8C050F9F714FCA847049D1B
:104CE0002848D4F8C0309847092D03D8D4F8C030EC
:104CF000254898472846D4F8C050F9F703FCA84740
:104D0000039D2248D4F8C0309847092D03D8D4F821
:104D1000C0301D4898472846D4F8C050F9F7F2FB38
:104D2000A847029D1A48D4F8C0309847092D03D8E7
:104D3000D4F8C030144898472846D4F8C050F9F742
:104D4000E1FBA847019D1248D4F8C0309847092DCF
:104D50000CD92846D4F8C050F9F7D4FBA8470D4821
:104D6000D4F8C030984700200BB030BDD4F8C03024
:104D700005489847EDE703200BB030BDC83C002044
:104D8000E4960210FC8E021058880210EC96021075
:104D9000C492021088E7021010B504460848214664
:104DA00003F082FB0CB1002010BD03F041FB002892
:104DB000F9D1044B0448D3F8C0309847002010BD07
:104DC000110B0110C83C0020F096021010B58E4C5B
:104DD00082B0D4F8B030002B00F00B81002098474F
:104DE00083B20190002B7DD0D4F8C030874898471B
:104DF0009DF8043013F03F0200F02781DB0700F13B
:104E0000FB80834B510828D0C80704D581494968E5
:104E1000097803F8011B91081FD0C90704D57D4903
:104E20008968097803F8011BD10816D0C80704D592
:104E30007849C968097803F8011B11090DD0C90721
:104E400004D574490969097803F8011B520904D093
:104E5000704A5269127803F8012B00229DF8050070
:104E60001A70002836D02C211A4602F8011B10F0C7
:104E70003F012DD0C00704D566489A1C0068007811
:104E800058704B0824D0DB0704D5624B5B681B7855
:104E900002F8013B8B081BD0D80704D55D4B9B68FB
:104EA0001B7802F8013BCB0812D0DB0704D5594B25
:104EB000DB681B7802F8013B0B0909D0D80700F129
:104EC000BC80490904D0534B5B691B7802F8013B55
:104ED00000231370D4F8C0304D4898474E48D4F89A
:104EE000C0309847BDF80630002B7CD0D4F8C030D5
:104EF0004A4898479DF8063013F03F0200F0A3801F
:104F0000DB0700F18D80424B510828D0C80704D53B
:104F100040494968097803F8011B91081FD0C90767
:104F200004D53C498968097803F8011BD10816D0DB
:104F3000C80704D53749C968097803F8011B110966
:104F40000DD0C90704D533490969097803F8011B55
:104F5000520904D02F4A5269127803F8012B00221B
:104F60009DF807001A70002835D02C211A4602F847
:104F7000011B10F03F012CD0C00704D525489A1C16
:104F80000068007858704B0823D0D80704D5214B0F
:104F90005B681B7802F8013B8B081AD0DB0704D54D
:104FA0001C4B9B681B7802F8013BCB0811D0D8073B
:104FB00004D5184BDB681B7802F8013B0B0908D0BD
:104FC000DB0734D4490904D0124B5B691B7802F823
:104FD000013B00231370D4F8C0300D4898470E48A9
:104FE000D4F8C0309847D4F8B03000200BB102B0EC
:104FF00010BD032002B010BD0649054B09680978B1
:1050000003F8011BFEE600BFC83C00200C9702100D
:1050100000480020CCF1021088E702101C97021013
:105020000B490C4B0968097803F8011B6CE7084B26
:105030001B691B7802F8013BC4E7054B1B691B7811
:1050400002F8013B3DE7034B89E7024B05E700BF50
:10505000CCF1021000480020014B14209B68184737
:10506000A03B0020084B30B49C46084CDD6B0FCCB5
:10507000ACE80F0094E803008CE8030015B12B4660
:1050800030BC184730BC7047A03B0020ACF2021087
:1050900001207047024B0020C3F86011704700BF29
:1050A00044640020084BD3F8A03053B110B5002061
:1050B0000C4698470146054B2140002083F85A11C1
:1050C00010BD3520704700BFC83C0020446400205C
:1050D0000B4610B5054A064C18460121D2F88C2023
:1050E00084F85C319047002010BD00BFC83C002010
:1050F00044640020054B89B2998221B9044B5A7A45
:1051000061F341025A720020704700BF44640020DE
:10511000B83F0020024B0020A3F86C11704700BF7D
:10512000446400200020091A18BF0121034B93F8A2
:10513000092161F3000283F80921704744640020CB
:10514000CB0711D507291AD80E4AC1F3800092F86F
:105150000931C1F3400141EA400123F0070319433B
:10516000002082F809117047064A002092F80931A0
:1051700023F0070343F0040382F809317047342019
:10518000704700BF44640020034691F9012090F964
:105190000000904205BF5B78012000200B70704733
:1051A000094B93F800325B060BD5B1FA81F1074B3E
:1051B000490993F87121002061F3C71283F8712126
:1051C00070473520704700BFC83C00204464002071
:1051D0000020091A18BF0121034B93F8722161F3D3
:1051E000041283F8722170474464002010B5194CF2
:1051F00001F0010094F87A3160F3000384F87A3109
:1052000011F0010306BF19460B46C1F3400394F8A1
:105210007A2118BFC1F380015B0043EA011322F039
:105220001202134313F0010218BF3F220A4984F807
:105230007A31DB0681F8E02005D594F85D3122EA69
:10524000030281F8E020054B4FF000019B6D984769
:10525000002010BD44640020B83F0020C83C00205E
:10526000094B19B193F8E221D2070AD5003918BFCA
:10527000012193F87A21002061F3820283F87A21D8
:1052800070470A20704700BF446400200020091ABC
:1052900018BF0121034B93F8702161F3861283F844
:1052A000702170474464002011F0010304D1094AC1
:1052B00082F8803100207047064B01F00702890711
:1052C00083F88021F6D5D2B242F00402002083F8A0
:1052D00080217047446400200020091A18BF012172
:1052E000034B93F8702161F3410283F870217047FA
:1052F00044640020124A844692F8E33113F002001D
:1053000006D1BCF1180F10D0BCF1190F02D07047B4
:1053100035207047C2F8E410C2F8C410C2F8A410D7
:10532000C2F88410516651647047C2F8E810C2F8A0
:10533000C810C2F8A810C2F888109166916470472E
:10534000446400200020091A18BF0121034B93F880
:10535000702161F3C30283F8702170474464002018
:1053600010B4094C01F0010394F87021C1F340011D
:105370001B0102F06F0243EAC1131343002084F8BB
:1053800070315DF8044B70474464002000B56FEA4B
:10539000010E0A4BC1F3400193F872C193F8E22168
:1053A00081F0010161F3410C6EF3C71283F872C101
:1053B000002083F8E2215DF804FB00BF4464002074
:1053C0000020091A18BF0121034B93F8712161F3E2
:1053D000410283F871217047446400200020091ABB
:1053E00018BF0121034B93F8702161F3451283F834
:1053F00070217047446400201F4A01F00103B2F895
:105400007401C1F3800C1B0143EA4C13C1F3400C3F
:1054100020F4987043EA0C230343A2F8743111F08E
:10542000080305D0154890F8FB3113F0010316D19D
:1054300092F8750111F0100163F3410082F87501D3
:1054400005D00E4B93F9FA1100290EDB002192F8DA
:105450007531002061F3C30382F875317047D0F8CD
:105460001431003B18BF0123E2E7D3F814110039CF
:1054700018BF0121EBE700BF44640020C83C0020B6
:10548000044B93F8FA0110F002000ABF024B03200C
:10549000D9627047C83C0020446400200F4B93F849
:1054A000FA0110F0020017D1CB4310B40C4C9B034F
:1054B000D4F87021C1F3400C03F48043C1F38001A0
:1054C00043EA8C4322F4442243EAC1431343C4F821
:1054D00070315DF8044B704703207047C83C0020D2
:1054E00044640020034BC90001F03F01002083F811
:1054F0005D11704744640020034BC90001F03F0177
:10550000002083F85E117047446400201B4B822802
:1055100093F85D3123FA01F303F0010316D86328F1
:1055200016D964381E2813D8DFE800F01D121212B5
:105530001212121212121A12121212121212121243
:10554000171212121212121212121400A02801D0F5
:105550000020704783B10A4870475BB10948704723
:1055600033B1094870470BB1084870470848704785
:10557000084870470848704708487047446400204E
:105580005C970210609702106C97021074970210DB
:105590003C970210449702104C9702105897021043
:1055A00040F21B23984207EE901A2DD0B0F5077FEA
:1055B00012D2B0F5AA7F20D0B0F5C57F1BD19FEDE8
:1055C000197A67EE877AFCEEE77A17EE902A164B87
:1055D0000020A3F80021704740F2A12398420AD18D
:1055E0009FED107A67EE877AFCEEE77A17EE902A45
:1055F0000D4BA3F8F820002070470B4B0020C3F898
:105600002411C3F8041170479FED067A67EE877A7C
:10561000FCEEE77A17EE902A034B0020A3F8022154
:10562000704700BF00007A444464002003460148EC
:10563000C3617047B86D002000B2704710B50B46CB
:10564000002482B0094801A98DF805308DF8044086
:1056500002F02AFF38B12046054B9DF8042083F85C
:10566000FD2002B010BD342002B010BD89510110E0
:105670004464002010B50B46002482B00B4801A9F9
:105680008DF805308DF8044002F00EFF10B934207B
:1056900002B010BD064B9DF804209DF9050083F86B
:1056A000FC2002F051FD204602B010BD89510110CE
:1056B000446400200A4B10B593F8FA0110F002047C
:1056C0000AD1D3F8E0303BB1042905D8054B19774E
:1056D00007F014FF204610BD0324204610BD00BF74
:1056E000C83C00204464002008B5044B034483F800
:1056F000BA11F5F7FFFC002008BD00BF446400208C
:10570000CBB2012B10B50C460BD0022B02D08BB9BB
:105710000A4A537101220A490A4B0C7600201A707A
:1057200010BD002002F06AFE030705D50022034BDE
:105730005A71EFE7032010BD112010BDD04A0020A0
:10574000446400205272002010B5C9B20A4C4B07C5
:1057500084F8081101D4002010BD002002F04EFE94
:1057600010F01003F7D194F80821352063F382027A
:1057700084F8082110BD00BF4464002010B58E4C91
:10578000237E012B00F00F8140F2CA32E38A8B495D
:105790001E3B9BB2934288BF2323D1ED077A94ED41
:1057A000587A88BFE38291F9F831B4EEE77A002B9A
:1057B000A4BF0023A4F8FE30F1EE10FACB6A48BF74
:1057C000C4ED587A94F85D21002B00F08980900692
:1057D00018D4D4ED346AD4ED357A9FED796A07EEAA
:1057E000103A66EEA77AB8EE477AC7EE865AB4EE5C
:1057F000E57AF1EE10FA05D527EE067AC7EE267A9D
:10580000C4ED357AD00618D4D4ED2C6AD4ED2D7AB7
:105810009FED6B6A07EE103A66EEA77AB8EE477A0C
:10582000C7EE865AB4EEE57AF1EE10FA05D527EE0A
:10583000067AC7EE267AC4ED2D7A100718D4D4ED77
:10584000246AD4ED257A9FED5E6A07EE103A66EE83
:10585000A77AB8EE477AC7EE865AB4EEE57AF1EE4B
:1058600010FA05D527EE067AC7EE267AC4ED257A1A
:10587000500718D4D4ED1C6AD4ED1D7A9FED506A00
:1058800007EE103A66EEA77AB8EE477AC7EE865A68
:10589000B4EEE57AF1EE10FA05D527EE067AC7EEFA
:1058A000267AC4ED1D7A900718D4D4ED146AD4ED8D
:1058B000157A9FED436A07EE103A66EEA77AB8EEC6
:1058C000477AC7EE865AB4EEE57AF1EE10FA05D5BE
:1058D00027EE067AC7EE267AC4ED157AD0073CD5B6
:1058E000237F042B07D9032094F87231207743F0EB
:1058F000080384F8723191F9FA31002B47DB002359
:1059000094F8750163F3C30091F8FB3184F87501D5
:1059100013F0010309D0D1F81411C3B2C3F340034B
:1059200000290CBF002303F0010394F85E1194F8E2
:1059300075010A4063F34100B4F8F010B4F8F23096
:1059400041F4806123F4806384F8750184F85E215A
:10595000A4F8F010A4F8F23010BDD4ED0C6A94ED68
:105960000D7A9FED176A07EE903A26EE877AF8EEE9
:10597000677AC7EE065AF4EEE75AF1EE10FAAFDD99
:1059800067EE867A87EEA67A84ED0D7AA8E794F81A
:105990007531D1F81401C3F3C00300280CBF0023F4
:1059A00003F00103ACE7002002F028FD10F008002E
:1059B00008BF2076E8E600BF44640020C83C002011
:1059C0000000704200B5084B87B06846C3F8D0119C
:1059D000059104910391029101910091F5F742FA2A
:1059E000002007B05DF804FB446400200E4A08B5AF
:1059F000D2F80C31B3B10D4B92F8FBC193F874217E
:105A00001CF0010F61F3410283F8742106D0D2B279
:105A1000C1F3400161F3C71283F874210AF090FCCE
:105A2000002008BD352008BDC83C0020446400208B
:105A3000064A08B5B2F80022054B114021F48061F6
:105A4000A3F8F2100AF07CFC002008BDC83C00203E
:105A50004464002010B5174CD4F80C3143B3164BF6
:105A600093F8742161F3000283F8742194F8FB2108
:105A7000D20714D494F9FA21002A07DA93F8752191
:105A8000C1F3800161F3820283F875210AF058FCAA
:105A90000021D4F80C3108469847002010BD93F837
:105AA0007421C1F3400C6CF3861283F87421E1E792
:105AB000352010BDC83C002044640020074A08B5CA
:105AC000B2F80022064B114041F48061A3F8F010B7
:105AD0000AF036FC06F020FC002008BDC83C00207F
:105AE00044640020003918BF012108B5064B93F823
:105AF000702161F3000283F87021FCF71BFC06F0B3
:105B000035FE002008BD00BF44640020002875D089
:105B100008B50388B3F5C67F49D2B3F5AA7F80F0F4
:105B20008780412B00F23381052B65D9063B3B2B47
:105B300062D8DFE813F016016100560163016100CD
:105B400061006100610023016100500123016100D7
:105B50001601610061006100610061006100610087
:105B60006100610061001D011D016100F500F5008B
:105B7000F500F50061004501610061006100610010
:105B8000610061006100610061006100610061000D
:105B900061006100610061006100610061006100FD
:105BA000610061004A01700161006100160140F26C
:105BB0008A22934200F05C8121D8B3F5F27F00F095
:105BC00060810ED840F2E112934200F0C380B3F539
:105BD000F17F11D1B44BD3F83C01003818BF01203C
:105BE00008BD40F20722934240F01E81AE4B93F96C
:105BF000F831002BC0F21181002008BD7047B3F5C9
:105C00003A7F80F0298140F2E522934200F24581FB
:105C100040F29F22934200F0928040F2A1229342F0
:105C2000EAD1A14B93F80A02003818BF012008BD41
:105C3000A3F5AA73372BDFD801A252F823F000BFD7
:105C4000B75D01102D5D01102D5D01102D5D01105E
:105C50002D5D01102D5D01102D5D01109D5D011068
:105C60009D5D01109D5D0110F95B0110F95B011054
:105C7000F95B0110F95B0110F95B0110F95B011090
:105C8000F95B0110F95B0110F95B0110F95B011080
:105C9000F95B0110F95B0110F95B0110F95B011070
:105CA000F95B0110F95B0110F95B0110F95B011060
:105CB000F95B0110F95B0110F95B0110F95B011050
:105CC000F95B0110F95B0110F95B0110F95B011040
:105CD000F95B0110F95B0110F95B0110F95B011030
:105CE000F95B0110F95B0110F95B0110F95B011020
:105CF000F95B0110F95B0110F95B0110F95B011010
:105D0000F95B0110F95B0110F95B0110F95B0110FF
:105D10003F5E0110235C0110335E01101B5E011019
:105D2000614B93F8FA01C0F3001008BD5E4B93F885
:105D3000FA01C0F3400080F00100C0B208BD5A4B28
:105D4000586E00283FF44CAF93F80802003818BF93
:105D5000012008BD544BD3F8D401003818BF0120EE
:105D600008BD514BD3F81001003818BF012008BD01
:105D7000002002F043FB00F0010008BD4A4BB3F8DD
:105D8000000220F48040003818BF012008BDB42B69
:105D90007DD0BE2B7BD0AA2B7FF42EAF424BD3F805
:105DA000A030002B3FF428AF01209847C0B2003844
:105DB00018BF012008BD012002F020FB43072AD4B0
:105DC000394B93F8F801C00908BD374B93F800022E
:105DD000C0F3C00008BD002002F010FBC0F300209B
:105DE00008BD314BD3F8A030002B3FF405AF0020A5
:105DF0009847C0B2003818BF012008BD2A4B93F85D
:105E0000FA0110F010003FF4EBAE002002F0F6FAB9
:105E1000C0F3C00008BD012008BD02F009FB012845
:105E200094BF0020012008BD40F21B2293427FF462
:105E3000E3AE02F0FDFA003818BF012008BD02F001
:105E4000F7FA00283FF4CCAE012002F0D7FA80F038
:105E50000400C0F3800008BDA3F53A73012B3FF6A0
:105E6000CBAE114B93F80D02003818BF012008BDCE
:105E70000D4B93F8F90100F00600003818BF01201F
:105E800008BD094B93F80002C0F3801008BD074B12
:105E900093F8E301C0F3400008BD034B93F80B02F5
:105EA000003818BF012008BDC83C00204464002011
:105EB000412844D8052840D9831F3B2B3DD8DFE833
:105EC00013F062013C005E0152014E013C003C00B7
:105ED00048013E013C003A0136013C002701200107
:105EE000110106013C003C003C003C003C003C0031
:105EF0003C003C003C0003013C003C003C003C00FA
:105F0000FF003C00F900F300E9003C003C00A20067
:105F1000A200A200A200A200A2003C003C003C00A3
:105F20003C003C003C003C003C003C003C00BC0011
:105F30003C00ED00E000DA00C2000020704740F2B3
:105F4000E113984200F0498100B5B0F5F17F83B0CC
:105F50001CD2B0F5BC7F00F030812DD840F2551333
:105F6000984261D0B0F5AD7F40F03A819F4B93F8F5
:105F7000720193F871314008C3F3801383F0010379
:105F800000F00600184303B05DF804FB40F207235D
:105F9000984200F01881B0F5027F1FD2B0F5F27F71
:105FA00045D040F2E513984240F01A818F4B93F8A8
:105FB0007201C0F30010E6E7B0F5C07F28D040F2D0
:105FC0008B13984240F00C81884B0DF1070193F838
:105FD000FC0002F055FA9DF90700D4E740F21A23BD
:105FE00098421BD0B0F5297F40F0FA807F4B93F8A0
:105FF000720193F9E231C04300F00200002BA8BF08
:1060000040F00100BFE7794B034493F8BA017047B1
:10601000764B93F87101C0F34000B4E7734B93F8EB
:106020005E01C0F3C200AEE7704B187FABE76F4B69
:1060300093F97101C043C00FA5E76C4B93F8700151
:10604000C0F340007047694B93F8742193F87531A1
:10605000C2F3401003F00101800040EA4100C2F3A6
:1060600000121043C3F3400240EAC200C3F3C0036E
:1060700040EA031070475D4B93F87001C0F3401085
:1060800070475A4B93F87001C309C0F3001040EAFF
:1060900043007047554B93F880017047534B93F87A
:1060A0007001C0F3C0007047504B93F87A01C0F301
:1060B000800070474D4B93F87001C0F3801070471B
:1060C0004A4B93F85C017047484B187E7047474A2B
:1060D00092F87A31B2F8E201C3F3C00363F304101B
:1060E00080B27047414B93F87A3113F001001DD014
:1060F000980800F0040003F00203184340F0010088
:1061000070473A4B93F87D01003818BF0120704763
:10611000374A364B92F8FB2193F87401D207C0F34B
:10612000400003D593F97431002B5BDB70472F4B94
:10613000B3F8F20070472D4B93F8080170472B4AD3
:106140002B4BB2F8F000B3F80032184020F4806016
:106150007047264B93F8700100F001007047234B05
:10616000B3F86C017047214B93F8093159073FF59B
:10617000E4AE580000F0060040F0010070471B4BF1
:1061800093F85A0170471A4B184993F8FBC191F8DC
:1061900074211CF0010F02F0010003D0520648BF29
:1061A00040F0020093F9FA31002BBFDA91F8753113
:1061B0005907BBD540F0040070470C4B93F85D01C4
:1061C000C0F3C200DFE6094B0DF1070193F8FD00B3
:1061D00002F056F99DF90700D5E6044B988A7047FE
:1061E0000020D0E640F00200704700BF4464002069
:1061F000C83C002008B520220021024810F01EFFF4
:10620000012008BDB86D002010B52DED028B0023D4
:106210000446406982B008EE101A019370B36A46D2
:1062200001A9F8F795FA20B3DDED007AF4EEC87A0B
:10623000F1EE10FA08D994F82C309B0725D5B5EE6D
:10624000408AF1EE10FA20D1A06968B100236A46B5
:1062500001A90193F8F77CFA58B1DDED007AF4EE6C
:10626000C87AF1EE10FA10D4002002B0BDEC028B17
:1062700010BD022002B0BDEC028B10BDB5EEC08A8D
:10628000F1EE10FAE0D50420F4E7342002B0BDECC2
:10629000028B10BD08B51349134B0A681868904269
:1062A0000FD007C983E8070050221049104810F0AA
:1062B00097FE20B150220D490D4811F033FC01200A
:1062C00008BD58684A689042EBD198688A68904245
:1062D000E7D1502206480C3110F082FE0028EFD0A2
:1062E000E8E700BF40650020C46600204C65002040
:1062F0007066002070B5044630B10F4B1B68CBB1FF
:106300002046BDE8704018470C4DFFF737FA6B7A0E
:106310001B07F2D5F4F712FF0028EED06B7A0B20A2
:1063200064F3C3036B7206F0C7FA054B0D20DB68FC
:106330009847E2E770BD00BF90520020B83F0020B0
:10634000A03B0020174A10B41378ABB9164B17497D
:1063500093F8712191F8A00122F03C0283F8712199
:10636000E0B10123D1F8BC414FF40172A4461846B4
:106370000D495DF8044B60470B4B5169D2F818C0CA
:106380001469D068C3F8B81091685268C3F8D8C0CF
:10639000C3F89840986799659A63D8E75DF8044B0D
:1063A000704700BFC452002044640020C83C002055
:1063B00001207047A0F16403602B29D9A0F5487330
:1063C000602B23D9B0F5AA7F00F0138140F28980B9
:1063D00040F21B23984200F01081B0F5077F80F057
:1063E000F580B0F5AB7F00F0E080B0F5C57F0DD152
:1063F000894B9FED8A7AB3F8003107EE903AF8EEB8
:10640000677AC7EE877A17EE900A704700207047C8
:10641000A0F165035F2B5ED8814BA3FB0023DB0853
:1064200003EB83035B009BB2C01A0528EED8822BD6
:1064300046D8632BEAD9643B1E2BE7D801A252F859
:1064400023F000BFD96401100D6401100D64011028
:106450000D6401100D6401100D6401100D64011034
:106460000D6401100D6401100D6401107F650110B1
:106470000D6401100D6401100D6401100D64011014
:106480000D6401100D6401100D6401100D64011004
:106490000D640110896501100D6401100D64011077
:1064A0000D6401100D6401100D6401100D640110E4
:1064B0000D6401100D6401100D6401106B65011075
:1064C000B42B6DD0BE2B4BD0AA2B9FD1524B03EBDC
:1064D0004013186C704700204F4B03EB4013186BB0
:1064E00070471B2892D81B2890D801A353F820F09E
:1064F000C56501100D6401100D6401100D640110DB
:106500000D6401100D6401100D6401100D64011083
:106510000D6401100D6401100D6401100D64011073
:106520000D6401100D6401100D6401100D64011063
:106530000D6401100D6401100D6401100D64011053
:106540000D6401100D6401100D6401100D64011043
:10655000BF650110B96501100D640110B16501102E
:106560002D4B03EB4013586C70472B4B03EB401340
:10657000D3ED0F7AF1EE677A17EE900A7047264B4B
:1065800003EB4013586B7047234B9FED267A03EBC8
:106590004013D3ED0E7AC7EE877A17EE900A704754
:1065A0001D4B03EB4013986C70471B4BD86A704728
:1065B000194BD3F8D0017047174B586C7047164BE6
:1065C000986C7047144BD3F86001704740F2A123D8
:1065D00098427FF41BAF104B9FED107AB3F8F83060
:1065E00007EE903AF8EE677AC7EE877A17EE900AD0
:1065F0007047094BD3F824017047074B9FED077A8A
:10660000B3F8023107EE903AF8EE677AC7EE877A70
:1066100017EE900A704700BF4464002000007A44DF
:10662000CDCCCCCC00006145F8B5A0F165035F2B63
:106630002DED028B08EE101A71D96FF44873C31850
:106640005F2B03D8BDEC028B3520F8BDA0F1C90348
:106650005F2BF7D96FF4C87C00EB0C03302BF1D91A
:106660006FF41677C319262BECD98228EAD8642850
:1066700008BF0024E6D1BF4D660105EB4413D3EDFE
:106680000C7AF5EEC07AF1EE10FA44DDF4EE487AB9
:10669000F1EE10FA3FD0B84F04F1320004F10A02D3
:1066A00004F1280304F1160157F8204088EE276A08
:1066B00007EE904A07EB8202F8EEE76AD2ED017A24
:1066C00007EB8303B8EEE77AD3ED017A07EB81019C
:1066D000D1ED005A66EE866AF8EEE77A65EE865AE4
:1066E00027EE067A67EE867AFDEEE66AC1ED005A7D
:1066F000BDEEC77A16EE901AFDEEE77A47F8201045
:1067000082ED017AC3ED017AF9F79EF89B4807F113
:10671000C80106F04BF82E4486ED0C8A76E0984BC3
:10672000A3FB0023DB0803EB83035B009BB2C41ACB
:10673000052C87D8822B45D8632B83D9643B1E2B2D
:1067400080D801A252F823F0776601104566011047
:106750004566011045660110456601104566011049
:106760004566011045660110456601104566011039
:10677000F16801104566011045660110456601107B
:106780004566011045660110456601104566011019
:106790004566011045660110CF680110456601107D
:1067A00045660110456601104566011045660110F9
:1067B00045660110456601104566011045660110E9
:1067C00015680110B42B00F09880BE2B15D0AA2BB1
:1067D0007FF438AF6B4BD3F8A030002B3FF432AFCF
:1067E00001209847C0B2E040C0077FF52BAF614B56
:1067F00003EB441383ED108A08E05E4B93F8E3212A
:1068000092077FF51FAF03EB441359640020BDECE2
:10681000028BF8BD574DB1EE488A05EB4413D3ED1A
:106820000F7AF4EE487AF1EE10FA534F4FEA44161D
:106830007FD1002295F87D312E4486ED0F8A87F8AE
:10684000E120002BE2D013F0200100F08280D5ED92
:10685000377AF5EEC07AF1EE10FA59D41146DE0619
:1068600009D5D5ED2F7AF5EEC07AF1EE10FA44BFD6
:10687000012241F010011C0709D5D5ED277AF5EE6C
:10688000C07AF1EE10FA44BF012241F00801580726
:1068900006D5D5ED1F7AF5EEC07AF1EE10FA5AD48E
:1068A000980706D5D5ED177AF5EEC07AF1EE10FA15
:1068B00031D4DC0706D5D5ED0F7AF5EEC07AF1EECE
:1068C00010FA33D4002AA1D087F8E1109EE7DFED5B
:1068D0002E7A28EE278A28EE278A2C4A254B02EBAF
:1068E000840203EB441382ED018A83ED0E8A8DE767
:1068F000204B03EB4413596388E71E4B93F8E321C5
:1069000091077FF59FAE03EB441383ED128A7DE779
:1069100001222021A3E741F00201DE07D4D5D5ED05
:106920000F7AF5EEC07AF1EE10FACDD541F0010103
:10693000CAE701227B7AA24043F008037B7297F8F2
:106940005430042023EA020387F8543005F0FCFF9A
:106950006FE70A4682E79E0741F00401DDD5D5EDD9
:10696000177AF5EEC07AF1EE10FAD4D4DC07ABD585
:106970000122A0E744640020B83F0020444B0020DF
:10698000CDCCCCCCC83C002000007042C4520020CA
:10699000002950D0344B93F8E221D20762D5D3EDD1
:1069A000377AF5EEC07AD3ED2F7A3F210022F1EE4F
:1069B00010FAF5EEC07AD3ED277A2C4883F87D11D2
:1069C00080F8E12046BF202101221146F1EE10FAA5
:1069D000F5EEC07AD3ED1F7A44BF012241F01001D9
:1069E000F1EE10FAF5EEC07A44BF012241F0080141
:1069F000F1EE10FAD3ED177A25D4F5EEC07AF1EE68
:106A000010FA09D4D3ED0F7AF5EEC07AF1EE10FA50
:106A10000BD462B900207047D3ED0F7AF5EEC07A3F
:106A2000F1EE10FA41F0020101D541F0010180F8C8
:106A3000E110002070470C4A0C4B002082F87D11B9
:106A400083F8E1107047F5EEC07AF1EE10FA41F0EC
:106A50000401E1D4D3ED0F7AF5EEC07AF1EE10FA2D
:106A6000E5D5E2E70A20704744640020B83F0020E3
:106A700010B42C4BB3F8E201A3F8E21111F00101BC
:106A800040D093F8E22193F87AC1114693F8E3419C
:106A9000C2F3001221F0100162F3C30C83F8E2117B
:106AA000C90783F87AC104F001021AD540F2012126
:106AB0000840012815D0A10713D4986C596CC3F86D
:106AC000E800C3F8C800C3F8A800C3F888009866B7
:106AD000C3F8E410C3F8C410C3F8A410C3F88410BA
:106AE0005966114893F8E311446E002084420CBFAC
:106AF000002202F0010262F3000183F8E3115DF865
:106B0000044B704793F87A01084C61F382000A46FF
:106B100083F87D1184F8E110A3F8E21183F87A017B
:106B2000DFE700BF44640020C83C0020B83F0020DD
:106B300070B5044600B3037F072B1DD80120984091
:106B400010F0AA0F0DD110F0550016D0237B0B2B9F
:106B500012D8DFE803F03E3E3E3E3E4A503A353A18
:106B60003E442288237B1144063B88B2032B5CD829
:106B7000DFE803F00D090409002070BD2E4B93F8E7
:106B8000B630DB0723D4636ABDE870401847636AF8
:106B9000984724690546002C43D02E21204610F04A
:106BA000CFFA064600283CD0204611F031F82118D3
:106BB000891B0139C9B22846BDE87040F7F7C6BC49
:106BC0001D4B93F8B630DA0701D4206A70BD1B481C
:106BD00070BD236ABDE870401878F7F793BC236A4C
:106BE000BDE870401888F7F78DBC236ABDE8704097
:106BF0001868F7F787BC236A24691E689CB12E21A8
:106C0000204610F09DFA054668B1204611F000F8C4
:106C10002118491B0139C9B23046BDE87040F7F769
:106C200095BC0121C7E70121F6E7636A9847BDE8F3
:106C30007040F7F767BC00BFC83C00208097021087
:106C40000346C8B1027F072A16D80120904010F0F1
:106C5000AA0F0DD110F055000FD01A7B0B2A0BD8BC
:106C6000DFE802F00C0C0C0C0C170A0A0A0A0C14D0
:106C70001A7B063A032A04D8002070471B6A18784A
:106C800070471A885B6A114488B218471B6A1888D3
:106C900070471B6A1868704710B1037B062B01D040
:106CA0000A487047027F072AFAD80123934013F05D
:106CB000AA0F05D113F0550FF2D0036A1868704778
:106CC0000288436A114488B2184700BF0000C07FA1
:106CD000024B1A6818609061704700BF382C002082
:106CE000004870473C2C002010B4094C94F8A031A7
:106CF00053B1D4F8BC410146A44601233C2240F2E2
:106D0000BE305DF8044B60475DF8044B704700BF30
:106D1000C83C002010B40A4C94F8A03163B1D4F8F8
:106D2000BC41C0EB40104000A44601233C225DF86A
:106D3000044B00F2413060475DF8044B704700BFE0
:106D4000C83C0020F8B5124E044696F8A0310D4616
:106D500063B1C0EB4011490001233C222846D6F81C
:106D6000C07101F24131B84700B1F8BD00232B706A
:106D700096F8A03153B1C4EB4414600001233C22C7
:106D80002946D6F8BC4100F24130A0470020F8BDAA
:106D9000C83C00200C4B70B5DB6C04460D4603B1BB
:106DA00098470A4A92F8A0316BB11A2004FB00F010
:106DB0002946D2F8BC510123AC46BDE870401822E8
:106DC00000F50270604770BDA03B0020C83C002069
:106DD000F8B5184E054696F8A0310C4663B11A2155
:106DE00005FB01F1012318222046D6F8C07101F5F8
:106DF0000271B84700B1F8BD00230F4A23606360F9
:106E0000A360E36023616361D36C13B1214628461C
:106E1000984796F8A03153B11A2005FB00F021469F
:106E200001231822D6F8BC4100F50270A0470020CB
:106E3000F8BD00BFC83C0020A03B00202DE9F04F6A
:106E40008046002699B0924D3B22FF210DF125008E
:106E500010F0F4F85FFA88F717213046D5F8B8310A
:106E60008DF82460984717F0010B40F0C280BB07F3
:106E700078D4780715D595F8A03193B101233C2239
:106E800040F24130D5F8BC4109A9A04795F8A0319E
:106E90003BB101233C2240F27F30D5F8BC4109A927
:106EA000A047390715D595F8A03193B101233C22AD
:106EB00040F2BE30D5F8BC4109A9A04795F8A031F1
:106EC0003BB101233C2240F2BE30D5F8BC417149B0
:106ED000A047BBF1000F20D0D5F808311BB14FF00F
:106EE000FF316D4898476D4B9C698CB1FA0626D5E9
:106EF0000125237803B145B1A36A03B19847E3693B
:106F00001BB12178644849429847A469002CF0D10C
:106F1000ECF724FF19B0BDE8F08F604B9C69002CA2
:106F2000F6D0FB0600F1B28018F0010F07D1A4697A
:106F3000002CFCD1ECF712FF19B0BDE8F08F2378DC
:106F400043B1A36A03B19847E3691BB12178524862
:106F500049429847A469002CF1D1ECF7FFFE19B023
:106F6000BDE8F08F00234FF402766FF00504CDE901
:106F70000333CDE90533CDE90733DFF82CA1DFF882
:106F800018910197022C09D899F87831E340DF076E
:106F900004D50134022C06F11A06F5D9DAF84C3082
:106FA000A01DC0B20BB103A9984795F8A03133B129
:106FB000012318223046D5F8BC7103A9B847013423
:106FC000042C06F11A06DDD1DAF84C30019F13B11A
:106FD0000B2003A9984795F8A031002B3FF449AF47
:106FE00001231822D5F8BC4103A940F22630A0475E
:106FF0003FE7294C2A494FF40172204610F092FDD8
:107000004FF480633046A4F8F03001F0F7F90246FF
:1070100094F8083130461A40C2F3400262F341034B
:1070200084F8083101F0EAF994F808311D4A19464C
:10703000C0F30010C3F380030340167863F38201AA
:1070400084F8081176B193699168C4F8D83053690F
:10705000A165C4F8B8301369C4F89830D368A36741
:107060005368A36394F8713123F03C0384F87131C1
:1070700095F8A031002B3FF4FAAE01234FF40172D2
:107080001846D5F8BC410449A047F0E65D4630E714
:10709000C83C002074910210446400203C2C002065
:1070A000B80A0310C4520020A03B002010B5094CC0
:1070B00094F8A03143B101233C2240F2BE31D4F810
:1070C000C041A04700B110BD4FF00800FFF7B6FE69
:1070D000002010BDC83C002070B50546414E7178B7
:1070E00069B10024736801EB410103EB81015A7817
:1070F000AA4208BF1C460C339942F8D124B9B6699C
:10710000002EECD1002070BDA36823B12046984723
:1071100008B1012070BD6378023B0C2B1CD801A282
:1071200052F823F01371011013710110A7710110AF
:107130005971011013710110BF710110CB71011051
:10714000597101105971011013710110D77101109B
:107150005971011013710110224E02E0B669002E20
:10716000D0D0F0680028F9D03289002AF6D0002467
:1071700004EB440300EB03108378AB420AD00134E4
:10718000A242EBD9F06804EB440300EB03108378D0
:10719000AB42F4D1836A002BBBD000219847002872
:1071A000B7D13289EBE7104BD3F8A030002BA9D030
:1071B00001209847C0B2003818BF012070BD0A4BAB
:1071C00093F8F90100F0010070BD074B93F8F90145
:1071D000C0F3801070BD044BD3F81001003818BF05
:1071E000012070BD3C2C0020C83C00208078FFF7B7
:1071F00073BF00BFA0F12C03042B98BF2B20704756
:107200002DE9F84FA0F165035F2B80460F4604D9A6
:107210006FF4487143185F2B52D87D4EA6FB083699
:10722000F60806EB86067600B6B2A8EB060ADFF88B
:10723000E491B9F80800002470B1D9F80C5004EBBF
:1072400044034FEA031B35F80B1005EB0315B1425D
:1072500017D001348442F0D3D9F81890B9F1000F57
:10726000E7D16C4C236B2BB140469847B8EB000933
:1072700006466ED1A469002CF4D100252846BDE84D
:10728000F88FAB6A53B128465146984710B9B9F800
:107290000800DEE7D9F80C2002EB0B05AB782B2BAE
:1072A0002CD0BAF1000F22D0D9F82C30002B3CD0D2
:1072B0001FB1C7F80090002DD3D02846BDE8F88F45
:1072C000A0F1C9035F2BA8D96FF4C8728318302BC3
:1072D00069D84F4BA3FB0023DB0803EB8303A0EB30
:1072E000430606F5C876B6B2A0EB060A9FE7002F64
:1072F000E3D02846C7F80090BDE8F88F464BD3F896
:10730000BC30002B49D0514628889847014610B11F
:10731000A86810F0A5FBD9F80C2002EB0B05BAF118
:10732000000F0CD0D9F82C304BB9AB781D2B0BD0FB
:107330000620504595D9D9F80C2002EB0B05002FFB
:10734000B9D0C7F80090B6E7344BD3F8E43198478A
:10735000EFE72189002990D0002F3AD04FF00008A4
:10736000454603E008F101084145A6D9E36808EB6A
:1073700048004FEA001A03EB001033F80A30B3421A
:10738000F0D1836A6BB14946984721890028E9D03A
:10739000E26802EB0A053C60E4E7BAF1000FC1D1F4
:1073A00086E70546F7E76FF41673C318262B0CD84B
:1073B000174BA3FB00239B0803EB8303C61A06F5B8
:1073C0001676B6B2A0EB060A31E706464FF0000A81
:1073D0002DE73D4603E00137B9427FF66EAFE36823
:1073E00007EB47004FEA001803EB001033F80830B2
:1073F000B342F0D1836A43B14946984721890028B6
:10740000E9D0E26802EB0805E5E70546E3E700BFDF
:10741000CDCCCCCC3C2C0020A03B0020C83C002094
:107420002DE9F043837804462B2B0F46904683B01A
:1074300017D090F82C1011F0780104D13B4603B01E
:10744000BDE8F0431847008801A9FFF7D9FE019B6A
:10745000DE6A26B342463946334603B0BDE8F04300
:10746000184700252E46DFF84090A36A1BB1294635
:107470002046984780B1D9F8BC303BB129462088D6
:107480009847014610B1A06810F0EAFA4246294632
:107490002046B847064610B10135062DE5D13046E5
:1074A00003B0BDE8F08300BFA03B00202A4B70B5BD
:1074B0009B6F044613B1984700B170BD0021204670
:1074C000FFF79EFE05460028F7D0244AA4F1640386
:1074D00092F85D61224CDE4006F0010602E0A469EC
:1074E000002C37D06269002AF9D0B5F800C0238A91
:1074F000BCF1640F1DD002F1040E013B32F83310D1
:10750000614506D0002BEAD0013B32F833106145CB
:10751000F8D15EF83300C3B10028EED070BD16B1CB
:10752000194602EBC30EDEF8040071B10028C4D185
:107530000B46591E32F831C002EBC10EBCF1640F8C
:10754000EDD00029CBD00B46F3E70028B5D1A469D4
:10755000002CC7D1204670BDA03B00204464002011
:107560003C2C0020A0F10A03022B38BF05207047F5
:10757000007B013802288CBF00200120704700BF2B
:10758000007B052805D00A3801288CBF0020012087
:1075900070470120704700BF2DE9F0410E460021E1
:1075A0008046FFF72DFE002855D00569002D4BD0F1
:1075B0002B78002B48D02846012701E00137013005
:1075C0002C210FF0BDFD0028F8D1002F3CD004463F
:1075D00004E00134BC424FEA560635D016F00101F2
:1075E000F7D14046FFF70CFE0028F2D0037B013BA9
:1075F000022BEED8026944B1214612F8013B002B60
:10760000E7D02C2BF9D10139F7D142F64E73114650
:1076100021F8033B41239370D3780A461BB90AE053
:1076200012F8013F3BB12C2BFAD101F8013B12F8C3
:10763000013F002BF9D100230B70CAE70422074950
:107640000FF010FE38B920702C2128460FF076FE7E
:1076500004460028F2D1BDE8F08100BF8C970210EB
:1076600070B5037B0446154684B00B2B41D8DFE888
:1076700003F00606060606062B311A40060600230E
:107680002846694601AA0093F7F70AF8054688BB21
:10769000237B0B2B2ED8DFE803F08253536E693027
:1076A0002D2D2D2D3030284610F0B2FA464B0646CF
:1076B00093F8B630DB0701D5082876D007EE906A3C
:1076C000F8EEE77A17EE901A204604B0BDE8704055
:1076D000FEF79ABD284610F09BFA07EE900AF8EEE6
:1076E000E77A204617EE901A04B0BDE87040FEF726
:1076F0008BBD0025284604B070BD00236069019E43
:10770000039368B102AA03A9F6F7CAFF002856D16D
:10771000029B9E4204D294F82C309A070ED56EB983
:10772000A0690028E6D0002302AA03A90393F6F774
:10773000B7FF002845D1029B9E42DBD93425D9E70B
:107740002069002839D00378002B36D0012401E0CD
:10775000013401302C210FF0F3FC0028F8D1012373
:10776000A340019A9A4228BF3425C3E7019B402BCE
:1077700028BF3425BEE720690028DFD00378002B1E
:10778000DCD0012401E0013401302C210FF0D8FCC1
:107790000028F8D1019BA34228BF3425AAE7019A0B
:1077A000012A94BF1D463425A4E72946074810F056
:1077B00079F8002882D103259CE70123D1E705460B
:1077C00098E7022596E700BFC83C0020809702108A
:1077D0000023F0B5594A85B00C4603A9074600932B
:1077E00001930292FFF70CFD002845D0237805464F
:1077F000202B03D114F8013F202BFBD02B7B062B31
:1078000065D0073B022B2BD8224628460299FFF76A
:1078100027FF064608BB2A7F072A3DD8012393404D
:1078200013F0AA0F0DD113F0550F35D02B7B0B2B76
:1078300020D8DFE803F06161616174702E67671F13
:10784000616C2B7B2A6A062B4DD0073B022B46D856
:10785000214638469047F8B10646304605B0F0BD9F
:107860006946204601AAF6F71BFF0028CCD02B7FE3
:10787000012BC9D90226F0E7072F06D12378304A19
:10788000202B039251D12F4DB4E73526304605B059
:10789000F0BD029A2B6A1A60EBF714FE039C236A70
:1078A00003B19847264B9C4221D0E369002BD4D0EA
:1078B000FEF7F0FC4FF00005234B08B3002760F300
:1078C00000052946E26921481F709047C5E76946CF
:1078D000204602AAF6F73CFF002895D1C7E73846B4
:1078E00001999047B7E7384602999047B3E7184B9C
:1078F000D3F80831E361D8E72B6A019A1A70CBE715
:107900001878DBE72146286A10F0AAF8C4E72B6A4A
:10791000019A1A80C0E7019A2B6A1A60BCE7019BA2
:107920002A6A03F03F031370B6E72046694601AAAE
:10793000F6F7B6FE00289DD1024D65E70000C07F36
:107940003C2C002068F70210527200204464002092
:10795000C83C002070B504460D4810F059F90546A2
:10796000204610F055F92B180133632B94BF0126E4
:10797000002606D8064B1B782BB9214604480FF089
:10798000ABFB304670BD034B014A1B885353F4E7F1
:10799000D0660020909302100022024B02499A61A7
:1079A0000B6070473C2C0020382C00202DE9F04360
:1079B000BC4F4FF00008D7F8BC3087B0002B00F068
:1079C000E081BB6943B9B84BB84AC7E90733B84B44
:1079D000B849C7E90A237962B74D0121E869F6F78A
:1079E000B5FD0146B54810F03BF895F8A031002BE5
:1079F00000F0C5810020D5F8B43198471728B04E63
:107A000000F07481FDF7BAFE95F8A031002B40F02C
:107A100044814FF01F00FFF711FAFAF78BFC0021A9
:107A20000120FAF737FDFEF735FC60F30008EBF7AD
:107A300049FD0022A34996F87D3181F8E120002B11
:107A400047D013F0200000F04F81D6ED377AF5EEE5
:107A5000C07AF1EE10FA00F1AC811046DC0609D5CF
:107A6000D6ED2F7AF5EEC07AF1EE10FA44BF01227E
:107A700040F010001C0709D5D6ED277AF5EEC07A44
:107A8000F1EE10FA44BF012240F008005C0707D570
:107A9000D6ED1F7AF5EEC07AF1EE10FA00F177819B
:107AA0009C0740F14881D6ED177AF5EEC07AF1EEE9
:107AB00010FA40F1408140F00200DB0707D5D6ED17
:107AC0000F7AF5EEC07AF1EE10FA00F13D8181F8FF
:107AD000E10096F87A2112F0010318BF3F23D00687
:107AE00081F8E03005D596F85D2123EA020381F89C
:107AF000E030D6F8D031684605930493039302939F
:107B000001930093F3F7AEF900F092FC002800F027
:107B10003381002000F072FCC20500F11E81B5F82F
:107B200000120E2021F48061FFF736FDD5F8A03059
:107B300033B10020984701460820C9B2FFF72CFD59
:107B40000F2095F80A12FFF727FD6B6E002B00F04F
:107B50003381DFF89091D9F8184064B1636A03B1BA
:107B60009847E369002B00F09380414654489847BA
:107B7000A469002CF2D195F8FA4195F8FB31E4099B
:107B800003F00103A40044EA430444F00104214645
:107B90000620FFF701FD21461320FFF7FDFCD5F875
:107BA0001431002B00F0F18095F8FA1195F8FB31B3
:107BB000C909090103F0010341EAC30141F00301CE
:107BC0004120FFF7E9FC96F87231DB0752D43368A5
:107BD0003D4A23F0FF0191424CD03C4AB2EB132FB7
:107BE00020D3D6ED677ADFED3A6A96ED416A96EDDD
:107BF000497A67EEA67AB4EE476AFCEEE77AF1EED0
:107C000010FA17EE903AA6F8F83014BF01230023BB
:107C100063F3000806D086ED417A4146D5F8083175
:107C20002748984732682B492B4B61F31F2232605B
:107C30001A7872B19A69C6F8D8205A69C6F8B8207D
:107C40001A69C6F89820DA68B2679A685B68B26504
:107C5000B36396F8713123F03C0386F8713195F8DF
:107C6000A0313BB101234FF401721846D5F8BC4155
:107C70001349A047D7F8EC20184BD5F808111A6023
:107C8000174BC9F81C10C7F8EC3007B0BDE8F083FB
:107C9000A469002C7FF462AF6DE7BB6807209847AA
:107CA000B7E600BFA03B00202D5601103956011049
:107CB000F5610110B1630110C83C0020486A002042
:107CC00044640020B83F002000518E4DF6D00300E0
:107CD00000007A44518E4D00C45200209052002082
:107CE000F56201103C2C00200246B6E601234FF459
:107CF000017230461946D5F8C041A04700283FF42C
:107D000081AEFDF73BFD3378172B7FF47DAEFAF79C
:107D100011FBFEF7BFFA60F30008D5F808314146C1
:107D200030469847D5F80C31002B3FF480AE002147
:107D3000084698477BE6DC070BD5D6ED0F7AF5EEC3
:107D4000C07AF1EE10FA04D540F0010081F8E100AC
:107D5000BFE6002A3FF4BDAEB9E6C0F340014900DA
:107D6000C0F3001041EA800101F00601102041F04B
:107D70000101FFF711FCD2E600F006FCC9E6114E46
:107D800040E6114BC7F8BC301BE6032118E79A0701
:107D900040F004007FF591AED6ED177AF5EEC07A8B
:107DA000F1EE10FA3FF587AEDB077FF590AE0122CA
:107DB000C3E70122202051E64FF6FF611620FFF7AE
:107DC000EBFBC6E6446400200D5501100022014B78
:107DD0001A7070475A7200202DE9F0470021194AA5
:107DE000194810F015F9194E307000B3DFF86880AB
:107DF000DFF86890D8F8BC309847154C074605E086
:107E0000A36C6BB9E36C5BB9337893B1D9F8545078
:107E100010F026F9A847D8F8BC3098478742EFD031
:107E2000002109483170BDE8F047EAF7C7BFBDE857
:107E3000F087D8F840304FF40071BDE8F0470548AE
:107E4000184700BFE0930400CD7D01105A72002056
:107E5000B83F002000400020C83C0020A03B00208C
:107E600038B51A4D1A4CD5F8D43198472368C01A42
:107E7000312824D9D5F8D4319847164B20601B7887
:107E8000EBB9154CA379D3B9607A10F0020016D182
:107E9000ECF71EFB114B93F82520037813430ED00B
:107EA00010F0DEF810280BD0402804D038B9BDE817
:107EB0003840FFF791BF94F82830012BF7D038BD38
:107EC00094F82930012BF2D038BD00BFC83C002007
:107ED000B05000205A720020B83F0020D04A002045
:107EE000704700BF4FF00000704700BF704700BFF1
:107EF00000207047704700BF436A70B50446051DF7
:107F000013B12846984758B14FF0010C2846A36A90
:107F100084F84CC04FF00001BDE8704000221847C3
:107F200084F84C0070BD00BFF0B54F4E0446356874
:107F300093B02DB32B681B6A13B34C4B00EB80023C
:107F400003EB02139D421BD095F90E30002B06DB8C
:107F5000474BD3F81021AA61D3F80C31EB616B6A5F
:107F60002F1D1BB13846984700287AD04FF0010CDE
:107F700038464FF000010022AB6A85F84CC09847A4
:107F800000239C42336069DB3A4B1B789C4265DAE4
:107F9000364E04EB84031B01F358A500002B5DD083
:107FA000354F97F870303BB197F92C30A34203D08E
:107FB0003B6D0BB1ECF790FA2B1906EB031393F919
:107FC0000E20002A06DB2A4AD2F81011D2F80C2122
:107FD0009961DA6125442D01741994F84C30043507
:107FE0002E4443B9636A1BB130469847002833D00A
:107FF000012384F84C304422314601A80FF092FD51
:108000001B4B1E4C187E9DF80E30D4F8E010C3F3C5
:10801000C002012814BF002202F0010262F3C30370
:108020008DF80E3011B101A88847C0B10122144B60
:1080300087F87020BB62FB680BB96423FB604422A5
:108040000F4801A902970FF06DFDD4F8E4300BB191
:108050000B489847012002E084F84C00002013B040
:10806000F0BD85F84C008BE74854002034670020B1
:108070004464002054720020606A0020A03B00206D
:108080008C6A00202DE9F041DFF8B880054698F8A9
:1080900000300F46012B34D0002B37D13846FFF784
:1080A00059FC002832D098F80040214804EB84069F
:1080B0003301C55000EB06160433B764184444225C
:1080C000294667B20FF02EFD37712B7A33B194B188
:1080D000013488F800403846BDE8F081154B1A6835
:1080E000CAB1314614480FF0B7FF98F8004098F92C
:1080F0000070002CECD14422294610480FF012FDEC
:10810000E6E70B4B1B681B7A052B0DD04FF0FF37B2
:108110003846BDE8F0810A4A1E6092F8FA3143F011
:10812000100382F8FA31D2E7002388F80030B5E76F
:108130003467002048540020F97E01108C6A00202A
:10814000C83C0020547200202DE9F043884E0446BC
:1081500096F8008093B0B8F1000F40F09C800028A2
:1081600014DADFF82C9299F87030002B00F0C380FD
:1081700099F92C30834200F08C807E4F3D68002DB1
:1081800040F09580002013B0BDE8F083DFF8009246
:1081900079497A48FFF776FF99F87040002C00F093
:1081A000D68099F92C30002B73D0724F3D68002D8A
:1081B00000F0D8802B681B6A002B00F0D180704B38
:1081C00044469D427DD1C7F8008025463378AB42B6
:1081D000D8DD6B4F05EB85031B01FB58AE00002B70
:1081E000D0D099F8703043B199F92C30A34204D023
:1081F000D9F850300BB1ECF76FF9731907EB031393
:1082000093F90E20002A06DB5E4AD2F81011D2F84C
:108210000C219961DA612E443601BC1994F84C3076
:1082200004363744002B00F086804422394601A8EA
:108230000FF078FC534B544C187E9DF80E30D4F858
:10824000E010C3F3C002012814BF002202F00102B3
:1082500062F3C3038DF80E3019B101A888470028D6
:1082600090D00122494B89F87020C9F82830D9F8FC
:108270000C3013B96423C9F80C304422434801A9D7
:10828000CDF808900FF04EFCD4F8E4300BB13F4825
:108290009847012077E7DFF8F89099F870301BB124
:1082A00099F92C308342F4D0324F3D68EDB12B6800
:1082B0001B6AD3B1324B04EB840203EB02139D42E1
:1082C00013D095F90E30002B06DB2E4BD3F810217E
:1082D000AA61D3F80C31EB616B6A05F10408DBB1DC
:1082E00040469847C0B985F84C0000239C423B604B
:1082F000BFF66BAF46E71F4F3D68002D3FF442AF1E
:108300002A68126A8AB31E4A00EB800102EB01124E
:108310009542D6D13B6035E70123404685F84C3085
:108320004FF00001AB6A0022984700239C423B605B
:10833000BFF64BAF26E7636A13B13846984718B1CA
:10834000012384F84C3070E784F84C001AE7094F99
:108350003D683DB12B681B6A13B1094B9D42B0D1FA
:1083600000233B6000252C4630E73A600AE700BF57
:108370005472002048540020B8C80210C00C0310EA
:108380003467002044640020A03B00208C6A002059
:10839000606A002002290DD0002810DB0E4B1B78EC
:1083A00098420CDA00EB80000C4A0301D05800B16F
:1083B00079B970470A4B93F92C20824201D00020F2
:1083C000704793F8702003F12C00002A08BF0020AA
:1083D00070470433981870475472002034670020A7
:1083E000606A0020044B93F8702012B193F92C00BE
:1083F00070476FF001007047606A00200A4B1B78DD
:1084000043B148B9013B094A03EB83031B01D3582D
:108410005889704718467047044A03EB830302EB00
:10842000031333F8420C7047547200203467002065
:1084300010B50E4C207848B1012800D010BD0C4B6F
:108440001B681B7A052B08BF002010BD09490A488C
:10845000FFF718FE094B93F8702012B193F92C30F6
:1084600013B10020FFF760FD2078E5E7547200208B
:1084700034670020B8C80210C00C0310606A0020E6
:108480000022074B0A701B783BB1064B1B685B78D8
:10849000181AB0FA80F0400970471846704700BFBC
:1084A0005472002034670020002838D0254B1B78F8
:1084B000002B34D0002270B50D46234904460868CD
:1084C0008E6C417884B0012B01968DF801108DF8E7
:1084D000002026D0002140F28B10FEF791FE48B319
:1084E0000021FEF7ADFB28BB01239DF900108DF89C
:1084F00002008DF80830154A92F92C308B42B3FAFD
:1085000083F314BF124A2C325B0929466846039252
:108510008DF80930A04700B9002004B070BD0020DC
:108520007047017A0529D5D011468DF802208DF8C3
:108530000830E0E70023FF21054A8DF808308DF868
:108540000210E2E75472002034670020606A0020C5
:10855000386700200130C0B201289ABF024B93F85F
:1085600070000020704700BF606A002038B90548DD
:1085700090F870302C30002B08BF0020704700208E
:10858000704700BF606A0020084B187840B1084B64
:10859000013800EB800203EB02131B7B052B03D099
:1085A00004490548FFF76EBD40B270475472002081
:1085B00034670020B8C80210C00C0310642970B5DD
:1085C0004368044638D01A7AD20634D4C82928BF62
:1085D000C8210A2938BF0A21DA6891422BD007EE58
:1085E000901ADFED2F6AF8EEE77A93ED007A67EEE6
:1085F000A67A67EE877AF5EEC07AF1EE10FA25D901
:1086000094ED057AF4EEC77AF1EE10FA37D583EDE2
:10861000017AD9600FF024FD08BBE36A002B37D044
:10862000256B002D34D0626820465168984701467A
:108630002046A84718E070BDDA68642AFBD0D3ED65
:10864000007AF5EEC07AF1EE10FAD9D89FED157ADE
:10865000D96083ED017A0FF003FD0028DDD0124AC6
:10866000937A43F008039372402004F06DF90F4BA6
:108670009B6B002BDFD0BDE870400020184794EDC5
:10868000067AF4EEC77AF1EE10FA37FE277ABEE7E3
:10869000636B002BE8D06268204651689847E3E797
:1086A0000AD7233C00000000B83F0020A03B002078
:1086B0002DE9F0413B4F3B7813B10020BDE8F0813C
:1086C0007B78C3B90C461546CAB214F001010646C0
:1086D000D0F8248013D10022C047002573681020F1
:1086E0001D601C7204F030F9284601F0E5FF3B786C
:1086F000002BE2D17B7883F00100BDE8F081416876
:10870000807ACB68000701D592071FD4642B40D034
:1087100007EE903A9FED247AF8EE677A67EE877A53
:1087200007EE105A67EE877AF5EEC07AF1EE10FA8E
:108730002DD9726907EE102AF4EEC77AF1EE10FA1D
:1087400019D54A6030462146C047C7E7642B23D07D
:1087500007EE903ADFED146AF8EE677A9FED137A30
:1087600067EEA67A67EE877AF4EEC77AF1EE10FA32
:1087700017EE105A13D996ED067AB4EEE77AF1EEB9
:1087800010FA54BF17EE902A17EE102AD9E70022EC
:10879000D7E707EE905AC7E700252A46D1E72A46D1
:1087A000CFE700BFB83F00200AD7233C00000000FD
:1087B0002DE9F84307460E461546F8F77BF8A0B1B9
:1087C000314BF2074CBFB3F80081B3F80281044685
:1087D0000FF046FC022802D12046BDE8F8832A4665
:1087E00031463846FFF764FF18B900242046BDE83B
:1087F000F88340F604037A891340042B1DD0B8F1A6
:10880000000F07D1214B5B6C002BE5D03146384679
:108810009847E1E7F97A11F00801F3D107EE908A61
:108820009FED1B7AF8EE677AC7EE877A17EE900A0B
:10883000F6F724F80028E5D1D7E7D7ED077AF5EE6B
:10884000C07AF1EE10FADAD94EF660230025DFF88F
:108850004490A84508BF984608E04846F6F70EF849
:10886000C835ADB20028C0D0454507D8BB6A3846E8
:1088700098474306C0F38011EFD5C3E7EBF72CFE12
:108880000E2004F019F8B0E744640020A03B00205B
:1088900000007A44CDCC4C3E2DE9F8431E46837A45
:1088A0001C07C3F3C00909D5334A937A43F0080380
:1088B00093724FF001094846BDE8F883836A5FFA76
:1088C00081F804460D461746984788EA000818F0D4
:1088D000030FEED00FF0C4FB0228EAD03A46294637
:1088E0002046FFF7E5FE0028E5D040F60403628944
:1088F0001340042B0BD016B1E37A1A072BD51F4B6C
:108900005B6C002BD5D0294620469847D1E7D4EDA3
:10891000077AF5EEC07AF1EE10FAECD94EF6602344
:108920004F46002E08BF1E46DFF85880A36A204637
:1089300098474306E3D401214046F5F79FFFC83727
:10894000BFB20028B7D0B742F0D9EBF7C5FD0E2073
:1089500003F0B2FFAFE707EE906A9FED097AF8EEF9
:10896000677AC7EE877A012117EE900AF5F786FF3E
:108970000028C4D19FE700BFB83F0020A03B0020E3
:1089800000007A44CDCC4C3E642A034607EE901A90
:1089900009D007EE102ADFED166AB8EE477A27EE07
:1089A000267A67EE877AF5EEC07AF1EE10FA1AD9D8
:1089B000586907EE100AB4EEE77AF1EE10FA03DD1B
:1089C0005B685860DA60704793ED067AB4EEE77A38
:1089D000F1EE10FA54BF17EE900A17EE100A5B681A
:1089E0005860DA60704700205B685860DA60704752
:1089F0000AD7233C0A4890F8703073B10022002156
:108A000010B5036B046D2C305A601A601972A047C0
:108A1000BDE81040102003F097BF102003F094BF72
:108A2000606A002008B5054B93F8700028B15A6DB4
:108A300003F12C00904700F0010008BD606A00209F
:108A4000704700BF2DE9F041DFF89481064698F8A1
:108A50008031D9075FD4F6F719FB0027564C05463D
:108A600038466770EBF734FD002800F08480C26858
:108A7000002D3AD02B6D934200F09080002A00F038
:108A800098806770836822610278E360227194F9AC
:108A9000013004EB03131B6995F8222022709B7AA6
:108AA0001A0703D598F87031DB0673D4434C22685B
:108AB00012F028003ED1102E4FF0020440495ED043
:108AC000404B81F8284083F834000B7AC3F38003CD
:108AD00083F00103DBB23C4C8B702060A2F10800F4
:108AE000B0FA80F04009BDE8F081002A50D06570EE
:108AF000836822610278E3602271344B344A9B6FB1
:108B000092F82550984794F901300543257004EBFD
:108B100003142369C3E72F48F6F7B4FF0021294A5D
:108B200092F84C30516523F0120343F0120382F89F
:108B30004C3090E7002001F0C5FD2149264A8B7A90
:108B4000102E43F002038B72244B13604FF002038C
:108B500022682BD000241B4881F8283080F834404C
:108B60000B7A202AC3F3800383F001030CBF304645
:108B70000020DBB2AFE72061002D88D1BDE70B7A82
:108B800081F82940C3F3800383F00103DBB2A2E73D
:108B90002261B2E79E200FF067FA87E7EA6C677000
:108BA000E26095F844202361227175E781F829304D
:108BB000D6E7134622616FE758540020D46A00209C
:108BC000B83F0020E052002040530020C83C002065
:108BD000D04A002018530020F82E00206D9B011071
:108BE0004464002040070CD5094A10B5937A590710
:108BF00008D4BDE81040074B074A04201A601B68E0
:108C00001847704723F00403937201F0D7FDF0E793
:108C1000B83F0020F82E00206D9B0110400700D4C3
:108C2000704770B5294A86B0937A59072FD400212E
:108C30000022274C274DA06C436A84F83C106264E4
:108C4000984795F8943113F0020305D1224A18464B
:108C5000526F84F84E309047204B214E336094F889
:108C600034309B070DD595F88131D5ED617A9A00A6
:108C700004EB830393ED007AB4EEE77AF1EE10FA99
:108C80000BD40420336806B0BDE87040184723F0C9
:108C90000403937201F092FDC9E7D5F888316D465F
:108CA000A3630B4C0DEB020C0FCC0FC594E8030033
:108CB00085E80300684604F12801CCED007AF5F759
:108CC0005BFA0028DDD006B070BD00BFB83F0020C1
:108CD000E052002044640020C83C0020559501105B
:108CE000F82E00202DE9F04710F040032DED028B07
:108CF0000ED06B4C94F834301D0778D594F834308E
:108D000043F0040384F83430BDEC028BBDE8F087F7
:108D10004007F9D5634DAA7A510700F18380604C72
:108D2000DFF8A88194F8343098F880215E4E5F49CE
:108D300023F00403D70784F83430316003D594F866
:108D40003430580744D45A4F94F83430386943F0DB
:108D5000080384F83430C8B1564B98ED668AD3F8CE
:108D60004090B9F1000F04D07B79FA683979C8478F
:108D70003869DFED517A68EE277AFCEEE77A17EE74
:108D8000903AFA6839799BB2FFF786FD4B4B4C4A13
:108D90009B6F92F825909847C0B2484510D0D8ED07
:108DA000677A9FED457A67EE877AFCEEE77A17EEF1
:108DB000903A387899B2EAF7C1FA3878EBF79CFB29
:108DC000002294F834302A7723F0080384F83430F2
:108DD00094F8343059072BD494F834309B0743D49B
:108DE000BDEC028B33680420BDE8F0471847314BD7
:108DF0000620DB6898470220324B2B4A294D13602E
:108E000094F83430A97A43F0040384F834304C07E2
:108E100085F828001ED4BDEC028BBDE8F047042085
:108E20001368184763F38202AA7201F0C7FC76E761
:108E3000204B0620DB6898470222224B85F8282029
:108E4000336094F83430AA7A43F00403520784F86C
:108E50003430C5D5002001F035FCAB7A23F0060391
:108E600043F00603AB724FE70420114A164992F90A
:108E70000130D8F88C7102EB0313127885F82800C2
:108E800084F84E20DA681B79A1F1200084F83C3088
:108E90006264A763F5F770F90028A1D034E700BF3A
:108EA000E0520020B83F0020F82E0020CD9701109E
:108EB00058540020A03B002000007A44C83C002009
:108EC000D04A0020E58B0110185300204464002094
:108ED00083074CD52DE9F0476B4C6C4E94F8980005
:108EE00078B9D6F8E03003B19847694BD3F8D03061
:108EF00013B1D4F830019847802003F025FD94F891
:108F00009800644D644B2F684002644C1860002F39
:108F10002ED000226249207A81F83420A270614963
:108F2000A27222851A602A605F4A10F02000116048
:108F300069D1637A84F8BC0060F304136372544B04
:108F40005B6B03B198472B68082B79D083B1A3F1F1
:108F50000400B0FA80F040F20112617A400960F337
:108F60000411134061726BD184F8BC3068E0704723
:108F7000F6F78CF80746002868D0082300222B60FB
:108F8000A27101F04BFC97F94430002B23DAD6F89C
:108F9000D43198473B6D81461A6C0AB190473B6DBE
:108FA000DB6B00209847436941F2883A03F10208DD
:108FB0000AE0D6F8D4319847A0EB0903534559D8B5
:108FC000A36C13F0300F59D13B6D0020DB6B984739
:108FD00043699845EDD101F063FA2868324B334A72
:108FE000A0F10401B1FA81F11A6040F20112637A32
:108FF000490961F304131042637235D0244B5B6B53
:10900000F3B198471CE0102208211A6004F14800CF
:10901000336C9847286840F20113A0F10401B1FABB
:1090200081F1627A03404FEA511161F3041208BFE3
:1090300084F8BC308742627281D12B68082B86D1BC
:10904000336C0121BDE8F04719481847286840F201
:109050000112A0F10401B1FA81F1637A490961F3C7
:10906000041310426372C9D1002384F8BC30002875
:10907000C4D1E5E70E2003F01FFCE1E72021336CAB
:109080000B489847DCE700BFD04A0020C83C0020CE
:10909000A03B0020D46A002040530020B83F0020AD
:1090A000E0520020A5940110F82E002061980110D4
:1090B00000400020054B93F8800110F0010004D01F
:1090C000034B93F83400C0F38000704744640020E1
:1090D000E05200202DE9F04F974E81B0376887426B
:1090E00036D02028044636D8202822D8DFE810F0D1
:1090F00072000A010A0121000A0121002100210059
:10910000C0002100210021002100210021002100B8
:109110009A002100210021002100210021002100CE
:109120002100210021002100210021002100210037
:109130008D00A7F10401B1FA81F140F201127F4DD7
:1091400049096B7A174261F304136B7200F05D8179
:1091500001B0BDE8F08F802800F09E801ED9B0F5E8
:10916000807F00F06581B0F5007F40F05081744B46
:10917000744A724D30601A606B7A23F010036B7280
:10918000002385F8BC30A742E2D06F4B5B6B002B0D
:10919000DED0204601B0BDE8F04F1847402840F02F
:1091A000368140F2831317EA0308D1D1664B0620BB
:1091B000DB6898470223614D204685F82830FFF789
:1091C00041FC002800F08A8034606B7A68F3041355
:1091D0006B72D5E70023594D5C495D4A81F8343004
:1091E000AB705C49AB722B8513603360544B1960D4
:1091F0002B7A9906C0D51024574B08211B6C05F11A
:1092000048001460984734686FE0B7F5007F08BFE6
:109210004F4B4B4A08BF1F6020235049474D1160F8
:109220003360A9E7BB06454D13D46B7F980710D474
:109230001020FFF707FC28B90123414A484985F867
:109240002930116010222B7A326023F020032B7218
:1092500092E73F4B1B68102B00F0D2806B7F03F02E
:109260008203822B07D12B7A43F020032B7202E07A
:10927000002F7BD0314DA7F10401B1FA81F140F20A
:1092800001136A7A490961F304123B406A727FF460
:109290005FAF85F8BC305BE70223284D85F82830A6
:1092A000FFF7D0FBD0B13460DFF894802D4BD8F8B5
:1092B00000209A4200F0C8800EF0BAFEFFF79AFB39
:1092C000254B4FF000005B6F98471F4B0B20DB686E
:1092D0009847254B3468C8F8003006E01C4B1B68E3
:1092E000A34225D13468802CDED040F20112231F26
:1092F000594259416B7A144261F304136B727FF443
:1093000042AF3DE73460A4F10406B6FA86F640F2B7
:1093100001120020094D76096B7A094966F304139E
:109320006B72114B1442A8700B607FF42EAF27E7CD
:10933000346000F025FBD5E7D46A0020B83F002058
:10934000F82E0020D18E0110A03B0020E05200201A
:1093500040530020A5940110C83C002061980110E2
:10936000559501101D8C0110418A0110F5F78EFEF4
:10937000044600286AD00823444D3360AF7101F0E1
:109380004DFA94F94430002B25DADFF814A1DAF80D
:10939000D4319847236D81461A6C0AB19047236DEA
:1093A000DB6B00209847436941F2883B03F10208D8
:1093B0000AE0DAF8D4319847A0EB0900584556D8AE
:1093C000AB6C13F0300F58D1236D0020DB6B984746
:1093D00043694345EDD101F063F834682C4B2D4AC5
:1093E000A4F10401B1FA81F11A6040F201126B7A22
:1093F000490961F3041314426B723FF4C1AEC4E631
:109400002B7A9A067FF52AAF12E73C46B8E6A7F119
:109410000400B0FA80F040F201131C4A4009517A6E
:109420003B4060F30411517208BF82F8BC308FE6F4
:109430000021164B34605A7A1548174D61F3041217
:10944000056099705A72A0E6802495E6346840F26F
:109450000112A4F10401B1FA81F10C4D49096B7AB2
:10946000144261F304136B723FF48AAE8DE60E2052
:1094700001B0BDE8F04F03F01FBA2021DAF8403008
:10948000064801B0BDE8F04F184700BFB83F0020C4
:10949000F82E002061980110418A01100040002040
:1094A000C83C002010B50446800727D4210721D4EA
:1094B00062051CD5164B0120D3F8E0309847154BB8
:1094C0001A68B2F5007F12D04FF400704FF0000C14
:1094D00018601149114B124A0B601249537A496BBB
:1094E00023F0100382F8BCC0537201B18847A30572
:1094F00008D410BD1020FFF7EDFDD9E70820FFF7D5
:10950000E9FDD3E78020BDE81040FFF7E3BD00BFD1
:10951000C83C0020D46A0020F82E0020D18E011013
:10952000B83F0020A03B0020430610B5044603D5F9
:10953000064B1B68402B05D1054B2046BDE810406B
:109540001B6818474020FFF7C5FDF5E7D46A0020E7
:10955000F82E00202DE9F04F4407054689B004D5C8
:109560008F4B93F88031D80729D4AA0546D46B06CF
:109570000AD58C4BDB6E98478B4BC0F3C00083F849
:10958000280009B0BDE8F08FAF073BD5874D2B68A9
:10959000102B45D0802BF4D0B3F5007F00F0A280D3
:1095A000402B40F0FA80824C94F834305E0756D459
:1095B0007C4BDB6E9847000751D52B688EE07A4CC8
:1095C000A37A590745D4774EF36E9847774BC0F38B
:1095D000C0001B6884F82800802BC6D10EF028FD3F
:1095E000FFF708FA4FF00000736F9847714B0B209C
:1095F000DB689847704B714A1A60C2E78020FFF71A
:1096000069FDB4E72B04BCD5664BDB6E984710F0C0
:10961000080004BF644B83F8280009B0BDE8F08F50
:10962000614C237F0BB908232377654E5C4996F97B
:10963000013091F9701106EB031318690029826A51
:109640005CDB9047C20740F1A58000222B6822779F
:1096500044E023F00403A37201F0B0F8B3E704215F
:10966000584B554E504A336094F8343082F82810E5
:1096700099072FD54A4A94F8343092F88111D2EDE7
:10968000617A04EB810090ED067AB4EEE77AF1EEB0
:1096900010FA23F0040384F834301BD84A4F0DF13C
:1096A000080ED2F888910DEB810C0FCFAEE80F00B9
:1096B00097E80300D4F830808EE8030007F110012A
:1096C00002A8C4F83890CCF80880F4F755FD0028BB
:1096D0007FF473AF3368042098472B6813F0C00FF2
:1096E0007FF44FAF304C0020A57AFFF7F3FC082041
:1096F000A57209B0BDE8F04FFFF7ECBC93F8048009
:10970000904708F0010800F001004045DFF8A48010
:1097100029D0D8F80C300A20984796F9013006EB8A
:109720000319D9F810004FEA031BE0B14FF0040A07
:109730000AEB031AD8F840301F46194BB3F8002142
:10974000019247B199F80530D9F80C2016F80A10A3
:10975000B847D9F8100006EB0B02019BD26816F847
:109760000A10FFF799F80F4B96F800909B6F9847F7
:10977000C0B2484508D00A4B3078B3F8F810E9F782
:10978000DDFD3078EAF7B8FE0020D8F80C302077FD
:10979000984712E7EAF7A0FE57E7034C45E700BFFA
:1097A00044640020C83C0020B83F0020D46A002058
:1097B000E0520020A03B0020F82E0020418A01103A
:1097C00058540020E58C0110F852002010F040039E
:1097D00010B51CD1400719D51C4A1D48917A82F852
:1097E0002830490780F834302BD40020FFF772FC72
:1097F000BDE810400820FFF76DBC002000F062FFBC
:10980000A37A23F0060343F00603A37210BD114BA5
:109810000620DB68984702200F4B10490C4A0B606A
:1098200092F83430094C43F0040382F83430A37AC0
:1098300084F828005B07E0D4BDE8104004200B68E2
:109840001847937200F0BAFFCFE700BFB83F00207F
:10985000E0520020A03B0020E58B0110F82E0020F4
:1098600002282BD010B50446600504D5144B012006
:10987000D3F8E0309847610704D422060AD42307BE
:1098800017D410BD0F4B93F898004002FFF722FC4D
:109890002206F4D5012000F015FF01210A4B0B48E8
:1098A0009A7A997042F002029A72094A230702607A
:1098B000E7D5BDE810401020FFF70CBC704700BF93
:1098C000C83C0020D04A0020B83F0020F82E0020DD
:1098D000D5980110430712D570B51F4D2B68202B6A
:1098E0002AD01E4C1E4B1868FFF7F4FBE17939B102
:1098F0001C4B1D489B6C98470023E37170BD70475B
:109900001A4B93F89830002BF8D02B68B3F5007FF2
:10991000F4D04FF40070164B164E5A6B637A84F8ED
:10992000BC1061F304136372134B28603360002A88
:10993000E4D0BDE8704010470026084CA672F5F749
:10994000E7FA00F0DFFDF5F77FFF0C4804F1C801EE
:1099500002F02CFFA670C5E7D46A0020B83F0020B3
:1099600040530020C83C002004400020D04A002082
:10997000A03B0020F82E0020D18E0110444B002087
:109980002DE9F04100256E4CF5F78CFFE179A572C9
:1099900029B16C4E04F14C00B36C9847E5716A4DE7
:1099A0002B68802B1ED0B3F5007F0CD0402B19D034
:1099B000237A5A0711D40123644A654984F829306F
:1099C0001160BDE8F081FFF715F85E4B4FF0000025
:1099D0005B6F9847237A5A07EDD5BDE8F041002028
:1099E000FFF778BB00225B4E227796F88031DF07C5
:1099F00054D5637F180751D4337E012B4ED0564F78
:109A000097F83430D9075FD596F881C194F854306F
:109A100023FA0CF3DA0741D507EB8C0396ED617A54
:109A2000D3ED067AF4EEC77AF1EE10FA36D54B4B49
:109A3000464C236097F834305B0778D4D6ED646ADF
:109A400077EEA67AB4EEE77AF1EE10FA424D77FEA1
:109A5000877A05F1180EBEE80F000FC59EE80300D7
:109A6000C7ED0C7A85E8030007EB8C0C9CED007ABF
:109A7000B4EEE77AF1EE10FA32D497F83430C3F34B
:109A800080025B0705D497F8343062F3410387F80E
:109A9000343023680420BDE8F0411847FEF7AAFFE0
:109AA00096F89431274E99070AD44FF00000736F4F
:109AB0009847F36E9847C0F3C00084F8280077E712
:109AC0002B68802BF5D1F0E797F83430244943F028
:109AD000010307F1180087F8343002F067FE93E7BE
:109AE000204BD6F88C0193F901101A7803EB01137F
:109AF0001D491D7987F84E20DA681B69B863A1F10A
:109B0000380087F83C50BB64CCED007A7A64F4F7F7
:109B100033FB97F834305D0705D497F8343060F3A1
:109B2000410387F8343000287FF44BAFB1E70C498C
:109B3000094802F03BFED7ED0C7A96F881C193E715
:109B4000B83F0020C83C0020D46A0020F82E002036
:109B50005595011044640020E05200201D8C011036
:109B6000804000205854002018530020430700D4A0
:109B70007047FFF705BF00BF4B4A4C4B12689A4233
:109B800000D070472DE9F04F002081B0EAF7A0FC2B
:109B90000378DC075AD5464C237F002B53D0980717
:109BA00020D50023434E444D376C23773FB195F9C0
:109BB0000120194605EB021210690022B84795F9F9
:109BC0000130002205EB031318694FF00001FEF786
:109BD0006FFD237FB26B43F0010323770AB10020AE
:109BE0009047237F590731D5324E334DF3680A2011
:109BF000984795F9013005EB031738694FEA0319C7
:109C0000C8B14FF00408D6F840A008EB03182B4B5E
:109C1000B3F800B1BAF1000F05D07B79FA6815F8F6
:109C20000810D0473869A9445B4615F80810D9F8E0
:109C30000C20FEF731FE0020B36B207733B101B06A
:109C4000BDE8F04F1847A37A1A0702D401B0BDE867
:109C5000F08F194D2869836A9847C307F6D595F99F
:109C6000013005EB031738694FEA0318B8B1042631
:109C700006EB03160F4BD3F840A0104BB3F800913E
:109C8000BAF1000F04D07B79FA68A95DD047386932
:109C9000A8444B46A95DD8F80C20FEF7FDFDA37A39
:109CA00023F00803A372D1E7F82E00205595011088
:109CB000B83F0020A03B00205854002044640020FE
:109CC0004FF0FF30704700BF012070470020704701
:109CD00038B50546074C6368984738B1236828466D
:109CE000DB689847E468002CF5D138BDE468002CA7
:109CF000F1D138BDC84600204FF48060704700BFE6
:109D00000020704701207047704700BF704700BFB8
:109D10000120704701207047014B1B68184700BFA6
:109D2000502F00200346024A106803B113607047A9
:109D3000502F002000487047040D0310C0B20EF0F1
:109D400097B900BFF8B54C4D2B68002B56D0044690
:109D50000EF086F9221E18BF0122484E96F8C03038
:109D60009A4250D0F4B1464B93F89430002B4AD12C
:109D7000002844D1434F3B78062B51D0424BD3F8B7
:109D8000D430984701202B7A86F8C00023F00103D5
:109D90002B7202F0D9FDBDE8F840872105223B482F
:109DA0000EF036B9374F3B78062B37D0384A2B6840
:109DB000106878B39B6A9847334C5422314904F1B8
:109DC000B4000DF0AFFE06233B70D4F8E8300BB1C1
:109DD00000209847D4F8D430984700222B7A0120ED
:109DE00062F3000386F8C0202B7202F0ADFDBDE8DF
:109DF000F8408021052225480EF00AB9F8BD40F24E
:109E000001131842B6D1BDE8F840052287211F484A
:109E10000EF0FEB85B6B01209847CDE71A4CD9E7EE
:109E2000194C5422384604F1B4010DF07BFED4F8ED
:109E3000E8300BB1012098472B6800205B6B9847F6
:109E40002A68BB6A0020976A9847B84701222B68A6
:109E500084F8B420DA69C4F8D0202A7A920744BF83
:109E6000DA68C4F8C0209A68C4F8BC20D3E9083284
:109E7000C4E9353285E700BF24520020B83F0020F6
:109E8000D04A0020FC2E0020C83C00203D9D01103F
:109E90003852002003781BB1024B1A6818608260A8
:109EA000704700BF542F0020074B10B55C6D0EF0BB
:109EB000D7F8A047054B986CC0F3401080F0010024
:109EC00000F0010010BD00BFA03B0020B83F002003
:109ED00070B5184D0446AB6831B1BBB160682368FA
:109EE000C01A18BF012070BD002BF7D0837ADBB9F0
:109EF000286840B1104B6A68C3F8D020D3F8DC3032
:109F0000984700232B600023AB60E7E70A4E0B481D
:109F1000D6F8D030C5E90134D6F8DC309847084B84
:109F20002860C6F8D030D9E740F20C4205490DF060
:109F3000F9FDDDE7546A0020C83C0020B50B002085
:109F4000C19C01107C540020F8B54A4D2B68002BB1
:109F50005CD00446484E0EF083F896F8C030A34219
:109F60004FD0F4B1454B93F89430002B49D10028E1
:109F700043D1434F3B78062B50D0424BD3F8D430DB
:109F8000984701202B7A86F8C00023F001032B723A
:109F900002F0DAFC872105223B480EF039F8012057
:109FA000F8BD374F3B78062B36D0384A2B681068FF
:109FB00070B39B6A9847334C5422314904F1B40082
:109FC0000DF0B0FD06233B70D4F8E8300BB1002053
:109FD0009847D4F8D430984700222B7A012062F3B6
:109FE000000386F8C0202B7202F0AEFC802105220F
:109FF00025480EF00DF80120F8BD40F2011318427B
:10A00000B7D10522872120480EF002F80020F8BDC4
:10A010005B6B01209847CEE71A4CDAE7194C5422C3
:10A02000384604F1B4010DF07DFDD4F8E8300BB1F1
:10A03000012098472B6800205B6B98472A68BB6A11
:10A040000020976A9847B84701222B6884F8B4200B
:10A05000DA69C4F8D0202A7A920744BFDA68C4F8D3
:10A06000C0209A68C4F8BC20D3E90832C4E935326C
:10A0700086E700BF24520020B83F0020D04A0020CD
:10A08000FC2E0020C83C00203D9D011038520020CD
:10A090002DE9F047DFF87C820E46D8F800C08445F1
:10A0A00000F0F680974F0446D7F80090B9F1000F02
:10A0B00004D0954D95F8B6309A0722D446BB934DFF
:10A0C0002968A14243D0D8F80C30002B3FD01A6841
:10A0D0001846A242DB68F8D10269D3600BB11A615D
:10A0E00002691468A14200F0BF804FF0000A0BF033
:10A0F00079F92378042B72D8DFE803F06A71A84D50
:10A100003600D5F80021824BC3E90092002ED6D04C
:10A11000BCF1000F1ED014200BF03CF968B10023F5
:10A120000460C3607B4B02E01A6894420DD01A466B
:10A13000DB68002BF8D10261D060636883B9A37833
:10A140009B0700F16981744B0AE00BF04BF900208A
:10A15000BDE8F08763686F48C8F80040002BF2D074
:10A160004FF0000A4360C4E7674DD5F8B830002BC4
:10A1700000F00181984718B100216848F8F704F908
:10A180007EB3674B93F8BF605EB395F8B660F64355
:10A1900006F0010625E05C4DD5F8B830002B00F044
:10A1A000AA80984718B100215E48F8F7EDF8C6B1CB
:10A1B0005B4B93F8BF6095F8B430012B15D10020AC
:10A1C000FFF7C2FE514A137A43F0010313720FE006
:10A1D000B9F1000F03D099F80030002B74D14A4D2B
:10A1E000002695F8B430012BE9D0BAF1000F64D104
:10A1F000542221464C480DF095FC454B1A68A2426A
:10A2000008BF5B68D5F8B82008BFC5F80031D8F89A
:10A210000030A34246D0002A30D0002E33D1434E26
:10A22000434B4448C5F8C430D5F8DC309847D5F8DE
:10A23000E8300BB100209847D6F8A43013B195F858
:10A24000B40098473C600120BDE8F0872E4DD5F85A
:10A25000B830002B00F0AC8098470028A7D0002130
:10A260003548F8F791F8A2E7136995F808A01C683B
:10A270000AF0010A002C08BF644638E7264BC5F8EF
:10A28000B830002ECBD0294EE06833689847C7E736
:10A29000C1B1DCF80430204A002B08BF1346C8F8CF
:10A2A0000430D0E7D8F8043024498B4204BF1A4B5D
:10A2B000C8F80430002AB0D1E1E7012120480DF0B0
:10A2C000B3FE95E71D4BEAE76368002B00F08D8035
:10A2D0009847002883D0E3680B4D00211948C5F842
:10A2E000C030F8F751F8E16B09B997E0E16B8847A6
:10A2F0000028FBD174E7B5F8B40095F8B6C0054B5B
:10A3000026E000BF84460020C83C002024520020E4
:10A3100018710020C8460020C99C0110F0C8021026
:10A32000B83F0020D8C802107C3D0020A03B002090
:10A33000D19C01109D07002008C90210CD9C01107E
:10A34000459D0110C0C80210DB68002B3FF42FAF01
:10A350001A6811888142F7D1927882EA0C01890744
:10A36000F2D490074ABF2F4A5A685A609047002893
:10A370007FF419AF1BE7B5F8B40095F8B6C02A4BC7
:10A3800003E0DB68002B3FF4FBAE1A6811888142C2
:10A39000F7D1927882EA0C018907F2D490074ABF7C
:10A3A000204A5A685A60904700287FF4E5AEE7E6F5
:10A3B000B5F8B40095F8B6C01B4B03E0DB68002B82
:10A3C0003FF4F5AE1A6811888142F7D1927882EA9B
:10A3D0000C018907F2D492074ABF124A5A685A60A0
:10A3E000904700287FF43BAFE1E620880E4B03E066
:10A3F000DB68002B3FF4F3AE1A6811888142F7D175
:10A400009178A2784A409507F2D488074ABF054A56
:10A410005A685A6090475CE7024BA1E66420EB6BF8
:10A420009847DDE6CD9C0110C846002070B501219B
:10A430000546FFF72DFE0446A8B12B6803F0FF1375
:10A4400023F47D037BB9094ED6F898315BB1697866
:10A45000C920074A103198476978C820044AD6F8BD
:10A46000983110319847204670BD00BFC83C00208D
:10A470009881021010B5074CA3794BB1064A074BDF
:10A480000121D3F88C3092F85C0198470023A37126
:10A4900010BD00BFB83F002044640020C83C00202D
:10A4A00070B5002501200B4A0B4B0C4C0C49DD709C
:10A4B0009571D4F8883008709847D4F8843098475C
:10A4C000084BB3F8F20120B12946E36BBDE87040B8
:10A4D000184770BDB83F0020703F0020C83C0020E6
:10A4E0005B72002044640020044B187820B1044BB8
:10A4F000186C003818BF0120704700BF5B72002045
:10A50000703F00202DE9F84F5E4BD3F80C3113B1AA
:10A510000021084698470DF08BFD5B4A4FF0010A79
:10A520001346022602F14404546002F1CC04C2F83E
:10A530008C4002F58874C2F8D04002F5AA74052157
:10A54000C2F8144102F5CC74C2F8584102F5EE7419
:10A550004FF0070E4FF0080C032504200927C2F81E
:10A560009C414FF0060800244FF00A0943F888ABDD
:10A57000C2E91163454B02F5087BC2F8E0B103F173
:10A58000340BC3F804B003F1680BC3F838B003F11F
:10A590009C0BC2F81011C3F8D010C3F86CB03C4942
:10A5A00003F1D00BC3F8A0B003F5827BC2F898E1A9
:10A5B000C2F8DCC1C2F88850C2F8CC00C3F800A0D1
:10A5C0005E639D66C3F89C009C62DC65C3F89040A6
:10A5D000C3F8C4402F48304DC2F82422C2F8548139
:10A5E000C2F82072C3F8D4B0C3F8F8400A6003F58B
:10A5F000D072C3F87021294E03F5EA722146046037
:10A6000003F59C7AC3F8A4212B60502203F5B6759C
:10A610002348C3F838E1C3F82C41C3F86041C3F8BC
:10A620006CC1C3F89441C3F8C841C3F8FC41C3E905
:10A63000418AC3E97593C3F8A0713360C3F83C51F4
:10A640000CF0FCFC2146482216480CF0F7FC0D4BA0
:10A650009FED157A1B6A154907EE903AF8EE677A76
:10A6600067EE877AA1FB0313114A124823FA07F415
:10A67000190ADB09C0ED007AC2E900419360BDE828
:10A68000F88F00BFC83C002084670020A060002035
:10A690002C6A0020B0530020AC620020A862002089
:10A6A000DC530020703F002000007042D34D621048
:10A6B000E039002060490020014BD864704700BF9A
:10A6C000DC53002038B598B1214C236D98472148C0
:10A6D000214B01681A684B6893420CBF4FF0010C84
:10A6E0004FF0000C1D4A82F800C012D0E36C98476E
:10A6F0001B48016861B11B4B0024D3ED0B7A67EE58
:10A70000A77AC1ED0A7A1A78046042F001021A7041
:10A7100038BD154D5B68AA68022A16D96D6CAD6903
:10A72000B2EBD50F11D35A68914204D107E05B68B0
:10A730005A688A4203D093F82420022AF7D0196974
:10A74000084A5B68D1620360D0E75B68EBE700BF53
:10A75000C83C0020A8620020AC6200204A720020A1
:10A76000B0530020DC530020703F002010B50F4C88
:10A77000237803F00603022B09D0002123780C4A2A
:10A7800023F0050343F004032370116010BD094B4F
:10A7900044221968084861610DF0C4F96268E368F1
:10A7A000A1682262A161E361E7E700BFDC530020FA
:10A7B000B05300202C6A0020E869002010B5134C2B
:10A7C000237813F0020304D100222370104B1A6087
:10A7D00010BD44220F4960690DF0A4F9D4ED077A49
:10A7E000F7EE046A0C4A616903201160A26986EEE3
:10A7F000A77AA2600022236AC4ED037A6360044B47
:10A8000084ED047A20701A6010BD00BFDC53002074
:10A81000B0530020E86900202C6A0020BB4B9B7AD3
:10A82000DB0700F172842DE9F04F2DED068B9FEDD3
:10A83000C39ADFEDB79A9FEDB7AADFEDB7AADFF8AD
:10A84000F482DFF8F49283B0D8F80030B34D5A6840
:10A85000D9F800309A4200F000832B68002B00F0FA
:10A860009C82AF4B1B7803F0FF02002B40F0F58277
:10A87000D8F80060AB4CC6E90B22296894ED044A75
:10A88000D1ED0D1A9FEDAD8A31EEC44A94ED0E5A0A
:10A89000B4EEC84AD4ED0F3AF1EE10FAF4EE453AB0
:10A8A000D4ED0C4A94ED0B0A48BFB0EE494AF1EEE4
:10A8B00010FA1046F0EE6A6A9FED976AF6EE002AEB
:10A8C000F0EE617AF1EE640AB0EE407A0CBF4FF020
:10A8D000020C4FF0010C944BD4ED0A8AD3F800E03F
:10A8E00094ED0D1AC6F808E094F82430012B00F01E
:10A8F0006681032BD1ED0C5A00F03A81002B40F019
:10A90000818126EEA53AB0EE472AA3EE222AE2EE96
:10A91000667AB4EEE75AF1EE10FA40F3BC8171EEBC
:10A92000C57A34EE877A77EEA77AC7EE876A38EE73
:10A93000268AB4EEC68AF1EE10FA4FF0010200F159
:10A940000D82B0EE647A6346F0EE457A1046B4EEBE
:10A95000E74AF1EE10FA40F1BE8136EE2A6A76EE51
:10A96000486AF4EEE78AF1EE10FABFD4B0EE471A67
:10A97000F0EE678A002840F077810AB184F824302D
:10A98000624B9B7A180703D49EF83B30002B3FD0D4
:10A9900091F84420086DD207436840F1F9818A6C30
:10A9A00091ED137ADB68002A00F05E82896992EDEE
:10A9B000026A07EE901A1A46A368F8EE675AC91A97
:10A9C00007EE901AF8EE677AC7EEA56AA6EE267A29
:10A9D00017EE101AFDF7D8FF07EE900A94ED137AE0
:10A9E000B4EE677AF1EE10FA12D02B68186DC36AD4
:10A9F000002B00F08B82026B17EE901AC4ED137AD5
:10AA0000F2629847F061414A937A23F00803937207
:10AA100094ED037A28EE877AFAFE477AFCEEE77A1D
:10AA200017EE902AA368981AB06120B93749897A3D
:10AA30008F0700F1AA8307EE903A94ED016AF8EED1
:10AA4000677A38EE066A77EEC77A384BC6EE275A31
:10AA5000D3ED006A65EEA67AFAFE677AFCEEE77A35
:10AA6000D5F800C094F824E09CF84410C1F3C0135A
:10AA7000C90986F8253017EE903A10D0D4ED107A37
:10AA8000D4ED116AE6EE867AAEF10101B1FA81F1F8
:10AA9000C4ED107AC6ED057A490986F826102449D6
:10AAA0000F689F4240F267810021B16207EE902A51
:10AAB000E06A86F824E0D4ED0A6AF8EE677AF4EEEC
:10AAC000E86A77EEC77AF1EE10FA67EEA57AD8F861
:10AAD0000010F3604B683061C4ED017ACCED0D8A53
:10AAE000A260C8F80030FFF6B2AEF5EEC08AF1EE13
:10AAF00010FA00F38083054B9B7A13F0040240F0B8
:10AB0000A6832A60F4F79CFA9EE600BFB83F0020B7
:10AB100017B7D1B817B7D1383EC32E39B05300207C
:10AB20004A720020DC5300202C6A0020604900207B
:10AB3000E0390020A8620020AC6200200000000084
:10AB400038EE268AB0EE472AB4EEC86AA3EE622A2F
:10AB5000F1EE10FA37EE437AE2EE667A40F3B38014
:10AB6000F4EEE78AF1EE10FA76EE486A40F1A4803E
:10AB700026EEA53A37EE642AB4EEC32AF1EE10FAB7
:10AB8000DED871EEC57A34EE877A77EEA77AC7EE13
:10AB9000876A38EE268AB4EEC86AF1EE10FA40F3FE
:10ABA000C680F4EEC58AF1EE10FA76EE486A40F1FE
:10ABB000A4820122B0EE647AF0EE457A1046F0EEFF
:10ABC000675AE6EEA05AF4EEE53AF1EE10FA50DDDF
:10ABD00077EEE37AC7EEA46A38EE268AB4EEC68A28
:10ABE000F1EE10FA40F18C80F4EEE83AF1EE10FA52
:10ABF00076EE486A40F37782F0EE637A0223012210
:10AC0000D1ED0C5A66EEA55AF4EEC75AF1EE10FAE1
:10AC10001BD5B0EE472AB0EE673AA5EEE22AA2EEC7
:10AC2000663AF4EEC38AF1EE10FA0ED538EE268AB3
:10AC3000B4EEC68AF1EE10FA37EE657A41D576EEBB
:10AC4000486AF0EE437A012050E677EEE87A31EE7A
:10AC5000077A77EEA77AC7EE876A38EE268AB4EECF
:10AC6000C68AF1EE10FA3DD584ED0B1AB0EE410A1A
:10AC700083E638EE268AB4EEC68AF1EE10FA76D56F
:10AC8000F4EEE58AF1EE10FA76EE486A40F1A2821F
:10AC9000F0EE657A93E738EE268AB4EEC86AF1EEF4
:10ACA00010FA37EE037A0EDDF4EEE78AF1EE10FAD1
:10ACB00076EE486A3FF525AEB0EE471AF0EE678AA9
:10ACC000D2E7F0EE437AB4EEE74AF1EE10FA4FF035
:10ACD00001003FF542AE70B90AB184F82430F0EEBD
:10ACE000678A4DE6F4EEC48AF1EE10FABCDCF0EEB1
:10ACF000687AB0EE417A84ED0B7AB0EE470AEBE762
:10AD0000F4EEC43AF1EE10FA40F3DE81F4EEE83AE4
:10AD100036EE2A6AF1EE10FA4FF002034FF001020C
:10AD200076EE486A40F34D82F0EE637AE1E5B4EEE8
:10AD3000C45AF1EE10FA40F3CF81F4EEC58A36EE34
:10AD40002A6AF1EE10FA76EE486A3FF532AF012238
:10AD5000B0EE641AF0EE458A134685E776EE486A4F
:10AD6000B0EE647A6346F0EE457A1046F9E5F0EE0F
:10AD7000657A0123EBE54F689F4273D88968994251
:10AD800094BF032102218840B162CB40B0618DE6BF
:10AD900083ED009A5FED977A20E6C54B9B7A5C07BE
:10ADA00078D5F4F76DF906462E60002E55D0C04BCD
:10ADB000C04C93F80AA0237896ED0D8A13F0010099
:10ADC0000AF0020200F0A980BB4991F88011C8077F
:10ADD0005DD559075BD523F001032370D6ED0C7ABE
:10ADE000B6EE007A84ED0A9AC7EE278A002A55D07B
:10ADF000D6ED0A6AB0EE487AA6EEE87AB4EEE97AC1
:10AE00000223F1EE10FA84F8243000F13581B4EE1B
:10AE1000CA7AF1EE10FA48BF9FEDA87A84ED0D9A38
:10AE200084ED0A7A0DF01CF904280DD0A04C2A6894
:10AE3000A37A106D1946C3F3C002837AC3F3C0032B
:10AE4000134363F3C301A17200229D4B1A701B7858
:10AE500003F0FF02002B3FF40BAD03B0BDEC068BFB
:10AE6000BDE8F08F01218EE70A8C02F4C072802ABF
:10AE700005D120EE077AD4ED127A27EE277A1A460A
:10AE800017EE101AFDF780FD07EE900AA6E50023E5
:10AE90002370A3E7F4F7FAF8064685E71AF0040FE3
:10AEA00084ED0E8A84F8242000F0D68084ED0D9A7B
:10AEB000B0EE498A3046F4F711F907EE900A2B6894
:10AEC00027EEA77AD3ED0A6AF4EEC76AF1EE10FA1C
:10AED000D3ED0D5A606440F3958036EEC75AB0EE5C
:10AEE000656AA5EE686AB5EEC06AF1EE10FA84ED07
:10AEF0000E6A40F2238137EE487A032367EE287A00
:10AF00002063C4ED0F7A84F824308BE7436BC6EDE1
:10AF1000087A3363C4ED137A75E5D6F818C0D6ED18
:10AF2000108A07EE90CAB8EE677AC7EE087AF7EE95
:10AF3000046A644903F0080B736986EEA77A4FEA46
:10AF4000C30E0B685B680B603169C3F81CE0C90075
:10AF50009961F168C9005961B168C90019617168E6
:10AF6000C900D9603168C9009960317FC3ED0B8A8F
:10AF700083ED0A8AC3ED097A83F83810316D1964BC
:10AF8000B16D5963B17F83F839104FEACC01196272
:10AF9000717F83F83C1096F820E0CEF3C00183F86F
:10AFA0003A10716DC4ED037A196352EA0B0184ED16
:10AFB000047A84ED019A84ED109AC4F808C0706593
:10AFC00000F0D780D4ED0D7A27EEA77AC4ED0B7A86
:10AFD00086ED0A7A217860F3C3012170CEF3C011A7
:10AFE0005FEADE1E83F83B1055D096F82130DF076C
:10AFF00056BFB7EE007AF7EE007AC7EE287AC4EDB6
:10B00000127AEBE636EEC85AB0EE656AF6EE004A02
:10B01000A5EE286A26EE246AB5EEC06AF1EE10FAB3
:10B0200040DDF4EEC65AF1EE10FA6FDD77EE485AC5
:10B0300065EEA85AF4EEC65AF1EE10FAC4ED0F5AB6
:10B0400068D5F4EE476AF1EE10FA206340F0B08064
:10B05000012384F82430E5E6F4F724F808EE100A1A
:10B06000B5EE408AF1EE10FA00F1D180F1EEC87A27
:10B07000C4ED0D7A2E681DE777EEA77AE7EEC86A71
:10B08000F5EE406AF1EE10FA00F1DA80F1EEE67AC0
:10B09000C4ED0D7AC6E6B16C003918BF012183F802
:10B0A0003B109BE6636B84ED0E9A2363BAE600BF08
:10B0B000B83F0020DC530020446400200000000062
:10B0C0004A7200202C6A0020F0EE637A02230122EB
:10B0D00000287FF410AEFFE50123F0EE457AB0EED4
:10B0E000647A1A4607E600283FD084ED0B7AB0EE6A
:10B0F000470AF0EE638A022340E4C4ED0B4AB0EE47
:10B10000640AF0EE458A012338E47047022384F88C
:10B11000243087E6D3ED0C7A77EEA77AA7EE868AFD
:10B12000B5EE408AF1EE10FA84ED0F6A84ED0E6AF6
:10B130005AD4F1EEC87AC4ED0C7A73E6D3ED0C7AEA
:10B1400077EEA77AE5EEE76AF5EE406A0223F1EEC4
:10B1500010FA84F824306CD4F1EEE67A2378C4ED4A
:10B160000D7A43F0080323705CE6F0EE638A022355
:10B1700004E496ED0A7AB5EE407AF1EE10FA4BD47B
:10B18000F1EEC77AC4ED0B7A28E7334B334A93F8D4
:10B19000803141F001019172D9077FF55EAE2378CD
:10B1A0005A073FF55AAE237843F00203237054E662
:10B1B000D4ED0E7A37EE667AE7EE687AC4ED0E7A51
:10B1C00030E6B0EE471AF0EE638A00287FF44CAD0B
:10B1D000FFF7D3BBB0EE471AF0EE658A01230028D3
:10B1E0007FF442ADFFF7C9BB18EE100A0CF030FF38
:10B1F00007EE900A9FE71949174A8B7A92F8802147
:10B2000043F001038B72D3077FF527AEC7E70CF03D
:10B210001FFF07EE900A2BE717EE100ACDE9003268
:10B220000CF016FFDDE9003207EE900A96F820E0F8
:10B23000A8E716EE900A0CF00BFF07EE900A8DE7D8
:10B2400016EE900A0CF004FF07EE900A20E7034A7E
:10B2500043F00103937200E644640020B83F0020ED
:10B2600008B50CF0FDFE10F07C0F16BF014B00205E
:10B27000D86A08BDDC53002008B50A4B1B6C13B11B
:10B2800093F93C0008BD084B93F82930012B05D1F8
:10B29000F3F7FCFE10B190F91D0008BD4FF0FF3030
:10B2A00008BD00BF703F0020B83F002038B50E4CED
:10B2B00094F801321B0701D5032038BD0B490C4817
:10B2C0000B7AC568DA43C2F3C01262F3C71313F0F6
:10B2D000800F0CBF052004200B72A84794F80102D0
:10B2E00010F00800E8D138BDC83C0020B83F00206D
:10B2F000A03B002038B50F4C94F80032DB0601D596
:10B30000032038BD0C490D480B7AC5681A46C3F3B3
:10B31000001383F0010363F3041212F0100F0CBF4B
:10B32000052004200A72A84794F8000210F01000CB
:10B33000E6D138BDC83C0020B83F0020A03B00202B
:10B3400038B50F4C94F800329B0601D5032038BD68
:10B350000C490D480B7AC5681A46C3F3801383F075
:10B36000010363F3861212F0100F0CBF05200420B6
:10B370000A72A84794F8000210F02000E6D138BD08
:10B38000C83C0020B83F0020A03B0020034A044BEB
:10B39000D2F8B000002818BF18467047C83C0020FB
:10B3A00020C90210034A044BD2F8CC01002818BF70
:10B3B00018467047C83C002040C9021003784F2B44
:10B3C00015D0532B0AD0422B1AD10E4B0E4893F8AE
:10B3D000003213F0100F18BF00207047094B0B48C4
:10B3E00093F8013213F0080F18BF00207047054B87
:10B3F000074893F8003213F0200F18BF0020704761
:10B4000000207047C83C002058C9021098C902109B
:10B4100074C902104FF0FF3010B5E9F759F8C3684E
:10B420001B6C33B104469847E36800201B6C03B1E2
:10B4300010BD032010BD00BF08B504F099F9034BFF
:10B44000C0B2002818BF184608BD00BFB8C9021016
:10B4500008B50C4B1A6893F87211FF2A8CBF0020B4
:10B4600009481A6860F31F22FF2A8CBF00200120C0
:10B4700060F300011A6083F87211FAF763FF00208D
:10B4800008BD00BF44640020518E4D0010B50D4C26
:10B4900094F8FB319B070DD571B1D4F83C313BB129
:10B4A0000846F3F779FA58B1D4F83C31984708B117
:10B4B000002010BD032010BDBDE81040F9F7E6BB29
:10B4C000022010BDC83C0020F9F7B6BBF9F76CBBF1
:10B4D0000120F9F751B800BF0020F9F74DB800BFBF
:10B4E0000120F9F7A7B800BF0020F9F7A3B800BF03
:10B4F00000210120F9F7FEB808B50020F9F73CF863
:10B500000020F9F797F800210120F9F7F3F8BDE8DA
:10B510000840002240F281311046F8F7A1BF00BF79
:10B52000002240F281310320F8F79ABF002240F256
:10B5300081310220F8F794BF002240F28131104699
:10B54000F8F78EBF034608461BB140F203121342C0
:10B5500021D018B3002210B590B00DF103018DF881
:10B560000320E9F743F89DF80330044663B90CF073
:10B570004FFB3A2802460AD8237893B92146002087
:10B58000FBF7C8FB9DF80330184610B010BD0B2325
:10B59000184610B010BD08231846704703231846FC
:10B5A0007047214601A801320CF0BCFA0A4901A8F3
:10B5B0000BF0DAFE03E008490BF0D6FE38B1E9F7EC
:10B5C000D9F803468DF803000028F4D0DCE79DF895
:10B5D0000330002BD8D1D1E7E48E021018B140F22D
:10B5E0000313184224D000B591B0002001A9FBF745
:10B5F000A9FBC0B90F4B07209B689847012001A900
:10B60000FBF7A0FB38B90B4B07209B68984700203D
:10B6100011B05DF804FB012001A9F7F7ABFC002095
:10B6200011B05DF804FB002001A9F7F7A3FCE5E7E2
:10B6300008207047A03B002008B518B140F2011364
:10B6400018420BD00B78233B072B05D8DFE803F01B
:10B65000081404170404041A032008BD082008BDB8
:10B660004FF00200FBF7EAFB094B0920DB68984723
:10B670000CF00AFD002008BD4FF00100F2E74FF08A
:10B680001000EFE7034B1B781846002BF2D0E9E7D8
:10B69000A03B0020BC0C031000B591B001A8FBF743
:10B6A00005FD01A80121F7F7A3FC002011B05DF80A
:10B6B00004FB00BF10B50C4690B018B140F28313E4
:10B6C00018420ED084B120460CF0A2FA3A2805D8D0
:10B6D0002046FBF709FB002010B010BD032010B07E
:10B6E00010BD082010B010BD01A8FBF7DFFC2146FB
:10B6F00001A8F7F77DFCEEE701F060BF0120F9F744
:10B700004BBB00BF0020F9F747BB00BF0846F9F765
:10B7100061B800BF022808B50BD040B90220FDF780
:10B72000D9FC074B0420DB689847002008BD08209F
:10B7300008BD0CF0A9FC024B0520DB689847F4E734
:10B74000A03B002008B5094B93F870311B070BD5BF
:10B75000012807D8064B4FF400711B6C0548984729
:10B76000002008BD082008BD032008BD4464002057
:10B77000C83C00200040002010B5074C94F8FB3175
:10B780009B0707D5D4F8C030044898470448D4F83C
:10B79000C0309847002010BDC83C0020D4C902101A
:10B7A000F4C9021010B50A4C94F8E231DA0706D554
:10B7B000084B0948D3F8C030984794F8E2319B070A
:10B7C00004D5044B0548D3F8C0309847002010BD7D
:10B7D00044640020C83C002024CA021044CA02105D
:10B7E00010B110F4087F08D029B13D23C81E01F81C
:10B7F000013CE8F7BFBF032070470820704700BF37
:10B8000010B50F4C0F48D4F8C0309847D4F8C0306A
:10B810000D489847FBF764FA83691BB1D4F8C03030
:10B820000A4898470A4AD4F8C03092691AB10948C0
:10B830009847002010BD08489847002010BD00BF61
:10B84000C83C00206CCA021094CA0210BCCA021084
:10B85000A03B0020F4CA02101CCB021038B50446ED
:10B860000020E8F735FE6378C568522B03D0442BDF
:10B870000CD0002038BD2B6C002BFAD0084B0948A7
:10B88000D3F8C03098476378442BF2D1EB6B002B90
:10B89000EFD0034B0448D3F8C0309847002038BDA0
:10B8A000C83C002038CB02105CCB021040F20113E0
:10B8B00030B510EA030483B01DD01D4DEB6E9847E0
:10B8C0001C4B93F8BC30102B18D04206C4B219D4CC
:10B8D00023071BD414F001041AD1174B93F87A31C3
:10B8E00003F00303032B15D1EB6D98470CF088FB95
:10B8F000C0B278B12D24204603B030BD312420469B
:10B9000003B030BD3224204603B030BD0D24F2E731
:10B910001224F0E7EFF712FC054608B12E24EAE7FF
:10B92000064B0320DB6898472846FDF7D3FBE2E788
:10B93000C83C0020B83F002044640020A03B002009
:10B9400030B5002591B0284601A9FBF7FBF948B1B5
:10B950009DF804305BB96B1C022B4FF00105F2D14E
:10B9600011B030BD072101A8F7F724FBF3E70A491E
:10B9700001A80BF0F9FC04462046E8F7FBFE01465F
:10B980002046F7F717FB002003490BF0EDFC0446B7
:10B990000028F1D1DFE700BFE48E0210002838D084
:10B9A0002DE9F04101780646002930D00024194FD6
:10B9B00008E052F80800A847054670B9317801340C
:10B9C0008C4224D272684FEA041802EB0413DD683B
:10B9D000002DF4D01B7A5B07EBD42B78242B0DD0F1
:10B9E000D7F8C830242098477268D7F8C03052F88A
:10B9F000080098470848D7F8C03098472846D7F835
:10BA0000C03098470548D7F8C0309847D6E7BDE81A
:10BA1000F0817047C83C00200C8F021018CB021038
:10BA2000F8B5354D95F8E2319A0723D50CF018FB9F
:10BA300018BB324F324EFB6E984796F8BC30102B35
:10BA400023D04306C4B202D532242046F8BDC00537
:10BA50001ED495F8E231D9070CD5327B03F02203CE
:10BA60001A4307D0220716D595F89431DB0712D474
:10BA70000D24EAE705242046F8BD0CF0F1FA40F267
:10BA800001131842D5D10824DFE731242046F8BD40
:10BA900033242046F8BD14F0010401D01224D4E769
:10BAA0004FF00100F2F792FB10BB3378002BCCD1A2
:10BAB000FDF710FB0CF0BCFA124B2046DB689847F0
:10BAC000337B1BB196F8542093430AD0EFF736FB33
:10BAD0000028BAD00B23012086F8BC30FDF7FAFA13
:10BAE000B3E797F8A031002BAFD0FFF729FFACE701
:10BAF000FF2818BF0446A8E744640020C83C002083
:10BB0000B83F0020A03B002049B310B5002482B00C
:10BB1000084601AA69460094F2F71AFEE0B1DDED8D
:10BB2000017AB6EEE77A37EEC77AB5EE407AF1EEF3
:10BB300010FA08D1FDEEE77A17EE901AA1422046DE
:10BB400004DA02B010BD032002B010BD89B202B009
:10BB5000BDE81040F8F7AEBC022002B010BD0220D4
:10BB6000704700BF10B582B0D9B1002408466A46BC
:10BB700001A90194F2F7ECFD28B3DDED007AB6EEF1
:10BB8000E77A37EEC77AB5EE407AF1EE10FA1DD1BA
:10BB9000FDEEE77A17EE901A00290CDA002002B0C9
:10BBA00010BD10F0180F03D10120F6F773FCF5E774
:10BBB000082002B010BD2246012089B202B0BDE8C3
:10BBC0001040F8F74DBC022002B010BD0320E6E79C
:10BBD00010B50C4682B0F1B10023084601AA6946AF
:10BBE0000093F2F7B5FD80B1DDED017AB6EEE77AAC
:10BBF00037EEC77AB5EE407AF1EE10FA05D1FDEED8
:10BC0000E77A17EE900A00280ADA204602B0BDE86B
:10BC10001040F6F7CBBDF6F7FFFD204602B010BD91
:10BC200080B202B0BDE81040F6F788BD08B5F6F75F
:10BC300017FF064A0649536AC96E43F0040353626C
:10BC400009B104208847002008BD00BFB83F00208C
:10BC5000A03B002010B582B0D9B10024084601AA4B
:10BC600069460094F2F774FD28B3DDED017AB6EE73
:10BC7000E77A37EEC77AB5EE407AF1EE10FA1DD1C9
:10BC8000FDEEE77A17EE901A00290CDA002002B0D8
:10BC900010BD10F0180F03D10120F6F7FBFBF5E7FC
:10BCA000082002B010BD2246012089B202B0BDE8D2
:10BCB0001040F8F7D5BB022002B010BD0320E6E724
:10BCC00030B5134B83B0997901A8E8F779FA114A96
:10BCD000137A13F002030CD001219DF8060092F8AC
:10BCE000A03002EB8004E56A81400B43C4F8A45005
:10BCF000DBB20948516AC46E41F4004182F8A030B9
:10BD0000516214B14FF40040A047002003B030BD91
:10BD1000D04A0020B83F0020A03B00200346084640
:10BD20001BB140F20312134221D018B3002210B508
:10BD300090B00DF103018DF80320E8F757FC9DF852
:10BD40000330044663B90BF063FF3A2802460AD871
:10BD5000237893B921460120FAF7DCFF9DF80330E0
:10BD6000184610B010BD0B23184610B010BD0823A4
:10BD700018467047032318467047214601A8013230
:10BD80000BF0D0FE0A4901A80BF0EEFA03E00849D7
:10BD90000BF0EAFA38B1E8F7EDFC03468DF8030042
:10BDA0000028F4D0DCE79DF80330002BD8D1D1E790
:10BDB000E48E021070B50CF053F920BB304E314DBB
:10BDC000F36E984795F8BC30102B19D04206C4B2D8
:10BDD00002D53224204670BDC3051CD42A4A92F8ED
:10BDE000E231D8071AD5297B03F02203194315D075
:10BDF000210715D592F89431DB0711D40D24E9E71A
:10BE00003124204670BD0CF02BF940F2011318428A
:10BE1000D4D10824DEE73324204670BD0524D9E7B9
:10BE200014F0010401D01224D4E72046F2F7CEF931
:10BE300010BB2B78002BCDD1FDF74CF90CF0F8F8A6
:10BE4000124B2046DB6898472B7B1BB195F854209A
:10BE500093430AD0EFF772F90028BBD00B230120DF
:10BE600085F8BC30FDF736F9B4E796F8A031002B21
:10BE7000B0D0FFF765FDADE7FF2818BF0446A9E77E
:10BE8000C83C0020B83F002044640020A03B0020B4
:10BE9000F8B5354D95F8E2319A0723D50CF0E0F866
:10BEA00018BB324F324EFB6E984796F8BC30102BC1
:10BEB00023D04306C4B202D532242046F8BDC005C3
:10BEC0001ED495F8E231D9070CD5327B03F022035A
:10BED0001A4307D0220716D595F89431DB0712D400
:10BEE0000D24EAE705242046F8BD0CF0B9F840F22D
:10BEF00001131842D5D10824DFE731242046F8BDCC
:10BF000033242046F8BD14F0010401D01224D4E7F4
:10BF10004FF02000F2F75AF910BB3378002BCCD148
:10BF2000FDF7D8F80CF084F8124B2046DB689847F0
:10BF3000337B1BB196F8542093430AD0EFF7FEF8F9
:10BF40000028BAD00B23012086F8BC30FDF7C2F8D8
:10BF5000B3E797F8A031002BAFD0FFF7F1FCACE7C7
:10BF6000FF2818BF0446A8E744640020C83C00200E
:10BF7000B83F0020A03B0020F8B5354D95F8E231E0
:10BF80009A0723D50CF06CF818BB324F324EFB6E7B
:10BF9000984796F8BC30102B23D04306C4B202D584
:10BFA00032242046F8BDC0051ED495F8E231D907E9
:10BFB0000CD5327B03F022031A4307D0220716D593
:10BFC00095F89431DB0712D40D24EAE705242046C6
:10BFD000F8BD0CF045F840F201131842D5D1082401
:10BFE000DFE731242046F8BD33242046F8BD14F0A5
:10BFF000010401D01224D4E74FF01000F2F7E6F864
:10C0000010BB3378002BCCD1FDF764F80CF010F89E
:10C01000124B2046DB689847337B1BB196F85420BF
:10C0200093430AD0EFF78AF80028BAD00B230120F7
:10C0300086F8BC30FDF74EF8B3E797F8A031002B37
:10C04000AFD0FFF77DFCACE7FF2818BF0446A8E798
:10C0500044640020C83C0020B83F0020A03B0020E2
:10C06000F8B5354D95F8E2319A0723D50BF0F8FF76
:10C0700018BB324F324EFB6E984796F8BC30102BEF
:10C0800023D04306C4B202D532242046F8BDC005F1
:10C090001ED495F8E231D9070CD5327B03F0220388
:10C0A0001A4307D0220716D595F89431DB0712D42E
:10C0B0000D24EAE705242046F8BD0BF0D1FF40F23D
:10C0C00001131842D5D10824DFE731242046F8BDFA
:10C0D00033242046F8BD14F0010401D01224D4E723
:10C0E0004FF00800F2F772F810BB3378002BCCD178
:10C0F000FCF7F0FF0BF09CFF124B2046DB689847E3
:10C10000337B1BB196F8542093430AD0EFF716F80F
:10C110000028BAD00B23012086F8BC30FCF7DAFFE8
:10C12000B3E797F8A031002BAFD0FFF709FCACE7DD
:10C13000FF2818BF0446A8E744640020C83C00203C
:10C14000B83F0020A03B0020F8B5354D95F8E2310E
:10C150009A0723D50BF084FF18BB324F324EFB6E8B
:10C16000984796F8BC30102B23D04306C4B202D5B2
:10C1700032242046F8BDC0051ED495F8E231D90717
:10C180000CD5327B03F022031A4307D0220716D5C1
:10C1900095F89431DB0712D40D24EAE705242046F4
:10C1A000F8BD0BF05DFF40F201131842D5D1082411
:10C1B000DFE731242046F8BD33242046F8BD14F0D3
:10C1C000010401D01224D4E74FF00400F1F7FEFF80
:10C1D00010BB3378002BCCD1FCF77CFF0BF028FF91
:10C1E000124B2046DB689847337B1BB196F85420EE
:10C1F00093430AD0EEF7A2FF0028BAD00B23012008
:10C2000086F8BC30FCF766FFB3E797F8A031002B47
:10C21000AFD0FFF795FBACE7FF2818BF0446A8E7AF
:10C2200044640020C83C0020B83F0020A03B002010
:10C23000F8B5354D95F8E2319A0723D50BF010FF8C
:10C2400018BB324F324EFB6E984796F8BC30102B1D
:10C2500023D04306C4B202D532242046F8BDC0051F
:10C260001ED495F8E231D9070CD5327B03F02203B6
:10C270001A4307D0220716D595F89431DB0712D45C
:10C280000D24EAE705242046F8BD0BF0E9FE40F254
:10C2900001131842D5D10824DFE731242046F8BD28
:10C2A00033242046F8BD14F0010401D01224D4E751
:10C2B0004FF00200F1F78AFF10BB3378002BCCD18E
:10C2C000FCF708FF0BF0B4FE124B2046DB689847E2
:10C2D000337B1BB196F8542093430AD0EEF72EFF20
:10C2E0000028BAD00B23012086F8BC30FCF7F2FE00
:10C2F000B3E797F8A031002BAFD0FFF721FBACE7F5
:10C30000FF2818BF0446A8E744640020C83C00206A
:10C31000B83F0020A03B002008B50A4BDB6E9847D1
:10C320000949C0F300130A7AC0F3401C1B0143EA19
:10C330008C13C0F3C02002F02F0243EAC013134352
:10C340000B7208BDC83C0020B83F0020034B93F897
:10C35000A0310BB1FFF7F4BA704700BFC83C002012
:10C36000024B1A6818608260704700BF642F00207B
:10C37000002846D02DE9F843064600788846002874
:10C3800030D000241F4F08E052F80900A8470546A6
:10C3900070B930780134A04224D972684FEA041988
:10C3A00002EB0413DD68002DF4D01B7A5B07EBD49D
:10C3B0002B78242B0DD0D7F8C830242098477268EA
:10C3C000D7F8C03052F8090098470F48D7F8C03066
:10C3D00098472846D7F8C03098470C48D7F8C0305F
:10C3E0009847D6E7B8F1000F01D1BDE8F883084BB4
:10C3F000B6689E42F9D0002EF7D030780028C0D120
:10C40000F6E77047C83C00200C8F021018CB0210D2
:10C41000682F002010B5074C2046FFF7BFFA064BE7
:10C420001868A04204D0BDE810400121FFF7A0BF6A
:10C4300010BD00BF682F0020642F00202DE9F04FB1
:10C440000446407885B0002800F0BB80651C2B4670
:10C450002A46A0F161013D28C9B200F0A68020283B
:10C4600005D0192998BF00F05F0003F8010B12F8FE
:10C47000010F0028EDD14FF00009042228469E4903
:10C4800083F800900AF0EEFE002800F0F3803D21D2
:10C4900028460AF055FE994B0746002800F099807F
:10C4A000DFF860821E6807F8019B96F80090B9F1EA
:10C4B000000F24D0002402E00134A1451FD9726886
:10C4C00023012846D15802EB041A0BF0EBF900289F
:10C4D000F2D198F805209AF808300AB19A076CD57D
:10C4E000D907E9D4DAF804900BF0BAFD3946C84709
:10C4F000FF2863D196F800900134A145DFD8B668D3
:10C50000002ED2D1DFF8F891D9F89C30002B00F042
:10C51000D38098470646002800F0CE80DFF8E481FB
:10C52000002F00F0838096F800A0BAF1000F24D00D
:10C53000002402E0013454451FD2726823012846CA
:10C54000D15802EB041B0BF0ADF90028F2D198F89A
:10C5500005209BF808300AB19A072ED5D907E9D4EF
:10C56000DBF804A00BF07CFD3946D047FF2825D12D
:10C5700096F800A001345445DFD3F3681BB1984707
:10C5800006460028CFD1D9F89830002B00F08180E2
:10C590003D2307F8013CD9F898400BF061FD29468E
:10C5A000A047002307F8013C71E0013203F8010BBA
:10C5B00012F8010B0028F9D15DE74F2005B0BDE866
:10C5C000F08F4F4B01905B689847019805B0BDE82C
:10C5D000F08F4C4E1F6897F800800024B8F1000FD0
:10C5E0001BD07A6823012846D15802EB04190BF0BE
:10C5F00059F978B973791BB199F808309807DCD5E7
:10C60000D9F804800BF02CFD0021C047FF28D5D1BC
:10C6100097F800800134A045E3D8BF68002FDAD135
:10C6200070E7F36863B39847064648B396F800A0EE
:10C630000024BAF1000FF4D0726823012846D158C3
:10C6400002EB041B0BF02EF980B998F805301BB1F2
:10C650009BF808309B07B0D5DBF804A00BF000FD79
:10C660000021D047FF28A9D196F800A00134A245A7
:10C67000E2D8D6E7601D05B0BDE8F04FF8F7AAB8DC
:10C68000D9F898402CB10BF0EBFC2946A047FF28C5
:10C6900094D10BF0E5FC28B10BF0E2FC40F203135F
:10C6A000184211D00023284603AA02A90293F2F7E8
:10C6B0004FF858B9022081E7D9F89840002CE8D00B
:10C6C000002F7FF465AFDEE7082077E70398F2F7E5
:10C6D000B9F858B1DDED037AFCEEE77A17EE903A3F
:10C6E000394698B227B1FBF773F867E7032065E78F
:10C6F000F5F7BCFE62E700BF84CB0210642F002078
:10C70000A03B0020B83F002010B5144B82B0044677
:10C71000997901A8E7F754FD114BE4B21B7E022B77
:10C7200017BF012305239DF8062093401C4203D028
:10C730000C4B93F8A0200AB902B010BD00200A49A2
:10C740005A6AC96E42F400425A6283F8A000002976
:10C75000F2D04FF40040884702B010BDD04A00200C
:10C7600044640020B83F0020A03B002010B50C4BD3
:10C7700093F86D31DB070FD40A4CA36C03B19847D3
:10C78000094AE16E536A43F48073536239B1BDE8DC
:10C7900010404FF480700847F4F78CF8ECE710BDB8
:10C7A00044640020A03B0020B83F0020D1ED057A72
:10C7B000B8EEE75AD1ED047A1B4BF8EEE75A93ED49
:10C7C000344AD1ED037AC5EE044AB8EEE76AD1EDFA
:10C7D000027A91ED017AF8EEE76AD1ED007AC0EDC8
:10C7E000054AD3ED2C4A85EEA45A80ED045A93ED08
:10C7F000245AC6EE055AC0ED035AD3ED1C5A86EEF4
:10C80000A56A80ED026AB8EEC77A93ED146AC7EEA6
:10C81000066AC0ED016AF8EEE77AD3ED0C6A87EE9E
:10C82000A67A80ED007A70474464002000B52DEDB3
:10C83000028B08EE101AB5EEC08AF1EE10FA87B03E
:10C8400005DC002007B0BDEC028B5DF804FB6946F7
:10C85000FAF7BEFA0028F4D0154A164BD2ED337A17
:10C86000D3ED144AB8EEE77AD2ED326AC7EE247AF5
:10C8700093ED0C5AF8EEE66ADDED015A9DED006A83
:10C8800086EE857A77EEE57A37EE467A67EEA77A16
:10C89000E7EE077AB1EEE77AB4EEC78AF1EE10FA66
:10C8A000ACBF0120002007B0BDEC028B5DF804FB9B
:10C8B000B83F00204464002070B504460BF0D0FB64
:10C8C00004281A4D22D095F8BC30A34217D0112C61
:10C8D00027D8174BE34013F0010325D00A2C14BFCF
:10C8E00001204FF480706B7185F8BC40FCF7F2FBBF
:10C8F00095F8BF3023B995F8BC30102B00D070BD2F
:10C900000C4B2046BDE870401B691847AB6C9B067A
:10C91000D9D4094B214605F14C009B6CBDE8704011
:10C92000184700230120DEE70120DCE7B83F0020A4
:10C9300006040200A03B0020C83C0020014B586ABE
:10C94000704700BFB83F002008281CD00FD8B8B1EE
:10C95000012804D1124B93F9F931002B0FDA114A57
:10C960001149536AC96E0343536241B10847B0F598
:10C97000802FF4D10A4BD3F81431002BEFD170473C
:10C98000084B58627047094B064A93F86C3192F88D
:10C990002510C3F3401363F3000182F82510DFE78D
:10C9A000C83C0020B83F0020A03B00204464002089
:10C9B0002DE9F041284E3368002B4BD0274B1C68E3
:10C9C000002CFCD1264D2B6D9847D5F8DC30306813
:10C9D0009847EB6C34609847224E336853B11F4B35
:10C9E0001C68002CFCD12B6D98473268EB6C2A67D1
:10C9F000346098471C4C2378D3B91C4E1C4BD6F896
:10CA0000B8209A4221D000231A49EA6E81F8983062
:10CA100023709047020709D595F800321B0705D50A
:10CA20002B6C4021BDE8F04113481847BDE8F08168
:10CA300000230E4E012219461048D6F8B070B847B0
:10CA40000B4BD6F8B8209A42DDD10D4B1B68C6F8C7
:10CA5000B830D8E7024DBFE7AC490020546600204B
:10CA6000C83C00202449002058720020A03B002030
:10CA700045CD0110D04A0020004000204049002050
:10CA8000A0520020014B1420DB681847A03B002077
:10CA900070B5174D2C680CB3164BE269D9699142F9
:10CAA00023D0154A9C469269144E0AB1D6F83041FB
:10CAB000BCE80F0020606160A260E360BCE80F008A
:10CAC000206161618020A261E361FFF73DFF0023E7
:10CAD000D6F830212B60D269C6F89020FFF768FFA6
:10CAE000BDE87040064B1B681847044EEFE700BFD7
:10CAF0006852002040490020A03B0020D04A00207E
:10CB00009C4900200E4B30B48C460446186031B16D
:10CB10000C4B1B6893B1204630BC61461847006837
:10CB20006168A268E368084D0FC5E369206961691F
:10CB3000A2690FC5034B1B68002BECD130BC7047BA
:10CB400068520020FC6D002040490020074B10B5C2
:10CB50001B68044603B19847054B1B7F03B910BD02
:10CB60002046BDE81040FFF7CFBD00BF9452002023
:10CB700044640020F0B55B4D8BB06846F2F782FF4D
:10CB8000594C2B78594E04EB830206EB8303D3ED0B
:10CB9000007A92ED007AB4EE677AF1EE10FA9DF821
:10CBA000143043F001038DF814301ED16B7804EB80
:10CBB000830206EB830392ED007AD3ED007AB4EEA4
:10CBC000677AF1EE10FA10D1494FF3F773FE00289F
:10CBD00057D1F3F76FFE00283AD13B78002B4DD1A7
:10CBE000787880F001000BB0F0BDAB78404F04EBDB
:10CBF000830207EB83039B6D69463B481360EEF7A6
:10CC0000EFFA0028E5D03B4B93F871315B06DCD49A
:10CC1000AB78DFF8D4C004EB830407EB8303D3EDD8
:10CC2000167ADFF8C8E0BEE80F00ACE80F009EE817
:10CC300003008CE803006946ACF11000C4ED007AF3
:10CC4000EEF7CEFA0028C0D1F3F734FE0028C4D0A6
:10CC5000F2F7FAFD28492948FFF7A8FD284B294C8F
:10CC60001D6828686968AA68EB680FC4EB692869C1
:10CC70006969AA690FC43B78002BB1D000200BB0C2
:10CC8000F0BDF2F7E1FD1C491C48FFF78FFD194C80
:10CC90001D4BB4F8F81093F82500E6F74FFB4FF062
:10CCA000FF30E7F715FCB4F8003101788268C068FE
:10CCB000FBF7F2FD94F8711111F0400189D1A878C9
:10CCC000E7F798F9AB7807EE100A06EB8306D6ED86
:10CCD000007A77EE877A69460448C6ED007AEEF767
:10CCE0007FFA76E7B4530020DC6A00202C54002041
:10CCF000B83F00204464002080400020444B0020C6
:10CD00006852002040490020D04A0020094B10B54D
:10CD10001B68044603B19847074B93F82030A342A1
:10CD200000D010BD054B1A78002AFAD0044A1278B8
:10CD30001A7010BDBC520020D04A0020457200205D
:10CD4000477200200C4B1A7A910703D40B4B132027
:10CD5000DB6818470A4993F8A0208978CA40D207AF
:10CD600000D4704703EB81021346D26AD3F8A43093
:10CD70000220D21AE7F776B9B83F0020A03B002086
:10CD8000B45300202DE9F843204C214F214605469D
:10CD90000820FAF71DF8BB781E4A1F4E02EB8302EB
:10CDA000916D327804EB8303D3F80080196042B1AF
:10CDB0001A4B002218681A4B2146D3F8B090012371
:10CDC000C84729461148EEF70BFA18B90024204647
:10CDD000BDE8F883BB78294604EB83040B48C4F80C
:10CDE0000080EEF7FDF904460028EFD03378002BE1
:10CDF000EDD0012309490A4A0868D2F8B050002151
:10CE00001A46A8472046BDE8F88300BFDC6A002028
:10CE1000B4530020B83F0020587200206852002010
:10CE2000A03B002010B50B490B48FFF7BFFCFFF7F4
:10CE3000A1FE0446FFF7BCFD084B0020DB689847C5
:10CE400034B1BDE81040064B02211B6C0548184761
:10CE500010BD00BF80400020DC6A0020A03B002005
:10CE6000C83C0020004000202DE9F04391B0694605
:10CE70000820F9F7ADFF06A8F2F704FEB54B4FF016
:10CE800000051A789DF82C30B34C43F001038DF85F
:10CE90002C30002A40F0D580B04E327873780DEBFC
:10CEA0008201096804EB820211600DEB83021268B3
:10CEB000AB4F04EB83031A603B7893B14FF001084A
:10CEC000A84B00221868A84BA349D3F8B0900123BF
:10CED000C847B8F1000F04D1FFF76AFD11B0BDE8F3
:10CEE000F0839D4806A9EEF77BF90028F4D0B378CB
:10CEF00006A90DEB8302126804EB830396481A60BF
:10CF0000EEF76EF90021DFF878820B91D8F8243023
:10CF10008DF81C100693002800F0C7803B786BB199
:10CF20000123904A1068904AD2F8B0701A46B84768
:10CF30009DF82D3060F3C3038DF82D30B37898ED54
:10CF40000B7A04EB8301D1ED007A77EEC77A874F35
:10CF5000C1ED007A97F85420DA40D2071DD508EBCE
:10CF6000431292ED0F7AB5EEC07AF1EE10FA14D5B5
:10CF700007EB8302D2ED226AF4EEE76AF1EE10FAD3
:10CF800092ED1C7A77FEA67AB4EEE77AF1EE10FA0B
:10CF900058BFF0EE477AC1ED007A4FF000026E48BC
:10CFA00006A9F0F769FF012896D171496A48FFF791
:10CFB000FDFBB378B0EE007A04EB8303D3ED007A87
:10CFC00077EE877A98F87221C3ED007A1307C2F3DF
:10CFD000C00940F19D80D8F82030069369F3C3055D
:10CFE0002A465D4806A9F0F747FF01287FF474AF91
:10CFF000B17897F8A03007EB810223FA01F4E40737
:10D00000D26A00F19E808840034307EB81014FF410
:10D01000004087F8A030C1F8A420FFF795FC524BE0
:10D020000F20DB689847FFF7A5FD0446FFF7C0FC1B
:10D03000002C3FF453AF4F4B02211B6C4E489847D6
:10D040004CE7464E20464D49FFF7B0FBB378474AC0
:10D0500002EB830204EB8303D2ED167A93ED007AA0
:10D06000B4EE677AF1EE10FA3FF417AF06A9204646
:10D07000C3ED007AEEF7B4F8327880460DEB82000B
:10D080007378006804EB8202354F10600DEB830269
:10D090001268397804EB83031A6000297FF410AF1B
:10D0A000B8F1000F3FF418AF1BE7B27898ED0B7A98
:10D0B00004EB8204D4ED007A77EEC77A2B49C4EDF5
:10D0C000007A91F85430D340D8077FF505AF08EBCC
:10D0D000421898ED0F7AB5EEC07AF1EE10FA7FF5AE
:10D0E000FBAE01EB8203D3ED226AF4EEE67AF1EEB9
:10D0F00010FA93ED1C7A58BFF0EE667AB4EEE77A38
:10D10000F1EE10FA58BFF0EE477AC4ED007AE3E68C
:10D11000D8F82830104806A90693EEF761F80028E1
:10D120003FF4DAAED8F82030B1EE007A0693B37847
:10D1300004EB8303D3ED007A77EEC77AC3ED007A70
:10D140004CE707EB8107D7F8A4300220D21AE6F7A4
:10D1500089FF68E747720020DC6A0020B453002092
:10D160005872002068520020A03B0020B83F0020E9
:10D17000E43F0020C83C0020004000208040002008
:10D180004464002030B58BB06846F2F77BFC2A4C33
:10D190009DF81430294D43F00103204628498DF8AD
:10D1A0001430FFF703FBAB78264A02EB830204EB53
:10D1B0008303D2ED167A93ED007AB4EE677AF1EE3E
:10D1C00010FA1ED1204B1B7F022B26D068782A78BC
:10D1D0001E4B04EB820503EB820203EB8003126813
:10D1E0001B6804EB8004694613482A602360EDF74E
:10D1F000F7FFB8B900231649164A0B7013700BB02D
:10D2000030BD69462046C3ED007AEDF7E9FF0028FE
:10D21000F0D00D4B1B7F022BD8D16846FFF7B2FD33
:10D220000028E7D0F3F746FBF2F70EFB04490A4863
:10D23000FFF7BCFADEE700BFDC6A0020B453002031
:10D2400080400020B83F0020446400202C5400207F
:10D250004B72002047720020444B0020954B1B6806
:10D26000002B00F01E81944ADB69D2699A4200F0DB
:10D2700016812DE9F047914EDFF8748281790546D9
:10D2800090B03046E6F79CFF98F81C308C4F012B8D
:10D2900097F8542000F0B68002F00702072A40F009
:10D2A000C480032B40F0B580864C033B18BF01239C
:10D2B0004FF0000A844ADFF83C921370FBF79AFBA8
:10D2C000D9F8743050469847804B83F800A0D4F8C2
:10D2D000B03033B198F81C30013B022B8CBF0023D7
:10D2E00001237B4C7B4A20467B491370FFF75EFA93
:10D2F0000021B078E6F77EFEB37807EE100A04EB63
:10D300008303D3ED007A77EEC77AA446C3ED007AA3
:10D310006C46BCE80F000FC49CE8030084E80300DF
:10D3200006A8F2F7AFFB9DF82C3043F001038DF80F
:10D330002C3098F872315B077BD40022B378DFF889
:10D34000B8A107EB8301896D0DEB830319608AF89F
:10D350000020624C60492046FFF728FAB37807EBBB
:10D36000830704EB8303D7ED167A93ED007AB4EECE
:10D37000677AF1EE10FA40F088809AF80030002BBE
:10D3800068D0337872780DEB8301D1ED007A04EB2D
:10D390008301D1ED006AF4EE676AF1EE10FA0DEB4D
:10D3A000820191ED007A4FEA83034FEA820207D1AE
:10D3B000A118D1ED006AF4EE476AF1EE10FA0AD036
:10D3C00023442244454806A9C3ED007A82ED007A41
:10D3D000EDF706FFA0B1B37804EB83040DEB8303F4
:10D3E000D3ED007A94ED007AB4EE677AF1EE10FA9C
:10D3F00034D03A4806A9C4ED007AEDF7F1FE68BBD7
:10D40000122013E0B17803FA01F10A40C9B28A424E
:10D410000BD12C4C3249D4F8B8208A423FF445AFA6
:10D42000C4F8B8102F490A603FE72E2010B0BDE8BD
:10D43000F08797F8543003F00703072B7FF47DAF94
:10D440000123DFF8B4A069460A208AF80030F9F712
:10D45000BFFC7EE798F81C30022B24D0F3F72AFAA1
:10D46000F2F7F2F91C492048FFF7A0F901224FF426
:10D470008061D9F8403085F898201C489847F2F729
:10D48000B3FE002010B0BDE8F087204606A9C3ED2A
:10D49000007AEDF7A5FE00287FF46FAFB0E700201B
:10D4A00070472F20704706A8FFF76CFC0028D5D1E5
:10D4B000A6E700BF6852002040490020B453002076
:10D4C000B83F0020A03B0020457200204B72002096
:10D4D0002C5400205872002080400020DC6A00207C
:10D4E00045CD0110A0520020444B002000400020F8
:10D4F00044640020C83C00204772002038B5214C0D
:10D50000D4F82431984700282DD1D4F8E03053B313
:10D510004FF40040FFF718FA1B4B1B7F13F0FB037F
:10D5200022D01A491A4A1B4B1B48C3F8D410117851
:10D53000C4F82001A1B90120D4F81C51174910707A
:10D540000D601749D3F8AC50C4F81C111549D86CBC
:10D550000D601549154AC3F8AC101549DA64086026
:10D56000144B1A6832B138BD0A4AC4F82031C2F8E7
:10D57000D43038BDD4F89C110F4A1960C4F89C21EE
:10D5800038BD00BFC83C002044640020FD110020CD
:10D5900056720020A03B00205DD20110FC6D0020DF
:10D5A00005CB0110945200204DCB01100DCD011080
:10D5B000BC5200209C49002091CA01102DE9F04383
:10D5C000744C8BB0237F013B012B46D8724B1B68F8
:10D5D000002B42D0714B1D78002D36D1704B1B783B
:10D5E000002B54D16F4D70492846704FFFF7DEF87D
:10D5F0006846F2F747FABB7894ED0B7A05EB8300A7
:10D60000D0ED007A4FF0100977EEC77A684E626A63
:10D6100096F854100092D940CA07C846C0ED007A67
:10D6200008D504EB431292ED0F7AB5EEC07AF1EE15
:10D6300010FA16D44A4669465A48F0F71DFC0128EC
:10D640003AD02F200BB0BDE8F0835A4B1720DB688F
:10D65000984700200BB0BDE8F08303200BB0BDE875
:10D66000F08306EB8302D2ED226AF4EEE67AF1EE65
:10D6700010FA92ED1C7A58BFF0EE667AF4EEC77A93
:10D68000F1EE10FA77FE877AC0ED007AD2E7494AC8
:10D69000494B4A490820D2F8B0601F68FFF7C6F826
:10D6A0000123024629463846B0479DF8153060F3FD
:10D6B000C3038DF8153095E741493A48FFF776F8EE
:10D6C000BB78B0EE007A05EB8303D3ED007A77EEFA
:10D6D000877A94F87221C3ED007A1307C2F3C00968
:10D6E00041D5236A009369F3C308424669462D4831
:10D6F000F0F7C2FB0128A4D131492A48FFF756F8B8
:10D70000BB78F1EE006A05EB830595ED007A06EB38
:10D710008306D6ED167A37EE267AB4EEE77AF1EE86
:10D7200010FA636A77FE877A69461E48C5ED007A6B
:10D730000093EDF755FD002883D0F3F7BBF80028E0
:10D7400087D0F2F781F818491E48FFF72FF800201C
:10D75000227F1D49174B022A0870DB6814BF122074
:10D760001120984775E7A36A69460E480093EDF7C4
:10D7700037FD00283FF465AFBB78B1EE007A05EBCA
:10D780008303D3ED007A77EEC77A226AC3ED007A7D
:10D790000092A8E744640020AC49002047720020B2
:10D7A00058720020DC6A002080400020B453002022
:10D7B000B83F0020A03B0020685200200000A0409D
:10D7C000E43F0020444B0020457200200048704791
:10D7D000782F002000487047842F0020034B1B7ACD
:10D7E0009B074CBF4FF07E5000207047B83F002091
:10D7F000044B186D07EE900AF8EEE77A17EE900AE0
:10D80000704700BFB83F0020054BD3F83031D869CE
:10D8100007EE900AF8EEE77A17EE900A704700BF1D
:10D82000D04A0020084BA3FB0023DB0803EB830353
:10D83000A0EB430080B206289DBF044B03EB80039E
:10D84000D3F8180100207047CDCCCCCCD04A0020B2
:10D85000064BB7EE007A93F8203007EE903AF8EED8
:10D86000677A77EE877A17EE900A7047D04A0020E1
:10D87000044B93F8FC0007EE900AF8EE677A17EE77
:10D88000900A7047D04A0020084BA3FB0023DB0816
:10D8900003EB8303A0EB430080B206289DBF044B3B
:10D8A00003EB8003D3F8FC0000207047CDCCCCCC38
:10D8B000D04A0020054B93F8710100F0010007EEFB
:10D8C000900AF8EE677A17EE900A704744640020D9
:10D8D00008B900207047114A10B5A2FB0013DB08FD
:10D8E00003EB8303A0EB43039BB25C1E052C88B0C3
:10D8F0000BD8A0F5A3500438C01AA2FB002001A940
:10D90000C0F30710F9F764FA10B9002008B010BD91
:10D910000DEB8404606808B010BD00BFCDCCCCCC4A
:10D920000D4B10B5A3FB0023DB0803EB8303A0EB37
:10D93000430084B2062C88B002D9002008B010BD84
:10D940000A2001A9F9F744FA0028F6D00DEB840467
:10D95000206808B010BD00BFCDCCCCCC0D4B10B5AD
:10D96000A3FB0023DB0803EB8303A0EB430084B29B
:10D97000062C88B002D9002008B010BD092001A9EA
:10D98000F9F726FA0028F6D00DEB8404206808B0D9
:10D9900010BD00BFCDCCCCCC2B4BF0B5A3FB0023EE
:10D9A000DB0803EB8303A0EB430084B2651E052D67
:10D9B00089B01DD8254E264F96F82A0097F82030BA
:10D9C000834211D106EB840696ED0A7A214BB8EE1C
:10D9D000C77A03EB4512D2ED0C6AC7EE267A07EB45
:10D9E000850595ED027A1DE001A9F9F7F1F910B965
:10D9F000002009B0F0BD06EB840494ED0A7A154BC3
:10DA0000B8EEC77A03EB4512D2ED0C6A96F82A10ED
:10DA100097F82020C7EE267A9142E0D00DEB8505DD
:10DA200095ED017A77EEC77A93F8703117EE900A88
:10DA3000DB07DED507EE100ADFED077A67EE277AFF
:10DA400017EE900A09B0F0BDCDCCCCCCB83F002089
:10DA5000D04A0020446400203333CB4110B5044643
:10DA6000E6F772FA084BA3FB0423DB0803EB8303FE
:10DA7000A4EB4304A4B2062C96BF00EB8400002064
:10DA800050F8040C10BD00BFCDCCCCCC1B4BA3FB7D
:10DA90000023DB0803EB8303A0EB430080B20528DF
:10DAA00001D900207047164B00F1320203EB8203CC
:10DAB000D3ED007A10B5134CF8EEE77A04EB40137F
:10DAC00093ED0C7A2DED028B002187EE878AE6F725
:10DAD00091FA07EE900A78EE677A94F8703117EEB3
:10DAE000900ADB0707D507EE100ADFED077A67EE2D
:10DAF000277A17EE900ABDEC028B10BDCDCCCCCCB2
:10DB0000B83F0020446400203333CB4141F2C3329C
:10DB1000431E9BB2934210B50C4613D800231E2817
:10DB20000B602BD90021174B1B6813B924E0DB686D
:10DB300013B31A688A42FAD19A888242F7D19B6855
:10DB4000236019E010494FF0000C0A461623C4F870
:10DB500000C0B2F8A8C0013B844504D9083A002BA4
:10DB6000F7D1184610BDB2F8AAC08445F6D301EB30
:10DB7000C3014B6898472060012010BD034B196812
:10DB8000D1E700BF78540020D0150310684800206A
:10DB900041F2C332F8B5431E9BB293422DED028B86
:10DBA00025D8204A1E2898BF1F4B1768054608EE47
:10DBB000101A88BF00263C4698BF1E689FB9B5EE74
:10DBC000408AF1EE10FA16D1B5EE408AF1EE10FA65
:10DBD0000CBF012000200BE0A388AB4218D0E36803
:10DBE000002BECD01C462368B342F8D1F4E70020A8
:10DBF000BDEC028BF8BD102007F0CCFB0028E3D071
:10DC00000023084A85800660C3603FB1E060044697
:10DC100084ED028ABDEC028B0120F8BD0446106041
:10DC2000F6E700BF785400206848002070B52DED5D
:10DC3000028B3B2800F22D82DFE810F01502130260
:10DC4000B8019A018D018B0185017F01BC00B700ED
:10DC50003C00B200AD00990094002F010C020402B8
:10DC6000FC0140008A00EE01E6014B0144013D0148
:10DC700036015A0140005301F901F40167006700C1
:10DC8000670067006700670067006700670045007E
:10DC9000450045004500450045004500450045005C
:10DCA000D000C2001F010C010201DB006101D5019F
:10DCB000CB01C201B44B9B78012B4DD00024BDECAD
:10DCC000028B204670BDA0F12903052BF6DCAF497D
:10DCD000093001EB8001D1ED007AAD4AF8EEE77A28
:10DCE00002EB431393ED0C7AC7EE877A92F870310A
:10DCF00017EE904AD907E2D507EE104ADFEDA57A74
:10DD000067EE277A17EE904AD9E7A0F12002052A9C
:10DD1000D4DC9E4900F1120301EB8303D3ED007ABA
:10DD20009B4CF8EEE77A04EB421393ED0C7A00215A
:10DD3000104687EE878AE6F75DF907EE900A78EEDF
:10DD4000677A94F8703117EE904AD807B7D5D3E7C1
:10DD50008D4B5B79002BB1D0BDEC028B4FF07E5424
:10DD6000204670BD884BDB79002BF5D1A6E7864BAA
:10DD700093F8203003EB8302192A4FEA4204C8BF0C
:10DD800003F12D0404F5077407EE904AF8EEE77AE4
:10DD900017EE904A93E77C4B9B78022B8ED1DBE702
:10DDA000794B9B78002BD7D088E7774B1B79002BDA
:10DDB000D2D183E7744B1B79002B7FF47FAFCBE785
:10DDC000714A754BD2F830219B6AD069984707EEAB
:10DDD000900AF8EEE77A17EE904A70E76A4BD3F8AC
:10DDE0003031DC6907EE904AF8EEE77A17EE904A98
:10DDF00065E76A4DD5F81031002B00F03681984761
:10DE0000C3B23F2B064640F23281D5F81431002BC5
:10DE100000F02B8100209847002800F08C80D5F876
:10DE20001031984700F0010007EE900AF8EE677A8B
:10DE300017EE904AD5F81431C6F3811098473EE7A3
:10DE4000574B1C68013407EE904AF8EE677A17EEDC
:10DE5000904A34E74C4BD3F83021D3F89000D36983
:10DE6000984200F002814C4B9B6A984707EE900A5B
:10DE7000F8EEE77A17EE904A21E7434BD3F83021CA
:10DE8000D3F89040D3699C4200F0EF8007EE904AAF
:10DE9000F8EEE77A17EE904A11E73B4B93F83930EA
:10DEA000002B3FF459AF09E7374B93F838305E0742
:10DEB0003FF504AF50E7344B93F82530DB073FF5CF
:10DEC0004BAFFBE6304B93F825309A073FF544AF54
:10DED000F4E60020E6F7FCFA037899073FF53CAF3B
:10DEE000ECE6294B93F838309C073FF5E7AE33E773
:10DEF000254B93F83830DD073FF5E0AE2CE7274D92
:10DF0000D5F81031002B00F0B08095F8FB21D20736
:10DF100040F1AB809847064606F0C003402B00F066
:10DF2000A680D5F81431002B00F0AA800120984774
:10DF300000287FF474AF1B4C7CE7134BDB78002B7D
:10DF40007FF40AAFBAE6104BDB78002B7FF4B6AE55
:10DF500002E7154CB3E60A22AA230B498C7914FB7D
:10DF6000023407EE904AF8EEE77A17EE904AA6E6FA
:10DF7000054B1B8803EB83035B0007EE903AF8EE3A
:10DF8000E77A17EE904A9AE6D04A0020B83F002080
:10DF9000446400203333CB41A03B0020C83C002028
:10DFA000902F0020000080BF0000C8433A4BD3F8F8
:10DFB0008C4007EE904AF8EEE77A17EE904A7EE63C
:10DFC000364B9C6907EE904AF8EE677A17EE904A56
:10DFD00075E6334B93F8544007EE904AF8EE677AB3
:10DFE00017EE904A6BE62E4A137B3BB92D4B93F804
:10DFF000E23113F0220F3FF461AE3F2392F8542038
:10E0000093437FF45BAEA7E60020E6F761FA03785E
:10E01000D8073FF5A1AE51E61F4B5B79002B7FF48B
:10E020004DAE99E60020E6F753FA846847E61A4BAE
:10E03000DC6E44E60020E6F74BFA4378012B7FF4D0
:10E040003DAE89E60020E6F743FA4378002B3FF423
:10E0500083AE33E6104B93F83930012B7FF42EAEAC
:10E060007AE6114C2BE6114C29E6114C27E606F016
:10E07000010607EE906AF8EE677A17EE904A1EE600
:10E08000C6F3401607EE906AF8EE677A17EE904AEC
:10E0900015E6084C13E600BFD04A0020A03B002044
:10E0A000B83F002044640020A21C9B4ACDCC8C3F8A
:10E0B000000080BF0000C07FF8B510F8013B0E469D
:10E0C0002C4D002B53D000212A46202BA3F14104D4
:10E0D00027D9192C98BF43F0200302F8013B10F810
:10E0E000013B01310BB11F29EFD1002313702B78B5
:10E0F0005F2B08BF6B78B3FA83F35B097BB900230E
:10E1000033602B785F2B11D01B4B1D681B4B1C6899
:10E110002CB12368AB4218D0A46A002CF9D100209E
:10E12000F8BD10F8013B002BCFD1DEE7144F3C24A3
:10E130003D46D5F8C4120F4809F0B4FB013C0C3D34
:10E1400068B1002CF5D12546E0E70A49201D09F009
:10E15000A9FB0028E0D1606A30600120F8BD04EB23
:10E16000440407EB84031879FFF760FDF4E72A46BF
:10E17000BBE700BF3C5200206848002074540020D8
:10E18000001303102DE9F04110F8013B0D463C4C03
:10E19000002B51D04FF0000C2246202BA3F141015F
:10E1A0002AD9192998BF43F0200302F8013B10F83F
:10E1B000013B0CF1010C13B1BCF11F0FEDD1002399
:10E1C000137023785F2B20D0002B32D02D4B1F688B
:10E1D0002D4E34681CB944E0A66A7EB334462368E9
:10E1E000BB42F9D12649201D09F05CFB0028F3D180
:10E1F00065620120BDE8F08110F8013B002BCCD115
:10E200000023137023785F2BDED163788BB11F4C12
:10E21000A4F5317602E00C3C0028EAD01848D4F886
:10E22000C41209F03FFBB442F5D10028E1D0002729
:10E23000CEE70020BDE8F0812246C0E72C2007F0A1
:10E24000A9F880460028F4D00D4908F1040009F02F
:10E2500007FCC8F80070C8F82860C4F82880444655
:10E26000C6E72C2007F096F804460028E1D00449C0
:10E27000043009F0F5FB00232760A3623460B7E7A0
:10E280003C52002068480020745400200013031002
:10E290002DE9F0432DED028BC3B2013B85B0042B79
:10E2A00000F2DE81DFE813F02F007000A000D9003B
:10E2B0000500E6F759F9830340F1F080A74BA84920
:10E2C000A84A18680968D2F8144120B99FE1C068CB
:10E2D000002800F0EA8002689142F8D18288112A71
:10E2E000F5D1D0ED027A002C40F0E280F5EE407AD4
:10E2F000F1EE10FA00F0E6802725284605B0BDECC7
:10E30000028BBDE8F083E6F72FF9944A944B14682A
:10E3100010F4003F0CBF1C2500251A6814B90EE04C
:10E32000E46864B123689A42FAD1A388112BF7D12B
:10E33000D4ED027AFCEEE77A17EE903A9CB2002117
:10E340002046F8F75DFF06460028D5D00388E41A7A
:10E35000037B062B00F0F480F9F712F9002800F097
:10E36000D68021463046F8F76BFC07EE900AF8EEAF
:10E37000677A7D4817EE901AFFF704FF4FF07E5141
:10E380007A48FFF7FFFE83E0E6F7EEF8C0F30740B8
:10E3900000F00600062840F08180754A9369002B42
:10E3A00000F098806D496E4B0C681B682046D1695F
:10E3B00014B98DE0C06898B102689342FAD182889E
:10E3C000112AF7D1D0ED027AFDEEE77A17EE900A26
:10E3D00006E0A288122A00F0A180E468002C77D021
:10E3E00022689342F9D1F4E7E6F7BEF8C10655D5A5
:10E3F000DFF86891DFF86881D9F80060C0F307475B
:10E40000D8F8005007F00202002E00F0B580344624
:10E4100001E0E46864B123689D42FAD1A388042B2B
:10E42000F7D1D4ED027AFCEEE77A17EE903A9CB27F
:10E43000002A00F0A58000223346039202E0DB6848
:10E44000002B49D01A689542F9D19A88112AF6D141
:10E4500093ED028A8DED038A40E009F001FE034648
:10E4600093FAA3F1002BB1FA81F108BF4FF0FF310D
:10E47000013107EE901AF8EEE77A17EE901A3A4853
:10E48000FFF780FE4FF07E513848FFF77BFE0025F6
:10E49000284605B0BDEC028BBDE8F0831C2528465C
:10E4A00005B0BDEC028BBDE8F0835CB1DFED317AE5
:10E4B000FCEEE77ACDED017A9DF80400A047002834
:10E4C0003FF41AAF4FF48020FEF73EFA0025DFE755
:10E4D000884780BB2625DBE79FED268A41F2C332C1
:10E4E000631E9BB293423FF607AF1F2C28BF002547
:10E4F00004E0F768002F00F08E803E463368AB42A0
:10E50000F7D1B388A342F4D186ED028ADEE7304624
:10E51000F9F72EF800287FF424AFB9E794ED028ACA
:10E5200088470028D6D0FCEEC87ACDED017A9DF858
:10E530000440052CCED800EB840001680A489FE710
:10E540002146F8F7A9FB01460748FFF71BFE4FF0ED
:10E550007E510648FFF716FE9AE700BF7854002068
:10E5600068480020C83C0020BC8B0210C48B0210FD
:10E57000A03B002000000000002A7FF4BDAE14463E
:10E58000204603A9FFF7C2FA00283FF4B5AE3A07C8
:10E5900033D5D9F80050D8F80040002D3FF4ACAE88
:10E5A0002B4603E0DB68002B3FF4A6AE1A689442CA
:10E5B000F8D19A88132AF5D1D3ED027AFCEEE77AE6
:10E5C00017EE903A41F2C3329FB27B1E9BB2934248
:10E5D0003FF692AE1F2F28BF002402E0EE6866B31C
:10E5E00035462B68A342F9D1AB88BB42F6D1284609
:10E5F0009DED038A80ED028A68E703991E48FFF7C4
:10E60000C1FD4FF07E511D48FFF7BCFD5EE7002CB9
:10E610007FF454AF56E7B5EE408AF1EE10FA3FF4BE
:10E6200055AF102006F0B6FE00283FF465AE84809A
:10E630000560C760F060064666E79DED038AB5EEAB
:10E64000408AF1EE10FA3FF441AF102006F0A2FE2E
:10E6500000283FF451AE87800460C660E860C9E7D7
:10E66000074B1B682BB105B0BDEC028BBDE8F04336
:10E670001847FF250CE700BFBC8B0210C48B0210AB
:10E680009C52002038B5114B05461B685A1C13D00C
:10E690000F4C03EB43039B00E218926808331C44C1
:10E6A0007AB1206820B14C22294609F03BFA206853
:10E6B000003818BF012038BD064B1A681C46002AD6
:10E6C000EFD14C2006F066FE2060EBE7902F002093
:10E6D0006C480020205200200B4B10B51B685A1CC0
:10E6E0000ED00A4C03EB43039B00E21892680833F8
:10E6F0001C4422B1206806F075FE0023236010BD83
:10E70000034B1C461A68F4E7902F00206C48002049
:10E7100020520020074B1B685A1C07D0064A03EB07
:10E72000430302EB83039868E5F724BF034B1868A3
:10E73000E5F720BF902F00206C48002020520020D9
:10E740000B4902460B68082BD4BF012000200DDCCA
:10E75000013310B40B600749074C03EB430301EB93
:10E76000830322605A605DF8044B7047704700BF16
:10E77000902F00206C480020684800202DE9F047C9
:10E78000364F3D68002D3FDBDFF8D880D8F80060B9
:10E79000DEB1DFF8D4A0DAF80040A1463CB123682E
:10E7A00020469E42E46841D08146002CF7D1DFF834
:10E7B000BCA0DAF80040A1463CB1236820469E4246
:10E7C000A46A25D08146002CF7D1254E05EB4503E0
:10E7D00006EB830398686C0050B190F84430002B2E
:10E7E00032D106F0FFFD00232C4406EB8404A36025
:10E7F000013D002DB1BF002305EB450306EB830669
:10E8000073683D60C8F80030E843C00FBDE8F0878A
:10E81000DAF80030834212BFC9F82840A146CAF88E
:10E82000004006F0DFFD002CC7D1CEE7DAF800305B
:10E83000834212BFC9F80C40A146CAF8004006F056
:10E84000D1FD002CABD1B2E7E5F794FE3D6805EBB6
:10E85000450306EB830398686C00C2E7902F002005
:10E860006C48002068480020785400207454002030
:10E87000014B186801307047902F0020034B93F82C
:10E88000700100F001000330704700BF44640020B5
:10E89000124B10B51A784AB90121114A1148D2F821
:10E8A0001C41197004601048C2F81C010F4B1B6812
:10E8B0005A1C0ED00E4C03EB43039B00E2189268E7
:10E8C00008331C4422B1206806F08CFD002323602D
:10E8D00010BD084B1C461A68F4E700BF4D720020BB
:10E8E000A03B00209C52002091E20110902F0020BC
:10E8F0006C480020205200200378002B3ED070B5D9
:10E9000002460C461D46114612F8013F2A2B13D031
:10E91000242D14F8010B08D030B12E2D01D08542E2
:10E9200008D1002BEED1012070BD1BB30028FBD015
:10E930002428E7D0002070BD2E2D01F1020603D05F
:10E940000BE02B78002BEFD021463046FFF7D4FFA9
:10E95000254601340028F4D070BD21463046FFF72B
:10E96000CBFF0028E0D114F8013B002BDCD0AB42F8
:10E97000F3D070BDB0FA80F0400970BD012070473F
:10E980002DE9F04FDC248A4641EA400104FB01F105
:10E99000DFF8AC80814608EB010BDBF8040083B0A4
:10E9A000002845D0254F9BF8BA50D7F85441002C89
:10E9B0003ED0002D3CD02E4615461A46234614461E
:10E9C0000191721ED6B2324651464846984798B1D8
:10E9D00014B1437F5B060FD490F805C09BF8BE309E
:10E9E0009C4512D39BF8BF1061450ED3ACEB030CD2
:10E9F0005FFA8CFC654503D0D6B1D7F85431E0E717
:10EA00000646304603B0BDE8F08FBBF9BC30019A32
:10EA100090F804C0D118C031414401E0002BE9D086
:10EA200011F8012D013B6245F8D15FFA83FCE1E763
:10EA30000026304603B0BDE8F08F00BFC83C002080
:10EA4000C82F00202DE9F84F294B2A4F1C68DC23E2
:10EA500041EA400803FB0873134405468A4693F8CD
:10EA6000C0604FEA410901EB410B02E0646A002CEF
:10EA700033D02378AB42F9D1236A5B4459788E4274
:10EA8000F4D39B78711AB342C9B2EFD3504663698D
:10EA900098470028EAD0DC2202FB0872236A4179F9
:10EAA000036092F8BE408C421AD90025D14403EB92
:10EAB0000902DC23447E03FB087765F386140123F7
:10EAC000447654780279D7F8B05022440446417F06
:10EAD00093402B4063F3861141772046BDE8F88FC1
:10EAE00092F8BF508D4234BF00250125DEE700BFFC
:10EAF000D8530020C82F002030B586464FF0DC0CDC
:10EB00000846134D41EA4E010CFB0155114C1544CA
:10EB1000246895F8C05000EB400201E0646AACB193
:10EB200094F800C0F445F9D1216A01EB020C9CF87D
:10EB300001108D42F2D39CF802C0AC45EED3691AA5
:10EB40001A46C9B22369BDE83040184730BD00BF3E
:10EB5000C82F0020D8530020164A174B02441B68C8
:10EB600092F89CC101E05B6A13B39A68002AFAD05C
:10EB700018780028F7D100B5186A90F804E0F44539
:10EB800008D34079604505D3ACEB0E00C0B25DF808
:10EB900004EB10475B6A43B19A68002AFAD01878F0
:10EBA0000028E9D05B6A002BF6D118465DF804FB1B
:10EBB00018467047C82F0020D8530020184A194B18
:10EBC00002441B6892F8540301E05B6A33B35A684D
:10EBD000002AFAD093F800C0BCF1010FF5D110B4AF
:10EBE0001C6A94F804C0604508D36479844205D354
:10EBF000A0EB0C005DF8044BC0B210475B6A53B148
:10EC00005A68002AFAD093F800C0BCF1010FE7D08F
:10EC10005B6A002BF4D15DF8044B7047704700BF6E
:10EC2000C82F0020D8530020F0B5DC26134D17461E
:10EC30001A46430006FB0355114C0D44246895F811
:10EC4000C0E001E0646AB4B1E568002DFAD094F840
:10EC500000C08445F6D1266A96F801C0E645F1D396
:10EC6000B3787345EED3AEEB0C0039462B46BDE8C6
:10EC7000F040C0B218474FF0FF30F0BDC82F002061
:10EC8000D853002070B5134D134B05441C6895F8FC
:10EC900078E2134601E0646ACCB1E569002DFAD050
:10ECA00094F800C0BCF1010FF5D1266A96F801C0B6
:10ECB000E645F0D3B2787245EDD3AEEB0C0E0A46C2
:10ECC000AC4601465FFA8EF0BDE8704060472046D2
:10ECD00070BD00BFC82F0020D85300202DE9F04F91
:10ECE000A0F5B97083B003285ED8DFE810F0040007
:10ECF0000501B9006100944D944FD5F89032D7F8D2
:10ED0000C06101EA0304B44246D04FF0000A0DF19D
:10ED10000409ADF804A0DFF83C82664089F802A03F
:10ED200002E076080AF1010AF007FAD5B5F9743263
:10ED3000D8F854B103F51E7129445FFA8AF200E055
:10ED40002BB111F8010D013B9042F9D1DAB200214B
:10ED50000120D847F0B1D0F820B0BBF1000F19D096
:10ED6000427995F87612914214D895F8771291422B
:10ED700010D3037F0022C3F3C1038DF806300123B3
:10ED800003FA0AF323409B1A18BF012349468DF862
:10ED90000430D8477608C5D16D4BC7F8C0411B6811
:10EDA00013B14FF4B9709847002003B0BDE8F08F5D
:10EDB000654D664FD5F84033D7F8CC6101EA0304BE
:10EDC000B442F1D04FF0000A0DF10409ADF804A0EF
:10EDD000DFF88081664089F802A002E076080AF137
:10EDE000010AF307FAD5B5F95033D8F854B103F551
:10EDF000557129445FFA8AF200E02BB111F8010D38
:10EE0000013B9042F9D1DAB201210846D847D8B186
:10EE1000036ACBB1427F12F0300115D112F0040227
:10EE200040F0DA804FF0010C8DF8042000220CFA3B
:10EE30000AFC0CEA040CBCEB020C18BF4FF0010CEE
:10EE400049468DF805C098477608C8D1404BC7F8A9
:10EE5000CC411B68002BA7D040F275109847A3E760
:10EE6000394D3A4FD5F86C33D7F8C86101EA03043D
:10EE7000B44299D04FF0000A0DF10409ADF804A096
:10EE8000DFF8D080664089F802A002E076080AF137
:10EE9000010AF207FAD5B5F95033D8F854B103F5A1
:10EEA000557129445FFA8AF200E02BB111F8010D87
:10EEB000013B9042F9D1DAB201210846D84770B13E
:10EEC000D0F820B0BBF1000F09D0427F12F0300221
:10EED00005D1417995F852C38C4540F28A80760875
:10EEE000D5D11B4BC7F8C8411B68002B3FF45CAF62
:10EEF0004FF4BA70984757E7134D144FD5F8643262
:10EF0000D7F8C46101EA0304B44255D04FF0000AB7
:10EF10000DF10409ADF804A04FF0010BDFF83480C7
:10EF2000664089F802A002E076080AF1010AF107BA
:10EF3000FAD5B5F97412D8F8543101F51E70284489
:10EF40005FFA8AF209E000BFC82F00204464002065
:10EF5000B0520020C83C002029B110F801CD013981
:10EF60009445F9D1CAB200210120984710B3036A31
:10EF700003B30BFA0AF222420CBF012202228DF8DF
:10EF80000620427F12F004010BD090F805C095F8DE
:10EF9000761261451ED895F87712614534BF00217D
:10EFA0000121C2F380028DF804108DF80520494636
:10EFB000002298477608B8D11A4BC7F8C4411B689D
:10EFC000002B3FF4F1AE40F273109847002003B0DD
:10EFD000BDE8F08F0021E4E790F805C095F85223D2
:10EFE00062451CD895F85323624534BF00220122A4
:10EFF00018E795F853C38C45FFF471AF037F49467A
:10F00000C3F380038DF80530012303FA0AF323408C
:10F01000003B18BF01238DF80430D8475FE70A464C
:10F0200000E700BFB05200200388B3F5BA7F0FD3CA
:10F03000A3F5BA73012B09D80C4BD3F8980230B161
:10F04000D3F86C03003818BF0120704700207047C8
:10F05000B3F5B97FFAD3054BD3F8BC010028F6D03D
:10F06000D3F89002003818BF01207047C82F002045
:10F07000A0F5B970032823D8DFE800F01A120A02BD
:10F08000104A114BD2F8CC01D3F8403318407047E6
:10F090000C4A0D4BD2F8C801D3F8403318407047E2
:10F0A000084A094BD2F8C401D3F8643218407047BB
:10F0B000044A054BD2F8C001D3F8643218407047B7
:10F0C0000020704744640020C82F00202DE9F0473D
:10F0D000984B05461B6882B003B19847964B93F84E
:10F0E000BE3013B902B0BDE8F0874FF00008934C72
:10F0F000D5F8C031D4F89022ADF800801340C5F89F
:10F10000C031D4F89022D5F8C431ADF80480134052
:10F11000C5F8C431D4F86C23D5F8C8318DF8028015
:10F120001340C5F8C831D4F86C23D5F8CC318DF82C
:10F1300006801340C5F8CC31D4F8BC31002B43D045
:10F1400094F87232002B3FD04FF00109013B7C4E06
:10F15000DFB2B4F97432D6F854A103F51E7121441C
:10F16000FAB200E02BB111F8010D013B9042F9D148
:10F17000DAB200210120D047824618B3036A0BB3EC
:10F18000427F4079C2F3C0128DF8012094F87622B4
:10F1900082427AD894F87722824276D3D5F8C01189
:10F1A00009FA07F20A40003A18BF01228DF8002040
:10F1B0009AF81C20C2F3C1028DF8022050460022AA
:10F1C00069469847013FC4D2D4F89832002B4AD000
:10F1D00094F84E33002B46D04FF00108013B584EB7
:10F1E000DFB2B4F95033D6F8549103F55571214488
:10F1F000FAB200E02BB111F8010D013B9042F9D1B8
:10F20000DAB201210846C84758B3D0F82090D4F8A4
:10F210006C1308FA07F3B9F1000F2DD00B422BD075
:10F22000427F12F0300227D1D5F8C81119400BD017
:10F2300090F805C094F85213614578D894F85313A8
:10F24000614534BF00210121D5F8CC218DF804108F
:10F250001340003B18BF012300228DF8053001A99F
:10F26000C847013FBDD2374B1B68002B3FF43AAF74
:10F27000984702B0BDE8F0874FF4BA7021EA030165
:10F28000F8F78AF9013FACD2EDE71A288DF8008033
:10F290001CD01C283CD00E282AD00D288ED8E4F78C
:10F2A00095F983B27BB1B5F8F220B5F8F0101A40A9
:10F2B0000B40003BB2FA82F218BF012352098DF8CD
:10F2C00000308DF80220DAF8203077E71E498DF8FB
:10F2D000018091F8742191F87511C2F34002C1F3D5
:10F2E000800182F001028DF800108DF8022065E7A0
:10F2F000154A8DF8018092F87421C2F34001C2F3DF
:10F3000000028DF8002081F001028DF8022055E7FF
:10F310000D4A8DF8018092F87421D143C2F3801216
:10F320008DF80020C1F3C0128DF8022046E7114687
:10F330008AE700BFB4520020B83F0020C82F002049
:10F34000C83C0020B8520020446400202DE9F04F52
:10F35000DC241646DFF8948141EA400904FB098465
:10F360001A4696F800E0D4F8B03087B023FA0EFCC5
:10F370001CF0010C2FD14B0000935B4B01EB410BB8
:10F380001C685B460546B3468A46604667461E468D
:10F39000019203E0646ADCB19BF800E02378AB42A1
:10F3A000F8D1236A334459787145F3D89B78AEEB92
:10F3B00001017345C9B2EDD35046636998470028EF
:10F3C000E8D0437E5B060AD4646A0120002CE3D1B6
:10F3D00007B0BDE8F08F002007B0BDE8F08F3346DE
:10F3E0005E469B46DC23012103FB09FEBC46074623
:10F3F0003078019A814008EB0E00D0F8B030194304
:10F40000C0F8B01090F8C03031788B4208D00EF1BF
:10F41000C003434413F8010F0CF1010C8842F9D1E9
:10F42000DC2303FB09F308EB0300019090F8B40020
:10F4300060453DD9C03363444344CDE90247CDE93B
:10F44000049664461E469146019F7378FF2B06F88A
:10F45000013B21D0BA6832B1092C8ABFA30004EB6A
:10F4600044030A3B1A44204B16F8010C1B6801E0C8
:10F470005B6A8BB11978A942FAD1196A594491F89B
:10F4800001C06045F4D389788142F1D3A0EB0C012F
:10F490001B695046C9B2984797F8B4300134A3426B
:10F4A000D3D8DDE90247059E4A463178DDF8109051
:10F4B000009D236A55442B445B785046C91AC9B253
:10F4C00023699847DC2303FB0988236A01203B60FA
:10F4D00098F8B430317808EB030282F8C0105A1E55
:10F4E00088F8B420337073E7D8530020C82F002069
:10F4F0002DE9F047DC261D4F41EA400806FB08765F
:10F500000446B6F9B800421C02D0C0B2BDE8F0878C
:10F510004FF0000ADFF858900D46D9F85431A6F89C
:10F52000B8A0FBB1294620465FFA8AF2984790B10D
:10F53000437F5B0604D4B6F8B8300133A6F8B83080
:10F540000AF1010A29462046D9F854315FFA8AF2B5
:10F5500098470028ECD1DC2303FB087797F8B80024
:10F56000BDE8F0871846BDE8F08700BFC82F00202F
:10F57000C83C00202DE9F84FDFF8D880D8F8584172
:10F58000D4B3012805460E4693469A4638D069B34F
:10F5900098F843910123314628469BF80020FFF755
:10F5A000EFF9044628B3437F5B0622D453465A46FC
:10F5B00031462846D8F85871B847637F60F3861300
:10F5C0006377B0B1DC204FF6FF72214B46EA45016C
:10F5D00000FB0133012DA3F8B82021D0BEB998F863
:10F5E00042314B452FD02046BDE8F88F98F8429124
:10F5F000D0E7FF238BF8003000242046BDE8F88FC9
:10F6000011B998F84091C5E798F84191C2E798F888
:10F6100043314B45E7D109F1FF3988F84391E2E7DF
:10F6200046B998F840314B45DDD109F1FF3988F8EA
:10F630004091D8E798F841314B45D4D109F1FF39D1
:10F6400088F84191CFE709F1FF3988F84291CAE77C
:10F65000C82F0020C83C00202DE9F843414B90F80A
:10F660001C901C68437FC9F34009C3F3C00383F0B7
:10F67000010349EA4309002C36D00546884617465F
:10F6800001E0646A84B32B68226A9A42F9D1EB6A7A
:10F69000002BF6D041462846984706460028F0D071
:10F6A000DC2201214FF0FF302B7F246AC3F3400C92
:10F6B00003F00203634423445B782D792A4C2B44E6
:10F6C000994002FB09F3E518C5F8B600D5F8D82033
:10F6D000E35C22EA0101022BC5F8D8101CD0032BF1
:10F6E00006D03046BDE8F88300263046BDE8F883F2
:10F6F000B8F1900F2DD0B8F1910F06D11B4A92F8B6
:10F700000A3243F0010382F80A324FF4BA70F7F775
:10F7100043FF3046BDE8F88337B1144A3988B2F860
:10F7200000320B43A2F80032B8F10E0F05D040466C
:10F73000E3F74CFF80B20028D3D0DC2303FB09435E
:10F740004FF4B970D3F8D810F7F726FF3046BDE86C
:10F75000F883064A92F80A3243F0020382F80A322A
:10F76000D3E700BFD8530020C82F0020C83C00209A
:10F77000134AD2F85401D8B1D2F8583110B4D2E9B2
:10F780005141003B18BF0123D2F84C010A1E18BF9B
:10F790000122211E18BF0121003818BF012043EAB1
:10F7A000410343EA820343EAC0005DF8044B70471B
:10F7B00040EA400343EA800343EAC000704700BFC9
:10F7C000C83C00202DE9F04FDC2441EA400604FB50
:10F7D00006F6DFF82C91964609EB06056A6883B0B9
:10F7E000019362B3B5F9BA704FB3DFF818A1DAF834
:10F7F000543123B3DAF858210AB380468B46744655
:10F80000BEF1000F41D0013FB5F9BC10FAB2881922
:10F81000C030484400E029B110F801CD01399445C9
:10F82000F9D1CAB259464046984718B1836934EABB
:10F83000030308D01FB1DAF85431013FE4E7002098
:10F8400003B0BDE8F08F437995F8BE2093420CD306
:10F8500095F8BF10994208D39B1AD9B20C9A019B14
:10F8600098470028E6D00120EAE7B5F9BC300179D5
:10F870009A19C0324A4401E0002BEFD012F801CDB2
:10F88000013B8C45F8D1D9B2E8E7019FB5F9BC102E
:10F89000E2B28819C030484400E029B110F801CD27
:10F8A00001399445F9D1CAB259464046984770B1DA
:10F8B000437995F8BE20934211D395F8BF10994231
:10F8C0000DD39B1AD9B20C9AB8470028CBD1B5F901
:10F8D000BA300134A342B2D9DAF85431D6E7B5F9D7
:10F8E000BC3001799A19C0324A4401E0002BEAD0B9
:10F8F00012F801CD013B8C45F8D1D9B2E3E700BF46
:10F90000C82F0020C83C002038B5054DD5F850411F
:10F9100014B1A047D5F85041201E18BF012038BDB2
:10F92000C83C0020034BD3F8483103B118471846B0
:10F93000704700BFC83C002010B5074CD4F84431D4
:10F940002BB1003918BF01219847D4F84431181E53
:10F9500018BF012010BD00BFC83C002010B4064CE9
:10F96000D4F84C411CB1A4465DF8044B60474FF0FD
:10F97000FF305DF8044B7047C83C00202DE9F04F84
:10F9800004688DB02378E678F34203D100200DB0EF
:10F99000BDE8F08FC268B74F00213A6005462422C7
:10F9A00003A8019307F04AFB242203A9B24807F0F9
:10F9B00017FB019BB14AB249002840F0DA80C2F837
:10F9C0005411B049C2F85011AF49C2F85811AF49AB
:10F9D000C2F84811AE49C2F84411AE49C2F84C1100
:10F9E000AD49C2F86011002B00F0CC80DFF8CC826A
:10F9F00098F8BA106170B8F9BC0001EB030C8445AB
:10FA0000C4BF401AC3B201391944A170D8F8041018
:10FA1000002900F029814FF6FF71A8F8B610B8F858
:10FA2000BA101944A8F8BA10237092F84211194478
:10FA300082F84211002E00F0A28098F896112171F0
:10FA4000B8F9980101EB060C8445C4BF401AC6B250
:10FA5000013931446171D8F8E010002900F0EA80E2
:10FA60004FF6FF71A8F89211B8F896113144A8F832
:10FA70009611E670B8F99601B8F9BA108842B8BF85
:10FA8000084692F8431183460E4482F843610028E9
:10FA90003FF47CAFD8F80820002A00F0CF8098F817
:10FAA000C0204FF0000AFF2A06D07C4A12F8011F3E
:10FAB0000AF1010AFF29F9D198F89C214FF00009B9
:10FAC000FF2A06D0764A12F8011F09F10109FF2921
:10FAD000F9D10026734AC8F8E420C8F8082003B317
:10FAE0006378B3421DD8A378B3421AD3F1B208EBBE
:10FAF0000A0383F8C0106378D8F80820C91AC9B27D
:10FB00005FFA8AF332B1092B03EB430084BF0A3B4F
:10FB1000C018024400203B689847172E75D90AF197
:10FB2000010AE37803B32379B3421DD86379B34262
:10FB30001AD3F1B208EB090383F89C112379D8F8A2
:10FB4000E420C91AC9B25FFA89F332B1092B03EB79
:10FB5000430084BF0A3BC018024401203B68984719
:10FB6000172E3DD909F101090136B3450FD323788A
:10FB7000B5E7D2F8540188427FF408AF33E7FF219C
:10FB8000217171E7FF21DFF83481617047E7D8F810
:10FB9000D820D8F8B43101212820C8F8AC20C8F802
:10FBA000883105F009FCB8B13F4A1368B3B11A4671
:10FBB0005B6A002BFBD150620022D5E90341C0E90A
:10FBC00004412B680270DA7803620AB16A688260C5
:10FBD0001B780BB1AB68C3600120D8E61060EBE77F
:10FBE0000122D8F8B431B2401343C8F8B431002E22
:10FBF0003DD02E492E4807F06FFA3046EEF782FCD2
:10FC000001462B4807F068FAACE70122D8F8D83053
:10FC1000B2401343C8F8D830002E51D023492548AC
:10FC200007F05AFA3046EEF76DFC0146214807F01E
:10FC300053FA74E7E11CC8F8E01011E74FF0FF3306
:10FC40009146164AC8F8C030C8F89C31C2E9013361
:10FC5000C2E90333C2E93833C2E93A335361C2F827
:10FC6000F030CA46237834E7C8F80440D3E6124996
:10FC7000C0E700BF40640020083E0020C83C0020D0
:10FC800045EA0110F9EA01104DF3011059EB01109A
:10FC9000BDEB011029EC011085EC0110883000202B
:10FCA0006431002054170310D8530020CCE5021013
:10FCB000B0300020D42F0020C4E50210C82F00204F
:10FCC0000049ACE7C4E502102DE9F04F04688DB09F
:10FCD0002378E678F34203D100200DB0BDE8F08F21
:10FCE0000269B24F00213A600546242203A801931D
:10FCF00007F0A4F9242203A9AD4807F071F9019B8C
:10FD0000AC4AAD49002840F0DB80C2F85411AB4941
:10FD1000C2F85011AA49C2F85811AA49C2F84811AC
:10FD2000A949C2F84411A949C2F84C11A849C2F81E
:10FD30006011002B00F0CD80DFF8C88298F87212B5
:10FD40006170B8F9740201EB030C8445C4BF401A1A
:10FD5000C3B201391944A170D8F8BC11002900F0D0
:10FD600069814FF6FF71A8F86E12B8F87212194443
:10FD7000A8F87212237092F84011194482F84011C9
:10FD8000002E00F0A38098F84E132171B8F95003AB
:10FD900001EB060C8445C4BF401AC6B20139314498
:10FDA0006171D8F89812002900F0FC804FF6FF71BD
:10FDB000A8F84A13B8F84E133144A8F84E13E67069
:10FDC000B8F94E03B8F972128842B8BF084692F8E3
:10FDD000411183460E4482F8416100283FF47CAF14
:10FDE000D8F8C021002A00F00F8198F878224FF04F
:10FDF000000AFF2A06D0774A12F8011F0AF1010A09
:10FE0000FF29F9D198F854234FF00009FF2A06D0B2
:10FE1000714A12F8011F09F10109FF29F9D10026E1
:10FE20006E4AC8F89C22C8F8C0210BB36378B3426D
:10FE30001ED8A378B3421BD3F1B208EB0A0383F8B0
:10FE400078126378D8F8C021C91AC9B25FFA8AF368
:10FE500032B1092B03EB430084BF0A3BC0180244B4
:10FE600000203B689847172E40F287800AF1010A6C
:10FE7000E37803B32379B3421DD86379B3421AD32D
:10FE8000F1B208EB090383F854132379D8F89C22C4
:10FE9000C91AC9B25FFA89F332B1092B03EB4300E7
:10FEA00084BF0A3BC018024401203B689847172EC4
:10FEB0004ED909F101090136B3450FD32378B4E7D0
:10FEC000D2F8540188427FF407AF32E7FF21217155
:10FED00070E7FF21DFF82C81617046E7D8F89022A7
:10FEE000D8F86C3301212820C8F86422C8F84033C0
:10FEF00005F062FAC8B13A4A13683BB31A465B6A26
:10FF0000002BFBD150620122D5E90441C0E9044134
:10FF10002B680270DA7803620AB16A6842601B7863
:10FF20001BB1D5E90232C260C3612E4B1A780AB107
:10FF30000120D2E601212C4A2C48146F197004606C
:10FF40002B4C2C481467F6F7C3FEF1E71060DAE794
:10FF50000122D8F86C33B2401343C8F86C33002E3A
:10FF60006BD02549254807F0B7F83046EEF7CAFAB6
:10FF70000146224807F0B0F89BE70122D8F89032FA
:10FF8000B2401343C8F89032002E58D01A491C488A
:10FF900007F0A2F83046EEF7B5FA0146184807F028
:10FFA0009BF863E7E11CC8F89812FFE64064002064
:10FFB000083E0020C83C002045EA0110F9EA011083
:10FFC0004DF3011059EB0110BDEB011029EC0110AC
:10FFD00085EC0110403200201C330020FC16031079
:10FFE000D853002055720020A03B0020B4520020BE
:10FFF000CDF00110942F0020CCE5021068320020D3
:020000041002E8
:100000008C310020C82F00204FF0FF3391460D4A5D
:10001000C8F87832C8F85433C2E90133C2E903336F
:10002000C2E93833C2E93A335361C2F8F030CA4604
:100030002378F4E6C8F8BC4193E6034992E7024905
:10004000A5E700BF40320020C4E50210D0ED026AEF
:1000500090ED017AF4EEC76AF1EE10FA10B40A607E
:1000600047DD07EE902A90ED004AF8EE677A87EEBA
:10007000846AFCEEC67AD0ED044A90ED055A90ED04
:10008000033AB8EE674ADFED2B3AB5EE403A17EE89
:10009000902AC1ED017A24EE055A64EE247AF1EE3D
:1000A00010FA87EEA36AC5EE237A14BF012300235A
:1000B000BCEEC66AFCEEE77A16EE104A4B7717EEF6
:1000C000903AC1E90343A3EB040376EEC75A07EE67
:1000D000903AB0EE656AF8EE677AC7EE865A81ED1F
:1000E000057AC1ED065A0ED10B7F002B08BF002206
:1000F0008A60F4EEC76AF1EE10FA5DF8044BCCBFEB
:10010000012000207047437E93B9B5EEC03AF1EE6E
:1001100010FA0DDD24EE034AC4EE237AFCEEE77AF2
:10012000087F17EE903A08B1013AD31A8B60E0E7E6
:100130008C60DEE70000C84207EE901A90ED057A69
:10014000B4EEE77AF1EE10FA024616D577EEC77AEA
:1001500090ED067AD0E9031067EE877AFBFE677AA6
:10016000FCEEE77A17EE903A0B4498420CD8137FD6
:1001700013B15368013B181A7047F5EE407AF1EE5F
:1001800010FA09D180687047994238BF1946137F29
:100190000846002BF0D0ECE7037FC068002BEBD0C3
:1001A0005368013B181AE7E7F8B5374B0D461B6853
:1001B0008BB3046801E05B6A6BB31A6AA242FAD19E
:1001C000DC21437F027FC3F3C003C2F3400283F00C
:1001D000010342EA430302EB4202144401222B4E84
:1001E00094F801C001FB03610479D1F8D81064448C
:1001F000A2400A4208D0264C2F78D4F8C011002F14
:1002000037D01143C4F8C011DC2101FB0363D3F8DC
:10021000AC301A4222D140790E2813D00D2803D9D0
:10022000BDE8F840F6F78EB8E3F7D0F980B20028C1
:10023000F6D0174B2978B3F8F020F9B11043A3F8A2
:10024000F000EDE7124B297893F8742161F3000276
:1002500083F87421BDE8F840F6F774B80C49AC781F
:10026000D1F8C431012C14BF13439343C1F8C431F6
:10027000D1E721EA0201C4F8C011C5E722EA000271
:10028000A3F8F020CCE700BFD8530020C82F0020EF
:1002900044640020274B1B68002B3ED070B40468D8
:1002A00002E05B6A002B35D01A6AA242F9D1427F84
:1002B000037FC2F3C002C3F3400382F0010243EAAA
:1002C000420203EB43031C4490F804C06078DC2432
:1002D00001238444184803FA0CF304FB0204D4F805
:1002E000D840234207D0154D0E78D5F8C841DEB16D
:1002F0001C43C5F8C841DC2404FB0200D0F8AC2044
:10030000134207D00D484978D0F8CC2139B11A43AF
:10031000C0F8CC2170BCF6F715B8F6F713B822EA8E
:100320000302C0F8CC21F5E724EA0304C5F8C8416C
:10033000E1E700BFD8530020C82F0020446400200C
:10034000784B1A6802B110472DE9F047764D82B01C
:10035000D5F8BC21002A5CD0B5F97222002A58D009
:1003600006380D2855D8DFE800F00754545454548B
:10037000545457545457540700234FF0010801AF09
:10038000013A6A4EADF80430D4B2BB70B5F974329C
:10039000D6F8549103F51E712944E2B200E02BB166
:1003A00011F8010D013B9042F9D1DAB20021012090
:1003B000C84760B3D0F82090B9F1000F27D0437937
:1003C0001A2B00F08F801C2B7DD00E2B1FD1002309
:1003D000574A8DF8053092F87411C1F34003C1F308
:1003E000000C83F00103DBB28DF804C001F00101C1
:1003F0008DF8063008FA04FCD2F8C03100295FD02D
:100400004CEA0303C2F8C03139460022C847013C18
:10041000BCD202B0BDE8F08700234FF0010901AF64
:10042000013A424EDFF80881ADF80430D4B2BB7017
:10043000B5F97432D6F854A103F51E712944E2B21D
:1004400000E02BB111F8010D013B9042F9D1DAB275
:1004500000210120D047824620B1036A13B14079C0
:100460000D2802D9013CE3D2D3E79AF81D30C3F33B
:10047000C0138DF80530E3F7A9F880B2D8F8C011A1
:1004800009FA04FC002843D0B8F8F220B8F8F0309C
:1004900002400340B2FA82F2003B18BF0123520926
:1004A0008DF806208DF804307BB34CEA0101C8F8C2
:1004B000C011002239465046DAF820309847D1E77B
:1004C00023EA0C039EE70023194A8DF8053092F8C1
:1004D0007411CB43C1F3801C61468DF804C0C3F393
:1004E000C01385E70023124A8DF8053092F8743165
:1004F00092F87511C3F34003C1F3800C83F001033C
:100500006146DBB28DF804C072E721EA0C01CEE748
:100510009AF81C200CEA0103003B18BF0123C2F328
:10052000C102BDE7B0520020C82F0020C83C002007
:1005300044640020014B1878704700BF4F720020C0
:100540000FB400B583B0049C074805F0ABF83CB18C
:1005500005A92046019104F04BFF044805F0A2F8DC
:10056000012004F05DFF00BF40E60210508F021032
:10057000EFF3108072B6064BD3E8CF1F012200299B
:10058000FAD1C3E8412F0029F6D1BFF35F8F70473E
:100590003B4500200023034AC2E88F3F80F31088C8
:1005A000704700BF3B45002070B58646EFF31085CD
:1005B00072B6124CD4E8CF6F0120002EFAD1C4E8F5
:1005C000460F002EF6D1BFF35F8F4FF0010CC80825
:1005D00001F007030CFA03F31EF800C01CEA03063F
:1005E00008D14CEA030C0EF800C0C4E88F6F85F305
:1005F000108870BD1046FFF7A3FF00BF3B450020E9
:10060000F8B5EFF3108772B61C4ED6E8CF5F012421
:10061000002DFAD1C6E8454F002DF6D1BFF35F8F0C
:100620009A421BD8012502E00132934222D3D4081A
:1006300010F804E002F0070C05FA0CFC1EEA0C0F9F
:10064000F2D14EEA0C0E00F804E010460023C6E892
:100650008F3F87F31088984207DBF8BD0023C6E878
:100660008F3F87F310884FF0FF300029F5D00698B0
:10067000FFF766FF4FF0FF30E8E700BF3B45002083
:1006800000B5EFF3108E72B6104BD3E8CFCF012236
:10069000BCF1000FF9D1C3E84C2FBCF1000FF4D12D
:1006A000BFF35F8F01224FEAD10C01F0070102FA7C
:1006B00001F110F80C2022EA010200F80C200022BF
:1006C000C3E88F2F8EF310885DF804FB3B450020B4
:1006D000044A1078431CDBB2182B28BF1023137078
:1006E000704700BF3833002010B5054C82B001467A
:1006F0001F23182200940348FFF782FF02B010BDA9
:1007000050E60210F04800204FF0E022936843F0DA
:1007100000539360704700BF0021044B03F1200297
:10072000C3E88F1F01339342FAD170473045002050
:1007300000EB400C4FEA8C0C0CF1804C0CF5803C2B
:10074000F0B51646DCF80420051FB2F5803F38BF2F
:100750004FF48032EDB238BFCCF80420012D2AD9F5
:100760004FF40067254C0CF54052176054F82020D8
:10077000B2B9DCF80020012D82EA461202F0E00254
:100780000CF5805632602AD94FF4006144F82030CD
:100790004FF480330CF500521160CCF80430F0BDFA
:1007A0006769B7FBF2FE0EF1010E0EEB4E0EBEF1C5
:1007B000030EFCD2DDE70129D2D103240CF540520F
:1007C0001460DCF80820D207FBD5DCF800200B4CC5
:1007D00082EA461202F0E0020CF5805632600122F5
:1007E000DCF800504D4005F00305356002FA01F1D8
:1007F000DCF808200A42FBD0C6E700BFFC48002016
:10080000014B53F820007047FC4800204FF0504245
:100810002DE9F84F6D4BD2F800A053F82A70BAF1C9
:10082000000F2CD0DFF8B0816FB30026DFF8A0B145
:10083000DFF8A091F3080C3358F8235034460836FB
:10084000CDB105F00F0120462D09013489B15BF8C7
:100850002A2000F00703C2404FEAD00C9B00D207C9
:1008600001FA03F30CF18C0C02D449F82C30B84790
:100870000DB1B442E5D3202EDCD1BDE8F88FDFF80E
:100880005C81002FD1D15248F90801F10C0358F8CE
:100890002330002B7BD013F00F054FEA13120AD040
:1008A00050F82A40FC40E60703D44A4C8C3144F807
:1008B0002150002A6BD012F00F024FEA13210DD005
:1008C00050F82A407D1CEC40E40705D4EC08414D6B
:1008D00012018C3445F82420002958D011F00F0162
:1008E0004FEA133207D050F82A40BD1CEC40E6070F
:1008F00057D5002A4BD012F00F024FEA134107D010
:1009000050F82A40FD1CEC40E40751D500293ED0A8
:1009100011F00F014FEA135207D02D4C54F82A5012
:100920003C1DE540EE074AD58AB312F00F024FEAAC
:1009300013610DD0264C54F82A507C1DE540ED077C
:1009400005D4244DE40812058C3445F82420F1B177
:1009500011F00F014FEA13731FD01D4CBD1D54F849
:100960002A20EA40D60705D4EA081A4D09068C3237
:1009700045F822105BB154F82A10FA1DD140C9077E
:1009800005D41449D2081B078C3241F822300837AD
:10099000202F7FF479AFBDE8F88F002BF7D00C4CF7
:1009A000E9E7EC080B4D09028C3445F82410A0E768
:1009B000EC08084D12038C3445F82420A6E7054DB9
:1009C000E40809048C3445F82410ADE7E44800201D
:1009D0005054002000800240908202404882024031
:1009E00010B44FF480740C4B53F8202003EB8003B9
:1009F000C00082F0400200F1804003F5805C02F00C
:100A0000C00200F5203003F54053CCF800204160CF
:100A10001C605DF8044B704704800340C00000F187
:100A2000804000F52030406800F01F00704700BF94
:100A300010B4084CC90041EA820154F8202004EBAC
:100A40008003514003F5805301F00C015DF8044B25
:100A50001960704704800340C00000F180400430FA
:100A600000F520331B6800F5243083EA014303F4CA
:100A700040330360704700BFC00000F18040043085
:100A800000F520331B6800F5243083EA013303F4BA
:100A900040530360704700BF4FF050431B6893B151
:100AA0000C4B4FEAD00C00F00700800081400A4850
:100AB00003EB8C030CF18C0C40F82C102AB103F5DD
:100AC000005319607047054BEBE703F5405319607D
:100AD000704700BF9082024000800240488202407E
:100AE0002DE9F0434FF050491F46DFF89880D9F8C0
:100AF0000030164658F8232004460D4683B032B322
:100B000087B348F823704FF050431B68BBB1194BB3
:100B1000E10804F00704184AA40005FA04F403EB02
:100B200081038C3142F821405EB10121152003F58B
:100B300000531C6003B0BDE8F04300F075B80F4BE4
:100B4000E6E703F540531C6003B0BDE8F083002FD7
:100B5000DCD015200A4948F8237000F0B7F8D9F81E
:100B60000030D3E715200649019300F0A3F9019B5B
:100B7000C7E700BF908202400080024048820240E6
:100B80000D080210E448002000F00703034AC008E3
:100B90009B0099408C3042F8201070470080024042
:100BA00030B44FF0000343EC440043EC4000052513
:100BB0004FF480740B4BC20053F8201003EB8000FD
:100BC00081F0400102F1804303F5203301F0C002BF
:100BD00000F5805100F540500A605D60046030BC53
:100BE000704700BF048003404FF0E0234FF0803295
:100BF000C3F80024C3F80424C3F80824C3F80C2461
:100C0000C3F81024C3F81424C3F81824C3F81C2410
:100C1000C3F82024C3F82424C3F82824C3F82C24C0
:100C2000C3F83024704700BF012300F01F02934037
:100C3000400941B1800000F1604000F56140C0F81A
:100C4000803103607047024A203042F820307047FC
:100C500000E100E001224309034900F01F00824047
:100C6000403341F82320704700E100E0F8B50D461D
:100C7000EFF3108772B6124ED6E8CF2F0123002A69
:100C8000FAD1C6E8423F002AF6D1BFF35F8F0D4B81
:100C900000F110049B680C4A53F82430934203D0AF
:100CA000994201D002F06AFE064B9B6843F824503B
:100CB000BFF35F8F0023C6E88F3F87F31088F8BD2E
:100CC0003945002000ED00E01D0100102DE9F04F36
:100CD00081468B46164683B0EFF3108372B6DFF879
:100CE000D0A10093DAE8CF1F01230029FAD1CAE886
:100CF000413F0029F6D1BFF35F8F664B93F9004067
:100D0000002CC0F2A080644D04EB440705EB87087B
:100D100098F8061009F110091970604BBF009B6824
:100D200053F829006300411B2F292FD95C498842C1
:100D300040F0A4801C445B4B02372F44043BDB1B78
:100D4000C3F34A036FEAC3434FF421416FEAD3432D
:100D500025F8241005EB840463804BF60153A3802F
:100D6000FF2348F00100E671C4F808B0A3714B4BB3
:100D70009B6843F82900BFF35F8F0023CAE88F3FC9
:100D8000009B83F3108803B0BDE8F08F20F0010EC4
:100D90009EF80710B1422ED84FF42143EB53414B3C
:100DA000B91C2944043B04375B1A2F44AEF10401FB
:100DB000C91BC1F34A043C49C3F34A030B43214313
:100DC000A8F804103949A8F802304AF6AA20734658
:100DD0005B1B5B415843000D88F8076088F80600EC
:100DE000C8F808B048F00100CEF80010BFE7D1798C
:100DF000B1422ED996469EF906C00CEB4C02BCF1CE
:100E0000000F05EB8202F2DA4BF601510EF10402FB
:100E1000A8F10407BF1AC7F34A076FEAC7476FEA8A
:100E2000D7478EF8064003EB0408204C05EB8803F7
:100E3000AEF8047045F82840998083F806C0DE714A
:100E4000C3F808B093E702F099FD124B93F9004004
:100E500059E7724632F8041F490514D44915023186
:100E600002EB410101916FF00701C91B019F491B72
:100E70003944C1F34A0141F46041C9E7019302F0EA
:100E80007DFD019B56E701F5FF1101F5FF511F3173
:100E9000E4E700BF4E7200203C33002000ED00E08C
:100EA0001D0100106C33002000E0FFFF0148804767
:100EB000394500202DE9F04F83B0EFF3108A72B668
:100EC000714ED6E8CF2F0123002AFAD1C6E8423F5F
:100ED000002AF6D1BFF35F8F6C4B00F110089B68BE
:100EE0006B4A53F82850954245D08D420C4650D05D
:100EF000684FEB1B2F2B3ED801214FEA50194FEAC8
:100F0000890909F1604909F5614900F01F0301FAF7
:100F100003F0D9F80030C9F8800000EA030BBFF3F2
:100F20005F8FEFF30581C9B2002934D0884505D021
:100F3000CDE9001002F022FDDDE9001025F0010EE0
:100F4000DEF808C0644505D189E0D3F808C06445DF
:100F500031D09E469EF9062002EB4203002A07EBA1
:100F60008303F2DA644561D0BBF1000F20D0C9F8E9
:100F70008001C9F80000454B9B6843F82850BFF337
:100F80005F8F0023C6E88F3F8AF3108803B0BDE867
:100F9000F08F1546EFE725F0010EDEF808C0644536
:100FA000D8D19EF906407346002C08DA154646E073
:100FB000C9F88000DFE793F90640002C37DB04EB2B
:100FC000440C07EB8C0C9CF80710DCF80820D97156
:100FD0009A609CF906206100002A9A713DDBBCF8FA
:100FE00004E05FEA4E5E05D50EF5FF1E0EF5FF5ECE
:100FF0000EF11F0E6FF0070C0A194FEA6E5E920099
:1010000002EB4E0208323A44ACEB030C6244C2F3EA
:101010004A026FEAC2426FEAD2429A801E4B2144D2
:101020001A7807EB81011C708A719DE77346D9B964
:10103000FF228EF806204BF60152AEF80420164C23
:101040004AF6AA2294F800C01946C91B49414A43EE
:10105000120D83F806C0227086E7104ADDE79EF97C
:1010600006407346002CAADA0D4A0E4CD21A083AF2
:10107000C2F30A316FEA01516FEA115144EA520298
:10108000DA80998070E700BF3945002000ED00E06C
:101090001D0100103C3300204E72002001BDFFFFF7
:1010A0007633002000F8FFFF4FF0FF0C20F0030321
:1010B00003F1604303F5644300F003001A68C000C5
:1010C0000CFA00FC22EA0C0281400A431A607047C5
:1010D000F0B5EFF30585EDB2EFF3108C72B626494B
:1010E000D1E8CF2F0123002AFAD1C1E8423F002ADC
:1010F000F6D1BFF35F8F214E40F0010EB4684AF67F
:10110000AA2354F825701E4A0446A41A6441634376
:101110001B0D77455BB21BD092F906409C421CD058
:1011200092F912409C4223D092F91E409C4221D059
:1011300092F92A409C4208BF03240FD0114A002490
:10114000157813708571C1E88F4F8CF31088F0BD4E
:10115000B2680D4C42F82540F0E7002404EB44044B
:1011600002EB8402FF2494714BF601549480E5E76E
:101170000124F3E70224F1E73945002000ED00E007
:101180003C3300204E7200201D010010014B0B4427
:10119000036070473045002070B5104C104DAC42D4
:1011A0000ED2FF26236863B1FFF792FA014620466C
:1011B000FFF7ECFFA680BFF35F8F0834AC42F1D39A
:1011C00070BDFFF785FA01462046FFF7DFFF267165
:1011D000BFF35F8F0834AC42E4D370BDD839002030
:1011E000E039002010B50446FFF772FA01462046A8
:1011F000FFF7CCFFFF232371BFF35F8F10BD00BF4C
:1012000010B504460120FFF76FFA034B0344236037
:10121000BFF35F8F10BD00BF304500200D4B1A6833
:10122000EFF3108172B6D2E8CFCF0120BCF1000FEE
:10123000F9D1C2E84C0FBCF1000FF4D1BFF35F8FBE
:1012400000221B68C3E88F2F81F3108840BF002065
:1012500000217047506600202DE9F04F2DED028BE4
:1012600085B0EFF30583DBB2103B9A0818BF01226B
:101270004FF0010103F0030B18BFAD4DAD4B08BF9C
:10128000AD4D0BEB820253F8226001FA0BF205F52B
:1012900041539FEDA58B01925A6031E0B3881B0446
:1012A00040F19580B379002B40F0DF80B6F908302B
:1012B000002B0093C0F205811A46736902EB4204C9
:1012C00003EBC403D3E90247B7F1FF3F08BFB4F112
:1012D000FF3F0ED005EB8B01AB6A0A69D21AE31A05
:1012E000934205D301232A6A03FA0BF3134200D178
:1012F0000C61284600F040FBA042B941C0F2E180F9
:10130000B6F90830019A002B0093EA63C6DBD6F8E1
:10131000148003EB4309284608EBC907D7E9024AC2
:1013200000F02AFBA04271EB0A01B7DBBAF1000F13
:10133000C0F2CD80D7E90431804A934200F00081A9
:101340007A88B6F9080092B242EA0040984702460D
:101350000B4652EA030100F0BA80002B80F2D580E0
:10136000B4EB020E6AEB030A38F93930C7E902EA36
:10137000002B93DB716903EB430201EBC202D2E95C
:101380000270BE457AEB000C4FEA430286DBB4469E
:101390002CF8083F06E003EB430001EBC0005A00C5
:1013A000D0E90270BE451A447AEB000001EBC2049A
:1013B00004DB31F93230A446002BECDA28F839305E
:1013C000009BACF80030B3881B043FF56BAF33696A
:1013D000EFF3108272B6D3E8CF0F01210028FAD1C3
:1013E000C3E8401F0028F6D1BFF35F8F4FF6FF74AC
:1013F000B0880023316900B2B480C1E88F3F82F326
:1014000010889842FFF64EAF0746A946746906F168
:10141000080807EB470E04EBCE03D3E90250B6F9F8
:101420000830C446002B13DBB246009704E034F9C1
:1014300036309446002B09DB03EB430604EBC6026F
:10144000D2E90271BD4270EB0101F0DA5646009F0D
:10145000ACF8007034F93E7024F83E30002FD8DA32
:10146000B3794D46002B3FF421AF0023B371B6F999
:10147000083006F1080E5F1C009322D09C4670696C
:1014800002E08E465A1C16D003EB430200EBC20169
:101490004C881F46240430F93230F2D5BC4581ED2A
:1014A000028BEFD0AEF800303189BC4620F8321004
:1014B0005A1C3781E8D16346002BCDF800C0BFF637
:1014C000FBAE40BF05B0BDEC028BBDE8F08F38F835
:1014D000393033813369EFF3108272B6D3E8CF0F1E
:1014E00001210028FAD1C3E8401F0028F6D1BFF33C
:1014F0005F8F7388316928F83930009B738000232F
:10150000C1E88F3F82F31088C8E62846CDE9022360
:1015100000F032FA029A039B10EB020E43EB010A31
:1015200022E700BFAFF30080FFFFFFFFFFFFFFFFD9
:1015300000800B40B853002000000B4059120210ED
:1015400008460B69029198470028C0D00299D1E95A
:101550000023FEE62DE9F84F364C25692DB1BDE894
:10156000F84F0A213448FFF711BEDFF8E480032169
:10157000404600F0EFF90326C4F80C80FFF7A8F806
:101580004FF0504C2D4B267003442361DCF80030A3
:101590000F216370636961801D834FF00405A3F818
:1015A00078504FF00505A3F890504FF00605A3F8CA
:1015B000A8504FF007050E214FF6FF7208274FF095
:1015C0000A0EA3F8C0504FF001094FF00C0C4FF079
:1015D000020B4FF0090A0D204FF00B05A3F868111C
:1015E0001749A280A3F808E1A160A3F848B0A3F8C6
:1015F000F0A0A3F82051A3F838C1A3F85001A3F834
:101600003090A3F86060A3F8D8701A800D4B304674
:10161000C8F820700C49DC60FFF728FB49463046CB
:10162000FFF702FB094B0A211F640348BDE8F84F8E
:10163000FFF7ACBD84330020506600203045002009
:10164000FFFF1000B85300205912021000200B4079
:1016500000000B400048704784330020F8B59DF827
:101660002050044617461E4635B900F08DF98742D2
:1016700066EB010100295CDB2169EFF3108372B690
:10168000D1E8CF0F01220028FAD1C1E8402F00286D
:10169000F6D1BFF35F8FB4F90220656902EB420116
:1016A000002A4FEAC10C206905EBC10139DB35F88E
:1016B0000CE0A4F802E04FF0000EC0E88FEF83F3D7
:1016C00010884888069B0130C0F30E00012838BFFF
:1016D00001200B61079B48804B61C1E9027640EA1B
:1016E00002402369EFF3108172B6D3E8CF7F012661
:1016F000002FFAD1C3E8476F002FF6D1BFF35F8FF9
:10170000A38825F80C30A2802369C3E88FEF81F30A
:1017100010880122E368217803F501538A405A605A
:10172000F8BD0022C0E88F2F83F310884FF0FF3000
:10173000F8BD2846F8BD00BF0146F0B50069EFF3DB
:10174000108772B6D0E8CF5F0124002DFAD1C0E82F
:10175000454F002DF6D1BFF35F8FB1F902E04C6920
:101760000EEB4E0CBEF1000F4FEACC05086904EBFE
:10177000CC0C3CDB665B4E800026C0E88F6F87F3A5
:101780001088BCF80200CCE902230130C0F30E003F
:10179000012838BF0120059BACF80200CCF81030BE
:1017A000069B40EA0E40CCF814300B69EFF3108230
:1017B00072B6D3E8CFCF0127BCF1000FF9D1C3E84F
:1017C0004C7FBCF1000FF4D1BFF35F8F8B88635364
:1017D000A1F804E00B69C3E88F6F82F3108801223F
:1017E000CB68097803F501538A405A60F0BD0023A5
:1017F000C0E88F3F87F310884FF0FF30F0BD00BF87
:1018000003464089B0EB214F37DD58690A1402EBDB
:10181000420210B500EBC2001C69EFF3108C72B6E7
:10182000D4E8CFEF0122BEF1000FF9D1C4E84E2F6A
:10183000BEF1000FF4D1BFF35F8F428889B292B23C
:101840008A4207D000221B69C3E88F2F8CF31088CF
:10185000002010BD42F4004242800121002218699C
:101860009971C0E88F2F8CF310881C78DA680846CD
:1018700002F50153A140596010BD0020704700BF20
:101880002DE9F04306460D4683B0EFF30584E4B23C
:101890003CB12D4B5A6AAA421CD2002003B0BDE8CD
:1018A000F0832A4FD7F80C9097F80080484600F054
:1018B00063F808F1040859F828301B1A301A65EB50
:1018C0000101984271F1000110DB20BF1E4B5A6AE2
:1018D000AA42E2D314BF012400249B6AB34234BF5E
:1018E000204644F0010003B0BDE8F08300F04CF85E
:1018F000864265EB0101002914DB154B3846CDE922
:10190000003432462B46FFF717FF011E0ADD0E4B4F
:101910005A6AAA4216D39B6AB34211D30B48FFF707
:101920006FFFB6E7084B5C6AAC42B6D3641B18BFC6
:1019300001249B6AB34234BF204644F00100ADE766
:10194000AA42EBD120BFE9E700000B40843300201E
:101950001D12021010B4054B054C064AA04214BFDC
:101960001846581C5DF8044BFEF71EBEF4480020D4
:1019700000800B406CE602100346416A0A46986AF2
:10198000596A8A42FAD17047034B596A0A46986AE3
:10199000596A9142FAD1704700000B4030B4154AA1
:1019A000536A9C46946A536A6345FAD102195941B5
:1019B0004FF0000528BF01250E4B5B6AB5B15A1CDC
:1019C00008BF1A4608D04FF0FF310A460948436A5B
:1019D0008B42FCD38B4207D1064902E0486A984209
:1019E00002D1886A9042F9D330BC70479942EDD851
:1019F000F0E700BF00000B4070B4039D04682D03A6
:101A000045EA03451B4B002CB3FBF1F3B2FBF3F6A5
:101A10001FDB194A194B904214BF4FF480424FF418
:101A20000042174C1A6003F580531A60A36832EA2B
:101A30000303FBD1212200F540530433016086608B
:101A40001A600268002AFCDA0822C5601A6070BCBD
:101A50007047036803F03F038B42DAD18368C3F316
:101A60000B03B342D5D1C36803F4EE23AB42D0D10C
:101A7000EDE700BF001BB7000080054000200240DA
:101A800000000240012300EB4000800000F1804094
:101A900000F5841041600360704700BF002370B5FB
:101AA000DB8A04460D46002242E800F2520254BF8F
:101AB0001021042144F25220984786462B462246A4
:101AC000F446BDE870400A214FF48170604700BFC2
:101AD0000023DB8A002242E800F2520201D41021E6
:101AE00018470421184700BF08B5034608462BB124
:101AF00093FAA3F3B3FA83F341F020001946FFF7FA
:101B0000CDFF00BF034AD2F82838002BFBD0BFF32B
:101B10005F8F704700000E400021044B044ABFF362
:101B20005F8F43F8041B9342F9D170470C080E40B5
:101B30002C080E4010B44FF48D704FF42A64064AFE
:101B4000064B07491460D06019605368002BFCDA1B
:101B50005DF8044B704700BF0080044000A00440C3
:101B600000B0FA0070B500F02DF90C234026194C96
:101B7000FF22A3670E201849FFF7A8F8324600217C
:101B8000164805F05BFA0125002380211348144A0A
:101B9000418445700683068782604360136042F883
:101BA000043C80F8213080F83B3043620D4B4FF00D
:101BB0000056C360C362803B836206F011FA4FF4A3
:101BC00080320949094B25642846E664C4F8901020
:101BD000DA6470BD00001150DD150020344C002087
:101BE000840010500001105010D00100002011504E
:101BF00001210E20FFF718B800220248114600F01C
:101C000001B900BF544C0020044B197021B14FF4AE
:101C10000032034BC3F89020704700BF437200208E
:101C2000002011500B785B0602D14B78052B00D0B9
:101C300070474B88014ADBB21360704700001150B7
:101C4000CB782DE9F04103F0030EBEF1010FC3F391
:101C500001005BD0002791F802C0344C0CF07F02E9
:101C60005600898806EBDC1304EB43134FEADC15BE
:101C7000D876C1F30A0185F0010083F802C0198308
:101C80005870DF70D3008DBB2948043304EB821CED
:101C900003EB0008CCF808801F5082B3254BD2001C
:101CA0001344CCF80430244B3F311A6821F03F0133
:101CB000BEF1020F08BF4900114419601F4B77198C
:101CC00004EB47179942FA602BD82E4404EB4613D5
:101CD000D97E82F0A04282F480125B6842EA81627F
:101CE00042F000421A600120BDE8F081104804EB88
:101CF000821C0344CCF8283040F832704AB90022E4
:101D00000F4904EB4513D9605A60ECE70020BDE8A9
:101D1000F081D20002F1A04202F58012CCF824201A
:101D2000C1E701F02BFEFA68CFE700BF344C00207A
:101D3000800010500400105060520020FF0F10501F
:101D40000001105006F04CB98C4608B51146074802
:101D50001A460CF07F034FEADC1C0CEB430C00EB43
:101D60004C1000F04FF8012008BD00BF344C00209B
:101D700011F07F0205D100290CBF02200120064B83
:101D80009866C909054B01EB420003EB40104FF484
:101D90000062002106F054B900201150344C00209C
:101DA00011F07F0300D17047002205485B0003EB70
:101DB000D11300EB43106FF40061C27006F040B91C
:101DC000344C00204FF0805209480A4908B50A4BAC
:101DD00002600A609968C94311F08051FAD14FF44A
:101DE0008052064805F02AF90922054B5A6708BDBA
:101DF000002002400030024000000240000010506D
:101E00000000115000234FF0010C10B580F81AC0EB
:101E10008282C3820161044606F002F920B14FF4C8
:101E20000032074BC3F89020204606F029F910B184
:101E30000123237710BD2046BDE8104006F0DCB832
:101E400000201150002070472DE9F0414FF00008AC
:101E50001C4D044642462B781B4F1C4E0DE0336848
:101E600013EB421324D0DB682046984708F10108A1
:101E70002B785FFA88F2934206D39342A2EB0303D6
:101E8000EDD807EB4313EEE754220021104805F08C
:101E9000D5F84FF0FF330E482022041D4360C4E9FB
:101EA0000133E360FF21BDE8F041143005F0C6B80E
:101EB0004FF0E023D3F8F03DDB0700D500BEBDE8CE
:101EC000F08100BF427200208C1703100C420020EA
:101ED0005C450020704700BF704700BF002070477E
:101EE0000020704700207047704700BF704700BF58
:101EF000704700BF704700BF024B5878003818BFCA
:101F0000012070475C450020024B1878C0F3800028
:101F1000704700BF5C4500202DE9F047DFF8E490F2
:101F200099F80030FF2B55D10D4600293DD00021F6
:101F300054220646294805F081F80022284C294BF6
:101F400020461A70FFF74EF9274B28481C60284C92
:101F5000FFF756F9204601F0A1FB264A264B1460F4
:101F600023B12648AFF30080254B18604FF0000ADC
:101F7000224C53462278DFF89080214F0DE03A68DA
:101F800012EB431311D05B687BB198470AF1010A49
:101F900022785FFA8AF3934211D89342EFD39B1AC7
:101FA00008EB43135B68002BEFD14FF0E023D3F82D
:101FB000F03DDB0700D500BE0020BDE8F0872946D4
:101FC000304689F80060FFF7CDFD0028EDD030469F
:101FD000FFF70EFE0120BDE8F08700BF5C45002042
:101FE0005445002044720020B0450020B03300204A
:101FF0009C330020B4450020000000004272002005
:102000000C420020B83300208C1703102DE9F04F4C
:10201000DFF8B0928BB099F80030FF2B00F0ED8024
:10202000A24CA34DDFF898A2DFF89CB22668736932
:10203000EFF3108272B6D3E8CF0F01210028FAD156
:10204000C3E8401F0028F6D1BFF35F8FB26130466E
:1020500007A901F069F900237269C2E88F3FB369EB
:1020600083F31088002800F0C8809DF81D30013BE4
:10207000072B00F26B83DFE803F0A5AF939B8C3551
:102080000A04089B002BD1D009989847CEE79DF809
:10209000201001F07F0605EB460000EBD11090F810
:1020A000343023F0010380F8343090F8343023F0DA
:1020B000040380F83430002E00F0A280027D9AF8EC
:1020C00000309A4280F091807A4B1B6813EB4213E8
:1020D00000F08C809E699DF82120099B9DF81C00D2
:1020E000B047A3E79BF80030002B7FD09BF800306F
:1020F000013BDBB28BF800309BF8003003F0FF00AF
:10210000002B93D16A4F9DF81C803B7843F001036C
:102110003B7097F8343060F3000387F8343097F859
:10212000343060F3820387F8343097F8353060F349
:10213000000387F8353097F8353060F3820387F86D
:10214000353000F05BFC9DF8203003F06002602A1F
:1021500066D0402A76D003F01F03012B00F0B68032
:10216000022B7BD0002B5BD1202A00F0DB81002AE0
:1021700056D19DF82130092B52D8DFE813F0A20187
:1021800094015100B301510087015D0151005201DA
:10219000E5002B78D9077FF549AFFFF7ABFE45E7A0
:1021A000EB78DA077FF542AF0898FFF795FE3DE739
:1021B0002B78D8077FF53AAF2878C0F3C000FFF737
:1021C00097FE33E79DF81C00FFF73EFE00F00CFC85
:1021D0009DF82030AB7029E79DF81C00FFF734FE16
:1021E00000F002FCFFF782FE20E711D04FF0E02361
:1021F000D3F8F03DDC0700D500BE0BB0BDE8F08F92
:10220000099B9DF821209DF81C0000F00BFC0DE7B8
:10221000294B5FE7DFF708FF0246002840F079818D
:102220004FF0E023D3F8F03DDE0700D500BE9DF867
:102230001C000021FFF79CFD80219DF81C00FFF78A
:1022400097FDF3E61D4800F0D9FB0121404608AA9E
:10225000FFF7F8FD00287FF4E9AEE8E79DF82410C9
:1022600011F0700FDCD101F07F0607EB4600144B34
:1022700000EBD1101B78007D7600019698424FEA62
:10228000D11600964FD340F05F810B4E002A00F02C
:102290005F81706900F0B2FB01214046736908AAB2
:1022A000984700287FF4C2AEC1E700BFB4450020C4
:1022B0005C4500200C4200208C170310451E0210C4
:1022C00042720020B8330020447200209DF8243070
:1022D0000F2BACD8AA4A3B441B79127893422DD3DA
:1022E000A5D1A84E706900F089FB012140467369B1
:1022F00008AA984700287FF499AE9DF8203013F083
:10230000600694D19DF821300A3B012B8FD800F054
:1023100075FB9DF821300A2B00F0F181404608A999
:1023200000F0F0FA82E6984B1B6803EB4016002A97
:1023300000F00E81002E3FF47AAFAAE7924A1668A9
:1023400016EB4316CED172E77B789DF822609E4251
:1023500000F04C817B78002B40F0BD817E70002E18
:1023600000F04281701EC0B2DFF75EFE0346002817
:1023700000F05E814278022A40F05A81C17903F16F
:102380000906C1F340121201C1F3801142EA411261
:102390003146387820F0300002433A705A88CDF840
:1023A00008809A180092009B8B4240F2A3814B78E0
:1023B0000B2B00F0AE814FF0010C042B40F0388164
:1023C0000023009A1E46521A92B201926C4ACDF82E
:1023D0000CC012781DE06C4A126812EB461800F02F
:1023E0002781019A05930298D8F8103004919847F4
:1023F000059B08280246049903F1010303D90198BB
:10240000904280F0F8805E4ADEB21278B242C0F0AC
:102410000F81B242A6EB0202DDD85A4800EB421807
:10242000DFE77B7840468DF81A300DF11A02012360
:1024300008A900F081FAF9E5BDF82200030A013B82
:10244000020AC0B20E2B3FF6F2AE01A151F823F002
:1024500061260210012502109D2602102F22021073
:102460002F2202107F260210012502102F220210B7
:102470002F2202102F2202102F2202102F220210D0
:102480002F2202102F2202105326021008A800F05B
:10249000BBFA40469DF82210FFF7AEFB3B7843F0B5
:1024A00002033B70C2E5BDF82230012B7FF4BFAEC2
:1024B0003B78404623F0080308A93B7000F022FA5D
:1024C000B4E540463B789A0802F00202C3F3401399
:1024D0001343ADF81A300DF11A02022308A900F0D7
:1024E0002BFAA3E5BDF82230012B7FF4A0AE3B7898
:1024F000404643F0080308A93B7000F003FA95E555
:10250000022A3FF487AEFFF7EDFC024600283FF4B5
:102510008EAE4046538808A900F00EFA00287FF4DA
:1025200085AD84E69DF824300F2B3FF680AE144A2B
:102530003B441B79127893421DD2134A166816EB5E
:1025400043167FF4A6AE72E6002A7FF470AE002632
:102550009DF8212002F0FD03012B17D0002A7FF403
:102560005FAE019B009A3B44134493F834304046DD
:10257000C3F34003ADE77FF45AAE024E89E600BFD5
:10258000427200208C1703100C420020BDF822304C
:10259000B3B9012A99F8000000F08880FFF7E8FB42
:1025A000019B009A3B44134493F8342042F002020A
:1025B00083F8342093F8342042F0010283F8342069
:1025C000002E3FF433AD706900F018FA73690121F1
:1025D00008AA40469847002000F010FA97F83530D6
:1025E000DF073FF523AD99E6FFF780FC404608A9D9
:1025F00000F088F91AE5DDF80CC0BCF1010F00F01D
:102600009D80BCF1000F00F08A80002391F80280C9
:1026100004E00671D8B2844540F2818008EB0300E3
:1026200057FA80F090F804E00133BEF1FF0FF0D0CC
:102630004FF0E023D3F8F03DDA0700D500BE4FF0AD
:10264000E023D3F8F03DDB0700D500BE00237B700C
:10265000EDE5FFF743FC024600287FF45AAFE6E5BC
:10266000DFF7DEFC024600283FF4DAAD40461223D5
:1026700008A900F061F900287FF4D8ACD7E5FFF78E
:102680002FFC024600283FF4D2AD4046137808A93B
:1026900000F052F900287FF4C9ACC8E5BDF8241059
:1026A000DFF7C6FC02460028EFD1C0E50293FFF732
:1026B00077FB019A009B3A441A4492F83410029B2B
:1026C00063F3410182F8341092F8341063F300018F
:1026D00082F8341074E700214046FFF795FA40462F
:1026E000FFF730FBBB7840460093FFF7ADFB009B44
:1026F000BB7033E6DDF80880FFF7F6FB76E740466F
:10270000012308A90DF11A028DF81A6000F014F9DE
:102710008CE40B7891F803C019444B784DE63346AE
:102720000F480392019100F077FD0E4B01991B7841
:10273000039AB3421144BFF436AE79E7D8F81000DB
:10274000094B984208BF4FF0020C5EE74FF0E023C0
:10275000D3F8F03DDB077FF569AC00BE66E400BF4F
:102760007045002042720020512E02102DE9F84FD2
:102770000A9F002A40D00C461E4615464FF0000A1C
:10278000DFF87C90DFF87C8018E0204698F8021093
:1027900099F800B000F010FDE0B121465846FFF76F
:1027A0004FFAF0B1A2780AF1010AD10916BF0B9BCA
:1027B0003A701A702278AA4514441DD06278052A0E
:1027C0000FD1E17801F00301B1420AD1A27812F0F1
:1027D000700FDAD04FF0E023D3F8F03DDA0700D5E0
:1027E00000BE4FF0E023D3F8F03DDB0702D4002019
:1027F000BDE8F88F00BEFAE70120BDE8F88F00BF02
:10280000B83300205C45002038B58B7813F0700F8A
:1028100008D04FF0E023D3F8F03DDB0700D500BE31
:10282000002038BD074A084B0C46084691781D78B1
:1028300000F0C2FC0028ECD021462846BDE8384014
:10284000FFF7FEB95C450020B83300200B46064A6E
:1028500006481168DA09343203F07F0302EB4303C0
:10286000184400F063BC00BFB04500205C45002068
:102870000B46064A06481168DA09343203F07F0332
:1028800002EB4303184400F07BBC00BFB0450020BE
:102890005C45002010B5194801F07F0C00EB4C009E
:1028A00000EBD11090F834C01CF0010F08D04FF0AD
:1028B000E023D3F8F03DDA0700D500BE002010BDBC
:1028C00000F1300494F804C00D484CF0010C00787D
:1028D00084F804C0FFF738FA0028F0D14FF0E02167
:1028E000227960F300022271227960F38202227160
:1028F000D1F8F03DDB07E1D500BEDFE75C45002005
:10290000B833002030B50B4C0023A6468C46054654
:1029100008684968C4E90233AEE803009CF8001077
:102920002846BDE83040C9431A4601F08001FFF750
:10293000B1BF00BF1C4500202DE9F041284F4FF0EA
:102940000008BE468C46064608684968BA60AEE88C
:102950000300A7F80E801546BCF80620934228BF56
:102960001346BB819AB11C4633B3DDB197F90030F1
:10297000402C28BF4024002B29DB4146234630460B
:10298000184AFFF787FF68B10120BDE8F0819CF885
:1029900000101346C943304601F08001FFF77AFF6B
:1029A0000028F1D14FF0E023D3F8F03DDB0700D54C
:1029B00000BE0020BDE8F0811A46397801F08001A0
:1029C00023463046FFF766FF0028DDD1EAE72246BE
:1029D0002946044805F0A6F88021024AF0E700BF26
:1029E0001C450020DC4400200022034BC3E90022E8
:1029F000C3E902221A6170471C450020014B18618F
:102A0000704700BF1C45002030B40246044C00252E
:102A1000234600685168C4E9025530BC03C37047BF
:102A20001C45002070B53D4CC90922780646B1EB23
:102A3000D21F1D4682B017D053B14FF0E023D3F818
:102A4000F03DDB0702D4002002B070BD00BEFAE703
:102A50002146FFF7E7F823691BB1224603213046E0
:102A60009847012002B070BD94F90030002B06DBBE
:102A7000A0680028E7D02A46294905F053F8E089E4
:102A8000A168E388284480B229448342E081A160A0
:102A900016D03F2D14D9A28994F90040131A9BB285
:102AA000402B28BF4023002C27DB90424FF0000131
:102AB00031D01B4A3046FFF7EDFE0028D1D1BCE7EC
:102AC000236923B102213046144A984760B1217826
:102AD0000023C94330461A4601F08001FFF7DAFEB1
:102AE0000028AAD00120BDE701463046FFF740F993
:102AF00080213046FFF73CF9B3E7904208D01A46F0
:102B00000748019305F00EF88021054A019BD1E7A3
:102B100080210022CEE70A46CCE700BF1C450020FA
:102B2000DC4400202DE9F0410446FFF7E5F908B93F
:102B3000BDE8F081FFF7E8F905460028F8D14FF429
:102B4000127304FB03F3134EF718F9780029EFD042
:102B500010331E44304600F0D5FB3F28E8D9284604
:102B6000F978FFF773FE0028E2D0304600F0CAFB88
:102B70003F28F97808D9084A284602EBC4124023B6
:102B8000BDE8F041FFF786BE2846BDE8F041FFF7FB
:102B90006FBE00BF944200201042002010B50446D2
:102BA000FFF7AAF908B9002010BDFFF7ADF900281A
:102BB000F9D14FF41272034B02FB0433187900F081
:102BC000010010BD944200204FF4127208B5034B6F
:102BD00002FB003000F07CFB08BD00BFA4420020D7
:102BE0002DE9F8434FF6FF734FF412749A4228BF51
:102BF0001A4600FB04F4DFF8788004F11005454420
:102C0000064692B2284600F0D9FB0746FFF774F952
:102C100010B93846BDE8F883FFF776F981460028F9
:102C2000F7D1A04498F80330002BF2D0284600F0EA
:102C300069FB3F28EDD9484698F80310FFF706FED8
:102C40000028E6D0284600F05DFB3F2898F80310E6
:102C500007D9064A4846402302EBC612FFF71AFE80
:102C6000D7E74846FFF704FED3E700BF1042002035
:102C7000944200202DE9F0410446FFF73DF910B9D8
:102C80000020BDE8F081FFF73FF905460028F7D1A5
:102C90004FF4127604FB06F6DFF8648006F1240791
:102CA0004744384600F014FB0028E9D0B0442846D9
:102CB00098F80210FFF7CAFD0028E1D00F4E384601
:102CC00006EBC4163146402200F078FB98F802105B
:102CD000044668B1034632462846FFF7DBFD50B98B
:102CE0004FF0E023D3F8F03DDB07C9D500BEC7E7BE
:102CF000FFF7BEFDC4E72046C3E700BF50420020F7
:102D00009442002038B54FF6FF754FF41273AA4273
:102D100028BF2A460A4C92B203FB004405462046CF
:102D200000F00AFC034620461C4600F0D1FA3F287A
:102D300001D8204638BD2846FFF79CFF204638BD05
:102D4000B84200204FF4127208B5034B02FB00306A
:102D500000F0D8FA08BD00BFB8420020F0B500244A
:102D600083B04FF412720021184804F067F9FF2372
:102D70004FF4E131082216480470144800940746C5
:102D800043718160827300F1380101234FF4807236
:102D9000103000F06DFA01234FF4807207F59C713A
:102DA000009307F50E7607F1240000F061FA07F5AD
:102DB00010753046FEF716FA2846FEF713FAC7E9F3
:102DC0000746C7E90C5403B0F0BD00BF9442002091
:102DD000904200200A4A116B136A61B13BB1002393
:102DE000C2E90C33D3610023136201207047012034
:102DF000C2E90C337047002BF7D0D161F3E700BF75
:102E000094420020002210B50E4C0F482378026037
:102E10000271DA0707D59B070BD5BDE810400121E9
:102E20000A4800F057BC103000F038FC23789B07AC
:102E3000F3D4064800F032FCBDE8104001210348FD
:102E400000F048BC9042002094420020B84200208C
:102E5000F0B54B7983B0022B02D18B79022B03D0D2
:102E60000025284603B0F0BD274FBB783BB14FF09B
:102E7000E023D3F8F03DDB07F2D500BEF0E78B7816
:102E800006463B700B78CC186178242908BF0925C9
:102E900007D036E023781C4461782B4424299DB266
:102EA00007D1AA42F6D20020FFF73CFE284603B025
:102EB000F0BD0B46052916D0042BF4D163790A2BFB
:102EC000F1D1124B2778019301330093022330464E
:102ED0001A46E119FFF74AFC0028C8D00E3517FA48
:102EE00085F5ADB2DFE721463046FFF78DFC0028BF
:102EF000BDD0A3787B7023785A191C44637895B2AF
:102F0000DAE70B460925D5E79442002096420020D7
:102F1000137803F06003202B08D170B5264C9388FA
:102F200094F800C09C4503D0002070BD002070477D
:102F30005378203B032BF7D8DFE803F027230D025B
:102F400001292ED003291ED11C4BE3B1002051884A
:102F5000AFF3008017E0012923D0032913D155884E
:102F6000174805F0010686F00101257100F0B2FB5B
:102F7000144B43B131460020C5F34002AFF300804B
:102F800001E0012911D0012070BD01290DD00329D4
:102F9000F9D10D4B002BF6D000200C49AFF3008087
:102FA000F1E71146FFF7AEFCEDE711460723074AAC
:102FB000FFF7C2FCE7E700BF9442002000000000DA
:102FC000B842002000000000000000009C420020E9
:102FD0002DE9F843354E0C46F27807468A421D46E5
:102FE0003DD0B3788B4212D04FF0E023D3F8F03DC0
:102FF000DB0732D40020BDE8F8832D4B23B12D48E8
:1030000000F076F900284DD00020FFF78BFDB37853
:10301000A34201D00120EEE7274B13B10020AFF30C
:1030200000800020FFF726FE0028F3D1234800F09F
:103030004FF90028EED1002DECD015F03F05E9D175
:103040003846B178FFF702FC0028E3D02B462A4629
:103050003846B178FFF71EFCDCE700BECAE79AB23B
:10306000174906F1100000F067FA164B002BC4D088
:103070007379FF2BC1D0002DBFD0DFF8448008EB5F
:10308000050902E0C845B8D0737918F8012B9A42B7
:10309000F8D1084800F02CF90028F3D17179AFF38A
:1030A0000080EFE7AFF30080AEE700BF944200205E
:1030B00000000000A442002000000000B8420020F0
:1030C000104200200000000010B582B0C9B10128F4
:1030D0000CD80B7853B1144C012B235402D001208F
:1030E00002B010BDFEF718FF0028F8D14FF0E02322
:1030F000D3F8F03DDB0702D4002002B010BD00BEC3
:10310000FAE70124084601A9ADF80440FEF704FFE0
:1031100038B94FF0E023D3F8F03DDA07EDD500BE23
:10312000EBE7014B1C70E8E750450020F8B5037849
:1031300013F001041AD1037805465A07C3F3800738
:1031400001D52046F8BD0E464FF0FF31304604F061
:103150004FFF2B7813F001040BD12B785B0709D4B8
:103160002B78012443F004032B7003E00024204655
:10317000F8BD3C46304604F04FFF2046F8BD00BF86
:1031800070B50C4605464FF0FF31204604F030FF85
:103190002B78C3F380065B0708D52B7813F0010367
:1031A00011BF00262A7863F382022A70204604F0B9
:1031B00033FF304670BD00BFC378828803F0030040
:1031C0000228C2F30A0215D003280AD001281CD114
:1031D000022940F2FF3308BF4FF4806393420DD3BE
:1031E0007047022914BF40234FF48063934205D3F4
:1031F0000120704702290AD0402AF9D94FF0E02374
:10320000D3F8F03DDB0700D500BE00207047B2F5D3
:10321000007FEDD0F2E700BF0A44914226D291F838
:1032200001C0BCF1050F05D091F800C061448A428D
:10323000F5D8704700B591F802C00CF07F0E00EB96
:103240004E0E4FEADC1C0EF80C3091F800C06144C1
:103250008A4209D991F801C0BCF1050FEBD091F871
:1032600000C061448A42F5D85DF804FB704700BF96
:103270002DE9F041B2F5004F9DF8188024D804469E
:10328000C06817460E461D4618B14FF0FF3104F0D6
:10329000AFFE206918B14FF0FF3104F0A9FE002203
:1032A000C5F30E03E06843EAC83362812660A78055
:1032B000E380228108B104F0AFFE206908B104F078
:1032C000ABFE0120BDE8F0810020BDE8F08100BF29
:1032D000038942899BB292B28088934236BFC2EB87
:1032E00040029B1A9B189BB2984228BF1846704711
:1032F0000289438990B29BB2C01AB0FA80F04009AB
:10330000704700BF038942899BB2808892B2934282
:1033100036BFC2EB40029B1A9B189BB2984286BFF5
:10332000C01A80B20020704738B5044600690D46C7
:1033300018B14FF0FF3104F05BFE2189638989B237
:103340009BB2A288994236BFC3EB4200C81A40180C
:1033500080B250B3824209D291422CBF891A891897
:103360008BB29A42638103D89B1A9BB29A42FBD9D3
:10337000E2882168C2F30E0202FB0311284604F022
:10338000D1FB6189012589B24B1C9BB29942A2886D
:103390000ED9002302FA05F15B1A9BB22069638102
:1033A00008B104F039FE284638BD054663899BB252
:1033B000B3EB420F4FEA4201F0DBEDE72DE9F047B6
:1033C000064600698846914618B14FF0FF3104F077
:1033D0000FFE338974899BB2A4B2B588A34236BF6D
:1033E000C4EB45071F1BFF18BFB2002F4AD0BD42D8
:1033F00040D3B94528BFB946A5421FFA89F703D87B
:10340000641BA4B2A542FBD9B6F806A02B1B3168F9
:103410009BB2CAF30E029F42924602FB041123D9CB
:1034200013FB02F31FFA83F94A4640467D1B04F062
:1034300079FB621912FB0AF2316808EB090092B2BB
:1034400004F070FB7289B58892B2D3199BB29A428C
:103450001AD96A009B1A9BB23069738108B104F0D3
:10346000DBFD3846BDE8F087404607FB02F204F07A
:1034700059FBE7E7AB422CBF5B1B5B199CB22F46A5
:103480007481B6E773899BB2B3EB450F4FEA4502EF
:10349000E2DBDFE7F8B50446C0680E4618B14FF02E
:1034A000FF3104F0A5FD2589238961899BB289B28A
:1034B000A2888B4236BFC1EB42015B1A5B189BB2FC
:1034C0009A42ADB208D8E779FF0905D1E06808B1A2
:1034D00004F0A2FD3846F8BD954228BF2B4618D30C
:1034E0009B1A9BB29342FBD2E2882068C2F30E0281
:1034F00002FB0300314604F015FB6B1C9BB29D429E
:10350000A28812D9002351005B1A9BB201272381A4
:10351000DCE7E2882068C2F30E0205FB02003146B8
:1035200004F000FB0135A288ABB2B3EB420F4FEAC7
:103530004201EBDBE8E700BF2DE9F04F174683B00F
:10354000002A75D00646C068894618B14FF0FF3191
:1035500004F04EFDF379B6F808807289DB09B5886E
:103560001FFA88F892B23DD1904536BFC2EB4502B2
:10357000A8EB0202424492B2AA425ED2AA1A92B2C6
:10358000BA4228BF3A4697B2A7EB050B08EB070AE9
:10359000F3881FFA8BFB1FFA8AFAA845444603D327
:1035A000641BA4B2AC42FBD22D1B3068ADB2C3F396
:1035B0000E02BD4202FB04005AD3494607FB02F249
:1035C00004F0B0FAB288D0454FEA420302D8BAEB11
:1035D000420F03DBAAEB03031FFA83FA3D46A6F86A
:1035E00008A02BE0AF4232D2904536BFC2EB450374
:1035F000A8EB020343449BB269003B44A7EB050BD5
:103600008B421FFA8BFB0DDB02EB050A1FFA8AFACD
:10361000AAEB07081FFA88F842453CD9A8EB01013C
:103620001FFA81F807EB080A1FFA8AFAF388B4E751
:103630001546284603B0BDE8F08F0025F068002845
:10364000F7D004F0E9FC284603B0BDE8F08F002D68
:10365000F4D0F3887F1B02EB050A9046C3F30E02F9
:1036600002FB07994FF0000B2F461FFA8AFA94E7E6
:1036700015FB02F5ADB2494601922A4604F052FA12
:10368000019B5C4414FB03F4306809EB0501A2B212
:1036900004F048FA96E74145C0DDC7E710B5044697
:1036A000C06818B14FF0FF3104F0A2FC206918B1D6
:1036B0004FF0FF3104F09CFC0023E068638123811C
:1036C00008B104F0A9FC206908B104F0A5FC0120B0
:1036D00010BD00BF38B50446C0680D4618B14FF0A4
:1036E000FF3104F085FC206918B14FF0FF3104F080
:1036F0007FFCE379E06865F3C713E37108B104F078
:103700008BFC206908B104F087FC012038BD00BFA4
:10371000F8B5054606200E46FDF772F8002842D09F
:10372000354A3648954214BF4FF080624FF0006230
:10373000334B344902601A608C6832EA0404FBD1CE
:103740002D4B4FF48071EB1AB3FA83F32E4A5B09C9
:10375000062022F81310FDF753F8C300B3FBF6F36D
:103760000133DA0920D1402601216962AA622F6B58
:10377000FB0722D42B46002253F82C1F062003F50A
:10378000805422602F63FDF73BF840F201310322A1
:103790008000B0FBF6F0EB6A83F0700303F07E0369
:1037A00023602963AA64F8BD4FF6FE718A421BD9D3
:1037B00022464FF6FF71154ED7E740F2013205F56C
:1037C00040531A636B6AAC6A062004EB8314FDF75E
:1037D00017F80F4BA402A3FB0023DB0A0021B4FB64
:1037E000F3F0FEF7DBF8C5E7C3F34503114603EB3F
:1037F00082161A46B9E700BF008007400020024049
:10380000003002400000024014710020C0FF3F0061
:10381000757B2B8FF8B5044606200D46FCF7F0FFAC
:10382000C300B3FBF5F30133DA0908D04FF6FE719C
:103830008A421AD900224FF6FF711B4D01E0402544
:1038400001216162A262266BF30715D42346002290
:1038500053F82C1F062003F580531A602663FCF7EB
:10386000CFFF8000B0FBF5F0F8BDC3F34503114670
:1038700003EB82151A46E4E740F2013204F54053A7
:103880001A63636AA76A062007EB8317FCF7B8FF81
:10389000064BBF02A3FB0030C00A0021B7FBF0F0CB
:1038A000FEF77CF8D2E700BFC0FF3F00757B2B8F8F
:1038B000013A0539D200F8B5054642EA411443B150
:1038C000A3F10103B3FA83F35B0944EA830343F0F2
:1038D00002042E6BF3070AD42B4653F82C2F6240B8
:1038E00002F06E0203F580531A602E63F8BD40F2B9
:1038F000013205F540531A636B6AAF6A062007EB85
:103900008317FCF77DFF054BBF02A3FB0030C00A05
:103910000021B7FBF0F0FEF741F8DDE7757B2B8F58
:10392000F8B5066B0546F3074FEA01140AD42B4697
:1039300053F82C2F544004F0100403F580531C60FE
:103940002E63F8BD40F2013200F540531A636B6AF2
:10395000AF6A062007EB8317FCF752FF054BBF0247
:10396000A3FB0030C00A0021B7FBF0F0FEF716F809
:10397000DDE700BF757B2B8F704700BF08B501489E
:10398000FCF7DEFDECE6021038B5054C054DAC4207
:1039900004D254F8043B9847AC42FAD338BD00BF78
:1039A00090800210D080021010B40748074C084BDA
:1039B000084A094904601A608B6832EA0303FBD1A4
:1039C0005DF8044B704700BF002002407F3BEFEFE3
:1039D00000300240F6FFF30300000240044BDB6CB2
:1039E000B3F5004F03D14FF48022024BDA647047E5
:1039F00000001150002011504FF0E022044BD2F88B
:103A0000881D0B43C2F8883D10EE3004704700BF9C
:103A1000030330006FF06041044B054A196093685E
:103A2000DB4333F06043FAD1704700BF00300240FF
:103A30000000024010B545F25320FEF749F8BDE8FA
:103A4000104003460420184710B545F25320FEF7F6
:103A50003FF8BDE81040034601201847FCF75CBE64
:103A600010B5054B054C4FF488721846A16804F058
:103A700059F8A06010BD00BF0000002000ED00E07C
:103A8000002370B52B4C82B0C4F88430FEF752F896
:103A90000122294BDA63636C012BFCD10321264AF6
:103AA000244B11639C6B012CFCD102260525214679
:103AB0000523224A22480096FDF79EFF21462B4609
:103AC000204A21480095FDF797FF00220420314647
:103AD0001E4BFCF72DFE2146284600221C4BFCF70E
:103AE00027FE0022082011461A4BFCF721FE002277
:103AF00009201146174BFCF71BFE00220620114639
:103B0000134BFCF715FE0022114B07201146FCF762
:103B10000FFE0420FCF774FE00240F4BA3FB0035BE
:103B2000AD0CE0B229460134FDF7ACFF062CF8D10C
:103B300002B070BD0000014000300140002F685904
:103B400000000540008C864700800540001BB70040
:103B500080D1F008006CDC0283DE1B4386B003B426
:103B600051FC0804CDE9020151FC0904CDE904012E
:103B700051EC0A04CDE9060103BCF047BDE8005052
:103B80004EEC00C4BDE800504EEC01C4BDE800504E
:103B90004EEC02C400BD000000B5FFF7DFFF02E0FD
:103BA00010FE30F4F8D441EC100443EC112400EE84
:103BB000010410EE010480EE200451EC1004704763
:103BC00000B5FFF7CBFF02E010FE30F4F8D441EC73
:103BD000100443EC112400EE010410EE210480EEE9
:103BE000200451EC3004704700B5FFF7B7FF02E046
:103BF00010FE30F4F8D410B541EC100443EC11245D
:103C000051EC040453EC0524A0FB024C5FF0000EC1
:103C1000E0FB03CEE1FB02CE4CEC20440024E1FBB0
:103C200003E444EC30E480EE200451EC5004BDE8A1
:103C30001040704700B5FFF791FF02E010FE30F42E
:103C4000F8D441EC100443EC112451EC2104A0FB06
:103C500001126FEA820252FB100052FB12F252FB79
:103C60001000A0EBD07C53EC04245CFB13F153EC6C
:103C70001524A1FB022001FB030053EC4424A2EB1A
:103C8000000050FB1CF24FEA111312EB017043EBE2
:103C9000E27140EA515020EA915020F0070053ECC5
:103CA0007524A0FB023C53EC752400FB03CC01FB04
:103CB00002CC53EC0424ACEB824C40EA5C70A0F1E3
:103CC000010041EC400480EE200451EC7004704788
:103CD00000B5FFF743FF02E010FE30F4F8D441ECEA
:103CE000100480EE220410EEB2047047404261EBF3
:103CF000410140F2F334B1FA81F20C2A0CD21532B0
:103D000011FA02F3C2F12002D04021FA02F122445A
:103D1000584141EB0251704769B1C2F12B0230FAB0
:103D200002F3C2F12002914090401943A4EB020239
:103D300001EB0251704701004FF00000A4F1200494
:103D4000D9D17047012767F31F5117FA03F817D02D
:103D5000A0FB080701FB0871A1FB06785FEAD846C3
:103D60009219A6FB047806FB0588090351EA105155
:103D7000D7EB003061EB0801A94238BF70470BE078
:103D80000C33012717FA03F80FD0A0FB080701FB3B
:103D90000871A94238BF704708BFA04238BF7047BA
:103DA000001B61EB05010132704703F1200311FA9A
:103DB00003F6D3F12003D840D940304370470000C8
:103DC00000000000000000000453B1086018850FD7
:103DD000C8E5F22A6E07271E0D12B2210412572FD2
:103DE00012557CBCDA30723F17A717A55531994E92
:103DF0009D0DBF0AEEE0AB5FE3EF6D9C7636AD6FD5
:103E0000697BCCE33D62BD7EF0810682F3FA428F8E
:103E100037D5B78A5313C89E7FABB320491570AF0F
:103E20000000000000000000025E88155580FF00C1
:103E3000907806B1A602FE01DC4E21F0EB88FB0271
:103E40007A7C801F1615F8033C5DA9D110A9F304F4
:103E5000AA466CF5C146EE05FF65E4EB09F0E706FE
:103E600013C00C9EC3A6E007E1BFEC91C46CD80858
:103E7000D5AF5EFFDC43CF09466A72E4D72DC50A91
:103E8000237E6E197B2CBA0BBFF571648741AE0C93
:103E900061DFB88CB86EA10D09A9856DC5B5930E0B
:103EA0003153B1086018850F3071E498359875105A
:103EB0005915550580FF0F0009C3EB8F80FB2F00BC
:103EC000B1910E9A82F34F001FE7FD2287E76F0042
:103ED000C3A09A298FD78F004F4366AC9BC3AF0016
:103EE000412A83A9ADABCF004FB7B41EC68FEF00F8
:103EF000B6815F09E66F0F01678589660E4C2F0159
:103F00001A52DA3240244F01483A9B6A7CF86E011B
:103F1000FF81B709C4C88E019C8DBC0B1895AE01FA
:103F20007010DA6B795DCE013A3BE224E921EE01B3
:103F300038739533427FECA03114FAF5BD86899130
:103F40006B02FAE6E0F29183E682120713A851773A
:103F5000212621686AB2736A9D0DBF0AEEE0AB5F4D
:103F600019B4E0B71CB66A549596E53DEF07A5482D
:103F7000D1CBE555DC0E4E3CCE68ADE839B5A43268
:103F8000CB3CFA96D9569A28C9B21CA1F9FCAE21AD
:103F9000864B6BE58AD2F0160453B1086018850F82
:103FA00002C00C9EC3A6E007000000000000000055
:103FB000AC79CFD1F71772B1293BAAB84FEAC1202B
:103FC00040F00040490043F1200340F20001C3F6F5
:103FD000F071C3F10B0320FA03F038BF7047404281
:103FE00061F1000170475FEAD17CC1F30A53A3F28B
:103FF000FF330C2B62DA13F1200FDFDD2DE9F041E6
:104000003C4C70CC4FF00002FFF79CFE1CF0010FFF
:1040100004D06FEA0202201A65EB010102F2FE3CB5
:1040200040F2FE739C455CD20A0F334B03EBC20394
:104030000CCB02F03F0545F04005801A99410A0E6D
:104040002E4B03EBC20318CB02F580725543C01A06
:10405000A1414A0D2A4B03EBC20318CB124402F5CF
:10406000805205FB0255C01AA1418A0252EA9052C1
:1040700042F1000282FB02345B0D53EAC423C018F4
:1040800041EB545184FB02344FF0553383FB04342D
:1040900054FB11F304EB930410EB440241EBE47383
:1040A000E900A1FB0240C1FB0301400A50EBC150F3
:1040B0004FEA512151EB0C51BDE8F081B3F5806F0F
:1040C00007D150EA01320CBF21EAE17141F400212D
:1040D0007047002000211CF0010F08BFC7F6F071E7
:1040E00070474FF000004FF00001A8BFC7F6F07115
:1040F000BDE8F081B03F0210C03D0210203E02102A
:10410000B03E021040F20001CFF6F071002070477F
:1041100050EA013218BF41F4002170477FEAA655EA
:1041200040F019814FF4805420E18CEA11331B06D2
:1041300040F0EE80BCF1000F67D1C90451EA503164
:10414000C004B1FA81F4202C4BD20125A540A0FB7C
:10415000052301FB0533A0FB03C5A1FB02C6E1FB60
:104160006356B2EB152263F10003B2EB066273EB08
:104170001623A0FB06C7A1FB05C8E1FB66784FF03C
:104180005535A7FB05C65FF0000CE8FB056C16EB88
:104190000C064CF1000C12EB963243F1000312EBCB
:1041A0008C4243EB9C3358FB11F55FF0333755FBE2
:1041B00011F656FB17F8A5EB581756FB11F5C2F68A
:1041C000802656FB15F507EB1537B2EB472063EB5E
:1041D000D751C4F58064A4F11504FFF78CFDBDE848
:1041E000F081B0FA80F410FA04F1A0FB01234FF043
:1041F0000000B0EB132061F10001C4F58064A4F16C
:104200003504FFF778FDBDE8F081890451EA90316B
:104210008004404261EB4101B1FA81F4202C4ED27E
:10422000013C0125A540A0FB052301FB0533A0FBB4
:1042300003C5A1FB02C6E1FB635612EB152243F155
:10424000000312EB066253EB1623A0FB06C7A1FB8B
:1042500005C8E1FB66784FF05535A7FB05C65FF052
:10426000000CE8FB056C16EB0C064CF1000C12EB95
:10427000963243F1000312EB8C4243EB9C3358FB24
:1042800011F55FF0333755FB11F656FB17F805EBC8
:10429000581756FB11F5C2F6802656FB15F507EBAD
:1042A000153712EB472043EBD751C4F58064A4F1D6
:1042B0001504FFF720FD41F00041BDE8F081B0FAA0
:1042C00080F410FA04F1A0FB01234FEA1320C4F597
:1042D0008064A4F13504FFF70EFD91F00041BDE8C4
:1042E000F0815FEA410CBFF40DAF5FEA5C5C3FF424
:1042F00009AFACF2FF3CBCF5806F3FF409AF01227F
:1043000062F31F512DE9F041BCEBEC7F3FF40DAFA0
:104310000C0C4E4D05EBC40595E80C0002F03F0572
:1043200005F14005A5FB000605FB01616FEAE144CC
:1043300004F01F04464D05EBC40560CD521943EB54
:10434000060304F58074A4FB000604FB01667FEA03
:1043500026643FF4E3AE3F4D05EBC40522CD521871
:1043600043EB050341F2010505EB44046404A4FB9F
:104370000050C4EBC401E4FB060180EAE17481EA69
:10438000E175A5FB0567A4FB05487F084FEA3606E3
:1043900016EB080647F100078C0254EA905444F1EA
:1043A0000004801B61EB070154FB14F555FB14F668
:1043B00055FB15F74FF0553456FB14F6B6EB173690
:1043C00010EB860041EBA671101A63EB0101224A43
:1043D00024CA1CF1010C0BDDA2FB0C230024E5FB1D
:1043E0000C34121A8B4164F100045FF080410CE040
:1043F000DCF1000CA2FB0C230024E5FB0C3482183A
:104400004B4144F100045FF040414CB91C001300E3
:104410000022B1F100711CB91C000023B1F1007140
:10442000B4FA84F5A5F11D06A1EB0651AC4013FAD0
:1044300005F0C5F12005EB401C43EA401043C00ADB
:1044400050EB445041EBD421BDE8F081B03E021066
:10445000203E0210B03E0210B03F02100B5C7325EC
:10446000A974F50329B5FA010015FC7FEB2FAA000A
:1044700054D9440CC8D221061F60DA7F3663E84263
:10448000CFD3D9133C5EEA09F0889D7F2FC46D0419
:10449000D9860A1C1F17FE0DD09E3B7FA79B50ECB0
:1044A0003EF5EB23BCE7E611C7EFBD7ED21C9C03B3
:1044B000B212F12B46F5DC1549771E7ECA057A3D0E
:1044C000F493F23314C0CB199CAC5F7DA0A0EF7ABB
:1044D0001D32193C1D22C61D2F2F7D7CB50FFB12EE
:1044E00070EF5044530CC1213522787B5C8D6B47B3
:1044F00045A0F14B18DC6A2516AD687AC1406957B2
:104500006DD9EA53391636293C2D2F79DFEA4ED37F
:104510008942B35BD639E02C2526E0776950EA3131
:10452000D9071164C0D3C43070625876CB5667F394
:10453000B3A2FD6B1C7E6834227AC7740EED7A2F0D
:104540003175E073CCE7FA3727111C73C08EC4FCB9
:104550000E79147C0EA7A33B8ECD417113B7043B9B
:104560008F7B5483D489D23EEBD8856F9A365B1308
:10457000D96F0B8CD4EA9442A3EF516D5F52CA4AB3
:1045800026D33994706E0A464005236B8340C4419C
:10459000340B0E9C3DB0484907EFF168BF086DA38E
:1045A000FD6179A485F2B14C9D847A663616F8C80F
:1045B000D247E5AB1E22A24F2F623664ADC9C8D0E8
:1045C000E1ADFEB32470C35286AFA461730E736471
:1045D0006A35FEBB28F0C555A3A3025FC6A58CB003
:1045E00055B912C40892BA58A394415C9000535430
:1045F000372DB0CB19F46E5BD88E9359367C8DA1D4
:104600006E3CAAD325022E5EFC32AF56D0C7A2481C
:10461000F619FFDB3253F3607EED9253949AAD7A34
:10462000E1AD22E4CADF8E63C72B7350FF15EF198B
:10463000BD85FBEBBB18FA65C7615C4DBD960F7E6F
:10464000494B4CF4F7816F68E617024AEB09EF1DFE
:10465000FDBD4DFCC4D2B26A13E4B446D2F1000CE5
:10466000BCF1200A4ADA63F31F51042F3CD2DAF17D
:10467000000A21FA0CF320FA0CF201FA0AF942EAD4
:104680000902C90251EA5051C002A2FB0394A2FBE5
:104690000395E3FB6345A0FB0592A1FB0493E1FBBB
:1046A0006523A2FB0596A3FB0498E3FB65684FF026
:1046B000AA39A2FB09A40025E3FB0945641955F1B9
:1046C00000054FF03339A6FB0923B4EBC30465F1B1
:1046D0000005B0EB440061EB4501A1EBD471CCF5D2
:1046E0008064A4F1180441E1DAF1000A11FA0AF435
:1046F00030FA0CF031FA0CF1204371E0042F03D2B0
:1047000091EAC771BDE8F08F63F31F518AF3060A7F
:1047100031FA0AF0002110E149085FEA3000002276
:10472000002300264FF0804786E041F30A54002022
:10473000002114F1010F43D1C3F6F07140E0C3F33F
:104740000A5400200021DCBB17F0040F38D017F00A
:10475000020F0CBF0637063F32E01000190051F47B
:1047600000217047012A43EB030C1CF5001FF4D80D
:10477000012841EB010C1CF5001FF0D82DE9F04F8A
:10478000CF0F21F000411B0006D50A3723F000436C
:104790008B420AD8063F02E08B4206D80637140047
:1047A0001D0002000B002000290043F30A5414F1FD
:1047B000010FBAD0C1F30A54002CC0D0FFF73EFA63
:1047C0004FEA11520123B2F57D723FF547AF63F313
:1047D0001F51012303FA02F3A0FB030401FB034171
:1047E00080B40A0CB2F5807F96D302FB02F348F640
:1047F0005C14624341F227259B0B03FB1522B2F5A3
:104800004C12520E5C4B03EB02133CCB5B085FEA8D
:104810003202A4FB00C60027E4FB016716EBC57655
:1048200047EB5507A5FB00C05FF00008E5FB01085A
:10483000B0EBC47068EB54018C0144EA9064FD0B4A
:1048400094FBF5F404FB04F503EB842384FB058956
:104850004FEA094A4AEA184A5AFB15FA4FF0663CF1
:104860005AFB15FB5AFB1CFA44F6251CC0F2120C2D
:104870005BFB1CFB4FF0553CABEB2B3BAAEB0B0A55
:1048800012EB4A1243EBEA63A8FB0C5A4FF0000B01
:10489000C9FB0CAB1AEB0B0A4BEBEB7BB2EB0A023E
:1048A00063EB0B03E402A4FB005848BFA8EB00082D
:1048B0004FEAE879C4FB0189A4FB065A48BFAAEB7A
:1048C000060A4FEAEA7BC4FB07AB16EB080647EB88
:1048D0000907B0EB0A0061EB0B014FF0FF34BD0B91
:1048E000B4FBF5F4C50A55EA415554FB05F54FEA0A
:1048F000D60646EA4776A5FB06B84FEAD70A48BF70
:10490000A8EB060805FB0A8812EB057243EB25139A
:10491000A0EB080080FB04895FEA983848EA8948E0
:1049200068FB170012EB680243EBE87304FB00F42A
:1049300012EBE43043EBE47180BC49085FEA3000DD
:104940004FEA877680EAE67081EAE67146F21A124B
:10495000C1F2B4024EF65153C6F287434FEA9706AE
:10496000E6FB020106FB03114FF47D74FFF7C3F968
:1049700091EAC771BDE8F08F5C4402102DE9F04167
:1049800001292DED028B08EE100A50D001EBD175F4
:104990006D10012D0C463CD00E460029B8BFCE1C30
:1049A000B610012E4ED00F460029B8BFCF1DFF1004
:1049B000012F44D088460029B8BF01F10F084FEA03
:1049C0002818B8F1010F40D0A1F120031F2B3FD9C7
:1049D0000021FFF7D3FF07EE900A67EEA77A18F0E1
:1049E000010F67EEA77A01D067EE887AF80767EEC5
:1049F000A77A01D567EE887AF10767EEA77A01D525
:104A000067EE887AEA0767EEA77A04D567EE887AB8
:104A100001E0F0EE487AE30767EEA77A01D567EE8A
:104A2000887ABDEC028B17EE900ABDE8F081F0EEBB
:104A3000487ABDEC028B17EE900ABDE8F081F0EEEB
:104A4000487AD9E7F0EE487ADCE7F0EE487ACDE72D
:104A5000F0EE487AC3E700BF021E38B50C4618DAFC
:104A6000C1F3C7537F3B084610D4D3F117030DD4CD
:104A70004FF0010C0CFA03FC0CF1FF3C1CEA010F97
:104A800004D1172B24D0D840C30721D402F100420F
:104A9000104607EE904AFDEEE77A12F0FF4317EE5C
:104AA000901A1DD0B3F1FF4F1AD0C2F31603BBB951
:104AB000D20D7F3A01F3080101FB02F303F17F02FB
:104AC000002A37DDFE2A37DCDB0503F17E5038BDD6
:104AD000214602F10040FFF7BFFF00F1004038BD62
:104AE00091B101F12003402B11D8002908DA07EE1B
:104AF000100AF7EE007AC7EE877A17EE900A49425D
:104B0000BDE83840FFF73ABF4FF07E5038BD03F0A4
:104B10007BFAFFF7E6FB02460D462046144603F0FB
:104B200073FA22462B46FFF763F8FFF75CFAFFF7AC
:104B3000D3F838BD002038BD4FF0FF4038BD00BF6E
:104B4000B7EE007A07EE900AF4EE477AF1EE10FA2B
:104B500032D011F0FF4238B50C460B4629D0FFEE9B
:104B6000006AF4EE667AF1EE10FA26D1B2F1FF4F48
:104B70001FD040F27F105749E20DFF2A60D040F26B
:104B8000FF1C624558D012F0FF020BD07F3A5BD475
:104B9000C2F11702002A05DD012000FA02F2013AF3
:104BA0001A4251D12146BDE8384017EE900AFFF76E
:104BB00053BF17EE100A38BD704710F0FF4F014683
:104BC0001AD1002C4FEAD4521DDB7F3A19D4D2F10E
:104BD000170216D4012191400139214211D1172A1F
:104BE000E9D09FED3D7A24FA02F212F0010F47FE60
:104BF000277A17EE900A38BDC00DFF283BD1002C54
:104C00000CDA002038BDD2B27F3A07D4D2F11702B5
:104C100004D4012090400138204202D04FF0FF40E0
:104C200038BD172A03D024FA02F2D007F6D501F0D6
:104C3000004040F0FF4038BDC0B27E28EED9E0E72A
:104C4000C0B27E28DDD9E9E70029E7DB17EE900A3C
:104C500003F0DAF9FFF745FB02460D4620461446FD
:104C600003F0D2F922462B46FEF7C2FFFFF7BBF94D
:104C7000FFF732F838BD40F2FF15A8424FEAD45290
:104C80007FF47BAF002C11DB7F3AC7D4D2F117023F
:104C9000C4D40121914001392142BFD1172A03D048
:104CA00024FA02F2D207B9D50C4838BDD2B27F3A05
:104CB000A7D4D2F11702A4D4012191400139214295
:104CC0009FD1172A03D024FA02F2D30799D54FF0C7
:104CD000004038BD000080BF00000000000080FFE1
:104CE000C0F3C752FF2A30B5C1F3C7543AD0CCB392
:104CF000C50F12B9CDBB002030BDA242FCDBC0F312
:104D00001600C1F31601121B40F4000041F400012B
:104D10002ED04FF0FF3ECB11BEFBF3FE0C2A944683
:104D2000A8BF4FF00C0C43120EFB03F300FA0CF07B
:104D3000A2EB0C02CCF11D0C43FA0CF301335B1017
:104D4000002A01FB1300E9DC814214DC401A814295
:104D500000DC401A05B14042C4F19601BDE8304084
:104D600000F058B84FF0FF4030BD4FF0004030BD6C
:104D70008842EFDBEDE70028ECDA401848BF401826
:104D8000E8E700BF0022002980F2A980404261EBE1
:104D90004101B1B3B1FA81F3083B16D4994010FA3E
:104DA00003FCC3F1200320FA03F040EA0100A2EB68
:104DB0000302C2F195021CEB0C0C40EBC25040F018
:104DC000004020D0FE2A16D2704703F1210311FAC9
:104DD00003FC5CEA000CC3F1210321FA03F0A3EB0E
:104DE000020202F1B50240EBC25040F000400AD08E
:104DF000FE2A38BF70474FF00040A8BFCFF6807042
:104E0000704711460AE028BF20F00100FE2A38BF93
:104E10007047F0E7002880F233804042B0FA80F318
:104E2000083B0CD4984001EB0302C2F1950200EB61
:104E3000C25040F00040FE2A38BF704713E003F133
:104E4000210310FA03FCC3F1210320FA03F0A3EBC2
:104E5000010202F1950240EBC25040F0004008D040
:104E6000FE2A38BF70474FF00040A8BF40F0FF4017
:104E7000704728BF20F00100FE2A38BF7047F2E7D4
:104E800020B3B0FA80F3083B0AD4984001EB030248
:104E9000C2F1950200EBC250FE2A38BF704711E004
:104EA00003F1210310FA03FCC3F1210320FA03F0FC
:104EB000A3EB010202F1950240EBC25007D0FE2A9B
:104EC00038BF7047ACBF4FF0FF400020704728BF8D
:104ED00020F00100FE2A38BF7047F3E7002289B3B3
:104EE000B1FA81F3083B14D4994010FA03FCC3F1E2
:104EF000200320FA03F040EA0100A2EB0302C2F112
:104F000095021CEB0C0C40EBC2501ED0FE2A14D2B2
:104F1000704703F1210311FA03FC5CEA000CC3F1B2
:104F2000210321FA03F0A3EB020202F1B50240EBE8
:104F3000C2500AD0FE2A38BF7047ACBF4FF0FF40C6
:104F4000002070471146FFF79BBF28BF20F00100EB
:104F5000FE2A38BF7047F0E70000000000000000A4
:104F600000000000DB60BE284A059193F4D5097F5C
:104F700070374D7D66A5D83610E4104FAFF224028D
:104F80004B1102EB830201F01F034FF001049C4020
:104F9000A4FB0034D568A5FB0456956805FB0466A0
:104FA000E5FB0356556805FB0366704700000000EB
:104FB000410201D150F0004050F480007047F0B53C
:104FC000012363F3DF50C1F109014FF07E07FFF7C2
:104FD000D5FFB30F53F100039C44B6EB8376B200C8
:104FE00028BF5242B2F1805F0BD20231FFF7C6FFF9
:104FF00096EA260242F10002B2F1805F01D2023F3E
:10500000F3D50A4CA2FB0424B4FA84F29440240A97
:10501000A7EB020244EBC250C10DD1F17F01F60FA4
:1050200000EBC673BDE8F04073E00000A2DA0FC9E0
:1050300011F1800FBCD030EACC7248BF0CF1020CE9
:1050400020F0004000EE100A0DA2F2EC032A22EE3E
:10505000802A11F1080FB9FE422AB0DDA2EE630AE0
:10506000A2EE430A10EE103AFDEEC21AC3F3C75285
:10507000782AA4D3D2F17F0111EE902A944448E01B
:1050800083F9223F7A7795B60010C93F07B5C0F380
:10509000C751FF2925D000F032F8BDE80640CEF810
:1050A00000000ED2C9438CEAD17C63EEA02AE1EE67
:1050B000032A73EE622A12EE900A80EACC70106026
:1050C00000BD8CEAD17C21EE232AA3EE602A8CEA73
:1050D000D37133EEC22A12EE100A80EAC17010605A
:1050E00000BD4102BDE80E4001D150F0004050F437
:1050F00080001060186070475FF0000C01E05FF006
:10510000010CC0F3C751A1B3D1F17F0190D920EABE
:10511000CC7323F0004000EE100AC0F3844020302E
:1051200030FA01F1834A51F10001B2EC024A02EB7C
:10513000810202EBC102D2EC032A70EE620A20EE79
:10514000A01A5FEA5C0C61EE201A15D221EE041A57
:1051500061EEA41A70EEE10A21EE232AA3EE602A82
:105160008CEAD37133EEC22A12EE100A80EAC170C3
:10517000704700F00040C7E761EEA41A70EEE10A44
:1051800021EE041A63EEA02AE1EE032A73EE622AEE
:1051900012EE900A80EACC70704700BFAFF3008037
:1051A000C1FEFF3E25AA2A3E000000000000803F0D
:1051B0000000000061C9FC3CCDE07F3F1CBFFC3C0F
:1051C0007605813DFE7D7F3F9EEF803D090CBF3D12
:1051D0000FE37E3F22C5BE3DB624FF3D14047E3F53
:1051E000E27BFE3D13071F3E48EB7C3FA0631E3E63
:1051F0006D30403E1D817B3F15103F3EA2AD603EAD
:10520000CFDC793F3EE15E3E7B0D803EFA08783F81
:1052100096717D3E6E988F3E65FF753F68B88D3EF6
:10522000F4E19F3E939E733FFD4B9D3EC654B03EBE
:10523000AEF7703FB3DDAC3EC589BF3E604B6E3FFD
:105240000A1ABB3E26C4CF3ECA356B3F631CCA3E1A
:10525000F254E03E66D1673F0739D93EDDF0EF3EBC
:105260004B66643F1641E73E312B003F8894603F18
:105270000FC3F53E07E4073FA2C55C3F2B99013FF2
:10528000C51F103F8F7D583F65A1083F8AF6173F25
:10529000B534543FCA310F3FE2FF1F3F599B4F3F88
:1052A000D7C8153F4606283F6BCF4A3FC4371C3F3F
:1052B0004130303FE0B9453FE49A223FA71D383FD7
:1052C000CA98403F20A6283F2FC73F3FAC763B3FC0
:1052D0004A562E3FDB13483FCCB6353F6B52343F26
:1052E00079C74F3F2F35303FD0B4393F52DD573F5C
:1052F00070412A3F912D3F3F26CE5F3F9F3E243F86
:10530000C35D443FF125683F50C21D3F1C9D493F8E
:10531000E13B703F4150173FBF7E4E3F7810783FD2
:1053200071ED103FAF06533FD4F47F3FA75A0A3FB9
:105330009B64573FA051021001B5C0F3C751FF292C
:1053400021D0FFF7DCFE00990ED263EEA02AE1EE39
:10535000032A594073EE622A82EE820A10EE100A86
:1053600058BF80F0004002BD21EE232AA3EE602A40
:10537000594033EEC22A82EE220A10EE100A48BFCC
:1053800080F0004002BD410201D150F0004050F4D5
:10539000800008BD10B5044601F040FB28B103466B
:1053A000034A2344934200D810BD0248FBF7C8F8D3
:1053B00000000820F8E6021038B504460D4601F05A
:1053C00001F805FB04F428B10346044A2344934240
:1053D00000D838BD0248FBF7B3F800BF0000082032
:1053E000F8E6021001F022BB00B9704700F018B9CE
:1053F00010B5094B84B01C684CB1034600914FF0C6
:10540000FF3203A90548A047012004B010BD00F0F9
:1054100049F9204604B010BD10510020E953021094
:1054200000BEFDE7074A0346106838B10649034449
:105430008B428CBF4FF0FF30136070470349084622
:105440001160F3E7144C0020000008206072002077
:1054500008B5FFF7E5FF00BF38B5064C064DFEF76F
:1054600093FAAC4204D254F8043B9847AC42FAD3C6
:1054700038BD00BFD0800210D880021003680846F3
:10548000114618472DE9F0411546427D07468846EA
:10549000002A46D0002D1DDD0B780A2B23D0012DCC
:1054A0004FF0000C18D04646012416F8012F214673
:1054B0000A2A04F1010422D0A542F6D165450BDC8D
:1054C00008EB050313F8013CA3F10D03B3FA83F3D2
:1054D0005B093B75BDE8F0813B68A5EB0C0108EB6F
:1054E0000C009847ECE7037D002BD8D1036802211C
:1054F0000F489847012DE3D04FF0010CD3E716F881
:10550000013C0D2BD8D08C4508EB0C00A1EB0C0115
:1055100001DA3B689847022105483B689847A44652
:10552000CAE7294640463B68BDE8F041184700BF3E
:10553000001803102DE9F04782B00D4691461C4635
:105540000646FCF721FA4FF0FF3C6FF000472E4A69
:10555000821841F10003944577EB03013CBF62469A
:105560003B462A4802F070FD6B1C804640D00CB3CD
:10557000274F284B1C68B4B1B9F1000F1CD1DFF8DC
:105580009C9001E0246974B12368002BFAD0D9F80B
:1055900000300BB19C42F5D120462A463146B8472F
:1055A0002469002CF0D1B8F1000F26D1284602B0B2
:1055B000BDE8F087184FDCE74FF00A0ADFF85C908F
:1055C00002E02469002CEED02368002BF9D0D9F832
:1055D00000300BB1A342F4D12A4631462046B847E9
:1055E000012220460DF107018DF807A0B847E8E732
:1055F000304602F00DFB0546B9E7044802F00CFD09
:10560000284602B0BDE8F08740420F00D83900209C
:1056100085540210A04900207D540210D04900207A
:10562000F0B583B006468DF80700FCF7ADF94FF0F2
:10563000FF356FF00044174A821841F1000395428C
:1056400074EB03013CBF23462A46134802F0FCFCDE
:10565000124B07461C689CB1114D01E024697CB1D6
:105660002368002BFAD02B680BB19C42F6D1204660
:1056700001220DF10701FFF705FF2469002CEFD18E
:1056800017B9304603B0F0BD034802F0C5FC304600
:1056900003B0F0BD40420F00D8390020A0490020DF
:1056A000D049002038B5044602F0B2FA012305467D
:1056B0001A4620462946FFF73DFF084B1C682CB1CF
:1056C00063682BB198472469002CF9D1284638BD6E
:1056D0002469002CF4D1284638BD00BFA049002021
:1056E00000B545F247308BB0FCF7F2F901220346D2
:1056F000092101A89847DDE90332044912BA1BBA0F
:10570000C1E900230BB05DF804FB00BF6C5400201E
:10571000012901F1FF3300F0B3805D490A784FEAB7
:10572000121C9F2A8CBF0CF1370C0CF1300C012B92
:1057300080F800C000F0A78002F00F02092A8CBF99
:1057400037323032022B427000F09D804A784FEAA7
:10575000121C9F2A8CBF0CF1370C0CF1300C032B60
:1057600080F802C000F08F8002F00F02092A8CBF7F
:1057700037323032042BC27000F085808A784FEACD
:10578000121C9F2A8CBF0CF1370C0CF1300C052B2E
:1057900080F804C077D002F00F02092A8CBF37329C
:1057A0003032062B42716ED0CA784FEA121C9F2A03
:1057B0008CBF0CF1370C0CF1300C072B80F806C0B5
:1057C00061D002F00F02092A8CBF37323032082B29
:1057D000C27158D00A794FEA121C9F2A8CBF0CF173
:1057E000370C0CF1300C092B80F808C04BD002F0BC
:1057F0000F02092A8CBF373230320A2B427242D054
:105800004A794FEA121C9F2A8CBF0CF1370C0CF11D
:10581000300C0B2B80F80AC035D002F00F02092A99
:105820008CBF373230320C2BC2722CD08A794FEABF
:10583000121C9F2A8CBF0CF1370C0CF1300C0D2B75
:1058400080F80CC01FD002F00F02092A8CBF37323B
:1058500030320E2B427316D0CA7911099F2A8CBFA1
:10586000373130310F2B81730DD002F00F02092A2E
:1058700094BF30323732102BC27318BF103002D0B1
:10588000002303707047184400230370704700BF63
:105890006C54002010B5044604F12F4404F5600454
:1058A000084B240D82B0A40000932246E31C064856
:1058B000FAF7A6FE8442CCBF4FF0FF30001B02B0C7
:1058C00010BD00BF34E70210F84800202DE9F84F62
:1058D0000D460646FAF74CFE012395F8048095F92B
:1058E00005C006F12F4E3D4F0EF5600E03FA08F38A
:1058F0004FEA1E5EBCF1000F57F82E1003F1FF3384
:10590000C8F120043CDBA44503DC03FA0CF20A4294
:1059100006D04FF0FF34FAF73DFE2046BDE8F88F81
:10592000D6F86821EC79002A4AD162073AD4644655
:1059300003FA0CF30B403CD1B8F1000F19D02A68E0
:10594000A2F1020939F802AF0CEB0308BAF5005FC7
:1059500008F112080CEB0A0B35D246F828B02A7968
:1059600001339A42EED801239340013B03FA0CF332
:10597000194347F82E10FAF70DFE2046BDE8F88FC0
:10598000002C02DA15E0013C13D303FA04F20A42B8
:10599000A446F8D1D6F86891EA79B9F1000F19D187
:1059A0005207C5D56FF00A04FAF7F4FD2046BDE8AA
:1059B000F88F6FF00804FAF7EDFD2046BDE8F88F88
:1059C000E407B4D5EEE746F828A02A7901339A42D5
:1059D000B8D8C8E7D207ABD5E4E700BF78460020C7
:1059E0002DE9F041D0F868419DF81860121B1F2A7C
:1059F00038D84EF29F044EF280054FF4003801EB88
:105A0000410C002E18BF254600EBCC0404F543548E
:105A100000EBCC0C052BDCF8DC704FEA410EDCF817
:105A2000CC60C4F80C800CD95401053B44F0A05460
:105A30000532052BCCF8DC4002F01F02CCF8D85020
:105A4000F2D8714400EBC1010020520142EA8363A5
:105A5000C1F8DC30C1F8D850C1F8DC70C1F8CC60B6
:105A6000BDE8F0816FF00400FAE700BFF0B5012552
:105A700004688D4024EA05040460B3B31C6801EB9C
:105A8000410C00EBCC0CCCF8C8409C68CCF8D04062
:105A90005C68CCF8CC40DB68CCF8DC304FEA410CD9
:105AA0000CEB01034FF0013500EBC30C4FF0004647
:105AB00000EBC30E01230EF5865E0C1D01F10807F5
:105AC0008D40CEF8106003FA04F4CEF8106002F0B6
:105AD0001F028560BB4000F5005004600EF1100EFF
:105AE00003600020CCF8D820F0BD4FF480374FF48D
:105AF00040264FF4F83501EB410400EBC404C4F830
:105B0000C8704FEA410CC4F8D060C4F8CC50C4F857
:105B1000DC30C5E72DE9F04F81460E469B4687B045
:105B20005A4D5B4FDFF8748103922C0DA4F202549E
:105B3000A40035602246002156480097E31CFAF77E
:105B40005FFDA04203DB001B44B2002C09DAA5F57F
:105B500080154545E9D100231846336007B0BDE8FC
:105B6000F08FFAF705FD4FF0010C316899F804A0A9
:105B7000D1F8683199F905E001F12F43464A03F560
:105B800060031B0D0CFA0AFCBEF1000F52F8232033
:105B9000059304900CF1FF3CCAF120035FDB9E45A6
:105BA00043DC0CFA0EF313423FD1D1F8683199F877
:105BB0000700BBB3C00737D40CFA0EFC1CEA020C7A
:105BC00032D15B46D346DDF80CA0BBF1000F1AD0F2
:105BD000D9F80000023830F8025FB5F5005F0EEB2F
:105BE000050630D20EEB0C05123541F8256099F808
:105BF00004500CF1010CAC45EDD30121A940013951
:105C000001FA0EF10A4305982349CAF8004041F809
:105C10002020C3F800E00498FAF7BCFC012007B08C
:105C2000BDE8F08F4307C7D50498FAF7B3FC316895
:105C3000184801F12F4101F56001090D04EB8101C4
:105C4000FAF71EFD83E70EEB0C06123641F82650DC
:105C500099F804500CF1010C6545BCD8CDE7002B38
:105C600002DAE1E7581CDFD00CFA03F010429E463E
:105C700003F1FF33F6D1D1F8680199F8073010B974
:105C80005B0799D5D0E7D80796D5CDE700004050FF
:105C900034E70210F8480020784600200000105039
:105CA000B0F58C7F03D0044B1B6813B1184701205B
:105CB00070471846704700BF2871002010B5044691
:105CC000054B1B68984704B110BD04490448BDE862
:105CD0001040ECF7A9BB00BFA452002058E7021007
:105CE00060E702104388B3F58C7F03D01D4B5B68DF
:105CF0000BB3184710B5044690F8E20082B0C30712
:105D00001BD410F008000ED0D4ED217AF5EEC07A45
:105D1000F1EE10FA06D49FED147AF4EEC77AF1EEA4
:105D200010FA1DDD272094F8E23023F0090384F8EF
:105D3000E23002B010BDFF207047A06FE8F782FD8F
:105D400060B1D4ED1E7AFCEEE77ACDED017A9DF8D4
:105D50000430052BE6D894F8E200D2E70220E2E70F
:105D60000020E0E72871002000003443CAB12DE98B
:105D7000F047147888B0052C0FD8304F0646385DB0
:105D800040B9727E12F0200C04D12D4B72691B5D5C
:105D90009A4208D008B0BDE8F087002008B0BDE8FE
:105DA000F0871046704700220D46DFF8A480254991
:105DB000DFF8A0A008EB84130DF1040E99635A6379
:105DC000DA63BAE80F00AEE80F009AE807004FEA7E
:105DD000841908F809508EE80700336A6246304695
:105DE00001A9984740B3736A83B109F1040EC64410
:105DF00006F1300AF44630687168B268F36810360C
:105E00005645ACE80F000EF1100EF3D10E4B2A46AA
:105E1000012153F824300020F9F776FD01200021FC
:105E20000A4A385513780344137018F8090008EB30
:105E30000903D963F9F776FD385DABE7904600209A
:105E40001C18031000003443041803105372002080
:105E5000C0620020241803104B88B3F58C7F04D057
:105E6000484B9B6803B118477047D1ED1E7AF0B5D7
:105E70002DED028BFCEEE77A8FB0CDED037A9DF825
:105E80000C600C46052E65D83F4F0546B85D0028CE
:105E900047D094F8E2301B0761D43C48B30100EBD3
:105EA00086118A6A002A69D004331844904708EEA4
:105EB000100AB5EEC08AF1EE10FA2EDB344B04ACBA
:105EC00093E8030084E803003046E8F71BFB05462F
:105ED000204601F09DFE2946204401F099FC03462E
:105EE0002C4D07CD186059609A60022118EE100AF7
:105EF000E8F72CFB0546204601F08AFE294620449F
:105F000001F086FC0346244D07CD244D18605960EE
:105F10009A602046D5F8C03098470FB0BDEC028B90
:105F2000F0BD04AB00934FF4A0421D4B01218DF84E
:105F30001060F9F747FCBB5D002BAAD1114B9B68A1
:105F4000002BEAD0214628460FB0BDEC028BBDE8FD
:105F5000F04018470B4B9B68002BF5D1DDE70B4B4E
:105F6000B201D4F88410985C03EB8616F1630FB08D
:105F7000BDEC028BBDE8F040F9F7D4BC91ED0F8A7F
:105F800097E700BF2871002090460020C0620020E3
:105F90006CE7021074E7021080E70210C83C002092
:105FA0006D5D021010B40B4B0B4C03F1F80207CAE5
:105FB00084E8070009490A4A186EC3E93E12094CF1
:105FC00009490A4AC3F8004108605DF8044B1A66A3
:105FD000704700BFA03B002028710020A15C021088
:105FE000E55C0210595E0210A4520020BD5C021054
:105FF00040F21913984203D0034B1B6813B11847A2
:1060000001207047184670473471002010B50446CF
:10601000054B1B68984704B110BD04490448BDE80E
:106020001040ECF701BA00BFA85200201081021006
:10603000D4E7021040F2191342889A4203D01E4B53
:106040005B6893B1184710B590F8E230044603F04E
:106050000903092B82B00AD01C2094F8E23023F007
:10606000090384F8E23002B010BDFF207047806F52
:10607000E8F7E8FB08B90220EFE7D4F88400E8F776
:10608000E1FB0028F7D0D4ED1E7AFCEEE77ACDEDE7
:10609000017A9DF80430052B0CD8D4ED217AFCEE62
:1060A000E77ACDED017A9DF80430012B8CBF2720D3
:1060B0000020D2E72720D0E73471002040F21912E7
:1060C000B1F802C0944504D0104B9B6803B1184747
:1060D0007047D1ED1E7AFCEEE77A82B0CDED017A01
:1060E0009DF80420052A0ED8D1ED217AFCEEE77A3E
:1060F000CDED017A064B9A5C9DF80430003B18BF49
:10610000012343EC402002B0704700BF34710020EF
:10611000401803102DE9F8434FF001084FF0000735
:10612000124B134A196E134C1160134ADFF850904A
:10613000DFF850E003F1F8001A6607C884E80700AA
:10614000DFF844C00D4DC3E93E9EAE1DC3F800C14B
:1061500015F8014B2046FAF723FD48EC444047EC84
:106160004040B542F4D1BDE8F88300BFA03B002019
:10617000A8520020347100200D6002104018031056
:10618000F15F021035600210BD60021030B58BB0B7
:10619000EC464FF0000E524CCDF813E00FCCACE8BB
:1061A0000F002368CDF817E01A0C2CF8023BCDF84D
:1061B0001BE0CDF81FE0CDF823E08DF827E08CF848
:1061C000002010EE1820C2F3803282F001014AB99B
:1061D000444B1878002864D15820132401228DF8EC
:1061E000120002E0122472463E4B197010EE181095
:1061F000C1F3C03181F0010011B95978002952D0A2
:10620000587010EE1810C1F3004181F0010011B96F
:10621000997800294ED0987010EE1810C1F34041C3
:1062200081F0010011B9D97800294AD0D87010EE58
:106230001810C1F3804181F0010011B919790029CA
:1062400046D0187110EE1800C0F3C041000301D40D
:10625000587928B181F00101597142B90BB030BDB4
:10626000012143200DEB040210700C44597140F6DB
:106270005D2100251C4B0DEB04022DF804101B4C76
:106280009570DB68102098472946E36B32209847C9
:106290001120F6F711FB6846D4F8C03098470BB0D0
:1062A00030BD1224A1E759210DEB04021170013415
:1062B0000122A5E75A210DEB0402117001340122DD
:1062C000A9E741210DEB0402117001340122ADE771
:1062D00042210DEB0402117001340122B1E700BF2D
:1062E00050180310B4500020A03B0020C83C0020F0
:1062F000064B10B51B68044603B1984704B110BDA6
:1063000003490448BDE81040ECF78EB8AC520020B9
:1063100010810210E8E7021070B5244DAE1D15F88B
:10632000014B2046FAF73CFC4FF0000343EC44409D
:10633000002201212046FAF77BFBB542EFD110EE97
:1063400018206FEA92321A4B02F001021A7010EE16
:1063500018206FEAD23202F001025A7010EE1820B3
:106360006FEA124202F001029A7010EE18206FEAF2
:10637000524202F00102DA7010EE18206FEA9242E7
:1063800002F001021A7110EE18206FEAD242094899
:106390000949046E02F001020C60084C00210466F9
:1063A0000748BDE870405A7101F016BE4818031046
:1063B000B4500020A03B0020AC520020F16202103B
:1063C0008D610210024B0A460146186800F002B8BF
:1063D000D037002038B5A1FB021434BB00F02EFBEF
:1063E000054630B350F8042C22F00302043A242A64
:1063F0000CD8132A0FD91B2AC0E9004412D9242A29
:10640000C0E9024418D000F1100205E0214600F076
:1064100015FE284638BD024600232846C2E900334F
:10642000936038BD00F10802F6E701F027FA0C236B
:1064300003600025284638BD00F11802C0E9044475
:10644000EAE700BF2DE9F04F1D4640EA020399B08C
:1064500083469B07009240F0DF82171F18BF012779
:1064600000230493009B5B000793009A062902FB1C
:1064700001F35A440BEB030006920592029040F29E
:106480006781009A4FEA51090729A3EB020302FB37
:1064900009B90BEB03040FD0282900F2F48126463A
:1064A000DA4649465046A847002831464846C0F2D9
:1064B000DE81A84700284ADD002F51D1DBF80030EB
:1064C000D9F80020CBF80020C9F80030059B4FF028
:1064D00000099A460393009BC3F100084B46A1466E
:1064E0001E46A24552465FD859465046CDF804A0F4
:1064F000A8470028019A40F3FB804B460192A14631
:106500001C460BE0D9F800202168C9F80010226071
:1065100044440126C144CA4500F28F80594648468A
:10652000A84700282CDBF5D1002FEBD0012F76D027
:10653000009B21464A4609EB03061378087802F8C7
:10654000010B01F8013BB31A002BF6DCE0E7314602
:106550005046A8470028C0F29481B146002FADD024
:10656000012F00F0FC815B4605981A7899F800101D
:1065700003F8011B09F8012BC21A002AF5DCA5E774
:106580002346019A4C469946002F40F0A180DAF844
:1065900000302268CAF800202360009B9A444444DB
:1065A00001265246A2459FD933464E469946B9F137
:1065B000000F4AD0039BAAEB0300A3EB0B0181421F
:1065C000A8BF0146002940F02581029B341B991B7E
:1065D000009BC91AA14228BF2146002940F09D8195
:1065E000029B8442A3EB040605D8224633460446A8
:1065F0005E4610469B46009B984240F2F280049A09
:10660000072A00F27A81B4FBF3F4B0FBF3F118AB84
:1066100003EBC20343E91064531C049325E7009B7A
:1066200020464A469E08013E13680168002E42F843
:10663000041B40F8043BF6DC6AE7334626464C462A
:10664000019A9946B9F1000FB4D1029B059A934281
:1066500031D9009B069E5C429846DDF81C90B345FC
:1066600025D2019607E0DAF800203168CAF8001058
:1066700032605E451AD9B246264451463046A84794
:10668000002813DD002FEED0012F53D0324606EB49
:10669000090C9AF8003011780AF8011B02F8013B46
:1066A000ACEB0A03002BF4DC5E45E4D8019E4644C3
:1066B000029BB342D3D8049B002B00F08180049B43
:1066C00018AA013B049302EBC30353E910B1CCE6D3
:1066D000012F009B20D09A4423461178187802F8A5
:1066E000010B03F8011BAAEB02010029F5DC56E7B8
:1066F00002D0009B9A44F4E6002F7BD10399DAF88C
:1067000000200B680A60CAF80030009B1944009B07
:10671000012603919A44E4E698082346013811685B
:106720001E68002842F8046B43F8041BF6DC009B4B
:106730009A4434E74FEA980032460138DAF80030DC
:10674000116800284AF8041B42F8043BF5DC90E786
:1067500090421646AFD9009BDDF81C905C429846EB
:10676000B34525D2019607E0DAF800203168CAF86F
:10677000001032605E451AD9B24626445146304672
:10678000A847002813DD002FEED0012F1BD0324682
:1067900006EB090C9AF8003011780AF8011B02F890
:1067A000013BACEB0A03002BF4DC5E45E4D8019E10
:1067B0004644029BB342D3D8049B002B7FF47FAFA7
:1067C00019B0BDE8F08F4FEA980032460138DAF888
:1067D0000030116800284AF8041B42F8043BF5DC3D
:1067E000C8E7009B9C427FF666AF009BB346B4FBB4
:1067F000F3F13AE6012F00F0A280039B00995918AB
:106800001878167803F8016B02F8010BC81A0028F3
:10681000F6DC7CE7022FAAEB010C40F0C78059445C
:10682000DE469EF800309CF800800EF8018B0CF8D4
:10683000013BA1EB0E03002BF3DC029B341B991BE5
:10684000009BC91AA14228BF214600293FF4C8AEC7
:10685000029B5E1A01EB0A03117896F800C002F859
:1068600001CB06F8011B991A0029F5DCB8E6A84708
:106870000028FFF621AE31465046A8470028FFF613
:106880006CAED14618E6C908584602FB01F60BEB80
:10689000060A73000BEB460851460193A8470028EF
:1068A00041465046C0F2A180A84700286CDDA9EB04
:1068B0000603494609EB060818460193A847002835
:1068C00041464846C0F29C80A847002855DD730029
:1068D000A4EB0308464440463146A8470028214619
:1068E000304658DBA84700283FF7DBAD214640463D
:1068F000A847002858DB2646D3E5009A2B46904649
:10690000B0FBF2F15846FFF79DFD44457FF6D7AE48
:10691000009BB346B4FBF3F1A7E5029B022FA3EB68
:10692000010697D08B088446013B11683068002B24
:1069300042F8040B46F8041BF6DC604650E6009B68
:106940009808039B013819681668002843F8046BFF
:1069500042F8041BF6DC0399009B1944D7E6009B20
:1069600099085B4601391A68D9F80000002943F8F4
:10697000040B49F8042BF5DCA8E541460198A8472B
:10698000002846DBC146A2E741465846A8470028F2
:1069900034DBC2468BE7A8470028FFF682AD2146CC
:1069A0004046A8470028A6DB46467AE58B08804685
:1069B00059469646013B0A68DCF80000002B41F876
:1069C000040B4CF8042BF5DC029B341B0099404669
:1069D0009B1B72465B1AA34228BF23461946002B15
:1069E0003FF4FEAD029B5E1A9CE7A8470028FFF625
:1069F0005EAF41465846A8470028CADBDA4656E74C
:106A0000A8470028FFF663AF41460198A847002831
:106A1000B8DBDDF804905AE7022721E5024B014676
:106A2000186800F00BB800BFD0370020024B0146B9
:106A3000186801F077B900BFD037002001F10B03CF
:106A4000162B2DE9F04F074683B023D8102900F20A
:106A5000AF8000F0AFFA102518230220BA4E33445D
:106A60005C68A3F10802944200F0568163683846DE
:106A700023F00303D4E902122344CA6091605A68E8
:106A8000083442F001025A6000F09AFA204603B03E
:106A9000BDE8F08F002B23F00705C0F28980A942E2
:106AA00000F2868000F086FAB5F5FC7FC0F07B82AC
:106AB0006B0A00F08480042B00F26281AB0903F1C1
:106AC000390003F1380EC3009F4E3344A3F1080C84
:106AD0005C68A44507D10DE0002AE16880F21681C8
:106AE0008C450C4606D0636823F003035A1B0F2A1B
:106AF000F2DD7046DFF868823469444500F0F280C8
:106B0000636823F0030CACEB05030F2B00F37481D7
:106B1000002BC6E9048880F26381BCF5007FD6F8BB
:106B200004E080F0FF804FEADC0301224FEA5C1CA6
:106B3000013302FA0CF256F833104EEA020E06EB5D
:106B4000C302083AC6F804E0C4E9021246F833402A
:106B5000CC6083104FF0010C0CFA03FCF44534D8E0
:106B60001CEA0E0F07D120F003004FEA4C0C043052
:106B70001CEA0E0FF9D006EBC00A8146D646DEF8B5
:106B80000C300BE05A681C46DB6822F00302511BF4
:106B90000F2900F30181002980F215819E45F1D172
:106BA00009F101090EF1080E19F0030FE7D158E1C0
:106BB0000C233B600024204603B0BDE8F08F4FF467
:106BC000007340204FF03F0E7EE7B468636823F007
:106BD0000309A945A9EB050302D30F2B00F3858018
:106BE0005A4B08201B6803F1100804EB09030093BB
:106BF00000F04AFE564AA84483461368013305D084
:106C000008F1FF384342804403EA08084146384609
:106C100000F022FEB0F1FF3F82464D4A00F00781AE
:106C200004EB0903834200F200814A4B0BF1FF3C65
:106C300018684044186000F064811168013100F068
:106C40006C8104EB0902AAEB020202441A601AF0FA
:106C50000702CDE9002300F02781C2F1080238467F
:106C600092445A44D04408EA0C01521A02EA0C0B2E
:106C7000594600F0F1FD421C019B00F06A81A0EB37
:106C80000A0000EB0B08186848F00102B442C6F88D
:106C900008A05844CAF80420186017D0B9F10F0FA3
:106CA00040F23E816168A9F10C024FF0050C22F020
:106CB000070201F0010111430F2A616004EB020198
:106CC000C1E901CC00F24D81DAF80420224B544690
:106CD0001968814238BF1860204B1968814238BF5B
:106CE0001860A6E0D6F804E033E7621945F0010524
:106CF00043F00103083444F8045C3846B260536042
:106D000000F05EF9204603B0BDE8F08FA26823448E
:106D10003846D1608A60B2E6DC68A3427FF4A6AE52
:106D20000230E7E6BCF5206F4FEA5C2276D3142AE6
:106D300000F2CD8002F15C035B32DB00F118F35806
:106D40000839994211D1A5E0C8330020D040002075
:106D5000BC330020A0400020C8400020CC400020D0
:106D6000D03300209B68994204D05A6822F0030275
:106D70006245F7D8D968C4E902318C60DC60E8E686
:106D8000142B63D9542B00F2AB802B0B03F16F0053
:106D900003F16E0EC30097E6D4F808C038466719B1
:106DA00045F001056560CCF80C30C3F808C041F02F
:106DB0000103C6E90477C7E902887B60A150083463
:106DC00000F0FEF8F7E622443846516841F0010130
:106DD000516054F8082FD3609A6000F0F1F8EAE6A9
:106DE000A44438460834DCF8043043F00103CCF8FE
:106DF000043000F0E5F8DEE6621943F0010145F0E9
:106E0000010538466560C6E90422C2E9028851607E
:106E100044F80C30083400F0D3F8CCE64FEA9C126A
:106E200002F139033832DB0088E7B44262D0B4683B
:106E3000626822F00308A845A8EB050302D30F2BD4
:106E40003FF753AF384600F0BBF8B3E603F15C0000
:106E500003F15B0EC30037E65AF80839534540F09A
:106E6000A08010F0030F00F1FF30F5D1736823EA22
:106E70000C0373604FEA4C0C0CF1FF329A4204D3BE
:106E8000A3E64FEA4C0C09F104091CEA030FF8D001
:106E9000484670E692104FF0010C0CFA02F24EEAEE
:106EA000020EC6F804E066E70AEB0802384602EA7A
:106EB0000C02ABEB020B0BEA0C0B594600F0CCFCBE
:106EC000431C019B7FF4DBAEDDF800B0DBE6542A07
:106ED0002AD84FEA1C3202F16F036E32DB002DE735
:106EE000B3F5AA7F2AD8EB0B03F1780003F1770EF4
:106EF000C300E9E52E4B0BF1FF3C186840441860D5
:106F00009BE61AEA0C0F7FF498AEC844D6F808A0A6
:106F100048F00102CAF80420D8E6C2F800A096E6BC
:106F20000123CAF804308DE7B2F5AA7F24D84FEACE
:106F3000DC3202F178037732DB00FFE640F2545294
:106F4000934224D8AB0C03F17D0003F17C0EC30007
:106F5000BAE5009A4FF0000B083A9044A8EB0A08F3
:106F600091E6384604F10801009300F0DBFE009B37
:106F7000D6F808A01868A7E640F254539A420CD8F5
:106F80004FEA9C4202F17D037C32DB00D6E64FF4EF
:106F90007E737F204FF07E0E96E54FF47E737E2247
:106FA000CCE6736866E7E80805F1080356E500BF1C
:106FB000A0400020014800F0B1BD00BF9C4000206F
:106FC000014800F0ADBD00BF9C400020034B10B550
:106FD0000446196800F0C6FF204610BDD0370020D7
:106FE000032A30B412D941EA000484460B46A407B0
:106FF00021D11946604653F8044B5CF8045BA54266
:1070000019D1043A032AF4D860461946541E7AB1BD
:10701000431E0139021901E09A4209D013F8010F09
:1070200011F801CF6045F7D0A0EB0C0030BC7047E1
:10703000002030BC7047541EEAE700BF830730B51C
:1070400046D08418844604E003F8011B9D0704D051
:107050009C46A4456346F7D130BD013A0244A2EBF9
:107060000C02032A29D9CCB20F2A04EB042404EB26
:1070700004442FD9A2F1100C03F110052CF00F0CD1
:10708000AC44C3E90044C3E9024410336345F8D17A
:1070900012F00C0F02F00F0E18D02EF0030CAEF110
:1070A00004051A469C4442F8044B6245FBD125F086
:1070B000030404330EF003022344002ACCD0C9B2E7
:1070C0001A4403F8011B9342FBD130BD7246F4E72A
:1070D0000346C6E79646E0E738B50546034680070F
:1070E00002D12BE09A0708D0184601330278002A13
:1070F000F8D100F0B5FC284638BD4278E2B11868F6
:10710000A0F1013222EA000212F0803F0BD11846B2
:1071100053F8044FA4F1013222EA040212F0803F36
:10712000F5D0027942B1184610F8013F002BFBD18F
:1071300000F096FC284638BD1846DAE72A78DDE7E5
:1071400011F0FF01034600F0030239D08ABB10B5ED
:1071500001EB012E02680EEB0E4EA2F101338EEA16
:10716000020423EA0203A4F1013222EA04021343D7
:1071700013F0803F0FD150F8044F84EA0E0CA4F1B5
:107180000133ACF1013223EA040322EA0C02134377
:1071900013F0803FEFD0037823B936E010F8013FB9
:1071A000002B32D09942F9D110BD8A4228D09A07DB
:1071B00029D01A7818460133002AF6D110467047B4
:1071C000CAB90268A2F1013323EA020313F0803F37
:1071D00008D150F8042FA2F1013323EA020313F07F
:1071E000803FF6D003785BB110F8013F002BFBD154
:1071F0007047990705D0184613F8012B002AF8D1DB
:1072000070471846DDE71846A1E7184610BD00BFD5
:1072100022B310B584188646114A04E01B1A1BD10C
:10722000B8B1A64516D01EF8013B11F8010B12F8B3
:1072300003C00CF0030CBCF1010F12F800C00CF0FD
:10724000030C08BF2033BCF1010FE7D12030181A1E
:10725000E7D010BD002010BD184610BD1046704785
:107260007918031082B30B4630B540EA0104864614
:10727000A40717D1032A07D814E0043A22D01CF03F
:10728000803F1FD1032A23D9DEF80040194653F866
:10729000045B7046A4F1013C0EF1040EAC422CEAF2
:1072A000040CEAD00378013A0C78A3420ED10244D0
:1072B00006E03BB110F8013F11F8014FA34205D1A0
:1072C0009042F6D1002030BD10467047181B30BDEB
:1072D00070461946E6E700BF40EA01039B0730B558
:1072E00001D1032A17D8844601F1FF3E07E01EF8BA
:1072F000011F541E03F8011B29B122469C46634618
:10730000002AF4D130BD002CFCD0944403F8011BBA
:107310006345FBD130BD0C468446256821460434C4
:10732000A5F1013323EA050313F0803FDCD1043AD1
:107330004CF8045B032AF0D82146D5E738B511F0A4
:10734000FF040CD00346002501E0431C05462146FE
:107350001846FFF7F5FE0028F7D1284638BD21462C
:10736000BDE83840FFF7ECBE024A012312685032F4
:1073700000F002B8D037002018B370B586468C46AE
:107380001EF8015B01E0A54214D01CF8014B002C53
:10739000F9D1DDB176460C4616F8015B00E063B129
:1073A00014F8013B9D42FAD14DB100238EF8003014
:1073B000166070BD6BB17046E0E7B646EAE72E4650
:1073C000F6E710680028D8D100207047002015602B
:1073D00070BDC2F800E0037070BD00BF01292DE947
:1073E000F0415DD94FF0010800244FF0FF35C6464B
:1073F000434608E0A3EB05081C464FF0010E04EBE2
:107400000E03994210D900EB050CC75C1CF80E6006
:10741000B742EFD332D04FF001082546C646444468
:1074200004EB0E039942EED8012700244FF0FF36FB
:10743000C2F80080BE463B4607E09F1B1C464FF04B
:10744000010E04EB0E03994210D900EB060C10F864
:1074500003801CF80EC0E045EFD814D00127264663
:10746000BE463C4404EB0E039942EED80136681C3C
:10747000864201D330461760BDE8F081C64507D08B
:107480000EF1010EBBE7BE4506D00EF1010ED8E7A6
:1074900074444FF0010EB2E774444FF0010ED0E790
:1074A00001270026E6E700BF2DE9F04FADF21C4DA5
:1074B000934680468A4605AD194658461C462A46DC
:1074C000FFF78CFF2B4681460DF2144243F8044F20
:1074D0009342FBD174B1601E0BF1FF32584412F895
:1074E000011F06AEA31A824203F1FF335B4446F844
:1074F0002130F4D12B684A4658460BEB0301019327
:10750000FFF76EFD002877D144F400630746AAEB2D
:10751000040E661E05460293AE4510D308EB050C1B
:1075200006AA1CF8063052F82330BBB11FB1019AED
:107530009A4288BFA31A1D440027AE45EED208EB3D
:107540000A00029900F02AFD8244AAEB040EAE451F
:10755000E4D200200DF21C4DBDE8F08F4F453B46B4
:1075600038BF4B469E4218D9591EEA180095594417
:10757000424402E001339E420ED012F8010B11F892
:10758000015F8542F6D09E42009D06D9C9F10102F5
:1075900000272A44D518BFE7009D4F4509F1FF3366
:1075A00080F0818005EB09020BEB09010095424454
:1075B000CDF80C9002E09F4213D04B4611F8015DCC
:1075C00003F1FF3912F8010D8542F4D0009D01331B
:1075D000DDF80C9001379F4209D8019B1D44E71A42
:1075E0009AE70137009DDDF80C909F42F5D960467F
:1075F0000DF21C4DBDE8F08FA4EB0903AAEB040EBD
:10760000661E4B4538BF4B4601332B600025019366
:1076100044F400630093AE4509D308EB050006AAC5
:10762000835D52F823306BB11D44AE45F5D208EBB3
:107630000A00009900F0B2FC8244AAEB040EAE45A9
:10764000EBD286E7B14517D209F1FF3105EB09020C
:107650004B465944424402E00133B3420CD012F885
:10766000017B11F801CFBC45F6D09E4204D9C9F187
:1076700001022A44D518CEE7B9F1000F3FF46AAFF2
:1076800005EB09010BEB0902414402E05B453FF4C5
:1076900061AF12F801CD11F8017D1346BC45F5D05C
:1076A000019B1D44C1E74B4694E700BF2DE9F04123
:1076B0000D46097890B0044600294AD06A78002A1D
:1076C0006BD0AB78002B48D0E878002879D02B79A4
:1076D000002B67D0284600F09BFA0646204646F469
:1076E000007100F05BFC864246D8FE2E00F28780D7
:1076F000801B4022711C27186846FFF79FFC6EB163
:107700006A1E5FFA86FC901912F8013F03F03F03EE
:10771000A91A90426B4461441970F5D1013CA35DF4
:1077200003F03F036B441B781C44A74203D228E0BC
:107730004444A74225D314F806C0324629462046C1
:107740000CF03F0CEC449CF80080FFF749FC00284B
:10775000EED1204610B0BDE8F081007842EA014247
:1077600050B140EA0343214614F8010F9A4241D038
:107770000028F6D19A423DD00024204610B0BDE842
:10778000F081BB5DB819002BF6D04FF4006100F01A
:1077900005FC0744A742C1D2EEE710B0BDE8F041B6
:1077A000FFF7CEBC2278002AE6D0296809BA42EA5F
:1077B0000323204614F8012FF2B19942F7D1C41ED9
:1077C000C7E7120442EA0162217842EA0323002952
:1077D000D2D0024600E049B141EA0200254614F841
:1077E000011FB3EB002F4FEA0022F4D19342C3D123
:1077F000AC1EAEE74C1EACE79942BDD1DFE70146B7
:1078000033462A46204610B0BDE8F041FFF74CBE93
:1078100041EA00020346920715D10A68A2F101303D
:1078200020EA020010F0803F0DD101F1040C614606
:1078300043F8042B5CF8042BA2F1013020EA02008B
:1078400010F0803FF3D011F8012B184603F8012BFC
:10785000002AF8D1704700BF38B50022064D044613
:1078600008462A60FDF7DEFD431C00D038BD2B68BA
:10787000002BFBD0236038BDB0490020014B1868B5
:10788000704700BFD0370020082802D14FF4805045
:10789000704708B5FFF7F2FF162203464FF0FF309E
:1078A0001A6008BD80EA010C1CF0030F37D110F0FC
:1078B000030C20F0030021F0030150F8042B08BF53
:1078C00051F8043B0ED08CF0030C6FF07F434FEA6D
:1078D000CC0C23FA0CFC51F8043B42EA0C0243EABC
:1078E0000C0300BFA2F1013C9A4201BF2CEA020C3A
:1078F0001CF0803F50F8042B51F8043BF2D04FEAC3
:1079000002604FEA1222012828BFB0EB036F08BFC4
:107910001B0AF4D003F0FF03000EC01A704710F0EA
:10792000030F0AD010F8012B11F8013B012A28BFE0
:107930009A42F4D0A2EB0300704720B450F8042B15
:1079400001F0030521F0030151F8043B022D27D07B
:107950004ED800BF22F07F45B5EB132FA2F1013CBA
:107960002CEA020C0DD11CF0803C08BF51F8043BFE
:107970000AD185EA0205B5EB036F0CD150F8042B50
:10798000E8E74FEA13235BE03CF07F4C54D10B78DF
:107990004FEA126554E04FEA126503F0FF034FE02F
:1079A0004FEA0245A2F1013C4FEA15452CEA020CD0
:1079B000B5EB134F18D11CF0803C08BF51F8043BC5
:1079C00007D185EA0205B5EB034F09D150F8042B26
:1079D000E6E75FEA0C4C2FD10B884FEA12452FE007
:1079E0004FEA03434FEA12454FEA134328E000BF32
:1079F00002F0FF05B5EB136FA2F1013C2CEA020C7B
:107A00000DD11CF0803C08BF51F8043B0AD185EA37
:107A10000205B5EB032F0AD150F8042BE8E74FEA33
:107A200013630DE012F0FF0F06D051F8043B4FEA4C
:107A3000122523F07F4303E04FF0000020BC704785
:107A400005F0FF0203F0FF00012828BF904204BFA9
:107A50002D0A1B0AF4D0A2EB000020BC704700BF27
:107A600080EA0102844612F0030F4FD111F0030F98
:107A700032D14DF8044D11F0040F51F8043B0BD0F6
:107A8000A3F101329A4312F0803F04BF4CF8043B4B
:107A900051F8043B16D100BF51F8044BA3F1013259
:107AA0009A4312F0803FA4F101320BD14CF8043B11
:107AB000A24312F0803F04BF51F8043B4CF8044B42
:107AC000EAD023460CF8013B13F0FF0F4FEA3323B3
:107AD000F8D15DF8044B704711F0010F06D011F892
:107AE000012B0CF8012B002A08BF704711F0020F80
:107AF000BFD031F8022B12F0FF0F16BF2CF8022B6B
:107B00008CF8002012F47F4FB3D1704711F8012B8D
:107B10000CF8012B002AF9D1704700BF704700BF55
:107B2000704700BF844641EA000313F0030349D1C4
:107B3000403A23D30B6803604B6843608B688360D3
:107B4000CB68C3600B6903614B6943618B698361D7
:107B5000CB69C3610B6A03624B6A43628B6A8362BF
:107B6000CB6AC3620B6B03634B6B43638B6B8363A7
:107B7000CB6BC36340304031403ADBD230320BD361
:107B80000B6803604B6843608B688360CB68C3609D
:107B900010301031103AF3D20C3205D351F8043BB7
:107BA00040F8043B043AF9D2043208D0D2071CBF93
:107BB00011F8013B00F8013B01D30B8803806046BC
:107BC000704700BF082A13D38B07B1D010F003030E
:107BD000AED0C3F10403D21ADB071CBF11F8013B7E
:107BE00000F8013BA4D331F8023B20F8023B9FE7A9
:107BF000043AD9D3013A11F8013B00F8013BF9D21C
:107C00000B7803704B7843708B78837060467047B5
:107C100020F0030110F00300C0F1000051F8043B14
:107C200000F1040C4FEACC0C6FF000021CBF22FAEA
:107C30000CF213434FF0010C4CEA0C2C4CEA0C4CA8
:107C4000A3EB0C0222EA030212EACC1204BF51F8A1
:107C5000043B0430F4D0C2F1000102EA0102B2FA9E
:107C600082F2C2F11F0200EBD20070472DE9F84307
:107C70000646DFF8AC8008208946FFF705FE05467A
:107C80003046FFF797F9D8F808305F6827F0030708
:107C9000A7F11104A4EB09042C44B4FBF5F4013C56
:107CA00005FB04F4A54208DC00213046FFF7D4FDB3
:107CB000D8F808303B44984205D03046FFF780F9A9
:107CC0000020BDE8F88361423046FFF7C5FD013072
:107CD0000FD03F1B104AD8F80830304647F0010754
:107CE0005F6013681B1B1360FFF76AF90120BDE892
:107CF000F88300213046FFF7AFFDD8F80820831A3B
:107D00000F2BDADD43F0010303495360034B1B687B
:107D1000C01A0860D1E700BFA0400020BC3300209B
:107D2000C833002000295AD0F8B50C460746FFF7A3
:107D300041F9734D54F804CCA4F10802A8682CF062
:107D400001030CF0010ED1184E68884226F003069C
:107D50007CD088194E60406800F00100BEF1000F31
:107D60002ED154F8084C05F1080C121B23449468DA
:107D7000644560D0D2F80CE0C4F80CE0CEF80840BE
:107D800000287DD043F0010050600B60B3F5007F08
:107D90002ED25809D9080123834068680131034372
:107DA00055F831006B6005EBC103083BC2E90203E3
:107DB00045F83120C2603846BDE8F840FFF700B909
:107DC00070B9334405F1080C886843F0010460453C
:107DD0006ED0C968C16088605460D350D6E77047E0
:107DE0004CF00101B3F5007F44F8041CD350D0D30C
:107DF000B3F5206F4FEA532144D2990901F13900BC
:107E000001F13804C100681869580838884203D164
:107E100055E08968884204D04C6824F003049C42F1
:107E2000F7D8C868C2E9021082603846CA60BDE867
:107E3000F840FFF7C5B880BB1E44D1E90213CB6000
:107E4000996046F0010353609651B4E71E44BEF1B9
:107E5000000F07D154F8083CD21A1E44D2E902138D
:107E6000CB60996046F001035360264BAA601B6803
:107E7000B342A0D8244B38461968FFF7F7FE9AE7BB
:107E80003344A1E714290DD954291FD8190B01F146
:107E90006F0001F16E04C100B5E743F001005060CE
:107EA0000B6088E701F15C0001F15B04C100AAE707
:107EB000C5E90422C2E902CC5460D3507BE7A41088
:107EC0000123A3406C6823436B60ABE7B1F5AA7F45
:107ED00006D8D90B01F1780001F17704C10092E7CF
:107EE00040F25450814206D8990C01F17D0001F115
:107EF0007C04C10087E74FF47E717E2483E700BFD6
:107F0000C8330020C0330020D0400020134B9C46D3
:107F100010B503F5806E5CF8083F5C6824F003043C
:107F20000F2C2146D4BF00200120DCF80C309C45EA
:107F300007D05A680130DB6822F003029C451144E7
:107F4000F7D10CF1080CE645EFD1054B1A685860E3
:107F5000521AC3E90814DA6110BD00BFC83300200B
:107F6000A040002070B505460B4C08460E46FFF7B2
:107F700021F8FFF7CBFFAC460FCCACE80F000FCCDD
:107F8000ACE80F0094E803008CE803003046FFF7EC
:107F900017F8284670BD00BFA040002099B10346E5
:107FA00001EB000C10B401E09C4508D01A460133E7
:107FB0001478002CF8D1101A5DF8044B704708466D
:107FC0005DF8044B70470846704700BFF8B500BF26
:107FD0005FF800F05D2100205FF800F05D040020F4
:107FE0005FF800F0E91400205FF800F0952200200F
:107FF0005FF800F0751400205FF800F0491D0020C4
:108000005FF800F0210600205FF800F0C525002091
:108010005FF800F0C50300205FF800F0AD14002009
:108020005FF800F0A91C00205FF800F0CD040020EC
:108030005FF800F05D0C00205FF800F0AD2000203C
:108040005FF800F0051D00205FF800F00D1400201F
:108050005FF800F03D2200205FF800F03D050020B1
:108060005FF800F0A90B00205FF800F05D0700202A
:108070005FF800F09D0700205FF800F0511300202A
:108080005FF800F0D11C00205FF800F09906002096
:10809000353A0210A9390210DD390210813A021076
:1080A000153A0210191B02105D3A0210051B02104E
:1080B00099110210613A0210551502107939021017
:1080C000493A0210F939021009070210E90B0210AF
:0880D00019020010E156021034
:1080D80050494F005352382E000000005B4D534763
:1080E8003A5761726E696E673A20456E74657269B7
:1080F8006E672055463220426F6F746C6F616465FD
:10810800725D0D0A00000000302E303100000000C2
:10811800426F6F746C6F6164657220456E7472791A
:10812800000000005250323335300000323530380C
:108138003134000053444B5F322E312E31000000A1
:1081480068747470733A2F2F6769746875622E6348
:108158006F6D2F6772626C48414C2F525032303429
:10816800300000005032000050330000503400004E
:108178005035000055463200656E746572205546CC
:108188003220626F6F746C6F61646572000000006A
:108198005072696D61727920554152540000000097
:1081A8005261737062657272792050690000000034
:1081B8005069636F00000000426F6172642043449D
:1081C80043000000466174616C3A20496E636F6D2C
:1081D80070617469626C65206472697665722028C2
:1081E80000000000290000004E2F41005265736511
:1081F800740000004665656420686F6C64000000C8
:108208004379636C6520737461727400426C6F63A8
:108218006B2064656C6574650000000053746F70B2
:108228002064697361626C6500000000456D6572C9
:1082380067656E63792073746F70000050726F62A7
:108248006520646973636F6E6E6563740000000077
:108258004D6F746F72206661756C74004D6F746F2A
:1082680072207761726E696E670000004C696D69F3
:108278007473206F766572726964650053696E67FE
:108288006C6520626C6F636B0000000050726F6257
:1082980065206F76657274726176656C0000000007
:1082A80050726F626500000058206D6F746F722005
:1082B8006661756C7400000059206D6F746F7220D0
:1082C8006661756C740000005A206D6F746F7220BF
:1082D8006661756C7400000058206D6F746F7220B1
:1082E8006661756C7420320059206D6F746F72204E
:1082F8006661756C742032005A206D6F746F72203D
:108308006661756C7420320050726F6265203200AD
:1083180050726F62652032206F7665727472617672
:10832800656C0000546F6F6C73657474657200003F
:10833800546F6F6C736574746572206F76657274B0
:10834800726176656C0000004D5047206D6F646562
:108358002073656C6563740058206C696D697420BE
:108368006D696E0058206C696D6974206D696E20A6
:108378003200000058206C696D6974206D617800C6
:108388005820686F6D6500005820686F6D65203251
:108398000000000059206C696D6974206D696E00D9
:1083A80059206C696D6974206D696E203200000077
:1083B80059206C696D6974206D6178005920686F67
:1083C8006D6500005920686F6D652032000000005F
:1083D8005A206C696D6974206D696E005A206C6949
:1083E8006D6974206D696E20320000005A206C6936
:1083F8006D6974206D6178005A20686F6D650000A2
:108408005A20686F6D652032000000005370696E55
:10841800646C6520696E6465780000005370696E4D
:10842800646C652070756C73650000004175782078
:10843800696E20300000000041757820696E203197
:108448000000000041757820696E203200000000AD
:1084580041757820696E203300000000417578204E
:10846800696E20340000000041757820696E20355F
:108478000000000041757820696E20360000000079
:1084880041757820696E203700000000417578201A
:10849800696E20380000000041757820696E203927
:1084A8000000000041757820696E2031300000001E
:1084B80041757820696E20313100000041757820BF
:1084C800696E20313200000041757820696E2031D4
:1084D8003300000041757820696E203134000000B7
:1084E80041757820696E203135000000417578208B
:1084F800696E20313600000041757820696E2031A0
:108508003700000041757820696E2031380000007E
:1085180041757820696E2031390000004175782056
:10852800696E20323000000041757820696E203273
:108538003100000041757820696E20323200000059
:1085480041757820696E203233000000417578202B
:10855800616E616C6F6720696E203000417578200C
:10856800616E616C6F6720696E20310041757820FB
:10857800616E616C6F6720696E20320041757820EA
:10858800616E616C6F6720696E20330041757820D9
:10859800616E616C6F6720696E20340041757820C8
:1085A800616E616C6F6720696E20350041757820B7
:1085B800616E616C6F6720696E20360041757820A6
:1085C800616E616C6F6720696E2037005820737484
:1085D80065700000583220737465700059207374F8
:1085E8006570000059322073746570005A207374E6
:1085F800657000005A3220737465700058206469F1
:1086080072000000583220646972000059206469C1
:108618007200000059322064697200005A206469AF
:10862800720000005A322064697200005374657049
:1086380070657220706F7765720000005374657002
:108648007065727320656E61626C65005820656E96
:1086580061626C65000000005920656E61626C659E
:10866800000000005A20656E61626C650000000021
:10867800585920656E61626C650000004120737472
:108688006570000041206469720000004120656E39
:1086980061626C650000000041206C696D6974209E
:1086A8006D696E0041206C696D6974206D61780098
:1086B8004120686F6D65000041206D6F746F7220F6
:1086C8006661756C74000000422073746570000068
:1086D80042206469720000004220656E61626C6528
:1086E80000000000414220656E61626C6500000078
:1086F80042206C696D6974206D696E0042206C6956
:108708006D6974206D6178004220686F6D650000A6
:1087180042206D6F746F72206661756C7400000082
:108728004320737465700000432064697200000080
:108738004320656E61626C650000000043206C692F
:108748006D6974206D696E0043206C696D697420D1
:108758006D6178004320686F6D65000043206D6F80
:10876800746F72206661756C740000004D6F746FD1
:1087780072204353000000004D6F746F7220435302
:10878800580000004D6F746F722043535900000069
:108798004D6F746F722043535A0000004D6F746F11
:1087A800722043534D3300004D6F746F7220435352
:1087B8004D3400004D6F746F722043534D350000E7
:1087C8004D6F746F722043534D3600004D6F746FB8
:1087D800722043534D3700005370696E646C6520F6
:1087E8006F6E00005370696E646C65206469726511
:1087F8006374696F6E0000005370696E646C652065
:1088080050574D005370696E646C652032206F6E4E
:10881800000000005370696E646C65203220646942
:1088280072656374696F6E005370696E646C65205D
:10883800322050574D0000004D697374000000004D
:10884800466C6F6F64000000417578206F75742066
:1088580030000000417578206F75742031000000E9
:10886800417578206F7574203200000041757820BA
:108878006F75742033000000417578206F7574207F
:1088880034000000417578206F75742035000000B1
:10889800417578206F757420360000004175782086
:1088A8006F75742037000000417578206F7574204B
:1088B80038000000417578206F7574203900000079
:1088C800417578206F75742031300000417578202B
:1088D8006F75742031310000417578206F757420F0
:1088E80031320000417578206F75742031330000F3
:1088F800417578206F7574203134000041757820F7
:108908006F75742031350000417578206F757420BB
:1089180031360000417578206F75742031370000BA
:10892800417578206F7574203138000041757820C2
:108938006F75742031390000417578206F75742087
:1089480032300000417578206F7574203231000094
:10895800417578206F757420323200004175782097
:108968006F7574203233000041757820616E616C38
:108978006F67206F75742030000000004175782003
:10898800616E616C6F67206F7574203100000000A4
:1089980041757820616E616C6F67206F7574203245
:1089A8000000000041757820616E616C6F67206F70
:1089B800757420330000000041757820616E616C89
:1089C8006F67206F757420340000000041757820AF
:1089D800616E616C6F67206F757420350000000050
:1089E80041757820616E616C6F67206F75742036F1
:1089F8000000000041757820616E616C6F67206F20
:108A080075742037000000004C4544004C45442054
:108A1800520000004C454420470000004C454420CB
:108A2800420000004C454420570000004C454420BB
:108A380061647265737361626C6500004C45442023
:108A480061647265737361626C65203100000000B7
:108A5800436F50726F6320526573657400000000A5
:108A6800436F50726F6320426F6F743000000000D4
:108A78004D49534F000000004D4F5349000000007E
:108A880053504920434C4B00535049204353000056
:108A9800466C617368204353000000005344206310
:108AA8006172642043530000534420636172642060
:108AB800646574656374000053504920726573657A
:108AC8007400000053504920495251004932432054
:108AD80053434B0049324320534441004B6579705E
:108AE8006164207374726F6265000000493243202C
:108AF8007374726F62650000525800005458000089
:108B08005254530051454920410000005145492025
:108B1800420000005145492073656C65637400008C
:108B280051454920696E6465780000005669727481
:108B380075616C00554152542058000055415254FB
:108B48002059000055415254205A000055415254B2
:108B5800204D330055415254204D34005541525454
:108B6800204D350055415254204D36005541525440
:108B7800204D370053657474696E67732077726986
:108B88007465206661696C65642100004E6F74200D
:108B9800656E6F756768206865617020666F722002
:108BA8004E56532062756666657221004D53472CF8
:108BB800000000005F76616C756500005F76616C8F
:108BC80075655F72657475726E656400526573656C
:108BD8007420746F20636F6E74696E756500000091
:108BE800272448277C2724582720746F20756E6C0B
:108BF8006F636B0043617574696F6E3A20556E6CD4
:108C08006F636B6564000000456E61626C656400AB
:108C180044697361626C65640000000043686563C1
:108C28006B20446F6F720000436865636B204C696A
:108C38006D6974730000000050676D20456E640014
:108C4800526573746F72696E672064656661756CCE
:108C580074730000526573746F72696E6720737065
:108C6800696E646C65000000536C656570696E67B9
:108C780000000000456D657267656E637920737446
:108C88006F70202D20636C6561722C207468656E8E
:108C980020726573657420746F20636F6E74696EDB
:108CA80075650000486F6D696E67206379636C6550
:108CB8002072657175697265640000005072657391
:108CC80073206379636C6520737461727420746FA8
:108CD80020726572756E206A6F6200005265666563
:108CE80072656E636520746F6F6C206C656E677457
:108CF80068206F66667365742065737461626C6959
:108D080073686564000000004D6F746F72206661BF
:108D1800756C74202D20636C6561722C20746865F5
:108D28006E20726573657420746F20636F6E74694A
:108D38006E7565005072657373206379636C652086
:108D4800737461727420746F20636F6E74696E75CA
:108D5800652E000052656D6F766520616E7920740E
:108D68006F75636820706C61746520616E64207033
:108D780072657373206379636C65207374617274B0
:108D880020746F20636F6E74696E75652E00000025
:108D980050726F6265206661696C65642C2074721C
:108DA8007920616761696E2E000000005065726667
:108DB8006F726D20612070726F62652077697468C8
:108DC80020245450572066697273742100000000F3
:108DD80050726F62652070726F74656374696F6E2C
:108DE800206163746976617465642E0050726573DE
:108DF80073206379636C6520737461727420746F77
:108E080020706F736974696F6E20666F7220746F5B
:108E18007563682D6F66662E00000000506C616EE9
:108E28006E6572206275666665722073697A652060
:108E380077617320726564756365642100000000C2
:108E48000D0A4772626C48414C20312E3166205B16
:108E5800272427206F7220272448454C5027206656
:108E68006F722068656C705D0D0A00005B484C509D
:108E78003A242420242320244720244920244E2037
:108E880024783D76616C20244E783D6C696E6520AF
:108E9800244A3D6C696E652024534C50202443209D
:108EA8002458202448202442207E2021203F20636B
:108EB80074726C2D785D0D0A000000004E000000F1
:108EC80050000000530000003F0000005B50494E76
:108ED80053544154453A414F55547C007C0000009E
:108EE8005B50494E53544154453A41494E7C000029
:108EF8007C7C7C002D0000005B5350494E444C455F
:108F08003A000000202D2000202020200000000032
:108F18002028000022242D436F6465222C22205330
:108F2800657474696E67222C2220556E69747322E9
:108F38002C222053657474696E67204465736372CC
:108F4800697074696F6E220D0A000000242D436F4A
:108F580064650953657474696E6709556E6974733D
:108F680009446174617479706509446174612066AB
:108F78006F726D61740953657474696E6720446516
:108F8800736372697074696F6E094D696E094D611A
:108F9800780D0A000D0A2D2D2D2D20003A0D0A00FE
:108FA8005B50494E3A000000490000005B50494EB2
:108FB80053544154453A444F55547C0044000000F2
:108FC8005B50494E53544154453A44494E7C000045
:108FD800240000003D4E2F410D0A00005B5345540C
:108FE80054494E4747524F55503A00005B4D53473E
:108FF8003A000000496E666F3A2000005761726EB1
:10900800696E673A200000004572726F723A20005C
:1090180044656275673A20006F6B0D0A0000000016
:109028006572726F723A0000414C41524D3A00002D
:109038003D000000220000005B414C41524D434F6F
:1090480044453A005B4552524F52434F44453A001B
:109058000D0A0D0A5265626F6F7420726571756929
:109068007265642E000000002C207265626F6F74B8
:109078002072657175697265640000005C6E5C6ED3
:109088004E4F54453A2041206861726420726573DE
:109098006574206F662074686520636F6E74726FE4
:1090A8006C6C65722069732072657175697265648C
:1090B800206166746572206368616E67696E6720F7
:1090C800746869732073657474696E672E00000094
:1090D8000D0A240020617320617869736D61736BD8
:1090E8000000000020617320626F6F6C65616E0084
:1090F800206173206269746669656C643A000000D7
:10910800206173206269746669656C64207768659C
:1091180072652073657474696E67206269742030A3
:1091280020656E61626C6573207468652072657372
:10913800743A0000206173204950206164647265AC
:109148007373000020696E20000000002C207261FB
:109158006E67653A200000002C206D696E3A200089
:109168002C206D61783A20000D0A0D0A00000000DD
:109178005B53455454494E473A0000005D000000D7
:10918800222C000009000000696E74656765720092
:10919800666C6F6174000000626F6F6C0000000005
:1091A8006269746669656C640000000078626974BD
:1091B8006669656C64000000726164696F62757449
:1091C800746F6E7300000000697076340000000050
:1091D80070617373776F7264000000006178657363
:1091E800000000005B504C5547494E3A0000000013
:1091F800207600005B5052423A0000005B484F4D19
:10920800453A00005B544C4F3A0000005B50415215
:10921800414D3A003D4E2F41000000005B4735317B
:109228003A0000005B47000039323A00323800004B
:10923800333000005B543A005B544C523A00000053
:109248002047370020473800204732300000000010
:10925800204732310000000020473931000000006B
:10926800204739300000000020473937000000004F
:1092780020473936000000002E3100002E32000051
:109288002047393900000000204739380000000025
:109298005B47433A4700000033382E0020473932F5
:1092A800000000002047000020473439000000007B
:1092B8002047343300000000204735313A000000D1
:1092C8002047353000000000204D3000204D31008F
:1092D800204D3200204D333000000000204D363044
:1092E80000000000204D3800204D3900204D353059
:1092F80000000000204D353100000000204D3533BE
:1093080000000000204D3536000000002054000009
:109318002046000020530000244E00003E000000BC
:109328002B2C00002D2C00004154433D302C000014
:1093380054432C004154433D312C000045455052C4
:109348004F4D0000464C4153480000004652414DE5
:10935800000000005B5645523A312E31662E00005F
:109368005B4F50543A0000005B4158533A000000EC
:109378005B4E45574F50543A454E554D532C525419
:1093880000000000484F4D452C0000004E4F505241
:109398004F42452C0000000050524F4245533D00BB
:1093A80050432C004F532C0042442C0045532C00B2
:1093B8004D50472C000000004C415448452C0000FB
:1093C8005050492C000000005245424F4F542C0089
:1093D80053532C005345442C000000005254432C96
:1093E8000000000043414E2C000000005B4649523B
:1093F8004D574152453A6772626C48414C5D0D0ABF
:10940800000000005B5349474E414C533A000000AE
:109418005B4E56532053544F524147453A00000083
:109428002A0000004B0000005B46524545204D4590
:109438004D4F52593A0000004B5D0D0A00000000E4
:109448005B4452495645523A000000005B44524979
:109458005645522056455253494F4E3A0000000097
:109468005B445249564552204F5054494F4E533A47
:10947800000000005B424F4152443A005B4D4158A6
:10948800205354455020524154453A0020487A5DB3
:109498000D0A00005B41555820494F3A0000000072
:1094A8007C4D506F733A00007C57506F733A000040
:1094B8007C41523A000000007C4152007C4D5047EC
:1094C8003A3100007C4D50473A3000007C443A3134
:1094D800000000007C443A30000000003C0000001E
:1094E80049646C650000000052756E003A32000055
:1094F800486F6C643A0000004A6F6700486F6D65FA
:1095080000000000416C61726D3A0000416C6172AC
:109518006D000000436865636B000000446F6F7264
:109528003A000000536C656570000000546F6F6C62
:10953800000000007C42663A000000007C4C6E3A55
:10954800000000007C46533A000000007C463A00C8
:109558007C506E3A000000007C57434F3A000000F0
:109568007C5743533A0000007C4F763A00000000D5
:109578007C53633A000000007C483A007C543A006F
:109588007C503A007C544C523A0000007C496E3AB8
:10959800000000007C496E3A2D3100007C46573AA5
:1095A8006772626C48414C007C24433A31000000E9
:1095B8003E0D0A005B53455454494E4744455343B6
:1095C800523A000022416C61726D20436F6465203D
:1095D800696E2076312E312B222C2220416C61724B
:1095E8006D204D65737361676520696E2076312E35
:1095F800302D222C2220416C61726D2044657363EA
:1096080072697074696F6E220D0A000022457272C9
:109618006F7220436F646520696E2076312E312B7E
:10962800222C224572726F72204D657373616765D3
:1096380020696E2076312E302D222C224572726FD1
:1096480072204465736372697074696F6E220D0AC3
:109658000000000048656C7020746F706963733A8D
:109668000D0A000020436F6D6D616E64730D0A0072
:109678002053657474696E67730D0A00434F4D4D2E
:10968800414E44530000000053455454494E47533B
:10969800000000000D0A4E2F410D0A005B4C41539B
:1096A800544556454E54533A000000005B4C494D12
:1096B8004954533A000000003A4800003A4C000070
:1096C8005B484F4D45533A005B5350494E444C4517
:1096D800454E434F4445523A000000005B52544304
:1096E8003A000000540000004E6F207370696E64E9
:1096F8006C657320726567697374657265642E0D95
:109708000A0000005B4D4F544F525741524E494E8C
:10971800473A00005B4D4F544F524641554C543A1E
:109728000000000055000000460000004500000051
:109738004C000000737465702F6D6D006D6D2F6D9A
:10974800696E00006D6D2F7365635E320000000066
:109758006D6D0000646567006465672F7365635EFF
:10976800320000006465672F6D696E007374657060
:109778002F646567000000002A2A2A2A2A2A2A2A32
:10978800000000002C4E2F4100000000537465704B
:109798002070756C7365206C656E67746820696EDF
:1097A800206D6963726F7365636F6E64732E5C6E90
:1097B8004D696E696D756D20646570656E647320A2
:1097C8006F6E207468652070726F636573736F7253
:1097D80020616E64206973207479706963616C6CB0
:1097E8007920696E207468652072616E6765206FE4
:1097F800662031202D20322E352E5C6E5C6E54682A
:1098080065206C656E6774682068617320746F20CA
:10981800626520726564756365642066726F6D2089
:109828007468652064656661756C742076616C7512
:1098380065206F662035207768656E206D61782E0B
:10984800207374657020726174652065786365653E
:109858006420617070726F78696D6174656C7920CD
:10986800313430206B487A2E000000005365747341
:1098780020612073686F727420686F6C642064655F
:109888006C6179207768656E2073746F7070696E8B
:109898006720746F206C65742064796E616D6963EC
:1098A8007320736574746C65206265666F726520D9
:1098B80064697361626C696E672073746570706542
:1098C80072732E2056616C756520323535206B65B4
:1098D800657073206D6F746F727320656E61626C52
:1098E80065642E00496E766572747320746865200D
:1098F80073746570207369676E616C732028616387
:1099080074697665206C6F77292E0000496E76653C
:109918007274732074686520646972656374696F12
:109928006E207369676E616C732028616374697651
:1099380065206C6F77292E00496E766572747320E6
:1099480074686520737465707065722064726976D6
:10995800657220656E61626C65207369676E616C03
:10996800732E204D6F73742064726976657273204C
:109978007573657320616374697665206C6F7720F1
:10998800656E61626C6520726571756972696E6772
:1099980020696E76657273696F6E2E5C6E5C6E4EB2
:1099A8004F54453A20496620746865207374657081
:1099B800706572206472697665727320736861726B
:1099C8006573207468652073616D6520656E6162DA
:1099D8006C65207369676E616C206F6E6C792058B6
:1099E80020697320757365642E000000496E7665E2
:1099F800727473207468652061786973206C696D6E
:109A0800697420696E707574207369676E616C7310
:109A18002E000000496E76657274732074686520A4
:109A280070726F626520696E707574207369676EF5
:109A3800616C2873292E0000456E61626C65206395
:109A48006F6E74726F6C732050574D206F75747001
:109A5800757420617661696C6162696C6974792ECC
:109A68005C6E5768656E206052504D20636F6E744F
:109A7800726F6C73207370696E646C6520656E61BB
:109A8800626C65207369676E616C6020697320631E
:109A98006865636B656420616E64204D33206F7266
:109AA800204D3420697320616374697665205330D2
:109AB800207377697463686573206974206F6666BC
:109AC80020616E642053203E2030207377697463D0
:109AD800686573206974206F6E2E0000496E766584
:109AE8007274732074686520646972656374696F41
:109AF8006E207369676E616C7320666F722074687C
:109B080065207365636F6E64206D6F746F72207566
:109B180073656420666F722067616E676564206193
:109B28007865732E5C6E5C6E4E4F54453A205468CF
:109B3800697320696E76657273696F6E2077696CD8
:109B48006C206265206170706C69656420696E20A4
:109B58006164646974696F6E20746F20746865202D
:109B6800696E76657273696F6E2066726F6D2073A9
:109B7800657474696E672024332E00005370656322
:109B88006966696573206F7074696F6E616C2064B3
:109B980061746120696E636C7564656420696E2008
:109BA800737461747573207265706F727473206159
:109BB8006E64206966207265706F72742069732004
:109BC80073656E74207768656E20686F6D696E675F
:109BD8002E5C6E49662052756E20737562737461CF
:109BE80074757320697320656E61626C65642069A1
:109BF80074206D6179206265207573656420666FD5
:109C0800722073696D706C652070726F6265207068
:109C1800726F74656374696F6E2E5C6E5C6E4E4F06
:109C280054453A205061727365722073746174658B
:109C38002077696C6C2062652073656E742073658B
:109C48007061726174656C792061667465722074E4
:109C5800686520737461747573207265706F7274AF
:109C680020616E64206F6E6C79206F6E206368616E
:109C78006E6765732E0000005365747320686F77F4
:109C88002066617374206772626C48414C2074725C
:109C98006176656C73207468726F75676820636F8E
:109CA8006E7365637574697665206D6F74696F6E20
:109CB800732E204C6F7765722076616C7565207302
:109CC8006C6F777320697420646F776E2E000000C4
:109CD800536574732074686520473220616E642070
:109CE8004733206172632074726163696E67206113
:109CF80063637572616379206261736564206F6E56
:109D08002072616469616C206572726F722E2042E4
:109D180065776172653A2041207665727920736DA6
:109D2800616C6C2076616C7565206D617920656663
:109D38006665637420706572666F726D616E6365C7
:109D48002E000000456E61626C657320696E636861
:109D580020756E697473207768656E2072657475F6
:109D6800726E696E6720616E7920706F73697469AD
:109D78006F6E20616E6420726174652076616C7507
:109D8800652074686174206973206E6F7420612087
:109D980073657474696E67732076616C75652E00DF
:109DA800496E76657274732074686520636F6E748B
:109DB800726F6C207369676E616C732028616374BD
:109DC800697665206C6F77292E5C6E4E4F54453A44
:109DD80020426C6F636B2064656C6574652C204F42
:109DE8007074696F6E616C2073746F702C204553AA
:109DF800746F7020616E642050726F626520636FAB
:109E08006E6E656374656420617265206F70746935
:109E18006F6E616C207369676E616C732C2061765C
:109E280061696C6162696C69747920697320647214
:109E38006976657220646570656E64656E742E005F
:109E4800496E76657274732074686520636F6F6CF1
:109E5800616E7420616E64206D6973742073696724
:109E68006E616C732028616374697665206C6F7706
:109E7800292E0000496E7665727473207468652017
:109E88007370696E646C65206F6E2C20636F756EDD
:109E9800746572636C6F636B7769736520616E6458
:109EA8002050574D207369676E616C732028616379
:109EB80074697665206C6F77292E00004469736198
:109EC800626C652074686520636F6E74726F6C20B5
:109ED8007369676E616C732070756C6C7570207235
:109EE80065736973746F72732E20506F74656E7426
:109EF80069616C6C7920656E61626C657320707540
:109F08006C6C646F776E207265736973746F7220FE
:109F1800696620617661696C61626C652E5C6E4E63
:109F28004F54453A20426C6F636B2064656C6574CE
:109F3800652C204F7074696F6E616C2073746F703C
:109F480020616E64204553746F7020617265206FC4
:109F58007074696F6E616C207369676E616C732CC5
:109F680020617661696C6162696C697479206973D2
:109F78002064726976657220646570656E64656ECA
:109F8800742E000044697361626C652074686520F2
:109F98006C696D6974207369676E616C7320707584
:109FA8006C6C7570207265736973746F72732E2090
:109FB800506F74656E7469616C6C7920656E61624E
:109FC8006C65732070756C6C646F776E2072657346
:109FD8006973746F727320696620617661696C6158
:109FE800626C652E0000000044697361626C652034
:109FF8007468652070726F6265207369676E616C42
:10A008002070756C6C7570207265736973746F72EB
:10A018002873292E20506F74656E7469616C6C7991
:10A0280020656E61626C65732070756C6C646F7707
:10A038006E207265736973746F722873292069665C
:10A0480020617661696C61626C652E00456E6162A3
:10A058006C657320736F6674206C696D6974732006
:10A06800636865636B732077697468696E206D61D6
:10A078006368696E652074726176656C20616E64D0
:10A08800207365747320616C61726D207768656EEA
:10A098002065786365656465642E2052657175690D
:10A0A80072657320686F6D696E672E005768656EFC
:10A0B80020656E61626C656420696D6D65646961B7
:10A0C80074656C792068616C7473206D6F74696F46
:10A0D8006E20616E64207468726F777320616E20E1
:10A0E800616C61726D207768656E2061206C696DA6
:10A0F800697420737769746368206973207472695E
:10A108006767657265642E20496E2073747269638F
:10A1180074206D6F6465206F6E6C7920686F6D694F
:10A128006E6720697320706F737369626C6520773E
:10A1380068656E206120737769746368206973208D
:10A14800656E67616765642E00000000456E616298
:10A158006C657320686F6D696E67206379636C65E1
:10A168002E205265717569726573206C696D69740A
:10A17800207377697463686573206F6E20617865F2
:10A188007320746F206265206175746F6D617469E6
:10A1980063616C6C7920686F6D65642E5C6E5C6EB3
:10A1A8005768656E2060456E61626C652073696EE4
:10A1B800676C65206178697320636F6D6D616E648B
:10A1C800736020697320636865636B65642C207312
:10A1D800696E676C65206178697320686F6D696E58
:10A1E800672063616E20626520706572666F726DAC
:10A1F80065642062792024483C61786973206C6525
:10A20800747465723E20636F6D6D616E64732E5C4D
:10A218006E5C6E5768656E2060416C6C6F77206D60
:10A22800616E75616C6020697320636865636B6536
:10A23800642C2061786573206E6F7420686F6D657B
:10A2480064206175746F6D61746963616C6C7920E9
:10A258006D617920626520686F6D6564206D616E3F
:10A2680075616C6C79206279202448206F722024F3
:10A27800483C61786973206C65747465723E20632C
:10A288006F6D6D616E64732E5C6E5C6E604F76658B
:10A298007272696465206C6F636B736020697320E8
:10A2A800666F7220616C6C6F77696E6720612073CE
:10A2B8006F667420726573657420746F20646973A7
:10A2C80061626C652060486F6D696E67206F6E20F3
:10A2D80073746172747570207265717569726564E2
:10A2E800602E0000486F6D696E6720736561726348
:10A2F80068657320666F722061207377697463687C
:10A3080020696E2074686520706F7369746976655A
:10A3180020646972656374696F6E2E2053657420BA
:10A32800617869732062697420746F207365617243
:10A33800636820696E206E6567617469766520645C
:10A348006972656374696F6E2E0000004665656406
:10A35800207261746520746F20736C6F776C79203C
:10A36800656E67616765206C696D697420737769CC
:10A3780074636820746F2064657465726D696E65B6
:10A3880020697473206C6F636174696F6E206163F8
:10A398006375726174656C792E0000005365656B96
:10A3A800207261746520746F20717569636B6C79B4
:10A3B8002066696E6420746865206C696D69742014
:10A3C800737769746368206265666F726520746864
:10A3D8006520736C6F776572206C6F636174696E4A
:10A3E800672070686173652E000000005365747300
:10A3F80020612073686F72742064656C61792062D3
:10A4080065747765656E20706861736573206F6623
:10A4180020686F6D696E67206379636C6520746F5F
:10A42800206C6574206120737769746368206465A3
:10A43800626F756E63652E00526574726163742075
:10A4480064697374616E63652061667465722074F3
:10A45800726967676572696E672073776974636884
:10A4680020746F20646973656E676167652069741D
:10A478002E20486F6D696E672077696C6C20666165
:10A48800696C206966207377697463682069736EE4
:10A49800277420636C65617265642E00473733202A
:10A4A800726574726163742064697374616E636544
:10A4B8002028666F72206368697020627265616B1C
:10A4C800696E67206472696C6C696E67292E00007A
:10A4D800537465702070756C73652064656C617960
:10A4E8002E5C6E5C6E5768656E20736574203E2026
:10A4F8003020616E64206C657373207468616E200F
:10A5080032207468652076616C75652069732072E5
:10A518006F756E64656420757020746F2032206DCD
:10A528006963726F7365636F6E64732E0000000059
:10A538004D6178696D756D207370696E646C652006
:10A5480073706565642C2063616E206265206F7688
:10A55800657272696464656E206279207370696ED1
:10A56800646C6520706C7567696E732E000000005E
:10A578004D696E696D756D207370696E646C6520C8
:10A5880073706565642C2063616E206265206F7648
:10A59800657272696464656E206279207370696E91
:10A5A800646C6520706C7567696E732E5C6E5C6E8A
:10A5B8005768656E20736574203E2030202433353B
:10A5C800202850574D206D696E2076616C7565297D
:10A5D800206D6179206861766520746F206265203E
:10A5E80073657420746F20676574207468652063D0
:10A5F8006F6E666967757265642052504D2E000053
:10A608004C61736572206D6F64653A20636F6E7379
:10A61800656375746976652047312F322F3320635F
:10A628006F6D6D616E64732077696C6C206E6F74EA
:10A638002068616C74207768656E207370696E6439
:10A648006C65207370656564206973206368616E4A
:10A658006765642E5C6E4C61746865206D6F646517
:10A668003A20616C6C6F777320757365206F662074
:10A6780047372C2047382C2047393620616E642014
:10A688004739372E000000005370696E646C6520EE
:10A6980050574D206672657175656E63792E00009E
:10A6A8005370696E646C652050574D206F66662044
:10A6B80076616C756520696E2070657263656E746D
:10A6C800202864757479206379636C65292E0000ED
:10A6D8005370696E646C652050574D206D696E200B
:10A6E80076616C756520696E2070657263656E743D
:10A6F800202864757479206379636C65292E0000BD
:10A708005370696E646C652050574D206D617820D8
:10A7180076616C756520696E2070657263656E740C
:10A72800202864757479206379636C65292E00008C
:10A738005370656369666965732077686963682023
:10A748007374657070657273206E6F7420746F20F7
:10A7580064697361626C65207768656E2073746FD5
:10A76800707065642E0000005370696E646C65201B
:10A77800656E636F6465722070756C7365732070A5
:10A788006572207265766F6C7574696F6E2E000045
:10A79800456E61626C657320226E6F726D616C220A
:10A7A8002070726F63657373696E67206F66203FF0
:10A7B8002C202120616E64207E20636861726163B1
:10A7C80074657273207768656E2070617274206F8B
:10A7D8006620242D73657474696E67206F72206318
:10A7E8006F6D6D656E742E204966206469736162B1
:10A7F8006C6564207468656E207468657920617280
:10A808006520616464656420746F207468652069DC
:10A818006E70757420737472696E6720696E7374D4
:10A828006561642E000000004C696D6974206A6FD0
:10A838006720636F6D6D616E647320746F206D6146
:10A848006368696E6520776F726B737061636520EA
:10A85800666F7220686F6D656420617865732E007D
:10A86800456E61626C6573207061726B696E6720FA
:10A878006379636C652C20726571756972657320E4
:10A888007061726B696E67206178697320686F6D9B
:10A8980065642E00446566696E652077686963683B
:10A8A8002061786973207468617420706572666FBE
:10A8B800726D7320746865207061726B696E6720B1
:10A8C8006D6F74696F6E2E004E756D626572206FC4
:10A8D8006620686F6D696E67207061737365732E8B
:10A8E800204D696E696D756D20312C206D61786918
:10A8F8006D756D203132382E000000004178657387
:10A9080020746F20686F6D6520696E2066697273A8
:10A918007420706173732E004178657320746F2002
:10A92800686F6D6520696E207365636F6E64207053
:10A938006173732E000000004178657320746F20E6
:10A94800686F6D6520696E20746869726420706133
:10A9580073732E004178657320746F20686F6D657E
:10A9680020696E20666F7572746820706173732E2B
:10A97800000000004178657320746F20686F6D6572
:10A9880020696E20666966746820706173732E0092
:10A998004178657320746F20686F6D6520696E203B
:10A9A800736978746820706173732E0053746570CE
:10A9B800206A6F6767696E672073706565642069D0
:10A9C8006E206D696C6C696D657465727320706555
:10A9D80072206D696E7574652E000000536C6F7778
:10A9E800206A6F6767696E672073706565642069A0
:10A9F8006E206D696C6C696D657465727320706525
:10AA080072206D696E7574652E000000466173745E
:10AA1800206A6F6767696E6720737065656420696F
:10AA28006E206D696C6C696D6574657273207065F4
:10AA380072206D696E7574652E0000004A6F67207C
:10AA480064697374616E636520666F722073696EE2
:10AA5800676C652073746570206A6F6767696E67D5
:10AA68002E0000004A6F672064697374616E636525
:10AA7800206265666F7265206175746F6D617469B7
:10AA8800632073746F702E005370696E646C652058
:10AA980070756C6C2D6F757420616E6420706C75A8
:10AAA8006E67652064697374616E636520696E20E2
:10AAB8006D6D2E496E6372656D656E74616C206490
:10AAC800697374616E63652E000000005370696ECF
:10AAD800646C652070756C6C2D6F75742F706C7557
:10AAE8006E676520736C6F77206665656420726198
:10AAF800746520696E206D6D2F6D696E2E000000E3
:10AB08005061726B696E6720617869732074617235
:10AB18006765742E20496E206D6D2C206173206D41
:10AB2800616368696E6520636F6F7264696E6174D2
:10AB380065205B2D6D61785F74726176656C2C2081
:10AB4800305D2E005061726B696E672066617374A8
:10AB5800207261746520746F207461726765742057
:10AB680061667465722070756C6C2D6F75742069E0
:10AB78006E206D6D2F6D696E2E0000005265737426
:10AB88006F7265206F766572726964657320746F81
:10AB98002064656661756C742076616C75657320D8
:10ABA80061742070726F6772616D20656E642E002B
:10ABB800456E61626C6520746869732069662069F6
:10ABC8007420697320646573697261626C652074AE
:10ABD8006F206F70656E2074686520736166657498
:10ABE8007920646F6F72207768656E20696E2049DE
:10ABF800444C45206D6F6465202865672E20666F7C
:10AC080072206A6F6767696E67292E00456E6162F8
:10AC18006C6520736C656570206D6F64652E00002F
:10AC2800416374696F6E732074616B656E2064751F
:10AC380072696E67206665656420686F6C64206160
:10AC48006E64206F6E20726573756D652066726F15
:10AC58006D206665656420686F6C642E00000000D6
:10AC6800537461727420696E20616C61726D206D1D
:10AC78006F6465206166746572206120636F6C641F
:10AC88002072657365742E00416C6C6F7720666561
:10AC98006564206F7665727269646520647572698F
:10ACA8006E672070726F62696E6720616E642F6FC5
:10ACB80072206C696D69742070726F62696E6720AA
:10ACC800636F6D6D616E647320746F206D6163686E
:10ACD800696E6520776F726B737061636520666F4C
:10ACE8007220686F6D656420617865732E000000BE
:10ACF8005370696E646C652073796E6320504944A3
:10AD0800206D617820696E7465677261746F722056
:10AD18006572726F722E000054726176656C2072D3
:10AD280065736F6C7574696F6E20696E20737465D6
:10AD3800707320706572206D696C6C696D657465DF
:10AD4800722E000054726176656C207265736F6CA8
:10AD58007574696F6E20696E2073746570732070E6
:10AD68006572206465677265652E00004D617869BB
:10AD78006D756D20726174652E2055736564206150
:10AD88007320473020726170696420726174652E87
:10AD980000000000416363656C65726174696F6EE1
:10ADA8002E205573656420666F72206D6F74696F0D
:10ADB8006E20706C616E6E696E6720746F206E6FA6
:10ADC8007420657863656564206D6F746F72207494
:10ADD8006F7271756520616E64206C6F7365207386
:10ADE800746570732E0000004D6178696D756D2073
:10ADF800617869732074726176656C206469737414
:10AE0800616E63652066726F6D20686F6D696E672D
:10AE1800207377697463682E2044657465726D6960
:10AE28006E65732076616C6964206D616368696E14
:10AE38006520737061636520666F7220736F667436
:10AE48002D6C696D69747320616E6420686F6D691B
:10AE58006E67207365617263682064697374616EDC
:10AE68006365732E000000004F6666736574206288
:10AE780065747765656E20736964657320746F20E7
:10AE8800636F6D70656E7361746520666F7220689C
:10AE98006F6D696E6720737769746368657320697D
:10AEA8006E616363757261636965732E00000000EB
:10AEB8005370696E646C6520617420737065656495
:10AEC80020746F6C6572616E6365206173207065B4
:10AED8007263656E7461676520646576696174691B
:10AEE8006F6E2066726F6D2070726F6772616D6D24
:10AEF80065642073706565642C2073657420746FB5
:10AF0800203020746F2064697361626C652E5C6EFA
:10AF18004966206E6F742077697468696E20746F53
:10AF28006C6572616E636520616674657220746910
:10AF38006D656F757420736574206279207370690C
:10AF48006E646C65206F6E2064656C6179202824BE
:10AF58003339342920616C61726D20313420697372
:10AF6800207261697365642E5C6E4E4F54453A20B9
:10AF7800696620746865207370696E646C65206FFB
:10AF88006E2064656C617920697320736574207420
:10AF98006F2030207468652074696D656F75742042
:10AFA80064656661756C747320746F206F6E6520BC
:10AFB8006D696E7574652E004E6F726D616C3A2006
:10AFC800616C6C6F7773206A6F6767696E6720665C
:10AFD8006F72206D616E75616C20746F7563682087
:10AFE8006F66662E20536574206E657720706F73C8
:10AFF8006974696F6E206D616E75616C6C792E5C19
:10B008006E5C6E4D616E75616C20746F756368203F
:10B018006F66663A2072617069647320746F207479
:10B028006F6F6C206368616E676520706F736974F9
:10B03800696F6E2C20757365206A6F6767696E6724
:10B04800206F72202454505720666F7220746F75D9
:10B058006368206F66662E5C6E5C6E4D616E75610E
:10B068006C20746F756368206F66662040204735D2
:10B07800392E333A2072617069647320746F2074BA
:10B088006F6F6C206368616E676520706F73697499
:10B09800696F6E2C206166746572206368616E67E3
:10B0A8006520746F204735392E3320706F736974AB
:10B0B800696F6E20666F72206D616E75616C2074A9
:10B0C8006F756368206F66662E20557365206A6FFA
:10B0D8006767696E67206F72202454505720666F27
:10B0E8007220746F756368206F66662E5C6E5C6E86
:10B0F8004175746F6D6174696320746F756368203E
:10B108006F66662040204735392E333A20726170C9
:10B1180069647320746F20746F6F6C206368616E4C
:10B12800676520706F736974696F6E2C206166742F
:10B138006572206368616E676520746F20473539D2
:10B148002E3320706F736974696F6E20666F72207A
:10B158006175746F6D6174696320746F75636820BD
:10B168006F66662E5C6E5C6E446570656E64696EB3
:10B1780067206F6E2073657474696E6773207468D6
:10B188006520746F6F6C2028636F6E74726F6C6CBF
:10B19800656420706F696E74292077696C6C206211
:10B1A80065206D6F766564206261636B20746F2023
:10B1B80074686520746F206F726967696E616C20AE
:10B1C800706F736974696F6E20616674657220743C
:10B1D8006F756368206F66662E2022746F6F6C200F
:10B1E8006368616E676520706F736974696F6E223A
:10B1F8002069732065697468657220746F6F6C20AC
:10B208006178697320686F6D652C204735392E3356
:10B21800206F722047333020706F736974696F6EC6
:10B2280020646570656E64696E67206F6E20736553
:10B238007474696E67732E004D6178696D756D2041
:10B2480070726F62696E672064697374616E63659A
:10B2580020666F72206175746F6D61746963206F09
:10B2680072202454505720746F756368206F666687
:10B278002E00000046656564207261746520746F55
:10B2880020736C6F776C7920656E676167652074D1
:10B298006F6F6C206368616E67652073656E736F8E
:10B2A8007220746F2064657465726D696E652074B0
:10B2B800686520746F6F6C206F66667365742061B3
:10B2C800636375726174656C792E00005365656BF4
:10B2D800207261746520746F20717569636B6C7975
:10B2E8002066696E642074686520746F6F6C2063D3
:10B2F80068616E67652073656E736F72206265663C
:10B308006F72652074686520736C6F776572206C46
:10B318006F636174696E672070686173652E0000E1
:10B3280050756C6C2D6F6666207261746520666F4F
:10B3380072207468652072657472616374206D6F21
:10B348007665206265666F72652074686520736C27
:10B358006F776572206C6F636174696E67207068BF
:10B368006173652E00000000526573746F7265206A
:10B37800706F736974696F6E206166746572204DB1
:10B38800363A207768656E20736574207468652086
:10B398007370696E646C65206973206D6F7665647F
:10B3A80020736F20746861742074686520636F6E01
:10B3B80074726F6C6C656420706F696E7420287489
:10B3C8006F6F6C2074697029206973207468652018
:10B3D80073616D65206173206265666F72652074A4
:10B3E8006865204D3620636F6D6D616E642C6966EB
:10B3F800206E6F7420746865207370696E646C6564
:10B40800206973206F6E6C79206D6F766564207487
:10B418006F20746865205A20686F6D6520706F739F
:10B428006974696F6E2E5C6E5C6E4368616E6765E9
:10B4380020746F6F6C206174204733303A2077682E
:10B44800656E207365742072617069647320746F0F
:10B45800207468652047333020706F736974696F92
:10B468006E2076696120746F6F6C20617869732033
:10B47800686F6D652E2052657175697265732061FC
:10B4880078657320746F20626520686F6D65642E1F
:10B498005C6E5C6E466173742070726F62652070BA
:10B4A800756C6C6F66663A20757365204733382E65
:10B4B80034207374796C652070726F62696E6720CE
:10B4C800666F722066617374657220746F75636845
:10B4D800206F66662E0000004475616C20617869F3
:10B4E80073206C656E677468206661696C20696E8C
:10B4F8002070657263656E74206F66206178697369
:10B50800206D61782074726176656C2E00000000F1
:10B518004475616C2061786973206C656E67746826
:10B52800206661696C206D696E696D756D2064694E
:10B538007374616E63652E004475616C206178696F
:10B5480073206C656E677468206661696C206D6134
:10B5580078696D756D2064697374616E63652E001A
:10B5680044697361626C657320736176652F7265D7
:10B5780073746F7265206F6620473932206F666674
:10B5880073657420746F206E6F6E2D766F6C6174A6
:10B59800696C652073746F7261676520284E565315
:10B5A800292E000044657369676E617465732061B4
:10B5B80078657320617320726F746172792C2069C9
:10B5C8006E746572707265746174696F6E20736FE2
:10B5D8006D65206F746865722072656C6576616E42
:10B5E8007420617869732073657474696E67732059
:10B5F8006973206368616E676564206163636F7255
:10B6080064696E676C792E0044656C617920746F8B
:10B6180020616C6C6F77207370696E646C65207440
:10B628006F207370696E2075702061667465722072
:10B6380073616665747920646F6F72206973206323
:10B648006C6F736564206F72206F6E2072657375FE
:10B658006D652066726F6D207061726B2E00000040
:10B6680044656C617920746F20616C6C6F7720631E
:10B678006F6F6C616E7420746F2072657374617281
:10B6880074206166746572207361666574792064DC
:10B698006F6F7220697320636C6F736564206F72BB
:10B6A800206F6E20726573756D652066726F6D20F0
:10B6B8007061726B2E00000044656C617920746FB4
:10B6C80020616C6C6F77207370696E646C65207490
:10B6D8006F207370696E2075702E2030206F722075
:10B6E800302E35202D203230735C6E496620737001
:10B6F800696E646C6520737570706F727473202244
:10B708006174207370656564222066756E63746960
:10B718006F6E616C6974792069742069732074682C
:10B72800652074696D6520746F2077616974206283
:10B7380065666F726520616C61726D2031342069B5
:10B7480073207261697365642E0000005370696E1E
:10B75800646C652073656C6563746564206F6E2026
:10B76800737461727475702E000000004E756D62FE
:10B778006572206F6620626C6F636B7320696E2040
:10B7880074686520706C616E6E657220627566669D
:10B7980065722E00496E74657276616C20746865F6
:10B7A800207265616C2074696D65207265706F72B6
:10B7B800742077696C6C2062652073656E742C2028
:10B7C80073657420746F203020746F20646973610E
:10B7D800626C652E000000004F6666736574206910
:10B7E8006E20686F7572732066726F6D20555443B2
:10B7F8002E00000049662073657420756E6C6F63B7
:10B808006B202862792073656E64696E67202458FE
:10B818002920697320726571756972656420616693
:10B8280074657220726573657474696E672061202F
:10B83800636C656172656420452D53746F70206375
:10B848006F6E646974696F6E2E0000004C6F636BD5
:10B8580020636F6F7264696E6174652073797374A5
:10B86800656D7320616761696E73742061636369D4
:10B8780064656E74616C206368616E6765732E0021
:10B8880044656C617920746F20616C6C6F772073EC
:10B8980070696E646C6520746F207370696E2064C3
:10B8A8006F776E2E2030206F7220302E35202D209D
:10B8B8003230735C6E4966207370696E646C652003
:10B8C800737570706F727473202261742073706561
:10B8D8006564222066756E6374696F6E616C697445
:10B8E80079206974206973207468652074696D65AE
:10B8F80020746F2077616974206265666F726520B5
:10B90800616C61726D2031342069732072616973D2
:10B9180065642E005370656369666965732077688E
:10B92800696368207370696E646C65206861732050
:10B9380074686520656E636F6465722061747461F4
:10B94800636865642E000000506572666F726D2032
:10B9580066617374206D6F766520746F20616E6701
:10B968006C652073746F72656420696E2047323885
:10B9780020706F736974696F6E2E5C6E5573653ACB
:10B988005C6E204739314732383C617869736C65A1
:10B99800747465723E305C6E204739305C6E00000E
:10B9A8004175746F206D6F756E7420534420636108
:10B9B8007264206F6E20737461727475702E00004B
:10B9C800496E76657274732074686520617869734E
:10B9D80020686F6D6520696E707574207369676E75
:10B9E800616C732E0000000044656C617920746FEF
:10B9F80020616C6C6F7720636F6F6C616E7420745C
:10BA08006F2073746172742E2030206F7220302E74
:10BA180035202D203230732E00000000436F6E74E5
:10BA2800726F6C7320616374696F6E732074616BDD
:10BA3800656E206F6E206120736F66742072657367
:10BA480065742E0044656C61792066726F6D207391
:10BA580074657070657220656E61626C6520746FC4
:10BA68002066697273742073746570206F757470C2
:10BA780075742E2054686520647269766572207426
:10BA880079706963616C6C792061646473207E32BB
:10BA98006D7320746F20746869732E005374657019
:10BAA8002070756C73652074696D65006D696372CB
:10BAB8006F7365636F6E6473000000005374657084
:10BAC8002069646C652064656C6179006D696C6CD3
:10BAD800697365636F6E647300000000232323237A
:10BAE800300000003635353335000000537465707A
:10BAF8002070756C736520696E766572740000003D
:10BB08005374657020646972656374696F6E206927
:10BB18006E76657274000000496E766572742073E3
:10BB280074657070657220656E61626C65206F75F2
:10BB38007470757428732900496E76657274206C68
:10BB4800696D697420696E7075747300496E7665E5
:10BB580072742070726F626520696E7075747300FC
:10BB680044657072656361746564000047616E675F
:10BB78006564206178657320646972656374696FB0
:10BB88006E20696E766572740000000050574D2073
:10BB98007370696E646C65206F7074696F6E730082
:10BBA800456E61626C652C52504D20636F6E7472E5
:10BBB8006F6C73207370696E646C6520656E61626A
:10BBC8006C65207369676E616C2C44697361626C83
:10BBD80065206C61736572206D6F646520636170A8
:10BBE8006162696C69747900537461747573207249
:10BBF80065706F7274206F7074696F6E73000000E7
:10BC0800506F736974696F6E20696E206D61636827
:10BC1800696E6520636F6F7264696E6174652C422A
:10BC280075666665722073746174652C4C696E65FF
:10BC3800206E756D626572732C46656564202620DA
:10BC480073706565642C50696E2073746174652C1B
:10BC5800576F726B20636F6F7264696E61746520D1
:10BC68006F66667365742C4F766572726964657366
:10BC78002C50726F626520636F6F7264696E6174B5
:10BC880065732C4275666665722073796E63206FE2
:10BC98006E2057434F206368616E67652C50617250
:10BCA8007365722073746174652C416C61726D20C8
:10BCB8007375627374617475732C52756E20737525
:10BCC800627374617475732C456E61626C6520775C
:10BCD80068656E20686F6D696E6700004A756E63EF
:10BCE80074696F6E20646576696174696F6E0000AF
:10BCF8002323232323302E30303000004172632069
:10BD0800746F6C6572616E63650000005265706FD8
:10BD1800727420696E20696E6368657300000000A4
:10BD2800496E7665727420636F6E74726F6C2069E9
:10BD38006E70757473000000496E766572742063C6
:10BD48006F6F6C616E74206F75747075747300001A
:10BD5800496E76657274207370696E646C652073C1
:10BD680069676E616C73000050756C6C7570206447
:10BD7800697361626C6520636F6E74726F6C2069A1
:10BD88006E7075747300000050756C6C757020646B
:10BD9800697361626C65206C696D697420696E7085
:10BDA8007574730050756C6C75702064697361628A
:10BDB8006C652070726F626520696E7075747300AF
:10BDC800536F6674206C696D69747320656E616267
:10BDD8006C65000048617264206C696D6974732039
:10BDE800656E61626C650000456E61626C652C531E
:10BDF8007472696374206D6F64652C446973616241
:10BE08006C6520666F7220726F7461727920617838
:10BE180065730000486F6D696E67206379636C65B0
:10BE280000000000486F6D696E6720646972656381
:10BE380074696F6E20696E7665727400486F6D69FB
:10BE48006E67206C6F636174652066656564207237
:10BE5800617465002323232323302E300000000063
:10BE6800486F6D696E6720736561726368207365DA
:10BE7800656B207261746500486F6D696E67207329
:10BE88007769746368206465626F756E63652064A2
:10BE9800656C61790000000023233000486F6D69EC
:10BEA8006E67207377697463682070756C6C2D6F8A
:10BEB80066662064697374616E6365004737332072
:10BEC800526574726163742064697374616E63652A
:10BED8000000000050756C73652064656C61790022
:10BEE8004D6178696D756D207370696E646C65203D
:10BEF800737065656400000052504D004D696E69AD
:10BF08006D756D207370696E646C652073706565FE
:10BF1800640000004D6F6465206F66206F70657265
:10BF28006174696F6E0000004E6F726D616C2C4C0D
:10BF380061736572206D6F64652C4C61746865204F
:10BF48006D6F6465000000005370696E646C652055
:10BF580050574D206672657175656E6379000000F3
:10BF6800487A000023232323233000005370696E8E
:10BF7800646C652050574D206F66662076616C753D
:10BF88006500000070657263656E74002323302EAF
:10BF980030000000313030005370696E646C6520E9
:10BFA80050574D206D696E2076616C7565000000F4
:10BFB8005370696E646C652050574D206D61782010
:10BFC80076616C75650000005374657070657273F6
:10BFD80020746F206B65657020656E61626C6564A6
:10BFE800000000005370696E646C652070756C7396
:10BFF800657320706572207265766F6C7574696FF1
:10C008006E202850505229002323233000000000BE
:10C01800456E61626C65206C656761637920525476
:10C0280020636F6D6D616E64730000004C696D690B
:10C0380074206A6F6720636F6D6D616E64730000B2
:10C048005061726B696E67206379636C65000000EC
:10C05800456E61626C652C446561637469766174D0
:10C06800652075706F6E20696E69742C456E61620B
:10C078006C65207061726B696E67206F766572728D
:10C0880069646520636F6E74726F6C005061726BC7
:10C09800696E67206178697300000000582C592C7C
:10C0A8005A000000486F6D696E6720706173736590
:10C0B80073000000313238004178657320686F6D75
:10C0C800696E672C206669727374207061737300DF
:10C0D8004178657320686F6D696E672C207365639E
:10C0E8006F6E64207061737300000000417865739F
:10C0F80020686F6D696E672C20746869726420709F
:10C10800617373004178657320686F6D696E672C81
:10C1180020666F7572746820706173730000000088
:10C128004178657320686F6D696E672C2066696653
:10C1380074682070617373004178657320686F6D4F
:10C14800696E672C20736978746820706173730056
:10C158005061726B696E672070756C6C2D6F7574A9
:10C168002064697374616E636500000023232330C3
:10C178002E3000005061726B696E672070756C6CB0
:10C188002D6F757420726174650000005061726BC8
:10C19800696E672074617267657400002D2323231C
:10C1A800302E30002D313030303030005061726B1D
:10C1B800696E67206661737420726174650000009F
:10C1C800526573746F7265206F7665727269646503
:10C1D8007300000053616665747920646F6F722084
:10C1E8006F7074696F6E730049676E6F7265207740
:10C1F80068656E2069646C652C4B65657020636F9B
:10C208006F6C616E74207374617465206F6E206F3B
:10C2180070656E00536C65657020656E61626C6553
:10C22800000000004665656420686F6C64206163E7
:10C2380074696F6E7300000044697361626C6520F5
:10C248006C6173657220647572696E6720686F6CC3
:10C25800642C526573746F7265207370696E646CB8
:10C268006520616E6420636F6F6C616E74207374F7
:10C27800617465206F6E20726573756D65000000CE
:10C28800466F72636520696E697420616C61726DB6
:10C298000000000050726F62696E67206F707469E9
:10C2A8006F6E73005370696E646C652073796E638A
:10C2B80020502D6761696E00232323302E303030E3
:10C2C800000000005370696E646C652073796E63BA
:10C2D80020492D6761696E005370696E646C652032
:10C2E80073796E6320442D6761696E005370696EBF
:10C2F800646C652073796E6320504944206D6178C1
:10C308002049206572726F72000000002D61786903
:10C31800732074726176656C207265736F6C7574C6
:10C32800696F6E002323232323302E3030302323DC
:10C33800000000002D61786973206D6178696D7562
:10C348006D207261746500002D61786973206163E6
:10C3580063656C65726174696F6E00002D61786940
:10C3680073206D6178696D756D2074726176656C86
:10C37800000000002D61786973206475616C20618C
:10C38800786973206F666673657400002D302E30EF
:10C39800303000002D3130002D6178697320686FCE
:10C3A8006D696E67206C6F6361746520666565648E
:10C3B80020726174650000002D6178697320686FD0
:10C3C8006D696E6720736561726368207365656B5C
:10C3D80020726174650000005370696E646C65209A
:10C3E800617420737065656420746F6C6572616E2A
:10C3F80063650000546F6F6C206368616E67652029
:10C408006D6F6465000000004E6F726D616C2C4D9D
:10C41800616E75616C20746F756368206F66662C39
:10C428004D616E75616C20746F756368206F666608
:10C438002040204735392E332C4175746F6D617457
:10C44800696320746F756368206F666620402047B3
:10C4580035392E332C49676E6F7265204D360000D2
:10C46800546F6F6C206368616E67652070726F62CD
:10C47800696E672064697374616E6365000000000B
:10C48800546F6F6C206368616E6765206C6F6361C1
:10C49800746520666565642072617465000000003B
:10C4A800546F6F6C206368616E6765207365617295
:10C4B8006368207365656B20726174650000000015
:10C4C800546F6F6C206368616E67652070726F626D
:10C4D800652070756C6C2D6F6666207261746500DE
:10C4E800546F6F6C206368616E6765206F70746944
:10C4F8006F6E7300526573746F726520706F736925
:10C5080074696F6E206166746572204D362C4368BD
:10C51800616E676520746F6F6C20617420473330DB
:10C528002C466173742070726F62652070756C6C34
:10C53800206F6666000000004475616C20617869B0
:10C5480073206C656E677468206661696C00000012
:10C558004475616C2061786973206C656E677468D6
:10C56800206661696C206D696E0000004475616C1D
:10C578002061786973206C656E67746820666169EC
:10C588006C206D617800000044697361626C6520FD
:10C598004739322070657273697374656E6365001C
:10C5A800526F746172792061786573005370696E97
:10C5B800646C65206F6E2064656C61790000000012
:10C5C800302E3500436F6F6C616E74206F6E20647F
:10C5D800656C61790000000044656661756C7420C3
:10C5E8007370696E646C6500506C616E6E65722064
:10C5F80062756666657220626C6F636B730000001B
:10C6080031303030000000004175746F7265706F12
:10C61800727420696E74657276616C006D730000C7
:10C62800556E6C6F636B20726571756972656420F5
:10C63800616674657220452D53746F7000000000A8
:10C648004B65657020746F6F6C206E756D626572D6
:10C65800206F766572207265626F6F74000000004B
:10C668004C6F636B20636F6F7264696E61746520D1
:10C6780073797374656D73004735392E312C4735DE
:10C68800392E322C4735392E33000000456E636F42
:10C69800646572207370696E646C650046617374BA
:10C6A80020726F7461727920676F20746F2047322F
:10C6B800380000005370696E646C65206F666620F0
:10C6C80064656C617900000046696C652073797354
:10C6D80074656D73206F7074696F6E73000000006D
:10C6E800496E7665727420686F6D6520696E707525
:10C6F800747300004D6F746F72207761726E696E8B
:10C708006720696E7075747320656E61626C650070
:10C71800496E76657274206D6F746F7220776172DE
:10C728006E696E6720696E70757473004D6F746FF3
:10C7380072206661756C7420696E707574732065FB
:10C748006E61626C65000000496E76657274206DDA
:10C758006F746F72206661756C7420696E70757481
:10C7680073000000526573657420616374696F6EAD
:10C7780073000000436C65617220686F6D6564200A
:10C7880073746174757320696620706F7369746956
:10C798006F6E20776173206C6F73742C436C6561C6
:10C7A80072206F6666736574732028657863657098
:10C7B80074204739322900005374657070657220FF
:10C7C800656E61626C652064656C617900000000CB
:10C7D80032353000526F6F740000000047656E6597
:10C7E80072616C00436F6E74726F6C207369676E50
:10C7F800616C73004C696D69747300004475616CF9
:10C808002061786973000000436F6F6C616E74007B
:10C818005370696E646C65005370696E646C652052
:10C8280073796E6300000000546F6F6C2063686159
:10C838006E676500486F6D696E67000050726F62C1
:10C84800696E67005061726B696E672F5361666528
:10C85800747920646F6F72004A6F6767696E67004A
:10C8680053746570706572005374657070657220DA
:10C87800647269766572000041786973000000008F
:10C88800582D617869730000592D6178697300002B
:10C898005A2D617869730000412D61786973000031
:10C8A800422D617869730000432D61786973000037
:10C8B8004E554C4C0000000053455249414C205302
:10C8C800545245414D20414354495645000000000B
:10C8D80054454C4E45542053545245414D204143F4
:10C8E8005449564500000000574542534F434B45B5
:10C8F800542053545245414D204143544956450014
:10C90800424C5545544F4F54482053545245414D7D
:10C9180020414354495645006F75747075742073EF
:10C9280074657070657220647269766572207374BC
:10C938006174757300000000656E756D65726174D1
:10C94800652070696E2062696E64696E67730000A5
:10C95800746F67676C6520626C6F636B2064656CCD
:10C96800657465207377697463680000746F67671E
:10C978006C65206F7074696F6E616C2073746F7072
:10C988002073776974636820284D312900000000FE
:10C99800746F67676C652073696E676C6520737464
:10C9A800657070696E67207377697463680000004A
:10C9B8006F757470757420617578696C69617279C6
:10C9C8002070696E20737461746573002452544337
:10C9D800202D206F75747075742063757272656E82
:10C9E800742074696D652E0D0A00000024525443AA
:10C9F8003D3C49534F383630312064617465746961
:10CA08006D653E202D207365742063757272656EA6
:10CA1800742074696D652E0D0A0000002448202DCD
:10CA280020686F6D6520636F6E66696775726564EF
:10CA380020617865732E0D0A0000000024483C61CF
:10CA48007869736C65747465723E202D20686F6D0B
:10CA5800652073696E676C6520617869732E0D0AAD
:10CA680000000000245253543D2A202D2072657383
:10CA7800746F72652F726573657420616C6C2073B6
:10CA8800657474696E67732E0D0A0000245253543E
:10CA98003D24202D20726573746F7265206465666D
:10CAA80061756C742073657474696E67732E0D0AF2
:10CAB80000000000245253543D26202D2072657337
:10CAC800746F72652064726976657220616E642085
:10CAD800706C7567696E2064656661756C74207327
:10CAE800657474696E67732E0D0A000024525354DE
:10CAF8003D23202D207265736574206F666673650B
:10CB0800747320616E6420746F6F6C20646174614B
:10CB18002E0D0A00245253543D23202D2072657394
:10CB28006574206F6666736574732E0D0A000000C5
:10CB3800245352202D207265736574207370696EBA
:10CB4800646C6520656E636F6465722064617461EE
:10CB58002E0D0A00245344202D206F7574707574AF
:10CB6800207370696E646C6520656E636F646572AE
:10CB780020646174612E0D0A0000000048454C5085
:10CB8800000000006F7574707574207061727365B1
:10CB980072207374617465004A000000244A3D3CA9
:10CBA80067636F64653E202D206A6F67206D61633F
:10CBB80068696E6500000000230000006F757470DE
:10CBC8007574206F6666736574732C20746F6F6C50
:10CBD800207461626C652C2070726F62696E6720C8
:10CBE800616E6420686F6D6520706F736974696F1A
:10CBF8006E0D0A24233D3C6E3E202D206F75747007
:10CC080075742076616C756520666F72207061722C
:10CC1800616D65746572203C6E3E0000243C6E3E7A
:10CC2800202D206F75747075742073657474696E27
:10CC380067203C6E3E2076616C75650D0A243C6E5B
:10CC48003E3D3C76616C75653E202D2061737369AD
:10CC5800676E203C76616C75653E20746F20736545
:10CC68007474696E6773203C6E3E0D0A2424202D6F
:10CC7800206F757470757420616C6C2073657474A2
:10CC8800696E672076616C7565730D0A24243D3CD6
:10CC98006E3E202D206F75747075742073657474E2
:10CCA800696E672064657461696C7320666F7220B1
:10CCB80073657474696E67203C6E3E002B0000003B
:10CCC8006F757470757420616C6C20736574746909
:10CCD8006E672076616C75657300000053454400EB
:10CCE800245345443D3C6E3E202D206F757470756D
:10CCF800742073657474696E6773206465736372F6
:10CD0800697074696F6E20666F72207365747469D8
:10CD18006E67203C6E3E00004F000000656E616249
:10CD28006C6520636865636B206D6F64652C203CBF
:10CD380052657365743E20746F20657869740000CD
:10CD4800756E6C6F636B206D616368696E6500005A
:10CD58004858000048590000485A0000484100005F
:10CD68004842000048430000485353007265706F02
:10CD7800727420686F6D696E672073776974636871
:10CD88006573207374617475730000002448454C02
:10CD980050202D206F75747075742068656C702034
:10CDA800746F706963730D0A2448454C50203C74B5
:10CDB8006F7069633E202D206F75747075742068DC
:10CDC800656C7020666F72203C746F7069633E00FA
:10CDD8005350494E444C455300000000656E756D34
:10CDE8006572617465207370696E646C65732C205C
:10CDF80068756D616E207265616461626C650000C2
:10CE08005350494E444C455348000000656E756DBB
:10CE18006572617465207370696E646C65732C202B
:10CE28006D616368696E65207265616461626C65D5
:10CE380000000000534C5000656E74657220736CDE
:10CE4800656570206D6F646500000000544C5200E9
:10CE580073657420746F6F6C206F666673657420D9
:10CE68007265666572656E63650000005450570010
:10CE780070726F626520746F6F6C20706C6174657E
:10CE8800000000006F757470757420737973746591
:10CE98006D20696E666F726D6174696F6E0D0A241C
:10CEA800493D3C737472696E673E202D207365742A
:10CEB800206275696C6420696E666F20737472698C
:10CEC8006E670000492B00006F75747075742065DB
:10CED8007874656E6465642073797374656D206910
:10CEE8006E666F726D6174696F6E00005253540004
:10CEF8006F75747075742073746172747570206CBA
:10CF0800696E6573000000004E3000004E303D3CF5
:10CF180067636F64653E202D2073657420737461A8
:10CF280072747570206C696E652030004E31000097
:10CF38004E313D3C67636F64653E202D20736574F8
:10CF48002073746172747570206C696E652031008D
:10CF580045410000656E756D657261746520616C90
:10CF680061726D730000000045414700656E756D84
:10CF7800657261746520616C61726D732C204772F3
:10CF8800626C20666F726D617474656400000000E5
:10CF980045450000656E756D657261746520737432
:10CFA8006174757320636F646573000045454700BD
:10CFB800656E756D657261746520737461747573DF
:10CFC80020636F6465732C204772626C20666F72F1
:10CFD8006D6174746564000045470000656E756D89
:10CFE80065726174652073657474696E6720677211
:10CFF8006F7570730000000045530000656E756D15
:10D0080065726174652073657474696E6773000076
:10D0180045534700656E756D65726174652073656B
:10D028007474696E67732C204772626C20666F7225
:10D038006D6174746564000045534800656E756DD4
:10D0480065726174652073657474696E67732C20EA
:10D058006772626C48414C20666F726D61747465CA
:10D0680064000000452A0000656E756D6572617484
:10D078006520616C61726D732C20737461747573B3
:10D0880020636F64657320616E64207365747469CE
:10D098006E67730050494E530000000050494E53CC
:10D0A80054415445000000004C4556006F7574709B
:10D0B8007574206C61737420636F6E74726F6C206A
:10D0C8007369676E616C206576656E747300000025
:10D0D8004C494D006F757470757420637572726574
:10D0E8006E74206C696D69742070696E730000003D
:10D0F8005344000053520000534453005254430019
:10D1080044574E4752440000746F67676C6520733C
:10D11800657474696E6720666C61677320666F72E8
:10D1280020646F776E67726164650000486172649D
:10D13800206C696D697420686173206265656E2072
:10D148007472696767657265642E204D61636869EA
:10D158006E6520706F736974696F6E206973206CD7
:10D16800696B656C79206C6F7374206475652074C5
:10D178006F2073756464656E2068616C742E20522C
:10D18800652D686F6D696E672069732068696768C7
:10D198006C79207265636F6D6D656E6465642E00D1
:10D1A800536F6674206C696D697420616C61726D6F
:10D1B8002E20472D636F6465206D6F74696F6E2034
:10D1C8007461726765742065786365656473206D42
:10D1D800616368696E652074726176656C2E204D96
:10D1E800616368696E6520706F736974696F6E201A
:10D1F80072657461696E65642E20416C61726D2080
:10D208006D617920626520736166656C7920756E41
:10D218006C6F636B65642E0052657365742F452DC2
:10D2280073746F70207768696C6520696E206D6F04
:10D2380074696F6E2E204D616368696E6520706F2A
:10D24800736974696F6E206973206C696B656C799A
:10D25800206C6F73742064756520746F2073756417
:10D2680064656E2068616C742E2052652D686F6D40
:10D27800696E6720697320686967686C79207265D0
:10D28800636F6D6D656E6465642E000050726F6229
:10D2980065206661696C2E2050726F626520697323
:10D2A800206E6F7420696E207468652065787065DB
:10D2B8006374656420696E697469616C2073746154
:10D2C8007465206265666F72652073746172746933
:10D2D8006E672070726F6265206379636C65207772
:10D2E80068656E204733382E3220616E64204733DC
:10D2F800382E33206973206E6F74207472696767E3
:10D308006572656420616E64204733382E3420616D
:10D318006E64204733382E3520697320747269672C
:10D3280067657265642E000050726F6265206661E1
:10D33800696C2E2050726F626520646964206E6F7C
:10D348007420636F6E746163742074686520776FEE
:10D35800726B70696563652077697468696E20749B
:10D3680068652070726F6772616D6D656420747294
:10D378006176656C20666F72204733382E322061E3
:10D388006E64204733382E342E000000486F6D69D4
:10D398006E67206661696C2E20546865206163742D
:10D3A80069766520686F6D696E67206379636C655F
:10D3B800207761732072657365742E00486F6D69FC
:10D3C8006E67206661696C2E2053616665747920EA
:10D3D800646F6F7220776173206F70656E6564206B
:10D3E800647572696E6720686F6D696E672063790E
:10D3F800636C652E00000000486F6D696E672066DB
:10D4080061696C2E2050756C6C206F666620747292
:10D418006176656C206661696C656420746F206351
:10D428006C656172206C696D6974207377697463C7
:10D43800682E2054727920696E6372656173696E13
:10D44800672070756C6C2D6F6666207365747469DF
:10D458006E67206F7220636865636B2077697269F5
:10D468006E672E00486F6D696E67206661696C2E65
:10D4780020436F756C64206E6F742066696E64203B
:10D488006C696D697420737769746368207769744F
:10D4980068696E207365617263682064697374617A
:10D4A8006E6365732E2054727920696E63726561AC
:10D4B80073696E67206D61782074726176656C2C73
:10D4C8002064656372656173696E672070756C6C42
:10D4D8002D6F66662064697374616E63652C206FB6
:10D4E8007220636865636B20776972696E672E00C6
:10D4F8004553746F702061737365727465642E2070
:10D50800436C65617220616E642072657365740096
:10D51800486F6D696E672072657175697265642EF2
:10D52800204578656375746520686F6D696E67203E
:10D53800636F6D6D616E64202824482920746F2004
:10D54800636F6E74696E75652E0000004C696D69B5
:10D55800742073776974636820656E6761676564B2
:10D568002E20436C656172206265666F7265206368
:10D578006F6E74696E75696E672E000050726F6207
:10D58800652070726F74656374696F6E2074726958
:10D598006767657265642E20436C656172206265F9
:10D5A800666F726520636F6E74696E75696E672E3B
:10D5B800000000005370696E646C6520617420730C
:10D5C800706565642074696D656F75742E20436C91
:10D5D800656172206265666F726520636F6E74693B
:10D5E8006E75696E672E0000486F6D696E672066FC
:10D5F80061696C2E20436F756C64206E6F742066B1
:10D60800696E64207365636F6E64206C696D6974FC
:10D618002073776974636820666F72206175746F10
:10D628002073717561726564206178697320776908
:10D638007468696E207365617263682064697374C5
:10D64800616E6365732E2054727920696E6372650A
:10D658006173696E67206D61782074726176656C9C
:10D668002C2064656372656173696E672070756CE0
:10D678006C2D6F66662064697374616E63652C2017
:10D688006F7220636865636B20776972696E672EB5
:10D6980000000000506F776572206F6E2073656C14
:10D6A80066746573742028504F5329206661696C2D
:10D6B80065642E004D6F746F72206661756C742EF0
:10D6C80000000000486F6D696E67206661696C2E06
:10D6D8002042616420636F6E666967757261746960
:10D6E8006F6E2E00472D636F646520776F726473C9
:10D6F80020636F6E73697374206F662061206C6598
:10D708007474657220616E6420612076616C756541
:10D718002E204C657474657220776173206E6F7467
:10D7280020666F756E642E004D697373696E67208D
:10D7380074686520657870656374656420472D6337
:10D748006F646520776F72642076616C7565206FF1
:10D7580072206E756D657269632076616C756520DF
:10D76800666F726D6174206973206E6F74207661C4
:10D778006C69642E000000002724272073797374D5
:10D78800656D20636F6D6D616E6420776173206EC7
:10D798006F74207265636F676E697A6564206F7253
:10D7A80020737570706F727465642E004E656761C2
:10D7B800746976652076616C756520726563656944
:10D7C80076656420666F7220616E20657870656387
:10D7D80074656420706F7369746976652076616C0E
:10D7E80075652E00486F6D696E67206379636C6597
:10D7F800206661696C7572652E20486F6D696E6769
:10D80800206973206E6F7420636F6E666967757226
:10D818006564207669612073657474696E67732E18
:10D8280000000000537465702070756C7365207477
:10D83800696D65206D757374206265206772656116
:10D84800746572206F7220657175616C20746F2029
:10D8580032206D6963726F7365636F6E64732E0037
:10D86800412073657474696E677320726561642002
:10D878006661696C65642E204175746F2D726573DD
:10D88800746F72696E67206166666563746564208B
:10D8980073657474696E677320746F20646566615C
:10D8A800756C742076616C7565732E0027242720AB
:10D8B800636F6D6D616E642063616E6E6F7420625C
:10D8C80065207573656420756E6C65737320636F6E
:10D8D8006E74726F6C6C6572207374617465206904
:10D8E800732049444C452E20456E7375726573202C
:10D8F800736D6F6F7468206F7065726174696F6E95
:10D9080020647572696E672061206A6F622E00005C
:10D91800472D636F646520636F6D6D616E6473205E
:10D92800617265206C6F636B6564206F7574206429
:10D938007572696E6720616C61726D206F72206A02
:10D948006F672073746174652E000000536F6674EE
:10D95800206C696D6974732063616E6E6F742062E8
:10D968006520656E61626C656420776974686F759F
:10D978007420686F6D696E6720616C736F20656EC7
:10D9880061626C65642E00004D6178206368617285
:10D9980061637465727320706572206C696E6520AE
:10D9A80065786365656465642E205265636569768C
:10D9B800656420636F6D6D616E64206C696E6520AF
:10D9C800776173206E6F742065786563757465641C
:10D9D8002E0000002724272073657474696E672061
:10D9E80076616C7565206361757365207468652060
:10D9F80073746570207261746520746F2065786334
:10DA080065656420746865206D6178696D756D2041
:10DA1800737570706F727465642E0000536166656B
:10DA2800747920646F6F72206465746563746564CB
:10DA3800206173206F70656E656420616E64206478
:10DA48006F6F7220737461746520696E697469619F
:10DA58007465642E000000004275696C6420696E6C
:10DA6800666F206F722073746172747570206C69B0
:10DA78006E65206578636565646564206C696E65AC
:10DA8800206C656E677468206C696D69742E204C13
:10DA9800696E65206E6F742073746F7265642E00F2
:10DAA8004A6F67207461726765742065786365657D
:10DAB8006473206D616368696E6520747261766550
:10DAC8006C2E204A6F6720636F6D6D616E642068ED
:10DAD8006173206265656E2069676E6F7265642E7A
:10DAE800000000004A6F6720636F6D6D616E6420EF
:10DAF800686173206E6F20273D27206F7220636F47
:10DB08006E7461696E732070726F6869626974659A
:10DB18006420672D636F64652E0000004C61736597
:10DB280072206D6F64652072657175697265732006
:10DB380050574D206F75747075742E00526573655B
:10DB48007420617373657274656400004E6F6E2093
:10DB5800706F7369746976652076616C756500000D
:10DB6800556E737570706F72746564206F7220697A
:10DB78006E76616C696420672D636F646520636FDE
:10DB88006D6D616E6420666F756E6420696E2062CB
:10DB98006C6F636B2E0000004D6F726520746861B6
:10DBA8006E206F6E6520672D636F646520636F6DEF
:10DBB8006D616E642066726F6D2073616D65206D96
:10DBC8006F64616C2067726F757020666F756E6424
:10DBD80020696E20626C6F636B2E00004665656479
:10DBE800207261746520686173206E6F7420796596
:10DBF80074206265656E20736574206F7220697386
:10DC080020756E646566696E65642E00472D636FC6
:10DC1800646520636F6D6D616E6420696E20626C4F
:10DC28006F636B20726571756972657320616E2010
:10DC3800696E74656765722076616C75652E000083
:10DC48004D6F7265207468616E206F6E6520672D58
:10DC5800636F646520636F6D6D616E6420746861C5
:10DC680074207265717569726573206178697320B3
:10DC7800776F72647320666F756E6420696E2062B8
:10DC88006C6F636B2E00000052657065617465648B
:10DC980020672D636F646520776F726420666F75E7
:10DCA8006E6420696E20626C6F636B2E000000004A
:10DCB8004E6F206178697320776F72647320666F86
:10DCC800756E6420696E20626C6F636B20666F727C
:10DCD80020672D636F646520636F6D6D616E6420CE
:10DCE8006F722063757272656E74206D6F64616CFB
:10DCF8002073746174652077686963682072657140
:10DD08007569726573207468656D2E004C696E655F
:10DD1800206E756D6265722076616C756520697319
:10DD280020696E76616C69642E000000472D636F70
:10DD3800646520636F6D6D616E64206973206D6921
:10DD48007373696E672061207265717569726564A5
:10DD58002076616C756520776F72642E0000000074
:10DD68004735392E7820776F726B20636F6F726436
:10DD7800696E6174652073797374656D732061725F
:10DD880065206E6F7420737570706F727465642E81
:10DD980000000000473533206F6E6C7920616C6C91
:10DDA8006F776564207769746820473020616E64F6
:10DDB800204731206D6F74696F6E206D6F646573D5
:10DDC8002E0000004178697320776F7264732066B3
:10DDD8006F756E6420696E20626C6F636B20776864
:10DDE800656E206E6F20636F6D6D616E64206F725B
:10DDF8002063757272656E74206D6F64616C207338
:10DE0800746174652075736573207468656D2E0080
:10DE1800473220616E642047332061726373207239
:10DE2800657175697265206174206C656173742011
:10DE38006F6E6520696E2D706C616E652061786902
:10DE48007320776F72642E004D6F74696F6E206354
:10DE58006F6D6D616E64207461726765742069739B
:10DE680020696E76616C69642E000000417263203F
:10DE78007261646975732076616C756520697320B9
:10DE8800696E76616C69642E00000000473220617B
:10DE98006E642047332061726373207265717569FF
:10DEA8007265206174206C65617374206F6E6520E3
:10DEB800696E2D706C616E65206F6666736574207F
:10DEC800776F72642E000000556E75736564207656
:10DED800616C756520776F72647320666F756E6408
:10DEE80020696E20626C6F636B2E00004734332EFE
:10DEF800312064796E616D696320746F6F6C206C7A
:10DF0800656E677468206F66667365742069732030
:10DF18006E6F742061737369676E656420746F2017
:10DF2800636F6E6669677572656420746F6F6C20C5
:10DF38006C656E67746820617869732E0000000054
:10DF4800546F6F6C206E756D6265722067726561C3
:10DF5800746572207468616E206D617820737570C5
:10DF6800706F727465642076616C7565206F7220BD
:10DF7800756E646566696E656420746F6F6C207376
:10DF8800656C65637465642E0000000056616C75ED
:10DF980065206F7574206F662072616E67652E004C
:10DFA800472D636F646520636F6D6D616E64206ECD
:10DFB8006F7420616C6C6F776564207768656E207C
:10DFC800746F6F6C206368616E6765206973207079
:10DFD800656E64696E672E005370696E646C6520A7
:10DFE8006E6F742072756E6E696E67207768656EE5
:10DFF800206D6F74696F6E20636F6D6D616E6465FF
:10E008006420696E20435353206F72207370696EC9
:10E01800646C652073796E63206D6F64652E0000F3
:10E02800506C616E65206D757374206265205A5856
:10E0380020666F7220746872656164696E672E006D
:10E048004D61782E2066656564207261746520656F
:10E05800786365656465642E0000000052504D20A9
:10E068006F7574206F662072616E67652E00000000
:10E078004F6E6C7920686F6D696E672069732061D7
:10E088006C6C6F776564207768656E2061206C69B9
:10E098006D69742073776974636820697320656E8D
:10E0A80067616765642E0000486F6D65206D616368
:10E0B80068696E6520746F20636F6E74696E75652C
:10E0C8002E0000004154433A2063757272656E74E5
:10E0D80020746F6F6C206973206E6F742073657481
:10E0E8002E205365742063757272656E7420746F88
:10E0F8006F6C2077697468204D36312E000000005F
:10E1080056616C756520776F726420636F6E666CFC
:10E118006963742E00000000506F776572206F6E7F
:10E128002073656C662074657374206661696C651C
:10E13800642E2041206861726420726573657420C2
:10E1480069732072657175697265642E000000003C
:10E15800456D657267656E63792073746F702061B1
:10E1680063746976652E000053657474696E672060
:10E1780076616C7565206973206F7574206F6620F1
:10E1880072616E67652E000053657474696E67204E
:10E198006973206E6F7420617661696C61626C6569
:10E1A8002C20706F737369626C79206475652074B4
:10E1B8006F206C696D697465642064726976657234
:10E1C80020737570706F72742E000000526574723F
:10E1D80061637420706F736974696F6E206973204E
:10E1E8006C657373207468616E206472696C6C204E
:10E1F80064657074682E0000417474656D707420D5
:10E20800746F20686F6D652074776F206175746F07
:10E21800207371756172656420617865732061741B
:10E22800207468652073616D652074696D652E00C2
:10E23800436F6F7264696E61746520737973746576
:10E248006D206973206C6F636B65642E000000009D
:10E25800556E65787065637465642066696C6520C1
:10E2680064656D6172636174696F6E2E00000000F1
:10E27800506F7274206973206E6F742061766169C3
:10E288006C61626C6500000041757468656E746944
:10E29800636174696F6E2072657175697265642E49
:10E2A800000000004163636573732064656E6965EF
:10E2B800642E00004E6F7420616C6C6F776564206B
:10E2C8007768696C6520637269746963616C20653D
:10E2D80076656E74206973206163746976652E00B3
:10E2E800436F756C64206E6F74206F70656E206666
:10E2F800696C652E000000005573657220646566C0
:10E30800696E6564206572726F72206F63637572DF
:10E3180065642E005F766D616A6F72005F766D6965
:10E328006E6F72005F6C696E650000005F6D6F74E0
:10E33800696F6E5F6D6F6465000000005F706C61EF
:10E348006E6500005F63636F6D7000005F6D6574DC
:10E35800726963005F696D70657269616C000000C5
:10E368005F6162736F6C7574650000005F696E634E
:10E3780072656D656E74616C000000005F696E7691
:10E38800657273655F74696D650000005F756E691D
:10E3980074735F7065725F6D696E757465000000F7
:10E3A8005F756E6974735F7065725F726576000081
:10E3B8005F636F6F72645F73797374656D000000DB
:10E3C8005F746F6F6C5F6F66667365740000000042
:10E3D8005F726574726163745F725F706C616E65A1
:10E3E800000000005F726574726163745F6F6C6433
:10E3F8005F7A00005F7370696E646C655F72706D40
:10E408005F6D6F64650000005F7370696E646C65B2
:10E418005F6373735F6D6F64650000005F696A6BAB
:10E428005F6162736F6C7574655F6D6F6465000022
:10E438005F6C617468655F6469616D657465725F5E
:10E448006D6F6465000000005F6C617468655F72E1
:10E4580061646975735F6D6F646500005F737069EF
:10E468006E646C655F6F6E005F7370696E646C6577
:10E478005F6377005F6D6973740000005F666C6F9F
:10E488006F6400005F73706565645F6F76657272B4
:10E49800696465005F666565645F6F766572726959
:10E4A800646500005F61646170746976655F6665C4
:10E4B800656400005F666565645F686F6C64000092
:10E4C8005F666565640000005F72706D00000000A3
:10E4D8005F6162735F7800005F6162735F7900005B
:10E4E8005F6162735F7A00005F6162735F61000061
:10E4F8005F6162735F6200005F6162735F63000067
:10E508005F6162735F7500005F6162735F76000030
:10E518005F6162735F7700005F63757272656E7426
:10E528005F746F6F6C0000005F63757272656E7464
:10E538005F706F636B6574005F73656C65637465AA
:10E54800645F746F6F6C00005F73656C65637465FE
:10E55800645F706F636B6574000000005F63616CDB
:10E568006C5F6C6576656C005F70726F62655F7377
:10E5780074617465000000005F746F6F6C7365747C
:10E588007465725F73746174650000005F686F6D15
:10E5980065645F7374617465000000005F686F6D87
:10E5A80065645F61786573005F746F6F6C5F746139
:10E5B800626C655F73697A650000000041757820B8
:10E5C800000000002C41757820000000496E766537
:10E5D800727420494F506F727420696E707574732D
:10E5E8002E000000496E7665727420494F506F7294
:10E5F80074206F75747075742E000000496E76650E
:10E60800727420492F4F20506F727420696E707594
:10E6180074730000496E7665727420492F4F20503C
:10E628006F7274206F7574707574730041757820FB
:10E63800706F7274730000000A2A2A2A2050414E13
:10E648004943202A2A2A0A004E6F207370696E6C8B
:10E658006F636B732061726520617661696C6162BA
:10E668006C650000486172647761726520616C6155
:10E67800726D20256420616C726561647920636C19
:10E6880061696D6564000000556E68616E646C6553
:10E69800642049525120307825780A006570202579
:10E6A8003032582077617320616C7265616479201B
:10E6B800617661696C61626C6500000043616E2778
:10E6C8007420636F6E74696E756520786665722054
:10E6D8006F6E20696E6163746976652065702025A8
:10E6E8003032580048617264206173736572740037
:10E6F8004F7574206F66206D656D6F72790000002C
:10E7080052656C6561736500626F6F74325F773252
:10E7180035713038300000007069636F32000000D6
:10E728004465632020322032303235004E6F20504D
:10E73800494F207374617465206D616368696E6503
:10E74800732061726520617661696C61626C650035
:10E75800302E30340000000050574D20736572761B
:10E768006F0000005B536572766F200020706F7336
:10E778006974696F6E3A2000206465677265657315
:10E788005D0D0A0050574D20536572766F2030009A
:10E7980050574D20536572766F20310050574D20E9
:10E7A800536572766F20320050574D20536572764C
:10E7B8006F20330050574D20536572766F20340018
:10E7C80050574D20536572766F2035004D323831E1
:10E7D800206469676974616C206F757400000000BB
:10E7E80041786973206661756C74206D6F6E697409
:10E7F8006F7200007C8102108D040010010000007F
:10E808008081021014E8021007FF0100A080286030
:10E818004200286008604500086000002CE80210EB
:10E8280006FF0100808027A041A04020840000C08E
:10E8380000000000C99C0110F1160010B519001065
:10E84800000000007D1700101518001015170010A3
:10E8580051170010390300202118001071180010FA
:10E86800251A0010FD170010D5160010D11700103A
:10E87800391700105D180010311800100000000052
:10E8880000000000C90000001000000000000000A7
:10E89800000000000200000098810210C80000007B
:10E8A800100000000000000001000000000000004F
:10E8B8009881021000000200911B0010E91A001054
:10E8C800F11E001000000000851C0010591B0010EC
:10E8D800351B0010091B0010151B0010651B0010CC
:10E8E800851B00109D1E001000000000CD1A0010AE
:10E8F8000000000000000000000000000000000010
:10E90800000000000000000000000000A8810210C4
:10E91800B8810210B0620020C081021009024B00C9
:10E92800020100A07D080B00020202000009040099
:10E938000001020200040524002001052401000151
:10E9480004240206052406000107058103080010B7
:10E9580009040100020A0000000705020240000045
:10E96800070582024000000012010002EF02014088
:10E978008A2E0A00000101020301000090490020CC
:10E98800F524001059250010A123001019250010A6
:10E998009921001000000000F4810210010000001D
:10E9A800FC8102100200000008820210030000002F
:10E9B80054C8021004000000148202100500000070
:10E9C80024820210060000003482021007000000B2
:10E9D800448202100800000058820210090000005A
:10E9E800648202100A000000748202100B0000000A
:10E9F800848202100D000000948202100E000000B4
:10EA0800A88202100F000000B0820210100000005F
:10EA1800C082021011000000D0820210170000000E
:10EA2800E082021018000000F082021019000000B5
:10EA3800008302101A000000108302101B0000005F
:10EA4800188302101C0000002C8302101D00000017
:10EA5800388302101E000000508302101F000000BF
:10EA680060830210200000006C8302102100000067
:10EA78007C8302102200000088830210230000001B
:10EA880090830210240000009C83021025000000DF
:10EA9800A883021026000000B88302102700000097
:10EAA800C483021028000000CC8302102900000053
:10EAB800D88302102A000000E48302102B00000013
:10EAC800F48302102C000000008402102D000000C6
:10EAD800088402103D000000148402103E0000006B
:10EAE800248402103F00000034840210400000001B
:10EAF80040840210410000004C84021042000000D3
:10EB0800588402104300000064840210440000008E
:10EB180070840210450000007C840210460000004A
:10EB28008884021047000000948402104800000006
:10EB3800A084021049000000AC8402104A000000C2
:10EB4800B88402104B000000C48402104C0000007E
:10EB5800D08402104D000000DC8402104E0000003A
:10EB6800E88402104F000000F484021050000000F6
:10EB780000850210510000000C85021052000000B0
:10EB8800188502105300000024850210540000006C
:10EB980030850210550000003C8502105600000028
:10EBA80048850210570000005485021058000000E4
:10EBB8006485021059000000748502105A00000094
:10EBC800848502105B000000948502105C00000040
:10EBD800A48502105D000000B48502105E000000EC
:10EBE800C48502105F000000D48502106000000098
:10EBF800DC85021061000000E4850210620000005C
:10EC0800EC85021063000000F48502106400000027
:10EC1800FC8502106A000000048602106B000000E8
:10EC28000C8602106C000000148602106D000000B3
:10EC38001C8602106E000000248602106F0000007F
:10EC48002C8602107E000000348602107F0000002F
:10EC580044860210800000005486021081000000E3
:10EC680060860210820000006C8602108800000096
:10EC7800788602106500000084860210700000008B
:10EC88008C86021083000000948602102E0000007B
:10EC9800A08602102F000000AC8602103000000091
:10ECA800B886021012000000C0860210660000003C
:10ECB800D086021071000000D8860210840000007F
:10ECC800E086021089000000EC8602103100000086
:10ECD800F88602103200000004870210330000009A
:10ECE8001087021013000000188702106700000048
:10ECF800288702107200000030870210850000008B
:10ED080038870210340000004487021035000000E4
:10ED180050870210360000005C87021014000000C3
:10ED280064870210750000007487021076000000E6
:10ED380080870210770000008C870210780000009E
:10ED48009887021079000000A48702107A0000005A
:10ED5800B08702107B000000BC8702107C00000016
:10ED6800C88702107D000000D48702108A000000C6
:10ED7800E08702108B000000EC8702108C00000076
:10ED8800008802108D0000000C8802108E00000020
:10ED98001C8802108F0000003088021090000000CC
:10EDA800408802109100000048880210920000007C
:10EDB80050880210930000005C8802109400000044
:10EDC8006888021095000000748802109600000000
:10EDD80080880210970000008C88021098000000BC
:10EDE8009888021099000000A48802109A00000078
:10EDF800B08802109B000000BC8802109C00000034
:10EE0800C88802109D000000D48802109E000000EF
:10EE1800E08802109F000000EC880210A0000000AB
:10EE2800F8880210A100000004890210A100000067
:10EE380010890210A20000001C890210A300000023
:10EE480028890210A400000034890210A5000000DF
:10EE580040890210A60000004C890210A70000009B
:10EE680058890210A800000064890210AA00000056
:10EE780070890210AB00000084890210AC00000009
:10EE880098890210AD000000AC890210AE000000A5
:10EE9800C0890210AF000000D4890210B000000041
:10EEA800E8890210B1000000FC890210B2000000DD
:10EEB800108A0210B3000000148A0210B400000087
:10EEC8001C8A0210B5000000248A0210B600000057
:10EED8002C8A0210B7000000348A0210B800000023
:10EEE800448A0210B9000000588A0210BA000000D3
:10EEF800688A0210BB000000788A0210BC0000007B
:10EF0800808A0210BD000000888A0210BE0000003E
:10EF1800908A0210BF000000988A0210C00000000A
:10EF2800A48A0210C1000000B08A0210C2000000CA
:10EF3800C08A0210C3000000CC8A0210C40000007E
:10EF4800D48A0210C5000000DC8A0210C600000046
:10EF5800E48A0210C7000000F48A0210C80000000A
:10EF6800008B0210C9000000048B0210CA000000C8
:10EF7800088B0210CB0000000C8B0210CC000000A4
:10EF8800148B0210CD0000001C8B0210CE00000074
:10EF9800288B0210CF000000348B0210D000000034
:10EFA8003C8B0210D1000000448B0210D2000000FC
:10EFB8004C8B0210D3000000548B0210D4000000C8
:10EFC8005C8B0210D5000000648B0210D600000094
:10EFD8006C8B0210D7000000748B02100100000037
:10EFE80008020200220202013C0202025602020347
:10EFF800700202048A020205A4020206BE02020787
:10F00800D8020208F20202090C03020A2603020BC4
:10F01800410303007F030301BE0304000000000056
:10F028000000000000000000784A002004000000F2
:10F038007C4A002004000000804A002004000000F0
:10F048003C4A002004000000404A00200400000060
:10F05800444A002004000000304A00200400000058
:10F06800344A002004000000384A00200400000050
:10F078000000000000000000AC4A00200200000070
:10F0880000000000000000004C4A002004000000BE
:10F098000000000000000000000000000000000068
:10F0A8000000000000000000544A00200400000096
:10F0B800584A0020040000005C4A002004000000B8
:10F0C800B04A00200200000000000000000000001C
:10F0D8000000000000000000000000000000000028
:10F0E8006C4A002004000000704A00200400000060
:10F0F800744A00200400000000000000749102100F
:10F1080001000000D48B021002000000E88B0210FE
:10F1180003000000FC8B021004000000108C021099
:10F1280005000000188C021006000000248C021054
:10F1380007000000308C021008000000408C02100C
:10F1480009000000488C02100A0000005C8C0210C4
:10F158000B000000708C02100C0000007C8C021068
:10F168000D000000AC8C02100E000000C48C0210D0
:10F178000F000000E48C021010000000108D021037
:10F18800110000003C8D0210120000005C8D02107E
:10F1980013000000988D021014020000B48D0210B4
:10F1A80015000000D88D02101600000040C602109D
:10F1B80017000000F48D02101F1C1F1E1F1E1F1FAA
:10F1C8001E1F1E1F8887021094870210A8C00210F5
:10F1D800108B0210288A0210C88102100000003F1C
:10F1E800CDCC4C3D0AD7A33B6F12033A17B7513821
:10F1F800ACC5A736BD37063595BF563377CCAB318E
:10F208005F700930FFE65B2E2C970210C48F021046
:10F21800288A0210188A021030970210EC96021001
:10F22800C8810210FC8E0210FC8E02103497021066
:10F2380050930210FC8E0210FC8E0210FC8E0210FD
:10F24800FC8E0210FC8E0210FC8E0210FC8E021046
:10F2580038970210FC8E0210FC8E0210FC8E0210F1
:10F26800FC8E0210FC8E0210FC8E0210FC8E021026
:10F27800FC8E0210FC8E0210FC8E0210FC8E021016
:10F28800FC8E0210FC8E0210FC8E0210108B0210F5
:10F29800524853444C54454F464D2051202050204D
:10F2A8000000000021090110450901109117011003
:10F2B800D5160110D1170110051801107C000000A7
:10F2C80000000000949702100100000074980210DA
:10F2D80002000000EC9802100300000014990210CC
:10F2E800040000004099021005000000F499021083
:10F2F800060000001C9A021009000000409A021043
:10F3080008000000E49A02100A000000849B021022
:10F318000B000000809C02100C000000D89C02101A
:10F328000D0000004C9D02100E000000A89D021068
:10F338000F000000489E0210100000007C9E021082
:10F3480011000000C49E0210120000008C9F0210E1
:10F3580013000000F09F02101400000054A00210D7
:10F3680015000000B4A002101600000054A10210FD
:10F3780017000000ECA202101800000054A30210AD
:10F3880019000000A4A302101A000000F4A3021040
:10F398001B00000040A402101C000000A4A40210DE
:10F3A8001D000000D8A402101E00000038A502109D
:10F3B8001F00000078A502102000000008A6021017
:10F3C8002100000090A6021022000000A8A602104A
:10F3D80023000000D8A602102400000008A702108D
:10F3E8002500000038A702102600000070A70210B0
:10F3F8002700000098A702102800000030A802107B
:10F408002900000068A802102A0000009CA8021029
:10F418002B000000D0A802102C00000004A9021044
:10F428002D00000020A902102E00000040A90210A3
:10F438002F0000005CA90210300000007CA9021017
:10F448003100000098A9021032000000B4A902108F
:10F4580033000000E4A902103400000014AA0210CE
:10F468003500000044AA0210360000006CAA021001
:10F47800370000006CAA02103800000090AA0210A1
:10F4880039000000D4AA02103A00000008AB0210AC
:10F498003B0000004CAB02103C00000084AB0210A3
:10F4A8003D000000B8AB02103E00000014AC021092
:10F4B8003F00000028AC02104000000068AC0210B9
:10F4C8004100000090AC02105A0000007491021034
:10F4D8005B000000749102105C000000749102103F
:10F4E8005F000000F8AC02106400000020AD0210BC
:10F4F800650000004CAD02106E00000074AD0210F3
:10F50800780000009CAD021082000000F0AD0210EF
:10F51800AA00000070AE0210B400000054A302104C
:10F52800BE000000A4A3021054010000B8AE0210EF
:10F5380055010000C0AF02105601000040B2021091
:10F54800570100007CB2021058010000D4B202102A
:10F558005901000028B302105A01000070B30210CC
:10F568005B010000E0B402105C01000018B5021055
:10F578005D01000040B502108001000068B502106E
:10F5880078010000ACB502108801000010B6021026
:10F598008901000068B602108A010000C0B6021096
:10F5A8008B01000054B702108E01000074B70210DE
:10F5B800E10100009CB70210E2010000E0B7021070
:10F5C800E4010000FCB70210E601000054B8021084
:10F5D8001B02000088B80210070200001CB90210C4
:10F5E8001A02000050B902108A020000A8B90210DD
:10F5F8009F020000C8B90210A1020000F0B9021071
:10F60800A402000024BA0210A80200004CBA02109A
:10F6180000002300A4BA0210B4BA021006000000C9
:10F6280060BE0210486A00200000000005000000CB
:10F6380095500110B56301100000000000000000A3
:10F6480001002300C4BA0210D4BA02100B00000053
:10F65800E4BA021000000000ECBA02100400000036
:10F66800AC65002000000000000000000000000061
:10F6780002002300F4BA0210000000000400000099
:10F68800000000000000000000000000040000006E
:10F698009C65002000000000000000000000000041
:10F6A8000300230008BB0210000000000400000053
:10F6B800000000000000000000000000040000003E
:10F6C8009D65002000000000000000000000000010
:10F6D8000400230020BB021000000000040000000A
:10F6E800000000000000000000000000040000000E
:10F6F8009F650020000000000000000000000000DE
:10F708000500030040BB02100000000004000000D8
:10F7180000000000000000000000000004000000DD
:10F72800BF6500200000000000000000000000008D
:10F7380006000C0054BB021000000000010000008D
:10F74800DC2E002000000000000000000500000082
:10F75800555A0110B15E01100D5B01100000000048
:10F768000700060068BB021000000000000000004F
:10F77800000000000000000000000000050000007C
:10F7880025510110B15E01100D5B01100000000051
:10F798000800230074BB02100000000001000000F4
:10F7A800B82C00200000000000000000030000004A
:10F7B800A5500110B15E01100D5B011000000000A2
:10F7C8000900060094BB02100000000002000000BF
:10F7D800A8BB0210000000000000000003000000A9
:10F7E80041510110B15E01100D5B011000000000D5
:10F7F8000A000100F0BB0210000000000100000038
:10F8080008BC021000000000000000000300000017
:10F8180015510110B15E0110000000000000000049
:10F828000B000100E4BC021058970210060000000B
:10F83800F8BC0210000000000000000004000000F6
:10F8480048640020000000000000000000000000E4
:10F858000C00010004BD02105897021006000000B9
:10F86800F8BC0210000000000000000004000000C6
:10F878004C640020000000000000000000000000B0
:10F888000D00010014BD021000000000000000007F
:10F89800000000000000000000000000050000005B
:10F8A800E55A0110B15E01100000000000000000E0
:10F8B8000E00020028BD0210000000000100000038
:10F8C800042D0020000000000000000007000000D8
:10F8D800BD5A0110B15E01100D5B0110000000005F
:10F8E8000F00050040BD02100000000001000000EC
:10F8F800D02C0020000000000000000002000000E2
:10F908003A65002000000000000000000000000030
:10F918001000060058BD02100000000001000000A1
:10F92800DC2C0020000000000000000003000000A4
:10F9380049570110B15E01100D5B01100100000074
:10F948001100020070BD021000000000010000005C
:10F95800042D00200000000000000000030000004B
:10F96800315A0110B15E01100D5B0110000000005A
:10F978001200030090BD0210000000000400000007
:10F98800000000000000000000000000020000006D
:10F99800C06500200000000000000000000000001A
:10F9A80013000C00ACBD02100000000001000000B4
:10F9B800DC2E002000000000000000000500000010
:10F9C800ED590110B15E01100D5B0110000000003F
:10F9D80014000300C8BD0210000000000000000071
:10F9E800000000000000000000000000050000000A
:10F9F80091690110B15E01100000000000000000D4
:10FA080015000300DCBD0210000000000200000029
:10FA1800F0BD021000000000000000000700000018
:10FA2800ED510110B15E011000000000000000005F
:10FA380016000B001CBE02100000000002000000AF
:10FA4800F42D002000000000000000000700000066
:10FA5800716A0110B15E0110000000000000000092
:10FA680017000B002CBE021000000000040000006C
:10FA7800000000000000000000000000040000007A
:10FA880028660020000000000000000000000000C0
:10FA980018000B0044BE0210449702100600000034
:10FAA8005CBE02100000000000000000050000001D
:10FAB800F5520110B56301100000000000000000BD
:10FAC80019000B0068BE02104497021006000000DF
:10FAD8005CBE0210000000000000000005000000ED
:10FAE800F5520110B563011000000000000000008D
:10FAF8001A000B0080BE0210D4BA02100B000000DE
:10FB0800A0BE021000000000000000000400000079
:10FB18002466002000000000000000000000000033
:10FB28001B000B00A4BE021058970210060000002C
:10FB3800F8BC0210000000000000000005000000F2
:10FB4800C5590110B5630110000000000000000055
:10FB58001C000100C4BE02105897021006000000E5
:10FB6800F8BC0210000000000000000002000000C5
:10FB780050640020000000000000000000000000A9
:10FB88001D002300DCBE0210B4BA021006000000FB
:10FB980060BE021000000000488902100200000048
:10FBA800A865002000000000000000000000000020
:10FBB8001E000600E8BE021000BF0210060000008A
:10FBC800F8BC021000000000000000000400000063
:10FBD80050650020000000000D5B011000000000CF
:10FBE8001F00060004BF021000BF0210060000003C
:10FBF800F8BC021000000000000000000400000033
:10FC080054650020000000000D5B0110000000009A
:10FC1800200001001CBF02100000000003000000CB
:10FC280030BF0210000000000000000005000000C6
:10FC380001570110B15E0110000000000000000033
:10FC48002100060050BF021068BF02100600000025
:10FC58006CBF02100000000000000000020000005D
:10FC680058650020000000000D5B01100000000036
:10FC78002200060074BF02108CBF021006000000AC
:10FC880094BF0210000000009CBF02100200000098
:10FC98005C650020000000000D5B01100000000002
:10FCA80023000600A0BF02108CBF0210060000004F
:10FCB80094BF0210000000009CBF02100200000068
:10FCC80060650020000000000D5B011000000000CE
:10FCD80024000600B8BF02108CBF02100600000006
:10FCE80094BF0210000000009CBF02100200000038
:10FCF80064650020000000000D5B0110000000009A
:10FD080025002300D0BF02100000000004000000FE
:10FD180000000000000000000000000003000000D8
:10FD2800D1500110B15E0110000000000000000079
:10FD380026000600ECBF0210000000000B000000C7
:10FD480010C00210000000000000000002000000C7
:10FD580042650020000000000D5B0110010000005A
:10FD68002700010018C00210000000000000000079
:10FD78000000000000000000000000000300000078
:10FD88008D520110B15E011000000000000000005B
:10FD980028000E0034C0021000000000000000001F
:10FDA8000000000000000000000000000300000048
:10FDB80061520110B15E0110000000000000000057
:10FDC80029000D0048C002100000000002000000D9
:10FDD80058C00210000000000000000003000000EE
:10FDE800A9520110B15E01100000000000000000DF
:10FDF8002A000D0094C0021000000000030000005B
:10FE0800A4C0021000000000000000000200000072
:10FE1800C565002000000000000000000000000090
:10FE28002B000B00ACC00210000000000A0000000C
:10FE3800A0BE021064880210BCC0021002000000BC
:10FE480029660020000000000000000000000000FB
:10FE58002C000B00C0C002100000000004000000CD
:10FE68000000000000000000000000000300000087
:10FE7800E9560110B15E011000000000000000000A
:10FE88002D000B00D8C00210000000000400000084
:10FE98000000000000000000000000000300000057
:10FEA800E9560110B15E01100000000000000000DA
:10FEB8002E000B00F4C00210000000000400000037
:10FEC8000000000000000000000000000300000027
:10FED800E9560110B15E01100000000000000000AA
:10FEE8002F000B000CC102100000000004000000ED
:10FEF80000000000000000000000000003000000F7
:10FF0800E9560110B15E0110000000000000000079
:10FF180030000B0028C1021000000000040000009F
:10FF280000000000000000000000000003000000C6
:10FF3800E9560110B15E0110000000000000000049
:10FF480031000B0040C10210000000000400000056
:10FF58000000000000000000000000000300000096
:10FF6800E9560110B15E0110000000000000000019
:10FF780038000D0058C10210589702100600000002
:10FF880074C1021000000000000000000200000020
:10FF9800D465002000000000000000000000000000
:10FFA80039000D007CC102104497021006000000C1
:10FFB80074C10210000000000000000002000000F0
:10FFC800D0650020000000000000000000000000D4
:10FFD8003A000D0094C10210589702100600000064
:10FFE800A4C10210ACC10210000000000200000011
:08FFF800C865002000000000B4
:020000041003E7
:1000000000000000000000003B000D00B4C1021021
:10001000449702100600000074C1021000000000A6
:100020000000000002000000CC650020000000007D
:1000300000000000000000003C000100C8C10210E8
:1000400000000000000000000000000000000000B0
:100050000000000003000000D9520110B15E011041
:1000600000000000000000003D000D00DCC1021097
:100070000000000001000000F0C1021000000000BC
:100080000000000002000000D86500200000000011
:100090000D5B0110000000003E0001001CC20210B8
:1000A0000000000000000000000000000000000050
:1000B000000000000300000045530110B15E011074
:1000C0000D5B0110000000003F0001002CC2021077
:1000D000000000000100000040C20210000000000B
:1000E000000000000300000061530110B15E011028
:1000F00000000000000000004000010088C2021063
:1001000000000000000000000000000000000000EF
:100110000000000003000000DD530110B15E01107B
:10012000000000000000000041000C009CC2021012
:1001300000000000010000009C2D002000000000D5
:100140000000000003000000F9530110B15E01102F
:100150000D5B0110000000005A000700ACC2021045
:100160000000000006000000C0C2021000000000F5
:100170000000000002000000E46500200000000014
:10018000ED710110000000005B000700CCC20210FE
:100190000000000006000000C0C2021000000000C5
:1001A0000000000002000000E865002000000000E0
:1001B000ED710110000000005C000700E0C20210B9
:1001C0000000000006000000C0C202100000000095
:1001D0000000000002000000EC65002000000000AC
:1001E000ED710110000000005F000700F4C2021072
:1001F0000000000006000000C0C202100000000065
:100200000000000002000000F46500200000000073
:10021000ED7101100000000064002B0014C30210F7
:10022000702C0020060000002CC30210000000000B
:10023000000000000500000029660110B5630110F0
:10024000000000000C0000006E002B003CC30210F8
:10025000882C002006000000F8BC021000000000FE
:10026000000000000500000029660110B5630110C0
:10027000000000000C00000078002B0050C30210AA
:100280007C2C002006000000F8BC021000000000DA
:10029000000000000500000029660110B563011090
:1002A000000000000C00000082002B0064C302105C
:1002B000902C002006000000F8BC02100000000096
:1002C000000000000500000029660110B563011060
:1002D000000000000C000000AA002B007CC30210EC
:1002E000589702100600000094C302109CC302102D
:1002F000D08802100300000029660110B5630110C8
:100300000D5B01100C000000B4002B00A0C3021014
:10031000882C00200600000010C002100000000021
:10032000000000000100000029660110B563011003
:100330000D5B01100C000000BE002B00C0C30210BA
:10034000882C00200600000010C0021000000000F1
:10035000000000000100000029660110B5630110D3
:100360000D5B01100C00000054010600E0C30210F8
:100370008CBF02100600000094BF021000000000B5
:100380000000000003000000A1550110B56301103A
:100390000D5B01100000000055010900FCC30210B4
:1003A000000000000300000010C402100000000064
:1003B0000000000003000000B5560110B15E0110FE
:1003C0000D5B0110000000005601090068C4021016
:1003D00058970210060000005CBE021000000000EA
:1003E000000000000300000081540110B5630110FB
:1003F0000D5B0110000000005701090088C40210C5
:1004000044970210060000005CBE021000000000CD
:1004100000000000020000006464002000000000F2
:100420000D5B01100000000058010900A8C4021073
:1004300044970210060000005CBE0210000000009D
:1004400000000000020000006864002000000000BE
:100450000D5B01100000000059010900C8C4021022
:1004600044970210060000005CBE0210000000006D
:1004700000000000020000006C640020000000008A
:100480000D5B0110000000005A010900E8C40210D1
:100490000000000001000000FCC402100000000089
:1004A00000000000030000009D540110B15E011027
:1004B0000D5B0110000000005B01040040C502104C
:1004C0008CBF02100600000094BF02105888021072
:1004D0009CBF02100200000018660020000000000F
:1004E0000D5B0110000000005C01040058C5021003
:1004F0005897021006000000F8BC0210000000002F
:100500000000000002000000206600200000000043
:100510000D5B0110000000005D01040074C50210B5
:100520005897021006000000F8BC021000000000FE
:1005300000000000020000001C6600200000000017
:100540000D5B0110000000008001010090C5021049
:10055000000000000000000000000000000000009B
:100560000000000003000000C1530110B15E011043
:10057000000000000000000078012300A8C5021060
:1005800000000000010000009809031000000000B6
:100590000000000003000000E5540110B15E0110EE
:1005A000000000000000000088010D00B4C502102A
:1005B00030C002100600000060BE0210C8C5021064
:1005C0004889021002000000DC65002000000000E5
:1005D000000000000200000089010D00CCC50210DF
:1005E00030C002100600000060BE0210C8C5021034
:1005F0004889021002000000E065002000000000B1
:1006000000000000020000008A010600B4C50210CC
:1006100030C002100600000060BE0210C8C5021003
:100620004889021003000000A1550110B5630110B4
:100630000D5B0110020000008B010600E0C50210F6
:100640000000000003000000D06600200000000051
:10065000000000000300000075560110B15E01109B
:100660000D5B0110010000008E010100F0C50210B9
:10067000000000000B000000E4BA021038920210E3
:1006800008C60210020000005A64002000000000AA
:100690000000000001000000E101010010C602108E
:1006A00024C602100B00000010C002109CBF0210F4
:1006B00008C6021003000000F5500110B15E0110E1
:1006C0000000000003000000E401010028C6021041
:1006D000000000000000000000000000000000001A
:1006E0000000000003000000A1510110B15E0110E4
:1006F0000D5B011000000000E501090048C6021072
:1007000000000000000000000000000000000000E9
:100710000000000003000000D1510110B15E011083
:100720000000000000000000E601010068C60210A1
:10073000000000000100000080C602100000000060
:100740000000000002000000BC6500200000000066
:1007500000000000000000000702060094C602101E
:100760000000000003000000D06600200000000030
:1007700000000000030000003D560110B15E0110B2
:100780000D5B0110000000001A022300A4C6021035
:1007900000000000010000009809031000000000A4
:1007A0000000000003000000F9540110B15E0110C8
:1007B00000000000000000001B020600BCC6021082
:1007C00030C002100600000060BE0210C8C5021052
:1007D0004889021003000000A1550110B563011003
:1007E0000D5B0110020000008A020100D0C6021059
:1007F0000000000001000000942C00200000000018
:100800000000000002000000BD65002000000000A4
:100810000D5B0110000000009F020300E8C60210FB
:1008200000000000040000000000000000000000C4
:1008300000000000020000003865002000000000F9
:100840000D5B011000000000A1020500CCC50210E4
:1008500030C002100600000060BE0210C8C50210C1
:100860004889021003000000A1550110B563011072
:100870000D5B011002000000E6022300FCC602101E
:100880000000000004000000000000000000000064
:1008900000000000020000003066002000000000A0
:1008A0000D5B011000000000E702230018C70210D2
:1008B0000000000004000000000000000000000034
:1008C000000000000200000031660020000000006F
:1008D0000D5B011000000000E802230034C7021085
:1008E0000000000004000000000000000000000004
:1008F000000000000200000032660020000000003E
:100900000D5B011000000000E902230050C7021037
:1009100000000000040000000000000000000000D3
:10092000000000000200000033660020000000000C
:100930000D5B011000000000A40201006CC7021052
:1009400000000000010000007CC702100000000051
:1009500000000000030000008D530110B15E011083
:100960000000000000000000A8022300C0C7021021
:1009700024C602100B000000A0BE02100000000000
:10098000D8C70210020000003666002000000000F8
:100990000000000000000000412D417869732C42E6
:1009A0002D417869732C432D417869730000000054
:1009B00000000000DCC7021091500110000100008F
:1009C000E4C702109150011000020000ECC70210B1
:1009D0000000000000030000FCC70210000000003F
:1009E0000304000004C8021000000000000500001D
:1009F00010C80210000000000006000018C8021015
:100A0000000000000607000020C8021000000000DF
:100A10000009000030C8021000000000000B0000B8
:100A20003CC8021000000000000C000044C8021086
:100A300000000000000D00004CC802100000000083
:100A4000000E000060C8021000000000002300003B
:100A500068C80210000000000024000070C80210E6
:100A600000000000002A000080C802109150011010
:100A70002A2B000088C80210915001102A2C000077
:100A800090C80210915001102A2D000098C8021041
:100A9000915001102A2E0000A0C8021091500110A0
:100AA0002A2F0000A8C80210915001102A3000001F
:100AB000B0C802109150011017518E4D0AD7233C37
:100AC0006F12033BCDCCCC3D000000000000640061
:100AD00000000000000000000000C8410000484382
:100AE000000048430000F04100007A430000FA4350
:100AF00000A00C47000048C3000000000000FA43BB
:100B00000000C84180CBA44B00007A430000FA43A8
:100B100000A00C47000048C3000000000000FA439A
:100B20000000C84180CBA44B00007A430000FA4388
:100B300000A00C47000048C3000000000000FA437A
:100B40000000C84180CBA44B00007A430000FA4368
:100B500000A00C47000048C3000000000000FA435A
:100B60000000C84180CBA44B00007A430000FA4348
:100B700000A00C47000048C3000000000000FA433A
:100B80000000C84180CBA44B00007A430000FA4328
:100B900000A00C47000048C3000000000000FA431A
:100BA0000000C84180CBA44B000000000000000002
:100BB000000003000B0B000000000000000000001C
:100BC0000000000000007A440000000000409C4546
:100BD00000000000000000000000C842000000000B
:100BE0000000C07F00000000000000000000C07F87
:100BF00000000000000000000000C07F00000000B6
:100C0000000000000000C07F0000000000000000A5
:100C10000000003F000000000000A04000000000B5
:100C200019000000FF010000D000000000000000DB
:100C30000000000000000000000200000000A0C052
:100C40000000FA430000C8420000A040000000007D
:100C5000000080400000803F000000000000000015
:100C60000000000000000000000000000000000084
:100C70000000000000000000000000000000000074
:100C800000000000000000000000803F0000A040C5
:100C90000000C84100002040FA00000000010403E9
:100CA0000000000000000000000000000000000044
:100CB0000000000000000000000000001F00000015
:100CC000000000000000000005000000000000001F
:100CD0000000000000000000000000000000000014
:100CE00000000000E17E0110E57E0110F17E0110A0
:100CF000ED7E0110F57E01100000000000000000F4
:100D00000000000007000000C99C0110F99C0110C0
:100D1000099D011000000000059D0110199D0110A2
:100D2000C19C011049ED001049ED0010259D0110F6
:100D3000119D01100D9D0110119D0110019D0110CB
:100D4000019D011049ED0010159D011000000000EB
:100D5000000000000000000007000500359D0110A4
:100D6000208A02102DBC0110030000008CCB021061
:100D7000A0CB0210E1B7011000000000A4CB0210CC
:100D8000C0CB0210D1BB011002000000C4CB021086
:100D9000D88F021055BC01100200000024CC0210B4
:100DA000C4CC021065BB011002000000C8CC0210C8
:100DB000E4CC021009BB011002000000E8CC0210D4
:100DC000288A0210F5B2011005000000BDB3011021
:100DD000CC8E0210ADB2011005000000BDB30110B1
:100DE00020CD021041B3011005000000BDB3011079
:100DF000C881021015B701100100000024CD0210B7
:100E000088870210ADB801100000000048CD021024
:100E100050930210B5BD011004000000A5B70110E9
:100E200058CD021021BA011000000000000000009F
:100E30005CCD021031C20110000000000000000073
:100E400060CD021049C10110000000000000000048
:100E500064CD021061C0011000000000000000001D
:100E600068CD021079BF01100000000000000000F2
:100E70006CCD021091BE01100000000000000000C7
:100E800070CD0210A54901100300000074CD0210BE
:100E900084CB02100DB701100200000094CD0210A7
:100EA000D8CD021005B7011003000000E4CD0210F8
:100EB00008CE0210FDB601100300000014CE02108F
:100EC0003CCE021045B701100100000040CE0210D8
:100ED00054CE0210C1BC01100100000058CE021017
:100EE00074CE0210F9B601100100000078CE021095
:100EF000B08F0210B5B60110020000008CCE0210B7
:100F0000CCCE021099B6011003000000D0CE021022
:100F1000F4CE021039B601100600000001B801102D
:100F2000C48E0210DDB5011003000000F8CE0210DF
:100F300010CF021045B501100000000014CF0210C0
:100F400034CF02101DBD01100000000038CF021088
:100F500058CF0210D9B40110030000005CCF02107A
:100F600070CF0210D1B401100300000074CF021042
:100F700098CF0210E9B40110030000009CCF0210CA
:100F8000B4CF0210E1B4011003000000B8CF02108A
:100F9000E0CF0210F1B4011003000000E4CF021012
:100FA00000D0021039B501100300000004D0021077
:100FB00018D002102DB50110030000001CD0021043
:100FC00040D0021021B501100300000044D00210EF
:100FD0006CD00210F9B401100300000070D00210B0
:100FE0009CD00210CDB4011007000000A5B3011081
:100FF000A4D00210C9B401100700000039B40110D8
:10100000B0D00210A548011003000000B4D00210B7
:10101000D8D002105D49011003000000DCD002109E
:10102000F8D00210014B0110040000005DB801105F
:10103000FCD0021015B40110040000005DB80110CE
:1010400000D10210CD4D0110070000008DB301103A
:1010500004D102108DB401100600000079B7011010
:1010600008D1021051B401100300000010D1021089
:101070000100000034D1021002000000A8D10210CB
:101080000300000020D202100400000094D20210DD
:101090000500000030D302100600000094D30210B7
:1010A00007000000C4D302100800000000D40210A2
:1010B000090000006CD402100A000000F8D40210ED
:1010C0000B00000018D502100C00000054D50210CF
:1010D0000D00000084D502100E000000BCD50210E7
:1010E0000F000000F0D50210100000009CD6021086
:1010F00011000000BCD6021012000000CCD6021075
:10110000000000000000000001000000ECD602100A
:101110000200000030D702100300000080D7021048
:1011200004000000B4D7021005000000ECD7021044
:10113000060000002CD802100700000068D802103A
:1011400008000000B4D802100900000018D90210ED
:101150000A00000054D902100B00000090D90210C0
:101160000C000000DCD902100D00000024DA02108F
:101170000E00000060DA02100F000000A8DA021072
:1011800010000000ECDA02101100000024DB021055
:101190001200000044DB02101300000054DB0210B8
:1011A0001400000068DB021015000000A0DB021034
:1011B00016000000E4DB02101700000014DC02102F
:1011C0001800000048DC02101900000090DC02103A
:1011D0001A000000B8DC02101B00000014DD021031
:1011E0001C00000034DD02101D00000068DD02104C
:1011F0001E0000009CDD02101F000000CCDD02106C
:101200002000000018DE02102100000050DE021055
:101210002200000074DE02102300000094DE0210A1
:1012200024000000D0DE021025000000F4DE0210D1
:101230002600000048DF02102700000094DF0210A3
:1012400028000000A8DF021029000000E0DF0210E3
:101250002A00000028E002102B00000048E00210E5
:101260002C00000064E002102D00000078E0021065
:101270002E000000B0E002102F000000CCE00210B1
:101280003000000008E102103100000020E10210EF
:101290003200000058E1021033000000BCD60210FA
:1012A0003400000070E102103500000090E10210EF
:1012B00036000000D4E102103700000000E2021006
:1012C0003800000038E202103900000058E2021035
:1012D0003A00000078E202104D00000090E2021097
:1012E0004E000000ACE202104F000000BCE2021011
:1012F00054000000E8E20210FD00000000E30210CC
:101300001CE30210000000000000000024E30210B3
:1013100001000000000000002CE3021002000000A9
:101320000000000034E30210030000000000000091
:1013300044E3021004000000000000004CE302102F
:10134000050000000000000054E302100600000049
:10135000000000005CE30210070000000000000035
:1013600068E30210080000000000000074E30210AF
:10137000090000000000000084E302100A000000E1
:101380000000000094E302100B00000000000000C9
:10139000A8E302100C00000000000000B8E30210F7
:1013A0000D00000000000000C8E302100E00000065
:1013B00000000000D8E302100F0000000000000051
:1013C000ECE302101000000000000000FCE302103B
:1013D000110000000000000010E4021012000000E4
:1013E0000000000024E402101300000000000000D0
:1013F00038E40210140000000000000050E4021065
:10140000150000000000000064E402101600000057
:101410000000000070E4021017000000000000004F
:101420007CE40210180000000000000084E40210B8
:1014300019000000000000008CE402101A000000F7
:10144000000000009CE402101B00000000000000EF
:10145000ACE402101C00000000000000BCE402101C
:101460001D00000000000000C8E402101E00000083
:1014700000000000D0E402101F0000000000000087
:10148000DCE402102000000000000000E4E4021090
:101490002100000000000000F8E30210220000001C
:1014A00000000000F4E4021023000000000000002F
:1014B000FCE40210240000000000000004E502101B
:1014C00025000000000000000CE5021026000000CE
:1014D0000000000014E502102700000000000000DA
:1014E0001CE502102800000000000000D8E40210F3
:1014F0002900000000000000E0E402102A000000C3
:1015000000000000E8E402102B00000000000000D2
:10151000F0E402102C00000000000000F8E40210CB
:101520002D0000000000000000E502102E00000069
:101530000000000008E502102F000000000000007D
:1015400010E50210300000000000000018E5021055
:10155000310000000000000020E502103200000011
:101560000000000030E50210330000000000000021
:1015700040E50210340000000000000050E50210B9
:10158000350000000000000064E502103600000095
:101590000000000070E502103700000000000000AD
:1015A00080E50210380000000000000094E5021001
:1015B0003900000000000000A4E502103A0000001D
:1015C00000000000B0E502103B0000000000000039
:1015D000C513CD1399D90110CE13CE13DDD7011049
:1015E000291431145DD901103D14451421D901107D
:1015F00047144F145DDA01105A145A1471D80110AF
:101600005B14631489D801106414641451D8011058
:1016100065146E14D1D8011079148214D1D8011038
:101620008D149614D1D80110A114AA14D1D8011088
:10163000B514BE14D1D80110C9146E14D1D801103C
:10164000DD14E614D1D80110F114FA14D1D8011028
:1016500005150E15D1D8011017151715F1D7011062
:101660001815181509D801101915211525D80110BC
:101670002C1534158DDA0110DF15DF15B5D80110E2
:1016800072010000D4E5021074010000ECE50210C4
:101690007201120004E602100000000001000000C8
:1016A0008C3100200000000000000000010000005C
:1016B000DDEC011071F0011029F0011000000000B4
:1016C000740112001CE6021000000000010000007E
:1016D000683200200000000000000000010000004F
:1016E000DDEC011071F0011029F001100000000084
:1016F0000012000034E602100000000050300050DC
:101700003100503200503300503400503500503614
:1017100000503700503800503900503130005031FF
:1017200031005031320050313300503134005031EB
:1017300035005031360050313700503138005031CB
:1017400039005032300050323100503232005032C5
:10175000330000004530004531004532004533007C
:1017600045340045350045360045370045380045CD
:1017700039004531300045313100453132004531C5
:1017800033004531340045313500000000000000D1
:101790005D2D0210D52D0210052E0210512E0210C3
:1017A000112F0210D12F021000000000060052502D
:1017B000D3F0754208E7021006005250E182887F9C
:1017C00010E7021006005250ABB360534081021084
:1017D00006005250BBFF3CB620E7021006005250F4
:1017E000861C0302A8950210060052505422A29DA6
:1017F00028E7021005005250DE65F4688452031099
:101800000D0A00008CE7021098E70210A4E702100E
:10181000B0E70210BCE70210C8E702101E1F20212B
:101820002223000000004842000000000000344372
:10183000000080BF7B142E400000404100010000EA
:101840001C1D2425262700000E0F10111213000066
:101850005B415849535F4D4F544F525F4641554C81
:10186000543A0000000000000000000000000000EA
:101870000000000000000000002020202020202088
:101880002020282828282820202020202020202030
:101890002020202020202020208810101010101040
:1018A000101010101010101010040404040404048C
:1018B0000404041010101010101041414141414126
:1018C0000101010101010101010101010101010108
:1018D0000101010110101010101042424242424218
:1018E00002020202020202020202020202020202D8
:1018F0000202020210101010200000000000000080
:1019000000000000000000000000000000000000D7
:1019100000000000000000000000000000000000C7
:1019200000000000000000000000000000000000B7
:1019300000000000000000000000000000000000A7
:101940000000000000000000000000000000000097
:101950000000000000000000000000000000000087
:101960000000000000000000000000000000000077
:0C1970000000000000000000000000006B
:08197C00285FFF7F010000005D
:10198400AC170310B8170310C4170310D0170310B3
:0C199400DC170310E8170310F417031011
:1019A000437853B10023437010EE1030C27883EABD
:1019B000022303F47C5320EE103083783BB313F002
:1019C000010025D11D4A59089070C80703D59178A8
:1019D00041F002019170990811D0C9071FD4D908AC
:1019E0000DD0C80720D4190909D0C90721D45B0933
:1019F00005D0DB0703D5937843F020039370104B99
:101A000010491B6809681268043341F823207047A5
:101A100001210A4A917033FA01F1D6D1EFE79178AA
:101A200041F004019170DAE7917841F0080191707A
:101A3000D9E7917841F010019170D8E7B82B0020D8
:101A4000446A0020306A00204FF00000704700BF59
:101A500008B5044BD3F89C3098470122024B1A6317
:101A600008BD00BFC83C0020000030501A4B1B4A84
:101A7000984210B411682DD8194B9B68984238BF12
:101A800018460E2888BF0E38164B1A6882420FD0AF
:101A9000154A164C1268186001EB410302F01F0250
:101AA00004EBC30301F1040C44F82C00C3F8D82064
:101AB00001230E4A8B401068034208D111680B4382
:101AC0001360D2F8703143F48073C2F870315DF85E
:101AD000044B70470648D7E73F420F004C6A00208E
:101AE000346A002044530020506A00200000305027
:101AF00032420F0030B52D4B83B053F820506DB1FA
:101B000095F90930002B41DBEB68B3F5806F0DD000
:101B1000B3F5801F04D0B3F5007F07D003B030BD0C
:101B2000284603B0BDE8304002F0F2B90023204A55
:101B30000093146E10EE183010EE18C010EE18500E
:101B400010EE180010EE181010EE1820CCF3805C88
:101B5000C3F3405343EA4C03C5F3C05543EA85033E
:101B6000C0F3006043EAC003C1F3406143EA0113DC
:101B7000C2F3806243EA421303F03F038DF8003062
:101B80002346009803B0BDE8304018470446282299
:101B90002946084800F05EF80028B5D000220F2141
:101BA000204603B0BDE8304002F0D6B938500020DE
:101BB000C83C002049090010024A13680133136031
:101BC000704700BFA84900204FF0000C1820074BB9
:101BD0001A6883F809C05A6019681A6819440132F2
:101BE000C2F309021A60C872704700BF885800200B
:101BF00000B5064B83B0DB6D9847C0F30743C0B216
:101C000040EA032003B05DF804FB00BFC83C00209D
:101C100000B585B002F098F90D4B0290DB6D984746
:101C20009DF80A309DF80B109DF808C09DF809201A
:101C300001EA106102EA102203EA104300EA0C00F4
:101C40000B43104340EA032005B05DF804FB00BFDE
:101C5000C83C00202DE9F0410446204E0F46336D6C
:101C6000904698470CB31E4B1D681DB300221A60A6
:101C7000D6F8D4319847002100EB080219486C606F
:101C800003682A60AF60E96023B31968511A00291C
:101C900004DC1EE01968511A002903DB1846DB68D2
:101CA000002BF7D1EB60C5600124F36C9847204608
:101CB000BDE8F0810C4D2823AC4602E0ACF1100CDD
:101CC00053B1DCF87402013B0028F7D105EB031592
:101CD000CEE7EB600560E7E71C46E6E7C83C00207E
:101CE000BC50002064520020F46A0020F8B504467D
:101CF000164F0E463B6D98478CB1154B1D6895B13C
:101D00000021196000201349C5E901460B68E8600D
:101D1000BBB11946DB68002BFBD1CD600124FB6C05
:101D200098472046F8BD0C4D28232A4601E0103A7A
:101D30004BB1D2F87402013B0028F8D105EB031532
:101D4000E0E70D60EAE71C46E9E700BFC83C002079
:101D5000BC500020D86A0020F46A0020F8B5044680
:101D6000164F0E463B6D98478CB1154B1D6895B1CB
:101D70000021196000201349C5E901460B68E8609D
:101D8000BBB11946DB68002BFBD1CD600124FB6C95
:101D900098472046F8BD0C4D28232A4601E0103A0A
:101DA0004BB1D2F87402013B0028F8D105EB0315C2
:101DB000E0E70D60EAE71C46E9E700BFC83C002009
:101DC000BC50002034500020F46A0020F8B5324B9B
:101DD000324F93F8BD5004460E463B6DEDB1984727
:101DE000B4B12F4B1A68002A3ED0002119600020A0
:101DF0002C4954600B689660D060002B42D0194685
:101E0000DB68002BFBD1CA60FB6C98472846F8BD05
:101E10002546FB6C98472846F8BD9847002CF3D020
:101E20001F4B1A688AB11D6000201F49C2E9014694
:101E30000B68D0605BB31946DB68002BFBD1CA602E
:101E40000125FB6C98472846F8BD18482823024610
:101E500002E0103A002BD7D0D2F87412013B0029CF
:101E6000F7D100EB0312DFE710482823024601E018
:101E7000103A73B1D2F87412013B0029F8D100EB8B
:101E80000312B4E7FB6C0A6098472846F8BD0A6065
:101E9000D6E71D46B8E700BFB83F0020C83C002089
:101EA000BC5000208852002034500020F46A0020EA
:101EB000034643EA104343EA102303F0FF0382B0D2
:101EC00043EA106002B0704703468446014610B5ED
:101ED00043EA1C23124C43EA104394F8E02003F039
:101EE000FF0343EA116382B01342019001D102B0B3
:101EF00010BDC4F8C40000F09FFA40F2011318426C
:101F0000F5D1E36C002BF2D100F00EF80121054B66
:101F100004F14C009B6C02B0BDE81040184700BFB4
:101F2000B83F0020C83C002070B5244CA36C990633
:101F300024D4234D04F1480020212B6C9847A0881D
:101F4000E0B9D5F8E03003B1984700F075FA10F029
:101F50002C0F14D1A37A13F0060310D1E370EB6EAB
:101F6000984742061BD50A21AB6C16489847164B7A
:101F7000D3F8E83013B1BDE87040184770BD0123B5
:101F8000E37000F059FA042810D00321AB6C0D481F
:101F9000984700F0ABFAEB6E98474206E3D4C305CE
:101FA000E5D51121AB6C07489847E0E7E36C002BBF
:101FB000EFD10621AB6C03489847EAE7B83F002011
:101FC000C83C002004400020A03B0020064A1368C3
:101FD0005168013303F00F03994203D01168136075
:101FE0000A441072704700BFB4490020064A1368C3
:101FF0005168013303F00F03994203D01168136055
:102000000A441072704700BF58660020064A1368E1
:102010005168013303F00F03994203D01168136034
:102020000A441072704700BF28490020C31E70B5D3
:102030000446A12B00F2A480DFE813F07A01A2008D
:10204000EE00A200A200A200A200AF00A200A20027
:10205000AF00A200A200A200A200A200A2004C01B8
:10206000A200A200A2009E019201A200A200A20072
:10207000A200A200A200A200A200A200A20082016F
:10208000A200A200A200A200A200A200A200A20040
:10209000A200A200A200A200A200A200A200A20030
:1020A000A200A200A200A200A200A200A200A20020
:1020B000A200A200A200A200A200A200A200A20010
:1020C000A200A200A200A200A200A200A200A20000
:1020D000A200A200A200A200A200A200A200A200F0
:1020E000A200A200A200A200A200A200A200A200E0
:1020F000A200A200A200A200A200A200A200A200D0
:10210000A200A200A200A200A200A200A200A200BF
:10211000A200A200A200A200A200A200A200A200AF
:10212000A200A200A200A200A200A200A200A2009F
:10213000A200A200A200EE00C800DF0057010801C3
:10214000F800A2001C01A7013B01EB00730165012F
:10215000A200A200A200E500E500E500E500E50020
:10216000E500E500E500A200E800E800E800E8007E
:10217000E800E800A200EB00EB005E01A200120103
:102180001F2800F21681082800F0D0809C4BD3F85D
:1021900094304BB32046984730BB9A4B9A4D1878F1
:1021A00080F001007E2C94BF002000F00100A4F11B
:1021B0001B04B4FA84F464092C7070BD30B1934BE5
:1021C00093F8700110F0400000F00B81904B022159
:1021D0001B6C904898470021894B8F4AD3F8903068
:1021E00082F8981003B19847A4F11B04B4FA84F460
:1021F000854D640901202C7070BD854B08211B6C36
:1022000084489847F0E7FFF7E1FEEDE7FFF7EEFEC1
:10221000EAE7FFF7FBFEE7E78048437A9907E3D454
:102220007B4B01211B6C48309847DDE70021784B40
:102230007B4AD3F8D83011609847714BD3F8D85007
:10224000002DD1D000F0F8F8A847CDE700F0F4F861
:102250004028A2D06E4B40211B6C6E489847C3E7C4
:102260006B4BD3F81831002B60D09847654B664D07
:10227000187895E7694D664E2A6D95F8253001323C
:10228000D6F81421B4BF00210121003A18BF012261
:10229000C3F380039B0243EAC123624843EA8243BB
:1022A000184301F04DFE0121336C05F148009847B9
:1022B0009AE7574B534A93F8013210781B0776D4AC
:1022C0005649514D0B7ADA43C2F3C01262F3C71379
:1022D0000B7265E74C4D2B7823B14D4BD3F8E031B1
:1022E00003B19847474B18785AE7494B4FF4805150
:1022F0001B6C4848984777E7454B4FF400611B6CCF
:102300004448984770E7414B9B8A7BB1434A537AD4
:102310001946C3F3400383F0010363F34101517293
:1023200062E73B4B93F8B430012B7DD0364DD9E7B3
:10233000FFF7FAFD394A137A43F00803137253E7A3
:10234000374B1B68002BF1D1304A2E4B92F87001AD
:102350002D4DC0F3801080F00100C0B218701FE74F
:102360002B4D10212B6C2B48984700212C4AD5F877
:10237000D8301160984737E7254BDB6E9847400609
:102380003FF532AFFFF7D0FD2EE7214B1D4A93F802
:10239000003210789A060AD420491B4D0B7AC3F3F9
:1023A000801282F0010262F386130B72F8E6164D7A
:1023B000F6E680F080033F2B7FF6E8AE114B3F2C12
:1023C000187810D07E2C3FF4F9AE212CEFD10028E4
:1023D0003FF413AF0D4B93F8700110F040007FF401
:1023E0000CAF094DE3E628B1084B93F8700110F0EB
:1023F0004000F6D0064B01211B6C06489847F3E6D7
:10240000A03B00205072002049720020446400204C
:10241000C83C002000400020D04A0020B83F0020E7
:10242000EC480020FFF3038000210248FFF796FCF0
:10243000DAE600BF459D0110014B1868704700BFE8
:10244000D46A00202DE9F041124CA328256802D15E
:10245000A668B77A1FB12B46BDE8F041184740F295
:102460000C4231460C4801F04FFD01210B4B284630
:10247000D3F8DC20B172316871606168C3F8D010A4
:102480009047074B2760D3F8D43003B19847012019
:10249000BDE8F081546A00207C540020C83C002034
:1024A000A03B00200E4B10B5D3F8CC3004469BB1B6
:1024B000984718B1812C02D07E2C00D010BD094B5A
:1024C000094A93F86C3192F82710C3F3001363F3B1
:1024D000861182F8271010BDFFF7A8FDE9E700BFBD
:1024E000C83C002044640020B83F002070B5FFF7CE
:1024F000A3FF044600201E4D1E4A1F4ED5F888300B
:1025000010709847B6F86831FF2B12D0042C08D011
:10251000F3B9D5F88C300121BDE870404FF00000D0
:102520001847D5F88C3096F85C010121BDE8704061
:102530001847124BDB6C4BB9802CEAD0D5F88C30A5
:102540004FF03F00BDE8704001211847042CF5D042
:10255000802CDED000210A4801F00EFD0021084841
:10256000B6F86821FFF776FB044B987170BD00BF89
:10257000C83C00205B72002044640020B83F00206B
:1025800075A401102DE9F0415A4C236C53B15A4FF8
:102590002046D7F8983098470022A3682270002B75
:1025A00000F0B080636C002B00F0AD80534E96F8C5
:1025B0004430012B00F03281D4E90323A16A19448D
:1025C00091424FF00003A1620FD9E0784FF0010370
:1025D00010F0010F0CBF01204FF0FF30891AA162EB
:1025E000D6F8C8100144C6F8C810E16A6069014411
:1025F0008A42E1620FD2E078891A10F0020F0CBF14
:1026000001204FF0FF30E162D6F8CC1043F0020316
:102610000144C6F8CC10216BA06901448A422163B1
:102620000FD2E078891A10F0040F0CBF01204FF090
:10263000FF302163D6F8D01043F004030144C6F8FC
:10264000D010616BE06901448A4261630FD2E07887
:10265000891A10F0080F0CBF01204FF0FF306163A2
:10266000D6F8D41043F008030144C6F8D410A16B87
:10267000206A01448A42A1630FD2E078891A10F0DF
:10268000100F0CBF01204FF0FF30A163D6F8D81017
:1026900043F010030144C6F8D810E16B606A0144AE
:1026A0008A42E1630FD2E078891A10F0200FE163CB
:1026B0000CBF01214FF0FF31D6F8DC2043F020039E
:1026C0000A44C6F8DC20727AA370D206DBB202D5C7
:1026D000F27A1340A370A3682BB9094B1A685268A9
:1026E0001A60BDE8F081013BA360002BF5D0BDE886
:1026F000F08100BF703F0020C83C0020B83F0020A0
:10270000AC62002063646D4A6D4B12681B689A428C
:1027100000F0B8806B4BD06819686264884205D0BD
:10272000694F1860D7F894209047626C9368216CC9
:1027300090699942A06000F08980E07893F8382091
:1027400080EA02059042657018BFE270002900F02F
:10275000928093F93C2091F93C105C4E91421FBF4E
:10276000726A42F0005242F48072726201211A6A67
:102770005D6BE26093F939202364002AB8BF93F8B7
:1027800039202170B8BF7277BDB14F4FD5ED017AB6
:102790002B78F8EEE77A6878002B59D0F5EE407A7E
:1027A000F1EE10FAD7F8443114BF01210021984707
:1027B000236CAD685D63002DE8D1196B39B14448D5
:1027C000FFF7CCFA002858D00022236C1A63E16886
:1027D000626C4908C4E90E11C4E90C11C4E90A117C
:1027E000916AD869D56AC840606298696160C840DA
:1027F00020625869C840E0611869C840A061D86883
:10280000C84060619868C840206165B3186CD169A0
:10281000A84796F84430012B7FF4CEAE2A4BD3F86C
:1028200010319847C1077FF5C7AE0023294D86F8C0
:10283000443005F19C070FCF0FC597E8030085E8EA
:102840000300B36C43F08003B364B5E61F4EC7E7E3
:10285000D7F8483117EE901A9847236CAD685D633E
:10286000002D93D1A9E7156B002D3FF4A0AE116A9E
:10287000186CA8479BE6154E78E7236C186B01F09F
:102880004BFBA1E7FFF732FE236C93F83B204AB1E4
:10289000186C837A1D0705D500250F4A036B016963
:1028A000D56498470023074D074A23642B60042111
:1028B000BDE8F041126C0948104700BFAC6200202F
:1028C000A862002064490020C83C0020B83F0020D6
:1028D00031450010E43F0020DC5300200040002080
:1028E0002DE9F041044683B2200482B012D4002BBB
:1028F00049D040F241125E4D1342A5F8C24011D0BA
:10290000FFF79AFDB0F5807F3DD002B0BDE8F04101
:10291000FFF70ABB574A13401C46002B33D0544DD7
:10292000A5F8C2302107E7B235D4C4F30726A404C2
:10293000B0462BD416F0400F42D095F84430002B0F
:1029400059D000214C4B0846D3F80C319847FA0671
:1029500006D5F3432A7AC3F3C01363F304122A7231
:1029600018F0080F06D0F3432A7AC3F3C01363F3B9
:10297000C7122A72BB0606D5F6432B7AC6F3C016D9
:1029800066F386132B7202B0BDE8F0813A4B042047
:102990001B6E9847DBE7384E96F800321A07C4D50D
:1029A000364B93F89830002BBFD1DFF8DC8098F8D5
:1029B0009431DB0748D44021336C31489847B4E761
:1029C000380608D417F0020422D02B4B08211B6CC8
:1029D0002B489847BBE795F84430012BB7D1FFF758
:1029E0002BFD0828B3D1244B01461B6C2448984783
:1029F0000D23EB71ABE7FFF71FFD10F0280FA0D000
:102A00001D4B10211B6C1E4898470D23EB719EE750
:102A100079079CD5184B02211B6C19489847194A15
:102A2000194BD2F89010154A93F86C3182F89840FF
:102A300095F82720C3F3001363F3861285F8272047
:102A4000002984D0884782E7FFF7F6FC38B998F868
:102A50001830012B7FF469AF01F08AFA65E7FFF7C0
:102A6000EBFC2028F3D04021336C05489847EEE773
:102A7000B83F00203088FFFFC83C0020D04A00202B
:102A800000400020A03B002044640020064B074883
:102A900010B507491C6FD3F8DC20186705480C6097
:102AA0009047054B186010BDC83C0020C1120020A3
:102AB000244900202D120020AC49002038B51A4CC2
:102AC0008128236803F10103236008D07E2806D003
:102AD000164B1B6898472368013B236038BD144D93
:102AE0002B7803F0FF0253B9124B1B7863B1124BE2
:102AF0001978A9B111461148FFF730F92870012063
:102B00002368013B236038BD0D4B00211B7F032B45
:102B10000CBF0C480C48FFF721F928700120EFE7A3
:102B20000A48FFF71BF9EAE754660020AC49002089
:102B30004B720020457200204772002085D10110A1
:102B40004464002069CE011025CE011085CA011011
:102B500038B5194C236801332360430713D5174D4B
:102B60002B7803F0FF0253B9154B1B7893B1154B2B
:102B70001978E9B111461448FFF7F0F82870236876
:102B8000013B236038BD114B1B6898472368013B0C
:102B9000236038BD0E4B00211B7F032B0CBF0D485B
:102BA0000D48FFF7DBF828702368013B236038BD30
:102BB0000A48FFF7D3F8E2E7546600204B72002082
:102BC000457200204772002085D101102449002061
:102BD0004464002069CE011025CE011085CA011081
:102BE000034600B50268EFF3108C72B6D2E8CFEF5F
:102BF0000120BEF1000FF9D1C2E84E0FBEF1000F67
:102C0000F4D1BFF35F8F93F90420002A0ADB01B1EE
:102C10000A60002000221B68C3E88F2F8CF3108805
:102C20005DF804FB4FF05042126801201A71F1E781
:102C30004FF050412DE9F0410027044616461D464D
:102C4000D1F8008008E0C1E88F7F8CF3108830460F
:102C5000294601F071F9E8B92168EFF3108C72B6DA
:102C6000D1E8CF2F0123002AFAD1C1E8423F002A40
:102C7000F6D1BFF35F8F94F904302168002BE2DABC
:102C8000002384F80480C1E88F3F8CF31088012072
:102C9000BDE8F0810020BDE8F08100BF30B50468D8
:102CA000EFF3108C72B6D4E8CFEF0125BEF1000F20
:102CB000F9D1C4E84E5FBEF1000FF4D1BFF35F8FCE
:102CC00090F904400568002C10DB0021C5E88F1F37
:102CD0008CF310884FF0504595F90050A54201D172
:102CE000084630BDBDE83040FFF7A2BF4FF050426C
:102CF000126800230271C5E88F3F8CF31088012011
:102D000030BD00BF70B505460C4601F02DF90246F6
:102D10000B464FF47A704FF0FF3E6FF0004CE4FB2F
:102D2000002396457CEB030138BF72462846BDE878
:102D3000704038BF6346FFF77BBF00BF0368EFF307
:102D4000108272B6D3E8CFCF0121BCF1000FF9D1C8
:102D5000C3E84C1FBCF1000FF4D1BFF35F8F4FF0FD
:102D6000FF0C0023016880F804C0C1E88F3F82F3A4
:102D7000108840BF704700BF002108B5134B4FF4C7
:102D8000707299601248D960196159619961D9616D
:102D9000196259629962D962196359639963D96357
:102DA000196459649964D964196559659965D96537
:102DB000196659669966D966196759679967D96717
:102DC00001F0DEF8034B044A1A6008BD0000105001
:102DD000744C002060520020800110502DE9F04F0B
:102DE0001F4B85B0D3F858A0BAF1000F22D00024B1
:102DF00001254FF4E069DFF870801A4F01E0202CC4
:102E000018D00AEA0502611C2346AB46CCB26D001D
:102E1000002AF4D004F0010203F0FE06164407EB8A
:102E200046163046C8F858B000F008FC28B93AEA0F
:102E30000B0AE4D105B0BDE8F08F00238DF809300E
:102E4000B37801A88DF80830F38A0121ADF8049019
:102E5000039300F011FC304600F096FBE7E700BF5B
:102E600000001150344C002000301150F0B5BB4B25
:102E700085B0D3F8985015F4003674D0B84BB94CDF
:102E8000996A94F83B30B84A022B116000F0D48064
:102E9000002694F87B30022B00F03B8194F8BB3085
:102EA000022B00F07D8194F8FB30022B00F06C8146
:102EB00094F83B31022B00F0448194F87B31022BD3
:102EC00000F0338194F8BB31022B00F0B68194F806
:102ED000FB31022B00F0A68194F83B32022B00F06C
:102EE000968194F87B32022B00F0868194F8BB32F5
:102EF000022B00F0768194F8FB32022B00F0668101
:102F000094F83B33022B00F0568194F87B33022B6C
:102F100000F0A48094F8BB33022B00F0998194F860
:102F2000FB33022B00F0B4803EB9904B1B7823B9E1
:102F30004FF400328E4BC3F890204FF44072874B11
:102F400001219B6C01A8C3F30A03ADF8042002938E
:102F500000F092FBEA064FF40036864C07D5FFF7E7
:102F60003DFF264603E0EA064FF01004F7D4EB03DA
:102F700022D57C4C46F48036A37E002B40F099800D
:102F8000012394F83A20E370002A40F0AD80012339
:102F90004FF4C061784A84F82330ADF8041092E809
:102FA000030004AA02E90300194601A800F064FB2B
:102FB0004FF400326E4B1A65E90408D46A041DD43C
:102FC0002B042AD4AE4240F0C58105B0F0BD0024E8
:102FD000624B46F480561C60FFF7CEFE4FF48073C0
:102FE000012101A8ADF804308DF8084000F044FB41
:102FF0004FF400225E4B1A656A04E1D54FF48063FA
:10300000012101A8ADF8043000F036FB1022584B26
:1030100046F480461A652B04D4D54FF4A0630121F1
:1030200001A8ADF8043000F027FB4FF40062504BCC
:1030300046F400461A65C5E794F83A60002E3FF45E
:1030400028AF94F83C30002B3FF423AF002304F169
:10305000200084F83C3000F0BFFA1AE794F87A7345
:10306000002F3FF457AF94F87C33002B40F064817D
:1030700094F8BB33022B40F0F48094F8BA33002B61
:1030800040F0EB8094F8FB33022B7FF456AF3E46C2
:1030900094F8FA33002B3FF447AF94F8FC33002B3D
:1030A0003FF44BAF0023354884F8FC3300F094FA2A
:1030B00043E70221324B294A1966536E9F07FCD51C
:1030C0004FF440520021274800F064FA254800F0F0
:1030D0005BFA0222264B5A661A66012394F83A20BC
:1030E000E370002A3FF453AF254A1366A2F500525D
:1030F000536ED807FCD54FF440520021214800F010
:1031000049FA204800F040FA0122194B5A661A6623
:103110003DE794F87A70002F3FF4C0AE94F87C300D
:10312000002B40F001813E46B8E694F87A71002FFA
:103130003FF4C8AE94F87C31002B40F0ED803E4661
:10314000C0E694F83A71002F3FF4B7AE94F83C31E2
:10315000002B40F0D9803E46AFE600BF0000115082
:1031600000000B40344C0020A44900204372002092
:1031700000301150100002000000105014500020C8
:1031800000201150544C002094F8FA70002F3FF4A6
:103190008FAE94F8FC30002B40F08E803E4687E6E0
:1031A00094F8BA70002F3FF47EAE94F8BC30002B38
:1031B0007AD13E4677E694F83A73002F3FF4A5AEF5
:1031C00094F83C33002B57D13E469EE694F8FA72B1
:1031D000002F3FF495AE94F8FC32002B5CD13E46B4
:1031E0008EE694F8BA72002F3FF485AE94F8BC32A4
:1031F000002B49D13E467EE694F87A72002F3FF4C8
:1032000075AE94F87C32002B76D13E466EE694F88B
:103210003A72002F3FF465AE94F83C32002B63D134
:103220003E465EE694F8FA71002F3FF455AE94F8EE
:10323000FC31002B50D13E464EE694F8BA71002F77
:103240003FF445AE94F8BC31002B3DD13E463EE6FE
:1032500094F8BA33002B3FF462AE94F8BC33002BE1
:1032600071D194F8FB33022B7FF467AE94F8FA33F4
:10327000002B3FF462AE10E70023394884F83C335A
:103280003E4600F0A9F940E60023364884F8BC32F7
:103290003E4600F0A1F92EE60023334884F8FC32C4
:1032A0003E4600F099F92BE60023304884F8BC3004
:1032B0003E4600F091F9F6E500232D4884F8FC30F5
:1032C0003E4600F089F9F3E500232A4884F8BC3132
:1032D0003E4600F081F9FAE50023274884F8FC31E6
:1032E0003E4600F079F9F7E50023244884F83C32A3
:1032F0003E4600F071F9F4E50023214884F87C3261
:103300003E4600F069F9F1E500231E4884F83C319F
:103310003E4600F061F9D0E500231B4884F87C317B
:103320003E4600F059F9CDE50023184884F87C307A
:103330003E4600F051F9B1E50023154884F87C338E
:1033400000F04AF994E60023124884F8BC3300F0F8
:1033500043F986E7104886EA050100F0F9FD00BF51
:10336000544F0020D44E0020144F0020D44C002095
:10337000144D0020D44D0020144E0020544E002047
:10338000944E0020544D0020944D0020944C002079
:10339000944F0020D44F002090E602102DE9F04712
:1033A000828A048B03469442C07828BF1446061EC6
:1033B00018BF012680F00100121B5D78D87092B210
:1033C00044F480609A8240EA4630A5BBD3E90365A5
:1033D00004F1FF3806EB81174CB3B8F1050F31D972
:1033E0007E1B013E022EBC462A462BD94FEA940989
:1033F0004FEA890A05EB890652F804EBB2424CF811
:1034000004EBF9D15445A8EB0A0607EB0A0C0CD0E3
:1034100015F8295007F829503EB15578012E8CF83F
:10342000015002D092788CF802201D699A8A2544B6
:103430001D6140F400400AB940F4804001B100042D
:10344000BDE8F0877A1E2F1915F8016BBD4202F80E
:10345000016FF9D1E9E700BF83680246186801B13E
:10346000000C5378C0F30900002B3CD02DE9F0414B
:10347000D2E90334461E03EB811E40B3052E3BD92F
:1034800089014D1C1D44651B022DA44634D9734689
:1034900000F47F774FEA9008FD1853F8041BAB4205
:1034A0004CF8041BF9D1B842A6EB070604EB07035E
:1034B0000EEB07010AD01EF8285004F828502EB150
:1034C0004C78012E5C7001D0897899701469D38A88
:1034D00004440344D382138B1461834284BF0023CA
:1034E0009382BDE8F081D38A0344D382138B834255
:1034F00084BF002393827047013C0EEB00011EF84D
:10350000013B8E4504F8013FF9D1DFE710B50446D1
:10351000836800211B68FFF79FFF63681B685B00DF
:1035200002D5238B834200D010BD2046BDE8104059
:103530000121FFF791BF00BF084B1B6C13F0020382
:1035400002D18278D20901D100207047C07EA0F15B
:103550000200B0FA80F04009704700BF000011502F
:1035600008B5FFF7E9FF50B1054A064B906A1B68A2
:10357000A0F54870C01AC6288CBF0020012008BDE5
:1035800000000B40A44900200023C0E904338376E7
:10359000704700BF10B5836809B11C68214082B133
:1035A000114352050DD51A6854050CD4084A21F46C
:1035B00080641C60126C920703D40C23033BFDD281
:1035C0008368196010BD8178024800F0C1FC00BF1B
:1035D00000001150A4E6021030B54368002183B00A
:1035E00004461D68FFF7DAFE134B40F48052196C55
:1035F000A37889070ED55B060ED025F0A04545F0CF
:1036000000550021204663681D6003B0BDE83040CE
:10361000FFF7C0BFDB09F0D0A38A002BEDD001215A
:1036200020460192FFF7BAFE019A25F000550243A9
:1036300045F0A045E5E700BF0000115038B5857E94
:10364000044695B1FFF762FFA38A0BB9284638BD3F
:103650002046FFF785FF20B1012323770025284668
:1036600038BD2046FFF7B8FFF8E78178014800F041
:103670006FFC00BFC4E602102DE9F0434378044616
:10368000023B0D4685B0042B13D8DFE803F0034856
:10369000677042000021784B1A7822F001021A70FC
:1036A0001A7822F002021A7059701A7861F38202B5
:1036B0001A70724B1E687369EFF3108272B6D3E80A
:1036C000CF0F01210028FAD1C3E8401F0028F6D10E
:1036D000BFF35F8FB2612146304600F029FC002322
:1036E0007269C2E88F3FB36983F3108848B94FF01D
:1036F000E023D3F8F03DDB0708D500BE05B0BDE8F8
:10370000F0832A466178207800F02AFC05B0BDE8F5
:10371000F0835B4A13780133DBB21370C9E74FF0D3
:103720000009584E4B463178DFF86081564F0FE064
:103730003A6812EB431305D0DB691BB1616820784E
:103740009847317809F101095FFA89F38B4217D85C
:103750009942EDD85B1A08EB4313EDE7464B1A7814
:10376000D707D3D51A7842F004021A70A1E7424B6A
:103770001A78D607CAD51A7822F004021A7098E788
:103780003D4E3378580737D4F378DA07BED5032394
:1037900000273A4A2178166862688DF804108DF87F
:1037A00005307369CDF80670CDF80A70ADF80E706B
:1037B0000292EFF3108272B6D3E8CF0F01210028F6
:1037C000FAD1C3E8401F0028F6D1BFF35F8F30461F
:1037D000B26101A900F0ACFB7369C3E88F7FB369E4
:1037E00083F31088002882D02A469DF805109DF8A2
:1037F000040000F0B5FB89E733784FF0000823F0B0
:103800000403337005231D4A8DF8053017682278AC
:10381000ADF80E808DF804207B69CDF80680CDF8D8
:103820000A80EFF3108272B6D3E8CF0F012100288F
:10383000FAD1C3E8401F0028F6D1BFF35F8F3846A6
:10384000BA6101A900F074FB7B69C3E88F8FBB6983
:1038500083F3108838B94FF0E023D3F8F03DD9074F
:1038600092D500BE90E72A469DF805109DF8040009
:1038700000F076FB88E700BF5C450020B4450020DF
:1038800044720020427200200C4200208C1703106A
:1038900010B40A4C23786BB9094BC3F1804103F58E
:1038A000807001F56021CA5843F8042F8342FAD191
:1038B000012323705DF8044B704700BF467200205F
:1038C000EC460020004B1847F1460020034B1A6AD3
:1038D00002609A6A42605B6A8360704700000D4034
:1038E00008B500234021DB8A44F24640984700682F
:1038F00008BD00BF10B50446FFF7F2FF1CB10088F9
:10390000C0F3033010BD0A2010BD00BF10B504463F
:103910000120FFF7EFFF38B92268074B1A6262688F
:103920009A62A2685A6210BD4FF480514AF20202B4
:10393000014BD9621A6310BD00000D402DE9F04320
:103940004318B3F5800F04460D4685B04BD80023CD
:10395000DB8A002242E800F2560254BF1021042103
:1039600044F24960984700238146DB8A002242E8FE
:1039700000F2500254BF1021042145F6450098473B
:1039800000238046DB8A002242E800F2510254BF45
:103990001021042144F25250984700230746DB8A45
:1039A000002242E800F2520254BF1021042144F2E6
:1039B000463098470646FFF76BFF00F07FF801A8F6
:1039C000FFF784FFC847C047D8234FF48032294609
:1039D0002046B847B047FFF775FF01A8FFF796FFED
:1039E00005B0BDE8F08300F09FFAB0E72DE9F0479D
:1039F0008318B3F5800F04461546884684B049D82D
:103A00000023DB8A002242E800F2560254BF102154
:103A1000042144F24960984700238246DB8A002251
:103A200042E800F2500254BF1021042145F645003F
:103A3000984700238146DB8A002242E800F25102C7
:103A400054BF1021042145F2520098470023074635
:103A5000DB8A002242E800F2520254BF1021042106
:103A600044F2463098470646FFF712FF00F026F86A
:103A700001A8FFF72BFFD047C8472A4641462046FA
:103A8000B847B047FFF71EFF01A8FFF73FFF04B09C
:103A9000BDE8F08700F048FAB2E700BF0144884271
:103AA00006D2002302F1C052835408308142FBD871
:103AB000BFF34F8FBFF36F8F704700BF01224FF4EA
:103AC00080410148FFF7EABF00C0FF0308B52DEDB4
:103AD000028B08EE100A00F01DF8B4EE488AF1EEF1
:103AE00010FA06D6DFED0A8AB4EEE88AF1EE10FA93
:103AF00002D4BDEC028B08BD00F012FAC8EEA87A21
:103B0000034621221A60BDEC028B17EE900A08BD15
:103B10000000000007EE900AF1EEE77A17EE900A37
:103B2000704700BFC0F3C75200280146A2F17F0CC6
:103B3000ACBF01204FF0FF30BCF11E0F0FDCBCF119
:103B4000000F1EDBC1F31603BCF1160F43F4000394
:103B50000CDD963A03FA02F202FB00F0704707EE22
:103B6000901AFDEEE77A17EE900A70474FF4800244
:103B7000CCF1170142FA0CF21A44CA4002FB00F0E1
:103B80007047BCF1FF3F18BF0020704781F0004133
:103B900002E000BF83F0004330B54FEA41044FEA32
:103BA000430594EA050F08BF90EA020F1FBF54EACD
:103BB000000C55EA020C7FEA645C7FEA655C00F069
:103BC000E2804FEA5454D4EB5555B8BF6D420CDD3A
:103BD0002C4480EA020281EA030382EA000083EABD
:103BE000010180EA020281EA0303362D88BF30BD5D
:103BF00011F0004F4FEA01314FF4801C4CEA1131B3
:103C000002D0404261EB410113F0004F4FEA033311
:103C10004CEA133302D0524263EB430394EA050F9C
:103C200000F0A780A4F10104D5F1200E0DDB02FA0B
:103C30000EFC22FA05F2801841F1000103FA0EF29F
:103C4000801843FA05F359410EE0A5F120050EF165
:103C5000200E012A03FA0EFC28BF4CF0020C43FA96
:103C600005F3C01851EBE37101F0004507D54FF0A3
:103C7000000EDCF1000C7EEB00006EEB0101B1F5F3
:103C8000801F1BD3B1F5001F0CD349085FEA300039
:103C90004FEA3C0C04F101044FEA445212F5800F44
:103CA00080F09A80BCF1004F08BF5FEA500C50F1E1
:103CB000000041EB045141EA050130BD5FEA4C0CC4
:103CC000404141EB0101013C28BFB1F5801FE9D221
:103CD00091F0000F04BF01460020B1FA81F308BF44
:103CE0002033A3F10B03B3F120020CDA0C3208DD10
:103CF00002F1140CC2F10C0201FA0CF021FA02F1EB
:103D00000CE002F11402D8BFC2F1200C01FA02F15A
:103D100020FA0CFCDCBF41EA0C019040E41AA2BF7F
:103D200001EB0451294330BD6FEA04041F3C1CDA47
:103D30000C340EDC04F11404C4F1200220FA04F067
:103D400001FA02F340EA030021FA04F345EA030111
:103D500030BDC4F10C04C4F1200220FA02F001FAD3
:103D600004F340EA0300294630BD21FA04F0294655
:103D700030BD94F0000F83F4801306BF81F48011EE
:103D80000134013D4EE77FEA645C18BF7FEA655C61
:103D900029D094EA050F08BF90EA020F05D054EA33
:103DA000000C04BF1946104630BD91EA030F1EBF38
:103DB0000021002030BD5FEA545C05D1400049413C
:103DC00028BF41F0004130BD14F580043CBF01F52F
:103DD000801130BD01F0004545F0FE4141F4700115
:103DE0004FF0000030BD7FEA645C1ABF19461046F0
:103DF0007FEA655C1CBF0B46024650EA013406BFF1
:103E000052EA033591EA030F41F4002130BD00BFAF
:103E100090F0000F04BF0021704730B54FF480646C
:103E200004F132044FF000054FF0000150E700BFED
:103E300090F0000F04BF0021704730B54FF480644C
:103E400004F1320410F0004548BF40424FF0000139
:103E50003EE700BF42004FEAE2014FEA31014FEA7C
:103E600002701FBF12F07F4393F07F4F81F06051CB
:103E7000704732F07F4208BF704793F07F4F04BF16
:103E800041F40021704730B54FF4607401F00045F3
:103E900021F000411CE700BF50EA010208BF704753
:103EA00030B54FF000050AE050EA010208BF704744
:103EB00030B511F0004502D5404261EB41014FF4AD
:103EC000806404F132045FEA915C3FF4D8AE4FF0B5
:103ED00003025FEADC0C18BF03325FEADC0C18BF98
:103EE000033202EBDC02C2F1200300FA03FC20FAE9
:103EF00002F001FA03FE40EA0E0021FA02F1144436
:103F0000BDE600BF000000005FF800F0257B021056
:103F10005FF800F0112600105FF800F0E553021082
:103F20005FF800F07D7802105FF800F07D39021034
:103F30005FF800F0953402105FF800F0811802106D
:103F40005FF800F049C901105FF800F01D3500105E
:103F50005FF800F0410502105FF800F0990A0210C6
:103F60005FF800F0D51E02105FF800F0891902100A
:103F70005FF800F0F58901105FF800F0BD2D00102A
:103F80005FF800F03D70021001000000FCE7021035
:103F900000000000000000005F00000007000000BB
:103FA00002000000250000000200000000000000E8
:103FB0000000000061000000070000000300000096
:103FC00025000000020000000000000000000000CA
:103FD000630000000700000004000000250000004E
:103FE000020000000000000000000000650000006A
:103FF000070000000500000025000000020000008E
:104000000000000000000000660000000700000043
:104010000600000025000000020000000000000073
:10402000000000006700000007000000070000001B
:104030002500000002000000000000000000000059
:104040006A000000070000000800000024000000D3
:104050000200000000000000000000006C000000F2
:10406000070000000900000024000000020000001A
:1040700000000000000000006E00000007000000CB
:104080000A00000024000000020000000000000000
:104090000000000070000000070000000B0000009E
:1040A00024000000020000000000000000000000EA
:1040B00071000000070000000C0000002400000058
:1040C000020000000000000000000000720000007C
:1040D000070000000D0000002400000002000000A6
:1040E00000000000000000007F000000060000004B
:1040F0001400000024000000000000000000000088
:10410000000000008C00000001000000FF00000023
:10411000FF000000000000000000000000000000A0
:104120008A00000000000000FF000000FF00000007
:104130000000000000000000000000008B000000F4
:1041400000000000FF000000FF0000000000000071
:1041500000000000000000009300000009000000C3
:104160001C0000002400000000000000000000000F
:104170000000000094000000090000001D00000085
:10418000240000000000000000000000000000000B
:104190009500000009000000240000002400000039
:1041A0000000000000000000000000009600000079
:1041B00009000000250000002400000000000000AD
:1041C000000000000000000097000000090000004F
:1041D0002600000024000000000000000000000095
:1041E0000000000098000000090000002700000007
:1041F000240000000000000000000000000000009B
:10420000AA0000000B0000001E00000024000000B7
:10421000001000000000000000000000AB000000E3
:104220000B0000001F000000240000000010000030
:104230000000000000000000AC0000000B000000C7
:10424000200000002400000000100000000000001A
:1042500000000000AD0000000B0000002100000085
:10426000240000000010000000000000000000001A
:10427000AE0000000B00000022000000240000003F
:10428000001000000000000000000000AF0000006F
:104290000B000000230000002400000000100000BC
:1042A00000000000000000001F00000000000000EF
:1042B00000001500000200002300000000000000C4
:1042C00000000000000000002400000000000000CA
:1042D00000001600000200002300000000000000A3
:1042E00000000000000000002900000000000000A5
:1042F0000000170000020000230000000000000082
:1043000000000000000000002E000000000000007F
:104310000000180000020000230000000000000060
:10432000000000000000000031000000000000005C
:10433000000019000002000023000000000000003F
:104340000000000000000000340000000000000039
:1043500000001A000002000023000000000000001E
:1043600000000000000000000F000000000000003E
:1043700000000E0000000400230000000000000008
:10438000000000000000000010000000000000001D
:1043900000000F00000004002300000000000000E7
:1043A00000000000000000001100000000000000FC
:1043B00000001000000004002300000000000000C6
:1043C00000000000000000001200000000000000DB
:1043D00000001100000004002300000000000000A5
:1043E00000000000000000001300000000000000BA
:1043F0000000120000000400230000000000000084
:104400000000000000000000140000000000000098
:104410000000130000000400230000000000000062
:10442000000000000000000041000000000000004B
:1044300000001B000000100023000000000000002E
:104440000000000000000000146400008AFFFF006C
:10445000FF000000000000008CFFFF00FF000000D4
:10446000000000008BFFFF00FF00000000000000C4
:1044700001000000EC2B00200000000000001500EF
:104480001D1900109D0700209D070020FF0000005F
:10449000000800000008000000000000000000000C
:1044A000000000000000000000000000000000000C
:1044B0000000803F0000803F0000803F0000803F00
:1044C0000000803F0000803F3C2C002001160000CF
:1044D000B00903106800000018F602106A0000001E
:1044E000C8F2021000000000000000004563011047
:1044F00000000000000000000000000000000000BC
:10450000737465702F6D6D00000000006D6D2F736A
:1045100065635E32000000006D6D2F6D696E0000F6
:104520006D6D00004175746F206D6F756E74205352
:104530004420636172642C48696465204C6974741A
:104540006C65465300000000582D417869732C5962
:104550002D417869732C5A2D417869730000000051
:10456000466C6F6F642C4D69737400005370696EF4
:10457000646C6520656E61626C652C5370696E6455
:104580006C6520646972656374696F6E2C50574D59
:104590000000000052657365742C466565642068F0
:1045A0006F6C642C4379636C652073746172742C36
:1045B00053616665747920646F6F722C426C6F630F
:1045C0006B2064656C6574652C4F7074696F6E61E7
:1045D0006C2073746F702C4553746F702C50726F15
:1045E000626520636F6E6E65637465642C4D6F74D5
:1045F0006F72206661756C742C4D6F746F722077CA
:1046000061726E696E672C4C696D697473206F7688
:104610006572726964652C53696E676C652073748A
:10462000657020626C6F636B73000000416C6C6F8F
:10463000772066656564206F766572726964652CA3
:104640004170706C7920736F6674206C696D697449
:10465000732C4E2F412C4175746F2073656C65630C
:104660007420746F6F6C7365747465722C4175740B
:104670006F2073656C6563742070726F62652032A1
:1046800000000000456E61626C652C456E61626CD5
:10469000652073696E676C65206178697320636F4C
:1046A0006D6D616E64732C486F6D696E67206F6EFF
:1046B00020737461727475702072657175697265AA
:1046C000642C536574206D616368696E65206F7238
:1046D0006967696E20746F20302C54776F20737770
:1046E00069746368657320736861726573206F6EA7
:1046F0006520696E7075742C416C6C6F77206D61EC
:104700006E75616C2C4F76657272696465206C6F92
:10471000636B732C4E2F412C557365206C696D694A
:10472000742073776974636865732C5065722061B7
:10473000786973206665656472617465732C52755F
:104740006E20737461727475702073637269707413
:1047500073206F6E6C79206F6E20686F6D696E6765
:1047600020636F6D706C65746564000050726F62D9
:10477000652C546F6F6C7365747465722C50726F16
:104780006265203200000000A594011006000000C0
:104790000000000000000000000000000000000019
:1047A0000000000000000000000000000000000009
:1047B00000000000000000000000000000000000F9
:1047C00000000000000000000000000000000000E9
:1047D00000000000000000000000000000000000D9
:1047E0009D070020582F002001000000580D0310E5
:1047F00000000000682F002031000000600D031051
:104800000000000000000000120000007010031003
:104810000000000040000000001103100000000034
:10482000FFFFFFFF01010000F0160310020000006F
:104830009016031002000000801603100000000014
:1048400000000000456301100000000000000000AF
:104850000000000000000000000000000000000058
:104860000000000000000000000000000000000048
:104870000000000000000000000000000000000038
:104880000000000000000000000000000000000028
:104890000000000000000000000000000000000018
:1048A0000000000000000000000000000000000008
:1048B00000000000000000000000000000000000F8
:1048C00000000000000000000000000000000000E8
:1048D00000000000000000000000000000000000D8
:1048E00000000000000000000000000000000000C8
:1048F00000000000000000000000000000000000B8
:104900000000000000000000000000000700FFFFA2
:10491000FFFF00000800575E0000000000000000DC
:104920000000000000000000000000000000000087
:104930000000000001000000000000000000000076
:104940000000000000000000000000000000000067
:104950000000000000000000000000000000000057
:104960000000000000000000000000000000000047
:104970000000000000000000000000000000000037
:104980000000000000000000000000000000000027
:104990000000000000000000000000000000000017
:1049A0000000000000000000000000000000000007
:1049B00000000000000000000000000000000000F7
:1049C00000000000000000000000000000000000E7
:1049D00000000000000000000000000000000000D7
:1049E00000000000000000000700FFFFFFFF0000C4
:1049F0000800AAB100000000000000000000000054
:104A000000000000000000000000000000000000A6
:104A10000200000000000000000000000000000094
:104A20000000000000000000000000000000000086
:104A30000000000000000000000000000000000076
:104A40000000000000000000000000000000000066
:104A50000000000000000000000000000000000056
:104A60000000000000000000000000000000000046
:104A70000000000000000000000000000000000036
:104A80000000000000000000000000000000000026
:104A90000000000000000000000000000000000016
:104AA0000000000000000000000000000000000006
:104AB00000000000000000000000000000000000F6
:104AC000000000001700FFFFFFFF000018003F5626
:104AD00000000000000000000000000000000000D6
:104AE00000000000000000000000000003000000C3
:104AF00000000000000000000000000000000000B6
:104B000000000000000000000000000000000000A5
:104B10000000000000000000000000000000000095
:104B20000000000000000000000000000000000085
:104B30000000000000000000000000000000000075
:104B40000000000000000000000000000000000065
:104B50000000000000000000000000000000000055
:104B60000000000000000000000000000000000045
:104B70000000000000000000000000000000000035
:104B80000000000000000000000000000000000025
:104B90000000000000000000000000000000000015
:104BA0001700FFFFFFFF0000180092A9000000009F
:104BB00000000000000000000000000000000000F5
:104BC00000000000000000001000000000000000D5
:104BD00000000100000000000000000000000200D2
:104BE00000000000000000000000030000000000C2
:104BF000000000000000FF000000000001B5486850
:104C000001318E460047704609380149884701BD89
:104C1000D1100210000000000000000000000000A1
:104C20000000000000000000F0390020B84500201E
:104C300010000C0000000000000000000000000058
:104C40000000000000000000FF000000FFFFFFFF69
:104C50000000020000000000000000000000000052
:104C6000C8330020C8330020D0330020D0330020C8
:104C7000D8330020D8330020E0330020E033002078
:104C8000E8330020E8330020F0330020F033002028
:104C9000F8330020F83300200034002000340020D6
:104CA0000834002008340020103400201034002084
:104CB0001834002018340020203400202034002034
:104CC00028340020283400203034002030340020E4
:104CD0003834002038340020403400204034002094
:104CE0004834002048340020503400205034002044
:104CF00058340020583400206034002060340020F4
:104D000068340020683400207034002070340020A3
:104D10007834002078340020803400208034002053
:104D20008834002088340020903400209034002003
:104D30009834002098340020A0340020A0340020B3
:104D4000A8340020A8340020B0340020B034002063
:104D5000B8340020B8340020C0340020C034002013
:104D6000C8340020C8340020D0340020D0340020C3
:104D7000D8340020D8340020E0340020E034002073
:104D8000E8340020E8340020F0340020F034002023
:104D9000F8340020F83400200035002000350020D1
:104DA000083500200835002010350020103500207F
:104DB000183500201835002020350020203500202F
:104DC00028350020283500203035002030350020DF
:104DD000383500203835002040350020403500208F
:104DE000483500204835002050350020503500203F
:104DF00058350020583500206035002060350020EF
:104E0000683500206835002070350020703500209E
:104E1000783500207835002080350020803500204E
:104E200088350020883500209035002090350020FE
:104E30009835002098350020A0350020A0350020AE
:104E4000A8350020A8350020B0350020B03500205E
:104E5000B8350020B8350020C0350020C03500200E
:104E6000C8350020C8350020D0350020D0350020BE
:104E7000D8350020D8350020E0350020E03500206E
:104E8000E8350020E8350020F0350020F03500201E
:104E9000F8350020F83500200036002000360020CC
:104EA000083600200836002010360020103600207A
:104EB000183600201836002020360020203600202A
:104EC00028360020283600203036002030360020DA
:104ED000383600203836002040360020403600208A
:104EE000483600204836002050360020503600203A
:104EF00058360020583600206036002060360020EA
:104F00006836002068360020703600207036002099
:104F10007836002078360020803600208036002049
:104F200088360020883600209036002090360020F9
:104F30009836002098360020A0360020A0360020A9
:104F4000A8360020A8360020B0360020B036002059
:104F5000B8360020B8360020C0360020C036002009
:104F6000C8360020C8360020D0360020D0360020B9
:104F7000D8360020D8360020E0360020E036002069
:104F8000E8360020E8360020F0360020F036002019
:104F9000F8360020F83600200037002000370020C7
:104FA0000837002008370020103700201037002075
:104FB0001837002018370020203700202037002025
:104FC00028370020283700203037002030370020D5
:104FD0003837002038370020403700204037002085
:104FE0004837002048370020503700205037002035
:104FF00058370020583700206037002060370020E5
:105000006837002068370020703700207037002094
:105010007837002078370020803700208037002044
:1050200088370020883700209037002090370020F4
:105030009837002098370020A0370020A0370020A4
:10504000A8370020A8370020B0370020B037002054
:10505000B8370020B8370020C0370020C037002004
:10506000D83700200000000000000000D4400020DD
:105070003C410020A441002000000000000000008E
:105080000000000000000000000000000000000020
:105090000000000000000000000000000000000010
:1050A0000000000000000000000000000000000000
:1050B00000000000000000000000000000000000F0
:1050C00000000000000000000000000000000000E0
:1050D00000000000000000000000000000000000D0
:1050E00000000000000000000000000000000000C0
:1050F00000000000000000000000000000000000B0
:1051000001000000000000000E33CDAB34126DE64C
:10511000ECDE05000B0000000000000000000000B5
:10512000000000000000000000000000000000007F
:10513000000000000000000000000000000000006F
:10514000000000000000000000000000000000005F
:10515000000000000000000000000000000000004F
:10516000000000000000000000000000000000003F
:10517000000000000000000000000000000000002F
:10518000000000000000000000000000000000001F
:10519000000000000000000000000000000000000F
:1051A00000000000000000000000000000000000FF
:1051B00000000000000000000000000000000000EF
:1051C00000000000000000000000000000000000DF
:1051D00000000000000000000000000000000000CF
:1051E00000000000000000000000000000000000BF
:1051F00000000000000000000000000000000000AF
:10520000000000000000000000000000000000009E
:10521000000000000000000000000000000000008E
:10522000000000000000000000000000000000007E
:10523000000000000000000000000000000000006E
:10524000000000000000000000000000000000005E
:10525000000000000000000000000000000000004E
:10526000000000000000000000000000000000003E
:10527000D3DEFFFFFE010000FF010000C8AEFCFF0F
:04528000793512ABBF
:040000051000014D99
:00000001FF
