ISO-10303-21;
HEADER;
/* Generated by software containing ST-Developer
 * from STEP Tools, Inc. (www.steptools.com) 
 */
/* OPTION: using custom schema-name function */

FILE_DESCRIPTION(
/* description */ (''),
/* implementation_level */ '2;1');

FILE_NAME(
/* name */ '436500328wbm000_01_214.stp',
/* time_stamp */ '2022-06-14T09:56:02+05:00',
/* author */ (''),
/* organization */ (''),
/* preprocessor_version */ 'ST-DEVELOPER v16.7',
/* originating_system */ 'SIEMENS PLM Software NX 1919',
/* authorisation */ '');

FILE_SCHEMA (('AUTOMOTIVE_DESIGN { 1 0 10303 214 3 1 1 1 }'));
ENDSEC;

DATA;
#10=SHAPE_REPRESENTATION_RELATIONSHIP('None',
'relationship between 436500328wbm000_01-None and 436500328wbm000_01-N
one',#22,#11);
#11=ADVANCED_BREP_SHAPE_REPRESENTATION('436500328wbm000_01-None',(#32),
#3523);
#12=SHAPE_DEFINITION_REPRESENTATION(#13,#22);
#13=PRODUCT_DEFINITION_SHAPE('','',#14);
#14=PRODUCT_DEFINITION(' ','',#16,#15);
#15=PRODUCT_DEFINITION_CONTEXT('part definition',#21,'design');
#16=PRODUCT_DEFINITION_FORMATION_WITH_SPECIFIED_SOURCE(' ',' ',#18,
 .NOT_KNOWN.);
#17=PRODUCT_RELATED_PRODUCT_CATEGORY('part','',(#18));
#18=PRODUCT('436500328wbm000_01','436500328wbm000_01',' ',(#19));
#19=PRODUCT_CONTEXT(' ',#21,'mechanical');
#20=APPLICATION_PROTOCOL_DEFINITION('international standard',
'automotive_design',2010,#21);
#21=APPLICATION_CONTEXT(
'core data for automotive mechanical design processes');
#22=SHAPE_REPRESENTATION('436500328wbm000_01-None',(#2232),#3523);
#23=PRESENTATION_LAYER_ASSIGNMENT('1','Layer 1',(#32));
#24=STYLED_ITEM('',(#25),#32);
#25=PRESENTATION_STYLE_ASSIGNMENT((#26));
#26=SURFACE_STYLE_USAGE(.BOTH.,#27);
#27=SURFACE_SIDE_STYLE('',(#28));
#28=SURFACE_STYLE_FILL_AREA(#29);
#29=FILL_AREA_STYLE('',(#30));
#30=FILL_AREA_STYLE_COLOUR('',#31);
#31=COLOUR_RGB('Medium Steel',0.596063172350652,0.666666666666667,0.686259250782025);
#32=MANIFOLD_SOLID_BREP('',#33);
#33=CLOSED_SHELL('',(#53,#54,#55,#56,#57,#58,#59,#60,#61,#62,#63,#64,#65,
#66,#67,#68,#69,#70,#71,#72,#73,#74,#75,#76,#77,#78,#79,#80,#81,#82,#83,
#84,#85,#86,#87,#88,#89,#90,#91,#92,#93,#94,#95,#96,#97,#98,#99,#100,#101,
#102,#103,#104,#105,#106,#107,#108,#109,#110,#111,#112,#113,#114,#115,#116,
#117,#118,#119,#120,#121,#122,#123,#124,#125,#126,#127,#128,#129,#130,#131,
#132,#133,#134,#135,#136,#137,#138,#139,#140,#141,#142,#143,#144,#145,#146,
#147,#148,#149,#150,#151,#152,#153,#154,#155,#156,#157,#158,#159,#160,#161,
#162,#163,#164,#165,#166,#167,#168,#169,#170,#171,#172,#173,#174,#175,#176,
#177,#178,#179,#180));
#34=FACE_BOUND('',#437,.T.);
#35=FACE_BOUND('',#438,.T.);
#36=FACE_BOUND('',#439,.T.);
#37=FACE_BOUND('',#440,.T.);
#38=FACE_BOUND('',#441,.T.);
#39=FACE_BOUND('',#442,.T.);
#40=FACE_BOUND('',#443,.T.);
#41=FACE_BOUND('',#447,.T.);
#42=FACE_BOUND('',#448,.T.);
#43=FACE_BOUND('',#449,.T.);
#44=FACE_BOUND('',#450,.T.);
#45=FACE_BOUND('',#451,.T.);
#46=FACE_BOUND('',#452,.T.);
#47=FACE_BOUND('',#482,.T.);
#48=FACE_BOUND('',#483,.T.);
#49=FACE_BOUND('',#489,.T.);
#50=FACE_BOUND('',#490,.T.);
#51=FACE_BOUND('',#496,.T.);
#52=FACE_BOUND('',#497,.T.);
#53=ADVANCED_FACE('',(#309),#181,.F.);
#54=ADVANCED_FACE('',(#310),#182,.T.);
#55=ADVANCED_FACE('',(#311),#183,.T.);
#56=ADVANCED_FACE('',(#312),#184,.T.);
#57=ADVANCED_FACE('',(#313),#185,.T.);
#58=ADVANCED_FACE('',(#314),#186,.T.);
#59=ADVANCED_FACE('',(#315),#187,.T.);
#60=ADVANCED_FACE('',(#34,#35,#36,#37),#188,.F.);
#61=ADVANCED_FACE('',(#38,#39,#40),#189,.T.);
#62=ADVANCED_FACE('',(#316),#190,.T.);
#63=ADVANCED_FACE('',(#317),#191,.T.);
#64=ADVANCED_FACE('',(#318),#192,.T.);
#65=ADVANCED_FACE('',(#41,#42,#43,#44),#193,.T.);
#66=ADVANCED_FACE('',(#45,#46),#194,.T.);
#67=ADVANCED_FACE('',(#319),#195,.T.);
#68=ADVANCED_FACE('',(#320),#196,.F.);
#69=ADVANCED_FACE('',(#321),#197,.F.);
#70=ADVANCED_FACE('',(#322),#198,.F.);
#71=ADVANCED_FACE('',(#323),#199,.F.);
#72=ADVANCED_FACE('',(#324),#200,.T.);
#73=ADVANCED_FACE('',(#325),#201,.T.);
#74=ADVANCED_FACE('',(#326),#202,.T.);
#75=ADVANCED_FACE('',(#327),#203,.T.);
#76=ADVANCED_FACE('',(#328),#204,.T.);
#77=ADVANCED_FACE('',(#329),#205,.T.);
#78=ADVANCED_FACE('',(#330),#206,.F.);
#79=ADVANCED_FACE('',(#331),#207,.T.);
#80=ADVANCED_FACE('',(#332),#208,.T.);
#81=ADVANCED_FACE('',(#333),#209,.T.);
#82=ADVANCED_FACE('',(#334),#210,.F.);
#83=ADVANCED_FACE('',(#335),#211,.T.);
#84=ADVANCED_FACE('',(#336),#212,.T.);
#85=ADVANCED_FACE('',(#337),#213,.T.);
#86=ADVANCED_FACE('',(#338),#214,.F.);
#87=ADVANCED_FACE('',(#339),#215,.F.);
#88=ADVANCED_FACE('',(#340),#216,.F.);
#89=ADVANCED_FACE('',(#341),#217,.T.);
#90=ADVANCED_FACE('',(#342),#218,.F.);
#91=ADVANCED_FACE('',(#343),#219,.F.);
#92=ADVANCED_FACE('',(#344),#220,.F.);
#93=ADVANCED_FACE('',(#345),#221,.F.);
#94=ADVANCED_FACE('',(#346),#222,.F.);
#95=ADVANCED_FACE('',(#347),#223,.F.);
#96=ADVANCED_FACE('',(#47,#48),#224,.T.);
#97=ADVANCED_FACE('',(#348),#225,.F.);
#98=ADVANCED_FACE('',(#349),#226,.F.);
#99=ADVANCED_FACE('',(#350),#227,.F.);
#100=ADVANCED_FACE('',(#351),#228,.F.);
#101=ADVANCED_FACE('',(#352),#229,.F.);
#102=ADVANCED_FACE('',(#49,#50),#230,.T.);
#103=ADVANCED_FACE('',(#353),#231,.F.);
#104=ADVANCED_FACE('',(#354),#232,.F.);
#105=ADVANCED_FACE('',(#355),#233,.F.);
#106=ADVANCED_FACE('',(#356),#234,.F.);
#107=ADVANCED_FACE('',(#357),#235,.F.);
#108=ADVANCED_FACE('',(#51,#52),#236,.T.);
#109=ADVANCED_FACE('',(#358),#237,.T.);
#110=ADVANCED_FACE('',(#359),#238,.T.);
#111=ADVANCED_FACE('',(#360),#239,.T.);
#112=ADVANCED_FACE('',(#361),#240,.F.);
#113=ADVANCED_FACE('',(#362),#241,.T.);
#114=ADVANCED_FACE('',(#363),#242,.T.);
#115=ADVANCED_FACE('',(#364),#243,.T.);
#116=ADVANCED_FACE('',(#365),#244,.T.);
#117=ADVANCED_FACE('',(#366),#245,.F.);
#118=ADVANCED_FACE('',(#367),#246,.T.);
#119=ADVANCED_FACE('',(#368),#247,.F.);
#120=ADVANCED_FACE('',(#369),#248,.T.);
#121=ADVANCED_FACE('',(#370),#249,.F.);
#122=ADVANCED_FACE('',(#371),#250,.F.);
#123=ADVANCED_FACE('',(#372),#251,.F.);
#124=ADVANCED_FACE('',(#373),#252,.F.);
#125=ADVANCED_FACE('',(#374),#253,.F.);
#126=ADVANCED_FACE('',(#375),#254,.T.);
#127=ADVANCED_FACE('',(#376),#255,.F.);
#128=ADVANCED_FACE('',(#377),#256,.F.);
#129=ADVANCED_FACE('',(#378),#257,.F.);
#130=ADVANCED_FACE('',(#379),#258,.T.);
#131=ADVANCED_FACE('',(#380),#259,.F.);
#132=ADVANCED_FACE('',(#381),#260,.F.);
#133=ADVANCED_FACE('',(#382),#261,.F.);
#134=ADVANCED_FACE('',(#383),#262,.T.);
#135=ADVANCED_FACE('',(#384),#263,.F.);
#136=ADVANCED_FACE('',(#385),#264,.F.);
#137=ADVANCED_FACE('',(#386),#265,.F.);
#138=ADVANCED_FACE('',(#387),#266,.T.);
#139=ADVANCED_FACE('',(#388),#267,.F.);
#140=ADVANCED_FACE('',(#389),#268,.F.);
#141=ADVANCED_FACE('',(#390),#269,.F.);
#142=ADVANCED_FACE('',(#391),#270,.F.);
#143=ADVANCED_FACE('',(#392),#271,.F.);
#144=ADVANCED_FACE('',(#393),#272,.T.);
#145=ADVANCED_FACE('',(#394),#273,.F.);
#146=ADVANCED_FACE('',(#395),#274,.F.);
#147=ADVANCED_FACE('',(#396),#275,.F.);
#148=ADVANCED_FACE('',(#397),#276,.T.);
#149=ADVANCED_FACE('',(#398),#277,.F.);
#150=ADVANCED_FACE('',(#399),#278,.F.);
#151=ADVANCED_FACE('',(#400),#279,.F.);
#152=ADVANCED_FACE('',(#401),#280,.T.);
#153=ADVANCED_FACE('',(#402),#281,.F.);
#154=ADVANCED_FACE('',(#403),#282,.F.);
#155=ADVANCED_FACE('',(#404),#283,.F.);
#156=ADVANCED_FACE('',(#405),#284,.T.);
#157=ADVANCED_FACE('',(#406),#285,.F.);
#158=ADVANCED_FACE('',(#407),#286,.F.);
#159=ADVANCED_FACE('',(#408),#287,.F.);
#160=ADVANCED_FACE('',(#409),#288,.F.);
#161=ADVANCED_FACE('',(#410),#289,.F.);
#162=ADVANCED_FACE('',(#411),#290,.T.);
#163=ADVANCED_FACE('',(#412),#291,.F.);
#164=ADVANCED_FACE('',(#413),#292,.F.);
#165=ADVANCED_FACE('',(#414),#293,.F.);
#166=ADVANCED_FACE('',(#415),#294,.T.);
#167=ADVANCED_FACE('',(#416),#295,.F.);
#168=ADVANCED_FACE('',(#417),#296,.F.);
#169=ADVANCED_FACE('',(#418),#297,.F.);
#170=ADVANCED_FACE('',(#419),#298,.T.);
#171=ADVANCED_FACE('',(#420),#299,.F.);
#172=ADVANCED_FACE('',(#421),#300,.F.);
#173=ADVANCED_FACE('',(#422),#301,.T.);
#174=ADVANCED_FACE('',(#423),#302,.T.);
#175=ADVANCED_FACE('',(#424),#303,.T.);
#176=ADVANCED_FACE('',(#425),#304,.T.);
#177=ADVANCED_FACE('',(#426),#305,.T.);
#178=ADVANCED_FACE('',(#427),#306,.T.);
#179=ADVANCED_FACE('',(#428),#307,.T.);
#180=ADVANCED_FACE('',(#429),#308,.T.);
#181=PLANE('',#2233);
#182=PLANE('',#2234);
#183=PLANE('',#2235);
#184=PLANE('',#2236);
#185=PLANE('',#2237);
#186=PLANE('',#2238);
#187=PLANE('',#2239);
#188=PLANE('',#2240);
#189=PLANE('',#2241);
#190=PLANE('',#2242);
#191=PLANE('',#2243);
#192=PLANE('',#2244);
#193=PLANE('',#2245);
#194=PLANE('',#2246);
#195=PLANE('',#2247);
#196=PLANE('',#2248);
#197=PLANE('',#2249);
#198=PLANE('',#2250);
#199=PLANE('',#2251);
#200=PLANE('',#2252);
#201=PLANE('',#2253);
#202=PLANE('',#2254);
#203=PLANE('',#2255);
#204=PLANE('',#2256);
#205=PLANE('',#2257);
#206=PLANE('',#2258);
#207=PLANE('',#2259);
#208=PLANE('',#2260);
#209=PLANE('',#2261);
#210=PLANE('',#2262);
#211=PLANE('',#2263);
#212=PLANE('',#2264);
#213=PLANE('',#2265);
#214=PLANE('',#2266);
#215=PLANE('',#2267);
#216=PLANE('',#2268);
#217=PLANE('',#2269);
#218=PLANE('',#2270);
#219=PLANE('',#2271);
#220=PLANE('',#2272);
#221=PLANE('',#2273);
#222=PLANE('',#2274);
#223=PLANE('',#2275);
#224=PLANE('',#2276);
#225=PLANE('',#2277);
#226=PLANE('',#2278);
#227=PLANE('',#2279);
#228=PLANE('',#2280);
#229=PLANE('',#2281);
#230=PLANE('',#2282);
#231=PLANE('',#2283);
#232=PLANE('',#2284);
#233=PLANE('',#2285);
#234=PLANE('',#2286);
#235=PLANE('',#2287);
#236=PLANE('',#2288);
#237=PLANE('',#2289);
#238=PLANE('',#2290);
#239=PLANE('',#2291);
#240=PLANE('',#2292);
#241=PLANE('',#2293);
#242=PLANE('',#2294);
#243=PLANE('',#2295);
#244=PLANE('',#2296);
#245=PLANE('',#2297);
#246=PLANE('',#2298);
#247=PLANE('',#2299);
#248=PLANE('',#2300);
#249=PLANE('',#2301);
#250=PLANE('',#2302);
#251=PLANE('',#2303);
#252=PLANE('',#2304);
#253=PLANE('',#2305);
#254=PLANE('',#2306);
#255=PLANE('',#2307);
#256=PLANE('',#2308);
#257=PLANE('',#2309);
#258=PLANE('',#2310);
#259=PLANE('',#2311);
#260=PLANE('',#2312);
#261=PLANE('',#2313);
#262=PLANE('',#2314);
#263=PLANE('',#2315);
#264=PLANE('',#2316);
#265=PLANE('',#2317);
#266=PLANE('',#2318);
#267=PLANE('',#2319);
#268=PLANE('',#2320);
#269=PLANE('',#2321);
#270=PLANE('',#2322);
#271=PLANE('',#2323);
#272=PLANE('',#2324);
#273=PLANE('',#2325);
#274=PLANE('',#2326);
#275=PLANE('',#2327);
#276=PLANE('',#2328);
#277=PLANE('',#2329);
#278=PLANE('',#2330);
#279=PLANE('',#2331);
#280=PLANE('',#2332);
#281=PLANE('',#2333);
#282=PLANE('',#2334);
#283=PLANE('',#2335);
#284=PLANE('',#2336);
#285=PLANE('',#2337);
#286=PLANE('',#2338);
#287=PLANE('',#2339);
#288=PLANE('',#2340);
#289=PLANE('',#2341);
#290=PLANE('',#2342);
#291=PLANE('',#2343);
#292=PLANE('',#2344);
#293=PLANE('',#2345);
#294=PLANE('',#2346);
#295=PLANE('',#2347);
#296=PLANE('',#2348);
#297=PLANE('',#2349);
#298=PLANE('',#2350);
#299=PLANE('',#2351);
#300=PLANE('',#2352);
#301=PLANE('',#2353);
#302=PLANE('',#2354);
#303=PLANE('',#2355);
#304=PLANE('',#2356);
#305=PLANE('',#2357);
#306=PLANE('',#2358);
#307=PLANE('',#2359);
#308=PLANE('',#2360);
#309=FACE_OUTER_BOUND('',#430,.T.);
#310=FACE_OUTER_BOUND('',#431,.T.);
#311=FACE_OUTER_BOUND('',#432,.T.);
#312=FACE_OUTER_BOUND('',#433,.T.);
#313=FACE_OUTER_BOUND('',#434,.T.);
#314=FACE_OUTER_BOUND('',#435,.T.);
#315=FACE_OUTER_BOUND('',#436,.T.);
#316=FACE_OUTER_BOUND('',#444,.T.);
#317=FACE_OUTER_BOUND('',#445,.T.);
#318=FACE_OUTER_BOUND('',#446,.T.);
#319=FACE_OUTER_BOUND('',#453,.T.);
#320=FACE_OUTER_BOUND('',#454,.T.);
#321=FACE_OUTER_BOUND('',#455,.T.);
#322=FACE_OUTER_BOUND('',#456,.T.);
#323=FACE_OUTER_BOUND('',#457,.T.);
#324=FACE_OUTER_BOUND('',#458,.T.);
#325=FACE_OUTER_BOUND('',#459,.T.);
#326=FACE_OUTER_BOUND('',#460,.T.);
#327=FACE_OUTER_BOUND('',#461,.T.);
#328=FACE_OUTER_BOUND('',#462,.T.);
#329=FACE_OUTER_BOUND('',#463,.T.);
#330=FACE_OUTER_BOUND('',#464,.T.);
#331=FACE_OUTER_BOUND('',#465,.T.);
#332=FACE_OUTER_BOUND('',#466,.T.);
#333=FACE_OUTER_BOUND('',#467,.T.);
#334=FACE_OUTER_BOUND('',#468,.T.);
#335=FACE_OUTER_BOUND('',#469,.T.);
#336=FACE_OUTER_BOUND('',#470,.T.);
#337=FACE_OUTER_BOUND('',#471,.T.);
#338=FACE_OUTER_BOUND('',#472,.T.);
#339=FACE_OUTER_BOUND('',#473,.T.);
#340=FACE_OUTER_BOUND('',#474,.T.);
#341=FACE_OUTER_BOUND('',#475,.T.);
#342=FACE_OUTER_BOUND('',#476,.T.);
#343=FACE_OUTER_BOUND('',#477,.T.);
#344=FACE_OUTER_BOUND('',#478,.T.);
#345=FACE_OUTER_BOUND('',#479,.T.);
#346=FACE_OUTER_BOUND('',#480,.T.);
#347=FACE_OUTER_BOUND('',#481,.T.);
#348=FACE_OUTER_BOUND('',#484,.T.);
#349=FACE_OUTER_BOUND('',#485,.T.);
#350=FACE_OUTER_BOUND('',#486,.T.);
#351=FACE_OUTER_BOUND('',#487,.T.);
#352=FACE_OUTER_BOUND('',#488,.T.);
#353=FACE_OUTER_BOUND('',#491,.T.);
#354=FACE_OUTER_BOUND('',#492,.T.);
#355=FACE_OUTER_BOUND('',#493,.T.);
#356=FACE_OUTER_BOUND('',#494,.T.);
#357=FACE_OUTER_BOUND('',#495,.T.);
#358=FACE_OUTER_BOUND('',#498,.T.);
#359=FACE_OUTER_BOUND('',#499,.T.);
#360=FACE_OUTER_BOUND('',#500,.T.);
#361=FACE_OUTER_BOUND('',#501,.T.);
#362=FACE_OUTER_BOUND('',#502,.T.);
#363=FACE_OUTER_BOUND('',#503,.T.);
#364=FACE_OUTER_BOUND('',#504,.T.);
#365=FACE_OUTER_BOUND('',#505,.T.);
#366=FACE_OUTER_BOUND('',#506,.T.);
#367=FACE_OUTER_BOUND('',#507,.T.);
#368=FACE_OUTER_BOUND('',#508,.T.);
#369=FACE_OUTER_BOUND('',#509,.T.);
#370=FACE_OUTER_BOUND('',#510,.T.);
#371=FACE_OUTER_BOUND('',#511,.T.);
#372=FACE_OUTER_BOUND('',#512,.T.);
#373=FACE_OUTER_BOUND('',#513,.T.);
#374=FACE_OUTER_BOUND('',#514,.T.);
#375=FACE_OUTER_BOUND('',#515,.T.);
#376=FACE_OUTER_BOUND('',#516,.T.);
#377=FACE_OUTER_BOUND('',#517,.T.);
#378=FACE_OUTER_BOUND('',#518,.T.);
#379=FACE_OUTER_BOUND('',#519,.T.);
#380=FACE_OUTER_BOUND('',#520,.T.);
#381=FACE_OUTER_BOUND('',#521,.T.);
#382=FACE_OUTER_BOUND('',#522,.T.);
#383=FACE_OUTER_BOUND('',#523,.T.);
#384=FACE_OUTER_BOUND('',#524,.T.);
#385=FACE_OUTER_BOUND('',#525,.T.);
#386=FACE_OUTER_BOUND('',#526,.T.);
#387=FACE_OUTER_BOUND('',#527,.T.);
#388=FACE_OUTER_BOUND('',#528,.T.);
#389=FACE_OUTER_BOUND('',#529,.T.);
#390=FACE_OUTER_BOUND('',#530,.T.);
#391=FACE_OUTER_BOUND('',#531,.T.);
#392=FACE_OUTER_BOUND('',#532,.T.);
#393=FACE_OUTER_BOUND('',#533,.T.);
#394=FACE_OUTER_BOUND('',#534,.T.);
#395=FACE_OUTER_BOUND('',#535,.T.);
#396=FACE_OUTER_BOUND('',#536,.T.);
#397=FACE_OUTER_BOUND('',#537,.T.);
#398=FACE_OUTER_BOUND('',#538,.T.);
#399=FACE_OUTER_BOUND('',#539,.T.);
#400=FACE_OUTER_BOUND('',#540,.T.);
#401=FACE_OUTER_BOUND('',#541,.T.);
#402=FACE_OUTER_BOUND('',#542,.T.);
#403=FACE_OUTER_BOUND('',#543,.T.);
#404=FACE_OUTER_BOUND('',#544,.T.);
#405=FACE_OUTER_BOUND('',#545,.T.);
#406=FACE_OUTER_BOUND('',#546,.T.);
#407=FACE_OUTER_BOUND('',#547,.T.);
#408=FACE_OUTER_BOUND('',#548,.T.);
#409=FACE_OUTER_BOUND('',#549,.T.);
#410=FACE_OUTER_BOUND('',#550,.T.);
#411=FACE_OUTER_BOUND('',#551,.T.);
#412=FACE_OUTER_BOUND('',#552,.T.);
#413=FACE_OUTER_BOUND('',#553,.T.);
#414=FACE_OUTER_BOUND('',#554,.T.);
#415=FACE_OUTER_BOUND('',#555,.T.);
#416=FACE_OUTER_BOUND('',#556,.T.);
#417=FACE_OUTER_BOUND('',#557,.T.);
#418=FACE_OUTER_BOUND('',#558,.T.);
#419=FACE_OUTER_BOUND('',#559,.T.);
#420=FACE_OUTER_BOUND('',#560,.T.);
#421=FACE_OUTER_BOUND('',#561,.T.);
#422=FACE_OUTER_BOUND('',#562,.T.);
#423=FACE_OUTER_BOUND('',#563,.T.);
#424=FACE_OUTER_BOUND('',#564,.T.);
#425=FACE_OUTER_BOUND('',#565,.T.);
#426=FACE_OUTER_BOUND('',#566,.T.);
#427=FACE_OUTER_BOUND('',#567,.T.);
#428=FACE_OUTER_BOUND('',#568,.T.);
#429=FACE_OUTER_BOUND('',#569,.T.);
#430=EDGE_LOOP('',(#570,#571,#572,#573,#574,#575,#576));
#431=EDGE_LOOP('',(#577,#578,#579));
#432=EDGE_LOOP('',(#580,#581,#582));
#433=EDGE_LOOP('',(#583,#584,#585,#586));
#434=EDGE_LOOP('',(#587,#588,#589));
#435=EDGE_LOOP('',(#590,#591,#592));
#436=EDGE_LOOP('',(#593,#594,#595,#596));
#437=EDGE_LOOP('',(#597,#598,#599,#600));
#438=EDGE_LOOP('',(#601,#602,#603,#604));
#439=EDGE_LOOP('',(#605,#606,#607,#608));
#440=EDGE_LOOP('',(#609,#610,#611,#612,#613,#614,#615,#616));
#441=EDGE_LOOP('',(#617,#618,#619,#620));
#442=EDGE_LOOP('',(#621,#622,#623,#624));
#443=EDGE_LOOP('',(#625,#626,#627,#628,#629,#630,#631,#632,#633,#634,#635,
#636));
#444=EDGE_LOOP('',(#637,#638,#639,#640));
#445=EDGE_LOOP('',(#641,#642,#643,#644));
#446=EDGE_LOOP('',(#645,#646,#647,#648,#649,#650,#651,#652,#653,#654));
#447=EDGE_LOOP('',(#655,#656,#657,#658,#659));
#448=EDGE_LOOP('',(#660,#661,#662,#663,#664));
#449=EDGE_LOOP('',(#665,#666,#667,#668));
#450=EDGE_LOOP('',(#669,#670,#671,#672,#673,#674,#675,#676));
#451=EDGE_LOOP('',(#677,#678,#679,#680,#681,#682));
#452=EDGE_LOOP('',(#683,#684,#685,#686));
#453=EDGE_LOOP('',(#687,#688,#689,#690,#691,#692,#693,#694,#695,#696));
#454=EDGE_LOOP('',(#697,#698,#699,#700));
#455=EDGE_LOOP('',(#701,#702,#703,#704));
#456=EDGE_LOOP('',(#705,#706,#707,#708));
#457=EDGE_LOOP('',(#709,#710,#711,#712));
#458=EDGE_LOOP('',(#713,#714,#715,#716));
#459=EDGE_LOOP('',(#717,#718,#719,#720,#721));
#460=EDGE_LOOP('',(#722,#723,#724,#725,#726));
#461=EDGE_LOOP('',(#727,#728,#729,#730));
#462=EDGE_LOOP('',(#731,#732,#733,#734));
#463=EDGE_LOOP('',(#735,#736,#737));
#464=EDGE_LOOP('',(#738,#739,#740));
#465=EDGE_LOOP('',(#741,#742,#743,#744));
#466=EDGE_LOOP('',(#745,#746,#747,#748));
#467=EDGE_LOOP('',(#749,#750,#751));
#468=EDGE_LOOP('',(#752,#753,#754));
#469=EDGE_LOOP('',(#755,#756,#757,#758));
#470=EDGE_LOOP('',(#759,#760,#761,#762));
#471=EDGE_LOOP('',(#763,#764,#765,#766));
#472=EDGE_LOOP('',(#767,#768,#769,#770));
#473=EDGE_LOOP('',(#771,#772,#773,#774));
#474=EDGE_LOOP('',(#775,#776,#777,#778));
#475=EDGE_LOOP('',(#779,#780,#781,#782,#783,#784,#785));
#476=EDGE_LOOP('',(#786,#787,#788,#789));
#477=EDGE_LOOP('',(#790,#791,#792,#793));
#478=EDGE_LOOP('',(#794,#795,#796,#797));
#479=EDGE_LOOP('',(#798,#799,#800,#801));
#480=EDGE_LOOP('',(#802,#803,#804,#805));
#481=EDGE_LOOP('',(#806,#807,#808,#809));
#482=EDGE_LOOP('',(#810,#811,#812,#813));
#483=EDGE_LOOP('',(#814,#815,#816,#817));
#484=EDGE_LOOP('',(#818,#819,#820,#821));
#485=EDGE_LOOP('',(#822,#823,#824,#825));
#486=EDGE_LOOP('',(#826,#827,#828,#829));
#487=EDGE_LOOP('',(#830,#831,#832,#833));
#488=EDGE_LOOP('',(#834,#835,#836,#837));
#489=EDGE_LOOP('',(#838,#839,#840,#841));
#490=EDGE_LOOP('',(#842,#843,#844,#845,#846));
#491=EDGE_LOOP('',(#847,#848,#849,#850));
#492=EDGE_LOOP('',(#851,#852,#853,#854));
#493=EDGE_LOOP('',(#855,#856,#857,#858));
#494=EDGE_LOOP('',(#859,#860,#861,#862));
#495=EDGE_LOOP('',(#863,#864,#865,#866));
#496=EDGE_LOOP('',(#867,#868,#869,#870));
#497=EDGE_LOOP('',(#871,#872,#873,#874,#875));
#498=EDGE_LOOP('',(#876,#877,#878,#879));
#499=EDGE_LOOP('',(#880,#881,#882,#883));
#500=EDGE_LOOP('',(#884,#885,#886,#887));
#501=EDGE_LOOP('',(#888,#889,#890,#891));
#502=EDGE_LOOP('',(#892,#893,#894,#895));
#503=EDGE_LOOP('',(#896,#897,#898,#899));
#504=EDGE_LOOP('',(#900,#901,#902,#903));
#505=EDGE_LOOP('',(#904,#905,#906,#907));
#506=EDGE_LOOP('',(#908,#909,#910,#911));
#507=EDGE_LOOP('',(#912,#913,#914,#915));
#508=EDGE_LOOP('',(#916,#917,#918,#919));
#509=EDGE_LOOP('',(#920,#921,#922,#923));
#510=EDGE_LOOP('',(#924,#925,#926,#927));
#511=EDGE_LOOP('',(#928,#929,#930,#931));
#512=EDGE_LOOP('',(#932,#933,#934,#935));
#513=EDGE_LOOP('',(#936,#937,#938,#939));
#514=EDGE_LOOP('',(#940,#941,#942,#943));
#515=EDGE_LOOP('',(#944,#945,#946,#947));
#516=EDGE_LOOP('',(#948,#949,#950,#951));
#517=EDGE_LOOP('',(#952,#953,#954,#955));
#518=EDGE_LOOP('',(#956,#957,#958,#959));
#519=EDGE_LOOP('',(#960,#961,#962,#963));
#520=EDGE_LOOP('',(#964,#965,#966,#967));
#521=EDGE_LOOP('',(#968,#969,#970,#971));
#522=EDGE_LOOP('',(#972,#973,#974,#975));
#523=EDGE_LOOP('',(#976,#977,#978,#979));
#524=EDGE_LOOP('',(#980,#981,#982,#983));
#525=EDGE_LOOP('',(#984,#985,#986,#987));
#526=EDGE_LOOP('',(#988,#989,#990,#991));
#527=EDGE_LOOP('',(#992,#993,#994,#995));
#528=EDGE_LOOP('',(#996,#997,#998,#999));
#529=EDGE_LOOP('',(#1000,#1001,#1002,#1003));
#530=EDGE_LOOP('',(#1004,#1005,#1006,#1007));
#531=EDGE_LOOP('',(#1008,#1009,#1010,#1011));
#532=EDGE_LOOP('',(#1012,#1013,#1014,#1015));
#533=EDGE_LOOP('',(#1016,#1017,#1018,#1019));
#534=EDGE_LOOP('',(#1020,#1021,#1022,#1023));
#535=EDGE_LOOP('',(#1024,#1025,#1026,#1027));
#536=EDGE_LOOP('',(#1028,#1029,#1030,#1031));
#537=EDGE_LOOP('',(#1032,#1033,#1034,#1035));
#538=EDGE_LOOP('',(#1036,#1037,#1038,#1039));
#539=EDGE_LOOP('',(#1040,#1041,#1042,#1043));
#540=EDGE_LOOP('',(#1044,#1045,#1046,#1047));
#541=EDGE_LOOP('',(#1048,#1049,#1050,#1051));
#542=EDGE_LOOP('',(#1052,#1053,#1054,#1055));
#543=EDGE_LOOP('',(#1056,#1057,#1058,#1059));
#544=EDGE_LOOP('',(#1060,#1061,#1062,#1063));
#545=EDGE_LOOP('',(#1064,#1065,#1066,#1067));
#546=EDGE_LOOP('',(#1068,#1069,#1070,#1071));
#547=EDGE_LOOP('',(#1072,#1073,#1074,#1075));
#548=EDGE_LOOP('',(#1076,#1077,#1078,#1079));
#549=EDGE_LOOP('',(#1080,#1081,#1082,#1083));
#550=EDGE_LOOP('',(#1084,#1085,#1086,#1087));
#551=EDGE_LOOP('',(#1088,#1089,#1090,#1091));
#552=EDGE_LOOP('',(#1092,#1093,#1094,#1095));
#553=EDGE_LOOP('',(#1096,#1097,#1098,#1099));
#554=EDGE_LOOP('',(#1100,#1101,#1102,#1103));
#555=EDGE_LOOP('',(#1104,#1105,#1106,#1107));
#556=EDGE_LOOP('',(#1108,#1109,#1110,#1111));
#557=EDGE_LOOP('',(#1112,#1113,#1114,#1115));
#558=EDGE_LOOP('',(#1116,#1117,#1118,#1119));
#559=EDGE_LOOP('',(#1120,#1121,#1122,#1123));
#560=EDGE_LOOP('',(#1124,#1125,#1126,#1127));
#561=EDGE_LOOP('',(#1128,#1129,#1130,#1131));
#562=EDGE_LOOP('',(#1132,#1133,#1134,#1135));
#563=EDGE_LOOP('',(#1136,#1137,#1138,#1139,#1140));
#564=EDGE_LOOP('',(#1141,#1142,#1143,#1144));
#565=EDGE_LOOP('',(#1145,#1146,#1147,#1148,#1149));
#566=EDGE_LOOP('',(#1150,#1151,#1152));
#567=EDGE_LOOP('',(#1153,#1154,#1155));
#568=EDGE_LOOP('',(#1156,#1157,#1158));
#569=EDGE_LOOP('',(#1159,#1160,#1161));
#570=ORIENTED_EDGE('',*,*,#1344,.F.);
#571=ORIENTED_EDGE('',*,*,#1345,.T.);
#572=ORIENTED_EDGE('',*,*,#1346,.T.);
#573=ORIENTED_EDGE('',*,*,#1347,.T.);
#574=ORIENTED_EDGE('',*,*,#1348,.T.);
#575=ORIENTED_EDGE('',*,*,#1349,.T.);
#576=ORIENTED_EDGE('',*,*,#1350,.T.);
#577=ORIENTED_EDGE('',*,*,#1351,.T.);
#578=ORIENTED_EDGE('',*,*,#1352,.T.);
#579=ORIENTED_EDGE('',*,*,#1353,.F.);
#580=ORIENTED_EDGE('',*,*,#1354,.T.);
#581=ORIENTED_EDGE('',*,*,#1355,.T.);
#582=ORIENTED_EDGE('',*,*,#1356,.T.);
#583=ORIENTED_EDGE('',*,*,#1357,.F.);
#584=ORIENTED_EDGE('',*,*,#1358,.T.);
#585=ORIENTED_EDGE('',*,*,#1359,.F.);
#586=ORIENTED_EDGE('',*,*,#1360,.F.);
#587=ORIENTED_EDGE('',*,*,#1361,.T.);
#588=ORIENTED_EDGE('',*,*,#1362,.T.);
#589=ORIENTED_EDGE('',*,*,#1363,.F.);
#590=ORIENTED_EDGE('',*,*,#1364,.T.);
#591=ORIENTED_EDGE('',*,*,#1365,.T.);
#592=ORIENTED_EDGE('',*,*,#1366,.T.);
#593=ORIENTED_EDGE('',*,*,#1367,.F.);
#594=ORIENTED_EDGE('',*,*,#1368,.T.);
#595=ORIENTED_EDGE('',*,*,#1369,.F.);
#596=ORIENTED_EDGE('',*,*,#1370,.F.);
#597=ORIENTED_EDGE('',*,*,#1371,.F.);
#598=ORIENTED_EDGE('',*,*,#1372,.T.);
#599=ORIENTED_EDGE('',*,*,#1373,.F.);
#600=ORIENTED_EDGE('',*,*,#1374,.F.);
#601=ORIENTED_EDGE('',*,*,#1375,.F.);
#602=ORIENTED_EDGE('',*,*,#1376,.T.);
#603=ORIENTED_EDGE('',*,*,#1377,.F.);
#604=ORIENTED_EDGE('',*,*,#1378,.F.);
#605=ORIENTED_EDGE('',*,*,#1379,.F.);
#606=ORIENTED_EDGE('',*,*,#1380,.T.);
#607=ORIENTED_EDGE('',*,*,#1381,.F.);
#608=ORIENTED_EDGE('',*,*,#1382,.F.);
#609=ORIENTED_EDGE('',*,*,#1383,.F.);
#610=ORIENTED_EDGE('',*,*,#1370,.T.);
#611=ORIENTED_EDGE('',*,*,#1384,.T.);
#612=ORIENTED_EDGE('',*,*,#1385,.F.);
#613=ORIENTED_EDGE('',*,*,#1386,.F.);
#614=ORIENTED_EDGE('',*,*,#1360,.T.);
#615=ORIENTED_EDGE('',*,*,#1387,.F.);
#616=ORIENTED_EDGE('',*,*,#1388,.F.);
#617=ORIENTED_EDGE('',*,*,#1389,.F.);
#618=ORIENTED_EDGE('',*,*,#1390,.F.);
#619=ORIENTED_EDGE('',*,*,#1391,.T.);
#620=ORIENTED_EDGE('',*,*,#1392,.T.);
#621=ORIENTED_EDGE('',*,*,#1393,.F.);
#622=ORIENTED_EDGE('',*,*,#1394,.F.);
#623=ORIENTED_EDGE('',*,*,#1395,.T.);
#624=ORIENTED_EDGE('',*,*,#1396,.T.);
#625=ORIENTED_EDGE('',*,*,#1397,.F.);
#626=ORIENTED_EDGE('',*,*,#1398,.T.);
#627=ORIENTED_EDGE('',*,*,#1399,.T.);
#628=ORIENTED_EDGE('',*,*,#1400,.F.);
#629=ORIENTED_EDGE('',*,*,#1401,.T.);
#630=ORIENTED_EDGE('',*,*,#1402,.T.);
#631=ORIENTED_EDGE('',*,*,#1403,.T.);
#632=ORIENTED_EDGE('',*,*,#1404,.T.);
#633=ORIENTED_EDGE('',*,*,#1405,.T.);
#634=ORIENTED_EDGE('',*,*,#1385,.T.);
#635=ORIENTED_EDGE('',*,*,#1406,.T.);
#636=ORIENTED_EDGE('',*,*,#1407,.F.);
#637=ORIENTED_EDGE('',*,*,#1408,.T.);
#638=ORIENTED_EDGE('',*,*,#1409,.T.);
#639=ORIENTED_EDGE('',*,*,#1410,.F.);
#640=ORIENTED_EDGE('',*,*,#1411,.T.);
#641=ORIENTED_EDGE('',*,*,#1412,.T.);
#642=ORIENTED_EDGE('',*,*,#1413,.T.);
#643=ORIENTED_EDGE('',*,*,#1414,.F.);
#644=ORIENTED_EDGE('',*,*,#1415,.T.);
#645=ORIENTED_EDGE('',*,*,#1416,.T.);
#646=ORIENTED_EDGE('',*,*,#1417,.T.);
#647=ORIENTED_EDGE('',*,*,#1418,.T.);
#648=ORIENTED_EDGE('',*,*,#1345,.F.);
#649=ORIENTED_EDGE('',*,*,#1364,.F.);
#650=ORIENTED_EDGE('',*,*,#1367,.T.);
#651=ORIENTED_EDGE('',*,*,#1383,.T.);
#652=ORIENTED_EDGE('',*,*,#1419,.T.);
#653=ORIENTED_EDGE('',*,*,#1414,.T.);
#654=ORIENTED_EDGE('',*,*,#1420,.T.);
#655=ORIENTED_EDGE('',*,*,#1421,.F.);
#656=ORIENTED_EDGE('',*,*,#1422,.F.);
#657=ORIENTED_EDGE('',*,*,#1423,.F.);
#658=ORIENTED_EDGE('',*,*,#1424,.F.);
#659=ORIENTED_EDGE('',*,*,#1425,.F.);
#660=ORIENTED_EDGE('',*,*,#1426,.F.);
#661=ORIENTED_EDGE('',*,*,#1427,.F.);
#662=ORIENTED_EDGE('',*,*,#1428,.F.);
#663=ORIENTED_EDGE('',*,*,#1429,.F.);
#664=ORIENTED_EDGE('',*,*,#1430,.F.);
#665=ORIENTED_EDGE('',*,*,#1431,.F.);
#666=ORIENTED_EDGE('',*,*,#1432,.F.);
#667=ORIENTED_EDGE('',*,*,#1433,.F.);
#668=ORIENTED_EDGE('',*,*,#1434,.F.);
#669=ORIENTED_EDGE('',*,*,#1412,.F.);
#670=ORIENTED_EDGE('',*,*,#1435,.T.);
#671=ORIENTED_EDGE('',*,*,#1410,.T.);
#672=ORIENTED_EDGE('',*,*,#1436,.T.);
#673=ORIENTED_EDGE('',*,*,#1437,.T.);
#674=ORIENTED_EDGE('',*,*,#1400,.T.);
#675=ORIENTED_EDGE('',*,*,#1438,.F.);
#676=ORIENTED_EDGE('',*,*,#1439,.F.);
#677=ORIENTED_EDGE('',*,*,#1415,.F.);
#678=ORIENTED_EDGE('',*,*,#1419,.F.);
#679=ORIENTED_EDGE('',*,*,#1388,.T.);
#680=ORIENTED_EDGE('',*,*,#1440,.T.);
#681=ORIENTED_EDGE('',*,*,#1411,.F.);
#682=ORIENTED_EDGE('',*,*,#1435,.F.);
#683=ORIENTED_EDGE('',*,*,#1441,.T.);
#684=ORIENTED_EDGE('',*,*,#1442,.T.);
#685=ORIENTED_EDGE('',*,*,#1443,.F.);
#686=ORIENTED_EDGE('',*,*,#1444,.F.);
#687=ORIENTED_EDGE('',*,*,#1445,.F.);
#688=ORIENTED_EDGE('',*,*,#1446,.T.);
#689=ORIENTED_EDGE('',*,*,#1447,.F.);
#690=ORIENTED_EDGE('',*,*,#1448,.F.);
#691=ORIENTED_EDGE('',*,*,#1408,.F.);
#692=ORIENTED_EDGE('',*,*,#1440,.F.);
#693=ORIENTED_EDGE('',*,*,#1387,.T.);
#694=ORIENTED_EDGE('',*,*,#1359,.T.);
#695=ORIENTED_EDGE('',*,*,#1353,.T.);
#696=ORIENTED_EDGE('',*,*,#1449,.T.);
#697=ORIENTED_EDGE('',*,*,#1450,.T.);
#698=ORIENTED_EDGE('',*,*,#1441,.F.);
#699=ORIENTED_EDGE('',*,*,#1451,.F.);
#700=ORIENTED_EDGE('',*,*,#1452,.T.);
#701=ORIENTED_EDGE('',*,*,#1453,.T.);
#702=ORIENTED_EDGE('',*,*,#1454,.F.);
#703=ORIENTED_EDGE('',*,*,#1455,.F.);
#704=ORIENTED_EDGE('',*,*,#1443,.T.);
#705=ORIENTED_EDGE('',*,*,#1456,.T.);
#706=ORIENTED_EDGE('',*,*,#1452,.F.);
#707=ORIENTED_EDGE('',*,*,#1457,.F.);
#708=ORIENTED_EDGE('',*,*,#1454,.T.);
#709=ORIENTED_EDGE('',*,*,#1451,.T.);
#710=ORIENTED_EDGE('',*,*,#1444,.T.);
#711=ORIENTED_EDGE('',*,*,#1455,.T.);
#712=ORIENTED_EDGE('',*,*,#1457,.T.);
#713=ORIENTED_EDGE('',*,*,#1450,.F.);
#714=ORIENTED_EDGE('',*,*,#1456,.F.);
#715=ORIENTED_EDGE('',*,*,#1453,.F.);
#716=ORIENTED_EDGE('',*,*,#1442,.F.);
#717=ORIENTED_EDGE('',*,*,#1447,.T.);
#718=ORIENTED_EDGE('',*,*,#1458,.T.);
#719=ORIENTED_EDGE('',*,*,#1401,.F.);
#720=ORIENTED_EDGE('',*,*,#1437,.F.);
#721=ORIENTED_EDGE('',*,*,#1459,.F.);
#722=ORIENTED_EDGE('',*,*,#1399,.F.);
#723=ORIENTED_EDGE('',*,*,#1460,.T.);
#724=ORIENTED_EDGE('',*,*,#1416,.F.);
#725=ORIENTED_EDGE('',*,*,#1461,.F.);
#726=ORIENTED_EDGE('',*,*,#1438,.T.);
#727=ORIENTED_EDGE('',*,*,#1462,.T.);
#728=ORIENTED_EDGE('',*,*,#1463,.T.);
#729=ORIENTED_EDGE('',*,*,#1464,.F.);
#730=ORIENTED_EDGE('',*,*,#1439,.T.);
#731=ORIENTED_EDGE('',*,*,#1465,.T.);
#732=ORIENTED_EDGE('',*,*,#1420,.F.);
#733=ORIENTED_EDGE('',*,*,#1466,.F.);
#734=ORIENTED_EDGE('',*,*,#1463,.F.);
#735=ORIENTED_EDGE('',*,*,#1464,.T.);
#736=ORIENTED_EDGE('',*,*,#1466,.T.);
#737=ORIENTED_EDGE('',*,*,#1413,.F.);
#738=ORIENTED_EDGE('',*,*,#1462,.F.);
#739=ORIENTED_EDGE('',*,*,#1461,.T.);
#740=ORIENTED_EDGE('',*,*,#1465,.F.);
#741=ORIENTED_EDGE('',*,*,#1467,.T.);
#742=ORIENTED_EDGE('',*,*,#1436,.F.);
#743=ORIENTED_EDGE('',*,*,#1468,.F.);
#744=ORIENTED_EDGE('',*,*,#1469,.F.);
#745=ORIENTED_EDGE('',*,*,#1470,.T.);
#746=ORIENTED_EDGE('',*,*,#1469,.T.);
#747=ORIENTED_EDGE('',*,*,#1471,.F.);
#748=ORIENTED_EDGE('',*,*,#1448,.T.);
#749=ORIENTED_EDGE('',*,*,#1409,.F.);
#750=ORIENTED_EDGE('',*,*,#1471,.T.);
#751=ORIENTED_EDGE('',*,*,#1468,.T.);
#752=ORIENTED_EDGE('',*,*,#1459,.T.);
#753=ORIENTED_EDGE('',*,*,#1467,.F.);
#754=ORIENTED_EDGE('',*,*,#1470,.F.);
#755=ORIENTED_EDGE('',*,*,#1397,.T.);
#756=ORIENTED_EDGE('',*,*,#1472,.T.);
#757=ORIENTED_EDGE('',*,*,#1347,.F.);
#758=ORIENTED_EDGE('',*,*,#1473,.F.);
#759=ORIENTED_EDGE('',*,*,#1418,.F.);
#760=ORIENTED_EDGE('',*,*,#1474,.T.);
#761=ORIENTED_EDGE('',*,*,#1473,.T.);
#762=ORIENTED_EDGE('',*,*,#1346,.F.);
#763=ORIENTED_EDGE('',*,*,#1407,.T.);
#764=ORIENTED_EDGE('',*,*,#1475,.T.);
#765=ORIENTED_EDGE('',*,*,#1348,.F.);
#766=ORIENTED_EDGE('',*,*,#1472,.F.);
#767=ORIENTED_EDGE('',*,*,#1404,.F.);
#768=ORIENTED_EDGE('',*,*,#1476,.T.);
#769=ORIENTED_EDGE('',*,*,#1477,.T.);
#770=ORIENTED_EDGE('',*,*,#1478,.F.);
#771=ORIENTED_EDGE('',*,*,#1403,.F.);
#772=ORIENTED_EDGE('',*,*,#1479,.T.);
#773=ORIENTED_EDGE('',*,*,#1480,.T.);
#774=ORIENTED_EDGE('',*,*,#1476,.F.);
#775=ORIENTED_EDGE('',*,*,#1479,.F.);
#776=ORIENTED_EDGE('',*,*,#1481,.T.);
#777=ORIENTED_EDGE('',*,*,#1445,.T.);
#778=ORIENTED_EDGE('',*,*,#1482,.T.);
#779=ORIENTED_EDGE('',*,*,#1483,.F.);
#780=ORIENTED_EDGE('',*,*,#1484,.T.);
#781=ORIENTED_EDGE('',*,*,#1485,.T.);
#782=ORIENTED_EDGE('',*,*,#1477,.F.);
#783=ORIENTED_EDGE('',*,*,#1480,.F.);
#784=ORIENTED_EDGE('',*,*,#1482,.F.);
#785=ORIENTED_EDGE('',*,*,#1449,.F.);
#786=ORIENTED_EDGE('',*,*,#1474,.F.);
#787=ORIENTED_EDGE('',*,*,#1417,.F.);
#788=ORIENTED_EDGE('',*,*,#1460,.F.);
#789=ORIENTED_EDGE('',*,*,#1398,.F.);
#790=ORIENTED_EDGE('',*,*,#1481,.F.);
#791=ORIENTED_EDGE('',*,*,#1402,.F.);
#792=ORIENTED_EDGE('',*,*,#1458,.F.);
#793=ORIENTED_EDGE('',*,*,#1446,.F.);
#794=ORIENTED_EDGE('',*,*,#1431,.T.);
#795=ORIENTED_EDGE('',*,*,#1486,.T.);
#796=ORIENTED_EDGE('',*,*,#1487,.T.);
#797=ORIENTED_EDGE('',*,*,#1488,.F.);
#798=ORIENTED_EDGE('',*,*,#1434,.T.);
#799=ORIENTED_EDGE('',*,*,#1489,.T.);
#800=ORIENTED_EDGE('',*,*,#1490,.T.);
#801=ORIENTED_EDGE('',*,*,#1486,.F.);
#802=ORIENTED_EDGE('',*,*,#1433,.T.);
#803=ORIENTED_EDGE('',*,*,#1491,.T.);
#804=ORIENTED_EDGE('',*,*,#1492,.T.);
#805=ORIENTED_EDGE('',*,*,#1489,.F.);
#806=ORIENTED_EDGE('',*,*,#1432,.T.);
#807=ORIENTED_EDGE('',*,*,#1488,.T.);
#808=ORIENTED_EDGE('',*,*,#1493,.T.);
#809=ORIENTED_EDGE('',*,*,#1491,.F.);
#810=ORIENTED_EDGE('',*,*,#1494,.F.);
#811=ORIENTED_EDGE('',*,*,#1495,.T.);
#812=ORIENTED_EDGE('',*,*,#1496,.T.);
#813=ORIENTED_EDGE('',*,*,#1497,.T.);
#814=ORIENTED_EDGE('',*,*,#1487,.F.);
#815=ORIENTED_EDGE('',*,*,#1490,.F.);
#816=ORIENTED_EDGE('',*,*,#1492,.F.);
#817=ORIENTED_EDGE('',*,*,#1493,.F.);
#818=ORIENTED_EDGE('',*,*,#1426,.T.);
#819=ORIENTED_EDGE('',*,*,#1498,.T.);
#820=ORIENTED_EDGE('',*,*,#1499,.T.);
#821=ORIENTED_EDGE('',*,*,#1500,.F.);
#822=ORIENTED_EDGE('',*,*,#1430,.T.);
#823=ORIENTED_EDGE('',*,*,#1501,.T.);
#824=ORIENTED_EDGE('',*,*,#1502,.T.);
#825=ORIENTED_EDGE('',*,*,#1498,.F.);
#826=ORIENTED_EDGE('',*,*,#1429,.T.);
#827=ORIENTED_EDGE('',*,*,#1503,.T.);
#828=ORIENTED_EDGE('',*,*,#1504,.T.);
#829=ORIENTED_EDGE('',*,*,#1501,.F.);
#830=ORIENTED_EDGE('',*,*,#1428,.T.);
#831=ORIENTED_EDGE('',*,*,#1505,.T.);
#832=ORIENTED_EDGE('',*,*,#1506,.T.);
#833=ORIENTED_EDGE('',*,*,#1503,.F.);
#834=ORIENTED_EDGE('',*,*,#1427,.T.);
#835=ORIENTED_EDGE('',*,*,#1500,.T.);
#836=ORIENTED_EDGE('',*,*,#1507,.T.);
#837=ORIENTED_EDGE('',*,*,#1505,.F.);
#838=ORIENTED_EDGE('',*,*,#1508,.F.);
#839=ORIENTED_EDGE('',*,*,#1509,.T.);
#840=ORIENTED_EDGE('',*,*,#1510,.T.);
#841=ORIENTED_EDGE('',*,*,#1511,.T.);
#842=ORIENTED_EDGE('',*,*,#1499,.F.);
#843=ORIENTED_EDGE('',*,*,#1502,.F.);
#844=ORIENTED_EDGE('',*,*,#1504,.F.);
#845=ORIENTED_EDGE('',*,*,#1506,.F.);
#846=ORIENTED_EDGE('',*,*,#1507,.F.);
#847=ORIENTED_EDGE('',*,*,#1421,.T.);
#848=ORIENTED_EDGE('',*,*,#1512,.T.);
#849=ORIENTED_EDGE('',*,*,#1513,.T.);
#850=ORIENTED_EDGE('',*,*,#1514,.F.);
#851=ORIENTED_EDGE('',*,*,#1425,.T.);
#852=ORIENTED_EDGE('',*,*,#1515,.T.);
#853=ORIENTED_EDGE('',*,*,#1516,.T.);
#854=ORIENTED_EDGE('',*,*,#1512,.F.);
#855=ORIENTED_EDGE('',*,*,#1424,.T.);
#856=ORIENTED_EDGE('',*,*,#1517,.T.);
#857=ORIENTED_EDGE('',*,*,#1518,.T.);
#858=ORIENTED_EDGE('',*,*,#1515,.F.);
#859=ORIENTED_EDGE('',*,*,#1423,.T.);
#860=ORIENTED_EDGE('',*,*,#1519,.T.);
#861=ORIENTED_EDGE('',*,*,#1520,.T.);
#862=ORIENTED_EDGE('',*,*,#1517,.F.);
#863=ORIENTED_EDGE('',*,*,#1422,.T.);
#864=ORIENTED_EDGE('',*,*,#1514,.T.);
#865=ORIENTED_EDGE('',*,*,#1521,.T.);
#866=ORIENTED_EDGE('',*,*,#1519,.F.);
#867=ORIENTED_EDGE('',*,*,#1522,.F.);
#868=ORIENTED_EDGE('',*,*,#1523,.T.);
#869=ORIENTED_EDGE('',*,*,#1524,.T.);
#870=ORIENTED_EDGE('',*,*,#1525,.T.);
#871=ORIENTED_EDGE('',*,*,#1513,.F.);
#872=ORIENTED_EDGE('',*,*,#1516,.F.);
#873=ORIENTED_EDGE('',*,*,#1518,.F.);
#874=ORIENTED_EDGE('',*,*,#1520,.F.);
#875=ORIENTED_EDGE('',*,*,#1521,.F.);
#876=ORIENTED_EDGE('',*,*,#1526,.T.);
#877=ORIENTED_EDGE('',*,*,#1394,.T.);
#878=ORIENTED_EDGE('',*,*,#1527,.F.);
#879=ORIENTED_EDGE('',*,*,#1528,.F.);
#880=ORIENTED_EDGE('',*,*,#1529,.T.);
#881=ORIENTED_EDGE('',*,*,#1528,.T.);
#882=ORIENTED_EDGE('',*,*,#1530,.F.);
#883=ORIENTED_EDGE('',*,*,#1531,.F.);
#884=ORIENTED_EDGE('',*,*,#1532,.T.);
#885=ORIENTED_EDGE('',*,*,#1531,.T.);
#886=ORIENTED_EDGE('',*,*,#1533,.F.);
#887=ORIENTED_EDGE('',*,*,#1396,.F.);
#888=ORIENTED_EDGE('',*,*,#1527,.T.);
#889=ORIENTED_EDGE('',*,*,#1393,.T.);
#890=ORIENTED_EDGE('',*,*,#1533,.T.);
#891=ORIENTED_EDGE('',*,*,#1530,.T.);
#892=ORIENTED_EDGE('',*,*,#1526,.F.);
#893=ORIENTED_EDGE('',*,*,#1529,.F.);
#894=ORIENTED_EDGE('',*,*,#1532,.F.);
#895=ORIENTED_EDGE('',*,*,#1395,.F.);
#896=ORIENTED_EDGE('',*,*,#1534,.T.);
#897=ORIENTED_EDGE('',*,*,#1390,.T.);
#898=ORIENTED_EDGE('',*,*,#1535,.F.);
#899=ORIENTED_EDGE('',*,*,#1536,.F.);
#900=ORIENTED_EDGE('',*,*,#1537,.T.);
#901=ORIENTED_EDGE('',*,*,#1536,.T.);
#902=ORIENTED_EDGE('',*,*,#1538,.F.);
#903=ORIENTED_EDGE('',*,*,#1539,.F.);
#904=ORIENTED_EDGE('',*,*,#1540,.T.);
#905=ORIENTED_EDGE('',*,*,#1539,.T.);
#906=ORIENTED_EDGE('',*,*,#1541,.F.);
#907=ORIENTED_EDGE('',*,*,#1392,.F.);
#908=ORIENTED_EDGE('',*,*,#1535,.T.);
#909=ORIENTED_EDGE('',*,*,#1389,.T.);
#910=ORIENTED_EDGE('',*,*,#1541,.T.);
#911=ORIENTED_EDGE('',*,*,#1538,.T.);
#912=ORIENTED_EDGE('',*,*,#1534,.F.);
#913=ORIENTED_EDGE('',*,*,#1537,.F.);
#914=ORIENTED_EDGE('',*,*,#1540,.F.);
#915=ORIENTED_EDGE('',*,*,#1391,.F.);
#916=ORIENTED_EDGE('',*,*,#1542,.T.);
#917=ORIENTED_EDGE('',*,*,#1543,.T.);
#918=ORIENTED_EDGE('',*,*,#1544,.T.);
#919=ORIENTED_EDGE('',*,*,#1545,.T.);
#920=ORIENTED_EDGE('',*,*,#1546,.T.);
#921=ORIENTED_EDGE('',*,*,#1547,.T.);
#922=ORIENTED_EDGE('',*,*,#1548,.T.);
#923=ORIENTED_EDGE('',*,*,#1494,.T.);
#924=ORIENTED_EDGE('',*,*,#1549,.F.);
#925=ORIENTED_EDGE('',*,*,#1550,.T.);
#926=ORIENTED_EDGE('',*,*,#1551,.F.);
#927=ORIENTED_EDGE('',*,*,#1496,.F.);
#928=ORIENTED_EDGE('',*,*,#1551,.T.);
#929=ORIENTED_EDGE('',*,*,#1552,.T.);
#930=ORIENTED_EDGE('',*,*,#1546,.F.);
#931=ORIENTED_EDGE('',*,*,#1497,.F.);
#932=ORIENTED_EDGE('',*,*,#1548,.F.);
#933=ORIENTED_EDGE('',*,*,#1553,.T.);
#934=ORIENTED_EDGE('',*,*,#1549,.T.);
#935=ORIENTED_EDGE('',*,*,#1495,.F.);
#936=ORIENTED_EDGE('',*,*,#1554,.T.);
#937=ORIENTED_EDGE('',*,*,#1555,.T.);
#938=ORIENTED_EDGE('',*,*,#1556,.F.);
#939=ORIENTED_EDGE('',*,*,#1371,.T.);
#940=ORIENTED_EDGE('',*,*,#1557,.F.);
#941=ORIENTED_EDGE('',*,*,#1558,.T.);
#942=ORIENTED_EDGE('',*,*,#1559,.T.);
#943=ORIENTED_EDGE('',*,*,#1373,.T.);
#944=ORIENTED_EDGE('',*,*,#1556,.T.);
#945=ORIENTED_EDGE('',*,*,#1560,.T.);
#946=ORIENTED_EDGE('',*,*,#1557,.T.);
#947=ORIENTED_EDGE('',*,*,#1372,.F.);
#948=ORIENTED_EDGE('',*,*,#1559,.F.);
#949=ORIENTED_EDGE('',*,*,#1561,.T.);
#950=ORIENTED_EDGE('',*,*,#1554,.F.);
#951=ORIENTED_EDGE('',*,*,#1374,.T.);
#952=ORIENTED_EDGE('',*,*,#1562,.T.);
#953=ORIENTED_EDGE('',*,*,#1563,.T.);
#954=ORIENTED_EDGE('',*,*,#1564,.T.);
#955=ORIENTED_EDGE('',*,*,#1565,.T.);
#956=ORIENTED_EDGE('',*,*,#1566,.F.);
#957=ORIENTED_EDGE('',*,*,#1565,.F.);
#958=ORIENTED_EDGE('',*,*,#1567,.F.);
#959=ORIENTED_EDGE('',*,*,#1555,.F.);
#960=ORIENTED_EDGE('',*,*,#1567,.T.);
#961=ORIENTED_EDGE('',*,*,#1564,.F.);
#962=ORIENTED_EDGE('',*,*,#1568,.F.);
#963=ORIENTED_EDGE('',*,*,#1560,.F.);
#964=ORIENTED_EDGE('',*,*,#1566,.T.);
#965=ORIENTED_EDGE('',*,*,#1561,.F.);
#966=ORIENTED_EDGE('',*,*,#1569,.F.);
#967=ORIENTED_EDGE('',*,*,#1562,.F.);
#968=ORIENTED_EDGE('',*,*,#1568,.T.);
#969=ORIENTED_EDGE('',*,*,#1563,.F.);
#970=ORIENTED_EDGE('',*,*,#1569,.T.);
#971=ORIENTED_EDGE('',*,*,#1558,.F.);
#972=ORIENTED_EDGE('',*,*,#1570,.F.);
#973=ORIENTED_EDGE('',*,*,#1553,.F.);
#974=ORIENTED_EDGE('',*,*,#1571,.F.);
#975=ORIENTED_EDGE('',*,*,#1545,.F.);
#976=ORIENTED_EDGE('',*,*,#1571,.T.);
#977=ORIENTED_EDGE('',*,*,#1547,.F.);
#978=ORIENTED_EDGE('',*,*,#1572,.F.);
#979=ORIENTED_EDGE('',*,*,#1542,.F.);
#980=ORIENTED_EDGE('',*,*,#1570,.T.);
#981=ORIENTED_EDGE('',*,*,#1544,.F.);
#982=ORIENTED_EDGE('',*,*,#1573,.F.);
#983=ORIENTED_EDGE('',*,*,#1550,.F.);
#984=ORIENTED_EDGE('',*,*,#1572,.T.);
#985=ORIENTED_EDGE('',*,*,#1552,.F.);
#986=ORIENTED_EDGE('',*,*,#1573,.T.);
#987=ORIENTED_EDGE('',*,*,#1543,.F.);
#988=ORIENTED_EDGE('',*,*,#1574,.T.);
#989=ORIENTED_EDGE('',*,*,#1575,.T.);
#990=ORIENTED_EDGE('',*,*,#1576,.T.);
#991=ORIENTED_EDGE('',*,*,#1577,.T.);
#992=ORIENTED_EDGE('',*,*,#1578,.T.);
#993=ORIENTED_EDGE('',*,*,#1579,.T.);
#994=ORIENTED_EDGE('',*,*,#1580,.T.);
#995=ORIENTED_EDGE('',*,*,#1508,.T.);
#996=ORIENTED_EDGE('',*,*,#1581,.F.);
#997=ORIENTED_EDGE('',*,*,#1582,.T.);
#998=ORIENTED_EDGE('',*,*,#1583,.F.);
#999=ORIENTED_EDGE('',*,*,#1510,.F.);
#1000=ORIENTED_EDGE('',*,*,#1583,.T.);
#1001=ORIENTED_EDGE('',*,*,#1584,.T.);
#1002=ORIENTED_EDGE('',*,*,#1578,.F.);
#1003=ORIENTED_EDGE('',*,*,#1511,.F.);
#1004=ORIENTED_EDGE('',*,*,#1580,.F.);
#1005=ORIENTED_EDGE('',*,*,#1585,.T.);
#1006=ORIENTED_EDGE('',*,*,#1581,.T.);
#1007=ORIENTED_EDGE('',*,*,#1509,.F.);
#1008=ORIENTED_EDGE('',*,*,#1586,.T.);
#1009=ORIENTED_EDGE('',*,*,#1587,.T.);
#1010=ORIENTED_EDGE('',*,*,#1588,.F.);
#1011=ORIENTED_EDGE('',*,*,#1375,.T.);
#1012=ORIENTED_EDGE('',*,*,#1589,.F.);
#1013=ORIENTED_EDGE('',*,*,#1590,.T.);
#1014=ORIENTED_EDGE('',*,*,#1591,.T.);
#1015=ORIENTED_EDGE('',*,*,#1377,.T.);
#1016=ORIENTED_EDGE('',*,*,#1588,.T.);
#1017=ORIENTED_EDGE('',*,*,#1592,.T.);
#1018=ORIENTED_EDGE('',*,*,#1589,.T.);
#1019=ORIENTED_EDGE('',*,*,#1376,.F.);
#1020=ORIENTED_EDGE('',*,*,#1591,.F.);
#1021=ORIENTED_EDGE('',*,*,#1593,.T.);
#1022=ORIENTED_EDGE('',*,*,#1586,.F.);
#1023=ORIENTED_EDGE('',*,*,#1378,.T.);
#1024=ORIENTED_EDGE('',*,*,#1594,.T.);
#1025=ORIENTED_EDGE('',*,*,#1595,.T.);
#1026=ORIENTED_EDGE('',*,*,#1596,.T.);
#1027=ORIENTED_EDGE('',*,*,#1597,.T.);
#1028=ORIENTED_EDGE('',*,*,#1598,.F.);
#1029=ORIENTED_EDGE('',*,*,#1597,.F.);
#1030=ORIENTED_EDGE('',*,*,#1599,.F.);
#1031=ORIENTED_EDGE('',*,*,#1587,.F.);
#1032=ORIENTED_EDGE('',*,*,#1599,.T.);
#1033=ORIENTED_EDGE('',*,*,#1596,.F.);
#1034=ORIENTED_EDGE('',*,*,#1600,.F.);
#1035=ORIENTED_EDGE('',*,*,#1592,.F.);
#1036=ORIENTED_EDGE('',*,*,#1598,.T.);
#1037=ORIENTED_EDGE('',*,*,#1593,.F.);
#1038=ORIENTED_EDGE('',*,*,#1601,.F.);
#1039=ORIENTED_EDGE('',*,*,#1594,.F.);
#1040=ORIENTED_EDGE('',*,*,#1600,.T.);
#1041=ORIENTED_EDGE('',*,*,#1595,.F.);
#1042=ORIENTED_EDGE('',*,*,#1601,.T.);
#1043=ORIENTED_EDGE('',*,*,#1590,.F.);
#1044=ORIENTED_EDGE('',*,*,#1602,.F.);
#1045=ORIENTED_EDGE('',*,*,#1585,.F.);
#1046=ORIENTED_EDGE('',*,*,#1603,.F.);
#1047=ORIENTED_EDGE('',*,*,#1577,.F.);
#1048=ORIENTED_EDGE('',*,*,#1603,.T.);
#1049=ORIENTED_EDGE('',*,*,#1579,.F.);
#1050=ORIENTED_EDGE('',*,*,#1604,.F.);
#1051=ORIENTED_EDGE('',*,*,#1574,.F.);
#1052=ORIENTED_EDGE('',*,*,#1602,.T.);
#1053=ORIENTED_EDGE('',*,*,#1576,.F.);
#1054=ORIENTED_EDGE('',*,*,#1605,.F.);
#1055=ORIENTED_EDGE('',*,*,#1582,.F.);
#1056=ORIENTED_EDGE('',*,*,#1604,.T.);
#1057=ORIENTED_EDGE('',*,*,#1584,.F.);
#1058=ORIENTED_EDGE('',*,*,#1605,.T.);
#1059=ORIENTED_EDGE('',*,*,#1575,.F.);
#1060=ORIENTED_EDGE('',*,*,#1606,.T.);
#1061=ORIENTED_EDGE('',*,*,#1607,.T.);
#1062=ORIENTED_EDGE('',*,*,#1608,.T.);
#1063=ORIENTED_EDGE('',*,*,#1609,.T.);
#1064=ORIENTED_EDGE('',*,*,#1610,.T.);
#1065=ORIENTED_EDGE('',*,*,#1611,.T.);
#1066=ORIENTED_EDGE('',*,*,#1612,.T.);
#1067=ORIENTED_EDGE('',*,*,#1522,.T.);
#1068=ORIENTED_EDGE('',*,*,#1613,.F.);
#1069=ORIENTED_EDGE('',*,*,#1614,.T.);
#1070=ORIENTED_EDGE('',*,*,#1615,.F.);
#1071=ORIENTED_EDGE('',*,*,#1524,.F.);
#1072=ORIENTED_EDGE('',*,*,#1615,.T.);
#1073=ORIENTED_EDGE('',*,*,#1616,.T.);
#1074=ORIENTED_EDGE('',*,*,#1610,.F.);
#1075=ORIENTED_EDGE('',*,*,#1525,.F.);
#1076=ORIENTED_EDGE('',*,*,#1612,.F.);
#1077=ORIENTED_EDGE('',*,*,#1617,.T.);
#1078=ORIENTED_EDGE('',*,*,#1613,.T.);
#1079=ORIENTED_EDGE('',*,*,#1523,.F.);
#1080=ORIENTED_EDGE('',*,*,#1618,.T.);
#1081=ORIENTED_EDGE('',*,*,#1619,.T.);
#1082=ORIENTED_EDGE('',*,*,#1620,.F.);
#1083=ORIENTED_EDGE('',*,*,#1379,.T.);
#1084=ORIENTED_EDGE('',*,*,#1621,.F.);
#1085=ORIENTED_EDGE('',*,*,#1622,.T.);
#1086=ORIENTED_EDGE('',*,*,#1623,.T.);
#1087=ORIENTED_EDGE('',*,*,#1381,.T.);
#1088=ORIENTED_EDGE('',*,*,#1620,.T.);
#1089=ORIENTED_EDGE('',*,*,#1624,.T.);
#1090=ORIENTED_EDGE('',*,*,#1621,.T.);
#1091=ORIENTED_EDGE('',*,*,#1380,.F.);
#1092=ORIENTED_EDGE('',*,*,#1623,.F.);
#1093=ORIENTED_EDGE('',*,*,#1625,.T.);
#1094=ORIENTED_EDGE('',*,*,#1618,.F.);
#1095=ORIENTED_EDGE('',*,*,#1382,.T.);
#1096=ORIENTED_EDGE('',*,*,#1626,.T.);
#1097=ORIENTED_EDGE('',*,*,#1627,.T.);
#1098=ORIENTED_EDGE('',*,*,#1628,.T.);
#1099=ORIENTED_EDGE('',*,*,#1629,.T.);
#1100=ORIENTED_EDGE('',*,*,#1630,.F.);
#1101=ORIENTED_EDGE('',*,*,#1629,.F.);
#1102=ORIENTED_EDGE('',*,*,#1631,.F.);
#1103=ORIENTED_EDGE('',*,*,#1619,.F.);
#1104=ORIENTED_EDGE('',*,*,#1631,.T.);
#1105=ORIENTED_EDGE('',*,*,#1628,.F.);
#1106=ORIENTED_EDGE('',*,*,#1632,.F.);
#1107=ORIENTED_EDGE('',*,*,#1624,.F.);
#1108=ORIENTED_EDGE('',*,*,#1630,.T.);
#1109=ORIENTED_EDGE('',*,*,#1625,.F.);
#1110=ORIENTED_EDGE('',*,*,#1633,.F.);
#1111=ORIENTED_EDGE('',*,*,#1626,.F.);
#1112=ORIENTED_EDGE('',*,*,#1632,.T.);
#1113=ORIENTED_EDGE('',*,*,#1627,.F.);
#1114=ORIENTED_EDGE('',*,*,#1633,.T.);
#1115=ORIENTED_EDGE('',*,*,#1622,.F.);
#1116=ORIENTED_EDGE('',*,*,#1634,.F.);
#1117=ORIENTED_EDGE('',*,*,#1617,.F.);
#1118=ORIENTED_EDGE('',*,*,#1635,.F.);
#1119=ORIENTED_EDGE('',*,*,#1609,.F.);
#1120=ORIENTED_EDGE('',*,*,#1635,.T.);
#1121=ORIENTED_EDGE('',*,*,#1611,.F.);
#1122=ORIENTED_EDGE('',*,*,#1636,.F.);
#1123=ORIENTED_EDGE('',*,*,#1606,.F.);
#1124=ORIENTED_EDGE('',*,*,#1634,.T.);
#1125=ORIENTED_EDGE('',*,*,#1608,.F.);
#1126=ORIENTED_EDGE('',*,*,#1637,.F.);
#1127=ORIENTED_EDGE('',*,*,#1614,.F.);
#1128=ORIENTED_EDGE('',*,*,#1636,.T.);
#1129=ORIENTED_EDGE('',*,*,#1616,.F.);
#1130=ORIENTED_EDGE('',*,*,#1637,.T.);
#1131=ORIENTED_EDGE('',*,*,#1607,.F.);
#1132=ORIENTED_EDGE('',*,*,#1405,.F.);
#1133=ORIENTED_EDGE('',*,*,#1478,.T.);
#1134=ORIENTED_EDGE('',*,*,#1485,.F.);
#1135=ORIENTED_EDGE('',*,*,#1638,.F.);
#1136=ORIENTED_EDGE('',*,*,#1484,.F.);
#1137=ORIENTED_EDGE('',*,*,#1354,.F.);
#1138=ORIENTED_EDGE('',*,*,#1357,.T.);
#1139=ORIENTED_EDGE('',*,*,#1386,.T.);
#1140=ORIENTED_EDGE('',*,*,#1638,.T.);
#1141=ORIENTED_EDGE('',*,*,#1475,.F.);
#1142=ORIENTED_EDGE('',*,*,#1406,.F.);
#1143=ORIENTED_EDGE('',*,*,#1639,.T.);
#1144=ORIENTED_EDGE('',*,*,#1349,.F.);
#1145=ORIENTED_EDGE('',*,*,#1350,.F.);
#1146=ORIENTED_EDGE('',*,*,#1639,.F.);
#1147=ORIENTED_EDGE('',*,*,#1384,.F.);
#1148=ORIENTED_EDGE('',*,*,#1369,.T.);
#1149=ORIENTED_EDGE('',*,*,#1363,.T.);
#1150=ORIENTED_EDGE('',*,*,#1368,.F.);
#1151=ORIENTED_EDGE('',*,*,#1366,.F.);
#1152=ORIENTED_EDGE('',*,*,#1361,.F.);
#1153=ORIENTED_EDGE('',*,*,#1365,.F.);
#1154=ORIENTED_EDGE('',*,*,#1344,.T.);
#1155=ORIENTED_EDGE('',*,*,#1362,.F.);
#1156=ORIENTED_EDGE('',*,*,#1358,.F.);
#1157=ORIENTED_EDGE('',*,*,#1356,.F.);
#1158=ORIENTED_EDGE('',*,*,#1351,.F.);
#1159=ORIENTED_EDGE('',*,*,#1355,.F.);
#1160=ORIENTED_EDGE('',*,*,#1483,.T.);
#1161=ORIENTED_EDGE('',*,*,#1352,.F.);
#1162=VERTEX_POINT('',#2917);
#1163=VERTEX_POINT('',#2918);
#1164=VERTEX_POINT('',#2920);
#1165=VERTEX_POINT('',#2922);
#1166=VERTEX_POINT('',#2924);
#1167=VERTEX_POINT('',#2926);
#1168=VERTEX_POINT('',#2928);
#1169=VERTEX_POINT('',#2932);
#1170=VERTEX_POINT('',#2933);
#1171=VERTEX_POINT('',#2935);
#1172=VERTEX_POINT('',#2939);
#1173=VERTEX_POINT('',#2940);
#1174=VERTEX_POINT('',#2945);
#1175=VERTEX_POINT('',#2948);
#1176=VERTEX_POINT('',#2952);
#1177=VERTEX_POINT('',#2953);
#1178=VERTEX_POINT('',#2958);
#1179=VERTEX_POINT('',#2963);
#1180=VERTEX_POINT('',#2966);
#1181=VERTEX_POINT('',#2970);
#1182=VERTEX_POINT('',#2971);
#1183=VERTEX_POINT('',#2973);
#1184=VERTEX_POINT('',#2975);
#1185=VERTEX_POINT('',#2978);
#1186=VERTEX_POINT('',#2979);
#1187=VERTEX_POINT('',#2981);
#1188=VERTEX_POINT('',#2983);
#1189=VERTEX_POINT('',#2986);
#1190=VERTEX_POINT('',#2987);
#1191=VERTEX_POINT('',#2989);
#1192=VERTEX_POINT('',#2991);
#1193=VERTEX_POINT('',#2994);
#1194=VERTEX_POINT('',#2996);
#1195=VERTEX_POINT('',#2998);
#1196=VERTEX_POINT('',#3001);
#1197=VERTEX_POINT('',#3005);
#1198=VERTEX_POINT('',#3006);
#1199=VERTEX_POINT('',#3008);
#1200=VERTEX_POINT('',#3010);
#1201=VERTEX_POINT('',#3013);
#1202=VERTEX_POINT('',#3014);
#1203=VERTEX_POINT('',#3016);
#1204=VERTEX_POINT('',#3018);
#1205=VERTEX_POINT('',#3021);
#1206=VERTEX_POINT('',#3022);
#1207=VERTEX_POINT('',#3024);
#1208=VERTEX_POINT('',#3026);
#1209=VERTEX_POINT('',#3028);
#1210=VERTEX_POINT('',#3030);
#1211=VERTEX_POINT('',#3032);
#1212=VERTEX_POINT('',#3034);
#1213=VERTEX_POINT('',#3036);
#1214=VERTEX_POINT('',#3039);
#1215=VERTEX_POINT('',#3043);
#1216=VERTEX_POINT('',#3044);
#1217=VERTEX_POINT('',#3046);
#1218=VERTEX_POINT('',#3048);
#1219=VERTEX_POINT('',#3052);
#1220=VERTEX_POINT('',#3053);
#1221=VERTEX_POINT('',#3055);
#1222=VERTEX_POINT('',#3057);
#1223=VERTEX_POINT('',#3061);
#1224=VERTEX_POINT('',#3062);
#1225=VERTEX_POINT('',#3064);
#1226=VERTEX_POINT('',#3070);
#1227=VERTEX_POINT('',#3071);
#1228=VERTEX_POINT('',#3073);
#1229=VERTEX_POINT('',#3075);
#1230=VERTEX_POINT('',#3077);
#1231=VERTEX_POINT('',#3080);
#1232=VERTEX_POINT('',#3081);
#1233=VERTEX_POINT('',#3083);
#1234=VERTEX_POINT('',#3085);
#1235=VERTEX_POINT('',#3087);
#1236=VERTEX_POINT('',#3090);
#1237=VERTEX_POINT('',#3091);
#1238=VERTEX_POINT('',#3093);
#1239=VERTEX_POINT('',#3095);
#1240=VERTEX_POINT('',#3099);
#1241=VERTEX_POINT('',#3102);
#1242=VERTEX_POINT('',#3107);
#1243=VERTEX_POINT('',#3108);
#1244=VERTEX_POINT('',#3110);
#1245=VERTEX_POINT('',#3112);
#1246=VERTEX_POINT('',#3116);
#1247=VERTEX_POINT('',#3117);
#1248=VERTEX_POINT('',#3119);
#1249=VERTEX_POINT('',#3121);
#1250=VERTEX_POINT('',#3126);
#1251=VERTEX_POINT('',#3128);
#1252=VERTEX_POINT('',#3132);
#1253=VERTEX_POINT('',#3134);
#1254=VERTEX_POINT('',#3149);
#1255=VERTEX_POINT('',#3151);
#1256=VERTEX_POINT('',#3160);
#1257=VERTEX_POINT('',#3162);
#1258=VERTEX_POINT('',#3178);
#1259=VERTEX_POINT('',#3180);
#1260=VERTEX_POINT('',#3184);
#1261=VERTEX_POINT('',#3192);
#1262=VERTEX_POINT('',#3198);
#1263=VERTEX_POINT('',#3200);
#1264=VERTEX_POINT('',#3204);
#1265=VERTEX_POINT('',#3208);
#1266=VERTEX_POINT('',#3214);
#1267=VERTEX_POINT('',#3215);
#1268=VERTEX_POINT('',#3217);
#1269=VERTEX_POINT('',#3219);
#1270=VERTEX_POINT('',#3223);
#1271=VERTEX_POINT('',#3225);
#1272=VERTEX_POINT('',#3229);
#1273=VERTEX_POINT('',#3233);
#1274=VERTEX_POINT('',#3237);
#1275=VERTEX_POINT('',#3243);
#1276=VERTEX_POINT('',#3244);
#1277=VERTEX_POINT('',#3246);
#1278=VERTEX_POINT('',#3248);
#1279=VERTEX_POINT('',#3252);
#1280=VERTEX_POINT('',#3254);
#1281=VERTEX_POINT('',#3258);
#1282=VERTEX_POINT('',#3262);
#1283=VERTEX_POINT('',#3266);
#1284=VERTEX_POINT('',#3272);
#1285=VERTEX_POINT('',#3273);
#1286=VERTEX_POINT('',#3275);
#1287=VERTEX_POINT('',#3277);
#1288=VERTEX_POINT('',#3281);
#1289=VERTEX_POINT('',#3283);
#1290=VERTEX_POINT('',#3287);
#1291=VERTEX_POINT('',#3289);
#1292=VERTEX_POINT('',#3298);
#1293=VERTEX_POINT('',#3300);
#1294=VERTEX_POINT('',#3304);
#1295=VERTEX_POINT('',#3306);
#1296=VERTEX_POINT('',#3315);
#1297=VERTEX_POINT('',#3316);
#1298=VERTEX_POINT('',#3318);
#1299=VERTEX_POINT('',#3320);
#1300=VERTEX_POINT('',#3324);
#1301=VERTEX_POINT('',#3326);
#1302=VERTEX_POINT('',#3330);
#1303=VERTEX_POINT('',#3332);
#1304=VERTEX_POINT('',#3340);
#1305=VERTEX_POINT('',#3342);
#1306=VERTEX_POINT('',#3346);
#1307=VERTEX_POINT('',#3348);
#1308=VERTEX_POINT('',#3356);
#1309=VERTEX_POINT('',#3357);
#1310=VERTEX_POINT('',#3359);
#1311=VERTEX_POINT('',#3361);
#1312=VERTEX_POINT('',#3381);
#1313=VERTEX_POINT('',#3382);
#1314=VERTEX_POINT('',#3384);
#1315=VERTEX_POINT('',#3386);
#1316=VERTEX_POINT('',#3390);
#1317=VERTEX_POINT('',#3392);
#1318=VERTEX_POINT('',#3396);
#1319=VERTEX_POINT('',#3398);
#1320=VERTEX_POINT('',#3406);
#1321=VERTEX_POINT('',#3408);
#1322=VERTEX_POINT('',#3412);
#1323=VERTEX_POINT('',#3414);
#1324=VERTEX_POINT('',#3422);
#1325=VERTEX_POINT('',#3423);
#1326=VERTEX_POINT('',#3425);
#1327=VERTEX_POINT('',#3427);
#1328=VERTEX_POINT('',#3447);
#1329=VERTEX_POINT('',#3448);
#1330=VERTEX_POINT('',#3450);
#1331=VERTEX_POINT('',#3452);
#1332=VERTEX_POINT('',#3456);
#1333=VERTEX_POINT('',#3458);
#1334=VERTEX_POINT('',#3462);
#1335=VERTEX_POINT('',#3464);
#1336=VERTEX_POINT('',#3472);
#1337=VERTEX_POINT('',#3474);
#1338=VERTEX_POINT('',#3478);
#1339=VERTEX_POINT('',#3480);
#1340=VERTEX_POINT('',#3488);
#1341=VERTEX_POINT('',#3489);
#1342=VERTEX_POINT('',#3491);
#1343=VERTEX_POINT('',#3493);
#1344=EDGE_CURVE('',#1162,#1163,#1640,.T.);
#1345=EDGE_CURVE('',#1162,#1164,#1641,.T.);
#1346=EDGE_CURVE('',#1164,#1165,#1642,.T.);
#1347=EDGE_CURVE('',#1165,#1166,#1643,.T.);
#1348=EDGE_CURVE('',#1166,#1167,#1644,.T.);
#1349=EDGE_CURVE('',#1167,#1168,#1645,.T.);
#1350=EDGE_CURVE('',#1168,#1163,#1646,.T.);
#1351=EDGE_CURVE('',#1169,#1170,#1647,.T.);
#1352=EDGE_CURVE('',#1170,#1171,#1648,.T.);
#1353=EDGE_CURVE('',#1169,#1171,#1649,.T.);
#1354=EDGE_CURVE('',#1172,#1173,#1650,.T.);
#1355=EDGE_CURVE('',#1173,#1170,#1651,.T.);
#1356=EDGE_CURVE('',#1170,#1172,#1652,.T.);
#1357=EDGE_CURVE('',#1172,#1174,#1653,.T.);
#1358=EDGE_CURVE('',#1172,#1169,#1654,.T.);
#1359=EDGE_CURVE('',#1175,#1169,#1655,.T.);
#1360=EDGE_CURVE('',#1174,#1175,#1656,.T.);
#1361=EDGE_CURVE('',#1176,#1177,#1657,.T.);
#1362=EDGE_CURVE('',#1177,#1163,#1658,.T.);
#1363=EDGE_CURVE('',#1176,#1163,#1659,.T.);
#1364=EDGE_CURVE('',#1178,#1162,#1660,.T.);
#1365=EDGE_CURVE('',#1162,#1177,#1661,.T.);
#1366=EDGE_CURVE('',#1177,#1178,#1662,.T.);
#1367=EDGE_CURVE('',#1178,#1179,#1663,.T.);
#1368=EDGE_CURVE('',#1178,#1176,#1664,.T.);
#1369=EDGE_CURVE('',#1180,#1176,#1665,.T.);
#1370=EDGE_CURVE('',#1179,#1180,#1666,.T.);
#1371=EDGE_CURVE('',#1181,#1182,#1667,.T.);
#1372=EDGE_CURVE('',#1181,#1183,#1668,.T.);
#1373=EDGE_CURVE('',#1184,#1183,#1669,.T.);
#1374=EDGE_CURVE('',#1182,#1184,#1670,.T.);
#1375=EDGE_CURVE('',#1185,#1186,#1671,.T.);
#1376=EDGE_CURVE('',#1185,#1187,#1672,.T.);
#1377=EDGE_CURVE('',#1188,#1187,#1673,.T.);
#1378=EDGE_CURVE('',#1186,#1188,#1674,.T.);
#1379=EDGE_CURVE('',#1189,#1190,#1675,.T.);
#1380=EDGE_CURVE('',#1189,#1191,#1676,.T.);
#1381=EDGE_CURVE('',#1192,#1191,#1677,.T.);
#1382=EDGE_CURVE('',#1190,#1192,#1678,.T.);
#1383=EDGE_CURVE('',#1179,#1193,#1679,.T.);
#1384=EDGE_CURVE('',#1180,#1194,#1680,.T.);
#1385=EDGE_CURVE('',#1195,#1194,#1681,.T.);
#1386=EDGE_CURVE('',#1174,#1195,#1682,.T.);
#1387=EDGE_CURVE('',#1196,#1175,#1683,.T.);
#1388=EDGE_CURVE('',#1193,#1196,#1684,.T.);
#1389=EDGE_CURVE('',#1197,#1198,#1685,.T.);
#1390=EDGE_CURVE('',#1199,#1197,#1686,.T.);
#1391=EDGE_CURVE('',#1199,#1200,#1687,.T.);
#1392=EDGE_CURVE('',#1200,#1198,#1688,.T.);
#1393=EDGE_CURVE('',#1201,#1202,#1689,.T.);
#1394=EDGE_CURVE('',#1203,#1201,#1690,.T.);
#1395=EDGE_CURVE('',#1203,#1204,#1691,.T.);
#1396=EDGE_CURVE('',#1204,#1202,#1692,.T.);
#1397=EDGE_CURVE('',#1205,#1206,#1693,.T.);
#1398=EDGE_CURVE('',#1205,#1207,#1694,.T.);
#1399=EDGE_CURVE('',#1207,#1208,#1695,.T.);
#1400=EDGE_CURVE('',#1209,#1208,#1696,.T.);
#1401=EDGE_CURVE('',#1209,#1210,#1697,.T.);
#1402=EDGE_CURVE('',#1210,#1211,#1698,.T.);
#1403=EDGE_CURVE('',#1211,#1212,#1699,.T.);
#1404=EDGE_CURVE('',#1212,#1213,#1700,.T.);
#1405=EDGE_CURVE('',#1213,#1195,#1701,.T.);
#1406=EDGE_CURVE('',#1194,#1214,#1702,.T.);
#1407=EDGE_CURVE('',#1206,#1214,#1703,.T.);
#1408=EDGE_CURVE('',#1215,#1216,#1704,.T.);
#1409=EDGE_CURVE('',#1216,#1217,#1705,.T.);
#1410=EDGE_CURVE('',#1218,#1217,#1706,.T.);
#1411=EDGE_CURVE('',#1218,#1215,#1707,.T.);
#1412=EDGE_CURVE('',#1219,#1220,#1708,.T.);
#1413=EDGE_CURVE('',#1220,#1221,#1709,.T.);
#1414=EDGE_CURVE('',#1222,#1221,#1710,.T.);
#1415=EDGE_CURVE('',#1222,#1219,#1711,.T.);
#1416=EDGE_CURVE('',#1223,#1224,#1712,.T.);
#1417=EDGE_CURVE('',#1224,#1225,#1713,.T.);
#1418=EDGE_CURVE('',#1225,#1164,#1714,.T.);
#1419=EDGE_CURVE('',#1193,#1222,#1715,.T.);
#1420=EDGE_CURVE('',#1221,#1223,#1716,.T.);
#1421=EDGE_CURVE('',#1226,#1227,#1717,.T.);
#1422=EDGE_CURVE('',#1228,#1226,#1718,.T.);
#1423=EDGE_CURVE('',#1229,#1228,#1719,.T.);
#1424=EDGE_CURVE('',#1230,#1229,#1720,.T.);
#1425=EDGE_CURVE('',#1227,#1230,#1721,.T.);
#1426=EDGE_CURVE('',#1231,#1232,#1722,.T.);
#1427=EDGE_CURVE('',#1233,#1231,#1723,.T.);
#1428=EDGE_CURVE('',#1234,#1233,#1724,.T.);
#1429=EDGE_CURVE('',#1235,#1234,#1725,.T.);
#1430=EDGE_CURVE('',#1232,#1235,#1726,.T.);
#1431=EDGE_CURVE('',#1236,#1237,#1727,.T.);
#1432=EDGE_CURVE('',#1238,#1236,#1728,.T.);
#1433=EDGE_CURVE('',#1239,#1238,#1729,.T.);
#1434=EDGE_CURVE('',#1237,#1239,#1730,.T.);
#1435=EDGE_CURVE('',#1219,#1218,#1731,.T.);
#1436=EDGE_CURVE('',#1217,#1240,#1732,.T.);
#1437=EDGE_CURVE('',#1240,#1209,#1733,.T.);
#1438=EDGE_CURVE('',#1241,#1208,#1734,.T.);
#1439=EDGE_CURVE('',#1220,#1241,#1735,.T.);
#1440=EDGE_CURVE('',#1196,#1215,#1736,.T.);
#1441=EDGE_CURVE('',#1242,#1243,#1737,.T.);
#1442=EDGE_CURVE('',#1243,#1244,#1738,.T.);
#1443=EDGE_CURVE('',#1245,#1244,#1739,.T.);
#1444=EDGE_CURVE('',#1242,#1245,#1740,.T.);
#1445=EDGE_CURVE('',#1246,#1247,#1741,.T.);
#1446=EDGE_CURVE('',#1246,#1248,#1742,.T.);
#1447=EDGE_CURVE('',#1249,#1248,#1743,.T.);
#1448=EDGE_CURVE('',#1216,#1249,#1744,.T.);
#1449=EDGE_CURVE('',#1171,#1247,#1745,.T.);
#1450=EDGE_CURVE('',#1250,#1243,#1746,.T.);
#1451=EDGE_CURVE('',#1251,#1242,#1747,.T.);
#1452=EDGE_CURVE('',#1251,#1250,#1748,.T.);
#1453=EDGE_CURVE('',#1244,#1252,#1749,.T.);
#1454=EDGE_CURVE('',#1253,#1252,#1750,.T.);
#1455=EDGE_CURVE('',#1245,#1253,#1751,.T.);
#1456=EDGE_CURVE('',#1252,#1250,#1752,.T.);
#1457=EDGE_CURVE('',#1253,#1251,#1753,.T.);
#1458=EDGE_CURVE('',#1248,#1210,#1754,.T.);
#1459=EDGE_CURVE('',#1249,#1240,#1755,.T.);
#1460=EDGE_CURVE('',#1207,#1224,#1756,.T.);
#1461=EDGE_CURVE('',#1241,#1223,#1757,.T.);
#1462=EDGE_CURVE('',#1241,#1254,#1758,.T.);
#1463=EDGE_CURVE('',#1254,#1255,#1759,.T.);
#1464=EDGE_CURVE('',#1220,#1255,#1760,.T.);
#1465=EDGE_CURVE('',#1254,#1223,#1761,.T.);
#1466=EDGE_CURVE('',#1255,#1221,#1762,.T.);
#1467=EDGE_CURVE('',#1256,#1240,#1763,.T.);
#1468=EDGE_CURVE('',#1257,#1217,#1764,.T.);
#1469=EDGE_CURVE('',#1256,#1257,#1765,.T.);
#1470=EDGE_CURVE('',#1249,#1256,#1766,.T.);
#1471=EDGE_CURVE('',#1216,#1257,#1767,.T.);
#1472=EDGE_CURVE('',#1206,#1166,#1768,.T.);
#1473=EDGE_CURVE('',#1205,#1165,#1769,.T.);
#1474=EDGE_CURVE('',#1225,#1205,#1770,.T.);
#1475=EDGE_CURVE('',#1214,#1167,#1771,.T.);
#1476=EDGE_CURVE('',#1212,#1258,#1772,.T.);
#1477=EDGE_CURVE('',#1258,#1259,#1773,.T.);
#1478=EDGE_CURVE('',#1213,#1259,#1774,.T.);
#1479=EDGE_CURVE('',#1211,#1260,#1775,.T.);
#1480=EDGE_CURVE('',#1260,#1258,#1776,.T.);
#1481=EDGE_CURVE('',#1211,#1246,#1777,.T.);
#1482=EDGE_CURVE('',#1247,#1260,#1778,.T.);
#1483=EDGE_CURVE('',#1173,#1171,#1779,.T.);
#1484=EDGE_CURVE('',#1173,#1261,#1780,.T.);
#1485=EDGE_CURVE('',#1261,#1259,#1781,.T.);
#1486=EDGE_CURVE('',#1237,#1262,#1782,.T.);
#1487=EDGE_CURVE('',#1262,#1263,#1783,.T.);
#1488=EDGE_CURVE('',#1236,#1263,#1784,.T.);
#1489=EDGE_CURVE('',#1239,#1264,#1785,.T.);
#1490=EDGE_CURVE('',#1264,#1262,#1786,.T.);
#1491=EDGE_CURVE('',#1238,#1265,#1787,.T.);
#1492=EDGE_CURVE('',#1265,#1264,#1788,.T.);
#1493=EDGE_CURVE('',#1263,#1265,#1789,.T.);
#1494=EDGE_CURVE('',#1266,#1267,#1790,.T.);
#1495=EDGE_CURVE('',#1266,#1268,#1791,.T.);
#1496=EDGE_CURVE('',#1268,#1269,#1792,.T.);
#1497=EDGE_CURVE('',#1269,#1267,#1793,.T.);
#1498=EDGE_CURVE('',#1232,#1270,#1794,.T.);
#1499=EDGE_CURVE('',#1270,#1271,#1795,.T.);
#1500=EDGE_CURVE('',#1231,#1271,#1796,.T.);
#1501=EDGE_CURVE('',#1235,#1272,#1797,.T.);
#1502=EDGE_CURVE('',#1272,#1270,#1798,.T.);
#1503=EDGE_CURVE('',#1234,#1273,#1799,.T.);
#1504=EDGE_CURVE('',#1273,#1272,#1800,.T.);
#1505=EDGE_CURVE('',#1233,#1274,#1801,.T.);
#1506=EDGE_CURVE('',#1274,#1273,#1802,.T.);
#1507=EDGE_CURVE('',#1271,#1274,#1803,.T.);
#1508=EDGE_CURVE('',#1275,#1276,#1804,.T.);
#1509=EDGE_CURVE('',#1275,#1277,#1805,.T.);
#1510=EDGE_CURVE('',#1277,#1278,#1806,.T.);
#1511=EDGE_CURVE('',#1278,#1276,#1807,.T.);
#1512=EDGE_CURVE('',#1227,#1279,#1808,.T.);
#1513=EDGE_CURVE('',#1279,#1280,#1809,.T.);
#1514=EDGE_CURVE('',#1226,#1280,#1810,.T.);
#1515=EDGE_CURVE('',#1230,#1281,#1811,.T.);
#1516=EDGE_CURVE('',#1281,#1279,#1812,.T.);
#1517=EDGE_CURVE('',#1229,#1282,#1813,.T.);
#1518=EDGE_CURVE('',#1282,#1281,#1814,.T.);
#1519=EDGE_CURVE('',#1228,#1283,#1815,.T.);
#1520=EDGE_CURVE('',#1283,#1282,#1816,.T.);
#1521=EDGE_CURVE('',#1280,#1283,#1817,.T.);
#1522=EDGE_CURVE('',#1284,#1285,#1818,.T.);
#1523=EDGE_CURVE('',#1284,#1286,#1819,.T.);
#1524=EDGE_CURVE('',#1286,#1287,#1820,.T.);
#1525=EDGE_CURVE('',#1287,#1285,#1821,.T.);
#1526=EDGE_CURVE('',#1288,#1203,#1822,.T.);
#1527=EDGE_CURVE('',#1289,#1201,#1823,.T.);
#1528=EDGE_CURVE('',#1288,#1289,#1824,.T.);
#1529=EDGE_CURVE('',#1290,#1288,#1825,.T.);
#1530=EDGE_CURVE('',#1291,#1289,#1826,.T.);
#1531=EDGE_CURVE('',#1290,#1291,#1827,.T.);
#1532=EDGE_CURVE('',#1204,#1290,#1828,.T.);
#1533=EDGE_CURVE('',#1202,#1291,#1829,.T.);
#1534=EDGE_CURVE('',#1292,#1199,#1830,.T.);
#1535=EDGE_CURVE('',#1293,#1197,#1831,.T.);
#1536=EDGE_CURVE('',#1292,#1293,#1832,.T.);
#1537=EDGE_CURVE('',#1294,#1292,#1833,.T.);
#1538=EDGE_CURVE('',#1295,#1293,#1834,.T.);
#1539=EDGE_CURVE('',#1294,#1295,#1835,.T.);
#1540=EDGE_CURVE('',#1200,#1294,#1836,.T.);
#1541=EDGE_CURVE('',#1198,#1295,#1837,.T.);
#1542=EDGE_CURVE('',#1296,#1297,#1838,.T.);
#1543=EDGE_CURVE('',#1297,#1298,#1839,.T.);
#1544=EDGE_CURVE('',#1298,#1299,#1840,.T.);
#1545=EDGE_CURVE('',#1299,#1296,#1841,.T.);
#1546=EDGE_CURVE('',#1267,#1300,#1842,.T.);
#1547=EDGE_CURVE('',#1300,#1301,#1843,.T.);
#1548=EDGE_CURVE('',#1301,#1266,#1844,.T.);
#1549=EDGE_CURVE('',#1302,#1268,#1845,.T.);
#1550=EDGE_CURVE('',#1302,#1303,#1846,.T.);
#1551=EDGE_CURVE('',#1269,#1303,#1847,.T.);
#1552=EDGE_CURVE('',#1303,#1300,#1848,.T.);
#1553=EDGE_CURVE('',#1301,#1302,#1849,.T.);
#1554=EDGE_CURVE('',#1182,#1304,#1850,.T.);
#1555=EDGE_CURVE('',#1304,#1305,#1851,.T.);
#1556=EDGE_CURVE('',#1181,#1305,#1852,.T.);
#1557=EDGE_CURVE('',#1306,#1183,#1853,.T.);
#1558=EDGE_CURVE('',#1306,#1307,#1854,.T.);
#1559=EDGE_CURVE('',#1307,#1184,#1855,.T.);
#1560=EDGE_CURVE('',#1305,#1306,#1856,.T.);
#1561=EDGE_CURVE('',#1307,#1304,#1857,.T.);
#1562=EDGE_CURVE('',#1308,#1309,#1858,.T.);
#1563=EDGE_CURVE('',#1309,#1310,#1859,.T.);
#1564=EDGE_CURVE('',#1310,#1311,#1860,.T.);
#1565=EDGE_CURVE('',#1311,#1308,#1861,.T.);
#1566=EDGE_CURVE('',#1308,#1304,#1862,.T.);
#1567=EDGE_CURVE('',#1305,#1311,#1863,.T.);
#1568=EDGE_CURVE('',#1306,#1310,#1864,.T.);
#1569=EDGE_CURVE('',#1309,#1307,#1865,.T.);
#1570=EDGE_CURVE('',#1302,#1299,#1866,.T.);
#1571=EDGE_CURVE('',#1296,#1301,#1867,.T.);
#1572=EDGE_CURVE('',#1297,#1300,#1868,.T.);
#1573=EDGE_CURVE('',#1303,#1298,#1869,.T.);
#1574=EDGE_CURVE('',#1312,#1313,#1870,.T.);
#1575=EDGE_CURVE('',#1313,#1314,#1871,.T.);
#1576=EDGE_CURVE('',#1314,#1315,#1872,.T.);
#1577=EDGE_CURVE('',#1315,#1312,#1873,.T.);
#1578=EDGE_CURVE('',#1276,#1316,#1874,.T.);
#1579=EDGE_CURVE('',#1316,#1317,#1875,.T.);
#1580=EDGE_CURVE('',#1317,#1275,#1876,.T.);
#1581=EDGE_CURVE('',#1318,#1277,#1877,.T.);
#1582=EDGE_CURVE('',#1318,#1319,#1878,.T.);
#1583=EDGE_CURVE('',#1278,#1319,#1879,.T.);
#1584=EDGE_CURVE('',#1319,#1316,#1880,.T.);
#1585=EDGE_CURVE('',#1317,#1318,#1881,.T.);
#1586=EDGE_CURVE('',#1186,#1320,#1882,.T.);
#1587=EDGE_CURVE('',#1320,#1321,#1883,.T.);
#1588=EDGE_CURVE('',#1185,#1321,#1884,.T.);
#1589=EDGE_CURVE('',#1322,#1187,#1885,.T.);
#1590=EDGE_CURVE('',#1322,#1323,#1886,.T.);
#1591=EDGE_CURVE('',#1323,#1188,#1887,.T.);
#1592=EDGE_CURVE('',#1321,#1322,#1888,.T.);
#1593=EDGE_CURVE('',#1323,#1320,#1889,.T.);
#1594=EDGE_CURVE('',#1324,#1325,#1890,.T.);
#1595=EDGE_CURVE('',#1325,#1326,#1891,.T.);
#1596=EDGE_CURVE('',#1326,#1327,#1892,.T.);
#1597=EDGE_CURVE('',#1327,#1324,#1893,.T.);
#1598=EDGE_CURVE('',#1324,#1320,#1894,.T.);
#1599=EDGE_CURVE('',#1321,#1327,#1895,.T.);
#1600=EDGE_CURVE('',#1322,#1326,#1896,.T.);
#1601=EDGE_CURVE('',#1325,#1323,#1897,.T.);
#1602=EDGE_CURVE('',#1318,#1315,#1898,.T.);
#1603=EDGE_CURVE('',#1312,#1317,#1899,.T.);
#1604=EDGE_CURVE('',#1313,#1316,#1900,.T.);
#1605=EDGE_CURVE('',#1319,#1314,#1901,.T.);
#1606=EDGE_CURVE('',#1328,#1329,#1902,.T.);
#1607=EDGE_CURVE('',#1329,#1330,#1903,.T.);
#1608=EDGE_CURVE('',#1330,#1331,#1904,.T.);
#1609=EDGE_CURVE('',#1331,#1328,#1905,.T.);
#1610=EDGE_CURVE('',#1285,#1332,#1906,.T.);
#1611=EDGE_CURVE('',#1332,#1333,#1907,.T.);
#1612=EDGE_CURVE('',#1333,#1284,#1908,.T.);
#1613=EDGE_CURVE('',#1334,#1286,#1909,.T.);
#1614=EDGE_CURVE('',#1334,#1335,#1910,.T.);
#1615=EDGE_CURVE('',#1287,#1335,#1911,.T.);
#1616=EDGE_CURVE('',#1335,#1332,#1912,.T.);
#1617=EDGE_CURVE('',#1333,#1334,#1913,.T.);
#1618=EDGE_CURVE('',#1190,#1336,#1914,.T.);
#1619=EDGE_CURVE('',#1336,#1337,#1915,.T.);
#1620=EDGE_CURVE('',#1189,#1337,#1916,.T.);
#1621=EDGE_CURVE('',#1338,#1191,#1917,.T.);
#1622=EDGE_CURVE('',#1338,#1339,#1918,.T.);
#1623=EDGE_CURVE('',#1339,#1192,#1919,.T.);
#1624=EDGE_CURVE('',#1337,#1338,#1920,.T.);
#1625=EDGE_CURVE('',#1339,#1336,#1921,.T.);
#1626=EDGE_CURVE('',#1340,#1341,#1922,.T.);
#1627=EDGE_CURVE('',#1341,#1342,#1923,.T.);
#1628=EDGE_CURVE('',#1342,#1343,#1924,.T.);
#1629=EDGE_CURVE('',#1343,#1340,#1925,.T.);
#1630=EDGE_CURVE('',#1340,#1336,#1926,.T.);
#1631=EDGE_CURVE('',#1337,#1343,#1927,.T.);
#1632=EDGE_CURVE('',#1338,#1342,#1928,.T.);
#1633=EDGE_CURVE('',#1341,#1339,#1929,.T.);
#1634=EDGE_CURVE('',#1334,#1331,#1930,.T.);
#1635=EDGE_CURVE('',#1328,#1333,#1931,.T.);
#1636=EDGE_CURVE('',#1329,#1332,#1932,.T.);
#1637=EDGE_CURVE('',#1335,#1330,#1933,.T.);
#1638=EDGE_CURVE('',#1195,#1261,#1934,.T.);
#1639=EDGE_CURVE('',#1194,#1168,#1935,.T.);
#1640=LINE('',#2916,#1936);
#1641=LINE('',#2919,#1937);
#1642=LINE('',#2921,#1938);
#1643=LINE('',#2923,#1939);
#1644=LINE('',#2925,#1940);
#1645=LINE('',#2927,#1941);
#1646=LINE('',#2929,#1942);
#1647=LINE('',#2931,#1943);
#1648=LINE('',#2934,#1944);
#1649=LINE('',#2936,#1945);
#1650=LINE('',#2938,#1946);
#1651=LINE('',#2941,#1947);
#1652=LINE('',#2942,#1948);
#1653=LINE('',#2944,#1949);
#1654=LINE('',#2946,#1950);
#1655=LINE('',#2947,#1951);
#1656=LINE('',#2949,#1952);
#1657=LINE('',#2951,#1953);
#1658=LINE('',#2954,#1954);
#1659=LINE('',#2955,#1955);
#1660=LINE('',#2957,#1956);
#1661=LINE('',#2959,#1957);
#1662=LINE('',#2960,#1958);
#1663=LINE('',#2962,#1959);
#1664=LINE('',#2964,#1960);
#1665=LINE('',#2965,#1961);
#1666=LINE('',#2967,#1962);
#1667=LINE('',#2969,#1963);
#1668=LINE('',#2972,#1964);
#1669=LINE('',#2974,#1965);
#1670=LINE('',#2976,#1966);
#1671=LINE('',#2977,#1967);
#1672=LINE('',#2980,#1968);
#1673=LINE('',#2982,#1969);
#1674=LINE('',#2984,#1970);
#1675=LINE('',#2985,#1971);
#1676=LINE('',#2988,#1972);
#1677=LINE('',#2990,#1973);
#1678=LINE('',#2992,#1974);
#1679=LINE('',#2993,#1975);
#1680=LINE('',#2995,#1976);
#1681=LINE('',#2997,#1977);
#1682=LINE('',#2999,#1978);
#1683=LINE('',#3000,#1979);
#1684=LINE('',#3002,#1980);
#1685=LINE('',#3004,#1981);
#1686=LINE('',#3007,#1982);
#1687=LINE('',#3009,#1983);
#1688=LINE('',#3011,#1984);
#1689=LINE('',#3012,#1985);
#1690=LINE('',#3015,#1986);
#1691=LINE('',#3017,#1987);
#1692=LINE('',#3019,#1988);
#1693=LINE('',#3020,#1989);
#1694=LINE('',#3023,#1990);
#1695=LINE('',#3025,#1991);
#1696=LINE('',#3027,#1992);
#1697=LINE('',#3029,#1993);
#1698=LINE('',#3031,#1994);
#1699=LINE('',#3033,#1995);
#1700=LINE('',#3035,#1996);
#1701=LINE('',#3037,#1997);
#1702=LINE('',#3038,#1998);
#1703=LINE('',#3040,#1999);
#1704=LINE('',#3042,#2000);
#1705=LINE('',#3045,#2001);
#1706=LINE('',#3047,#2002);
#1707=LINE('',#3049,#2003);
#1708=LINE('',#3051,#2004);
#1709=LINE('',#3054,#2005);
#1710=LINE('',#3056,#2006);
#1711=LINE('',#3058,#2007);
#1712=LINE('',#3060,#2008);
#1713=LINE('',#3063,#2009);
#1714=LINE('',#3065,#2010);
#1715=LINE('',#3066,#2011);
#1716=LINE('',#3067,#2012);
#1717=LINE('',#3069,#2013);
#1718=LINE('',#3072,#2014);
#1719=LINE('',#3074,#2015);
#1720=LINE('',#3076,#2016);
#1721=LINE('',#3078,#2017);
#1722=LINE('',#3079,#2018);
#1723=LINE('',#3082,#2019);
#1724=LINE('',#3084,#2020);
#1725=LINE('',#3086,#2021);
#1726=LINE('',#3088,#2022);
#1727=LINE('',#3089,#2023);
#1728=LINE('',#3092,#2024);
#1729=LINE('',#3094,#2025);
#1730=LINE('',#3096,#2026);
#1731=LINE('',#3097,#2027);
#1732=LINE('',#3098,#2028);
#1733=LINE('',#3100,#2029);
#1734=LINE('',#3101,#2030);
#1735=LINE('',#3103,#2031);
#1736=LINE('',#3105,#2032);
#1737=LINE('',#3106,#2033);
#1738=LINE('',#3109,#2034);
#1739=LINE('',#3111,#2035);
#1740=LINE('',#3113,#2036);
#1741=LINE('',#3115,#2037);
#1742=LINE('',#3118,#2038);
#1743=LINE('',#3120,#2039);
#1744=LINE('',#3122,#2040);
#1745=LINE('',#3123,#2041);
#1746=LINE('',#3125,#2042);
#1747=LINE('',#3127,#2043);
#1748=LINE('',#3129,#2044);
#1749=LINE('',#3131,#2045);
#1750=LINE('',#3133,#2046);
#1751=LINE('',#3135,#2047);
#1752=LINE('',#3137,#2048);
#1753=LINE('',#3138,#2049);
#1754=LINE('',#3142,#2050);
#1755=LINE('',#3143,#2051);
#1756=LINE('',#3145,#2052);
#1757=LINE('',#3146,#2053);
#1758=LINE('',#3148,#2054);
#1759=LINE('',#3150,#2055);
#1760=LINE('',#3152,#2056);
#1761=LINE('',#3154,#2057);
#1762=LINE('',#3155,#2058);
#1763=LINE('',#3159,#2059);
#1764=LINE('',#3161,#2060);
#1765=LINE('',#3163,#2061);
#1766=LINE('',#3165,#2062);
#1767=LINE('',#3166,#2063);
#1768=LINE('',#3170,#2064);
#1769=LINE('',#3171,#2065);
#1770=LINE('',#3173,#2066);
#1771=LINE('',#3175,#2067);
#1772=LINE('',#3177,#2068);
#1773=LINE('',#3179,#2069);
#1774=LINE('',#3181,#2070);
#1775=LINE('',#3183,#2071);
#1776=LINE('',#3185,#2072);
#1777=LINE('',#3187,#2073);
#1778=LINE('',#3188,#2074);
#1779=LINE('',#3190,#2075);
#1780=LINE('',#3191,#2076);
#1781=LINE('',#3193,#2077);
#1782=LINE('',#3197,#2078);
#1783=LINE('',#3199,#2079);
#1784=LINE('',#3201,#2080);
#1785=LINE('',#3203,#2081);
#1786=LINE('',#3205,#2082);
#1787=LINE('',#3207,#2083);
#1788=LINE('',#3209,#2084);
#1789=LINE('',#3211,#2085);
#1790=LINE('',#3213,#2086);
#1791=LINE('',#3216,#2087);
#1792=LINE('',#3218,#2088);
#1793=LINE('',#3220,#2089);
#1794=LINE('',#3222,#2090);
#1795=LINE('',#3224,#2091);
#1796=LINE('',#3226,#2092);
#1797=LINE('',#3228,#2093);
#1798=LINE('',#3230,#2094);
#1799=LINE('',#3232,#2095);
#1800=LINE('',#3234,#2096);
#1801=LINE('',#3236,#2097);
#1802=LINE('',#3238,#2098);
#1803=LINE('',#3240,#2099);
#1804=LINE('',#3242,#2100);
#1805=LINE('',#3245,#2101);
#1806=LINE('',#3247,#2102);
#1807=LINE('',#3249,#2103);
#1808=LINE('',#3251,#2104);
#1809=LINE('',#3253,#2105);
#1810=LINE('',#3255,#2106);
#1811=LINE('',#3257,#2107);
#1812=LINE('',#3259,#2108);
#1813=LINE('',#3261,#2109);
#1814=LINE('',#3263,#2110);
#1815=LINE('',#3265,#2111);
#1816=LINE('',#3267,#2112);
#1817=LINE('',#3269,#2113);
#1818=LINE('',#3271,#2114);
#1819=LINE('',#3274,#2115);
#1820=LINE('',#3276,#2116);
#1821=LINE('',#3278,#2117);
#1822=LINE('',#3280,#2118);
#1823=LINE('',#3282,#2119);
#1824=LINE('',#3284,#2120);
#1825=LINE('',#3286,#2121);
#1826=LINE('',#3288,#2122);
#1827=LINE('',#3290,#2123);
#1828=LINE('',#3292,#2124);
#1829=LINE('',#3293,#2125);
#1830=LINE('',#3297,#2126);
#1831=LINE('',#3299,#2127);
#1832=LINE('',#3301,#2128);
#1833=LINE('',#3303,#2129);
#1834=LINE('',#3305,#2130);
#1835=LINE('',#3307,#2131);
#1836=LINE('',#3309,#2132);
#1837=LINE('',#3310,#2133);
#1838=LINE('',#3314,#2134);
#1839=LINE('',#3317,#2135);
#1840=LINE('',#3319,#2136);
#1841=LINE('',#3321,#2137);
#1842=LINE('',#3323,#2138);
#1843=LINE('',#3325,#2139);
#1844=LINE('',#3327,#2140);
#1845=LINE('',#3329,#2141);
#1846=LINE('',#3331,#2142);
#1847=LINE('',#3333,#2143);
#1848=LINE('',#3335,#2144);
#1849=LINE('',#3337,#2145);
#1850=LINE('',#3339,#2146);
#1851=LINE('',#3341,#2147);
#1852=LINE('',#3343,#2148);
#1853=LINE('',#3345,#2149);
#1854=LINE('',#3347,#2150);
#1855=LINE('',#3349,#2151);
#1856=LINE('',#3351,#2152);
#1857=LINE('',#3353,#2153);
#1858=LINE('',#3355,#2154);
#1859=LINE('',#3358,#2155);
#1860=LINE('',#3360,#2156);
#1861=LINE('',#3362,#2157);
#1862=LINE('',#3364,#2158);
#1863=LINE('',#3365,#2159);
#1864=LINE('',#3367,#2160);
#1865=LINE('',#3369,#2161);
#1866=LINE('',#3372,#2162);
#1867=LINE('',#3373,#2163);
#1868=LINE('',#3375,#2164);
#1869=LINE('',#3377,#2165);
#1870=LINE('',#3380,#2166);
#1871=LINE('',#3383,#2167);
#1872=LINE('',#3385,#2168);
#1873=LINE('',#3387,#2169);
#1874=LINE('',#3389,#2170);
#1875=LINE('',#3391,#2171);
#1876=LINE('',#3393,#2172);
#1877=LINE('',#3395,#2173);
#1878=LINE('',#3397,#2174);
#1879=LINE('',#3399,#2175);
#1880=LINE('',#3401,#2176);
#1881=LINE('',#3403,#2177);
#1882=LINE('',#3405,#2178);
#1883=LINE('',#3407,#2179);
#1884=LINE('',#3409,#2180);
#1885=LINE('',#3411,#2181);
#1886=LINE('',#3413,#2182);
#1887=LINE('',#3415,#2183);
#1888=LINE('',#3417,#2184);
#1889=LINE('',#3419,#2185);
#1890=LINE('',#3421,#2186);
#1891=LINE('',#3424,#2187);
#1892=LINE('',#3426,#2188);
#1893=LINE('',#3428,#2189);
#1894=LINE('',#3430,#2190);
#1895=LINE('',#3431,#2191);
#1896=LINE('',#3433,#2192);
#1897=LINE('',#3435,#2193);
#1898=LINE('',#3438,#2194);
#1899=LINE('',#3439,#2195);
#1900=LINE('',#3441,#2196);
#1901=LINE('',#3443,#2197);
#1902=LINE('',#3446,#2198);
#1903=LINE('',#3449,#2199);
#1904=LINE('',#3451,#2200);
#1905=LINE('',#3453,#2201);
#1906=LINE('',#3455,#2202);
#1907=LINE('',#3457,#2203);
#1908=LINE('',#3459,#2204);
#1909=LINE('',#3461,#2205);
#1910=LINE('',#3463,#2206);
#1911=LINE('',#3465,#2207);
#1912=LINE('',#3467,#2208);
#1913=LINE('',#3469,#2209);
#1914=LINE('',#3471,#2210);
#1915=LINE('',#3473,#2211);
#1916=LINE('',#3475,#2212);
#1917=LINE('',#3477,#2213);
#1918=LINE('',#3479,#2214);
#1919=LINE('',#3481,#2215);
#1920=LINE('',#3483,#2216);
#1921=LINE('',#3485,#2217);
#1922=LINE('',#3487,#2218);
#1923=LINE('',#3490,#2219);
#1924=LINE('',#3492,#2220);
#1925=LINE('',#3494,#2221);
#1926=LINE('',#3496,#2222);
#1927=LINE('',#3497,#2223);
#1928=LINE('',#3499,#2224);
#1929=LINE('',#3501,#2225);
#1930=LINE('',#3504,#2226);
#1931=LINE('',#3505,#2227);
#1932=LINE('',#3507,#2228);
#1933=LINE('',#3509,#2229);
#1934=LINE('',#3512,#2230);
#1935=LINE('',#3515,#2231);
#1936=VECTOR('',#2363,1.);
#1937=VECTOR('',#2364,1.);
#1938=VECTOR('',#2365,1.);
#1939=VECTOR('',#2366,1.);
#1940=VECTOR('',#2367,1.);
#1941=VECTOR('',#2368,1.);
#1942=VECTOR('',#2369,1.);
#1943=VECTOR('',#2372,1.);
#1944=VECTOR('',#2373,1.);
#1945=VECTOR('',#2374,1.);
#1946=VECTOR('',#2377,1.);
#1947=VECTOR('',#2378,1.);
#1948=VECTOR('',#2379,1.);
#1949=VECTOR('',#2382,1.);
#1950=VECTOR('',#2383,1.);
#1951=VECTOR('',#2384,1.);
#1952=VECTOR('',#2385,1.);
#1953=VECTOR('',#2388,1.);
#1954=VECTOR('',#2389,1.);
#1955=VECTOR('',#2390,1.);
#1956=VECTOR('',#2393,1.);
#1957=VECTOR('',#2394,1.);
#1958=VECTOR('',#2395,1.);
#1959=VECTOR('',#2398,1.);
#1960=VECTOR('',#2399,1.);
#1961=VECTOR('',#2400,1.);
#1962=VECTOR('',#2401,1.);
#1963=VECTOR('',#2404,1.);
#1964=VECTOR('',#2405,1.);
#1965=VECTOR('',#2406,1.);
#1966=VECTOR('',#2407,1.);
#1967=VECTOR('',#2408,1.);
#1968=VECTOR('',#2409,1.);
#1969=VECTOR('',#2410,1.);
#1970=VECTOR('',#2411,1.);
#1971=VECTOR('',#2412,1.);
#1972=VECTOR('',#2413,1.);
#1973=VECTOR('',#2414,1.);
#1974=VECTOR('',#2415,1.);
#1975=VECTOR('',#2416,1.);
#1976=VECTOR('',#2417,1.);
#1977=VECTOR('',#2418,1.);
#1978=VECTOR('',#2419,1.);
#1979=VECTOR('',#2420,1.);
#1980=VECTOR('',#2421,1.);
#1981=VECTOR('',#2424,1.);
#1982=VECTOR('',#2425,1.);
#1983=VECTOR('',#2426,1.);
#1984=VECTOR('',#2427,1.);
#1985=VECTOR('',#2428,1.);
#1986=VECTOR('',#2429,1.);
#1987=VECTOR('',#2430,1.);
#1988=VECTOR('',#2431,1.);
#1989=VECTOR('',#2432,1.);
#1990=VECTOR('',#2433,1.);
#1991=VECTOR('',#2434,1.);
#1992=VECTOR('',#2435,1.);
#1993=VECTOR('',#2436,1.);
#1994=VECTOR('',#2437,1.);
#1995=VECTOR('',#2438,1.);
#1996=VECTOR('',#2439,1.);
#1997=VECTOR('',#2440,1.);
#1998=VECTOR('',#2441,1.);
#1999=VECTOR('',#2442,1.);
#2000=VECTOR('',#2445,1.);
#2001=VECTOR('',#2446,1.);
#2002=VECTOR('',#2447,1.);
#2003=VECTOR('',#2448,1.);
#2004=VECTOR('',#2451,1.);
#2005=VECTOR('',#2452,1.);
#2006=VECTOR('',#2453,1.);
#2007=VECTOR('',#2454,1.);
#2008=VECTOR('',#2457,1.);
#2009=VECTOR('',#2458,1.);
#2010=VECTOR('',#2459,1.);
#2011=VECTOR('',#2460,1.);
#2012=VECTOR('',#2461,1.);
#2013=VECTOR('',#2464,1.);
#2014=VECTOR('',#2465,1.);
#2015=VECTOR('',#2466,1.);
#2016=VECTOR('',#2467,1.);
#2017=VECTOR('',#2468,1.);
#2018=VECTOR('',#2469,1.);
#2019=VECTOR('',#2470,1.);
#2020=VECTOR('',#2471,1.);
#2021=VECTOR('',#2472,1.);
#2022=VECTOR('',#2473,1.);
#2023=VECTOR('',#2474,1.);
#2024=VECTOR('',#2475,1.);
#2025=VECTOR('',#2476,1.);
#2026=VECTOR('',#2477,1.);
#2027=VECTOR('',#2478,1.);
#2028=VECTOR('',#2479,1.);
#2029=VECTOR('',#2480,1.);
#2030=VECTOR('',#2481,1.);
#2031=VECTOR('',#2482,1.);
#2032=VECTOR('',#2485,1.);
#2033=VECTOR('',#2486,1.);
#2034=VECTOR('',#2487,1.);
#2035=VECTOR('',#2488,1.);
#2036=VECTOR('',#2489,1.);
#2037=VECTOR('',#2492,1.);
#2038=VECTOR('',#2493,1.);
#2039=VECTOR('',#2494,1.);
#2040=VECTOR('',#2495,1.);
#2041=VECTOR('',#2496,1.);
#2042=VECTOR('',#2499,1.);
#2043=VECTOR('',#2500,1.);
#2044=VECTOR('',#2501,1.);
#2045=VECTOR('',#2504,1.);
#2046=VECTOR('',#2505,1.);
#2047=VECTOR('',#2506,1.);
#2048=VECTOR('',#2509,1.);
#2049=VECTOR('',#2510,1.);
#2050=VECTOR('',#2517,1.);
#2051=VECTOR('',#2518,1.);
#2052=VECTOR('',#2521,1.);
#2053=VECTOR('',#2522,1.);
#2054=VECTOR('',#2525,1.);
#2055=VECTOR('',#2526,1.);
#2056=VECTOR('',#2527,1.);
#2057=VECTOR('',#2530,1.);
#2058=VECTOR('',#2531,1.);
#2059=VECTOR('',#2538,1.);
#2060=VECTOR('',#2539,1.);
#2061=VECTOR('',#2540,1.);
#2062=VECTOR('',#2543,1.);
#2063=VECTOR('',#2544,1.);
#2064=VECTOR('',#2551,1.);
#2065=VECTOR('',#2552,1.);
#2066=VECTOR('',#2555,1.);
#2067=VECTOR('',#2558,1.);
#2068=VECTOR('',#2561,1.);
#2069=VECTOR('',#2562,1.);
#2070=VECTOR('',#2563,1.);
#2071=VECTOR('',#2566,1.);
#2072=VECTOR('',#2567,1.);
#2073=VECTOR('',#2570,1.);
#2074=VECTOR('',#2571,1.);
#2075=VECTOR('',#2574,1.);
#2076=VECTOR('',#2575,1.);
#2077=VECTOR('',#2576,1.);
#2078=VECTOR('',#2583,1.);
#2079=VECTOR('',#2584,1.);
#2080=VECTOR('',#2585,1.);
#2081=VECTOR('',#2588,1.);
#2082=VECTOR('',#2589,1.);
#2083=VECTOR('',#2592,1.);
#2084=VECTOR('',#2593,1.);
#2085=VECTOR('',#2596,1.);
#2086=VECTOR('',#2599,1.);
#2087=VECTOR('',#2600,1.);
#2088=VECTOR('',#2601,1.);
#2089=VECTOR('',#2602,1.);
#2090=VECTOR('',#2605,1.);
#2091=VECTOR('',#2606,1.);
#2092=VECTOR('',#2607,1.);
#2093=VECTOR('',#2610,1.);
#2094=VECTOR('',#2611,1.);
#2095=VECTOR('',#2614,1.);
#2096=VECTOR('',#2615,1.);
#2097=VECTOR('',#2618,1.);
#2098=VECTOR('',#2619,1.);
#2099=VECTOR('',#2622,1.);
#2100=VECTOR('',#2625,1.);
#2101=VECTOR('',#2626,1.);
#2102=VECTOR('',#2627,1.);
#2103=VECTOR('',#2628,1.);
#2104=VECTOR('',#2631,1.);
#2105=VECTOR('',#2632,1.);
#2106=VECTOR('',#2633,1.);
#2107=VECTOR('',#2636,1.);
#2108=VECTOR('',#2637,1.);
#2109=VECTOR('',#2640,1.);
#2110=VECTOR('',#2641,1.);
#2111=VECTOR('',#2644,1.);
#2112=VECTOR('',#2645,1.);
#2113=VECTOR('',#2648,1.);
#2114=VECTOR('',#2651,1.);
#2115=VECTOR('',#2652,1.);
#2116=VECTOR('',#2653,1.);
#2117=VECTOR('',#2654,1.);
#2118=VECTOR('',#2657,1.);
#2119=VECTOR('',#2658,1.);
#2120=VECTOR('',#2659,1.);
#2121=VECTOR('',#2662,1.);
#2122=VECTOR('',#2663,1.);
#2123=VECTOR('',#2664,1.);
#2124=VECTOR('',#2667,1.);
#2125=VECTOR('',#2668,1.);
#2126=VECTOR('',#2675,1.);
#2127=VECTOR('',#2676,1.);
#2128=VECTOR('',#2677,1.);
#2129=VECTOR('',#2680,1.);
#2130=VECTOR('',#2681,1.);
#2131=VECTOR('',#2682,1.);
#2132=VECTOR('',#2685,1.);
#2133=VECTOR('',#2686,1.);
#2134=VECTOR('',#2693,1.);
#2135=VECTOR('',#2694,1.);
#2136=VECTOR('',#2695,1.);
#2137=VECTOR('',#2696,1.);
#2138=VECTOR('',#2699,1.);
#2139=VECTOR('',#2700,1.);
#2140=VECTOR('',#2701,1.);
#2141=VECTOR('',#2704,1.);
#2142=VECTOR('',#2705,1.);
#2143=VECTOR('',#2706,1.);
#2144=VECTOR('',#2709,1.);
#2145=VECTOR('',#2712,1.);
#2146=VECTOR('',#2715,1.);
#2147=VECTOR('',#2716,1.);
#2148=VECTOR('',#2717,1.);
#2149=VECTOR('',#2720,1.);
#2150=VECTOR('',#2721,1.);
#2151=VECTOR('',#2722,1.);
#2152=VECTOR('',#2725,1.);
#2153=VECTOR('',#2728,1.);
#2154=VECTOR('',#2731,1.);
#2155=VECTOR('',#2732,1.);
#2156=VECTOR('',#2733,1.);
#2157=VECTOR('',#2734,1.);
#2158=VECTOR('',#2737,1.);
#2159=VECTOR('',#2738,1.);
#2160=VECTOR('',#2741,1.);
#2161=VECTOR('',#2744,1.);
#2162=VECTOR('',#2749,1.);
#2163=VECTOR('',#2750,1.);
#2164=VECTOR('',#2753,1.);
#2165=VECTOR('',#2756,1.);
#2166=VECTOR('',#2761,1.);
#2167=VECTOR('',#2762,1.);
#2168=VECTOR('',#2763,1.);
#2169=VECTOR('',#2764,1.);
#2170=VECTOR('',#2767,1.);
#2171=VECTOR('',#2768,1.);
#2172=VECTOR('',#2769,1.);
#2173=VECTOR('',#2772,1.);
#2174=VECTOR('',#2773,1.);
#2175=VECTOR('',#2774,1.);
#2176=VECTOR('',#2777,1.);
#2177=VECTOR('',#2780,1.);
#2178=VECTOR('',#2783,1.);
#2179=VECTOR('',#2784,1.);
#2180=VECTOR('',#2785,1.);
#2181=VECTOR('',#2788,1.);
#2182=VECTOR('',#2789,1.);
#2183=VECTOR('',#2790,1.);
#2184=VECTOR('',#2793,1.);
#2185=VECTOR('',#2796,1.);
#2186=VECTOR('',#2799,1.);
#2187=VECTOR('',#2800,1.);
#2188=VECTOR('',#2801,1.);
#2189=VECTOR('',#2802,1.);
#2190=VECTOR('',#2805,1.);
#2191=VECTOR('',#2806,1.);
#2192=VECTOR('',#2809,1.);
#2193=VECTOR('',#2812,1.);
#2194=VECTOR('',#2817,1.);
#2195=VECTOR('',#2818,1.);
#2196=VECTOR('',#2821,1.);
#2197=VECTOR('',#2824,1.);
#2198=VECTOR('',#2829,1.);
#2199=VECTOR('',#2830,1.);
#2200=VECTOR('',#2831,1.);
#2201=VECTOR('',#2832,1.);
#2202=VECTOR('',#2835,1.);
#2203=VECTOR('',#2836,1.);
#2204=VECTOR('',#2837,1.);
#2205=VECTOR('',#2840,1.);
#2206=VECTOR('',#2841,1.);
#2207=VECTOR('',#2842,1.);
#2208=VECTOR('',#2845,1.);
#2209=VECTOR('',#2848,1.);
#2210=VECTOR('',#2851,1.);
#2211=VECTOR('',#2852,1.);
#2212=VECTOR('',#2853,1.);
#2213=VECTOR('',#2856,1.);
#2214=VECTOR('',#2857,1.);
#2215=VECTOR('',#2858,1.);
#2216=VECTOR('',#2861,1.);
#2217=VECTOR('',#2864,1.);
#2218=VECTOR('',#2867,1.);
#2219=VECTOR('',#2868,1.);
#2220=VECTOR('',#2869,1.);
#2221=VECTOR('',#2870,1.);
#2222=VECTOR('',#2873,1.);
#2223=VECTOR('',#2874,1.);
#2224=VECTOR('',#2877,1.);
#2225=VECTOR('',#2880,1.);
#2226=VECTOR('',#2885,1.);
#2227=VECTOR('',#2886,1.);
#2228=VECTOR('',#2889,1.);
#2229=VECTOR('',#2892,1.);
#2230=VECTOR('',#2897,1.);
#2231=VECTOR('',#2902,1.);
#2232=AXIS2_PLACEMENT_3D('',#2915,#2361,#2362);
#2233=AXIS2_PLACEMENT_3D('',#2930,#2370,#2371);
#2234=AXIS2_PLACEMENT_3D('',#2937,#2375,#2376);
#2235=AXIS2_PLACEMENT_3D('',#2943,#2380,#2381);
#2236=AXIS2_PLACEMENT_3D('',#2950,#2386,#2387);
#2237=AXIS2_PLACEMENT_3D('',#2956,#2391,#2392);
#2238=AXIS2_PLACEMENT_3D('',#2961,#2396,#2397);
#2239=AXIS2_PLACEMENT_3D('',#2968,#2402,#2403);
#2240=AXIS2_PLACEMENT_3D('',#3003,#2422,#2423);
#2241=AXIS2_PLACEMENT_3D('',#3041,#2443,#2444);
#2242=AXIS2_PLACEMENT_3D('',#3050,#2449,#2450);
#2243=AXIS2_PLACEMENT_3D('',#3059,#2455,#2456);
#2244=AXIS2_PLACEMENT_3D('',#3068,#2462,#2463);
#2245=AXIS2_PLACEMENT_3D('',#3104,#2483,#2484);
#2246=AXIS2_PLACEMENT_3D('',#3114,#2490,#2491);
#2247=AXIS2_PLACEMENT_3D('',#3124,#2497,#2498);
#2248=AXIS2_PLACEMENT_3D('',#3130,#2502,#2503);
#2249=AXIS2_PLACEMENT_3D('',#3136,#2507,#2508);
#2250=AXIS2_PLACEMENT_3D('',#3139,#2511,#2512);
#2251=AXIS2_PLACEMENT_3D('',#3140,#2513,#2514);
#2252=AXIS2_PLACEMENT_3D('',#3141,#2515,#2516);
#2253=AXIS2_PLACEMENT_3D('',#3144,#2519,#2520);
#2254=AXIS2_PLACEMENT_3D('',#3147,#2523,#2524);
#2255=AXIS2_PLACEMENT_3D('',#3153,#2528,#2529);
#2256=AXIS2_PLACEMENT_3D('',#3156,#2532,#2533);
#2257=AXIS2_PLACEMENT_3D('',#3157,#2534,#2535);
#2258=AXIS2_PLACEMENT_3D('',#3158,#2536,#2537);
#2259=AXIS2_PLACEMENT_3D('',#3164,#2541,#2542);
#2260=AXIS2_PLACEMENT_3D('',#3167,#2545,#2546);
#2261=AXIS2_PLACEMENT_3D('',#3168,#2547,#2548);
#2262=AXIS2_PLACEMENT_3D('',#3169,#2549,#2550);
#2263=AXIS2_PLACEMENT_3D('',#3172,#2553,#2554);
#2264=AXIS2_PLACEMENT_3D('',#3174,#2556,#2557);
#2265=AXIS2_PLACEMENT_3D('',#3176,#2559,#2560);
#2266=AXIS2_PLACEMENT_3D('',#3182,#2564,#2565);
#2267=AXIS2_PLACEMENT_3D('',#3186,#2568,#2569);
#2268=AXIS2_PLACEMENT_3D('',#3189,#2572,#2573);
#2269=AXIS2_PLACEMENT_3D('',#3194,#2577,#2578);
#2270=AXIS2_PLACEMENT_3D('',#3195,#2579,#2580);
#2271=AXIS2_PLACEMENT_3D('',#3196,#2581,#2582);
#2272=AXIS2_PLACEMENT_3D('',#3202,#2586,#2587);
#2273=AXIS2_PLACEMENT_3D('',#3206,#2590,#2591);
#2274=AXIS2_PLACEMENT_3D('',#3210,#2594,#2595);
#2275=AXIS2_PLACEMENT_3D('',#3212,#2597,#2598);
#2276=AXIS2_PLACEMENT_3D('',#3221,#2603,#2604);
#2277=AXIS2_PLACEMENT_3D('',#3227,#2608,#2609);
#2278=AXIS2_PLACEMENT_3D('',#3231,#2612,#2613);
#2279=AXIS2_PLACEMENT_3D('',#3235,#2616,#2617);
#2280=AXIS2_PLACEMENT_3D('',#3239,#2620,#2621);
#2281=AXIS2_PLACEMENT_3D('',#3241,#2623,#2624);
#2282=AXIS2_PLACEMENT_3D('',#3250,#2629,#2630);
#2283=AXIS2_PLACEMENT_3D('',#3256,#2634,#2635);
#2284=AXIS2_PLACEMENT_3D('',#3260,#2638,#2639);
#2285=AXIS2_PLACEMENT_3D('',#3264,#2642,#2643);
#2286=AXIS2_PLACEMENT_3D('',#3268,#2646,#2647);
#2287=AXIS2_PLACEMENT_3D('',#3270,#2649,#2650);
#2288=AXIS2_PLACEMENT_3D('',#3279,#2655,#2656);
#2289=AXIS2_PLACEMENT_3D('',#3285,#2660,#2661);
#2290=AXIS2_PLACEMENT_3D('',#3291,#2665,#2666);
#2291=AXIS2_PLACEMENT_3D('',#3294,#2669,#2670);
#2292=AXIS2_PLACEMENT_3D('',#3295,#2671,#2672);
#2293=AXIS2_PLACEMENT_3D('',#3296,#2673,#2674);
#2294=AXIS2_PLACEMENT_3D('',#3302,#2678,#2679);
#2295=AXIS2_PLACEMENT_3D('',#3308,#2683,#2684);
#2296=AXIS2_PLACEMENT_3D('',#3311,#2687,#2688);
#2297=AXIS2_PLACEMENT_3D('',#3312,#2689,#2690);
#2298=AXIS2_PLACEMENT_3D('',#3313,#2691,#2692);
#2299=AXIS2_PLACEMENT_3D('',#3322,#2697,#2698);
#2300=AXIS2_PLACEMENT_3D('',#3328,#2702,#2703);
#2301=AXIS2_PLACEMENT_3D('',#3334,#2707,#2708);
#2302=AXIS2_PLACEMENT_3D('',#3336,#2710,#2711);
#2303=AXIS2_PLACEMENT_3D('',#3338,#2713,#2714);
#2304=AXIS2_PLACEMENT_3D('',#3344,#2718,#2719);
#2305=AXIS2_PLACEMENT_3D('',#3350,#2723,#2724);
#2306=AXIS2_PLACEMENT_3D('',#3352,#2726,#2727);
#2307=AXIS2_PLACEMENT_3D('',#3354,#2729,#2730);
#2308=AXIS2_PLACEMENT_3D('',#3363,#2735,#2736);
#2309=AXIS2_PLACEMENT_3D('',#3366,#2739,#2740);
#2310=AXIS2_PLACEMENT_3D('',#3368,#2742,#2743);
#2311=AXIS2_PLACEMENT_3D('',#3370,#2745,#2746);
#2312=AXIS2_PLACEMENT_3D('',#3371,#2747,#2748);
#2313=AXIS2_PLACEMENT_3D('',#3374,#2751,#2752);
#2314=AXIS2_PLACEMENT_3D('',#3376,#2754,#2755);
#2315=AXIS2_PLACEMENT_3D('',#3378,#2757,#2758);
#2316=AXIS2_PLACEMENT_3D('',#3379,#2759,#2760);
#2317=AXIS2_PLACEMENT_3D('',#3388,#2765,#2766);
#2318=AXIS2_PLACEMENT_3D('',#3394,#2770,#2771);
#2319=AXIS2_PLACEMENT_3D('',#3400,#2775,#2776);
#2320=AXIS2_PLACEMENT_3D('',#3402,#2778,#2779);
#2321=AXIS2_PLACEMENT_3D('',#3404,#2781,#2782);
#2322=AXIS2_PLACEMENT_3D('',#3410,#2786,#2787);
#2323=AXIS2_PLACEMENT_3D('',#3416,#2791,#2792);
#2324=AXIS2_PLACEMENT_3D('',#3418,#2794,#2795);
#2325=AXIS2_PLACEMENT_3D('',#3420,#2797,#2798);
#2326=AXIS2_PLACEMENT_3D('',#3429,#2803,#2804);
#2327=AXIS2_PLACEMENT_3D('',#3432,#2807,#2808);
#2328=AXIS2_PLACEMENT_3D('',#3434,#2810,#2811);
#2329=AXIS2_PLACEMENT_3D('',#3436,#2813,#2814);
#2330=AXIS2_PLACEMENT_3D('',#3437,#2815,#2816);
#2331=AXIS2_PLACEMENT_3D('',#3440,#2819,#2820);
#2332=AXIS2_PLACEMENT_3D('',#3442,#2822,#2823);
#2333=AXIS2_PLACEMENT_3D('',#3444,#2825,#2826);
#2334=AXIS2_PLACEMENT_3D('',#3445,#2827,#2828);
#2335=AXIS2_PLACEMENT_3D('',#3454,#2833,#2834);
#2336=AXIS2_PLACEMENT_3D('',#3460,#2838,#2839);
#2337=AXIS2_PLACEMENT_3D('',#3466,#2843,#2844);
#2338=AXIS2_PLACEMENT_3D('',#3468,#2846,#2847);
#2339=AXIS2_PLACEMENT_3D('',#3470,#2849,#2850);
#2340=AXIS2_PLACEMENT_3D('',#3476,#2854,#2855);
#2341=AXIS2_PLACEMENT_3D('',#3482,#2859,#2860);
#2342=AXIS2_PLACEMENT_3D('',#3484,#2862,#2863);
#2343=AXIS2_PLACEMENT_3D('',#3486,#2865,#2866);
#2344=AXIS2_PLACEMENT_3D('',#3495,#2871,#2872);
#2345=AXIS2_PLACEMENT_3D('',#3498,#2875,#2876);
#2346=AXIS2_PLACEMENT_3D('',#3500,#2878,#2879);
#2347=AXIS2_PLACEMENT_3D('',#3502,#2881,#2882);
#2348=AXIS2_PLACEMENT_3D('',#3503,#2883,#2884);
#2349=AXIS2_PLACEMENT_3D('',#3506,#2887,#2888);
#2350=AXIS2_PLACEMENT_3D('',#3508,#2890,#2891);
#2351=AXIS2_PLACEMENT_3D('',#3510,#2893,#2894);
#2352=AXIS2_PLACEMENT_3D('',#3511,#2895,#2896);
#2353=AXIS2_PLACEMENT_3D('',#3513,#2898,#2899);
#2354=AXIS2_PLACEMENT_3D('',#3514,#2900,#2901);
#2355=AXIS2_PLACEMENT_3D('',#3516,#2903,#2904);
#2356=AXIS2_PLACEMENT_3D('',#3517,#2905,#2906);
#2357=AXIS2_PLACEMENT_3D('',#3518,#2907,#2908);
#2358=AXIS2_PLACEMENT_3D('',#3519,#2909,#2910);
#2359=AXIS2_PLACEMENT_3D('',#3520,#2911,#2912);
#2360=AXIS2_PLACEMENT_3D('',#3521,#2913,#2914);
#2361=DIRECTION('',(0.,0.,1.));
#2362=DIRECTION('',(1.,0.,0.));
#2363=DIRECTION('',(-1.,0.,0.));
#2364=DIRECTION('',(0.,-1.,0.));
#2365=DIRECTION('',(-1.,0.,0.));
#2366=DIRECTION('',(-5.59588218057035E-16,1.,0.));
#2367=DIRECTION('',(0.707106781186547,0.707106781186549,0.));
#2368=DIRECTION('',(-1.,0.,0.));
#2369=DIRECTION('',(0.,1.,0.));
#2370=DIRECTION('',(0.,0.,1.));
#2371=DIRECTION('',(1.,0.,0.));
#2372=DIRECTION('',(0.527934936028456,0.41244916877223,-0.742408503790014));
#2373=DIRECTION('',(-0.527934936028456,-0.41244916877223,-0.742408503790013));
#2374=DIRECTION('',(0.,0.,-1.));
#2375=DIRECTION('',(-0.615644041972314,0.788024373724564,0.));
#2376=DIRECTION('',(-0.788024373724564,-0.615644041972314,0.));
#2377=DIRECTION('',(0.,0.,-1.));
#2378=DIRECTION('',(-0.527934936028455,0.412449168772231,0.742408503790014));
#2379=DIRECTION('',(0.527934936028454,-0.41244916877223,0.742408503790014));
#2380=DIRECTION('',(0.615644041972316,0.788024373724563,0.));
#2381=DIRECTION('',(-0.788024373724563,0.615644041972316,0.));
#2382=DIRECTION('',(0.,-1.,0.));
#2383=DIRECTION('',(-1.,0.,0.));
#2384=DIRECTION('',(0.,1.,0.));
#2385=DIRECTION('',(-1.,0.,0.));
#2386=DIRECTION('',(0.,0.,1.));
#2387=DIRECTION('',(1.,0.,0.));
#2388=DIRECTION('',(0.527934936028454,0.41244916877223,-0.742408503790014));
#2389=DIRECTION('',(-0.527934936028455,-0.412449168772231,-0.742408503790014));
#2390=DIRECTION('',(0.,0.,-1.));
#2391=DIRECTION('',(-0.615644041972316,0.788024373724563,0.));
#2392=DIRECTION('',(-0.788024373724563,-0.615644041972316,0.));
#2393=DIRECTION('',(0.,0.,-1.));
#2394=DIRECTION('',(-0.527934936028456,0.41244916877223,0.742408503790013));
#2395=DIRECTION('',(0.527934936028456,-0.41244916877223,0.742408503790014));
#2396=DIRECTION('',(0.615644041972314,0.788024373724564,0.));
#2397=DIRECTION('',(-0.788024373724564,0.615644041972314,0.));
#2398=DIRECTION('',(0.,-1.,0.));
#2399=DIRECTION('',(-1.,0.,0.));
#2400=DIRECTION('',(0.,1.,0.));
#2401=DIRECTION('',(-1.,0.,0.));
#2402=DIRECTION('',(0.,0.,1.));
#2403=DIRECTION('',(1.,0.,0.));
#2404=DIRECTION('',(-1.,0.,0.));
#2405=DIRECTION('',(0.,0.,1.));
#2406=DIRECTION('',(1.,0.,0.));
#2407=DIRECTION('',(0.,0.,1.));
#2408=DIRECTION('',(-1.,0.,0.));
#2409=DIRECTION('',(0.,0.,1.));
#2410=DIRECTION('',(1.,0.,0.));
#2411=DIRECTION('',(0.,0.,1.));
#2412=DIRECTION('',(-1.,0.,0.));
#2413=DIRECTION('',(0.,0.,1.));
#2414=DIRECTION('',(1.,0.,0.));
#2415=DIRECTION('',(0.,0.,1.));
#2416=DIRECTION('',(0.,0.,1.));
#2417=DIRECTION('',(0.,0.,-1.));
#2418=DIRECTION('',(1.,0.,0.));
#2419=DIRECTION('',(0.,0.,-1.));
#2420=DIRECTION('',(2.24705113468499E-16,0.,-1.));
#2421=DIRECTION('',(-1.,0.,-4.79963017068682E-16));
#2422=DIRECTION('',(0.,-1.,0.));
#2423=DIRECTION('',(0.,0.,-1.));
#2424=DIRECTION('',(1.,0.,-9.95799250102961E-17));
#2425=DIRECTION('',(0.,1.,0.));
#2426=DIRECTION('',(1.,0.,-9.95799250102961E-17));
#2427=DIRECTION('',(0.,1.,0.));
#2428=DIRECTION('',(1.,0.,9.95799250102961E-17));
#2429=DIRECTION('',(0.,1.,0.));
#2430=DIRECTION('',(1.,0.,9.95799250102961E-17));
#2431=DIRECTION('',(0.,1.,0.));
#2432=DIRECTION('',(-5.59588218057035E-16,1.,0.));
#2433=DIRECTION('',(0.,-1.,0.));
#2434=DIRECTION('',(-0.642787609686539,-0.766044443118978,0.));
#2435=DIRECTION('',(1.,0.,0.));
#2436=DIRECTION('',(-0.642787609686539,0.766044443118978,0.));
#2437=DIRECTION('',(0.,1.,0.));
#2438=DIRECTION('',(5.59588218057036E-16,1.,0.));
#2439=DIRECTION('',(-0.707106781186544,0.707106781186551,0.));
#2440=DIRECTION('',(1.,0.,0.));
#2441=DIRECTION('',(1.,0.,0.));
#2442=DIRECTION('',(0.707106781186547,0.707106781186549,0.));
#2443=DIRECTION('',(0.,0.,-1.));
#2444=DIRECTION('',(-1.,0.,0.));
#2445=DIRECTION('',(0.,0.,-1.));
#2446=DIRECTION('',(0.64278760968654,-0.766044443118978,0.));
#2447=DIRECTION('',(0.,0.,-1.));
#2448=DIRECTION('',(-0.642787609686539,0.766044443118978,-3.08514280479518E-16));
#2449=DIRECTION('',(-0.766044443118978,-0.64278760968654,0.));
#2450=DIRECTION('',(0.642787609686539,-0.766044443118978,0.));
#2451=DIRECTION('',(0.,0.,-1.));
#2452=DIRECTION('',(0.64278760968654,0.766044443118978,0.));
#2453=DIRECTION('',(0.,0.,-1.));
#2454=DIRECTION('',(-0.642787609686539,-0.766044443118978,-3.08514280479518E-16));
#2455=DIRECTION('',(0.766044443118978,-0.64278760968654,0.));
#2456=DIRECTION('',(0.642787609686539,0.766044443118978,0.));
#2457=DIRECTION('',(0.,0.,-1.));
#2458=DIRECTION('',(0.,1.,0.));
#2459=DIRECTION('',(0.,0.,-1.));
#2460=DIRECTION('',(0.,-1.,0.));
#2461=DIRECTION('',(0.,0.,-1.));
#2462=DIRECTION('',(1.,0.,0.));
#2463=DIRECTION('',(0.,0.,-1.));
#2464=DIRECTION('',(0.,0.,-1.));
#2465=DIRECTION('',(-1.,0.,-1.70740499604016E-16));
#2466=DIRECTION('',(0.,0.,1.));
#2467=DIRECTION('',(1.,0.,-1.14730388622803E-16));
#2468=DIRECTION('',(0.707106781186507,0.,-0.707106781186588));
#2469=DIRECTION('',(-1.33177589691132E-14,0.,-1.));
#2470=DIRECTION('',(-1.,0.,2.56110749406024E-15));
#2471=DIRECTION('',(-1.78979406251578E-14,0.,1.));
#2472=DIRECTION('',(0.707106781186547,0.,0.707106781186548));
#2473=DIRECTION('',(1.,0.,3.44191165868408E-16));
#2474=DIRECTION('',(0.,0.,-1.));
#2475=DIRECTION('',(-1.,0.,0.));
#2476=DIRECTION('',(-6.82961998416065E-16,0.,1.));
#2477=DIRECTION('',(1.,0.,1.32323887193113E-15));
#2478=DIRECTION('',(-1.,0.,-4.79963017068682E-16));
#2479=DIRECTION('',(0.,0.,-1.));
#2480=DIRECTION('',(0.,0.,-1.));
#2481=DIRECTION('',(0.,0.,-1.));
#2482=DIRECTION('',(0.,0.,-1.));
#2483=DIRECTION('',(0.,-1.,0.));
#2484=DIRECTION('',(0.,0.,-1.));
#2485=DIRECTION('',(0.,-1.,0.));
#2486=DIRECTION('',(-1.,0.,0.));
#2487=DIRECTION('',(0.,1.,-2.6992585207108E-15));
#2488=DIRECTION('',(-1.,0.,0.));
#2489=DIRECTION('',(0.,1.,-2.6992585207108E-15));
#2490=DIRECTION('',(-4.79963017068682E-16,0.,1.));
#2491=DIRECTION('',(1.,0.,4.80084721976581E-16));
#2492=DIRECTION('',(0.,0.,-1.));
#2493=DIRECTION('',(0.,-1.,0.));
#2494=DIRECTION('',(0.,0.,-1.));
#2495=DIRECTION('',(0.,0.,-1.));
#2496=DIRECTION('',(0.,-1.,0.));
#2497=DIRECTION('',(-1.,0.,-2.24705113468499E-16));
#2498=DIRECTION('',(-2.24646690138997E-16,0.,1.));
#2499=DIRECTION('',(0.,-0.810421678379293,-0.585846996418766));
#2500=DIRECTION('',(0.,-0.810421678379293,-0.585846996418766));
#2501=DIRECTION('',(-1.,0.,0.));
#2502=DIRECTION('',(0.,0.585846996418766,-0.810421678379293));
#2503=DIRECTION('',(0.,0.810421678379293,0.585846996418766));
#2504=DIRECTION('',(0.,0.,1.));
#2505=DIRECTION('',(-1.,0.,0.));
#2506=DIRECTION('',(0.,0.,1.));
#2507=DIRECTION('',(0.,-1.,0.));
#2508=DIRECTION('',(0.,0.,-1.));
#2509=DIRECTION('',(0.,-1.,-1.15648231731787E-15));
#2510=DIRECTION('',(0.,-1.,-1.15648231731787E-15));
#2511=DIRECTION('',(0.,1.15648231731787E-15,-1.));
#2512=DIRECTION('',(0.,1.,1.15619319673854E-15));
#2513=DIRECTION('',(-1.,0.,0.));
#2514=DIRECTION('',(0.,0.,1.));
#2515=DIRECTION('',(-1.,0.,0.));
#2516=DIRECTION('',(0.,0.,1.));
#2517=DIRECTION('',(0.60658472488997,-0.722899525100392,-0.330864395394529));
#2518=DIRECTION('',(0.64278760968654,-0.766044443118978,0.));
#2519=DIRECTION('',(-0.766044443118978,-0.64278760968654,0.));
#2520=DIRECTION('',(0.642787609686539,-0.766044443118978,0.));
#2521=DIRECTION('',(0.60658472488997,0.722899525100392,0.330864395394528));
#2522=DIRECTION('',(0.64278760968654,0.766044443118978,0.));
#2523=DIRECTION('',(0.766044443118978,-0.64278760968654,0.));
#2524=DIRECTION('',(0.642787609686539,0.766044443118978,0.));
#2525=DIRECTION('',(5.19859224602396E-16,1.,0.));
#2526=DIRECTION('',(0.,0.,1.));
#2527=DIRECTION('',(5.19859224602396E-16,1.,0.));
#2528=DIRECTION('',(1.,-5.19859224602396E-16,0.));
#2529=DIRECTION('',(5.19549681055054E-16,1.,0.));
#2530=DIRECTION('',(1.,4.64658073922359E-16,0.));
#2531=DIRECTION('',(1.,4.64658073922359E-16,0.));
#2532=DIRECTION('',(4.64658073922359E-16,-1.,0.));
#2533=DIRECTION('',(1.,4.64689051127287E-16,0.));
#2534=DIRECTION('',(0.,0.,-1.));
#2535=DIRECTION('',(-1.,0.,0.));
#2536=DIRECTION('',(0.,0.,-1.));
#2537=DIRECTION('',(-1.,0.,0.));
#2538=DIRECTION('',(5.19859224602396E-16,-1.,0.));
#2539=DIRECTION('',(5.19859224602396E-16,-1.,0.));
#2540=DIRECTION('',(0.,0.,1.));
#2541=DIRECTION('',(-1.,-5.19859224602396E-16,0.));
#2542=DIRECTION('',(5.19549681055054E-16,-1.,0.));
#2543=DIRECTION('',(1.,-4.64658073922359E-16,0.));
#2544=DIRECTION('',(1.,-4.64658073922359E-16,0.));
#2545=DIRECTION('',(-4.64658073922359E-16,-1.,0.));
#2546=DIRECTION('',(1.,-4.64689051127287E-16,0.));
#2547=DIRECTION('',(0.,0.,-1.));
#2548=DIRECTION('',(-1.,0.,0.));
#2549=DIRECTION('',(0.,0.,-1.));
#2550=DIRECTION('',(-1.,0.,0.));
#2551=DIRECTION('',(0.,0.,-1.));
#2552=DIRECTION('',(0.,0.,-1.));
#2553=DIRECTION('',(-1.,-5.59588218057035E-16,0.));
#2554=DIRECTION('',(5.5944832100252E-16,-1.,0.));
#2555=DIRECTION('',(-0.877895572914385,0.,-0.478852130680572));
#2556=DIRECTION('',(0.,-1.,0.));
#2557=DIRECTION('',(0.,0.,-1.));
#2558=DIRECTION('',(0.,0.,-1.));
#2559=DIRECTION('',(-0.707106781186549,0.707106781186547,0.));
#2560=DIRECTION('',(-0.707106781186547,-0.707106781186549,0.));
#2561=DIRECTION('',(0.,0.,-1.));
#2562=DIRECTION('',(-0.707106781186544,0.707106781186551,0.));
#2563=DIRECTION('',(0.,0.,-1.));
#2564=DIRECTION('',(-0.707106781186551,-0.707106781186544,0.));
#2565=DIRECTION('',(0.707106781186544,-0.707106781186551,0.));
#2566=DIRECTION('',(0.,0.,-1.));
#2567=DIRECTION('',(5.59588218057036E-16,1.,0.));
#2568=DIRECTION('',(-1.,5.59588218057036E-16,0.));
#2569=DIRECTION('',(-5.5944832100252E-16,-1.,0.));
#2570=DIRECTION('',(-0.877895572914385,0.,0.478852130680573));
#2571=DIRECTION('',(1.,0.,0.));
#2572=DIRECTION('',(0.,1.,0.));
#2573=DIRECTION('',(0.,0.,1.));
#2574=DIRECTION('',(-1.,0.,0.));
#2575=DIRECTION('',(0.,-1.,0.));
#2576=DIRECTION('',(-1.,0.,0.));
#2577=DIRECTION('',(0.,0.,-1.));
#2578=DIRECTION('',(-1.,0.,0.));
#2579=DIRECTION('',(-0.478852130680572,0.,0.877895572914385));
#2580=DIRECTION('',(0.,-1.,0.));
#2581=DIRECTION('',(0.478852130680573,0.,0.877895572914385));
#2582=DIRECTION('',(0.,-1.,0.));
#2583=DIRECTION('',(0.,1.,0.));
#2584=DIRECTION('',(0.,0.,1.));
#2585=DIRECTION('',(0.,1.,0.));
#2586=DIRECTION('',(-1.,0.,0.));
#2587=DIRECTION('',(0.,0.,1.));
#2588=DIRECTION('',(0.,1.,0.));
#2589=DIRECTION('',(-1.,0.,-1.32323887193113E-15));
#2590=DIRECTION('',(1.32323887193113E-15,0.,-1.));
#2591=DIRECTION('',(-1.,0.,-1.32326875151856E-15));
#2592=DIRECTION('',(0.,1.,0.));
#2593=DIRECTION('',(6.82961998416065E-16,0.,-1.));
#2594=DIRECTION('',(1.,0.,6.82961998416065E-16));
#2595=DIRECTION('',(6.82613687796874E-16,0.,-1.));
#2596=DIRECTION('',(1.,0.,0.));
#2597=DIRECTION('',(0.,0.,1.));
#2598=DIRECTION('',(1.,0.,0.));
#2599=DIRECTION('',(0.,0.,1.));
#2600=DIRECTION('',(-1.,0.,0.));
#2601=DIRECTION('',(0.,0.,1.));
#2602=DIRECTION('',(1.,0.,0.));
#2603=DIRECTION('',(0.,-1.,0.));
#2604=DIRECTION('',(0.,0.,-1.));
#2605=DIRECTION('',(0.,1.,0.));
#2606=DIRECTION('',(1.33177589691132E-14,0.,1.));
#2607=DIRECTION('',(0.,1.,0.));
#2608=DIRECTION('',(-1.,0.,1.33177589691132E-14));
#2609=DIRECTION('',(1.33176889655084E-14,0.,1.));
#2610=DIRECTION('',(0.,1.,0.));
#2611=DIRECTION('',(-1.,0.,-3.44191165868408E-16));
#2612=DIRECTION('',(3.44191165868408E-16,0.,-1.));
#2613=DIRECTION('',(-1.,0.,-3.44234189764148E-16));
#2614=DIRECTION('',(0.,1.,0.));
#2615=DIRECTION('',(-0.707106781186547,0.,-0.707106781186548));
#2616=DIRECTION('',(0.707106781186548,0.,-0.707106781186547));
#2617=DIRECTION('',(-0.707106781186547,0.,-0.707106781186548));
#2618=DIRECTION('',(0.,1.,0.));
#2619=DIRECTION('',(1.78979406251578E-14,0.,-1.));
#2620=DIRECTION('',(1.,0.,1.78979406251578E-14));
#2621=DIRECTION('',(1.78980094633907E-14,0.,-1.));
#2622=DIRECTION('',(1.,0.,-2.56110749406024E-15));
#2623=DIRECTION('',(2.56110749406024E-15,0.,1.));
#2624=DIRECTION('',(1.,0.,-2.56131921227976E-15));
#2625=DIRECTION('',(0.,0.,1.));
#2626=DIRECTION('',(-1.,0.,0.));
#2627=DIRECTION('',(0.,0.,1.));
#2628=DIRECTION('',(1.,0.,0.));
#2629=DIRECTION('',(0.,-1.,0.));
#2630=DIRECTION('',(0.,0.,-1.));
#2631=DIRECTION('',(0.,1.,0.));
#2632=DIRECTION('',(0.,0.,1.));
#2633=DIRECTION('',(0.,1.,0.));
#2634=DIRECTION('',(-1.,0.,0.));
#2635=DIRECTION('',(0.,0.,1.));
#2636=DIRECTION('',(0.,1.,0.));
#2637=DIRECTION('',(-0.707106781186507,0.,0.707106781186588));
#2638=DIRECTION('',(-0.707106781186588,0.,-0.707106781186507));
#2639=DIRECTION('',(-0.707106781186507,0.,0.707106781186588));
#2640=DIRECTION('',(0.,1.,0.));
#2641=DIRECTION('',(-1.,0.,1.14730388622803E-16));
#2642=DIRECTION('',(-1.14730388622803E-16,0.,-1.));
#2643=DIRECTION('',(-1.,0.,1.14708589848966E-16));
#2644=DIRECTION('',(0.,1.,0.));
#2645=DIRECTION('',(0.,0.,-1.));
#2646=DIRECTION('',(1.,0.,0.));
#2647=DIRECTION('',(0.,0.,-1.));
#2648=DIRECTION('',(1.,0.,1.70740499604016E-16));
#2649=DIRECTION('',(-1.70740499604016E-16,0.,1.));
#2650=DIRECTION('',(1.,0.,1.70870262383715E-16));
#2651=DIRECTION('',(0.,0.,1.));
#2652=DIRECTION('',(-1.,0.,0.));
#2653=DIRECTION('',(0.,0.,1.));
#2654=DIRECTION('',(1.,0.,0.));
#2655=DIRECTION('',(0.,-1.,0.));
#2656=DIRECTION('',(0.,0.,-1.));
#2657=DIRECTION('',(0.,0.,1.));
#2658=DIRECTION('',(0.,0.,1.));
#2659=DIRECTION('',(0.,1.,0.));
#2660=DIRECTION('',(-1.,0.,0.));
#2661=DIRECTION('',(0.,0.,1.));
#2662=DIRECTION('',(-1.,0.,0.));
#2663=DIRECTION('',(-1.,0.,0.));
#2664=DIRECTION('',(0.,1.,0.));
#2665=DIRECTION('',(0.,0.,-1.));
#2666=DIRECTION('',(-1.,0.,0.));
#2667=DIRECTION('',(0.,0.,-1.));
#2668=DIRECTION('',(0.,0.,-1.));
#2669=DIRECTION('',(1.,0.,0.));
#2670=DIRECTION('',(0.,0.,-1.));
#2671=DIRECTION('',(0.,-1.,0.));
#2672=DIRECTION('',(0.,0.,-1.));
#2673=DIRECTION('',(0.,-1.,0.));
#2674=DIRECTION('',(0.,0.,-1.));
#2675=DIRECTION('',(0.,0.,1.));
#2676=DIRECTION('',(0.,0.,1.));
#2677=DIRECTION('',(0.,1.,0.));
#2678=DIRECTION('',(-1.,0.,0.));
#2679=DIRECTION('',(0.,0.,1.));
#2680=DIRECTION('',(-1.,0.,0.));
#2681=DIRECTION('',(-1.,0.,0.));
#2682=DIRECTION('',(0.,1.,0.));
#2683=DIRECTION('',(0.,0.,-1.));
#2684=DIRECTION('',(-1.,0.,0.));
#2685=DIRECTION('',(0.,0.,-1.));
#2686=DIRECTION('',(0.,0.,-1.));
#2687=DIRECTION('',(1.,0.,0.));
#2688=DIRECTION('',(0.,0.,-1.));
#2689=DIRECTION('',(0.,-1.,0.));
#2690=DIRECTION('',(0.,0.,-1.));
#2691=DIRECTION('',(0.,-1.,0.));
#2692=DIRECTION('',(0.,0.,-1.));
#2693=DIRECTION('',(0.,0.,1.));
#2694=DIRECTION('',(-1.,0.,0.));
#2695=DIRECTION('',(0.,0.,-1.));
#2696=DIRECTION('',(1.,0.,0.));
#2697=DIRECTION('',(0.,1.,0.));
#2698=DIRECTION('',(0.,0.,1.));
#2699=DIRECTION('',(0.,-1.,-4.86826045643632E-16));
#2700=DIRECTION('',(0.,0.,-1.));
#2701=DIRECTION('',(0.,1.,-8.11376742739386E-17));
#2702=DIRECTION('',(1.,0.,0.));
#2703=DIRECTION('',(0.,0.,-1.));
#2704=DIRECTION('',(0.,1.,-8.11376742739386E-17));
#2705=DIRECTION('',(0.,0.,1.));
#2706=DIRECTION('',(0.,-1.,-4.86826045643632E-16));
#2707=DIRECTION('',(1.,0.,0.));
#2708=DIRECTION('',(0.,0.,-1.));
#2709=DIRECTION('',(1.,0.,0.));
#2710=DIRECTION('',(0.,4.86826045643632E-16,-1.));
#2711=DIRECTION('',(0.,1.,4.87023615880489E-16));
#2712=DIRECTION('',(-1.,0.,0.));
#2713=DIRECTION('',(0.,8.11376742739386E-17,1.));
#2714=DIRECTION('',(0.,-1.,8.10983225019157E-17));
#2715=DIRECTION('',(0.,1.,-8.11376742739386E-17));
#2716=DIRECTION('',(1.,0.,0.));
#2717=DIRECTION('',(0.,1.,-8.11376742739386E-17));
#2718=DIRECTION('',(0.,8.11376742739386E-17,1.));
#2719=DIRECTION('',(0.,-1.,8.10983225019157E-17));
#2720=DIRECTION('',(0.,-1.,-4.86826045643632E-16));
#2721=DIRECTION('',(-1.,0.,0.));
#2722=DIRECTION('',(0.,-1.,-4.86826045643632E-16));
#2723=DIRECTION('',(0.,4.86826045643632E-16,-1.));
#2724=DIRECTION('',(0.,1.,4.87023615880489E-16));
#2725=DIRECTION('',(0.,0.,1.));
#2726=DIRECTION('',(1.,0.,0.));
#2727=DIRECTION('',(0.,0.,-1.));
#2728=DIRECTION('',(0.,0.,-1.));
#2729=DIRECTION('',(1.,0.,0.));
#2730=DIRECTION('',(0.,0.,-1.));
#2731=DIRECTION('',(0.,0.,1.));
#2732=DIRECTION('',(1.,0.,0.));
#2733=DIRECTION('',(0.,0.,-1.));
#2734=DIRECTION('',(-1.,0.,0.));
#2735=DIRECTION('',(0.,-1.,0.));
#2736=DIRECTION('',(0.,0.,-1.));
#2737=DIRECTION('',(-0.245599354379009,-0.937742989447124,-0.245599354379008));
#2738=DIRECTION('',(-0.245599354379009,0.937742989447124,0.245599354379008));
#2739=DIRECTION('',(0.,-0.253359391837683,0.967372223380246));
#2740=DIRECTION('',(-1.,0.,0.));
#2741=DIRECTION('',(-0.245599354379009,0.937742989447124,-0.245599354379008));
#2742=DIRECTION('',(0.967372223380245,0.253359391837683,0.));
#2743=DIRECTION('',(0.,0.,-1.));
#2744=DIRECTION('',(-0.245599354379009,-0.937742989447124,0.245599354379008));
#2745=DIRECTION('',(0.967372223380245,-0.253359391837683,0.));
#2746=DIRECTION('',(0.,0.,1.));
#2747=DIRECTION('',(0.,-0.253359391837683,-0.967372223380246));
#2748=DIRECTION('',(-1.,0.,0.));
#2749=DIRECTION('',(0.245599354379009,-0.937742989447124,0.245599354379009));
#2750=DIRECTION('',(0.245599354379009,0.937742989447124,-0.245599354379009));
#2751=DIRECTION('',(0.,0.253359391837683,0.967372223380245));
#2752=DIRECTION('',(-1.,0.,0.));
#2753=DIRECTION('',(0.245599354379009,0.937742989447124,0.245599354379009));
#2754=DIRECTION('',(0.967372223380245,-0.253359391837684,0.));
#2755=DIRECTION('',(0.,0.,1.));
#2756=DIRECTION('',(0.245599354379009,-0.937742989447124,-0.245599354379009));
#2757=DIRECTION('',(0.967372223380245,0.253359391837684,0.));
#2758=DIRECTION('',(0.,0.,-1.));
#2759=DIRECTION('',(0.,0.253359391837684,-0.967372223380245));
#2760=DIRECTION('',(-1.,0.,0.));
#2761=DIRECTION('',(0.,0.,1.));
#2762=DIRECTION('',(-1.,0.,0.));
#2763=DIRECTION('',(0.,0.,-1.));
#2764=DIRECTION('',(1.,0.,0.));
#2765=DIRECTION('',(0.,1.,0.));
#2766=DIRECTION('',(0.,0.,1.));
#2767=DIRECTION('',(0.,-1.,-4.86826045643632E-16));
#2768=DIRECTION('',(0.,0.,-1.));
#2769=DIRECTION('',(0.,1.,-8.11376742739386E-17));
#2770=DIRECTION('',(1.,0.,0.));
#2771=DIRECTION('',(0.,0.,-1.));
#2772=DIRECTION('',(0.,1.,-8.11376742739386E-17));
#2773=DIRECTION('',(0.,0.,1.));
#2774=DIRECTION('',(0.,-1.,-4.86826045643632E-16));
#2775=DIRECTION('',(1.,0.,0.));
#2776=DIRECTION('',(0.,0.,-1.));
#2777=DIRECTION('',(1.,0.,0.));
#2778=DIRECTION('',(0.,4.86826045643632E-16,-1.));
#2779=DIRECTION('',(0.,1.,4.87023615880489E-16));
#2780=DIRECTION('',(-1.,0.,0.));
#2781=DIRECTION('',(0.,8.11376742739386E-17,1.));
#2782=DIRECTION('',(0.,-1.,8.10983225019157E-17));
#2783=DIRECTION('',(0.,1.,-8.11376742739386E-17));
#2784=DIRECTION('',(1.,0.,0.));
#2785=DIRECTION('',(0.,1.,-8.11376742739386E-17));
#2786=DIRECTION('',(0.,8.11376742739386E-17,1.));
#2787=DIRECTION('',(0.,-1.,8.10983225019157E-17));
#2788=DIRECTION('',(0.,-1.,-4.86826045643632E-16));
#2789=DIRECTION('',(-1.,0.,0.));
#2790=DIRECTION('',(0.,-1.,-4.86826045643632E-16));
#2791=DIRECTION('',(0.,4.86826045643632E-16,-1.));
#2792=DIRECTION('',(0.,1.,4.87023615880489E-16));
#2793=DIRECTION('',(0.,0.,1.));
#2794=DIRECTION('',(1.,0.,0.));
#2795=DIRECTION('',(0.,0.,-1.));
#2796=DIRECTION('',(0.,0.,-1.));
#2797=DIRECTION('',(1.,0.,0.));
#2798=DIRECTION('',(0.,0.,-1.));
#2799=DIRECTION('',(0.,0.,1.));
#2800=DIRECTION('',(1.,0.,0.));
#2801=DIRECTION('',(0.,0.,-1.));
#2802=DIRECTION('',(-1.,0.,0.));
#2803=DIRECTION('',(0.,-1.,0.));
#2804=DIRECTION('',(0.,0.,-1.));
#2805=DIRECTION('',(-0.245599354379008,-0.937742989447124,-0.245599354379008));
#2806=DIRECTION('',(-0.245599354379008,0.937742989447124,0.245599354379008));
#2807=DIRECTION('',(0.,-0.253359391837683,0.967372223380246));
#2808=DIRECTION('',(-1.,0.,0.));
#2809=DIRECTION('',(-0.245599354379009,0.937742989447124,-0.245599354379008));
#2810=DIRECTION('',(0.967372223380245,0.253359391837683,0.));
#2811=DIRECTION('',(0.,0.,-1.));
#2812=DIRECTION('',(-0.245599354379008,-0.937742989447124,0.245599354379008));
#2813=DIRECTION('',(0.967372223380245,-0.253359391837683,0.));
#2814=DIRECTION('',(0.,0.,1.));
#2815=DIRECTION('',(0.,-0.253359391837683,-0.967372223380246));
#2816=DIRECTION('',(-1.,0.,0.));
#2817=DIRECTION('',(0.245599354379009,-0.937742989447124,0.245599354379009));
#2818=DIRECTION('',(0.245599354379009,0.937742989447124,-0.245599354379009));
#2819=DIRECTION('',(0.,0.253359391837683,0.967372223380245));
#2820=DIRECTION('',(-1.,0.,0.));
#2821=DIRECTION('',(0.245599354379009,0.937742989447124,0.245599354379009));
#2822=DIRECTION('',(0.967372223380245,-0.253359391837683,0.));
#2823=DIRECTION('',(0.,0.,1.));
#2824=DIRECTION('',(0.245599354379009,-0.937742989447124,-0.245599354379009));
#2825=DIRECTION('',(0.967372223380245,0.253359391837683,0.));
#2826=DIRECTION('',(0.,0.,-1.));
#2827=DIRECTION('',(0.,0.253359391837684,-0.967372223380245));
#2828=DIRECTION('',(-1.,0.,0.));
#2829=DIRECTION('',(0.,0.,1.));
#2830=DIRECTION('',(-1.,0.,0.));
#2831=DIRECTION('',(0.,0.,-1.));
#2832=DIRECTION('',(1.,0.,0.));
#2833=DIRECTION('',(0.,1.,0.));
#2834=DIRECTION('',(0.,0.,1.));
#2835=DIRECTION('',(0.,-1.,-4.86826045643632E-16));
#2836=DIRECTION('',(0.,0.,-1.));
#2837=DIRECTION('',(0.,1.,-8.11376742739386E-17));
#2838=DIRECTION('',(1.,0.,0.));
#2839=DIRECTION('',(0.,0.,-1.));
#2840=DIRECTION('',(0.,1.,-8.11376742739386E-17));
#2841=DIRECTION('',(0.,0.,1.));
#2842=DIRECTION('',(0.,-1.,-4.86826045643632E-16));
#2843=DIRECTION('',(1.,0.,0.));
#2844=DIRECTION('',(0.,0.,-1.));
#2845=DIRECTION('',(1.,0.,0.));
#2846=DIRECTION('',(0.,4.86826045643632E-16,-1.));
#2847=DIRECTION('',(0.,1.,4.87023615880489E-16));
#2848=DIRECTION('',(-1.,0.,0.));
#2849=DIRECTION('',(0.,8.11376742739386E-17,1.));
#2850=DIRECTION('',(0.,-1.,8.10983225019157E-17));
#2851=DIRECTION('',(0.,1.,-8.11376742739386E-17));
#2852=DIRECTION('',(1.,0.,0.));
#2853=DIRECTION('',(0.,1.,-8.11376742739386E-17));
#2854=DIRECTION('',(0.,8.11376742739386E-17,1.));
#2855=DIRECTION('',(0.,-1.,8.10983225019157E-17));
#2856=DIRECTION('',(0.,-1.,-4.86826045643632E-16));
#2857=DIRECTION('',(-1.,0.,0.));
#2858=DIRECTION('',(0.,-1.,-4.86826045643632E-16));
#2859=DIRECTION('',(0.,4.86826045643632E-16,-1.));
#2860=DIRECTION('',(0.,1.,4.87023615880489E-16));
#2861=DIRECTION('',(0.,0.,1.));
#2862=DIRECTION('',(1.,0.,0.));
#2863=DIRECTION('',(0.,0.,-1.));
#2864=DIRECTION('',(0.,0.,-1.));
#2865=DIRECTION('',(1.,0.,0.));
#2866=DIRECTION('',(0.,0.,-1.));
#2867=DIRECTION('',(0.,0.,1.));
#2868=DIRECTION('',(1.,0.,0.));
#2869=DIRECTION('',(0.,0.,-1.));
#2870=DIRECTION('',(-1.,0.,0.));
#2871=DIRECTION('',(0.,-1.,0.));
#2872=DIRECTION('',(0.,0.,-1.));
#2873=DIRECTION('',(-0.245599354379009,-0.937742989447124,-0.245599354379008));
#2874=DIRECTION('',(-0.245599354379009,0.937742989447124,0.245599354379008));
#2875=DIRECTION('',(0.,-0.253359391837683,0.967372223380246));
#2876=DIRECTION('',(-1.,0.,0.));
#2877=DIRECTION('',(-0.245599354379009,0.937742989447124,-0.245599354379008));
#2878=DIRECTION('',(0.967372223380245,0.253359391837683,0.));
#2879=DIRECTION('',(0.,0.,-1.));
#2880=DIRECTION('',(-0.245599354379009,-0.937742989447124,0.245599354379008));
#2881=DIRECTION('',(0.967372223380245,-0.253359391837683,0.));
#2882=DIRECTION('',(0.,0.,1.));
#2883=DIRECTION('',(0.,-0.253359391837683,-0.967372223380246));
#2884=DIRECTION('',(-1.,0.,0.));
#2885=DIRECTION('',(0.245599354379009,-0.937742989447124,0.245599354379009));
#2886=DIRECTION('',(0.245599354379009,0.937742989447124,-0.245599354379009));
#2887=DIRECTION('',(0.,0.253359391837683,0.967372223380245));
#2888=DIRECTION('',(-1.,0.,0.));
#2889=DIRECTION('',(0.245599354379009,0.937742989447124,0.245599354379009));
#2890=DIRECTION('',(0.967372223380245,-0.253359391837684,0.));
#2891=DIRECTION('',(0.,0.,1.));
#2892=DIRECTION('',(0.245599354379009,-0.937742989447124,-0.245599354379009));
#2893=DIRECTION('',(0.967372223380245,0.253359391837684,0.));
#2894=DIRECTION('',(0.,0.,-1.));
#2895=DIRECTION('',(0.,0.253359391837684,-0.967372223380245));
#2896=DIRECTION('',(-1.,0.,0.));
#2897=DIRECTION('',(0.,0.,-1.));
#2898=DIRECTION('',(0.,-1.,0.));
#2899=DIRECTION('',(0.,0.,-1.));
#2900=DIRECTION('',(1.,0.,0.));
#2901=DIRECTION('',(0.,0.,-1.));
#2902=DIRECTION('',(0.,0.,-1.));
#2903=DIRECTION('',(0.,-1.,0.));
#2904=DIRECTION('',(0.,0.,-1.));
#2905=DIRECTION('',(-1.,0.,0.));
#2906=DIRECTION('',(0.,0.,1.));
#2907=DIRECTION('',(0.,0.874157276121538,0.485642931178632));
#2908=DIRECTION('',(0.,-0.485642931178632,0.874157276121538));
#2909=DIRECTION('',(0.,0.874157276121537,-0.485642931178633));
#2910=DIRECTION('',(0.,0.485642931178633,0.874157276121538));
#2911=DIRECTION('',(0.,0.874157276121538,0.485642931178632));
#2912=DIRECTION('',(0.,-0.485642931178632,0.874157276121538));
#2913=DIRECTION('',(0.,0.874157276121537,-0.485642931178633));
#2914=DIRECTION('',(0.,0.485642931178633,0.874157276121538));
#2915=CARTESIAN_POINT('',(0.,0.,0.));
#2916=CARTESIAN_POINT('',(6.325,11.05,-0.509999999999999));
#2917=CARTESIAN_POINT('',(6.325,11.05,-0.509999999999999));
#2918=CARTESIAN_POINT('',(5.685,11.05,-0.509999999999999));
#2919=CARTESIAN_POINT('',(6.325,8.05,-0.51));
#2920=CARTESIAN_POINT('',(6.325,8.05,-0.51));
#2921=CARTESIAN_POINT('',(5.39,8.05,-0.51));
#2922=CARTESIAN_POINT('',(5.39,8.05,-0.51));
#2923=CARTESIAN_POINT('',(5.39,9.6,-0.51));
#2924=CARTESIAN_POINT('',(5.39,9.6,-0.51));
#2925=CARTESIAN_POINT('',(5.69,9.9,-0.51));
#2926=CARTESIAN_POINT('',(5.69,9.9,-0.51));
#2927=CARTESIAN_POINT('',(6.325,9.9,-0.51));
#2928=CARTESIAN_POINT('',(5.685,9.9,-0.51));
#2929=CARTESIAN_POINT('',(5.685,9.9,-0.51));
#2930=CARTESIAN_POINT('',(0.,0.,-0.51));
#2931=CARTESIAN_POINT('',(-6.325,11.05,0.39));
#2932=CARTESIAN_POINT('',(-6.325,11.05,0.390000000000001));
#2933=CARTESIAN_POINT('',(-6.00500000000001,11.3,-0.06));
#2934=CARTESIAN_POINT('',(-5.97225095264018,11.3255851932499,-0.0139466521502456));
#2935=CARTESIAN_POINT('',(-6.325,11.05,-0.509999999999999));
#2936=CARTESIAN_POINT('',(-6.325,11.05,0.39));
#2937=CARTESIAN_POINT('',(-6.325,11.05,0.39));
#2938=CARTESIAN_POINT('',(-5.685,11.05,0.39));
#2939=CARTESIAN_POINT('',(-5.685,11.05,0.39));
#2940=CARTESIAN_POINT('',(-5.685,11.05,-0.509999999999999));
#2941=CARTESIAN_POINT('',(-6.18137452367992,11.4377925966249,0.188026673924878));
#2942=CARTESIAN_POINT('',(-5.82862547632009,11.1622074033751,0.188026673924878));
#2943=CARTESIAN_POINT('',(-6.005,11.3,0.39));
#2944=CARTESIAN_POINT('',(-5.685,11.05,0.39));
#2945=CARTESIAN_POINT('',(-5.685,9.9,0.39));
#2946=CARTESIAN_POINT('',(6.325,11.05,0.390000000000001));
#2947=CARTESIAN_POINT('',(-6.325,9.9,0.39));
#2948=CARTESIAN_POINT('',(-6.325,9.9,0.390000000000001));
#2949=CARTESIAN_POINT('',(-5.685,9.9,0.39));
#2950=CARTESIAN_POINT('',(0.,0.,0.39));
#2951=CARTESIAN_POINT('',(5.685,11.05,0.39));
#2952=CARTESIAN_POINT('',(5.685,11.05,0.390000000000001));
#2953=CARTESIAN_POINT('',(6.005,11.3,-0.0599999999999994));
#2954=CARTESIAN_POINT('',(6.03774904735983,11.3255851932499,-0.0139466521502448));
#2955=CARTESIAN_POINT('',(5.685,11.05,0.39));
#2956=CARTESIAN_POINT('',(5.685,11.05,0.39));
#2957=CARTESIAN_POINT('',(6.325,11.05,0.39));
#2958=CARTESIAN_POINT('',(6.325,11.05,0.39));
#2959=CARTESIAN_POINT('',(5.82862547632009,11.4377925966249,0.188026673924877));
#2960=CARTESIAN_POINT('',(6.18137452367992,11.1622074033751,0.188026673924878));
#2961=CARTESIAN_POINT('',(6.005,11.3,0.39));
#2962=CARTESIAN_POINT('',(6.325,11.05,0.39));
#2963=CARTESIAN_POINT('',(6.325,9.9,0.39));
#2964=CARTESIAN_POINT('',(6.325,11.05,0.390000000000001));
#2965=CARTESIAN_POINT('',(5.685,9.9,0.39));
#2966=CARTESIAN_POINT('',(5.685,9.9,0.39));
#2967=CARTESIAN_POINT('',(6.325,9.9,0.39));
#2968=CARTESIAN_POINT('',(0.,0.,0.39));
#2969=CARTESIAN_POINT('',(0.,9.9,1.64));
#2970=CARTESIAN_POINT('',(3.32,9.9,1.64));
#2971=CARTESIAN_POINT('',(2.68,9.9,1.64));
#2972=CARTESIAN_POINT('',(3.32,9.9,0.));
#2973=CARTESIAN_POINT('',(3.32,9.9,2.28000000000001));
#2974=CARTESIAN_POINT('',(0.,9.9,2.28000000000001));
#2975=CARTESIAN_POINT('',(2.68,9.9,2.28000000000001));
#2976=CARTESIAN_POINT('',(2.68,9.9,0.));
#2977=CARTESIAN_POINT('',(0.,9.9,1.64));
#2978=CARTESIAN_POINT('',(0.32,9.9,1.64));
#2979=CARTESIAN_POINT('',(-0.32,9.9,1.64));
#2980=CARTESIAN_POINT('',(0.32,9.9,0.));
#2981=CARTESIAN_POINT('',(0.32,9.9,2.28000000000001));
#2982=CARTESIAN_POINT('',(0.,9.9,2.28000000000001));
#2983=CARTESIAN_POINT('',(-0.32,9.9,2.28000000000001));
#2984=CARTESIAN_POINT('',(-0.32,9.9,0.));
#2985=CARTESIAN_POINT('',(0.,9.9,1.64));
#2986=CARTESIAN_POINT('',(-2.68,9.9,1.64));
#2987=CARTESIAN_POINT('',(-3.32,9.9,1.64));
#2988=CARTESIAN_POINT('',(-2.68,9.9,0.));
#2989=CARTESIAN_POINT('',(-2.68,9.9,2.28000000000001));
#2990=CARTESIAN_POINT('',(0.,9.9,2.28000000000001));
#2991=CARTESIAN_POINT('',(-3.32,9.9,2.28000000000001));
#2992=CARTESIAN_POINT('',(-3.32,9.9,0.));
#2993=CARTESIAN_POINT('',(6.325,9.9,4.44089209850063E-16));
#2994=CARTESIAN_POINT('',(6.325,9.9,3.86));
#2995=CARTESIAN_POINT('',(5.685,9.9,0.39));
#2996=CARTESIAN_POINT('',(5.685,9.9,3.8729455023035E-16));
#2997=CARTESIAN_POINT('',(-6.325,9.9,3.8729455023035E-16));
#2998=CARTESIAN_POINT('',(-5.685,9.9,2.16840434497101E-16));
#2999=CARTESIAN_POINT('',(-5.685,9.9,0.39));
#3000=CARTESIAN_POINT('',(-6.325,9.9,3.85999999999999));
#3001=CARTESIAN_POINT('',(-6.325,9.9,3.85999999999999));
#3002=CARTESIAN_POINT('',(6.325,9.9,3.86));
#3003=CARTESIAN_POINT('',(0.,9.9,0.));
#3004=CARTESIAN_POINT('',(1.475,8.06,1.43862244005029E-15));
#3005=CARTESIAN_POINT('',(0.475,8.06,3.8729455023035E-16));
#3006=CARTESIAN_POINT('',(1.475,8.06,3.8729455023035E-16));
#3007=CARTESIAN_POINT('',(0.475,8.06,1.55431223447522E-15));
#3008=CARTESIAN_POINT('',(0.475,1.6,1.55431223447522E-15));
#3009=CARTESIAN_POINT('',(1.475,1.6,1.43862244005029E-15));
#3010=CARTESIAN_POINT('',(1.475,1.6,3.8729455023035E-16));
#3011=CARTESIAN_POINT('',(1.475,8.06,1.40946282423116E-15));
#3012=CARTESIAN_POINT('',(-0.475,8.06,1.53820236506059E-15));
#3013=CARTESIAN_POINT('',(-1.475,8.06,3.8729455023035E-16));
#3014=CARTESIAN_POINT('',(-0.475000000000001,8.06,3.8729455023035E-16));
#3015=CARTESIAN_POINT('',(-1.475,8.06,1.4432899320127E-15));
#3016=CARTESIAN_POINT('',(-1.475,1.6,1.4432899320127E-15));
#3017=CARTESIAN_POINT('',(-0.475,1.6,1.53820236506059E-15));
#3018=CARTESIAN_POINT('',(-0.475,1.6,3.8729455023035E-16));
#3019=CARTESIAN_POINT('',(-0.475,8.06,1.51788304147971E-15));
#3020=CARTESIAN_POINT('',(5.39,9.6,0.));
#3021=CARTESIAN_POINT('',(5.39,8.05,0.));
#3022=CARTESIAN_POINT('',(5.39,9.6,0.));
#3023=CARTESIAN_POINT('',(5.39,9.9,3.8729455023035E-16));
#3024=CARTESIAN_POINT('',(5.39,0.554165420556305,0.));
#3025=CARTESIAN_POINT('',(6.325,1.66845502963189,0.));
#3026=CARTESIAN_POINT('',(4.925,0.,0.));
#3027=CARTESIAN_POINT('',(-6.325,0.,3.8729455023035E-16));
#3028=CARTESIAN_POINT('',(-4.925,0.,3.8729455023035E-16));
#3029=CARTESIAN_POINT('',(-4.925,0.,0.));
#3030=CARTESIAN_POINT('',(-5.39,0.554165420556307,0.));
#3031=CARTESIAN_POINT('',(-5.39,9.9,3.8729455023035E-16));
#3032=CARTESIAN_POINT('',(-5.39,8.05,0.));
#3033=CARTESIAN_POINT('',(-5.39,9.6,0.));
#3034=CARTESIAN_POINT('',(-5.39,9.6,3.8729455023035E-16));
#3035=CARTESIAN_POINT('',(-5.69,9.9,0.));
#3036=CARTESIAN_POINT('',(-5.69,9.9,3.8729455023035E-16));
#3037=CARTESIAN_POINT('',(-6.325,9.9,3.8729455023035E-16));
#3038=CARTESIAN_POINT('',(-6.325,9.9,3.8729455023035E-16));
#3039=CARTESIAN_POINT('',(5.69,9.9,0.));
#3040=CARTESIAN_POINT('',(5.69,9.9,0.));
#3041=CARTESIAN_POINT('',(-6.325,9.9,3.8729455023035E-16));
#3042=CARTESIAN_POINT('',(-6.325,1.66845502963189,38.214));
#3043=CARTESIAN_POINT('',(-6.325,1.66845502963189,3.86));
#3044=CARTESIAN_POINT('',(-6.325,1.66845502963189,3.22));
#3045=CARTESIAN_POINT('',(-6.325,1.66845502963189,3.22));
#3046=CARTESIAN_POINT('',(-4.925,0.,3.22));
#3047=CARTESIAN_POINT('',(-4.925,0.,38.214));
#3048=CARTESIAN_POINT('',(-4.925,0.,3.86));
#3049=CARTESIAN_POINT('',(-4.925,-8.11907492642747E-15,3.86));
#3050=CARTESIAN_POINT('',(-4.925,0.,38.214));
#3051=CARTESIAN_POINT('',(4.925,0.,38.214));
#3052=CARTESIAN_POINT('',(4.925,0.,3.86));
#3053=CARTESIAN_POINT('',(4.925,0.,3.22));
#3054=CARTESIAN_POINT('',(4.925,0.,3.22));
#3055=CARTESIAN_POINT('',(6.325,1.66845502963189,3.22));
#3056=CARTESIAN_POINT('',(6.325,1.66845502963189,38.214));
#3057=CARTESIAN_POINT('',(6.325,1.66845502963189,3.86));
#3058=CARTESIAN_POINT('',(6.32500000000001,1.6684550296319,3.86));
#3059=CARTESIAN_POINT('',(6.325,1.66845502963189,38.214));
#3060=CARTESIAN_POINT('',(6.325,1.66845502963189,38.214));
#3061=CARTESIAN_POINT('',(6.325,1.66845502963189,1.15));
#3062=CARTESIAN_POINT('',(6.325,1.66845502963189,0.509999999999997));
#3063=CARTESIAN_POINT('',(6.325,9.9,0.51));
#3064=CARTESIAN_POINT('',(6.325,8.05,0.51));
#3065=CARTESIAN_POINT('',(6.325,8.05,-0.51));
#3066=CARTESIAN_POINT('',(6.325,9.9,3.86));
#3067=CARTESIAN_POINT('',(6.325,1.66845502963189,3.22));
#3068=CARTESIAN_POINT('',(6.325,9.9,4.44089209850063E-16));
#3069=CARTESIAN_POINT('',(-4.27,0.,3.2));
#3070=CARTESIAN_POINT('',(-4.27,0.,3.2));
#3071=CARTESIAN_POINT('',(-4.27,0.,1.31000000000004));
#3072=CARTESIAN_POINT('',(-1.73,0.,3.2));
#3073=CARTESIAN_POINT('',(-1.73,0.,3.2));
#3074=CARTESIAN_POINT('',(-1.73,0.,0.659999999999995));
#3075=CARTESIAN_POINT('',(-1.73,0.,0.659999999999995));
#3076=CARTESIAN_POINT('',(-3.62000000000003,0.,0.659999999999995));
#3077=CARTESIAN_POINT('',(-3.62000000000003,0.,0.659999999999995));
#3078=CARTESIAN_POINT('',(-4.27,0.,1.31000000000004));
#3079=CARTESIAN_POINT('',(-1.27,0.,3.2));
#3080=CARTESIAN_POINT('',(-1.27,0.,3.2));
#3081=CARTESIAN_POINT('',(-1.27000000000004,0.,0.659999999999995));
#3082=CARTESIAN_POINT('',(1.27,0.,3.2));
#3083=CARTESIAN_POINT('',(1.27,0.,3.2));
#3084=CARTESIAN_POINT('',(1.27000000000004,0.,1.31000000000003));
#3085=CARTESIAN_POINT('',(1.27000000000004,0.,1.31000000000003));
#3086=CARTESIAN_POINT('',(0.620000000000001,0.,0.659999999999995));
#3087=CARTESIAN_POINT('',(0.620000000000001,0.,0.659999999999995));
#3088=CARTESIAN_POINT('',(-1.27000000000004,0.,0.659999999999995));
#3089=CARTESIAN_POINT('',(1.73,0.,3.2));
#3090=CARTESIAN_POINT('',(1.73,0.,3.2));
#3091=CARTESIAN_POINT('',(1.73,0.,0.659999999999995));
#3092=CARTESIAN_POINT('',(4.27,0.,3.2));
#3093=CARTESIAN_POINT('',(4.27,0.,3.2));
#3094=CARTESIAN_POINT('',(4.27,0.,0.659999999999998));
#3095=CARTESIAN_POINT('',(4.27,0.,0.659999999999998));
#3096=CARTESIAN_POINT('',(1.73,0.,0.659999999999995));
#3097=CARTESIAN_POINT('',(6.325,0.,3.86));
#3098=CARTESIAN_POINT('',(-4.925,-2.16840434497101E-16,3.22));
#3099=CARTESIAN_POINT('',(-4.925,-2.16840434497101E-16,1.15));
#3100=CARTESIAN_POINT('',(-4.925,0.,38.214));
#3101=CARTESIAN_POINT('',(4.925,0.,38.214));
#3102=CARTESIAN_POINT('',(4.925,0.,1.15));
#3103=CARTESIAN_POINT('',(4.925,0.,3.22));
#3104=CARTESIAN_POINT('',(0.,0.,0.));
#3105=CARTESIAN_POINT('',(-6.325,9.9,3.85999999999999));
#3106=CARTESIAN_POINT('',(1.3,0.54,3.85999999999998));
#3107=CARTESIAN_POINT('',(1.3,0.54,3.85999999999998));
#3108=CARTESIAN_POINT('',(-1.3,0.54,3.85999999999998));
#3109=CARTESIAN_POINT('',(-1.3,0.54,3.85999999999998));
#3110=CARTESIAN_POINT('',(-1.3,2.95,3.85999999999998));
#3111=CARTESIAN_POINT('',(1.3,2.95,3.85999999999998));
#3112=CARTESIAN_POINT('',(1.3,2.95,3.85999999999998));
#3113=CARTESIAN_POINT('',(1.3,0.54,3.85999999999998));
#3114=CARTESIAN_POINT('',(6.325,9.9,3.86));
#3115=CARTESIAN_POINT('',(-6.325,8.05,-0.51));
#3116=CARTESIAN_POINT('',(-6.325,8.05,0.51));
#3117=CARTESIAN_POINT('',(-6.325,8.05,-0.51));
#3118=CARTESIAN_POINT('',(-6.325,9.9,0.51));
#3119=CARTESIAN_POINT('',(-6.325,1.66845502963189,0.509999999999997));
#3120=CARTESIAN_POINT('',(-6.325,1.66845502963189,38.214));
#3121=CARTESIAN_POINT('',(-6.325,1.66845502963189,1.15));
#3122=CARTESIAN_POINT('',(-6.325,1.66845502963189,3.22));
#3123=CARTESIAN_POINT('',(-6.325,8.05,-0.51));
#3124=CARTESIAN_POINT('',(-6.325,9.9,3.85999999999999));
#3125=CARTESIAN_POINT('',(-1.3,2.2,5.05999999999998));
#3126=CARTESIAN_POINT('',(-1.3,2.2,5.05999999999998));
#3127=CARTESIAN_POINT('',(1.3,2.2,5.05999999999998));
#3128=CARTESIAN_POINT('',(1.3,2.2,5.05999999999998));
#3129=CARTESIAN_POINT('',(1.3,2.2,5.05999999999998));
#3130=CARTESIAN_POINT('',(1.3,2.2,5.05999999999998));
#3131=CARTESIAN_POINT('',(-1.3,2.95,3.85999999999999));
#3132=CARTESIAN_POINT('',(-1.3,2.95,5.05999999999998));
#3133=CARTESIAN_POINT('',(1.3,2.95,5.05999999999998));
#3134=CARTESIAN_POINT('',(1.3,2.95,5.05999999999998));
#3135=CARTESIAN_POINT('',(1.3,2.95,3.85999999999999));
#3136=CARTESIAN_POINT('',(1.3,2.95,3.85999999999999));
#3137=CARTESIAN_POINT('',(-1.3,2.95,5.05999999999998));
#3138=CARTESIAN_POINT('',(1.3,2.95,5.05999999999998));
#3139=CARTESIAN_POINT('',(1.3,2.95,5.05999999999998));
#3140=CARTESIAN_POINT('',(1.3,0.,0.));
#3141=CARTESIAN_POINT('',(-1.3,0.,0.));
#3142=CARTESIAN_POINT('',(-12.6453503038104,9.20075521065179,3.95746380207837));
#3143=CARTESIAN_POINT('',(-6.325,1.66845502963189,1.15));
#3144=CARTESIAN_POINT('',(-4.925,0.,38.214));
#3145=CARTESIAN_POINT('',(13.8920905564146,10.6865623857248,4.63750393986252));
#3146=CARTESIAN_POINT('',(4.925,0.,1.15));
#3147=CARTESIAN_POINT('',(6.325,1.66845502963189,38.214));
#3148=CARTESIAN_POINT('',(4.925,1.66845502963189,1.15));
#3149=CARTESIAN_POINT('',(4.925,1.66845502963189,1.15));
#3150=CARTESIAN_POINT('',(4.925,1.66845502963189,3.22));
#3151=CARTESIAN_POINT('',(4.925,1.66845502963189,3.22));
#3152=CARTESIAN_POINT('',(4.925,1.66845502963189,3.22));
#3153=CARTESIAN_POINT('',(4.925,1.66845502963189,3.22));
#3154=CARTESIAN_POINT('',(6.325,1.66845502963189,1.15));
#3155=CARTESIAN_POINT('',(6.325,1.66845502963189,3.22));
#3156=CARTESIAN_POINT('',(6.325,1.66845502963189,3.22));
#3157=CARTESIAN_POINT('',(0.,0.,3.22));
#3158=CARTESIAN_POINT('',(0.,0.,1.15));
#3159=CARTESIAN_POINT('',(-4.925,0.,1.15));
#3160=CARTESIAN_POINT('',(-4.925,1.66845502963189,1.15));
#3161=CARTESIAN_POINT('',(-4.925,0.,3.22));
#3162=CARTESIAN_POINT('',(-4.925,1.66845502963189,3.22));
#3163=CARTESIAN_POINT('',(-4.925,1.66845502963189,3.22));
#3164=CARTESIAN_POINT('',(-4.925,0.,3.22));
#3165=CARTESIAN_POINT('',(-4.925,1.66845502963189,1.15));
#3166=CARTESIAN_POINT('',(-4.925,1.66845502963189,3.22));
#3167=CARTESIAN_POINT('',(-4.925,1.66845502963189,3.22));
#3168=CARTESIAN_POINT('',(0.,0.,3.22));
#3169=CARTESIAN_POINT('',(0.,0.,1.15));
#3170=CARTESIAN_POINT('',(5.39,9.6,-0.51));
#3171=CARTESIAN_POINT('',(5.39,8.05,-0.51));
#3172=CARTESIAN_POINT('',(5.39,9.6,-0.51));
#3173=CARTESIAN_POINT('',(5.39,8.05,3.8729455023035E-16));
#3174=CARTESIAN_POINT('',(5.39,8.05,-0.51));
#3175=CARTESIAN_POINT('',(5.69,9.9,-0.51));
#3176=CARTESIAN_POINT('',(5.69,9.9,-0.51));
#3177=CARTESIAN_POINT('',(-5.39,9.6,-0.51));
#3178=CARTESIAN_POINT('',(-5.39,9.6,-0.51));
#3179=CARTESIAN_POINT('',(-5.69,9.9,-0.51));
#3180=CARTESIAN_POINT('',(-5.69,9.9,-0.51));
#3181=CARTESIAN_POINT('',(-5.69,9.9,-0.51));
#3182=CARTESIAN_POINT('',(-5.69,9.9,-0.51));
#3183=CARTESIAN_POINT('',(-5.39,8.05,-0.51));
#3184=CARTESIAN_POINT('',(-5.39,8.05,-0.51));
#3185=CARTESIAN_POINT('',(-5.39,9.6,-0.51));
#3186=CARTESIAN_POINT('',(-5.39,9.6,-0.51));
#3187=CARTESIAN_POINT('',(-5.1756050955414,8.05,-0.116942675159235));
#3188=CARTESIAN_POINT('',(-5.39,8.05,-0.51));
#3189=CARTESIAN_POINT('',(-5.39,8.05,-0.51));
#3190=CARTESIAN_POINT('',(6.325,11.05,-0.509999999999999));
#3191=CARTESIAN_POINT('',(-5.685,11.05,-0.51));
#3192=CARTESIAN_POINT('',(-5.685,9.9,-0.51));
#3193=CARTESIAN_POINT('',(-5.685,9.9,-0.51));
#3194=CARTESIAN_POINT('',(0.,0.,-0.51));
#3195=CARTESIAN_POINT('',(5.39,9.9,3.8729455023035E-16));
#3196=CARTESIAN_POINT('',(-6.325,9.9,0.51));
#3197=CARTESIAN_POINT('',(1.73,6.6,0.659999999999995));
#3198=CARTESIAN_POINT('',(1.73,6.6,0.659999999999995));
#3199=CARTESIAN_POINT('',(1.73,6.6,3.2));
#3200=CARTESIAN_POINT('',(1.73,6.6,3.2));
#3201=CARTESIAN_POINT('',(1.73,6.6,3.2));
#3202=CARTESIAN_POINT('',(1.73,6.6,3.2));
#3203=CARTESIAN_POINT('',(4.27,6.6,0.659999999999998));
#3204=CARTESIAN_POINT('',(4.27,6.6,0.659999999999998));
#3205=CARTESIAN_POINT('',(1.73,6.6,0.659999999999995));
#3206=CARTESIAN_POINT('',(1.73,6.6,0.659999999999995));
#3207=CARTESIAN_POINT('',(4.27,6.6,3.2));
#3208=CARTESIAN_POINT('',(4.27,6.6,3.2));
#3209=CARTESIAN_POINT('',(4.27,6.6,0.659999999999998));
#3210=CARTESIAN_POINT('',(4.27,6.6,0.659999999999998));
#3211=CARTESIAN_POINT('',(4.27,6.6,3.2));
#3212=CARTESIAN_POINT('',(4.27,6.6,3.2));
#3213=CARTESIAN_POINT('',(3.32,6.6,0.));
#3214=CARTESIAN_POINT('',(3.32,6.6,1.64));
#3215=CARTESIAN_POINT('',(3.32,6.6,2.28000000000001));
#3216=CARTESIAN_POINT('',(0.,6.6,1.64));
#3217=CARTESIAN_POINT('',(2.68,6.6,1.64));
#3218=CARTESIAN_POINT('',(2.68,6.6,0.));
#3219=CARTESIAN_POINT('',(2.68,6.6,2.28000000000001));
#3220=CARTESIAN_POINT('',(0.,6.6,2.28000000000001));
#3221=CARTESIAN_POINT('',(0.,6.6,0.));
#3222=CARTESIAN_POINT('',(-1.27000000000004,6.6,0.659999999999995));
#3223=CARTESIAN_POINT('',(-1.27000000000004,6.6,0.659999999999995));
#3224=CARTESIAN_POINT('',(-1.27,6.6,3.2));
#3225=CARTESIAN_POINT('',(-1.27,6.6,3.2));
#3226=CARTESIAN_POINT('',(-1.27,6.6,3.2));
#3227=CARTESIAN_POINT('',(-1.27,6.6,3.2));
#3228=CARTESIAN_POINT('',(0.620000000000001,6.6,0.659999999999995));
#3229=CARTESIAN_POINT('',(0.620000000000001,6.6,0.659999999999995));
#3230=CARTESIAN_POINT('',(-1.27000000000004,6.6,0.659999999999995));
#3231=CARTESIAN_POINT('',(-1.27000000000004,6.6,0.659999999999995));
#3232=CARTESIAN_POINT('',(1.27000000000004,6.6,1.31000000000003));
#3233=CARTESIAN_POINT('',(1.27000000000004,6.6,1.31000000000003));
#3234=CARTESIAN_POINT('',(0.620000000000001,6.6,0.659999999999995));
#3235=CARTESIAN_POINT('',(0.620000000000001,6.6,0.659999999999995));
#3236=CARTESIAN_POINT('',(1.27,6.6,3.2));
#3237=CARTESIAN_POINT('',(1.27,6.6,3.2));
#3238=CARTESIAN_POINT('',(1.27000000000004,6.6,1.31000000000003));
#3239=CARTESIAN_POINT('',(1.27000000000004,6.6,1.31000000000003));
#3240=CARTESIAN_POINT('',(1.27,6.6,3.2));
#3241=CARTESIAN_POINT('',(1.27,6.6,3.2));
#3242=CARTESIAN_POINT('',(0.32,6.6,0.));
#3243=CARTESIAN_POINT('',(0.32,6.6,1.64));
#3244=CARTESIAN_POINT('',(0.32,6.6,2.28000000000001));
#3245=CARTESIAN_POINT('',(0.,6.6,1.64));
#3246=CARTESIAN_POINT('',(-0.32,6.6,1.64));
#3247=CARTESIAN_POINT('',(-0.32,6.6,0.));
#3248=CARTESIAN_POINT('',(-0.32,6.6,2.28000000000001));
#3249=CARTESIAN_POINT('',(0.,6.6,2.28000000000001));
#3250=CARTESIAN_POINT('',(0.,6.6,0.));
#3251=CARTESIAN_POINT('',(-4.27,6.6,1.31000000000004));
#3252=CARTESIAN_POINT('',(-4.27,6.6,1.31000000000004));
#3253=CARTESIAN_POINT('',(-4.27,6.6,3.2));
#3254=CARTESIAN_POINT('',(-4.27,6.6,3.2));
#3255=CARTESIAN_POINT('',(-4.27,6.6,3.2));
#3256=CARTESIAN_POINT('',(-4.27,6.6,3.2));
#3257=CARTESIAN_POINT('',(-3.62000000000003,6.6,0.659999999999995));
#3258=CARTESIAN_POINT('',(-3.62000000000003,6.6,0.659999999999995));
#3259=CARTESIAN_POINT('',(-4.27,6.6,1.31000000000004));
#3260=CARTESIAN_POINT('',(-4.27,6.6,1.31000000000004));
#3261=CARTESIAN_POINT('',(-1.73,6.6,0.659999999999995));
#3262=CARTESIAN_POINT('',(-1.73,6.6,0.659999999999995));
#3263=CARTESIAN_POINT('',(-3.62000000000003,6.6,0.659999999999995));
#3264=CARTESIAN_POINT('',(-3.62000000000003,6.6,0.659999999999995));
#3265=CARTESIAN_POINT('',(-1.73,6.6,3.2));
#3266=CARTESIAN_POINT('',(-1.73,6.6,3.2));
#3267=CARTESIAN_POINT('',(-1.73,6.6,0.659999999999995));
#3268=CARTESIAN_POINT('',(-1.73,6.6,0.659999999999995));
#3269=CARTESIAN_POINT('',(-1.73,6.6,3.2));
#3270=CARTESIAN_POINT('',(-1.73,6.6,3.2));
#3271=CARTESIAN_POINT('',(-2.68,6.6,0.));
#3272=CARTESIAN_POINT('',(-2.68,6.6,1.64));
#3273=CARTESIAN_POINT('',(-2.68,6.6,2.28000000000001));
#3274=CARTESIAN_POINT('',(0.,6.6,1.64));
#3275=CARTESIAN_POINT('',(-3.32,6.6,1.64));
#3276=CARTESIAN_POINT('',(-3.32,6.6,0.));
#3277=CARTESIAN_POINT('',(-3.32,6.6,2.28000000000001));
#3278=CARTESIAN_POINT('',(0.,6.6,2.28000000000001));
#3279=CARTESIAN_POINT('',(0.,6.6,0.));
#3280=CARTESIAN_POINT('',(-1.475,1.6,1.4432899320127E-15));
#3281=CARTESIAN_POINT('',(-1.475,1.6,-0.509999999999999));
#3282=CARTESIAN_POINT('',(-1.475,8.06,1.4432899320127E-15));
#3283=CARTESIAN_POINT('',(-1.475,8.06,-0.509999999999999));
#3284=CARTESIAN_POINT('',(-1.475,8.06,-0.509999999999999));
#3285=CARTESIAN_POINT('',(-1.475,8.06,1.4432899320127E-15));
#3286=CARTESIAN_POINT('',(-1.475,1.6,-0.509999999999999));
#3287=CARTESIAN_POINT('',(-0.475,1.6,-0.509999999999999));
#3288=CARTESIAN_POINT('',(-1.475,8.06,-0.509999999999999));
#3289=CARTESIAN_POINT('',(-0.475,8.06,-0.509999999999999));
#3290=CARTESIAN_POINT('',(-0.475,8.06,-0.509999999999999));
#3291=CARTESIAN_POINT('',(-1.475,8.06,-0.509999999999999));
#3292=CARTESIAN_POINT('',(-0.475,1.6,-0.509999999999999));
#3293=CARTESIAN_POINT('',(-0.475,8.06,-0.509999999999999));
#3294=CARTESIAN_POINT('',(-0.475,8.06,-0.509999999999999));
#3295=CARTESIAN_POINT('',(0.,8.06,0.));
#3296=CARTESIAN_POINT('',(0.,1.6,0.));
#3297=CARTESIAN_POINT('',(0.475,1.6,1.55431223447522E-15));
#3298=CARTESIAN_POINT('',(0.475,1.6,-0.509999999999999));
#3299=CARTESIAN_POINT('',(0.475,8.06,1.55431223447522E-15));
#3300=CARTESIAN_POINT('',(0.475,8.06,-0.509999999999999));
#3301=CARTESIAN_POINT('',(0.475,8.06,-0.509999999999999));
#3302=CARTESIAN_POINT('',(0.475,8.06,1.55431223447522E-15));
#3303=CARTESIAN_POINT('',(0.475,1.6,-0.509999999999999));
#3304=CARTESIAN_POINT('',(1.475,1.6,-0.509999999999999));
#3305=CARTESIAN_POINT('',(0.475,8.06,-0.509999999999999));
#3306=CARTESIAN_POINT('',(1.475,8.06,-0.509999999999999));
#3307=CARTESIAN_POINT('',(1.475,8.06,-0.509999999999999));
#3308=CARTESIAN_POINT('',(0.475,8.06,-0.509999999999999));
#3309=CARTESIAN_POINT('',(1.475,1.6,-0.509999999999999));
#3310=CARTESIAN_POINT('',(1.475,8.06,-0.509999999999999));
#3311=CARTESIAN_POINT('',(1.475,8.06,-0.509999999999999));
#3312=CARTESIAN_POINT('',(0.,8.06,0.));
#3313=CARTESIAN_POINT('',(0.,1.6,0.));
#3314=CARTESIAN_POINT('',(3.1,2.49,2.28));
#3315=CARTESIAN_POINT('',(3.1,2.49,1.86));
#3316=CARTESIAN_POINT('',(3.1,2.49,2.06));
#3317=CARTESIAN_POINT('',(3.32,2.49,2.06));
#3318=CARTESIAN_POINT('',(2.9,2.49,2.06));
#3319=CARTESIAN_POINT('',(2.9,2.49,2.28));
#3320=CARTESIAN_POINT('',(2.9,2.49,1.86));
#3321=CARTESIAN_POINT('',(3.32,2.49,1.86));
#3322=CARTESIAN_POINT('',(3.32,2.49,2.28));
#3323=CARTESIAN_POINT('',(3.32,13.18,2.28000000000001));
#3324=CARTESIAN_POINT('',(3.32,3.33,2.28));
#3325=CARTESIAN_POINT('',(3.32,3.33,1.64));
#3326=CARTESIAN_POINT('',(3.32,3.33,1.64));
#3327=CARTESIAN_POINT('',(3.32,2.49,1.64));
#3328=CARTESIAN_POINT('',(3.32,0.,0.));
#3329=CARTESIAN_POINT('',(2.68,2.49,1.64));
#3330=CARTESIAN_POINT('',(2.68,3.33,1.64));
#3331=CARTESIAN_POINT('',(2.68,3.33,0.));
#3332=CARTESIAN_POINT('',(2.68,3.33,2.28));
#3333=CARTESIAN_POINT('',(2.68,13.18,2.28000000000001));
#3334=CARTESIAN_POINT('',(2.68,0.,0.));
#3335=CARTESIAN_POINT('',(3.32,3.33,2.28));
#3336=CARTESIAN_POINT('',(3.32,13.18,2.28000000000001));
#3337=CARTESIAN_POINT('',(3.32,3.33,1.64));
#3338=CARTESIAN_POINT('',(3.32,2.49,1.64));
#3339=CARTESIAN_POINT('',(2.68,2.49,1.64));
#3340=CARTESIAN_POINT('',(2.68,12.34,1.64));
#3341=CARTESIAN_POINT('',(3.32,12.34,1.64));
#3342=CARTESIAN_POINT('',(3.32,12.34,1.64));
#3343=CARTESIAN_POINT('',(3.32,2.49,1.64));
#3344=CARTESIAN_POINT('',(3.32,2.49,1.64));
#3345=CARTESIAN_POINT('',(3.32,13.18,2.28000000000001));
#3346=CARTESIAN_POINT('',(3.32,12.34,2.28000000000001));
#3347=CARTESIAN_POINT('',(3.32,12.34,2.28000000000001));
#3348=CARTESIAN_POINT('',(2.68,12.34,2.28000000000001));
#3349=CARTESIAN_POINT('',(2.68,13.18,2.28000000000001));
#3350=CARTESIAN_POINT('',(3.32,13.18,2.28000000000001));
#3351=CARTESIAN_POINT('',(3.32,12.34,2.28000000000001));
#3352=CARTESIAN_POINT('',(3.32,0.,0.));
#3353=CARTESIAN_POINT('',(2.68,12.34,0.));
#3354=CARTESIAN_POINT('',(2.68,0.,0.));
#3355=CARTESIAN_POINT('',(2.9,13.18,1.64));
#3356=CARTESIAN_POINT('',(2.9,13.18,1.86));
#3357=CARTESIAN_POINT('',(2.9,13.18,2.06000000000001));
#3358=CARTESIAN_POINT('',(3.32,13.18,2.06000000000001));
#3359=CARTESIAN_POINT('',(3.1,13.18,2.06000000000001));
#3360=CARTESIAN_POINT('',(3.1,13.18,1.64));
#3361=CARTESIAN_POINT('',(3.1,13.18,1.86));
#3362=CARTESIAN_POINT('',(3.32,13.18,1.86));
#3363=CARTESIAN_POINT('',(3.32,13.18,1.64));
#3364=CARTESIAN_POINT('',(2.92533399800598,13.2767298105683,1.88533399800599));
#3365=CARTESIAN_POINT('',(3.41892323030907,11.9622931206381,1.54107676969093));
#3366=CARTESIAN_POINT('',(3.32,13.18,1.86));
#3367=CARTESIAN_POINT('',(3.18247258225324,12.8651046859422,2.14247258225325));
#3368=CARTESIAN_POINT('',(3.32,12.34,0.));
#3369=CARTESIAN_POINT('',(2.92533399800598,13.2767298105683,2.03466600199403));
#3370=CARTESIAN_POINT('',(2.9,13.18,1.64));
#3371=CARTESIAN_POINT('',(3.32,12.34,2.28000000000001));
#3372=CARTESIAN_POINT('',(2.92533399800598,2.3932701894317,1.88533399800599));
#3373=CARTESIAN_POINT('',(3.32,3.33,1.64));
#3374=CARTESIAN_POINT('',(3.32,3.33,1.64));
#3375=CARTESIAN_POINT('',(3.18247258225324,2.80489531405782,2.14247258225324));
#3376=CARTESIAN_POINT('',(3.32,3.33,0.));
#3377=CARTESIAN_POINT('',(2.8867298105683,2.54066799601196,2.07327018943171));
#3378=CARTESIAN_POINT('',(2.9,2.49,2.28));
#3379=CARTESIAN_POINT('',(3.32,2.49,2.06));
#3380=CARTESIAN_POINT('',(0.1,2.49,2.28));
#3381=CARTESIAN_POINT('',(0.1,2.49,1.86));
#3382=CARTESIAN_POINT('',(0.1,2.49,2.06));
#3383=CARTESIAN_POINT('',(0.32,2.49,2.06));
#3384=CARTESIAN_POINT('',(-0.1,2.49,2.06));
#3385=CARTESIAN_POINT('',(-0.1,2.49,2.28));
#3386=CARTESIAN_POINT('',(-0.1,2.49,1.86));
#3387=CARTESIAN_POINT('',(0.32,2.49,1.86));
#3388=CARTESIAN_POINT('',(0.32,2.49,2.28));
#3389=CARTESIAN_POINT('',(0.32,13.18,2.28000000000001));
#3390=CARTESIAN_POINT('',(0.32,3.33,2.28));
#3391=CARTESIAN_POINT('',(0.32,3.33,1.64));
#3392=CARTESIAN_POINT('',(0.32,3.33,1.64));
#3393=CARTESIAN_POINT('',(0.32,2.49,1.64));
#3394=CARTESIAN_POINT('',(0.32,0.,0.));
#3395=CARTESIAN_POINT('',(-0.32,2.49,1.64));
#3396=CARTESIAN_POINT('',(-0.32,3.33,1.64));
#3397=CARTESIAN_POINT('',(-0.32,3.33,0.));
#3398=CARTESIAN_POINT('',(-0.32,3.33,2.28));
#3399=CARTESIAN_POINT('',(-0.32,13.18,2.28000000000001));
#3400=CARTESIAN_POINT('',(-0.32,0.,0.));
#3401=CARTESIAN_POINT('',(0.32,3.33,2.28));
#3402=CARTESIAN_POINT('',(0.32,13.18,2.28000000000001));
#3403=CARTESIAN_POINT('',(0.32,3.33,1.64));
#3404=CARTESIAN_POINT('',(0.32,2.49,1.64));
#3405=CARTESIAN_POINT('',(-0.32,2.49,1.64));
#3406=CARTESIAN_POINT('',(-0.32,12.34,1.64));
#3407=CARTESIAN_POINT('',(0.32,12.34,1.64));
#3408=CARTESIAN_POINT('',(0.32,12.34,1.64));
#3409=CARTESIAN_POINT('',(0.32,2.49,1.64));
#3410=CARTESIAN_POINT('',(0.32,2.49,1.64));
#3411=CARTESIAN_POINT('',(0.32,13.18,2.28000000000001));
#3412=CARTESIAN_POINT('',(0.32,12.34,2.28000000000001));
#3413=CARTESIAN_POINT('',(0.32,12.34,2.28000000000001));
#3414=CARTESIAN_POINT('',(-0.32,12.34,2.28000000000001));
#3415=CARTESIAN_POINT('',(-0.32,13.18,2.28000000000001));
#3416=CARTESIAN_POINT('',(0.32,13.18,2.28000000000001));
#3417=CARTESIAN_POINT('',(0.32,12.34,2.28000000000001));
#3418=CARTESIAN_POINT('',(0.32,0.,0.));
#3419=CARTESIAN_POINT('',(-0.32,12.34,0.));
#3420=CARTESIAN_POINT('',(-0.32,0.,0.));
#3421=CARTESIAN_POINT('',(-0.1,13.18,1.64));
#3422=CARTESIAN_POINT('',(-0.1,13.18,1.86));
#3423=CARTESIAN_POINT('',(-0.1,13.18,2.06000000000001));
#3424=CARTESIAN_POINT('',(0.32,13.18,2.06000000000001));
#3425=CARTESIAN_POINT('',(0.1,13.18,2.06000000000001));
#3426=CARTESIAN_POINT('',(0.1,13.18,1.64));
#3427=CARTESIAN_POINT('',(0.1,13.18,1.86));
#3428=CARTESIAN_POINT('',(0.32,13.18,1.86));
#3429=CARTESIAN_POINT('',(0.32,13.18,1.64));
#3430=CARTESIAN_POINT('',(-0.074666001994018,13.2767298105683,1.88533399800599));
#3431=CARTESIAN_POINT('',(0.418923230309073,11.9622931206381,1.54107676969093));
#3432=CARTESIAN_POINT('',(0.32,13.18,1.86));
#3433=CARTESIAN_POINT('',(0.18247258225324,12.8651046859422,2.14247258225325));
#3434=CARTESIAN_POINT('',(0.32,12.34,0.));
#3435=CARTESIAN_POINT('',(-0.0746660019940177,13.2767298105683,2.03466600199403));
#3436=CARTESIAN_POINT('',(-0.1,13.18,1.64));
#3437=CARTESIAN_POINT('',(0.32,12.34,2.28000000000001));
#3438=CARTESIAN_POINT('',(-0.074666001994018,2.3932701894317,1.88533399800599));
#3439=CARTESIAN_POINT('',(0.32,3.33,1.64));
#3440=CARTESIAN_POINT('',(0.32,3.33,1.64));
#3441=CARTESIAN_POINT('',(0.18247258225324,2.80489531405782,2.14247258225324));
#3442=CARTESIAN_POINT('',(0.32,3.33,0.));
#3443=CARTESIAN_POINT('',(-0.113270189431705,2.54066799601196,2.07327018943171));
#3444=CARTESIAN_POINT('',(-0.1,2.49,2.28));
#3445=CARTESIAN_POINT('',(0.32,2.49,2.06));
#3446=CARTESIAN_POINT('',(-2.9,2.49,2.28));
#3447=CARTESIAN_POINT('',(-2.9,2.49,1.86));
#3448=CARTESIAN_POINT('',(-2.9,2.49,2.06));
#3449=CARTESIAN_POINT('',(-2.68,2.49,2.06));
#3450=CARTESIAN_POINT('',(-3.1,2.49,2.06));
#3451=CARTESIAN_POINT('',(-3.1,2.49,2.28));
#3452=CARTESIAN_POINT('',(-3.1,2.49,1.86));
#3453=CARTESIAN_POINT('',(-2.68,2.49,1.86));
#3454=CARTESIAN_POINT('',(-2.68,2.49,2.28));
#3455=CARTESIAN_POINT('',(-2.68,13.18,2.28000000000001));
#3456=CARTESIAN_POINT('',(-2.68,3.33,2.28));
#3457=CARTESIAN_POINT('',(-2.68,3.33,1.64));
#3458=CARTESIAN_POINT('',(-2.68,3.33,1.64));
#3459=CARTESIAN_POINT('',(-2.68,2.49,1.64));
#3460=CARTESIAN_POINT('',(-2.68,0.,0.));
#3461=CARTESIAN_POINT('',(-3.32,2.49,1.64));
#3462=CARTESIAN_POINT('',(-3.32,3.33,1.64));
#3463=CARTESIAN_POINT('',(-3.32,3.33,0.));
#3464=CARTESIAN_POINT('',(-3.32,3.33,2.28));
#3465=CARTESIAN_POINT('',(-3.32,13.18,2.28000000000001));
#3466=CARTESIAN_POINT('',(-3.32,0.,0.));
#3467=CARTESIAN_POINT('',(-2.68,3.33,2.28));
#3468=CARTESIAN_POINT('',(-2.68,13.18,2.28000000000001));
#3469=CARTESIAN_POINT('',(-2.68,3.33,1.64));
#3470=CARTESIAN_POINT('',(-2.68,2.49,1.64));
#3471=CARTESIAN_POINT('',(-3.32,2.49,1.64));
#3472=CARTESIAN_POINT('',(-3.32,12.34,1.64));
#3473=CARTESIAN_POINT('',(-2.68,12.34,1.64));
#3474=CARTESIAN_POINT('',(-2.68,12.34,1.64));
#3475=CARTESIAN_POINT('',(-2.68,2.49,1.64));
#3476=CARTESIAN_POINT('',(-2.68,2.49,1.64));
#3477=CARTESIAN_POINT('',(-2.68,13.18,2.28000000000001));
#3478=CARTESIAN_POINT('',(-2.68,12.34,2.28000000000001));
#3479=CARTESIAN_POINT('',(-2.68,12.34,2.28000000000001));
#3480=CARTESIAN_POINT('',(-3.32,12.34,2.28000000000001));
#3481=CARTESIAN_POINT('',(-3.32,13.18,2.28000000000001));
#3482=CARTESIAN_POINT('',(-2.68,13.18,2.28000000000001));
#3483=CARTESIAN_POINT('',(-2.68,12.34,2.28000000000001));
#3484=CARTESIAN_POINT('',(-2.68,0.,0.));
#3485=CARTESIAN_POINT('',(-3.32,12.34,0.));
#3486=CARTESIAN_POINT('',(-3.32,0.,0.));
#3487=CARTESIAN_POINT('',(-3.1,13.18,1.64));
#3488=CARTESIAN_POINT('',(-3.1,13.18,1.86));
#3489=CARTESIAN_POINT('',(-3.1,13.18,2.06000000000001));
#3490=CARTESIAN_POINT('',(-2.68,13.18,2.06000000000001));
#3491=CARTESIAN_POINT('',(-2.9,13.18,2.06000000000001));
#3492=CARTESIAN_POINT('',(-2.9,13.18,1.64));
#3493=CARTESIAN_POINT('',(-2.9,13.18,1.86));
#3494=CARTESIAN_POINT('',(-2.68,13.18,1.86));
#3495=CARTESIAN_POINT('',(-2.68,13.18,1.64));
#3496=CARTESIAN_POINT('',(-3.07466600199402,13.2767298105683,1.88533399800599));
#3497=CARTESIAN_POINT('',(-2.58107676969093,11.9622931206381,1.54107676969093));
#3498=CARTESIAN_POINT('',(-2.68,13.18,1.86));
#3499=CARTESIAN_POINT('',(-2.81752741774676,12.8651046859422,2.14247258225325));
#3500=CARTESIAN_POINT('',(-2.68,12.34,0.));
#3501=CARTESIAN_POINT('',(-3.07466600199402,13.2767298105683,2.03466600199403));
#3502=CARTESIAN_POINT('',(-3.1,13.18,1.64));
#3503=CARTESIAN_POINT('',(-2.68,12.34,2.28000000000001));
#3504=CARTESIAN_POINT('',(-3.07466600199402,2.3932701894317,1.88533399800599));
#3505=CARTESIAN_POINT('',(-2.68,3.33,1.64));
#3506=CARTESIAN_POINT('',(-2.68,3.33,1.64));
#3507=CARTESIAN_POINT('',(-2.81752741774676,2.80489531405782,2.14247258225324));
#3508=CARTESIAN_POINT('',(-2.68,3.33,0.));
#3509=CARTESIAN_POINT('',(-3.1132701894317,2.54066799601196,2.07327018943171));
#3510=CARTESIAN_POINT('',(-3.1,2.49,2.28));
#3511=CARTESIAN_POINT('',(-2.68,2.49,2.06));
#3512=CARTESIAN_POINT('',(-5.685,9.9,0.39));
#3513=CARTESIAN_POINT('',(-5.685,9.9,0.39));
#3514=CARTESIAN_POINT('',(-5.685,11.05,0.39));
#3515=CARTESIAN_POINT('',(5.685,9.9,0.39));
#3516=CARTESIAN_POINT('',(6.325,9.9,0.39));
#3517=CARTESIAN_POINT('',(5.685,9.9,0.39));
#3518=CARTESIAN_POINT('',(6.325,11.05,0.390000000000001));
#3519=CARTESIAN_POINT('',(6.325,11.3,-0.0599999999999996));
#3520=CARTESIAN_POINT('',(6.325,11.05,0.390000000000001));
#3521=CARTESIAN_POINT('',(6.325,11.3,-0.0599999999999996));
#3522=MECHANICAL_DESIGN_GEOMETRIC_PRESENTATION_REPRESENTATION('',(#24),
#3523);
#3523=(
GEOMETRIC_REPRESENTATION_CONTEXT(3)
GLOBAL_UNCERTAINTY_ASSIGNED_CONTEXT((#3524))
GLOBAL_UNIT_ASSIGNED_CONTEXT((#3530,#3526,#3525))
REPRESENTATION_CONTEXT('436500328wbm000_01_214',
'TOP_LEVEL_ASSEMBLY_PART')
);
#3524=UNCERTAINTY_MEASURE_WITH_UNIT(LENGTH_MEASURE(2.E-5),#3530,
'DISTANCE_ACCURACY_VALUE','Maximum Tolerance applied to model');
#3525=(
NAMED_UNIT(*)
SI_UNIT($,.STERADIAN.)
SOLID_ANGLE_UNIT()
);
#3526=(
CONVERSION_BASED_UNIT('DEGREE',#3528)
NAMED_UNIT(#3527)
PLANE_ANGLE_UNIT()
);
#3527=DIMENSIONAL_EXPONENTS(0.,0.,0.,0.,0.,0.,0.);
#3528=PLANE_ANGLE_MEASURE_WITH_UNIT(PLANE_ANGLE_MEASURE(0.0174532925),#3529);
#3529=(
NAMED_UNIT(*)
PLANE_ANGLE_UNIT()
SI_UNIT($,.RADIAN.)
);
#3530=(
LENGTH_UNIT()
NAMED_UNIT(*)
SI_UNIT(.MILLI.,.METRE.)
);
ENDSEC;
END-ISO-10303-21;
