:020000041000EA
:10000000002008205D0100101B0100101D010010E0
:100010001101001011010010110100101101001058
:100020001901001019010010190100101F01001022
:100030001101001019010010210100100903002016
:100040001101001011010010110100101101001028
:100050001101001011010010110100101101001018
:100060001101001011010010110100101101001008
:1000700011010010110100101101001011010010F8
:1000800011010010110100101101001011010010E8
:1000900011010010110100101101001011010010D8
:1000A00011010010110100101101001011010010C8
:1000B00011010010110100101101001011010010B8
:1000C00011010010110100101101001011010010A8
:1000D0001101001011010010110100101101001098
:1000E0001101001011010010110100101101001088
:1000F0001101001011010010110100101101001078
:100100001101001011010010110100101101001067
:10011000EFF30580103800BE00BE00BE00BE00BE7A
:1001200000BE00BEF2EB88713486021050860210C9
:10013000A001001090A31AE7D3DEFFFF42012110B7
:10014000FF010000F8A30200793512AB4FF0000068
:100150001E49086006C881F3088810474FF05040D8
:10016000006810B14FF00000F2E70DA40ECC00299A
:1001700002D000F012F8F9E71549164A002000E015
:1001800001C19142FCD11449884714498847144958
:10019000884700BEFDE701C901C29A42FBD3704700
:1001A0005086021010010020F01F002030A5021020
:1001B000000008200000082030A5021000100820D0
:1001C00000100820000000007047000008ED00E06B
:1001D000F01F00203055002035B40110350200100A
:1001E0002DB40110F8B500BF064B0749C91A891094
:1001F00048BF0131491003D0044B0BB101481847E7
:10020000704700BFF01F0020F01F0020000000001A
:1002100008B5054B1BB105490548AFF30080BDE8A3
:100220000840FFF7E1BF00BF00000000E0370020FA
:10023000B0F5011008B500F095FA002008BD00BF28
:10024000704700BF0020704700B5064B83B0DB6DE0
:100250009847C0F30743C0B240EA032003B05DF8FB
:1002600004FB00BFC8220020024A034BD2F8C000A2
:100270001B681847C8220020A8210020074B70B532
:100280001B6804460D469847054BDB6E23B1294693
:100290002046BDE87040184770BD00BF9C3100206B
:1002A000A8210020024B93F8D60100F0020070470D
:1002B000C82200202DE9F843374F3B68002B67D058
:1002C000364B374E93F88330CBB1336D98473C684B
:1002D000F36C002C5ED000253D609847314F01E063
:1002E000904764B1D4E9012023463968E4685D6031
:1002F000DD600029F4D13B609047002CF2D1D6F8A4
:10030000B0319847284B80461A6882423ED0274D2C
:10031000274A2C681768BC4238D0186037B1D7E933
:1003200001309847FF68002FF9D12C68002C2DD0A0
:100330000027DFF870900BE0F36C9847D4E90130A8
:10034000D9F800206760E760D2B198472C68ECB11B
:100350002368A3EB0803002B18DC336D98472B6848
:10036000A3420AD0002BE7D01A46DB68002BE3D06B
:10037000A342F9D1E368D360DEE7E3682B60DBE7F3
:10038000C9F8004098472C68002CE1D1BDE8F883FB
:10039000034EB4E79847B2E7B4350020202500208B
:1003A000C82200203436002038360020D437002000
:1003B000D44D002008B510F0A5F80022014BC3F879
:1003C0001C2108BDA821002000B585B012F06AFEEE
:1003D0000D4B0290DB6D98479DF80A309DF80B108D
:1003E0009DF808C09DF8092001EA106102EA102278
:1003F00003EA104300EA0C000B43104340EA0320D9
:1004000005B05DF804FB00BFC822002030B5154BD5
:100410008BB093F800E0EC466FEA0E0E124C5FFAD8
:100420008EFE83F800E00FCCACE80F0094E80F00DC
:10043000ACE8070070468CF8003010F079F80446FC
:1004400068461EF0B9FE214668441EF0B5FC03461E
:10045000064A0021128868461A800DF0E1FC0BB0B4
:1004600030BD00BFA0130020B0F50110D0F5011081
:100470004AB1064A92F81521920704D5044A184653
:10048000D2F8143118470020704700BFB44700204D
:10049000C8220020074B93F81221D20604D5026926
:1004A000D3F894118A4200D17047C3F894210AF01E
:1004B00061B800BFB44700202DE9F0410446204E4A
:1004C0000F46336D904698470CB31E4B1D681DB305
:1004D00000221A60D6F8B0319847002100EB0802DC
:1004E00019486C6003682A60AF60E96023B319683B
:1004F000511A002904DC1EE01968511A002903DB97
:100500001846DB68002BF7D1EB60C5600124F36C63
:1005100098472046BDE8F0810C4D2823AC4602E008
:10052000ACF1100C53B1DCF87402013B0028F7D198
:1005300005EB0315CEE7EB600560E7E71C46E6E751
:10054000C822002034360020D4370020E44D00209B
:100550000D4808B5417A11F002010CD00B4B012176
:100560001B6C3C3098470A4B00219A8A0948BDE829
:100570000840FFF7A1BF064B9A8A02B908BD06489A
:10058000BDE80840FFF798BF20250020C8220020C2
:10059000B4470020510500109D050010054B0021B7
:1005A0005B7A9B07044B4CBF044805489A8AFFF7C7
:1005B00083BF00BF20250020B44700205105001054
:1005C0009D05001070B5124E0D46336D04469847D8
:1005D00010490B68A3B1002003E0DA6818467AB12D
:1005E00013465A68A242F8D19A68AA42F5D1DA684D
:1005F00060B1C260002208495A600868DA6018B128
:10060000F36CBDE8704018470B60F9E70A60F1E74A
:10061000C8220020D43700203436002010B504460C
:10062000E30706D40A4B1B6883B12046BDE810409F
:10063000184700210748FFF7C5FFC82200210548D9
:10064000FFF73AFF024B1B68002BEED110BD00BF35
:100650000838002069020010F8B50446164F0E460F
:100660003B6D98478CB1154B1D6895B10021196001
:1006700000201349C5E901460B68E860BBB1194683
:10068000DB68002BFBD1CD600124FB6C9847204632
:10069000F8BD0C4D28232A4601E0103A4BB1D2F8A0
:1006A0007402013B0028F8D105EB0315E0E70D606B
:1006B000EAE71C46E9E700BFC822002034360020E4
:1006C000B4350020E44D0020214B2DE9F04193F892
:1006D000816016B304461F4F88463B6D9847B4B1FE
:1006E0001D4B1D68EDB10021196000201B496C6095
:1006F0000B68C5F80880E8600BB31946DB68002B6F
:10070000FBD1CD60FB6C98473046BDE8F0812646B2
:10071000FB6C98473046BDE8F081BDE8F041FFF73B
:100720009BBF0F4D28232A4601E0103A6BB1D2F847
:100730007402013B0028F8D105EB0315D5E7FB6CEB
:100740000D6098473046BDE8F0811E46DAE700BFED
:1007500020250020C822002034360020F837002051
:10076000E44D00202DE9F04FC44D83B0DFF88083C5
:100770009C22002128461DF035FF4FF420720021F5
:10078000BF481DF02FFF4FF49072002140461DF02E
:1007900029FFBC4BBC4CC8F81031BC4BBC4AC8F854
:1007A0005C30BC4BBC4FC8F86430BC4B0021C8F86F
:1007B0007830BB4BC8F81421C8F87C30B94B4FF4E3
:1007C000F672C8F88030B84B2046C8E91477C8F8EC
:1007D000CC301DF007FF0A234FF480622360B34B37
:1007E000B34EC4F878314FF08043C4F88021B14A49
:1007F000E361C4E914624FF6FF730122A4F8DE310D
:10080000134684F8E621AC4AAC492267AC4A21661B
:10081000C4F89C20AB4A85F88130C4F8D021AA4A9C
:10082000E664C4F8242111F08DFB14F0ADF80AF051
:1008300019FF0FF067FE16F0EBFFA44F00263B7880
:1008400060F300033B7014F0E5F80AF015FF94F82C
:10085000D421397802F06003A3F16003B3FA83F383
:1008600042F060025B0984F8D421DB00C2F340024D
:1008700043EA021321F0180103F018030B43FF2B86
:100880003B700CBF01233346C5E92466C5F88C6074
:1008900085F8846085F882300FD18D4BD4F808211B
:1008A000C4F808318B4B8C481A60A36B98473B788F
:1008B00085F8826060F341033B70874E0DF10601BD
:1008C00096F89C0013F034FA8146002800F08D81E0
:1008D00096F89D000DF1070113F02AFA18B996F861
:1008E0009C3086F89D309DF9060013F069FA3B783C
:1008F000814660F382033B70002800F06E81002087
:1009000013F036FAC36A2BB1006BB0F1000918BFBF
:100910004FF001093B7869F382033B7094F8D531BD
:1009200013F0020305D196F8902163F3410286F893
:1009300090213B78FF2B06D010230021674885F8D3
:100940008030FFF7C1FE0121D4F88C3096F8FC000E
:10095000984713F09DFC636F4FF000009847D4F860
:10096000CC310BB15E48984795F88030626E103BF1
:1009700018BF012385F88330002A00F0E78096F83D
:100980008331DF0700F1E280B28A002A40F0E8807C
:1009900094F8D53113F0060F40F0EC8094F8B6309F
:1009A00003F00C03042B06D14E4BD4F800211A603F
:1009B0004D4BC4F80031D8F8AC30002B00F0238147
:1009C0004FF000094FF0640A4FF0640B0FF09AFDEE
:1009D000EB7823B196F98231002B80F2B18044226A
:1009E000002126481DF0FEFD6FF001030020C5E93F
:1009F00004AB6B6413F0B0F9002840F0E480B38AD4
:100A0000697A003B18BF012396F8202163F3410166
:100A10006972D10705D56B7FC2F3400262F3C3034D
:100A20006B7711F00FFBD4F8D430984796F8120189
:100A3000C0F3400000F0F0FA96F81A01A36D4FF0F1
:100A4000000100F00100984705F058FE06F03EFC5A
:100A500011F044FA0BF05AFC06F078F920492348CB
:100A60000BF01AFFD4F8903013B1002108469847D4
:100A700094F8D6319B0740F1A3803BE0202500206D
:100A8000E44D0020A9800010C8220020410200107F
:100A90008D330110BDC50010B5020010AD6B011003
:100AA000A56B011021AB001095040010B5030010D8
:100AB000190D01104502001041C300100D16011060
:100AC00065700010ED320110A5020010A013002087
:100AD0007D0200109C310020B44700200D0400105E
:100AE000AC250020083800201D060010243100200D
:100AF000A8210020D8F80030D4F8C400984796F90F
:100B00001131002B53DA94F9D531002B07DA95F81F
:100B10008430002B0CBF8020872008F05BF907F0A1
:100B200057FE074698B385F881900FF0EBFCEB7801
:100B3000002B3FF454AF96F98231002BFFF64FAFF4
:100B40008022002138481DF04DFD4DE794F8E13139
:100B5000002B48D1354BB28A6366002A3FF418AFA8
:100B600000213348FFF7A8FC94F8D53113F0060FA5
:100B70003FF414AFC3F38002C3F3400343EA4201DE
:100B800040F28A2001F003010AF06AFB06E7D4F87C
:100B9000AC31FBB1984785F88170074600287FF497
:100BA00015AF13F023FF384603B0BDE8F08F11F006
:100BB000A5FCB0F5807FA6D1012011F0A5FCA2E72D
:100BC00015F0BAFE96E7002013F0D2F864224368CD
:100BD000DA6014E785F88130F8E613F0D7F813F0FF
:100BE000EFF8814696E6134BB5E713F02BF849462C
:100BF00013F000F8A8B190F9002043788DF8062092
:100C000086F89C3064E694F8D731D8077FF5D8AEE3
:100C1000D4F81431002B3FF4D3AE074BC8F8AC30F6
:100C2000CEE602460B23E9E720250020490200100A
:100C300051050010C903001071040010F8B50E4FE3
:100C40003C689CB100250D4E02E090473C606CB1C1
:100C5000D4E9012023463168E4685D60DD60002945
:100C6000F3D1336090473C60002CF1D1044B93F8F2
:100C7000833003B9FEE7F8BDF83700203436002092
:100C800020250020F8B504692DED028B08EE101A1E
:100C9000E16B002942D000266425027D214B22F021
:100CA0002002646802755A7F1F4F42F0800287ED70
:100CB000198A02765A7F80ED008A42F0040286602B
:100CC0005A77027E42F0040202765A7F42F0010215
:100CD0005A77037E43F0010303760120E5608847DD
:100CE000D0ED007A28EE278AB5EE408AF1EE10FAB0
:100CF00010D00E4B9FED0E7AD3ED1D7A67EE877AFA
:100D0000F4EEC87ABDEC028BF1EE10FA4CBF2B204A
:100D10003046F8BD2920BDEC028BF8BD1420BDEC97
:100D2000028BF8BD20250020BC300020B4470020F5
:100D30006666663F0A4A92F8833002F1840C0133FA
:100D400003F0030303EB43010CEB810C02F1B80148
:100D500082F8833007C98CE807000BF07DBD00BF27
:100D6000BC3000200A4B9A690AB1DB69184730B4DD
:100D7000084D0446AC46084BD3F8D0301868596883
:100D80009A68DB68ACE80F0028462C6130BC7047DD
:100D9000A8210020BC500020BC30002020490022A7
:100DA0000B46B7EE007A30B4A1F10C0073ED017A76
:100DB000F4EE477AF1EE10FA4FEA4202D2B218BFCF
:100DC00042F001029842F1D1F7EE007A154C4FF053
:100DD000000C0023C4ED057AC4ED047AC4ED037A57
:100DE000114DC4F808C085F82E30C4F804C0C4F80A
:100DF00000C031ED017AB4EE677AF1EE10FA4FEAF5
:100E00004303DBB218BF43F001038142F1D19342A7
:100E100001D130BC7047022030BC0BF0E5BD00BFF3
:100E2000BC130020A4130020BC300020472370B561
:100E300000F13604E4B23B2C104D204628BF3B2085
:100E40002B800FF075FB064628461EF0B5F931469B
:100E500028441DF0B1FF3B2C01D8084870BD034663
:100E6000074AA4F13B0012881A800FF061FB01468B
:100E700028461DF005FC014870BD00BF782E0020FB
:100E80005050021000487047B01300200020B7EE09
:100E9000007A094BA3F10C0273ED017AF4EE477A64
:100EA000F1EE10FA4FEA4000C0B218BF40F0010066
:100EB0009A42F1D1704700BFBC13002010B5044620
:100EC000F9B140F20113174AB2F80C21934318D03C
:100ED00007F064F8002814DB134B00EB40002044BB
:100EE00003EB800003EB8402D0ED217AD2ED026A9D
:100EF00092ED317A77EEA67A77EE877A17EE900A3E
:100F000010BD094B03EB8401D1ED027AD1ED2E6ABD
:100F100091ED317A77EEA67A77EE877A17EE900A1E
:100F200010BD00BFB4470020BC30002030B583B0F6
:100F3000019298B3022803D0274BD87103B030BD7B
:100F4000DDED017A254BF8EEE77A03EB4113D3EDA3
:100F50000C6A87EEA67A224A1F4C926904EB810341
:100F600093ED316A83ED317A2AB9D4F8D03003EBAE
:100F7000810383ED007AB4EE476AF1EE10FA14BFF4
:100F800001210021E0710029D8D04FF480600BF0DE
:100F90002BFD03B0BDE830400BF05EBC114A0146AA
:100FA00014464FF0000C0E4B9D6954F8D039A3F154
:100FB0000C0E72ED017AF5EE407AF1EE10FAC2F8FD
:100FC00000C018BF41F001010DB9C3F808C0043BCF
:100FD0007345EED1D6E700BFBC300020B4470020F7
:100FE000A82100208C31002071B1012905D10222F5
:100FF0000023027043708170704701220223002198
:1010000002704370817070470A460123022102700A
:1010100043708170704700BF2DE9F043654F87B082
:1010200097F88140002C50D0634D644C0021D422AD
:1010300028461DF0D7FA94F81231614ED9066DD5C5
:10104000F369D4F894019847C5F8D000002865D01A
:10105000B369002B6AD05B4B1C682CB12046A46896
:101060001AF0A0F9002CF9D17B7F574C002085F8AD
:101070002C30EC6512F07CFEA862FFF78FFE287D15
:10108000A4F1140109F0C4FD10B90720B368984712
:1010900097F88130002B36D0484B93F811319B07DD
:1010A00055D5736C43B100224849CDE90022086848
:1010B000029200285BD0984714F054FD336B53B371
:1010C0003D4807B0BDE8F04318473B4DB8220646FF
:1010D0002146284695F8149095F807801DF082FA6D
:1010E0003B4BD5F8D000D3F81C310269AA670BB18D
:1010F000214698472EB1324E85F8149085F8078026
:10110000A9E72F4EA7E7736C002BD4D114F02AFD6A
:10111000336B002BD4D107B0BDE8F083F369002016
:101120009847B369C5F8D000002B94D1D5F8D020EA
:10113000136053609360D360136194F81231DA0640
:1011400089D5D4F89421D5F8D0301A6183E70B20E3
:10115000204909F05DFD08BB0720B3689847736C10
:10116000002BA9D097F88120002A9CD1A3E74C68D6
:101170009442A0D18C6894429DD10A46CDE90300E7
:10118000059052F8B00F002895D15068049A90420B
:1011900091D1D1F8B81091428DD18DE70C2395F9FA
:1011A000832002FB03530B4A843307CA83E80700FA
:1011B000D5E700BF20250020BC300020B447002028
:1011C000A821002018380020D8300020C43000208A
:1011D000C82200207431002000487047D830002019
:1011E000002208B5054BC3E900229A6013F050F8BD
:1011F000BDE8084010200BF0F7BB00BFD83000203E
:1012000008B5054A054B50765B6F9847BDE8084026
:1012100020200BF0E9BB00BFBC300020C82200201A
:1012200040B110B504462046A4681AF0BBF8002C63
:10123000F9D110BD704700BFB0B10C4B10B5D3F859
:10124000C030044603B19847237823B92046BDE84F
:1012500010401AF0A7B8204600210CF0E1FD20460E
:10126000BDE810401AF09EB8704700BFA8210020CA
:10127000014B1868704700BFD82F002070B5044696
:1012800060B31C4B187848BB5B7833BB1A4D607E4B
:1012900084F838306B7E2A889842228004D0174B1D
:1012A000B3F8981012F0A0FA0C22154904F11C00B2
:1012B0001DF06AF9A0B1104E04F1400EB44620684A
:1012C0006168A268E36810347445ACE80F0006F169
:1012D0001006F3D10120EB6B2B6670BD002070BDB2
:1012E000064B626AB3F8A030217FA86A12F074FF3F
:1012F000E1E700BF20250020BC300020B4470020DB
:10130000D83000202DE9F04F037817465A1E1F2AC7
:101310000446884683B004D814F8013F581E1F289D
:10132000FAD93B2B50D02F2B4AD02378002B66D0F4
:10133000A2460026651C202B08D9292B05F1FF3970
:101340001AD03B2B13D0282B0BD066B315F8013BDA
:10135000002BF0D1002320468AF8003003B0BDE80E
:10136000F08F2E4615F8013B002BE4D1F2E7002E5A
:10137000ECD189F80060EDE77EB13E4B93F8813007
:101380005BB905F8013C3C4B93F8D6315B0723D49D
:10139000002F4AD03B68002B33D015F8013B0026C4
:1013A000002BC8D1D6E7A3F16102192A98BF03F038
:1013B0005F030AF8013B15F8013B002BBBD1C9E7DD
:1013C0002E4B1B7ADA0605D500232046237003B086
:1013D000BDE8F08F0134A8E73378002BDDD017B1DA
:1013E0003B68002BD9D1DFF89CB0DBF8C430002B70
:1013F000D3D030469847002688F80000A6E7A246DA
:10140000A8E7DFF880B0DBF8BC3023B1304698475E
:1014100038600028C1D10422304619491DF0CCF9AA
:1014200038B13378002BE0D1B7E73378002BB4D054
:10143000D9E7A9EB0602A2F103094846019219F087
:1014400075FF019A38600028EBD03379202B0FD13B
:10145000731D194613F801CBBCF1200FF9D006F12A
:1014600001099144A9EB01094A461DF02FFE94E7BA
:10147000311DF9E7BC300020C822002020250020C3
:10148000D4F50110A821002000212DE9F04FDFF84C
:10149000AC922DED088BD9F80431A44F5B1A18BF1C
:1014A000012397F87D20ABB093EA020515918DF8E2
:1014B000531015AA0DF1530118BF87F87D30FFF7BF
:1014C00021FF9DF853800446B8F1000F09D103783D
:1014D000252B0CD07BB9159808B1FFF7ADFE9DF810
:1014E000538040462BB0BDEC088BBDE8F08F4378AD
:1014F000002B00F0B8808E4D8C4FE0220021284652
:101500001DF070F80023BC4605F1080607938DF81E
:101510002030ADF818309A46BCE80F000FC6BCE882
:101520000F000FC6BCE80F000FC69CE80F0086E84E
:101530000F00FB6D09932378242B00F0358322469E
:10154000012316930023189392F800B01A93BBF16D
:10155000000F01F06D83BBF1400F67D9BBF15A0F4B
:1015600000F2F586BBF14F0F64D1724B2046179302
:1015700016AB194618AA04930FF0A6F805908DF83B
:101580005300002841F06D86DDED177AF4EE677A9E
:10159000F1EE10FAB0EE677A81F1BE82059B1E462D
:1015A0000A93FCEEE76AF8EE665A9FED636A77EEFF
:1015B000E57A67EE867AF8FE677ACDED186ABCEEBA
:1015C000E78ABBF1470F60D0BBF14D0F40F0D280EE
:1015D0002B78412B00F04681189E632E40F2FC814F
:1015E0000023DFF85CB11A93DBF8F430002B00F035
:1015F0009A8018EE102AB0B2002A00F0238300EB84
:10160000800606EB86001FFA82FB0BEB800080B29F
:1016100098470646002800F08680189B03EB83035A
:1016200003EB83030BEB83039BB212E3BBF1240FA9
:1016300040F08D8616AB1946204617AA04930FF08A
:101640009BF8002801F04E82002608EE106A0596ED
:101650000A96DDED177AF4EE677AF1EE10FAB0EE45
:10166000677A9ED7ADE7037097F87D30002B00F0C6
:10167000CE82002D40F0968397F87C30002B41F00D
:10168000FC8139238DF8533025E700231A93189BEA
:10169000412B59D8412B46D8DFE813F044034403CB
:1016A0004403440329044403450017041704450078
:1016B000AC03450045004500450045004500A30337
:1016C000A303A30331043104450045004500450050
:1016D00045004500AC034500AC03450045007204DD
:1016E0004500450045004500AC044500A504450003
:1016F000450003044500450045004500450003043E
:10170000F303F30345002904F202F202F202F202AB
:10171000F202F20245009D044500450045008704A1
:101720004C2B00F02D844FF01408DAE6BC3000207A
:10173000DC2F00200000C07F0000C842C82200202B
:10174000A82100200000C07F592B40F23682A3F16F
:101750005A02092AE7D8A3F15C02072A03F2E384BC
:10176000DFE812F06C031603160363030503050399
:10177000FB02FB020023ABF1240B1993BBF1360FE4
:10178000D1D801A353F82BF0BB1800102717001075
:101790002717001027170010271700102717001011
:1017A0002717001027170010271700102717001001
:1017B00027170010271700102717001027170010F1
:1017C00027170010271700102717001027170010E1
:1017D00027170010271700102717001027170010D1
:1017E00027170010271700102717001027170010C1
:1017F000271700102717001027170010BF2100100F
:10180000AB210010972100107F21001069210010EA
:10181000512100102717001019210010FD20001081
:10182000E1200010C52000109120001027170010A3
:10183000652000103D1900103D20001051200010BF
:1018400029200010C92200106F2200105922001018
:10185000432200102D2200100F220010F121001051
:10186000D321001095F8C9309A0601F1518185ED18
:101870001A7A43F0200385F8C930169B5A1C169239
:1018800014F803B0BBF1000F00F06585BBF1400F09
:1018900029D8BBF1240F40F05A852046049917AA95
:1018A0000EF06AFF00286DD1022E41F01B815FED22
:1018B0005B7AB0EE677ACDED177A18EE103A002B0E
:1018C00040F04185BDEEC77AD5F8C82085ED2C7A69
:1018D00012F0010308EE103A41F01A81012313437C
:1018E000C5F8C830C9E7BBF15A0F00F23085BBF12B
:1018F0004F0F5FD1DB4B2046049918AA17930EF0C7
:10190000E3FE8DF85300002841F00C81DDED177ADD
:10191000F4EE677AF1EE10FA19900FD6BCEEE77A82
:10192000B8EE476ADFEDD06A77EEC67A67EEA67A40
:10193000F8FE677A8DED187ABCEEE78A18EE103A59
:10194000002B40F000859DF86530D5F8C82043F0A5
:1019500080038DF86530189BC5F8B830199B12EAE2
:10196000030108EE101A41F0D380C0490B42B6D0F3
:10197000DDED177AF5EEC07AF1EE10FAAFD54FF043
:101980000408AEE59DED177AB4EE477AF1EE10FA51
:1019900093D6FCEEC77AB8EE678ADFEDB36A37EE0E
:1019A000488A28EE268AB8FE488ACDED187ABCEE21
:1019B000C88A82E72046049917AA0EF0DDFE0028A7
:1019C0007FF447AE022E41F08D80DFEDA97AB0EEB4
:1019D000677ACDED177AF4E518EE103A002B40F057
:1019E000B2848DED1A8A632E00F2248101A353F88C
:1019F00026F000BF6B1E00106B1E00106B1E001047
:101A0000571F0010571F0010571F0010E32200102F
:101A1000251F0010251F0010251F0010351C001069
:101A2000351C0010351C0010351C0010351C001032
:101A3000351C0010351C0010351C0010351C001022
:101A4000351C0010351C0010351C0010351C001012
:101A5000351C0010351C0010351C0010351C001002
:101A6000351C0010351C0010351C00106B1E0010BA
:101A7000351C0010351C0010351C0010351C0010E2
:101A8000351C0010351C0010351C0010351C0010D2
:101A9000351C0010351C0010351C0010351C0010C2
:101AA000351C0010351C0010351C0010351C0010B2
:101AB000351C0010911B0010911B0010911B001091
:101AC000911B0010351C0010911B0010351C0010DC
:101AD000351C0010851B0010351C0010351C001033
:101AE000351C00106B1E0010232300102717001058
:101AF00027170010271700102717001027170010AE
:101B00002717001027170010351C0010191F001090
:101B1000191F0010191F0010191F0010351C00108C
:101B2000351C0010351C0010351C0010351C001031
:101B3000351C0010351C0010351C0010351C001021
:101B4000351C0010351C0010351C0010351C001011
:101B5000351C0010351C0010351C0010351C001001
:101B6000351C0010351C0010351C0010351C0010F1
:101B7000351C0010351C0010351C0010351C0010E1
:101B80000B2300103B4B93F8203158077FF5CBAD6A
:101B90006E704FF4801300261AEA030F41F0448060
:101BA0004AEA03039A4668E60121042385F80AA05D
:101BB000E21C2981ADF81810C3E4482B7FF6B3ADC1
:101BC00001202D4AA3F1490100FA01F10A40002A3F
:101BD00040F0EE80502B7FF4A3AD9DF8682042F0DA
:101BE00002028DF868202B81002385F8373018EE2B
:101BF000103A002B40F0A7831A9B1AEA030208EE62
:101C0000102A41F0118016464AEA030A35E697F891
:101C10007C30DFF868B083F0010387F87C30DBF8B4
:101C2000E83013B197F87C0098472378002B3FF4F5
:101C300052AC60E4DFF844B0DBF8F430002B3FF442
:101C400072ADB0B29847064600283FF46CADBDF8BF
:101C500060306B809DF86A3043F020038DF86A3065
:101C60001A9B99E70000C07F0000C84280CA180094
:101C70000000C07FB447002001370100A8210020E8
:101C80009DF869203B2B42F008028DF86920A3F1F2
:101C900036022A77ABD118EE102A1E2A3FF643AD42
:101CA00001A353F822F000BF4123001027170010B2
:101CB00027170010271700102717001027170010EC
:101CC00027170010271700102717001027170010DC
:101CD0002F230010271700102717001027170010B8
:101CE00027170010271700102717001027170010BC
:101CF00027170010271700102F2300102717001098
:101D0000271700102717001027170010271700109B
:101D1000271700102717001027170010271700108B
:101D20002F230010059A002A42F058849DF868205D
:101D3000052B42F002028DF8682040F04C8718EE27
:101D4000102A1AB10A2A7FF4EEAC33232B81002328
:101D500085F83730022305934FE7623B85F835302D
:101D60009DF8693043F002038DF869303FE7C44ABB
:101D7000127E022A7FF4D7AC603B83F0010385F822
:101D800049309DF8693043F020038DF869302EE723
:101D9000C3F15E03AB729DF8683043F020038DF809
:101DA000683024E70123DFF8E4B287F87C3036E7B7
:101DB000059A002A42F012849AB23B882A819B1A23
:101DC00018BF0123069A85F8370063F341029DF896
:101DD0006830069243F002038DF8683002230593C1
:101DE00005E7113BAB739DF8683043F004038DF8B1
:101DF0006830FCE618EE102A002A40F02087059A89
:101E0000002A42F0EB839DF868201C2B42F001026F
:101E10002B708DF8682041F053820122059218EE54
:101E2000102A13442B700123E7E60223AB729DF8BE
:101E3000683043F020038DF86830D8E618EE103A89
:101E4000002B40F0D386059B002B42F0C7839DF802
:101E5000683043F001038DF868300123059318EED4
:101E6000103A5C332B700123C7E6002E00F0338656
:101E7000012E00F01D8685F8206000264FF40043F7
:101E80008AE6A3F13303B3FA83F35B0985F83630AE
:101E9000042305939DF8693043F004038DF86930FD
:101EA000A5E6312B00F0798618EE103A002B40F0B1
:101EB0007A86DFF8D8B1DBF81830002B3FF433AC6A
:101EC0000123EB734FF4807397E66D4A127E022A6A
:101ED0007FF429ACA3F10703B3FA83F35B096B73B7
:101EE0009DF8693043F040038DF869307FE62B7030
:101EF0009DF8683043F001038DF8683077E6A3F170
:101F00001403B3FA83F35B09EB729DF8683043F076
:101F100040038DF868306AE685F8DC605346002699
:101F20009A46AAE4069B082E43F48073069300F0B9
:101F3000E585092E00F0DA8599F8E6319E077FF5F0
:101F4000F2AB95F82130002643F0020385F82130EA
:101F50004FF4002320E6A6F10403B3FA83F3053E11
:101F600018BF012695F848205B0946EA430322F092
:101F70000302134385F8483000264FF480230BE614
:101F800018EE102A002A7FF4CEAB059A002A42F000
:101F900025839BB22B81002385F837309DF868306C
:101FA00043F002038DF86830D4E641232B709DF88E
:101FB000683043F001038DF8683018EE103A002BBA
:101FC0007FF4B1ABDFF8C4B0DBF81831002B3FF47D
:101FD000AAAB012311E618EE103A002B7FF4A3AB55
:101FE0004FF4805309E69DF8683043F080038DF884
:101FF0006830FCE5D9F81031002B3FF494AB18EEB3
:10200000103AA3F114021E2A3FF68DAB1D4BD340AC
:10201000D8077FF588AB18EE102A1B4BA3FB0223D1
:10202000DB088A331893B0E7D5F8C82085ED1D7A10
:10203000510300F16D854FF4802350E4D5F8C8209A
:1020400085ED1B7AD30300F163854FF4803346E4BA
:10205000D5F8C82085ED1C7A900300F159854FF41E
:1020600000333CE4BDEEC77AD5F8C82085ED2D7A63
:10207000510400F14D85DDED177A4FF4804379E48A
:10208000B447002001041040CDCCCCCCA8210020C6
:1020900018EE103A002B40F05681B4EE477AF1EE7C
:1020A00010FA6CBFFF239DF86030D5F8C82085F882
:1020B000C43012F4805308EE103A40F029854FF4F2
:1020C00080530CE4079BD5F8C82043F00403500666
:1020D00085ED187A079300F11B854023FFF7FFBBBE
:1020E000079BD5F8C82043F002030793930685EDBC
:1020F000177A00F10D852023FFF7F1BB079BD5F878
:10210000C82043F00103D10685ED167A079300F14C
:10211000FF841023FFF7E3BB18EE103A002B40F0CA
:102120001281B4EE477AF1EE10FA6CBF4FF0FF3334
:10213000189BD5F8C820C5F8BC3012F4006308EE2F
:10214000103A40F0E584DDED177A4FF4006311E4B6
:10215000D5F8C82085ED157A900500F1D984DDED1C
:10216000177A4FF4007305E4D5F8C82085ED147A8A
:10217000D30500F1CD844FF48073FFF7B0BBD5F8E1
:10218000C82085ED137A110600F1C284DDED177ABF
:102190008023FFF7EFBBD5F8C82085ED217A100723
:1021A00000F1B6840823FFF79ABBD5F8C82085ED67
:1021B000207A530700F1AC840423FFF790BBD5F8D5
:1021C000C82085ED1F7A910700F1A2840223FFF752
:1021D00086BB089BD5F8C82043F00403089353013D
:1021E00085ED277A00F194844FF08063FFF777BB89
:1021F000089BD5F8C82043F00203910185ED267AAB
:10220000089300F185844FF00073FFF768BB089BCB
:10221000D5F8C82043F00103D00185ED257A089355
:1022200000F176844FF08073FFF759BBD5F8C820D2
:1022300085ED247A130200F16B844FF40003FFF75D
:102240004EBBD5F8C82085ED237A510200F1608499
:102250004FF48003FFF743BBD5F8C82085ED227A01
:10226000900200F155844FF40013FFF738BB18EECD
:10227000103A002B67D1DFF8F0B11898DBF818306E
:10228000002B00F04284DBF81C309847B0FA80F055
:102290004009002841F05980DDED177AF4EE677AA5
:1022A000F1EE10FA6CBF4FF0FF33189BD5F8C82041
:1022B000C5F8C03012F4801308EE103A40F02884BC
:1022C0004FF48013FFF756BBD5F8C82085ED1E7A72
:1022D000130300F11D84DDED177A4FF40023FFF79F
:1022E00049BBD9F8243198470646002840F0A0831E
:1022F000594B1B7F042B3FF411AED9F8E030002B73
:102300003FF411AA4FF4003346E46323DFF858B1D9
:1023100085F82030DBF81C31002B7FF4AEADFFF7E1
:1023200002BA012200264FF400330A9234E44B4BE8
:10233000A3FB0223DB0805332B774FF400635CE437
:102340004FF4006359E44FF01708FFF7CAB84FF095
:102350000108FFF7C6B89DF86830DE0703D52B7873
:10236000412B00F07F849DF82020002A00F07E841D
:10237000059B002B00F0D98397F880301BB1059B9B
:10238000022B00F0D58395F8C930580605D5344B9B
:10239000D5F8B410994200F3A384CAF3074414F0AB
:1023A0002001049266D06E88002E00F01884DFF8B9
:1023B000B8B02C48DBF8F810D5F8C86088470C9006
:1023C0001890002840F0F485D5F8C8104E4016F05B
:1023D000E06104D0049A22EA11628DF82020B10550
:1023E00048BF0021079BC6F3021223EA0203C6F38B
:1023F00007224CBF95ED159A9FED1C9A079348BF95
:102400006965130605D50022D5F8B830C5F8B8209F
:102410000C93300348BF0021C6F307424ABF95ED35
:102420001E8A9FED128AA96712F0100200F0C38580
:102430000022D5F8C030C5F8C0200E936A8802B3D8
:102440000C3A062A1DD8DFE812F0360130012101CE
:102450001C001C000401EB00B4470020CDCCCCCC08
:1024600080969800DC2F0020A821002000000000AA
:102470003333CB411FED038A0E46B0EE489A0E91DE
:102480000C91BDF8182002F0010312F001010B932A
:1024900000F0D98295F8C920930740F1CC84E97AFD
:1024A00095F8C82039B1D5ED157A1FED0F7A67EE92
:1024B000877AC5ED157AD1073CD595F8CA20120761
:1024C00000F1AF821AF0020F5FFA8AF20BD029896D
:1024D000212900F0A68240F24B10814200F0A18237
:1024E0004C2900F09E82930603D5AA7A022A00F0B6
:1024F0009882CAF307231AF4005F049304F00401DE
:1025000040F08F82E0060A4603D56878332800F051
:102510008882002A00F01383D5F8B020511CC1F244
:10252000C784002A01F3C48495F8C82022F0010270
:1025300085F8C820AA7A022A00F00583CAF3072387
:102540001AF4005F049340F00F83099B002B00F006
:102550001585099B95F8CA105A78090785F849200E
:1025600040F11283012A00F02985012311930A9B6F
:1025700095F8CA20002B00F02883900740F1508383
:10258000286F0EF073F900283FF4DDAEDFF8F0B3EA
:10259000D5ED1C7ADBF81820002A00F03C86FDEE11
:1025A000E77ADBF81C2017EE900A9047B0FA80F02B
:1025B0004009002840F0C986D5ED1C7AFCEEE77A88
:1025C000C5ED307A95F8CA1060F3410185F8CA105C
:1025D000620740F14E8395F84820930706D5099B82
:1025E000DA68927A12F00A0F3FF49DA8E40640F1EF
:1025F000898095F8CA30D80700F1CC844FF07E531B
:10260000EB666B78303B082B7CD8DFE813F0750065
:102610000102F101E1017B00D1017B007B00BB01E4
:1026200095F8CA20D20740F1FB82D5ED1B7AFCEE6B
:10263000E77ACDED047A9DF810B011F033FC5845DF
:1026400001F2BC8395F8CA2022F0010285F8CA2065
:1026500017E795F8CA2002F00302032A40F0E0824F
:10266000D5ED1B7AFCEEE77ACDED047AD5ED1C8A28
:102670009DF810B011F016FC584501F2E48595F86C
:10268000CA2022F0030285F8CA20FAE6B1480421E4
:1026900090F8822122F06A0242F04A0280F88221F8
:1026A000D9F84020AC489047EBE64021D9F84020CB
:1026B000A9489047E5E695F8CA20D10740F1B082D5
:1026C00095ED1B7ADFEDA57AB4EEE77AF1EE10FA1C
:1026D00007D4DFEDA37AB4EEE77AF1EE10FA77FED5
:1026E000877A17EE900A15F005FB95F8CA2022F0BC
:1026F000010285F8CA20C4E695F8343023F00503BA
:1027000085F834302B78042B10D195F8CA30DA07CD
:1027100040F18682D5ED1B7AF5EEC07AF1EE10FA23
:102720003FF52DA923F0010385F8CA30AB7B0D934B
:10273000002B00F01D84012B00F00E8402230024E6
:10274000CDE90F3401230D93EB7A9BB19FED857A90
:102750000323854A9DF82000013B20FA03F1CC07B2
:1027600005D5D2ED277A67EE877AC2ED277A043A4B
:10277000002BF1D1049A7B79520607D56A7B9A42E5
:1027800004D008207A710AF02FF97B7953B1089BA5
:10279000D90707D5D5ED257AB6EE007A67EE877AA8
:1027A000C5ED257A059B042B00F07E8397F82E005B
:1027B000D8B12C7B6C4D03232A466C499DF820C070
:1027C000013B2CFA03F010F0010F0AD0D2ED277A6A
:1027D000D1ED056A002C00F0328367EEA67AC2EDD7
:1027E000277A043A0439002BEAD1049BDB072CD565
:1027F000EB7B022B01F05081032B00F09585012B20
:1028000023D1DFF87CB1DBF81830002B3EF48BAF1E
:1028100095F8C930190741F1F881D5F8BC0040B9E5
:102820004C4B93F890315A075CBFD5F8C000C5F8FF
:10283000BC00DBF81C309847002800F0868595F82E
:10284000C93023F0080385F8C930049B1C0709D55B
:10285000287F3B7D834205D0454908F0D9F90028FF
:1028600001F0B8862A789DF820300A2A1C4600F02C
:10287000D3835C2A00F03882002B40F0F68429894B
:10288000023989B2012940F2F084352A01F06B82C5
:1028900041F23B81412A40F0478295F8CA30D9077E
:1028A00040F1BE81DFED337A95ED1B7AB4EEE77A25
:1028B000F1EE10FA01F3FC8213F044F9D42303FB88
:1028C000007013F0A7F8002802F01B84002395F88D
:1028D000CA2063F3000285F8CA20D5F8C8108DF825
:1028E00020304908C5F8C810002901F03681224A75
:1028F00004964FF0010B2E46204C154617E001239D
:10290000042903FA0BF007D11168226802431FFA69
:102910008BF0226012F010FBD6F8C8100BF1010BFF
:102920004908C6F8C8100835002901F05582CA07C1
:10293000F2D5AA68002AEFD0297B0229DFD11168DD
:10294000012307EE901AF8EE677A03FA0BF017EE00
:10295000901ADAE7B44700205C2500200000B4C2DA
:102960000000B4423333CB41DC2F0020A4130020FD
:10297000EC2F002000FF7F473C580210D82F00208A
:10298000A8210020C54B93F8203159077FF5BAAE36
:10299000D5ED1B7AF5EE407AF1EE10FA0CBF01226C
:1029A000002295F8343062F3C30385F83430A9E689
:1029B000D5ED1B7AF5EE407AF1EE10FA0CBF01224C
:1029C000002295F8343062F3410385F8343099E6FB
:1029D000D5ED1B7AF5EE407AF1EE10FA0CBF01222C
:1029E000002295F8343062F3820385F8343089E6AA
:1029F000D5ED1B7AF5EE407AF1EE10FA0CBF01220C
:102A0000002295F8343062F3000385F8343079E61B
:102A100095F8343023F0050343F0050385F834308E
:102A200070E6D5F8B020002ABFF67BADFEF7A7BF51
:102A300002287EF478AED9F820310026002B7FF4EE
:102A400061ACFEF770BE2A89212A00F03781A97A8D
:102A5000012900F0E18111F0FD0F40F0298195F886
:102A6000C90095F8C820800700F1F583B87888423E
:102A70007FF421AD396E69651DE5DFF830B287F866
:102A80007C8006F081F90820DBF80C309847DBF8F1
:102A90004C50002D3FF4C3A80FF030FD0146A1F1CA
:102AA0000201B1FA81F1FF204909A847FFF7B7B841
:102AB00099F8DC319B0640F1E480D9F86C309847F6
:102AC00080F02006C6F34016002E40F0E2804FF45E
:102AD0000043FFF761B8032385F820304FF400432B
:102AE000FFF75AB84FF00208FEF7FBBC002385F849
:102AF000213000264FF40023FFF74EB895F821301F
:102B000043F0010385F82130F3E7C00FFFF7C1BBA5
:102B10004FF01908FEF7E5BC059B1E4619930A9372
:102B2000FEF711BF8046FEF7DCBC97F880301BB182
:102B3000069BDC0740F10D840223059323E4AA7A67
:102B4000022A7FF402AD099B002B3EF4ECAD099BF9
:102B5000DA68D26B002A3EF4E6ADCAF307231AF412
:102B6000005F04933FF4F5AC95F84920099B012AD6
:102B700000F06E815978012900F058835A7095F859
:102B8000CA100B073FF5F1AC099B002A40F0EC811D
:102B90009A680023AA671193E9E40023EB734FF4CA
:102BA0008073FFF72AB8142B00F091800A2B7EF473
:102BB000BAAD059B002B41F0118502230322EB7374
:102BC00005924FF48073FFF718B8D1065CBFBA6F57
:102BD000C5F8C020FCE402220592FFF704B89FED7F
:102BE000308A0E96B0EE489A0C964AE45C232B701D
:102BF0009DF8683043F001038DF8683018EE103A04
:102C00001E2B3EF690AD18EE102A264BD340DE0761
:102C10007EF589ADFFF723B9BEF1000F01F08C8678
:102C20004FF01C08FEF75DBC4FF01508FEF759BCCD
:102C30005A46CDF814B0CDF828B0FFF7A4BB9DF8E4
:102C400068201C2B42F001022B708DF8682002D006
:102C50001E2B7FF478AB18EE102A0A2A3FF4DFA867
:102C6000FEF761BDCDF81CB08DF820B00022FFF753
:102C700083BB099B002B3FF4B9AC1A7885F8482038
:102C8000B4E4094B1E7AC6F3801686F00106F6B24C
:102C90001AE7012385F82030FFF7EFB8B44700208A
:102CA000000000000104104020250020A821002081
:102CB00095F8C820D0073FF500AC3FE495F8C82050
:102CC000500600F17E81796E6966FFF7F4BBDFF88C
:102CD00044B3DBF81830002B3EF425AD03235DE749
:102CE0004FF01B08FEF7FDBB002B01F0B28303225F
:102CF000BF49C048013A23FA02F4E40740F1758164
:102D0000D0ED1C7A91ED066AD1ED276A77EEC67A8E
:102D100090ED337A77EEE67A77EEC77AC1ED277ACF
:102D200004380439002AE5D1B5F808B0BBF1500FDA
:102D300000F01383059B022B00F036830B9B03F0FE
:102D4000FF042BB995F8CA3023F0180385F8CA3070
:102D500095F8C93023F0420385F8C930059B002B54
:102D600040F0BD820023D5F8C8100593002941F03A
:102D7000398420AB2822184604931BF033FC9E4B69
:102D80009DF89520079393F89930B3FA83F35B0984
:102D900063F3410263F382028DF8952097F8833044
:102DA0008DF89930002C00F03E833AF0490340F052
:102DB00018872B78352B02D0002B40F012877A7EB3
:102DC0008E4B97F87F6021AC8DF896200FCB84E86E
:102DD0000F00002E40F0168795F8243013F0020300
:102DE00003D02B6B9B7AC3F3C0039DF89450844CA3
:102DF00063F3C715224604987D498DF8945003F07B
:102E000087F8804600287EF46CAB7E4B93E8070081
:102E100084E80700FEF765BB059B022B7FF448AFF3
:102E2000502A3FF445AF002A3FF442AF95F8C9203D
:102E300093073FF53DAF4FF01608FEF752BB91EDFB
:102E4000027A77EEC77AA7EEA67A82ED277AC8E4EF
:102E5000DA68917ACB077EF566AC95F8CA10080758
:102E60007FF5DEAE95F9C81092ED067A002950681C
:102E7000C0F27E8680ED077A0121099B597095F892
:102E8000CA10090771D5E97AD5ED1E7A002900F03C
:102E900048829FED5D7A67EE877A5268C5ED1E7AAB
:102EA000C2ED047AFFF761BB95F83630002B00F0D5
:102EB000FC8500239DF8201085F83630002901F0AC
:102EC000C8824FF0030B1C46504A0BF1FF3B484BA6
:102ED00021FA0BF0CDF84880B0462E461546C207C1
:102EE0001397F7EE008A27461C461CD496F8360046
:102EF000043C40B9D5ED027AF4EE687AF1EE10FAAE
:102F000014BF0120002086F83600BBF1000F00F04E
:102F1000ED819DF820100BF1FF3B21FA0BF0C20769
:102F2000A5F10405E2D5D4ED277A95ED057AB4EE46
:102F3000677A4FF0010CF1EE10FA0CFA0BFC21EA63
:102F40000C034FF00200C5ED057A18BF47F00107EA
:102F5000089309F049FDC9E70D9B109300230F93D7
:102F600002230D93FFF7F0BBDA685268D26910E6CE
:102F700001230220CDE90F30FFF7E6BB95F8CA2008
:102F8000C2F3C003119313077FF5F1AA099B5A7886
:102F9000FFF7E8BAD5ED1B7AF5EEC07AF1EE10FA3C
:102FA0003EF5EDAC23F0010385F8CA30FFF729BBED
:102FB0008046FEF796BA0E92FFF740BA099BDA6890
:102FC00061E761F3861285F8C820EA7AD5ED187AB0
:102FD0002AB19FED0F7A67EE877AC5ED187AC5EDB5
:102FE000197A95F8C820FFF766BAD0ED307A95E6E1
:102FF000DC2F0020BC3000202025002000300020E5
:10300000243100207030002066669843A41300200D
:103010003333CB41A82100204BB995F8C420142AA2
:1030200001F0178295F8CA20500741F11282D5F8B5
:10303000C82012F4883F3FF4F3ADD5ED1B7AF5EECE
:10304000C07AF1EE10FA3EF59AACF6EEE77AFCEEB5
:10305000E77ACDED047A95F8C4109DF81020013977
:1030600013293EF660AB01A050F821F0BD300010EE
:103070009F31001027170010271700102717001086
:103080002717001027170010271700102717001008
:10309000BD300010BD30001027170010271700109A
:1030A00027170010271700102717001027170010E8
:1030B0002717001027170010A9310010DFF8E4B21D
:1030C0001293DBF8181000293EF42DAB1046DBF804
:1030D0001C10049288470446002800F0368195F8B9
:1030E000CA10049A11F0040F129B07D0696FC160D7
:1030F00095F8CA1021F0040185F8CA1095F8C4109B
:103100000B2901F05A8220A9049195F8C4100129D5
:1031100006D11046DBF81C20129390470446129B00
:10312000032295F8C400994D21461394AC461C46E1
:10313000DDF810E00492A0F10A02D2B21292944A91
:10314000049B013B049324FA03F3DB0740F102865E
:10315000012800F07D860A2801F05E810B2807D146
:10316000DEED027A9CED277A77EEC77AC1ED027A1E
:10317000049B043AACF1040C0439AEF1040E002BAC
:10318000DED10128139C03D12046DBF82430984778
:10319000D5F8C83023F48833C5F8C830C4E595F8AD
:1031A000CA1049073EF5BFAA092A00F25B86002A29
:1031B00040F05486287F7749049385F8AC0007F0E7
:1031C00027FD002801F00682734A049B92F818211B
:1031D0004AB195F8AC100639C8B2022803D8CA40E3
:1031E000D20701F12B8195F8C4C0684D0320294610
:1031F000674A013823FA00F4E40707D5BCF1140F3D
:1032000091ED277A00F0CA8581ED2A7A043A0439D3
:103210000028EED1BCE79FED617AF4EEC77AF1EEBB
:1032200010FACCBF01200020FFF7C3B9099B5A68F0
:103230001AB100225A6005F0A7FD099BDA685268AE
:1032400012689A6095F849205A7095F8CA100807D4
:103250003FF588A998E4E97A00293FF42CA9FFF703
:1032600022B9DDF81480FEF73CB90599032900F076
:1032700092844FF0030C464844490CF1FF3C23FA7A
:103280000CFE1EF0010F0AD1D0F870E0C1F89CE0EE
:1032900004380439BCF1000FEFD1FFF7F6BA352A34
:1032A000F6D095F80CE091ED277ABEF1000F00F012
:1032B0007F84D0ED1C7A77EE877AC1ED277AE7E735
:1032C0001E2B3EF4AAAD01230593FEF795BCD5F85D
:1032D000C83023F4C21323F40073C5F8C830D5F8FE
:1032E000C81021F0E061C5F8C8103FE535463C46FE
:1032F000D5F8C830139F23F0E063C5F8C83097F8BD
:103300002E30464643402343DDF8488087F82E00A0
:103310003FF44EAA022009F067FB97F82E00FFF752
:1033200047BA9FED1F7AB6E5DFF878B0DBF81830C2
:10333000002B3EF4F8A995F8C9301B077FF570AC57
:10334000D5F8BC0000287FF474AA4FF02608FEF7D9
:10335000C8B84FF02808FEF7C4B89DF82030002BFD
:1033600000F00184059B012B40F06E85002385F859
:1033700035300B9B03F0FF04002BA8D095F8C93023
:10338000059423F0420385F8C930A8E7DC2F00201C
:10339000BC3000207C300020B44700200000004FEB
:1033A00000007A44A8210020B7F800C0069ABCEBC0
:1033B0000B0318BF012363F34922ADF81820BBF1BA
:1033C000000F40F085849DF8203002F00102002BB0
:1033D00040F07D83002A40F0CA87D5F8C84024F425
:1033E000C21424F40074C5F8C840002C41F0FA80DF
:1033F00020AB28221846214604931BF0F3F8A74B74
:103400009DF89520079393F899300594B3FA83F3C8
:103410005B0963F3410263F382028DF8952097F80C
:1034200083308DF89930099B3BB3DB689B7A1B078F
:1034300023D52B895A1E022A07D9052B05D0332BF9
:1034400003D0069B43F0400306939DF820301BB148
:10345000059B022B01F0D582099B1B7803F0030228
:10346000012A00F0D18613F0020304D0069B83F0FA
:103470004003C3F3801387F87F30D5F8B4307B67FF
:1034800027930FF03BF8159C0B9064B102280AD0EB
:1034900020461BF091FE013017F048FF289010B134
:1034A00021461BF0B1FDAB7A012BBB7005D19DF815
:1034B000943043F020038DF894306B6D099A3B668D
:1034C00020935378012B00F03184D2ED027A95EDF0
:1034D0001E7AF4EE477AF1EE10FA9DF81830139345
:1034E00001D19C060AD5099C2378D80703D5139BE4
:1034F000190640F17584AB6F099A9360139B5B06C4
:1035000040F16D830023D5F8C0002393BB6F834245
:1035100000F06B830B9BB867022B6FD0FDF722FC8A
:103520000A9B1290002B40F0FA8699F8D6319C073E
:1035300000F1F0865A4B1B7F042B00F0F086D9F87F
:10354000E030002B00F0E686D9F81C31CAF30744BE
:1035500004F00204002B00F02F870A9A129882F0E0
:1035600001019847002C49D00A9B002B46D1B86F27
:10357000FDF7F8FB044605F007FC289818B1FDF7A5
:103580005BFE00232893D7F8D03022691B699A424A
:1035900034D0DFF814B1DBF8C8306BB1099A20469B
:1035A00012780A929847099A13780A9A93421CBF94
:1035B00085F848304AF4802AD9F82031002B01F0F0
:1035C000658538489847189000287FF4ABAA80207A
:1035D00009F00AFADBF81830002B01F04585C7F82E
:1035E000D040DBF8CC304BB10EF088FFB0F5007F57
:1035F00004D0DBF8CC30D7F8D0009847CAF30743A3
:103600001AF4802F0A9300F07D82099895F84810EB
:1036100003788B4200F06982DFF88CB0DBF8404021
:103620001CB14378239AC068A047099B239A95F858
:103630004810D86810F0B6FD002800F05A820998AA
:1036400095F84810C268536819720170099C249259
:10365000FC656168206821AB03C397F87F309DF853
:103660009420217863F3C7128DF894208DF884108C
:103670000BB197F87E309DF8952063F300028DF82A
:10368000952095F8DC10A1F14603032B1AD8DFE84A
:1036900013F00D00EC00E9000D0000BF2025002014
:1036A000B4470020BC300020A8210020A1F149002F
:1036B00041423B6E41419648FB6312F03BF90028C2
:1036C00001F01485069BD9050AD57B7E95F821006B
:1036D000834205D010F0E2F810B195F821307B76E6
:1036E0000023079A82F820307B7E8DF89630CAF34B
:1036F0000743DA0627D597F82C2095F834309A42FC
:1037000021D0099C87F82C30E3689BB1596897F861
:103710002C200B7AC2F38002C3F30010904209D030
:1037200062F304130B72237862F304132370002AEC
:1037300041F0E08497F82C30DB0701F1D18497F851
:103740002C0002F095FD6B88E3B10B9B022B19D086
:103750002B79002B40F0DA850C9B85ED159AC5F886
:10376000B8300E9B85ED1E8AC5F8C030694BC5F890
:10377000C860D3F8FC400EF0C1FE6749A0470023A3
:10378000C5F8C8302B78042B00F08A84AB7B1AF480
:10379000807FBB71EB7AFB7073D0EB7BFB7103F026
:1037A000FD03012B00F044820023F879584F0322D7
:1037B0003946594C013A032801F2AD84DFE800F0A4
:1037C00041311902002093ED027AD1ED337AB5EE42
:1037D000407A77EE877AF1EE10FAA1F1040118BF72
:1037E00040F00100043BC1ED347A002A42D0013A96
:1037F000E9E700209DF8203023FA02F6F60737D5D6
:10380000D4ED277A91ED337AB4EE677AF1EE10FABF
:103810002ED0C1ED337A72B301200439043C013A51
:10382000EAE70020D3ED027A91ED337AB4EE677ABD
:10383000F1EE10FA40F0FF84E2B10439043B013AA2
:10384000F0E700200023D1ED337AF5EE407AF1EE77
:1038500010FAC1F8CC3018BF40F0010004394AB169
:10386000013AF0E712F0C0F82CE712F09FF829E7D0
:10387000002AD2D128B14FF4806009F0B5F808F0E1
:10388000EBFF3A7D2B7F9A420AD0244C244B0FCB7E
:1038900084E80F004FF4007009F0A6F808F0DCFF90
:1038A0002B7B3B7195F8353087F82D302B78412BE9
:1038B00000F2C5811B2B40F2F8831C3B252B3AD824
:1038C000DFE813F006053900060539003900390034
:1038D0003900390039003900E80439001E05390083
:1038E0003900390039003900390039003900390010
:1038F0003900390039003900390039003900390000
:1039000039003900390039003900390039008304A1
:10391000BC300020A8210020DC2F0020C430002073
:10392000EC2F002001230B20BB4987F8B43007F0AF
:103930006FF9FDF7FFF9288995F83730502838805E
:1039400087F82F3003D0059B022B00F0CC832898FA
:1039500008B1FDF771FC95F820303B762BB9079B39
:1039600093F90830002BBDF6BCAD05F00DFA3B7E97
:10397000632B00F09682032B00F0868295F82030AE
:10398000012B00F073823C2B00F02585079A92F9F9
:103990000820002AC0F26A820B9A022A02D01E2B4B
:1039A00001F0EE81012200233A803A7D85F837301C
:1039B00087F87C30BB713B71BB70002A40F00485F6
:1039C0000024BA6ABC83526897F82C30107A934965
:1039D00023F0050364F3041087F82C307C7691F80B
:1039E00020313C62107291F8102103F00105960716
:1039F00040F1F6846421099AD2685268D16055B1C9
:103A000003F00603991F97F82C204B424B4163F3B8
:103A1000C30287F82C206423079997F82C20C1E96A
:103A200004334A770B9B022B21D07D49387D07F068
:103A3000EFF8002800F0CE850B201DA907F0E8F86C
:103A400038B10C2274491DA81AF09EFD002840F0E0
:103A5000D78408F001FF10F01BFCD9F87430787E91
:103A60009847102008F0C0FF202008F0BDFFDFF8C5
:103A7000BCB1DBF84C302BB10B9A387E941E6142FE
:103A800061419847674B1868002800F0DB84846820
:103A900017F088FC2046F7E79DF82030002B7EF4D5
:103AA000D4AE4FF02508FDF71CBDFDF777F9FEF702
:103AB0007DBE37EE677A02F00103BBF1550F1A465F
:103AC00087ED137A40F03E87002387F85830002AAC
:103AD00040F0B181D5F8C830002423F4C21323F498
:103AE0000073C5F8C830FFF7FABB119B53B1DFF87C
:103AF0003CB1DBF840402CB10998239A4378017817
:103B0000C068A047099BDA68A0E502F0FD011C2906
:103B10007FF40AA91C2A14BF0A20092042490493F1
:103B200007F076F8002800F05585049B002B40F044
:103B3000C38129899DF82C20502908BF85F835308C
:103B4000002A40F01484D5F8C83023F4C21323F4BB
:103B50000073C5F8C830FFF705B9B5F808B0BBF178
:103B6000500F7FF4E7A8002385F83530FFF7E6B85B
:103B7000D5ED137AF4EEC77AF1EE10FA58BFF0EEF5
:103B8000477A95F8C810C0ED077A21F0800185F8D2
:103B9000C810FFF771B9352A00F0EF80B5D9412A76
:103BA0003EF47BAE2A89502A7FF4C8A8FFF7D7BB22
:103BB000D0ED307A91ED066AD0ED336A77EE867AF1
:103BC00077EEA67A77EE877AC1ED277AFFF760BBAA
:103BD000099CAA6F217810F009FAAB6FA360AB6F54
:103BE00091E44FF01008FDF77CBC1AF4003F3FF45D
:103BF00005AD0A9B002B7FF401AD0B9B022B3FF41C
:103C0000FDACB4E40123FFF7F0B8D5F8C030C5F837
:103C1000BC30FEF71ABE00BF74310020B44700204C
:103C2000C4300020183800207C300020A82100205B
:103C3000C14BD5F8BC00DB6998470346B5E55C3B52
:103C4000DAB21E2A3FF677AE1E2B3FF674AE01A203
:103C500052F823F01B3F001037390010373900109D
:103C60003739001037390010373900103739001054
:103C7000373900103739001037390010F53E001081
:103C80003739001037390010373900103739001034
:103C90003739001037390010373900103739001024
:103CA00037390010DF3E0010373900103739001067
:103CB0003739001037390010373900103739001004
:103CC0003739001037390010373900102539001006
:103CD00095F837200AB985F8352095F84930012B39
:103CE00000F0C882BBF1210F00F08D80BBF14C0FBA
:103CF00001F04E80D5ED157AF5EE407AF1EE10FA2E
:103D00003FF499A8002A40F02781BBF1050F00F28B
:103D10002D870BF1FF3BBBF1040F00F28880DFE839
:103D20001BF078097504790486009C032B89099A95
:103D3000502B02D0002B40F00D8453681BB10023A0
:103D4000536005F021F8099BD3ED027AC5ED1E7A88
:103D5000FFF7BDBB129B012B9CBFD2ED337AC1EDA7
:103D6000027AFFF705BAB5F808B0BBF1010F7EF68D
:103D7000E1AF4FF01E08FDF7B4BB2B89012BF8D83B
:103D80000B9B03F0FF04002B3FF4A1AA95F8C93068
:103D900023F0420385F8C930FFF7A1BAD2ED1C7AAF
:103DA00092ED306A77EEC77AD2ED336A77EEC67A53
:103DB00077EEE67AC1ED2A7AFFF728BA4FFA8BF050
:103DC0000FF0D6FF00283EF43DAC4FF0000100227A
:103DD00010F00CF9FEF736BC3546049EFEF7A4BF82
:103DE000E3685B6883ED007A04F0CEFF139AE06825
:103DF00052067FF5EDAE0022217810F0F7F8AB6F98
:103E0000A360FFF77FBB099BDB68DB6B002B3DF4F6
:103E10008AACD5ED197AF5EE407AF1EE10FA47D07A
:103E2000069B43F020030693002A40F09580069BF2
:103E3000DC077FF54FAE95F8C930012423F042032B
:103E400085F8C930FFF74BBA4FF01F08FDF749BBA3
:103E5000DCED277AC1ED027AFFF78AB9013AD0B2D8
:103E6000FFF7A9B94FF01D08FDF73BBB0B9B022BD9
:103E700006D00821D9F840303048984704F036FC85
:103E800000233B76FDF72DBB0B9B022BF8D095F85A
:103E900020303C2BEDD1D9F8B831002BE9D0984730
:103EA000E7E7254BD3F81C31002BE9D09847E7E72B
:103EB0004FF02708FDF715BB032221482149013A9D
:103EC00023FA02F4E40758BF046FA1F1040158BFBC
:103ED000C1F8AC400438002AF1D1FEF725BF002319
:103EE000194AC7F8B83087F8B430C2E90133FCF793
:103EF00021FF20E50023154AC7F8B83092F81111C8
:103F0000114A8807C2E9013387F8B4303FF511AD93
:103F10000B200D4906F05EFE0BE5012387F8B43057
:103F20000A4B0B4A93F81141074BA40707CA83E8D1
:103F300007003FF5FEACEBE7A82100205C25002040
:103F4000BC300020DC2F002074310020B44700205A
:103F5000703000203333CB41BDF8183013F0020E1F
:103F6000DAB21CD0BB78012B01F0698095F8CA3019
:103F70005C077EF555AE9DF820301099CB40D807F0
:103F80007EF54EAE01230021A7F858300D9B396510
:103F900007EB830319640F9B07EB8303196495F800
:103FA000C930D90601F18080012385F8C43095F825
:103FB000CA305B0718D5B7EE007A5FED1A6AD5ED07
:103FC0001D7AEB7A002B2B7B07FE267A27EE877A69
:103FD000002B01F03880109B07EB8303D3ED1A7A96
:103FE00077EE277AC7ED157A0320AD49DFF8DCC2FA
:103FF0009DF82030013823FA00F4E40797ED157A94
:104000000DD5DCED277A109CC1ED127A844201F0C7
:104010005480D1ED1C6A77EEE67AC1ED127A04394C
:10402000ACF1040C0028E5D1109B07EB8303D3ED22
:10403000107AF4EEC77AF1EE10FA00F3B184D5F8F5
:10404000C83023F48223C5F8C830ABF14903102BE4
:1040500000F2A18401A151F823F000BF4F490010E4
:104060009749001097490010974900109749001090
:10407000974900109749001097490010B33A001073
:10408000134900104F49001097490010B33A00102F
:10409000F74800109749001097490010F7480010A2
:1040A000E86E01F081FFFFF771BB0A2B7FF443AC90
:1040B00095F8C430022B02D0142B7FF43CAC794C21
:1040C00095F8AC00214606F085FD3A7D95F8AC30B8
:1040D0009A427FF430AC94E80700734B83E8070002
:1040E00008F0BAFB27E4714C53282368299300F2A7
:1040F0006F84532855D8DFE810F07C0574059A05C5
:104100009A0554004B0554005400540054005400C8
:1041100054005400540054005400540054005400FF
:1041200054005400540054005400540054005400EF
:10413000540054005400540054005400F40454003B
:1041400054005400540054005400540054005400CF
:1041500054005400540054005400540054005400BF
:10416000B50454005400540054005400540054004A
:10417000540054005400540054005400540054009F
:1041800054005400540054005400540013055400CB
:1041900054008C04540054005400540013051305BB
:1041A00013050020299A079B22605A78002A7FF481
:1041B000CEAB002800F04C8401287FF4C8AB3C490A
:1041C0003C4808F069FBFFF7C2BB00213A4811F0F8
:1041D0009DF90021394811F099F9D5ED1B7AFCEED3
:1041E000E77A17EE902A364B90B2D3F818319847F9
:1041F000FE2804463DF475A911F02AFCFF2C3FF47B
:1042000057AEA046FDF76DB93A880699501E0228B0
:1042100001F0400140F25F87052A00F05C87332AF5
:1042200000F0598700297FF41EA9069A42F0200267
:104230000692FFF718B9C1ED337A002A3FF41BABA1
:104240000120FFF7FABA4FFA8BF00FF091FD00282A
:104250003EF415AADFED1B6ADFED1B7A88EEA67A25
:1042600067EE277A4FF0010117EE902A0FF0BEFE9D
:10427000FEF705BA95F84830DB0707D5D5ED1E7A6D
:10428000F5EE407AF1EE10FA7FF42CAD4FF02908EC
:10429000FDF727B90920074906F09CFCFFF74BBB47
:1042A000BC3000207C300020C430002018380020B2
:1042B000AC25002024310020DCF50110E4F50110CC
:1042C000A82100200000C84200007A44DC2F002012
:1042D0009DF8943043F001038DF89430059B002B3A
:1042E00040F03E84C14C0499204600F041FF94E820
:1042F0000700BF4B83E80700FCF750FDFFF71BBB2F
:104300000A20BB4906F066FCFFF715BB04F03CFD34
:10431000FFF722BAD9F82031002B7FF415A9DFF876
:10432000E8B2DBF81830E3B1129BC7F8D030DBF805
:10433000C8305BB1099A129814789847099A137893
:10434000A3421CBF85F848304AF4802ADBF8CC3001
:1043500013B1D7F8D0009847802008F045FBFFF74D
:10436000F3B8129B1A69D7F8D0301A61DFE795F8D5
:10437000C93023F0420385F8C930D5F8C8100029A8
:1043800040F0308120AB2822184604931AF02AF915
:10439000984B97F8832093F899308DF89920B3FAC9
:1043A00083F39DF895205B0963F3410263F3820276
:1043B0008DF89520FEF7F9BC802008F015FB002C45
:1043C0003FF41CA9FFF7D0B84FF400703B7508F01C
:1043D0000BFBFFF7F5BA0B9B022B7FF45CAD4FE5AF
:1043E000A5B103F006039A1F5342534197F82C20BE
:1043F00063F3C302079B87F82C205A77FFF712BBA1
:104400000B207D4906F0E6FBFFF723BB97F82C3025
:10441000079A5377FFF706BBD2ED1C7A92ED046A38
:10442000D2ED306A77EEC67A9CED277A77EEE67A9F
:1044300077EEC77AC1ED027AFEF79ABE4FF03808E0
:10444000FDF74FB811F0B2FADBF80C3008209847AE
:1044500016E54FF01A08FDF744B8AB7B002B75D179
:104460009DF82030032B00F2B980D5F8C83003F452
:104470004032B2F5403F7EF4D3AB069A920504D5A4
:1044800003F03003302B7EF4CBAB95F8C820D5ED8C
:104490001B6A12F0300F95ED1C6AEB7A33D1B1EE46
:1044A000667AF1EE467A85ED167AC5ED177A4BB14C
:1044B000DFED527A66EEA76A26EE276AC5ED1B6A23
:1044C00085ED1C6A97F82E3083B14D4B95ED1B7A24
:1044D000D5ED1C7A93ED036AD3ED046A27EE067AD4
:1044E00067EEA67A85ED1B7AC5ED1C7AEB6E3B6311
:1044F0002B6F7B63D5F8C83023F4403323F03003AF
:10450000C5F8C83093E4002B00F0DE8195ED167AF3
:10451000DFED3A5AD5ED177A27EE257A67EEA57AC0
:1045200097F82E3085ED167AC5ED177A002BBFD09F
:10453000334B93ED035AD3ED045A27EE057A67EE19
:10454000A57A85ED167AC5ED177AB1E74FF02A08FE
:10455000FCF7C7BFD36800215C6804F11003536007
:104560000F9B184663629B46FCF7A8FC099A2062E1
:10457000536807EB8B02D2ED1A7AD3ED046A77EE1B
:10458000E67AF5EEC07AF1EE10FA93ED037A0DD9E2
:10459000DFED1C6A93ED006A67EEA67AC6EE276A25
:1045A000F4EEC76AF1EE10FA37FE267A099B85ED24
:1045B0001E7AD3ED027AFEF78ABFCDE9122320AB33
:1045C00019460820049306F023FBDDE91223002896
:1045D0007EF49BAD4FF00708FCF783BF4FF018083F
:1045E000FCF77FBF4FF02408FCF77BBF7C30002036
:1045F0002431002020250020743100203333CB41AA
:10460000A4130020DB0FC940A8210020069B43F023
:104610000403069395F8CA0044070ED59DF8203090
:10462000002B3FF416AF01220D990F9C02FA01F105
:10463000A2401143194200F04381C10700F12881D3
:104640000123C5F8D8300D9A05EB8203D3ED25AAD6
:1046500007EB82030F9A93ED1A7A05EB8203D3EDF1
:10466000258A07EB8203D3ED1A7A95F8CA307AEEE1
:10467000C7AA5A0778EEE78A40F1878023F004033F
:104680000C22CC49CC4885F8CA3019F07DFF0028AF
:1046900000F0F680EB7A3BB1D5ED1D7A9FEDC77A3D
:1046A00067EE877AC5ED1D7A97F82E30B3B1C44B0B
:1046B0000D9AD5ED1D6A03EB8202D2ED037A0F9AB3
:1046C00003EB820393ED037AF4EEC77AF1EE10FA6E
:1046D00077FE877A67EEA67AC5ED1D7AD5ED1D9A2D
:1046E000B1EE007A6AEEAABA29EE877AF0EE6B7A1A
:1046F00028EEA8BAD9EE877A77EECB7AF5EEC07AB3
:10470000F1EE10FA3DD417EE900A1AF025FF7BEE79
:104710008B7A0AEE100A17EE900A1AF01DFFB1EE1E
:104720004AAA07EE100AF5EEC09ACAEE077A2B895C
:10473000032B08BFF1EE677AF1EE10FA05D5F1EE22
:10474000699AF1EE677AC5ED1D9AB0EE6A7AF6EED7
:10475000006AA7EEE87AE7EEAA8A27EE267A68EEE4
:10476000A67A0D9B05EB83020F9B82ED167A05EB73
:104770008303C3ED167A069BDB073FF55CABFFF7BF
:10478000A9B94FF02208FCF7ACBE01230D9A0F998E
:1047900003FA02F28B401343079A134274D095F840
:1047A000C83023F0700385F8C830EB7A8BB19FEDE9
:1047B000837A0322834B0799013AD140CC0705D570
:1047C000D3ED187A67EE877AC3ED187A043B002A96
:1047D000F1D197F82E309BB103227A4B7849079894
:1047E000013AD040C00707D5D3ED187A91ED057A8C
:1047F00067EE877AC3ED187A043B0439002AEED1BC
:104800000F9B05EB8303D3ED169A0D9B78EEE98A97
:1048100005EB830393ED16AA68EEA88A7AEECAAA7E
:10482000EAEEAA8A18EE900A1AF096FE69EEA99AA4
:10483000EAEE0A9A08EE900A19EE900A1AF08CFE37
:1048400007EE100A78EEC77ADFED5F6AF0EEE77ADE
:10485000F4EEE67AF1EE10FA68677FF7E8AAF6EE72
:10486000006AF4EEE67AF1EE10FA09DCDFED576A41
:1048700027EE267AB4EEE77AF1EE10FA7FF5D7AAA2
:104880004FF02108FCF72DBE4FF02308FCF729BE9E
:10489000E86E0BF0EBFF00283DF455ADD5ED1B7A2B
:1048A000FCEEE77A17EE903AC5ED367A002B3FF42E
:1048B000FFAA95F8CA3023F0010385F8CA30C2E692
:1048C0004FF02008FCF70DBE97F82E30002B3FF478
:1048D0000DAE3B4B95ED167AD5ED177A93ED036A45
:1048E000D3ED046A27EE067A67EEA67A85ED167A8E
:1048F000C5ED177AEAE54FF00003ABF15604D4F1A9
:10490000000B4BEB040B6BF307036BF30F23A7F8C0
:10491000583095F8CA30D8077EF57EA9D5ED1B6AC8
:10492000F5EEC06AF1EE10FA3DF529A823F0010377
:10493000C7ED146A85F8CA3037EE677A87ED137AC7
:1049400002F00103002B7FF476AAFFF7C3B895F8B5
:10495000CA30990728D5D5ED1C7AF5EEC07AF1EE6C
:1049600010FA7DF60CA8B7EE007ADFED146AE97A4A
:1049700023F00203002907FE267A67EE877A85F87E
:10498000CA30C7ED137A4FF07A533B65D3073FF532
:1049900052AAFFF79FB8D2073FF54DAAFFF79AB882
:1049A0004FF03608FCF79DBDBEF1000FEBD0FEF7CF
:1049B00037B900BF70300020243100203333CB41A1
:1049C000A4130020DC2F00200AD7A33B6F12833AE8
:1049D0008C38032800F29983BF4B9DF8940093F81C
:1049E0001431BDF81820C3F3001383F0010363F3FF
:1049F00004108DF894000499B84801F0E5FAFFF727
:104A0000D1BB069B43F080030693099B1B78FEF7FE
:104A10002ABDDFF8D8B204F0B7F9079BDBF8001025
:104A200004985E7FFCF72EF9C6F3400A0346B0B93E
:104A3000049853465A46AA4901F0F8F8304601F066
:104A400017FC299B2360079B5B78002B7EF47FAFCC
:104A5000A34BA24A07CA83E80700FEF778BF98462F
:104A6000FCF73FBDD5ED167A97ED1A3AD7ED1B3A14
:104A7000D5ED176A95ED254AD5ED264A33EE277A0E
:104A800037EEA76A73EEA67A37EE447A77EEE47AC9
:104A9000F0EE085A76EEA66A37EE077A77EEA77A36
:104AA00086EE255A86EEA56AC7EE256A87EEA57AB8
:104AB00035EE035A36EE236A76EE846A77EE247A70
:104AC0001DAB00930499864A84481BAB8DED1B5A9D
:104AD0008DED1C6ACDED1D6ACDED1E7A00F042FE13
:104AE000AFE704F051F9079B0498696E5E7FFCF70D
:104AF000C9F803460028B2D19DF88430049943F0E8
:104B000080038DF884309DF89830744843F0020398
:104B10008DF8983000F02CFB304601F0A9FB90E7AF
:104B20000D9B049A8DF86C300F9B8DF86D30109BA7
:104B30008DF86E30AB6F23931B9BADF800301B0CD0
:104B40008DF80230674B029395F8C4102833019119
:104B500097F82D1087F85A10604900F055FF70E75C
:104B600004995E4800F004FBFFF7BCBBBBF1330FB8
:104B700000F0C080ABF18C03032B3FF658A9ABF1DA
:104B80008D03022B00F28680DFE803F08084800032
:104B900097ED1A6A95ED164AD7ED1B6AD5ED174ABF
:104BA00095ED257A97ED0C5AD5ED267AD7ED0D5A6D
:104BB00036EE046A76EEA46A37EE057A77EEA57AC9
:104BC0001DAB00930499464A44481BAB8DED1B6A0C
:104BD000CDED1C6A8DED1D7ACDED1E7A00F0C2FD83
:104BE0002FE7BB78022B0FD004993C4800F0C0FAA5
:104BF00027E79DF89430049943F0010337488DF876
:104C0000943000F0B5FA1CE7334B1A7E9DF89430CF
:104C1000022A43F040038DF8943000F00482012210
:104C20009DF8843062F3C7138DF88430DCE7BB78DD
:104C3000022B0BD19DF8843043F080038DF8843033
:104C40009DF8943043F040038DF894301399D5F8D3
:104C5000D83049070D9948BF5B428DF86C100F9909
:104C60006A6F8DF86D10109902938DF86E101B9B72
:104C70000092ADF804301B0C8DF806301A4B0499E5
:104C8000174A03F13C0000F0B3FADAE6069B43F062
:104C900010030693ABF18E0BBBF1010F94BF012300
:104CA000069B069A88BFC3F3C00363F3C3029DF853
:104CB00020301446ADF81820002B3FF4CAAB0C226C
:104CC0000649074819F060FC00283FF4D9ADE10718
:104CD0003FF5B1A8FEF7FEBEB447002070300020BB
:104CE00024310020FC3000203430002064500020AB
:104CF0003333CB41AB7B002B7FF428AC9DF82030C5
:104D0000032B3FF66BACD5F8C83003F03003302BE3
:104D10007DF486AFD5ED167AF5EE407AF1EE10FA15
:104D20003FF4C6A8EB7A5BB15FED0F6A95ED177A99
:104D300067EEA67A27EE267AC5ED167A85ED177A04
:104D400097F82E3083B1CB4B95ED167AD5ED177AC7
:104D500093ED036AD3ED046A27EE067A67EEA67A2E
:104D600085ED167AC5ED177A95F8C83023F0300333
:104D700085F8C830069BD8073FF55DA8FEF7AABEA8
:104D8000D9F8B831002B3EF40DAE9847FEF70ABEB5
:104D9000099BD868C36B002B3CF4C5ACAB7B012BE3
:104DA0007FF4D4AB9DF8201011F0FA0FCBB27FF452
:104DB00019AC95F8CA10049111F00401079109D0BB
:104DC00095ED1D7AF7EE007AB4EEE77AF1EE10FA7F
:104DD0003FF56EA85C077DF523AFD5F8C810A64C4B
:104DE0000C40002C3DF41CAF95ED1BAAB5EEC0AAFB
:104DF000F1EE10FA3CF5C3ADD5ED176AF5EEC06AD9
:104E0000F1EE10FA3CF5BBAD95ED186AB5EEC06A4F
:104E1000F1EE10FA3CF5B3AD95ED167AB5EE407AA9
:104E2000F1EE10FA3FF444A8F5EE406AF1EE10FA04
:104E30003FF43EA8F4EEC66AF1EE10FABFF638A8C9
:104E400095F8C91011F010040B9404D095F8C440E3
:104E5000032C3FF62DA8099CD0ED055AD4ED027A1B
:104E6000F4EEE57AF1EE10FA00F1CF80D0ED065ABB
:104E7000F4EEE57AF1EE10FA00F3C780BCF14C0FC6
:104E800040F0B3807D4CB5EEC07AF1EE10FA58BF19
:104E90004FF07E50D5ED279AB0EEC77A48BF7848DC
:104EA00084ED00AA6062E87AC4ED019AC4ED036A59
:104EB00084ED046A84ED027A68B1DFED727A27EE40
:104EC000277A66EEA76A26EE276A84ED027AC4ED99
:104ED000036A84ED046A687B98B1B6EE006AD4ED8B
:104EE000026A94ED037AD4ED047A66EE866A27EEC0
:104EF000067A67EE867AC4ED026A84ED037AC4ED21
:104F0000047A042B2BD095ED046AD7ED2E5AD7EDF9
:104F1000317A97ED1C7A36EE256A39EEC77A36EE8D
:104F2000276AD5ED256A67EE077A76EEC66AE6EE61
:104F3000A67AF0EEC78A17EE900ACDE91221C5EDE8
:104F40001B8AC4ED066A1AF007FBDDE9122107EEA1
:104F5000900A2AEE277AC7EE287AC4ED007A08076D
:104F600044BFD5F8BC30A3620B9B1BB195F8C4308D
:104F700084F82C30C90744BF2B6DE36194ED077AA8
:104F8000B5EEC07AF1EE10FA29D994F82C3033B38B
:104F9000D7ED1C7A79EEE77AF6EE006AF0EEE77A62
:104FA00067EEA67AB4EEE77AF1EE10FA3EF780AF3C
:104FB000079B0BB16B6F6361049B9B0744BF2B6F17
:104FC0002362069B43F020030693D5F8C83023F4F0
:104FD000E32323F4B873C5F8C830FEF725BF0023D8
:104FE000E361002384F82C30E2E74FF0000C4FF02F
:104FF0007E54254840F8044CC0E900CCC0E902CCFE
:10500000C0E904CCA0F118043DE74FF02C08FCF7F0
:1050100068BA069A9DF8203002F00102002B3EF497
:10502000D9A9FEF754BD95ED277AD7ED1C7AB4EED9
:10503000677AF1EE10FA14BF01220022F0E54FF07A
:105040000308FCF74EBA109905EB8103D3ED047AFF
:1050500007EB810393ED2E6AD3ED316A77EE867A02
:1050600077EEA67AFEF7BCBF2269D7F8D0301A6176
:10507000FEF7B7BAA41300207000010064500020AE
:10508000000080BF3333CB417C50002018930123B4
:105090004FF4806187F880303448D9F84030984721
:1050A00003F024FBFEF796BA95F8C430002B7EF48B
:1050B0007EAF4FF01308FCF714BA2C7B002C3EF4A3
:1050C000AEAFD1ED1C6A77EEE67A77EE877AC1ED66
:1050D000127AFEF7A4BF00293EF4C5A9FFF7A5B8D0
:1050E0000021084601F072FEFEF729BB4FF053087D
:1050F000FCF7F7B9FB6D6421D8680EF0F5FEFEF7FA
:1051000019BB4FF05208FCF7ECB9079B5B78002BFA
:105110007EF41DAC9CE40439043B043C002A7EF47C
:1051200049ABFEF7AEBB18EE102A6AB9A3F15B01DA
:105130004B424B412B739DF8683043F008038DF8C8
:1051400068300823FCF759BD9DF8682042F0100232
:105150008DF8682018EE102A0A2A7CF4E4AA5A2B4B
:105160003CF4E1AA1023FCF748BD00BF5C250020F9
:1051700038B54B7D0C4603F00603062B054602D0DE
:1051800049690CF06DFE0DF0B9F9022808D1174BF2
:105190001A781AB9587880F0010038BD002038BD5F
:1051A00003F0A4FA0028F2D004E001F06FFB30B164
:1051B00002F0ACFF03F09AFA0028F6D1EDE72146A1
:1051C000284601F0BFFB0028E1D123699B7A1B0729
:1051D000DDD5237903F00303012BD8D103F0D4FDEF
:1051E0002069E268436A21799847D0E720250020AA
:1051F0002DE9F04F2DED068B9DB09DF8B4B09DF8D4
:10520000B540914603EB8B02CDE908104FEA8B05C0
:1052100010681294049513931D4616921AF07CF9A7
:10522000064605EB8402106801F100431792A200C4
:105230000F460E92069607931AF06EF904464FEA4F
:105240008B0309EB03021068109201F100420D4636
:10525000049405921AF060F932463B4614F0A0FD22
:10526000CDE90A010E99DDF8B88009EB0106306836
:1052700011961AF051F922462B4614F091FD099C23
:105280004FEA8B03E318CDE90C0118681AF044F9D2
:10529000DDE90A2314F098FD0F460E9906466318BF
:1052A00018681AF039F9DDE90C2314F08DFD324647
:1052B00004460D46DDE906013B4614F099FD9DEDDF
:1052C0002C9A22462B46CDE914019DF8B6A0DDE9C3
:1052D000040114F08DFD02460B46DDE9140114F0C3
:1052E0005FFD22462B4604460D46DDE9060114F01B
:1052F0007FFD32463B4606460F46DDE9040114F0C9
:1053000077FD02460B463046394614F05DFD2246D5
:105310002B4615F027FB14F0DFFDB8F1000F08EE67
:10532000900A40F3EE81DFED9C7AF4EEE78AF1EE2D
:1053300010FA40F2DA81089D6B7D5C0723D4974A0E
:10534000D2F80841FCB143F004036B75DDE90A01B2
:1053500014F0C2FD1990DDE90C0114F0BDFD8DEDD6
:10536000009A2D9B1A90ADF804301B0C8DF8063076
:10537000CDF8088019AB0CCB49460998A0476B7D46
:1053800060F341036B7588EAE874A4EBE874012CC0
:1053900040F39480601E07EE900AF8EEE77A17EE6D
:1053A000900A1AF0B9F878A3D3E9002314F020FD8D
:1053B000B8F1000FD8BFF1EE687A06460F4609EB48
:1053C0008A0393ED008A099BD4BF17EE900A18EE6A
:1053D000900A03EB8A03D3ED009A1AF09DF8324647
:1053E0003B4614F0DDFC14F077FD79EEC89A07EE29
:1053F000100AC9EE877A77EEA77A17EE900A1AF0AC
:105400008BF863A3D3E9002314F0F2FC14F064FDDD
:105410004FEA8B010DEB01070E99099A0DEB01067E
:1054200010994FEA8A05D1F800E0119905F170034F
:10543000D1F800C009EE900A5168106892680DEB2F
:10544000030519AB07C3B8F1000FC7F864E0C6F84D
:1054500064C00DF10606CCBF4FF001084FF0FF38D5
:10546000334646469846023C01AF39EE888A129B85
:105470008DF8B4B08DF8B5308DF8B6A0DDF8B4C0B5
:10548000139B4FEA1C4E05ED038A089902964A4683
:10549000A7F800C019A888F800E08DED009AFFF782
:1054A000A7FE19AB07CBC9F80000C9F80410C9F86A
:1054B00008201CB115ED038A013CD6E7384B79EE84
:1054C000097A93ED027AF4EEC77AF1EE10FA40F31E
:1054D000038177EEC77AB6EE008A67EE877A28EE08
:1054E000888AF5EE407A28EE098AF1EE10FAB0EEDD
:1054F000C88A00F12981B1EEE77AC8EE077AFBFE8F
:10550000677AFCEEE77A17EE902A002A00F0E48032
:105510000899F8EE675A0B7D980600F1068188EE2F
:10552000A5AAF0EE007ADFED1F6AEAEE4A7AB1EE44
:10553000007AB6EE005A099B09EB8A0803EB8A0150
:1055400037EE877A91ED006A67EE857AD8ED004AEA
:105550006AEE266A36EE646ACDED147A66EE877AD4
:10556000012A86EE259ACDED137A00F0B580DDE9AB
:105570000645CDF848904FF0000B4FF0010A9146D8
:1055800076E000BFAFF30080182D4454FB21194092
:10559000182D4454FB210940BD370635A8210020B1
:1055A000B4470020ABAA2A3E139819F0B5FF06466F
:1055B00014980F4619F0B0FF22462B46CDE90E0194
:1055C00030463946CDE9066714F012FCDDE90423C4
:1055D00006460F46DDE90E0114F00AFC02460B46B2
:1055E0003046394614F0DCFB14F076FC22462B469C
:1055F0000646DDE90E0114F0FBFBDDE90423044659
:105600000D46DDE9060114F0F3FB02460B46204689
:10561000294614F0D9FB044630460D4619F07CFFAC
:10562000CDE904010BF1010B2246DDE90A012B460D
:1056300014F0B6FB14F050FC109B1860DDE9042355
:10564000DDE90C0114F0ACFB14F046FC119B089949
:105650001860D8ED007A77EE897A1298C8ED007A52
:10566000FFF786FD00286AD00AF1010AD14533D040
:10567000BBF10C0F98D107EE90AAF8EE677A67EEAF
:105680008A7A17EE904A204615F005FD08EE100ABA
:10569000204615F0FDFC179B08EE900AD3ED009A0A
:1056A000169B29EEA87AD3ED007AA7EEC87AF1EE20
:1056B00067AA28EE698A17EE100A19F02DFFAAEEE4
:1056C000A88A044618EE100A0D4619F025FF4FF07F
:1056D000000BCDE90401A7E7DDE908101DB0BDEC22
:1056E000068BBDE8F04FFFF743BD19F015FF1AA375
:1056F000D3E9002314F054FB14F0EEFB08EE900AFB
:1057000019E6DFED177AF4EEE78AF1EE10FAFFF60C
:1057100012AE19F001FF10A3D3E9002314F054FBDB
:1057200014F0DAFB08EE900A05E6D1ED007A67EE98
:10573000A57A23F02003C1ED007A0B75EFE61DB0CA
:10574000BDEC068BBDE8F08F17EE900A19F004FF50
:1057500007EE100AD1E600BF182D4454FB21194072
:10576000BD3706B52DE9F0412DED108B9FEDA39AC5
:10577000DFEDA38AF7EE009ADFEDA2DA1D46B0EE68
:1057800049AA84B014460646884610685168926853
:105790000DF1040CACE807001A9F39EE289AB4EE1C
:1057A000E99AF1EE10FA97ED001A97ED010A96EDDD
:1057B00000BA96ED01CA39FE898A79EEC87AD5ED2C
:1057C000001AD5ED010A6BEE082A2CEE083A61EEBC
:1057D000086A20EE087AE1EEA76AA0EEA77AE1EE69
:1057E000272AA0EE273AD4ED00AAD4ED01BA61EE43
:1057F000884A20EE885A68EE222A28EE033A68EE9C
:10580000265A28EE076AE7EEA62AA7EE273AEAEE1E
:10581000A74AABEEA75AF0EE656AB0EE467AE7EE1D
:10582000A46AA5EE277A68EE222A28EE033A00221F
:10583000B6EE002ADDED01CA9DED02DAE7EEA62AFA
:10584000A7EE273A53E078EE287A67EE827A39EEAF
:10585000E77A6BEE276A2CEE276AE1EE076AA0EE84
:10586000076A21EE275A60EE275AA1EE875AE0EE2A
:10587000875A61EEA7FA20EEA7FA67EEA66A27EE2E
:10588000866AEAEE87FAA5EE876AABEE87FA27EE1C
:10589000A5EAE7EE056A67EE85EAAFEE07EAE7EE0E
:1058A0002FEA67EEA66A27EE866AE7EE2E6AAEEE6C
:1058B000076A7DEE034A3CEEA24AF0EE665AB0EE6D
:1058C000467AE4EE425AA4EEC27AF0EEE55AB0EE21
:1058D000C77A37EE257AB4EECA7AF1EE10FA0FD90C
:1058E000B0EE463AF0EE662AB0EE678A012278EE14
:1058F000683AF4EEED3AF1EE10FAB0EE639AA2DAFD
:10590000AAB1414601A8F0EE488ACDED012A8DEDFD
:10591000023AFFF72DFC28B1B4EEE98AF1EE10FA55
:105920003FF53BAF04B0BDEC108BBDE8F081B0EEAD
:10593000005AF6EE005A59E0F0EE687AE3EE857A06
:10594000F4EEE97AF1EE10FADBDA39EEE77A2BEED3
:10595000276A6CEE276AA1EE076A61EE27EAE0EE9D
:10596000076AE1EE87EA60EE273A21EEA7EA27EE22
:10597000866AE0EE873AAAEE87EAA7EE2E6A20EE64
:10598000A72A67EEA66A27EEAE4AABEE872AA7EEF5
:105990000E4AE3EE876A67EEA34A27EE866AE2EED6
:1059A000074AA7EE046A67EEA66AE4EE876A7CEE11
:1059B000864AB0EE627A3DEE264AA4EEE57AF0EE33
:1059C000434AE4EE654AB0EEC77AF0EEE44A37EEB9
:1059D000247AB4EECA7AF1EE10FA92DCB0EE678A5D
:1059E000B0EE663AF0EE462A77EEE83AF4EECA3ABE
:1059F000F1EE10FAB0EE639A9ED982E7CDCCCC3DA1
:105A0000000000006F12033B2DE9F04F2DED048BD9
:105A100085B09DF84A60149D4FEA860903EB86061F
:105A200095ED057AD6ED007AF4EEC77AF1EE10FA2C
:105A30009DF848409846137D03949DF8494043F0F3
:105A400001030294824614468B46139F137500F19E
:105A5000AA80AB7EDBF80010DBF80420012BDBF81A
:105A6000083008BF95ED059A4046C8F80010C8F800
:105A70000420C8F808302146C6ED007A18BFB0EE01
:105A8000679AFFF775FB002800F088807B1E019362
:105A9000002F77D0002796ED008AD5ED057AB4EE79
:105AA000E78AF1EE10FA00F3898005EB090393ED24
:105AB000007AB4EEC78AF1EE10FA5DDDD5ED037A17
:105AC00038EE678AB4EEC78AF1EE10FA48BFB0EE3E
:105AD000478A237D214623F001032375404686ED46
:105AE000008AFFF745FB002858D0D5ED048AF5EE73
:105AF000C08AF1EE10FA22DC6B7E2BB120693A46A7
:105B00004FF00001436A9847BAF1490F23D0F0EEF5
:105B1000497A237D2A7EC6ED007A62F3000321468E
:105B200040462375FFF724FB002837D06B7E002BFF
:105B3000BBD0E268217920690EF034FBB5E70CF0A8
:105B4000DDFC0228D8D003F01FF9002118EE900ADE
:105B50000AF0A8FED0E705EB0903D6ED007A93ED35
:105B6000007AF4EE477AF1EE10FAD0D02D4B93ED97
:105B7000037A77EE877ACCE7237D43F00103237520
:105B8000019B33BBD8F80010D8F80420D8F80830AF
:105B9000CBF80010CBF80420CBF8083005B0BDECF2
:105BA000048BBDE8F08F86ED007A11464046FFF782
:105BB000DFFA0028F2D0D6ED007A4AE7C6ED007A87
:105BC00021464046FFF7D4FA0028E7D096ED008A38
:105BD0006BE7154B1B791BB9019B013B01935AE7FE
:105BE000039B029908EB830205EB830393ED007A94
:105BF000D2ED007A77EE877AC2ED007A08EB810366
:105C000005EB810C9CED007AD3ED007A77EE877A74
:105C100021464046C3ED007AFFF7AAFA0028DBD1FF
:105C2000BCE700BFB4470020BC300020D2ED057AAD
:105C3000B7EE007AC7EE277A2DE9F04F92ED087A99
:105C400017EE908ADFEDB07A2DED088B67EE277A9C
:105C50000F4692F82CB087B01BF0010A18BF92EDE6
:105C6000079A044608BF9FEDA99A17EE900A1BF009
:105C7000020B1546994692ED038A14BFD2ED079A9E
:105C8000DFEDA29A15F024FB97ED02BA08EE900A18
:105C9000D5ED04AAB0EE4BAA0026AAEEA8AA386851
:105CA0007968BA6803AB07C3013607EE906AF8EE6D
:105CB000677A414617EE900A15F050F807EE900A01
:105CC00068EE277AF4EEE7AAF1EE10FAECDCD5EDF7
:105CD00001AA7AEECBAAF5EEC0AAF1EE10FAAA6AF2
:105CE00008DDBAF1000F01D0B1EE499ABBF1000F07
:105CF00040F0F78095ED067AB5EE407A79EE297A94
:105D0000F1EE10FA77EEAAAA07D027EE2A7A7AEEF9
:105D1000E77AC7EE276AC5ED066AF5EE408AF1EE2E
:105D200010FA237D43F00103237540F0DD8012EB70
:105D3000060A00F0BB80B1EE68BA0126D5ED027A02
:105D400095F82C3078EE277AD90748BF95ED046A8C
:105D500097ED007A48BF77EEC67AD5ED096AA7EECF
:105D6000A67A214603A88DED037AFFF701FA0028F1
:105D700000F09C8003F008F8002800F09C80217D52
:105D80002379227E43F0800342F0020221F00101D8
:105D900022762175237195F82C30DA0715D59DED03
:105DA000057ADDED037A95ED046AD5ED096A37EEE3
:105DB000497AE6EE267A214603A88DED057ACDEDE7
:105DC000037AFFF7D5F9002870D0DDED057A77EE7C
:105DD000AA7A214603A8CDED057AFFF7C9F9002874
:105DE00064D095F82C309B0715D5DDED037A9DED39
:105DF000057A95ED046AD5ED096A37EE697AE6EE23
:105E0000667A214603A88DED057ACDED037AFFF77A
:105E1000AFF900284AD002F0B7FF00285CD0227DFD
:105E2000237942F0010223F08003B24522752371E9
:105E300047D0013607EE906AF8EE677A414617EED2
:105E4000900A95ED038A14F089FF07EE100AD5ED4C
:105E5000047A28EE078AF4EEC87AF1EE10FA38FEDA
:105E6000278AD5ED096A97ED007A78EE677AA7EE72
:105E7000A67A214603A88DED037AFFF779F9A8B138
:105E8000F5EE408AF0EE4A7AF1EE10FA18BFEBEE2A
:105E9000087A237E214669F34103237603A8CDEDDA
:105EA000057AFFF765F900287FF448AF07B0BDEC2D
:105EB000088BBDE8F08F0CF021FB00283FF45FAFAA
:105EC000F4E73B68214603A80393FFF751F907B0B5
:105ED000BDEC088BBDE8F08F0CF010FB00289ED0C5
:105EE000E4E7F1EE699A05E7F0EE4A7AE8EE687ABF
:105EF000214603A80192CDED057AFFF739F9019A01
:105F000000287FF414AFD1E735FA8E3C0000000082
:105F100070B50B460546808A496D40F4C26040F07A
:105F20000400A882D3F8B4001C4CE861296094F8FE
:105F30001A1149071ED51A4E03F194041146204642
:105F4000D6F80C31984729462046FFF711F90CF096
:105F5000D5FA30F4007301D0002070BD00F07CFC55
:105F60000028F9D020200CF0CFFA01F001FB00F05E
:105F7000FBFFF1E70B4A92F8991059B1084803F179
:105F800094040122D0F80431204698470028DAD141
:105F90000F2070BD03F19404D5E700BFB447002083
:105FA000A82100202025002010B504460CF0A6FAF8
:105FB000022800D110BD02F0E7FE2046BDE81040E7
:105FC00000210AF06FBC00BF2DE9F04F87B00446F6
:105FD0000F4690460CF092FA022800F0B280DFF8EB
:105FE00028B29BF81531DA0700F1848004F10C091E
:105FF0004E46854DDFF834A236ED017AD5ED1C7A98
:1060000067EE277A17EE900A19F076FAA642A5F104
:1060100020054AF8040DEFD17C4B7D4A1B7D82F8A8
:106020002A3002F0B1FE054600285FD0DFF8F0A16B
:10603000DAF8AC3053B10CF061FAB0F5007F05D05E
:10604000734B93F848309B0740F0878000250095FC
:10605000DAF8B0302BB36F4903A806F01DFCDFED72
:106060006E6A002003234FF0010C06A979ED017A36
:1060700031ED017A77EEC77AF0EEE77AF4EEE67A60
:10608000F1EE10FA03F1FF330CFA03F242EA0002D8
:10609000C8BFD0B2002BE9D13A462146DAF8B03079
:1060A00098475B4ADFF88891137A012123F00203B5
:1060B0001372C8F3C000D9F80C319847D9F81031E1
:1060C000984700F00303022B1BD00421D9F8483075
:1060D0005248984702F00AFB0021D9F80C310846D3
:1060E000984795BBDAF8B43003B19847022007B05F
:1060F000BDE8F08F4A4B00212046D3F80C31984779
:1061000074E7394620460193FFF732F80028EDD0B6
:10611000019B3F4A1946012302F13C0082F83830C6
:10612000D9F84030984707E00CF0E8F938B30CF0A4
:10613000E5F9B0F5007F22D002F0D8FA0028F3D1BB
:10614000D4E7002007B0BDE8F08F0023009A19467D
:106150001846DAF8AC40A047C4E7DAF8AC30314969
:1061600008201E4606F0AEFB0021012302460090E7
:106170000846B0477B7D60F3C3037B7568E7244B1B
:1061800093F83830012B2CD0214A137A43F00203C4
:10619000137200241E4A21462046D9F80C3182F899
:1061A0003840984702F0A2FA35B1234621462046EE
:1061B000009ADAF8AC40A04701F088F800F09EFAA7
:1061C00000F0C4FD9BF90C31002B1ADBDAF8B43077
:1061D00003B198470E4B187AC0F3400007B0BDE8F2
:1061E000F08F114B18F0100F03F1600207CA83E81B
:1061F0000700CED1052103F11400D9F848309847A3
:10620000C7E707F041FFE1E7B4470020BC300020BA
:1062100020250020AC25002017B7D13860250020AC
:10622000A82100200000A0404C2500205825002077
:10623000C822002010B50D4C82B0237813B1002085
:1062400002B010BD00F07EFB0028F8D0A37A0190C8
:1062500023F0050343F00403A37201F007F901F0F2
:1062600087F900F081FE019802B010BD20250020C2
:1062700010B5044602F088FD024B1A7802B95C772B
:1062800010BD00BF2025002070B5244CE36B99069B
:1062900024D4234D04F13C0020212B6C9847A08886
:1062A000E0B9D5F8E03003B198470CF027F910F0C9
:1062B0002C0F14D1A37A13F0060310D1E370EB6E08
:1062C000984742061BD50A21AB6C16489847164BD7
:1062D000D3F8E43013B1BDE87040184770BD012316
:1062E000E3700CF00BF9042810D00321AB6C0D48BF
:1062F000984700F05DFEEB6E98474206E3D4C30575
:10630000E5D51121AB6C07489847E0E7236C002BDB
:10631000EFD10621AB6C03489847EAE7202500201F
:10632000C822002060250020A821002000212DE99E
:10633000F04FDFF88492964B99F8822183B0196070
:10634000910604465FFA80F830D513F87C1CA3F15F
:106350008807B8F1000F25D141BB97F84830414676
:1063600043F007034FF0070087F848300BF0D2F9ED
:1063700002F0BCF94FF00708002800F0CC8099F833
:1063800082319B0640F1B28097F80C8007236FEAB8
:10639000080808EA03080021404687F848300BF057
:1063A000B9F9A3E018EA010100F0A980D9ED117A4A
:1063B000F5EEC07AF1EE10FA40F2B68099F81A3193
:1063C000DFF8E0A11A070BD59AF8E43143B9DAF8FF
:1063D0005C3098470BF00EF9C0B2002840F0CA803C
:1063E00004200CF091F899F80D1111F0100508D166
:1063F00001216848DAF840309847294666480AF093
:1064000051FA0DF05DFF00284FD1DAF87830984747
:10641000C0B2002851D1B8F1000F55D15F4F604D87
:1064200097F848303A7B05F1030B23EA020387F81B
:10643000483015F8016F86BBAB45FAD199F81A01BF
:106440004FF00001DAF8583000F001009847B8F139
:10645000000F6ED1042006F0C7FA99F81A3103F044
:106460000303032B09D14F4BDB6D98470BF0C2F8A8
:106470004A4B93F8983003423FD10BF0E7F80024E1
:10648000494BD3F8A83023B1B4FA84F14046490906
:106490009847204603B0BDE8F08F30460BF036FC3D
:1064A000044600284BD1B046C6E7FAF799FEDAF861
:1064B00078309847C0B20028ADD04FF00000FAF70E
:1064C0009FFEB8F1000FA9D020460BF01FFC044638
:1064D00099F81A014FF00001DAF8583000F0010085
:1064E000984702F003F9B0B1002C36D100F02EFC31
:1064F0002E492F4806F0D0F9ACE72D24C0E797F8D5
:10650000483048EA030387F848300BF003F902F0FB
:10651000EDF80028EAD1244BD3F8A83013B10021BC
:1065200040469847FF24B4E70524204603B0BDE861
:10653000F08F02F0DBF800287FF421AFEBE799F849
:106540001A014FF00001DAF8583000F001009847C6
:1065500002F0CCF8B0460028DDD00BF0CFFF0428C5
:1065600011D0114BD3F8A830002B92D00021404617
:1065700098478EE7FFF788FE01210E48DAF8483089
:106580009847FF2485E700200BF0BEFFE9E700BF36
:10659000A82500205C250020CDCCCC3D2025002066
:1065A00039490020C8220020A8210020AC25002065
:1065B0002431002060250020B44700202DE9F04759
:1065C000DFF824A1DFF82481DAF80050D8F80020A1
:1065D0002F6DBA4245D0D7ED097AD7ED0A6A77EE2A
:1065E000A77A97ED087A67EEA67AB4EEE77AF1EE2D
:1065F00010FA58BFB0EE677A3C6D87ED077AA24279
:1066000063D0DFF8E09020E094ED087AD4ED077ACB
:10661000F4EE477AF1EE10FAD8F8002011D0D4ED5C
:10662000096AD7ED077A94ED0A6A76EEA66AE6EE75
:10663000867AB4EEE77AF1EE10FA77FE877AC4ED47
:10664000077AAA4227460ED02C46256DD9F800308D
:10665000AB42D9D1002000F0B5FED5E708B1C8F8AB
:106660000060BDE8F087DAF80050536DAB42F8D017
:10667000D2ED077A00201EE0D2ED096A92ED0A6A97
:1066800076EEA66AE6EE867AB4EEE77AF1EE10FAD6
:1066900018DDC3ED077A1E46012093ED087AB4EEAB
:1066A000677AF1EE10FA596D04BF1E460120A94227
:1066B0001A46D3D00B4693ED077AB4EEE77AF1EEA3
:1066C00010FAD9DCF0EE477AE7E7064B1B689A42EE
:1066D000CBD1002000F076FED8F80020DAF8005088
:1066E000C3E700BF302D0020242D0020282D0020DE
:1066F000014B1868704700BF2C2D00202DE9F8438E
:10670000DFF80481D8F80030002B47D0354F364DE4
:10671000364E2C68A4B133689C4211D04FF000096A
:10672000A06C18B114F03EFEC4F84890E06C08B1BB
:10673000FAF776FD2A683368546D9C422C60EFD1DD
:1067400000225821D7F800C06FF0AF072848D8F8CA
:106750000040C0E901226318C0E9032201FB0CF1EB
:10676000C0E9052202603F1B00E0F918624514BF32
:1067700018462046214443F8081C02F1010203F1A7
:10678000580343F85C0CF0D101201A4B626D346061
:106790001A60194B2C601C60BDE8F883174B582613
:1067A000DD8A104F2C4604FB06603C6014F0BEFDF1
:1067B000C8F8000058B1A542A9D011491148F9F70D
:1067C00083FFD8F80030002BA1D10020E4E7282C6B
:1067D00005D9FA2C34BF0A236423E41AE3E7A5425F
:1067E000F3D0EAE72C2D0020302D0020242D0020AE
:1067F000B0380020CC370020282D0020B4470020DE
:10680000F4F5011045DE0010202D002038B50C4DA8
:106810000C4B2C681B689C4211D0A06C18B114F072
:10682000C1FD0023A364E06C10B1FAF7F9FC2C68F9
:10683000054A636D11682B60A14208BF136038BD23
:10684000302D0020242D0020282D0020014B186819
:10685000704700BF242D0020034A044B10681B68BA
:10686000834208BF00207047302D0020242D0020D7
:10687000044B054A1B6812685B6D9A4214BFD869C5
:1068800000207047302D0020242D0020044A054BA5
:1068900010681B68C01AB0FA80F04009704700BF4A
:1068A000302D0020CC37002010B5037D2DED028B5C
:1068B0005906044690ED0D8A1DD490F93820002A1F
:1068C00019DBDA0722D51D4B9FED1D7AD3ED057A32
:1068D000F8EE677A67EE877A27EE888AF7EE007A15
:1068E000B4EEE78AF1EE10FA78FE277A17EE900AF6
:1068F000BDEC028B10BD636C0120DB6B9847D0EDC3
:10690000007A237D28EE278ADA07DCD4DB060AD456
:106910000A4B9FED0B7AD3ED047AF8EE677A67EEB7
:10692000877A28EE278AD4ED0C7AF4EEC87AF1EE55
:1069300010FA48BFB0EE678AD0E700BF20250020DC
:106940000AD7233C2DE9F04F2DED028B0E4603466E
:10695000C14991B00C68502200212046019317F0E4
:1069600041FE7068B168F2683369E163A063226434
:10697000636473690DF11C0C6361337E0DF12809AA
:10698000A374F3690296A361737EC8466374D6E963
:106990000823C4E91223237D03259F07AF4BDFEDB6
:1069A000B08A1F464E46E34601994CBFAD4AAE4AF7
:1069B00001F10C0A07CA8CE80700039397ED1C8AC3
:1069C0007AED017A68EE277A17EE900A18F094FDB6
:1069D000012356F8042D013D03FA05F14BF8040D8F
:1069E000801AC9B27DD007EE900AB8EEE77A9F4AC6
:1069F00080EAE0731278A3EBE07344F8253022EAD2
:106A0000010E1143E268C7EE087A9A4238BF1A466F
:106A1000E260C8ED027A0028B5BF944A934B11702A
:106A200083F800E0203FA8F10408002DC6D18F4B69
:106A3000029E1B782374E36B002B4BD05A6993EDB5
:106A4000046A0DEB8201D1ED076A8449F8EEE66A2B
:106A500001EB4211D1ED0C5A86EEA57A37EE467A5B
:106A6000B5EEC07AF1EE10FAD3ED037A4FEA820266
:106A70003CDDDFED7F6AD3ED005A27EE267AC5EEC6
:106A8000876AF4EEE76AF1EE10FA2FDCC4ED106AC3
:106A90000199114491ED007A37EE467AB5EEC07A4D
:106AA000F1EE10FA40F3D1809FED716AD3ED005AF8
:106AB00027EE067A85EE876AB4EEE76AF1EE10FA01
:106AC00000F3C38083ED016AF0EE467A77EEE67A52
:106AD000C3ED027AE06870B911B0BDEC028BBDE87D
:106AE000F08F44F82500C8ED028A9BE7C4ED107AC8
:106AF000F0EE676ACCE700234846C6E9083309F0A0
:106B0000F9FE0DA9DFED5B6A06EE100A0B46534A4B
:106B1000A06233ED017AB5EE407AF1EE10FA0BD0B7
:106B2000D2ED1E5AC5EE877AF0EEE77AF4EEE67AF9
:106B3000F1EE10FA76FEA76A4B45A2F12002E8D1E9
:106B4000C4ED096ADFED4B7A444A0DAB73ED016A7F
:106B5000F5EE406AF1EE10FA0BD0D2ED1D5A85EE3B
:106B6000A67AB0EEC77AB4EEE77AF1EE10FA77FEC5
:106B7000877A4B45A2F12002E8D1237DC4ED0C7A3F
:106B8000DD0705D4D6ED007A980648BF67EE867A11
:106B9000394AC4ED0D7A10682F4A03F002031268D7
:106BA000824275D0002B53D110AD9FED2D8A2A461D
:106BB000324B71ED017A33ED017A77EEC76A4945C0
:106BC000A7EE678A62ED016AF3D1DFED2D7AB4EEAC
:106BD000E78AF1EE10FA61DD0023E3622046FFF759
:106BE00063FE214B07EE900A93ED067AF4EEC77A26
:106BF000F1EE10FAD4ED0B6ACCBF27EE077A27EE40
:106C0000A77AB4EEE67AF1EE10FA227D76FE876A74
:106C10001207C4ED086A986109D499E80700194D74
:106C200004AC85E8070094E8070083E80700164BEA
:106C300009481A68516D02601960FFF7BFFC012016
:106C400011B0BDEC028BBDE8F08FC3ED017A3DE7DA
:106C50000023E361E362F2E7242D0020B447002023
:106C600000000000AC250020B03800209C2F002040
:106C7000DB0FC9409976967E302D0020C838002061
:106C8000EFFF7F3FBC380020CC370020EFFF7FBFF5
:106C90000022E261E262002BD1D19FE75FED057A2D
:106CA000B4EEE78AF1EE10FA01D5244B95E70DA872
:106CB00009F020FEDFED227A039B75ED016AF5EE07
:106CC000406AF1EE10FA0BD093ED1E6A86EE267A3A
:106CD000B0EEC77AB4EEE77AF1EE10FA77FE877A73
:106CE0000DAAAA42A3F12003E7D1B7EE007AB6EECF
:106CF000006A37EE488A134B28EE068AD3ED015A14
:106D0000B1EEC86A67EEA57A37EE467A67EE867A04
:106D1000DFED0D6A87EE876AB4EEE66AF1EE10FAEF
:106D200054BFF0EE467AF0EE667A237DC4ED0B7A1E
:106D300003F00203002B82D150E700BF9976967EC4
:106D40009976967EB447002000000000024B034A6B
:106D500007CA83E807007047B0380020AC25002040
:106D60000A4A0B4B12681B689A4207D309480A4922
:106D70000068D21AD21001FB120070470649981A17
:106D8000C01001FB00F00138704700BF242D002027
:106D9000302D00202C2D0020A38B2EBA08B500200A
:106DA00000F010FB064B074A1B6812680649934225
:106DB0000B6003D0BDE80840FFF700BC08BD00BF72
:106DC000302D0020242D0020282D00202DE9F04713
:106DD000424B2DED028B5F7F17F0010754D11E69E6
:106DE000002855D0C82828BFC8200A2838BF0A2044
:106DF0000546002968D1B04246D00F465969DFF8F0
:106E0000F090DFF8F0804020C3E9045105F0ECFD7C
:106E1000D9F80040D8F800309C4226D0DFED307A17
:106E20002046B0EE678AFFF73FFD07EE900AF4EECA
:106E3000C87AF1EE10FAD4ED0B6ACCBF28EE087ACE
:106E400027EEA77AB4EEE67AF1EE10FA76FE876ABC
:106E5000C4ED086AD8F80030646D9C42E0D1214B43
:106E60009861D9F800309C4220D11F4CA36B5BB1D4
:106E7000AE4201D00020984737B1BDEC028BA36B26
:106E80000020BDE8F0471847BDEC028BBDE8F08755
:106E90000029F9D0642928BF64210529354638BF67
:106EA00005215A699142EFD00127A8E7002000F0A0
:106EB00089FA0E4AD9F800301360D8F800209342BE
:106EC000D3D0FFF77BFBD0E7642928BF64210529D5
:106ED00038BF0521B04292D1E3E700BF2025002052
:106EE0009976967EB0380020A8210020282D002019
:106EF000302D0020242D002010B50446282200212A
:106F000017F070FB0B4B4FF0FF3093F88330637634
:106F1000FAF762F9084B627D93F89930C168B3FAC9
:106F200083F35B0963F3410263F3820262752161BB
:106F300010BD00BFBC3000202025002010B5074C3C
:106F4000A3794BB1064A074B0121D3F88C3092F854
:106F5000FC0098470023A37110BD00BF202500202E
:106F6000B4470020C822002070B5002501200B4A3C
:106F70000B4B0C4C0C49DD709571D4F888300870BF
:106F80009847D4F884309847084BB3F8920120B161
:106F90002946E36BBDE87040184770BD20250020EE
:106FA000F0240020C82200202D550020B4470020E6
:106FB00070B50BF0A3FA044600201E4D1E4A1F4E6A
:106FC000D5F8883010709847B6F80831FF2B12D0EA
:106FD000042C08D0F3B9D5F88C300121BDE87040FD
:106FE0004FF000001847D5F88C3096F8FC000121CE
:106FF000BDE870401847124B1B6C4BB9802CEAD08F
:10700000D5F88C304FF00700BDE8704001211847DB
:10701000042CF5D0802CDED000210A48F9F7D2FAF2
:1070200000210848B6F80821F9F746FA044B987190
:1070300070BD00BFC82200202D550020B44700209D
:10704000202500203D6F0010044B187820B1044B20
:10705000986A003818BF0120704700BF2D550020E6
:10706000F024002070B58F4CA36A4BB18E4B2046A4
:10707000D3F8983098470022A3682270002B65D07F
:10708000E36A002B63D0894D95F83830012B00F06E
:10709000C780D4E90313E2691A448A424FF000031F
:1070A000E2610FD9E0784FF0010310F0010F0CBF3F
:1070B00001204FF0FF30521AE261D5F88C200244D3
:1070C000C5F88C20226A60690244914222620FD284
:1070D000E078521A10F0020F0CBF01204FF0FF3081
:1070E0002262D5F8902043F002030244C5F89020B4
:1070F000626AA0690244914262620FD2E078521A39
:1071000010F0040F62620CBF01224FF0FF32D5F87D
:10711000941043F004031144C5F894106A7AA370E4
:10712000D206DBB202D5EA7A1340A370A36823B972
:107130005F4B1A6852681A6070BD013BA360002B58
:10714000FAD15B4B1A6852681A60F5E7E362584A55
:10715000584B16681B689E4200F08880564BF068BA
:107160001A68E662904205D04F4A1860D2F894201F
:107170009047E66AB268A36AB1699342A16064D09D
:10718000E07892F82C1080EA01058842657018BFFB
:10719000E170002B63D093F9301092F93030434DF9
:1071A00099421FBF6B6A43F0005343F480736B62D4
:1071B0000123237092F92D305069002BB8BF92F84B
:1071C0002D30A262B8BF6B77936AE0601BB19B68F9
:1071D000002BFCD19362516A49B13848F9F73CFA67
:1071E00000283ED00023A26AE068E66A53624008A5
:1071F000C4E907006062B36A11696360D940A161A4
:10720000D168D94061619168D940F36A2161F3B1D5
:10721000F169506B984795F83830012B7FF439AFFE
:10722000214BD3F810319847C1077FF532AF0021C9
:10723000234B85F8381003F1600207CA83E8070082
:10724000EB6B43F08003EB6323E7184DD3E7336B1D
:10725000002B3FF419AF316A506B984714E7134D78
:10726000A6E7A36A586A14F09DF8BBE7FFF7A0FEF3
:10727000A36A93F82F204AB1586B837A1D0705D56E
:107280000025104A036B0169D564984700230A4D15
:10729000054AA3622B600421BDE87040126C0A48C5
:1072A000104700BFF0240020C82200202025002025
:1072B000B0470020AC470020702F0020391200108A
:1072C0004C250020F43800205C250020F8B52B4D1B
:1072D000D5F80C3113B1002108469847FFF768FE36
:1072E0000022274B0132082A43E90E2303F1380319
:1072F000F8D109210022DFF8BCC0224BCCE9701C78
:1073000011460132092A43E90D2343F80C1C03F10D
:107310003403F6D14FF00A0E1B4B1C481C4C1D4F7A
:107320001D4EC3F8FC110160502200211B48236050
:10733000C3F8D8313360C3F8D4E1C7F800C017F000
:1073400051F930220021164817F04CF92B6A9FEDB5
:10735000157A07EE903AF8EE677A67EE877A124967
:10736000124AA1FB031312485C0A190ADB09C0ED9B
:10737000007AC2E900419360F8BD00BFC822002036
:10738000384B0020D8450020A4450020CC380020F0
:10739000B0470020304D0020AC470020F4380020DA
:1073A000F024002000007042D34D6210F01F002036
:1073B0006C2F0020004B0020014BD864704700BFA9
:1073C000F438002038B598B1214C236D98472148F6
:1073D000214B01681A684B6893420CBF4FF0010CB7
:1073E0004FF0000C1D4A82F800C012D0E36C9847A1
:1073F0001B48016861B11B4B0024D3ED0B7A67EE8B
:10740000A77AC1ED077A1A78046042F001021A7077
:1074100038BD154D5B68AA68022A16D9ED6AAD69B8
:10742000B2EBD50F11D35A68914204D107E05B68E3
:107430005A688A4203D093F82420022AF7D01969A7
:10744000084A5B68D1620360D0E75B68EBE700BF86
:10745000C8220020AC470020B04700201E55002065
:10746000CC380020F4380020F024002070B51A4CED
:10747000237803F00603022B09D000212378174A52
:1074800023F0050343F004032370116070BD144B17
:10749000144D1B689C46636103F13006AE46DCF870
:1074A0000000DCF80410DCF80820DCF80C300CF1EB
:1074B000100CB445AEE80F0005F11005EED1DCF874
:1074C0000000DCF804106368E2682362E26103C52F
:1074D000A368A361D1E700BFF4380020CC380020B6
:1074E000304D0020F84C002070B51D4C237813F06F
:1074F000020304D1002223701A4B1A6070BD1A4E89
:10750000656906F1300EB4461035BCE80F00F4454D
:1075100006F1100645F8100C45F80C1C45F8082C2F
:1075200045F8043CEFD103CE28606960D4ED077ABA
:10753000F7EE046A0D4A61694FF0030C1160A2690D
:1075400086EEA77AA2600022236AC4ED037A636004
:10755000044B84ED047A84F800C01A6070BD00BF4B
:10756000F4380020CC380020F84C0020304D0020AA
:10757000BA4B9B7ADB0700F15E842DE9F04F2DEDCD
:10758000068B9FEDC29ADFEDB69A9FEDB6AADFEDAE
:10759000B6AADFF8F082DFF8F09283B0D8F80030B6
:1075A000B24D5A68D9F800309A4200F0FA822B683E
:1075B000002B00F09682AE4B1B7803F0FF02002BED
:1075C00040F0EF82D8F80060AA4CC6E90B22296887
:1075D00094ED044A91ED0A1A9FEDAC8A31EE444ACB
:1075E00094ED0E5AB4EEC84AD4ED0F2AF1EE10FA1B
:1075F000F4EE452AD4ED0C4A48BFB0EE494AF1EE0C
:1076000010FA1046F0EE6A6A9FED976AB6EE002A0D
:10761000F0EE417AF1EE640A0CBF4FF0020C4FF02D
:10762000010C954B94ED0B7AD3F800E0D4ED0A8A67
:10763000D4ED0D1AC6F808E094F82430012B00F0C0
:107640006681032BD1ED095A00F03A81002B40F0FE
:10765000818166EEA53AB0EE473AA3EE823AE3EEB8
:10766000667AB4EEE75AF1EE10FA40F3BA8171EEA1
:10767000457A34EE877A77EEA77AC7EE876A38EED6
:10768000268AB4EEC68AF1EE10FA4FF0010200F13C
:1076900009826346B0EE647AF0EE457A1046F4EE65
:1076A000C47AF1EE10FA40F3BC8136EE2A6A76EE27
:1076B000486AF4EEE78AF1EE10FABFD4F0EE471A0A
:1076C000F0EE678A002840F077810AB184F8243010
:1076D000624B9B7A180703D49EF82F30002B3FD0C3
:1076E00091F83820486CD207436840F1F581CA6BA5
:1076F00091ED107ADB68002A00F05A82C96892ED99
:10770000026A07EE901A1A46A368F8EE675AC91A79
:1077100007EE901AF8EE677AC7EEA56AA6EE267A0B
:1077200017EE101A0CF07EFD07EE900A94ED137A16
:10773000B4EE677AF1EE10FA12D02B68586CC36A77
:10774000002B00F08982026B17EE901AC4ED137AB9
:10775000F2629847F061414A937A23F008039372EA
:1077600094ED037A28EE877AFAFE477AFCEEE77A00
:1077700017EE902AA368981AB06120B93749897A20
:107780008F0700F1948307EE903A94ED016AF8EECA
:10779000677A38EE066A77EEC77A384BC6EE275A14
:1077A000D3ED006A65EEA67AFAFE677AFCEEE77A18
:1077B000D5F800C094F824E09CF83810C1F3C01349
:1077C000C90986F8253017EE903A10D0D4ED107A1A
:1077D000D4ED116AE6EE867AAEF10101B1FA81F1DB
:1077E000C4ED107AC6ED057A490986F826102449B9
:1077F0000F689F4240F263810021B16207EE902A38
:10780000E06A86F824E0D4ED0A6AF8EE677AF4EECE
:10781000E86A77EEC77AF1EE10FA67EEA57AD8F843
:107820000010F3604B683061C4ED017ACCED0A8A38
:10783000A260C8F80030FFF6B4AEF5EEC08AF1EEF3
:1078400010FA00F36A83054B9B7A13F0040240F0B0
:1078500070832A60FEF7DAFFA0E600BF2025002033
:1078600017B7D1B817B7D1383EC32E39CC3800205E
:107870001E550020F4380020304D00206C2F0020D1
:10788000F01F0020AC470020B0470020000000009F
:1078900038EE268AB0EE473AB4EEC68AA3EEC23A74
:1078A000F1EE10FA37EE637AE3EE667A40F1B180DA
:1078B000F4EEE78AF1EE10FA76EE486A40F1A28023
:1078C00066EEA53A37EE643AB4EEE33AF1EE10FA1A
:1078D000DED871EE457A34EE877A77EEA77AC7EE76
:1078E000876A38EE268AB4EEC68AF1EE10FA40F1C5
:1078F000C280F4EEC58AF1EE10FA76EE486A40F1E5
:1079000094820122B0EE647AF0EE457A1046F0EEF1
:10791000675AE6EEA05AF4EEE52AF1EE10FA4EDDD3
:1079200077EEE27AC7EEA46A38EE268AB4EEC68A0B
:10793000F1EE10FA40F18880F4EEE82AF1EE10FA48
:1079400076EE486A40F36A82F0EE627A0223012200
:10795000D1ED095A66EEA55AF4EEC75AF1EE10FAC7
:107960001BD5B0EE473AF0EE673AA5EEC23AE3EE29
:10797000663AF4EEE38AF1EE10FA0ED538EE268A76
:10798000B4EEC68AF1EE10FA37EE657A3FD576EEA0
:10799000486AF0EE637A012050E677EEE87A31EE3D
:1079A000877A77EEA77AC7EE876A38EE268AB4EE32
:1079B000C68AF1EE10FA36D5C4ED0B1A85E638EE1C
:1079C000268AB4EEC68AF1EE10FA74D5F4EEE58A92
:1079D000F1EE10FA76EE486A40F18E82F0EE657AAA
:1079E00095E738EE268AB4EEC86AF1EE10FA37EE63
:1079F000237A0EDDF4EEE78AF1EE10FA76EE486AAD
:107A00003FF527AEF0EE471AF0EE678AD4E7F0EEC6
:107A1000637AF4EEC47AF1EE10FA4FF001003FF70A
:107A200044AE48B90AE0F4EEC48AF1EE10FAC3DCC1
:107A3000B0EE617AF0EE687A84ED0B7AF0EE678A48
:107A4000002A7FF443AE43E6F4EEC42AF1EE10FAC6
:107A500040F3C981F4EEE82A36EE2A6AF1EE10FA14
:107A60004FF002034FF0010276EE486A40F33B828A
:107A7000F0EE627AE5E5B4EEC45AF1EE10FA40F3A6
:107A8000BA81F4EEC58A36EE2A6AF1EE10FA76EE85
:107A9000486A3FF536AF0122F0EE641AF0EE458AEF
:107AA000134689E776EE486A6346B0EE647AF0EEF4
:107AB000457A1046FDE5F0EE657A0123EFE54F6863
:107AC0009F4273D88968994294BF0321022188405C
:107AD000B162CB40B06191E683ED009A5FED957A9B
:107AE00024E6C84B9B7A5C077AD5FEF7AFFE0646C4
:107AF0002E60002E55D0C34BC34C93F80AA02378B8
:107B000096ED0A8A13F001000AF0020200F0AB8041
:107B1000BE4991F82011C8075FD559075DD523F0FC
:107B200001032370D6ED097AB6EE007A84ED0A9A45
:107B3000C7EE278A002A57D0022384F82430D6EDD6
:107B4000076AB0EE487AA6EEE87AB4EEE97AF1EE8A
:107B500010FA00F12D81B4EECA7AF1EE10FA48BFA6
:107B60009FEDAB7A84ED0D9A84ED0A7A0AF0C6FC9B
:107B700004280DD0A34C2A68A37A506C1946C3F38D
:107B8000C002837AC3F3C003134363F3C301A1723A
:107B90000022A04B1A701B7803F0FF02002B3FF469
:107BA00011AD03B0BDEC068BBDE8F08F01218EE76F
:107BB0008A8A02F4C072802A07D1D4ED0B6AD4ED10
:107BC000127A27EE267A27EE277A1A4617EE101A2F
:107BD0000CF028FB07EE900AA8E500232370A1E72C
:107BE000FEF73AFE064683E71AF0040F84ED0E8A8C
:107BF00084F8242000F0CC8084ED0D9AB0EE498A00
:107C00003046FEF751FE07EE900A2B6827EEA77A62
:107C1000D3ED076AF4EEC76AF1EE10FAD3ED0A5A13
:107C2000606440F38B8036EEC75AB0EE656AA5EE0D
:107C3000686AB5EEC06AF1EE10FA84ED0E6A40F2A1
:107C4000138137EE487A032367EE287A2063C4ED68
:107C50000F7A84F8243089E7436BC6ED087A3363E2
:107C6000C4ED137A77E5D6F80CC0D6ED0D8A07EE91
:107C700090CAB8EE677AC7EE087AF7EE046A6649EA
:107C800003F0080BB36886EEA77A4FEAC30E0B68C1
:107C90005B680B607168C3F810E0C900D960316897
:107CA000C90099604FEACC015961317CC3ED088A63
:107CB00083ED078AC3ED067A83F82C10716CC4F843
:107CC00008C05963F16CC4ED037A9962B17C83F802
:107CD0002D10717C83F83010B16C96F814C0596285
:107CE000CCF3C00183F82E1052EA0B01B06484ED8E
:107CF000047A84ED109A84ED019A00F0CC80D4EDE2
:107D00000D7A27EEA77AC4ED0B7A86ED077A2178F3
:107D100060F3C3012170CCF3C0115FEADC1C83F86F
:107D20002F1054D0737DDF0756BFB7EE007AF7EE01
:107D3000007AC7EE287AC4ED127AF3E636EEC85A16
:107D4000B0EE656AF6EE004AA5EE286A26EE246AD1
:107D5000B5EEC06AF1EE10FA40DDF4EEC65AF1EE6F
:107D600010FA69DD77EE485A65EEA85AF4EEC65A65
:107D7000F1EE10FAC4ED0F5A62D5F4EE476AF1EE57
:107D800010FA206340F0A680012384F82430EDE649
:107D9000FEF76EFD08EE100AB5EE408AF1EE10FA1D
:107DA00000F1E080F1EEC87AC4ED0D7A2E6827E785
:107DB00077EEA77AE7EEC86AF5EE406AF1EE10FAC0
:107DC00000F1D580F1EEE67AC4ED0D7ACEE6F16BE6
:107DD000003918BF012183F82F10A3E6636B84EDEF
:107DE0000E9A2363C2E6F0EE627A01220223002893
:107DF0007FF422AE22E60122B0EE647AF0EE457AFC
:107E0000134619E620250020F4380020B44700204E
:107E1000000000001E550020304D002008B184ED08
:107E20000B7AF0EE628A022350E4C4ED0B4AF0EEC6
:107E3000458A01234AE47047022384F8243095E6FA
:107E4000D3ED097A77EEA77AA7EE868AB5EE408A57
:107E5000F1EE10FA84ED0F6A84ED0E6A56D4F1EE5D
:107E6000C87AC4ED0C7A81E6022284F82420D3ED8E
:107E7000097A77EEA77AE5EEE76AF5EE406AF1EE69
:107E800010FA68D4F1EEE67A2378C4ED0D7A43F067
:107E9000080323706AE696ED077AB5EE407AF1EEB4
:107EA00010FA4BD4F1EEC77AC4ED0B7A33E7334BBB
:107EB000334A93F8203141F001019172D9077FF5DF
:107EC00070AE23785A073FF56CAE237843F0020377
:107ED000237066E6D4ED0E7A37EE667AE7EE687ABE
:107EE000C4ED0E7A42E6F0EE471AF0EE628A002800
:107EF0007FF462ADFFF7E9BBF0EE471AF0EE658A5A
:107F0000012300287FF458ADFFF7DFBB18EE100AFD
:107F100017F022FB07EE900AA3E71949174A8B7A5C
:107F200092F8202143F001038B72D3077FF539AE1D
:107F3000C7E7134A43F00103937232E617EE100AC3
:107F4000CDE9003217F008FBDDE9003207EE900AB8
:107F500096F814C0A8E716EE900A17F0FDFA07EE9F
:107F6000900A91E717F0F8FA07EE900A1CE716EE70
:107F7000900A17F0F1FA07EE900A25E7B4470020BF
:107F80002025002008B50AF0B9FA10F07C0F16BFC2
:107F9000014B0020D86A08BDF438002008B50A4B10
:107FA0009B6A13B193F9300008BD084B93F8293050
:107FB000012B05D1FEF750FC10B190F9110008BD5E
:107FC0004FF0FF3008BD00BFF02400202025002026
:107FD00038B52F4BD3F8D03098470D2833DC431CED
:107FE00023DB431C0E2B3CD8DFE803F01E3B3B3B5E
:107FF0003B3B3B3B3B2F3B083B3B08000022254DD6
:10800000254C2B68E2542078002834D10023234AE1
:10801000237082F88200224A2B60926890472B6876
:1080200053B900231F4A137038BD1A4D2B6833BB58
:10803000194C5A1C2A60E0542378A3F12403B3FAA4
:1080400083F35B09EEE77F280BD1124A1368002BFC
:10805000E7D00021104C013B1360E154002BEBD121
:10806000DFE70C4D2B6853B92028DAD001230A4CE6
:108070002B602070E0E7242805D00920C6E7FF2BFD
:10808000D6D9054CD8E7204604F0ACFABEE700BFCD
:10809000C8220020042F002088360020BC30002099
:1080A000A821002024550020154B1B780BB100207F
:1080B000704710B504460AF021FAD0B9114BDB6BBA
:1080C0001B060ED4104B93F87C2062B11B7E53B973
:1080D0002378242B07D163784A2B04D1A3783D2B36
:1080E00001D1002010BD2146054816F08DFF01206A
:1080F00010BD0AF003FA40F221231842DED1F0E766
:108100001454002020250020BC30002010B5094C5C
:1081100023780BB9637803B110BDFEF79DFB0028EF
:10812000FAD0054B04F13C000221BDE810401B6C65
:10813000184700BF20250020C82200202DE9F84361
:10814000A64C236C43B1A64F0021BB6C04F1400048
:108150009847804600284DD10026E36B33B1A04FED
:108160000021BB6C9F489847054600BB9E4E356D6D
:108170000AF0C4F9A84794F82030DF0740F1D9800D
:1081800013F0040800F0CC80990740F18C800AF0CD
:10819000B5F910F0FC0F40F08380237813B1002074
:1081A000BDE8F883607880F00100BDE8F883C0F393
:1081B0004013237110F0200340F00182C20600F149
:1081C0001F81894EEF0700F12582E80400F11F822C
:1081D000A90400F119822A0500F113826B0400F151
:1081E0000D8225F4F04020F011000028BFD00AF0E5
:1081F00097FBBCE7E66B5FFA80F9C6F3401216F016
:108200002006227140F0B881484604F0A5FBB9F180
:10821000110F00F2D181754B23FA09F3DB0740F10E
:10822000CB810125BB6C414671486F4E6571984703
:10823000B9F10A0FF36800F03782B9F1110F40F07D
:1082400001821020984700236A4A6B4913700B6023
:10825000D7F8D430984720217B6C624898470EE0CD
:10826000E36BDD0705D501217B6C5E48984706F07E
:1082700009FFFFF7ADFE4FF48070336D9847E36B55
:10828000C3F3401298062270EAD5FB6E984710F4AB
:10829000A075E5D12946BB6C5548984728467FE72D
:1082A000FFF766F979E709F0BDFE054600283FF4BF
:1082B0006EAFDFF848814A4F98F819900BE0A12D76
:1082C00040F0688197F8E6319A0700F16A8109F079
:1082D000A9FE054698B1A02DF1D197F8E631DB074C
:1082E000F5D50AF00BF9002840F0CA816FEA0903BE
:1082F00063F3000909F096FE05460028EBD198F8D3
:1083000019305FFA89F29A423FF441AF4846F8F7D4
:1083100077FFB36B002B3FF43AAF2846984736E718
:1083200009F060FE0546002840F0C68094F8203031
:108330002AE709F037FE98B1D4E9045790380728A6
:1083400045D8DFE800F004433B332B2219106425A5
:1083500009F028FE0028F1D139462846FEF736FDFF
:1083600094F820300CE7C82D28BFC8250A2D4FF0FF
:10837000190738BF0A25EBE7C82D28BFC8250A2DE5
:108380004FF0320738BF0A25E2E7C82D28BFC825BD
:108390000A2D4FF0640738BF0A25D9E7013DC82DE3
:1083A00028BFC8250A2D38BF0A25D1E70135C82DB9
:1083B00028BFC8250A2D38BF0A25C9E70A3DC82DA0
:1083C00028BFC8250A2D38BF0A25C1E70A35C82DA0
:1083D00028BFC8250A2D38BF0A25B9E72025002067
:1083E000C82200205C250020A821002006040200ED
:1083F0006025002088360020042F0020BC3000209B
:10840000227A012163F3451222720022A37284F8BA
:10841000203094F91D30DFF8D082002BB8BF98F8D7
:108420002C306170B8BF637788F88020D7F8783136
:108430009847607A10F0010007D1D7F8E03023B1F7
:10844000984710B1D7F8D8309847637AE27923F08B
:1084500001036372002A00F0F080FEF7F5FD034689
:10846000E079E37004F078FA00239B4EE371012079
:10847000F8F7D2FDFEF742F9FEF728FFFEF766FC9B
:108480009649974804F008FAF8F7AAFE4FF0000062
:10849000F8F7B6FE09F0D6FD0AF030F8012800F032
:1084A000F680FB6E9847C0F3C00080010AF02CF8FC
:1084B000F3681620984785E64FF0FF30F8F78CFEFA
:1084C000D0F80C90D9F80430DF68A5F19903052B9A
:1084D00000F2F680DFE803F00348403830276427D5
:1084E00009F080FD05460028EFD1394648460BF0DB
:1084F000FBFCB8F1000F3FF419AF09F0FFFF1028A3
:108500007FF414AF4FF0FF30F8F766FE0378DD0715
:108510007FF50CAF227F002A40F0C980022294F838
:108520002030227730E6C82F28BFC8270A2F38BF4F
:108530000A2788F00108D3E7013FC82F28BFC827C2
:108540000A2F38BF0A27CBE70137C82F28BFC82713
:108550000A2F38BF0A27C3E70A3FC82F28BFC827FA
:108560000A2F38BF0A27BBE70A37C82F28BFC827FA
:108570000A2F38BF0A27B3E70BF08AFE7B6F4FF054
:1085800000009847484604F0E7F9D7F87831984753
:1085900001263CE6B36D002B3FF499AEE8B2984754
:1085A00095E609F0ABFF002864D1C9F3400383F0DE
:1085B000010363F341098AE600236371CDE5002ED0
:1085C0006CD0FB6E9847C0F3801383F0010310F06A
:1085D0004005237021D0D7F8D43098470A2004F002
:1085E000BBF93D4B0C20DB68984716B9D7F87831BA
:1085F0009847207880F00100BDE8F883F8F71EFB6B
:10860000EFE507F079FFE9E505F09CFDE3E505F00E
:1086100037FFDDE506F036FDD7E5FB6E9847C1056F
:10862000E3D5D7F8D43025709847112004F094F999
:10863000294B1020DB689847D7E7FEF705FD20B9E6
:10864000254E14E728469847FDE580200AF068F992
:10865000214EFEF78DFFD6F8508009F04FFFC0473E
:10866000FEF7F2FC0028F4D10146BB6C1D48984788
:108670000543FCE609F042FF10F0180F95D126E6FD
:1086800009F03CFF10F0180F7FF430AE1FE694F8AD
:1086900080300B3B022B7FF695AD02E70BF0F8FD27
:1086A00030467B6F98478CE70C209847CBE5D00786
:1086B0007FF53CAE42F0040294F82030227763E567
:1086C000B36D0BB1E8B29847C82F28BFC8270A2F4F
:1086D00038BF0A2704E700BFA8210020AC250020EE
:1086E000243100205C250020BC300020F8B5FFF7C5
:1086F00025FD40B92E4C23781BB9607880F001002D
:10870000F8BD0020F8BD09F0F9FE294C0546A37814
:108710008BB95DB9274B1B78002BECD0264B93F817
:108720007C30002BE7D10CF01BFAE4E740F2011398
:108730001D42EFD1DFE780280CBF012300236371C6
:1087400029D01E4F1E4E08E096F810311B071CD48E
:10875000FFF7F4FCA378002BDBD02378002BD8D1D3
:108760006379ABB90AF0C6FB09F0C8FE4028EBD12B
:10877000FB6E98470207E7D43B6C4FF40041114869
:10878000984796F810311B07E2D50DF09FFADFE706
:10879000FFF71EFCE6E700230B49084A0B480B7065
:1087A000D2F8D42003609047A378002BC9D1A2E768
:1087B0002025002058490020BC300020C82200207D
:1087C000B44700205C25002088360020042F0020BC
:1087D0002DE9F04FDFF85C9285B099F88000102801
:1087E00000F068828B4CE36E984742064BD4E36EF0
:1087F0009847C30500F16582874D95F814319F06AF
:1088000004D5E36E9847460400F16B8209F07CFBC7
:108810000646002840F05D8295F81A3103F0030304
:10882000032B00F06F8299F881303BB195F810313D
:10883000990610D4E36E9847C2070CD409F05EFE87
:1088400010F0810000F0778299F880300B2B04BF84
:10885000002389F88030012009F056FE6F4B02207A
:10886000DB68984799F88130C3B100250BF010FD03
:108870002846636F98474FF480416948236C89F814
:10888000815098470AE00A2004F066F8634B0C20F8
:10889000DB68984799F88130002BE6D100231D460C
:1088A0009846604F604EDFF890A1DFF870B13B70E2
:1088B00033608AF80030D4F8D0309847421C034621
:1088C0001B2A0FD8DFE802F0470E0E0E0E0E0E0E1A
:1088D0000E800E390E0E390E0E0E0E0E0E0E0E0EF0
:1088E0000E6E0EC53168002940F04681202BE2DD76
:1088F0003B2B00F36C81232B40F36E81A3F1240208
:10890000172A00F2B980DFE812F00B01B700B700B8
:10891000B700F400B000B700B700B700B700B70069
:10892000B700B700B700B700B700B700B700B7008F
:10893000B700B700B700B700EC003268002A40F07B
:10894000F780B8F1000F00F0F380984500F0F08058
:108950004FF00008AFE73B787BB1242B00F01B8180
:1089600009F0CCFD40F22113184200F02C810920BF
:10897000DBF80830984700233B70FFF7C7FBFFF791
:10898000B5FE20B999F80030002B40F0418100225B
:10899000214B89F8012093F810311B078BD50DF07E
:1089A00095F988E70023214A1D463B708AF800307C
:1089B000336082F8823009F0A1FD2028C8D18021DF
:1089C000236C17489847C3E7316800293FF473AF19
:1089D0000020174A01395054137805463160002BA6
:1089E00000F0ED80014601203B2B27D8232B28D90E
:1089F000243B172B25D8DFE803F0232424245D57DC
:108A00002424242424242424242424242424242426
:108A1000244C00BFC8220020B4470020A821002019
:108A20005C25002014540020042F0020BC300020BE
:108A30008836002020250020245500205B2B00D103
:108A4000014312F8013F0020002BCDD18AF800101D
:108A500031E7DBF8F030002B3FF42DAFA54AD4F816
:108A6000040192F88210984725E715F0040203D11B
:108A70008AF8002062F34105FF298CBF0122002201
:108A800062F300053FF617AF9B4A53540131316042
:108A900011E7A807D5D445F0040512F8013F0021DD
:108AA0000020002BA0D1D1E715F00403C9D163F356
:108AB0004105F2E70029C4D194F8D631E9B219434F
:108AC000C5F3800383F00103C1F3800163F3410523
:108AD00012F8013F81F001010020C9B2002B83D1BF
:108AE000B4E715F00202C7D18AF8002045F004056A
:108AF000C2E79AF80020002ABED1C5F3800282F0B6
:108B0000010205F0040062F341050028B4D194F895
:108B1000D621C2F3800282F001028AF80020ABE77E
:108B20000029A9D1012225F001058AF80020ABE730
:108B30000093FFF7DBFD009B002869D000206E4A00
:108B4000316815F0010850541FD00B21694A82F892
:108B500082105FFA83F8B9F800300093002B7FF49D
:108B6000FAAEDBF8081092F882008847009B1D4699
:108B70008AF8003033609EE61F2B7FF79CAE3B2BBC
:108B80002DDC232B3FF7BAAE76E7117839B9594A75
:108B900082F88210DDE7384603F024FDEBE6242955
:108BA00052D05B2922D15549D1F89C10F1B1104621
:108BB000009388474F4A009B82F88200C9E7194614
:108BC0008AF8001077E63846F8F75EFCD3E65B2BB0
:108BD000A8D07F2B3FF46FAE61F3000554E75B2B09
:108BE0003FF44AAF7F2B3FF4F3AE45E7CDE90032C7
:108BF00009F084FC40F221110842009B12D0019A36
:108C00001178252936D009213A4A82F88210A0E746
:108C100099F80800C0F3C00080F00100C0B205B0B0
:108C2000BDE8F08F334A92F8821009B1282990D11B
:108C30003148CDE90032F8F727FC019A009B82F811
:108C40008200002885D086E71046009303F0CAFC16
:108C5000284A2D28009B82F882007FF47AAF0C20EE
:108C6000019203F079FE25490720C9688847DDE9AC
:108C700000326EE792F80180B8F1000FC3D109F01D
:108C80003DFC40F201121042009BBCD0194A1B4926
:108C900092F87C00D1F8E81080F0010082F8828020
:108CA00082F87C0000293FF454AF01928847DDE947
:108CB00000324EE70023124C89F8803003F04CFE5E
:108CC000E8E5112003F048FE0C4B1020DB689847C4
:108CD000E0E50B2003F040FE084B0D20DB689847D1
:108CE000D8E50D2003F038FE044B1520DB689847CB
:108CF000D0E500BFBC30002088360020A82100202D
:108D0000C8220020E36D984708F074FC99F8983069
:108D100003423FF488AD99F880300C2B03D1E36E09
:108D20009847400525D40C2003F016FE134B07206E
:108D3000DB689847AEE509F0E7FB94F8DC311B07E8
:108D40000DD595F83431DF0709D4E36E984706074F
:108D500005D54021236C0A489847FFF7C7FC95F8D2
:108D6000833113F004017FF495AD0648F7F774FCE6
:108D700090E5304609F0C8FB8CE500BFA821002033
:108D80005C250020EDC4001038B5FFF7BFF90F4B8C
:108D90000F4D1B7E6A7AB3FA83F35B0963F3820299
:108DA0006A7202E0FDF758FD50B1FFF79FFC0446E0
:108DB0000028F7D16B7A204623F004036B7238BD8C
:108DC00009F09CFB0828F0D0F4E700BFBC3000207D
:108DD00020250020C31E70B50446A12B00F2A480FC
:108DE000DFE813F07A01A200EE00A200A200A200C8
:108DF000A200AF00A200A200AF00A200A200A20049
:108E0000A200A200A2004C01A200A200A2009E01AA
:108E10009201A200A200A200A200A200A200A20051
:108E2000A200A200A2008201A200A200A200A20051
:108E3000A200A200A200A200A200A200A200A20022
:108E4000A200A200A200A200A200A200A200A20012
:108E5000A200A200A200A200A200A200A200A20002
:108E6000A200A200A200A200A200A200A200A200F2
:108E7000A200A200A200A200A200A200A200A200E2
:108E8000A200A200A200A200A200A200A200A200D2
:108E9000A200A200A200A200A200A200A200A200C2
:108EA000A200A200A200A200A200A200A200A200B2
:108EB000A200A200A200A200A200A200A200A200A2
:108EC000A200A200A200A200A200A200A200A20092
:108ED000A200A200A200A200A200A200A200EE0036
:108EE000C800DF0057010801F800A2001C01A7011B
:108EF0003B01EB0073016501A200A200A200E500A6
:108F0000E500E500E500E500E500E500E500A2007C
:108F1000E800E800E800E800E800E800A200EB0054
:108F2000EB005E01A20012011F2800F21681082842
:108F300000F0D0809C4BD3F890304BB3204698473C
:108F400030BB9A4B9A4D187880F001007E2C94BF6C
:108F5000002000F00100A4F11B04B4FA84F46409B9
:108F60002C7070BD30B1934B93F8100110F040009D
:108F700000F00B81904B02211B6C90489847002118
:108F8000894B8F4AD3F88C3082F8801003B1984710
:108F9000A4F11B04B4FA84F4854D640901202C70FB
:108FA00070BD854B08211B6C84489847F0E708F09A
:108FB000E9FFEDE709F006F8EAE709F023F8E7E74B
:108FC0008048437A9907E3D47B4B01211B6C3C30EA
:108FD0009847DDE70021784B7B4AD3F8D830116001
:108FE0009847714BD3F8D450002DD1D009F086FAB0
:108FF000A847CDE709F082FA4028A2D06E4B402165
:109000001B6C6E489847C3E76B4BD3F81831002BA5
:1090100060D09847654B664D187895E7694D664E68
:109020006A6C95F825300132D6F81421B4BF0021BE
:109030000121003A18BF0122C3F380039B0243EAD7
:10904000C123624843EA8243184303F0CDFC012167
:10905000336C05F13C0098479AE7574B534A93F815
:10906000DD3110781B0776D45649514D0B7ADA431F
:10907000C2F3C01262F3C7130B7265E74C4D2B7835
:1090800023B14D4BD3F8BC3103B19847474B187807
:109090005AE7494B4FF480511B6C4848984777E793
:1090A000454B4FF400611B6C4448984770E7414BB7
:1090B0009B8A7BB1434A537A1946C3F3400383F03A
:1090C000010363F34101517262E73B4B93F8B43003
:1090D000012B7DD0364DD9E7FDF7D6F8394A137A02
:1090E00043F00803137253E7374B1B68002BF1D191
:1090F000304A2E4B92F810012D4DC0F3801080F0B5
:109100000100C0B218701FE72B4D10212B6C2B48AB
:10911000984700212C4AD5F8D8301160984737E796
:10912000254BDB6E984740063FF532AFFDF7ACF8B4
:109130002EE7214B1D4A93F8DC3110789A060AD4A9
:1091400020491B4D0B7AC3F3801282F0010262F3B7
:1091500086130B72F8E6164DF6E680F080033F2B7F
:109160007FF6E8AE114B3F2C187810D07E2C3FF4E0
:10917000F9AE212CEFD100283FF413AF0D4B93F83B
:10918000100110F040007FF40CAF094DE3E628B168
:10919000084B93F8100110F04000F6D0064B012167
:1091A0001B6C06489847F3E6A821002024550020B0
:1091B0001D550020B4470020C82200205C25002057
:1091C000BC30002020250020042F0020FFF3038066
:1091D00000210248F7F740FADAE600BFDD37011058
:1091E00001207047024B0020C3F80011704700BFF8
:1091F000B4470020154A10B5D2F80C4124B3144BE3
:1092000093F8140161F3000083F8140192F8D70178
:10921000C00710D492F9D621002A07DA93F8152155
:10922000C1F3800161F3820283F815210021084611
:10923000A047002010BD93F81401C1F3400C6CF35B
:10924000861083F81401E5E7352010BDC822002000
:10925000B4470020084BD3F8A03053B110B500201C
:109260000C4698470146054B2140002083F8FA1030
:1092700010BD3520704700BFC8220020B447002031
:109280000B4610B5054A064C18460121D2F88C2031
:1092900084F8FC309047002010BD00BFC822002099
:1092A000B4470020054B89B2998221B9044B5A7A00
:1092B00061F341025A720020704700BFB44700209A
:1092C00020250020024B0020A3F80C11704700BF9E
:1092D000B44700200020091A18BF0121034B93F85E
:1092E000A92061F3000283F8A9207047B447002049
:1092F000CB0711D507291AD80E4AC1F3800092F87E
:10930000A930C1F3400141EA400123F007031943AA
:10931000002082F8A9107047064A002092F8A93070
:1093200023F0070343F0040382F8A9307047342088
:10933000704700BFB4470020034691F9012090F91F
:109340000000904205BF5B78012000200B70704741
:10935000054A064BB2F8DC210020114021F480615F
:10936000A3F89210704700BFC8220020B447002025
:109370000D4AD2F80C31A3B10C4B92F8D70193F8F7
:10938000142161F3410283F81421C20707D593F831
:109390001421C1F3400161F3C71283F814210020A6
:1093A00070473520704700BFC8220020B447002016
:1093B0000023144A10B492F81D11134C84F899300C
:1093C00079B10323013B21FA03F0C00706D5D2EDA2
:1093D0001F7AF5EEC07AF1EE10FA05D4203A002B90
:1093E000F0D15DF8044B70474FF0010C94F89900F0
:1093F0000CFA03FC40EA0C0084F89900203A002B98
:10940000E0D1EEE7B447002020250020094B93F877
:10941000DC315B060BD5B1FA81F1074B490993F8B2
:109420001121002061F3C71283F811217047352004
:10943000704700BFC8220020B44700200020091A4E
:1094400018BF0121034B93F8122161F3041283F832
:1094500012217047B4470020154B01F0010093F82A
:109460001A2110B560F3000283F81A2111F00102ED
:1094700016D0C1F3400193F81A210E4C61F341025A
:1094800012F0010C18BF4FF0070C83F81A210A4B99
:109490004FF000019B6D84F898C09847002010BDE4
:1094A00093F81A41114662F3041483F81A41E2E773
:1094B000B447002020250020C8220020094B19B104
:1094C00093F88221D2070AD5003918BF012193F8F9
:1094D0001A21002061F3820283F81A2170470A20C2
:1094E000704700BFB44700200020091A18BF0121AF
:1094F000034B93F8102161F3861283F81021704713
:10950000B447002011F00103034A18BF01F007031C
:10951000002082F820317047B44700200020091A4B
:1095200018BF0121034B93F8102161F3410283F826
:1095300010217047B447002010B40E4C024694F836
:10954000833113F002000AD1182A0CD0192A07D14E
:10955000C4F88410616661645DF8044B704735207F
:109560005DF8044B7047C4F88810A166A1645DF8EB
:10957000044B7047B44700200020091A18BF01218E
:10958000034B93F8102161F3C30283F81021704755
:10959000B447002010B4094C01F0010394F81021E5
:1095A000C1F340011B0102F06F0243EAC1131343F0
:1095B000002084F810315DF8044B7047B447002058
:1095C00000B56FEA010E0A4BC1F3400193F812C1D6
:1095D00093F8822181F0010161F3410C6EF3C7120F
:1095E00083F812C1002083F882215DF804FB00BFDC
:1095F000B44700200020091A18BF0121034B93F83B
:10960000112161F3410283F811217047B447002012
:109610000020091A18BF0121034B93F8102161F3B0
:10962000451283F810217047B44700201F4A01F00B
:109630000103B2F81401C1F3800C1B0143EA4C137F
:10964000C1F3400C20F4987043EA0C230343A2F8C2
:10965000143111F0080305D0154890F8D73113F0F4
:10966000010316D192F8150111F0100163F34100C6
:1096700082F8150105D00E4B93F9D61100290EDBA7
:10968000002192F81531002061F3C30382F81531EF
:109690007047D0F81431003B18BF0123E2E7D3F83C
:1096A0001411003918BF0121EBE700BFB4470020B7
:1096B000C8220020044B93F8D60110F002000ABF24
:1096C000024B0320D9627047C8220020B447002013
:1096D0000F4B93F8D60110F0020017D1CB4310B412
:1096E0000C4C9B03D4F81021C1F3400C03F48043CD
:1096F000C1F3800143EA8C4322F4442243EAC1438C
:109700001343C4F810315DF8044B704703207047D1
:10971000C8220020B447002040F21B23984207EEE5
:10972000901A2DD0B0F5077F12D2B0F5AA7F20D0C5
:10973000B0F5C57F1BD19FED197A67EE877AFCEEF5
:10974000E77A17EE902A164B0020A3F8A020704766
:1097500040F2A12398420AD19FED107A67EE877AF2
:10976000FCEEE77A17EE902A0D4BA3F89820002024
:1097700070470B4B0020C3F8C410C3F8A410704707
:109780009FED067A67EE877AFCEEE77A17EE902A6D
:10979000034B0020A3F8A220704700BF00007A44CA
:1097A000B44700200346014803617047A8500020D9
:1097B00000B2704710B50B46002482B0094801A9D9
:1097C0008DF805308DF804400AF016FB38B12046BC
:1097D000054B9DF8042083F89D2002B010BD342075
:1097E00002B010BD39930010B447002010B50B46ED
:1097F000002482B00B4801A98DF805308DF8044093
:109800000AF0FAFA10B9342002B010BD064B9DF8E8
:1098100004209DF9050083F89C200AF0D1FA204627
:1098200002B010BD39930010B44700200A4B10B5A8
:1098300093F8D60110F002040AD1D3F8E0303BB11E
:10984000042905D8054B19770DF076F8204610BD90
:109850000324204610BD00BFC8220020B4470020CA
:1098600008B5044B034483F85A1108F037FB002075
:1098700008BD00BFB4470020CBB2012B10B50C4689
:109880000BD0022B02D08BB90A4A537101220A492C
:109890000A4B0C7600201A7010BD00200AF0DEF989
:1098A000030705D50022034B5A71EFE7032010BDD3
:1098B000112010BDBC300020B447002026550020E8
:1098C00010B5C9B20A4C4B0784F8A81001D4002087
:1098D00010BD00200AF0C2F910F01003F7D194F87F
:1098E000A820352063F3820284F8A82010BD00BFB1
:1098F000B447002010B5474C237E012B00F0828036
:1099000040F2CA32E38A94ED407A1E3B9BB2934206
:1099100088BF2323404A88BFE382D2ED077A92F9B9
:10992000D431B4EEE77A002BA4BF0023A4F89E3014
:10993000F1EE10FAD36A48BFC4ED407AF3B107EEF6
:10994000903ADFED365AB8EE677A324BA3F16001F8
:10995000D3ED1C6AD3ED1D7A66EEA77A87EEA56A71
:10996000B4EEC76AF1EE10FA05DD27EE256AC6EE01
:10997000267AC3ED1D7A203B8B42E9D1237F042B4D
:1099800007D9032194F81231217743F0080384F8B2
:10999000123192F9D631002B28DB002194F8150101
:1099A00092F8D73161F3C30013F0010384F8150175
:1099B00009D0D2F81421C3B2C3F34003002A0CBF6C
:1099C000002303F0010394F81501B4F89010B4F8E3
:1099D000922063F3410041F4806122F4806384F8B3
:1099E0001501A4F89010A4F8923010BD94F8151148
:1099F000D2F81431C1F3C001002B0CBF002101F0DB
:109A00000101CBE700200AF029F910F0080008BF97
:109A1000207675E7B4470020C8220020000070427D
:109A2000064A08B5B2F8DC21054B114041F48061CB
:109A3000A3F8901002F06AFC002008BDC8220020A4
:109A4000B4470020003918BF012108B5064B93F830
:109A5000102161F3000283F8102104F0B7F902F03D
:109A6000FBFE002008BD00BFB4470020002875D0D1
:109A700008B50388B3F5C67F49D2B3F5AA7F80F055
:109A80008780412B00F22A81052B65D9063B3B2BB1
:109A900062D8DFE813F01C01610058016501610024
:109AA000610061006100390161005201390161000A
:109AB0001C016100610061006100610061006100E2
:109AC000610061006100420142016100160116015E
:109AD0001601160161004D0161006100F500F500FD
:109AE000610061006100610061006100610061006E
:109AF00061006100610061006100F500F500F500A2
:109B0000F500F500F5007201610061001C0140F2F2
:109B10008A22934200F06C8121D8B3F5F27F00F0E5
:109B200070810ED840F2E112934200F0C380B3F589
:109B3000F17F11D1BC4BD3F83C01003818BF012094
:109B400008BD40F20722934240F02081B64B93F9C2
:109B5000D431002BC0F21381002008BD7047B3F54B
:109B60003A7F80F0398140F2E522934200F255813C
:109B700040F29F22934200F0928040F2A122934251
:109B8000EAD1A94B93F8E601003818BF012008BDBF
:109B9000A3F5AA73372BDFD801A252F823F000BF38
:109BA000279D00108D9C00108D9C00108D9C001036
:109BB0008D9C00108D9C00108D9C0010EF9C00105F
:109BC000EF9C0010EF9C0010599B0010599B001057
:109BD000599B0010599B0010599B0010599B001075
:109BE000599B0010599B0010599B0010599B001065
:109BF000599B0010599B0010599B0010599B001055
:109C0000599B0010599B0010599B0010599B001044
:109C1000599B0010599B0010599B0010599B001034
:109C2000599B0010599B0010599B0010599B001024
:109C3000599B0010599B0010599B0010599B001014
:109C4000599B0010599B0010599B0010599B001004
:109C5000599B0010599B0010599B0010599B0010F4
:109C6000599B0010599B0010599B0010599B0010E4
:109C7000B39D0010A39D0010979D00107F9D0010C4
:109C8000694B93F8DC01C0F3C00008BD664B93F844
:109C9000D601C0F3400080F00100C0B208BD624BA5
:109CA000586E00283FF44CAF93F8E401003818BF19
:109CB000012008BD5C4BD3F8B001003818BF01206B
:109CC00008BD594B93F8D601C0F3001008BD564BA0
:109CD000D3F81001003818BF012008BDB42B00F0E4
:109CE0009680BE2B00F09380AA2B7FF435AF4E4BAD
:109CF000D3F8A030002B3FF42FAF01209847C0B21B
:109D0000003818BF012008BD474BB3F8DC0120F430
:109D10008040003818BF012008BD002009F09EFFD8
:109D200000F0010008BD012009F098FF430724D48A
:109D30003D4B93F8D401C00908BD002009F08EFF07
:109D4000C0F3002008BD384BD3F8A030002B3FF4FF
:109D500003AF00209847C0B2003818BF012008BDEB
:109D6000314B93F8D60110F010003FF4E9AE00201B
:109D700009F074FFC0F3C00008BD012008BD0AF05F
:109D800091F8012894BF0020012008BD40F21B2259
:109D900093427FF4E1AE0AF085F8003818BF012045
:109DA00008BD214B93F8DC0110F008007FF4EAAE07
:109DB00008BD1D4B93F8DC311A077FF5CDAE0AF0D4
:109DC00071F800283FF4C8AE012009F047FF80F089
:109DD0000400C0F3800008BDA3F53A73012B3FF6E1
:109DE000BBAE114B93F8E901003818BF012008BD44
:109DF0000D4B93F8D50100F00600003818BF012084
:109E000008BD094B93F8DC01C0F3801008BD074B77
:109E100093F88301C0F3400008BD034B93F8E701BA
:109E2000003818BF012008BDC8220020B447002018
:109E3000412844D8052840D9831F3B2B3DD8DFE873
:109E400013F0F5003C00F100E500E1003C003C00AF
:109E5000DB00D1003C00CD00C9003C00B900B200DD
:109E6000A30098003C003C003C003C003C003C004F
:109E70003C003C003C0095003C003C003C003C00A9
:109E800091003C008B00360148013C003C007D0005
:109E90007D007D007D007D007D003C003C003C009D
:109EA0003C003C003C003C003C003C003C004201CB
:109EB0003C003C012D0127010F010020704740F2BA
:109EC000E113984200F0318100B5B0F5F17F83B025
:109ED0001DD2B0F5C07F00F02B8100F2FE8040F271
:109EE000551398422FD0B0F5AD7F40F02781964BA7
:109EF00093F8120193F811314008C3F3801383F0F3
:109F0000010300F00600184303B05DF804FB40F2C3
:109F10000723984200F0FF80B0F5027F80F0EB80CD
:109F2000B0F5F27F12D040F2E513984240F006817E
:109F3000854B93F81201C0F30010E5E7824B034410
:109F400093F85A017047804B187FDDE77E4B93F9F9
:109F50001101C043C00FD7E77B4B93F81001C0F34A
:109F600080107047784B93F8FC007047764B187E52
:109F70007047754A92F81A31B2F88201C3F3C003F0
:109F800063F3041080B270476F4B93F81A3113F0EB
:109F900001001ED0980800F0040003F002031843EB
:109FA00040F001007047684B93F81D01003818BF5E
:109FB00001207047654A644B92F8D72193F8140149
:109FC000D207C0F3400004D593F91431002BC0F23E
:109FD000B78070475C4BB3F8920070475A4B93F8C8
:109FE000A8007047584A594BB2F89000B3F8DC31DA
:109FF000184020F480607047534B93F8100100F034
:10A0000001007047504BB3F80C0170474E4B93F86A
:10A01000A93059073FF551AF580000F0060040F055
:10A0200001007047484B93F8FA007047474B464988
:10A0300093F8D7C191F814211CF0010F02F0010030
:10A0400003D0520648BF40F0020093F9D631002BEE
:10A05000BFDA91F815315907BBD540F004007047BD
:10A06000394B93F8142193F81531C2F3401003F0E3
:10A070000101800040EA4100C2F300121043C3F323
:10A08000400240EAC200C3F3C00340EA0310704735
:10A090002D4B93F81001C0F3401070472A4B93F8F2
:10A0A0001001C309C0F3001040EA43007047264B7B
:10A0B00093F81A01C0F380007047234B93F8100106
:10A0C000C0F3C0007047204B93F81001C0F340006C
:10A0D00070471D4B93F82001704740F28B13984254
:10A0E0002CD1194B0DF1070193F89C0009F020FECB
:10A0F0009DF9070008E7B0F5297F1FD1124B93F8AF
:10A10000120193F98231C04300F00200002BA8BF76
:10A1100040F00100F8E60C4B0DF1070193F89D00AB
:10A1200009F006FE9DF90700EEE6074B988A704796
:10A13000054B93F81101C0F34000E5E60020E3E68B
:10A1400040F00200704700BFB4470020C822002042
:10A150000022044B0120C3E90022C3E902221A6154
:10A16000704700BFA850002010B52DED028B0023D2
:10A170000446406982B008EE101A019370B36A4633
:10A1800001A906F0F9FA20B3DDED007AF4EEC87A01
:10A19000F1EE10FA08D994F82C309B0725D5B5EECE
:10A1A000408AF1EE10FA20D1A06968B100236A4616
:10A1B00001A9019306F0E0FA58B1DDED007AF4EE62
:10A1C000C87AF1EE10FA10D4002002B0BDEC028B78
:10A1D00010BD022002B0BDEC028B10BDB5EEC08AEE
:10A1E000F1EE10FAE0D50420F4E7342002B0BDEC23
:10A1F000028B10BD08B51349134B0A6818689042CA
:10A200000FD007C983E8070050221049104814F006
:10A21000BBF920B150220D490D4814F057FF012021
:10A2200008BD58684A689042EBD198688A689042A5
:10A23000E7D1502206480C3114F0A6F90028EFD0DF
:10A24000E8E700BF50480020404A00205C4800205A
:10A25000EC49002070B5044630B10F4B1B68CBB100
:10A260002046BDE8704018470C4DFFF743FB6B7A62
:10A270001B07F2D507F048FE0028EED06B7A0B20C2
:10A2800064F3C3036B7202F067FB054B0D20DB68C0
:10A290009847E2E770BD00BF00380020202500206D
:10A2A000A8210020F8B5A0F165035C2B2DED028BF1
:10A2B00008EE101A40F28C806FF4487283185C2B01
:10A2C00003D8BDEC028B3520F8BDA0F1C9035C2B8F
:10A2D000F7D96FF4C873C318302BF2D96FF4167C1A
:10A2E00000EB0C03262BECD96FF4F577C319082B80
:10A2F000E7D96FF4FA768319082BE2D9A0F24F233D
:10A30000082BDED9A0F2EF23082BDAD96FF43E75C3
:10A310004319082BD5D96FF402740319062BD0D931
:10A320008228CED8642808BF0024CAD18A4D66018D
:10A3300005EB4413D3ED0C7AF5EEC07AF1EE10FA8A
:10A3400042DDF4EE487AF1EE10FA3DD0834F04F18D
:10A35000220107EB810188EE276AD1ED017A04F131
:10A360000A0207EB8202F8EEE76AD2ED017A04F105
:10A370001C0307EB8303B8EEE77AD3ED017AF8EE1E
:10A38000E77A04F1120007EB8000D0ED015A66EE87
:10A39000866A27EE067A67EE867A65EE865AFDEEC5
:10A3A000E66ABDEEC77AFDEEE77AC0ED015AC1ED6F
:10A3B000016A82ED017AC3ED017AFCF7C7FC6848B7
:10A3C00007F18C0102F068FA2E4486ED0C8A62E0F7
:10A3D000644BA3FB0023DB0803EB83035B009BB20E
:10A3E000C41A022C3FF66DAF822B47D8632B3FF483
:10A3F00068AF643B1E2B3FF664AF01A252F823F016
:10A400002DA30010C3A20010C3A20010C3A200100D
:10A41000C3A20010C3A20010C3A20010C3A2001068
:10A42000C3A20010C3A20010E9A40010C3A2001030
:10A43000C3A20010C3A20010C3A20010C3A2001048
:10A44000C3A20010C3A20010C3A20010C3A2001038
:10A45000C7A40010C3A20010C3A20010C3A2001022
:10A46000C3A20010C3A20010C3A20010C3A2001018
:10A47000C3A20010C3A200109FA40010B42B38D0B8
:10A48000BE2B41D1344B93F8832192077FF519AF4E
:10A4900003EB441359640020BDEC028BF8BD2E4D34
:10A4A000B1EE488A05EB4413D3ED0F7AF4EE487A07
:10A4B000F1EE10FA4FEA44163CD1354485ED0F8A8F
:10A4C000FEF776FFE7E7DFED287A28EE278A28EE09
:10A4D000278A264A204B02EB840203EB441382EDC9
:10A4E000018A83ED0E8AD6E71B4B03EB44135963B5
:10A4F000D1E7194B93F8832191077FF5E2AE03EB87
:10A50000441383ED128AC6E7AA2B7FF4DAAE184B08
:10A51000D3F8A030002B3FF4D4AE01209847C0B24E
:10A52000E040C0077FF5CDAE0B4B03EB441383ED4A
:10A53000108AB0E70121094BA1405A7A042042F069
:10A5400008025A7293F8482022EA010283F8482050
:10A5500002F04AFAB1E700BFB447002020250020EE
:10A5600024310020CDCCCCCC000070421C3800201F
:10A57000C8220020114B1A78BAB9114A114992F831
:10A58000113191F87C0123F03C0382F8113158B16C
:10A59000012310B4D1F898414FF4D272A446184662
:10A5A00007495DF8044B60477047054AD8689968C9
:10A5B0005B68906791659363E0E700BF1C380020FB
:10A5C000B4470020C82200200120704700B5074B87
:10A5D00085B001A8C3F8701103910291019107F0B1
:10A5E00085FB002005B05DF804FB00BFB4470020E8
:10A5F000A0F164035D2B29D9A0F548735D2B23D905
:10A60000B0F5AA7F00F0138140F2898040F21B234D
:10A61000984200F01081B0F5077F80F0F580B0F52A
:10A62000AB7F00F0E080B0F5C57F0DD1894B9FED89
:10A630008A7AB3F8A03007EE903AF8EE677AC7EE60
:10A64000877A17EE900A704700207047A0F16503E3
:10A650005C2B5ED8814BA3FB0023DB0803EB830359
:10A660005B009BB2C01A0228EED8822B46D8632B1F
:10A67000EAD0643B1E2BE7D801A252F823F000BFBA
:10A6800015A7001049A6001049A6001049A6001001
:10A6900049A6001049A6001049A6001049A60010BE
:10A6A00049A6001049A60010BBA7001049A600103B
:10A6B00049A6001049A6001049A6001049A600109E
:10A6C00049A6001049A6001049A6001049A600108E
:10A6D000C5A7001049A6001049A6001049A6001001
:10A6E00049A6001049A6001049A6001049A600106E
:10A6F00049A6001049A60010A7A70010B42B6DD0E2
:10A70000BE2B4BD0AA2B9FD1524B03EB4013186C9E
:10A71000704700204F4B03EB4013186B70471B280A
:10A7200092D81B2890D801A353F820F001A800105C
:10A7300049A6001049A6001049A6001049A600101D
:10A7400049A6001049A6001049A6001049A600100D
:10A7500049A6001049A6001049A6001049A60010FD
:10A7600049A6001049A6001049A6001049A60010ED
:10A7700049A6001049A6001049A6001049A60010DD
:10A7800049A6001049A6001049A60010FBA700101A
:10A79000F5A7001049A60010EDA700102D4B03EB04
:10A7A0004013586C70472B4B03EB4013D3ED0F7ADB
:10A7B000F1EE677A17EE900A7047264B03EB4013D1
:10A7C000586B7047234B9FED267A03EB4013D3ED74
:10A7D0000E7AC7EE877A17EE900A70471D4B03EB8F
:10A7E0004013986C70471B4BD86A7047194BD3F8CD
:10A7F00070017047174B586C7047164B986C704738
:10A80000144BD3F80001704740F2A12398427FF423
:10A810001BAF104B9FED107AB3F8983007EE903ACB
:10A82000F8EE677AC7EE877A17EE900A7047094B01
:10A83000D3F8C4007047074B9FED077AB3F8A230F6
:10A8400007EE903AF8EE677AC7EE877A17EE900A2D
:10A85000704700BFB447002000007A44CDCCCCCC78
:10A860000000614538B5254C11F00105B4F88201AE
:10A87000A4F882112AD094F8823194F81A111A4659
:10A88000C3F3001363F3C30122F0100284F81A111A
:10A8900094F88311D50701F0010384F8822106D5CD
:10A8A00040F201221040012801D08A071CD5002067
:10A8B000134994F88321496E81420CBF002303F0B1
:10A8C000010363F3000284F8832138BD84F81D512D
:10A8D000FEF76EFD94F81A212B4665F38202A4F868
:10A8E000825184F81A21E2E7A16C626CC4F88810E6
:10A8F000A166C4F884206266D9E700BFB44700208F
:10A90000C822002069B31C4991F88231DB0730D599
:10A9100000B54FF0000C4FF0070E0A46032317480E
:10A9200081F81DE180F899C0D2ED1F7AF5EEC07A6A
:10A93000F1EE10FA03F1FF33A2F1200204D4002B50
:10A94000F2D100205DF804FB4FF0010C90F8991053
:10A950000CFA03FC41EA0C0180F89910002BE3D1BA
:10A96000EFE7054A054B002082F81D1183F8991086
:10A9700070470A20704700BFB44700202025002000
:10A9800070B5044600B3037F072B1DD80120984003
:10A9900010F0AA0F0DD110F0550016D0237B0B2B11
:10A9A00012D8DFE803F03E3E3E3E3E4A503A353A8A
:10A9B0003E442288237B1144063B88B2032B5CD89B
:10A9C000DFE803F00D090409002070BD2E4B93F859
:10A9D000B630DB0723D4636ABDE870401847636A6A
:10A9E000984724690546002C43D02E21204613F0B9
:10A9F0007BFE064600283CD0204614F0DDFB2118E3
:10AA0000891B0139C9B22846BDE8704005F0B4BDC4
:10AA10001D4B93F8B630DA0701D4206A70BD1B488D
:10AA200070BD236ABDE87040187805F081BD236AC7
:10AA3000BDE87040188805F07BBD236ABDE8704012
:10AA4000186805F075BD236A24691E689CB12E2123
:10AA5000204613F049FE054668B1204614F0ACFBD1
:10AA60002118491B0139C9B23046BDE8704005F0D4
:10AA700083BD0121C7E70121F6E7636A9847BDE876
:10AA8000704005F055BD00BFC822002018F6011027
:10AA90000346C8B1027F072A16D80120904010F063
:10AAA000AA0F0DD110F055000FD01A7B0B2A0BD82E
:10AAB000DFE802F00C0C0C0C0C170A0A0A0A0C1442
:10AAC0001A7B063A032A04D8002070471B6A1878BC
:10AAD00070471A885B6A114488B218471B6A188845
:10AAE00070471B6A1868704710B1037B062B01D0B2
:10AAF0000A487047027F072AFAD80123934013F0CF
:10AB0000AA0F05D113F0550FF2D0036A18687047E9
:10AB10000288436A114488B2184700BF0000C07F12
:10AB200000487047C013002010B4094C94F87C31E1
:10AB300053B1D4F898410146A4460123462240F27D
:10AB4000B7305DF8044B60475DF8044B704700BFB9
:10AB5000C822002010B40A4C94F87C3163B1D4F8B8
:10AB6000984100EBC000C000A446012346225DF8D6
:10AB7000044B00F2263060475DF8044B704700BF7D
:10AB8000C8220020F8B5124E044696F87C310D46D6
:10AB900063B100EBC001C900012346222846D6F864
:10ABA0009C7101F22631B84700B1F8BD00232B702B
:10ABB00096F87C3153B104EBC404E0000123462233
:10ABC0002946D6F8984100F22630A0470020F8BD6B
:10ABD000C82200200C4B70B59B6C04460D4603B197
:10ABE00098470A4E96F87C316BB1C4EBC404600000
:10ABF000D6F898412946A446BDE8704001230C22AE
:10AC000000F50070604770BDA8210020C822002018
:10AC100070B50E4A064692F87C310D4663B1C0EB22
:10AC2000C0014900D2F89C4101230C22284601F5BD
:10AC30000071A04700B170BD0024304629462C6049
:10AC40006C60AC60FFF7C6FF204670BDC8220020D4
:10AC500010B5114C94F87C312BB10020D4F8903110
:10AC60009847172803D0FEF745FE002010BD0123AA
:10AC70004FF4D2721946D4F89C410848A0470028E6
:10AC8000F1D0FEF737FE054B1878A0F11700B0FAA7
:10AC900080F0400910BD00BFC8220020B44700204A
:10ACA0002DE9F04705464FF0000896B0624C45226A
:10ACB000FF210DF1110013F095FCEDB21721404674
:10ACC000D4F894318DF81080984715F0010A05F0FA
:10ACD000010640F08580A80758D46A0715D594F876
:10ACE0007C3193B10123462240F22630D4F898718A
:10ACF00004A9B84794F87C313BB10123462240F2C5
:10AD00006E30D4F8987104A9B8472B0715D594F87C
:10AD10007C3193B10123462240F2B730D4F89871C8
:10AD200004A9B84794F87C313BB10123462240F294
:10AD3000B7304249D4F89871B847BAF1000F06D03D
:10AD4000D4F808311BB14FF0FF313D4898473D4BD7
:10AD50009C69B4B105F010050BE046B1A36A03B1DC
:10AD60009847E3691BB12178354849429847A4695F
:10AD70003CB12378002BF0D1002DEFD1A469002C39
:10AD8000F7D109F0EDFE16B0BDE8F08700236FF0B3
:10AD90000508CDE90133DFF8A89003930AE099F89C
:10ADA000183123FA08F3D90702D401A9FFF712FFDB
:10ADB00008F1010808F10600B8F1020FC0B2EED99F
:10ADC00008F1060001A9C0B208F10108FFF702FF6F
:10ADD000B8F1040FEED10B2001A9FFF7FBFE7CE7D1
:10ADE000DFF85C9018494FF4D272484614F06EF9BF
:10ADF0004FF480634046A9F8903008F02FFF0246D8
:10AE000099F8A83040461A40C2F3400262F3410369
:10AE100089F8A83008F022FF99F8A830C0F3001094
:10AE20001A46C3F38003034063F3820289F8A82023
:10AE3000FFF7A0FB4FE700BFC8220020442F0210FD
:10AE4000B4470020C0130020B06F021010B5094CA9
:10AE500094F87C3143B10123462240F2B731D4F853
:10AE60009C41A04700B110BD4FF00800FFF718FF4C
:10AE7000002010BDC822002070B505463E4E7178F6
:10AE800069B10024736801EB410103EB81015A7839
:10AE9000AA4208BF1C460C339942F8D124B9B669BE
:10AEA000002EECD1002070BDA36823B12046984746
:10AEB00008B1012070BD6378023B0C2B1CD801A2A5
:10AEC00052F823F0B3AE0010B3AE00103BAF001049
:10AED000F9AE0010B3AE001053AF00105FAF00101A
:10AEE000F9AE0010F9AE0010B3AE00106BAF001059
:10AEF000F9AE0010B3AE00101F4E02E0B669002E8E
:10AF0000D0D0F0680028F9D03289002AF6D0002489
:10AF100003E00134A242F1D9F06804EB440300EBF2
:10AF200003108378AB42F4D1836A002BC1D0002197
:10AF300098470028BDD13289EBE7104BD3F8A030F9
:10AF4000002BAFD001209847C0B2003818BF0120B5
:10AF500070BD0A4B93F8D50100F0010070BD074B9E
:10AF600093F8D501C0F3801070BD044BD3F81001E5
:10AF7000003818BF012070BDC0130020C822002077
:10AF80008078FFF779BF00BFA0F12C03012B98BF99
:10AF90002B207047A0F165035C2B2DE9F04782461A
:10AFA0008846074604D96FF4487683195C2B55D838
:10AFB0005B4BA3FB0AA3DB0803EB83035B001FFAD5
:10AFC00083FADFF86891A7EB0A07B9F808100024A4
:10AFD00019B917E00134A14214D9D9F80C5004EB87
:10AFE00044031E01AA5B05EB03155245F2D1AB6A7F
:10AFF000A3B139462846984768B9B9F80810013412
:10B00000A142EAD8D9F81890B9F1000FDDD1002596
:10B010002846BDE8F087D9F80C008519AB782B2BB2
:10B020000BD017B1D9F82C3073B3B8F1000FEFD0B3
:10B030002846C8F80090BDE8F0873A4BD3F8B830FE
:10B04000002BEED0394628889847014610B1A868F1
:10B0500013F0DAFFD9F80C008519E2E7A0F1C90373
:10B060005C2BA5D96FF4C8754319302B1FD82C4B16
:10B07000A3FB0023DB0803EB8303A0EB430303F5EF
:10B08000C8731FFA83FA9CE7AB781D2B09D0032302
:10B09000BB42BCD9D9F80C008519B8F1000FC7D153
:10B0A000B6E7214BD3F8C03198470346F0E76FF479
:10B0B00016740319262B25D96FF4F5700AEB0003DB
:10B0C000082B7FF675AF6FF4FA710AEB0103082BBA
:10B0D0007FF66EAFAAF24F23082B7FF669AFAAF274
:10B0E000EF23082B7FF664AF6FF43E720AEB020386
:10B0F000082B7FF65DAF6FF402735344062B7FF687
:10B1000057AF5EE7064AA2FB003222F0030303EBCF
:10B110009203C31A03F516731FFA83FA51E700BFAF
:10B12000CDCCCCCCA8210020C8220020C013002008
:10B130002DE9F043837804462B2B0E46904683B0CE
:10B1400017D090F82C1011F0780104D1334603B0D9
:10B15000BDE8F0431847008801A9FFF71BFF019BDA
:10B16000DF6A27B3424631463B4603B0BDE8F043B1
:10B17000184700252F46DFF84090A36A1BB12946E7
:10B180002046984780B1D9F8B8303BB1294620888D
:10B190009847014610B1A06813F036FF4246294691
:10B1A0002046B047074610B10135032DE5D138469A
:10B1B00003B0BDE8F08300BFA821002038B5194BCB
:10B1C00004465B6F13B1984700B138BD002120469B
:10B1D000FFF7E0FE05460028F7D0134C01E0A46914
:10B1E000F4B161690029FAD0238AB5F800C001F1F1
:10B1F000040E013B31F83320624506D0002BEED01F
:10B20000013B31F833206245F8D15EF8330013B1C9
:10B210000028EED038BD0028D7D1A469002CE0D199
:10B22000204638BDA8210020C0130020A0F10A0349
:10B23000022B38BF05207047007B013802288CBFE5
:10B2400000200120704700BF007B052805D00A3888
:10B2500001288CBF0020012070470120704700BFEB
:10B260002DE9F0410E4600218046FFF793FE0028AD
:10B2700057D00569002D4DD02B78002B4AD0284699
:10B28000012701E0013701302C2113F02DFA0028AD
:10B29000F8D1002F3ED0044604E00134BC424FEA0E
:10B2A000560637D016F00101F7D14046FFF772FE7F
:10B2B0000028F2D0037B013B022BEED8026944B197
:10B2C000214612F8013B002BE7D02C2BF9D1013994
:10B2D000F7D1114642F64E7321F8033B4123937098
:10B2E000D2780B461AB90CE013F8012F4AB12C2A78
:10B2F000FAD11A782AB101F8012B13F8012F002A8C
:10B30000F9D100230B70C8E70422074913F07EFA35
:10B3100038B920702C21284613F0E4FA044600289E
:10B32000F2D1BDE8F08100BF24F6011070B5037BB7
:10B330000446154684B00B2B41D8DFE803F006061F
:10B34000060606062B311A400606002328466946E3
:10B3500001AA009305F0B8F9054688BB237B0B2BA7
:10B360002ED8DFE803F08253536E69302D2D2D2D3A
:10B370003030284613F020FF464B064693F8B6308F
:10B38000DB0701D5082876D007EE906AF8EEE77A59
:10B3900017EE901A204604B0BDE87040FEF7E4BEF8
:10B3A000284613F009FF07EE900AF8EEE77A2046E8
:10B3B00017EE901A04B0BDE87040FEF7D5BE002528
:10B3C000284604B070BD00236069019E039368B1F4
:10B3D00002AA03A905F078F9002856D1029B9E42E3
:10B3E00004D294F82C309A070ED56EB9A0690028C3
:10B3F000E6D0002302AA03A9039305F065F900280B
:10B4000045D1029B9E42DBD93425D9E7206900282B
:10B4100039D00378002B36D0012401E0013401300B
:10B420002C2113F061F90028F8D10123A340019ADF
:10B430009A4228BF3425C3E7019B082B28BF342537
:10B44000BEE720690028DFD00378002BDCD0012480
:10B4500001E0013401302C2113F046F90028F8D125
:10B46000019BA34228BF3425AAE7019A012A94BF71
:10B470001D463425A4E72946074813F0E7FC0028B9
:10B4800082D103259CE70123D1E7054698E70225F1
:10B4900096E700BFC822002018F601100023F0B57F
:10B4A000594A85B00C4603A90746009301930292BE
:10B4B000FFF770FD002845D023780546202B03D1E7
:10B4C00014F8013F202BFBD02B7B062B65D0073BCC
:10B4D000022B2BD8224628460299FFF727FF064663
:10B4E00008BB2A7F072A3DD80123934013F0AA0FF7
:10B4F0000DD113F0550F35D02B7B0B2B20D8DFE867
:10B5000003F06161616174702E67671F616C2B7B52
:10B510002A6A062B4DD0073B022B46D821463846D7
:10B520009047F8B10646304605B0F0BD6946204662
:10B5300001AA05F0C9F80028CCD02B7F012BC9D96E
:10B540000226F0E7072F06D12378304A202B0392FA
:10B5500051D12F4DB4E73526304605B0F0BD029AE3
:10B560002B6A1A6007F072FD039C236A03B19847A7
:10B57000264B9C4221D0E369002BD4D0FEF73AFE43
:10B580004FF00005234B08B3002760F30005294660
:10B59000E26921481F709047C5E76946204602AA24
:10B5A00005F0EAF8002895D1C7E738460199904799
:10B5B000B7E7384602999047B3E7184BD3F80831FC
:10B5C000E361D8E72B6A019A1A70CBE71878DBE7BA
:10B5D0002146286A13F018FDC4E72B6A019A1A80E5
:10B5E000C0E7019A2B6A1A60BCE7019B2A6A03F044
:10B5F00007031370B6E72046694601AA05F064F810
:10B6000000289DD1024D65E70000C07FC0130020D7
:10B610008C5D021026550020B4470020C82200206F
:10B6200070B504460D4813F0C7FD0546204613F0DB
:10B63000C3FD2B180133632B94BF0126002606D8C7
:10B64000064B1B782BB92146044813F019F83046F5
:10B6500070BD034B014A1B885353F4E74C4A00204A
:10B66000603202100022024B02499A610B6070475F
:10B67000C0130020BC1300202DE9F0438E4F4FF083
:10B680000006BB6985B043B98C4B8D4AC7E90733C7
:10B690008C4B8D49C7E90A2379628C4D0121E869F9
:10B6A00004F06AFF01468A4813F0AEFCFFF7D0FAB7
:10B6B000002840F0D28095F87C31002B40F0C98002
:10B6C0004FF01F00FFF7ECFA02F080FB0021012091
:10B6D00002F01AFCFEF78EFD60F30006DFF8F88139
:10B6E00007F0B4FCFDF764FE98F81A31D8F8702121
:10B6F00013F0010318BF0723764901A881F8983099
:10B7000003920292019206F0F1FA08F0CBFB0028B6
:10B7100000F0C780002008F0A1FAC20500F1B28055
:10B72000B5F8DC110E2021F48061FFF799FDD5F802
:10B73000A03033B10020984701460820C9B2FFF776
:10B740008FFD0F2095F8E611FFF78AFD6B6E002B39
:10B7500000F0AC80DFF89C91D9F8184054B1636ACE
:10B7600003B19847E36913B131465B489847A46930
:10B77000002CF4D195F8D64195F8D731E40903F0BF
:10B780000103A40044EA430444F0010421460620D6
:10B79000FFF766FD21461320FFF762FDD5F814314F
:10B7A000002B00F0818095F8D61195F8D731C909A2
:10B7B000090103F0010341EAC30141F00301412003
:10B7C000FFF74EFD98F81231DB0734D4D8F800307B
:10B7D000424A23F0FF0191422DD0414AB2EB132F90
:10B7E00020D3D8ED4F7ADFED3F6A98ED296A98EDC6
:10B7F000317A67EEA67AB4EE476AFCEEE77AF1EEAC
:10B8000010FA17EE903AA8F8983014BF01230023DD
:10B8100063F3000606D088ED297A3146D5F8083161
:10B820002D489847D8F800302F4A62F31F23C8F8F4
:10B830000030FEF79FFED7F8E8202C4BD5F8081112
:10B840001A602B4BC9F81C10C7F8E83005B0BDE8EA
:10B85000F083BB680720984732E702F0B7FAFEF79B
:10B86000C9FC024662F30006D5F8083131461A4891
:10B870009847D5F80C31002B3FF430AF0021084633
:10B8800098472BE7C0F340014900C0F3001041EA9C
:10B89000800101F00601102041F00101FFF7E0FCFA
:10B8A0003EE708F073FA35E7032188E74FF6FF61BA
:10B8B0001620FFF7D5FC4DE7A8210020A597001022
:10B8C000B197001051A10010C9A50010C822002096
:10B8D000444D002020250020B4470020005CD30305
:10B8E000F6D0030000007A445CD303000038002047
:10B8F00055A20010C013002038B50E4C94F8DD316D
:10B900001B0701D5032038BD0B490C480B7AC568CD
:10B91000DA43C2F3C01262F3C71313F0800F0CBFF7
:10B92000052004200B72A84794F8DD0110F00800F0
:10B93000E8D138BDC822002020250020A821002001
:10B9400038B50F4C94F8DC31DB0601D5032038BD47
:10B950000C490D480B7AC5681A46C3F3001383F0EF
:10B96000010363F3041212F0100F0CBF0520042032
:10B970000A72A84794F8DC0110F01000E6D138BD37
:10B98000C822002020250020A821002038B50F4C17
:10B9900094F8DC319B0601D5032038BD0C490D48D5
:10B9A0000B7AC5681A46C3F3801383F0010363F36F
:10B9B000861212F0100F0CBF052004200A72A8474F
:10B9C00094F8DC0110F02000E6D138BDC822002038
:10B9D00020250020A8210020034A044BD2F8B00003
:10B9E000002818BF18467047C8220020742502108E
:10B9F000034A044BD2F8A801002818BF1846704724
:10BA0000C8220020942502100020704703784F2B95
:10BA100015D0532B0AD0422B1AD10E4B0E4893F857
:10BA2000DC3113F0100F18BF00207047094B0B4892
:10BA300093F8DD3113F0080F18BF00207047054B55
:10BA4000074893F8DC3113F0200F18BF002070472F
:10BA500000207047C8220020AC250210EC250210FF
:10BA6000C825021010B50F4C0F48D4F8C0309847C5
:10BA7000D4F8C0300D489847FFF752F883691BB1DE
:10BA8000D4F8C0300A4898470A4AD4F8C0309269BE
:10BA90001AB109489847002010BD0848984700206F
:10BAA00010BD00BFC82200200C2602103426021050
:10BAB0005C260210A821002094260210BC26021049
:10BAC0004FF0FF3010B5F5F787FBC3681B6C33B13F
:10BAD00004469847E36800201B6C03B110BD0320A7
:10BAE00010BD00BF08B50C4B1A6893F81211FF2A5D
:10BAF0008CBF002009481A6860F31F22FF2A8CBF00
:10BB00000020012060F300011A6083F81211FEF793
:10BB100031FD002008BD00BFB44700205CD3030006
:10BB200010B50D4C94F8D7319B070DD571B1D4F8F1
:10BB30003C313BB1084604F017FF58B1D4F83C3112
:10BB4000984708B1002010BD032010BDBDE810408B
:10BB500004F0DABB022010BDC822002004F0D2BBE2
:10BB600004F088BB012004F0C9B800BF002004F035
:10BB7000C5B800BF012004F01FB900BF002004F0C9
:10BB80001BB900BF0021012004F074B908B50020E2
:10BB900004F0B4F8002004F00FF90021012004F0B3
:10BBA00069F9BDE80840002240F27E31104604F0F9
:10BBB00019B800BF002240F27E31032004F012B811
:10BBC000002240F27E31022004F00CB8002240F244
:10BBD0007E31104604F006B8034630B508461446D8
:10BBE00095B01BB140F2031213421ED008B30022DD
:10BBF0000DF107018DF80720F5F784FB9DF807305C
:10BC000005465BB913F0D8FA44280AD82B78A3B9B3
:10BC10002946E0B2FEF79EFF9DF80730184615B0A2
:10BC200030BD0B23184615B030BD0823184615B09B
:10BC300030BD0323184615B030BD2946421C02A86A
:10BC400013F044FA0A4902A812F062FE03E0084920
:10BC500012F05EFE38B1F5F717FC03468DF80700C9
:10BC60000028F4D0DAE79DF80730002BD6D1CFE7D3
:10BC7000D82602100122FFF7AFBF00BF0022FFF756
:10BC8000ABBF00BF18B140F20313184224D000B577
:10BC900093B069460020FEF775FFC0B90F4B07202F
:10BCA0009B68984769460120FEF76CFF38B90B4B3B
:10BCB00007209B689847002013B05DF804FB694695
:10BCC000012002F015FE002013B05DF804FB694668
:10BCD000002002F00DFEE5E708207047A8210020B3
:10BCE00008B518B140F2011318420BD00B78233B72
:10BCF000072B05D8DFE803F0081404170404041A1E
:10BD0000032008BD082008BD4FF00200FEF7C8FF61
:10BD1000094B0920DB689847FAF7B6FA002008BDFE
:10BD20004FF00100F2E74FF01000EFE7034B1B78F4
:10BD30001846002BF2D0E9E7A82100205471021028
:10BD400000B593B06846FFF781F86846012102F01C
:10BD50000DFE002013B05DF804FB00BF10B50C46CB
:10BD600092B018B140F2831318420ED084B120462D
:10BD700013F022FA442805D82046FEF7D5FE00200D
:10BD800012B010BD032012B010BD082012B010BDBB
:10BD90006846FFF75BF82146684602F0E7FDEEE7EC
:10BDA0000AF02ABE012004F0EFBA00BF002004F020
:10BDB000EBBA00BF084604F0DBB800BF022808B5A4
:10BDC0000BD040B9022006F09FFB074B0420DB6834
:10BDD0009847002008BD082008BDFAF755FA024B25
:10BDE0000520DB689847F4E7A821002008B5094B37
:10BDF00093F810311B070BD5012807D8064B4FF4D9
:10BE000000711B6C05489847002008BD082008BD3C
:10BE1000032008BDB4470020C82200205C25002074
:10BE200010B5074C94F8D7319B0707D5D4F8C0302C
:10BE3000044898470448D4F8C0309847002010BD03
:10BE4000C8220020DC260210FC26021010B50A4C85
:10BE500094F88231DA0706D5084B0948D3F8C03088
:10BE6000984794F882319B0704D5044B0548D3F8D2
:10BE7000C0309847002010BDB4470020C8220020E1
:10BE80002C2702104C27021010B110F4087F08D0A4
:10BE900029B13D23C81E01F8013CF5F7F5BA03208E
:10BEA00070470820704700BF38B504460020F5F7FA
:10BEB00093F96378C568522B03D0442B0CD0002033
:10BEC00038BD2B6C002BFAD0084B0948D3F8C03092
:10BED00098476378442BF2D1EB6B002BEFD0034BE8
:10BEE0000448D3F8C0309847002038BDC82200204D
:10BEF000742702109827021040F2011330B510EA9F
:10BF0000030483B01DD01D4DEB6E98471C4B93F876
:10BF10008030102B18D04206C4B219D423071BD48A
:10BF200014F001041AD1174B93F81A3103F00303EC
:10BF3000032B15D1EB6D984705F05CFBC0B278B1CF
:10BF40002D24204603B030BD3124204603B030BD3F
:10BF50003224204603B030BD0D24F2E71224F0E76E
:10BF600005F0D2FF054608B12E24EAE7064B032070
:10BF7000DB689847284606F0C7FAE2E7C8220020A7
:10BF800020250020B4470020A821002030B500253E
:10BF900093B069462846FEF7F5FD48B19DF800309C
:10BFA0005BB96B1C022B4FF00105F2D113B030BD11
:10BFB0000721684602F0BCFCF3E76846094912F025
:10BFC000A7FC04462046F5F75FFA0146204602F03A
:10BFD000AFFC0020034912F09BFC04460028F1D17D
:10BFE000DFE700BFD8260210F8B5C3B2044623B17C
:10BFF000354B93F8823199072FD506F07FFA08BBAD
:10C00000324F334EFB6E984796F88030102B21D07C
:10C010004206C5B202D532252846F8BDC3051FD455
:10C02000294A92F88231D80717D5317B03F02203D1
:10C03000194312D0290716D592F83431DB0712D4F0
:10C040000D25E9E706F05AFA40F201131842D7D15C
:10C050000825E1E731252846F8BD05252846F8BD25
:10C0600033252846F8BD15F0010501D01225D3E788
:10C070002046FAF75BF910BB3378002BCCD106F0E1
:10C0800043FAFAF795FF134B2846DB689847337B52
:10C090001BB196F8482093430AD005F035FF0028DD
:10C0A000BAD00B23012086F8803006F02DFAB3E7D2
:10C0B00097F87C31002BAFD0FFF768FFACE7FF2883
:10C0C00018BF0546A8E700BFB4470020C8220020DB
:10C0D00020250020A82100204FF00000FFF784BF9A
:10C0E0004FF00100FFF780BF4FF00200FFF77CBF69
:10C0F0004FF00400FFF778BF49B310B5002482B0B9
:10C10000084601AA6946009404F036FBE0B1DDED73
:10C11000017AB6EEE77A37EEC77AB5EE407AF1EEFD
:10C1200010FA08D1FDEEE77A17EE901AA1422046E8
:10C1300004DA02B010BD032002B010BD89B202B013
:10C14000BDE8104003F078BD022002B010BD02200F
:10C15000704700BF10B582B0D9B1002408466A46C6
:10C1600001A9019404F008FB28B3DDED007AB6EED6
:10C17000E77A37EEC77AB5EE407AF1EE10FA1DD1C4
:10C18000FDEEE77A17EE901A00290CDA002002B0D3
:10C1900010BD10F0180F03D1012001F0B5FEF5E736
:10C1A000082002B010BD2246012089B202B0BDE8CD
:10C1B000104003F017BD022002B010BD0320E6E7D7
:10C1C00010B50C4682B0F1B10023084601AA6946B9
:10C1D000009304F0D1FA80B1DDED017AB6EEE77A92
:10C1E00037EEC77AB5EE407AF1EE10FA05D1FDEEE2
:10C1F000E77A17EE900A00280ADA204602B0BDE876
:10C20000104001F0F5BF02F029F8204602B010BD41
:10C2100080B202B0BDE8104001F0B2BF08B502F034
:10C220002FF9064A0649536A896E43F004035362A4
:10C2300009B104208847002008BD00BF2025002048
:10C24000A821002010B582B0D9B10024084601AA67
:10C250006946009404F090FA28B3DDED017AB6EE59
:10C26000E77A37EEC77AB5EE407AF1EE10FA1DD1D3
:10C27000FDEEE77A17EE901A00290CDA002002B0E2
:10C2800010BD10F0180F03D1012001F03DFEF5E7BD
:10C29000082002B010BD2246012089B202B0BDE8DC
:10C2A000104003F09FBC022002B010BD0320E6E75F
:10C2B00030B5134B83B0997901A8F4F795FE114A74
:10C2C000137A13F002030BD001219DF8060092F8B7
:10C2D000703002EB8004E56A81400B436567DBB296
:10C2E0000948516A846E41F4004182F8703051620D
:10C2F00014B14FF40040A047002003B030BD00BF90
:10C30000BC30002020250020A821002008B50A4BC1
:10C31000DB6E98470949C0F300130A7AC0F3401C4A
:10C320001B0143EA8C13C0F3C02002F02F0243EA42
:10C33000C01313430B7208BDC82200202025002023
:10C340002DE9F041044683B2200482B012D4002BC0
:10C3500049D040F241125E4D1342A5F8864011D0FB
:10C3600006F0CCF8B0F5807F3DD002B0BDE8F041DA
:10C37000F9F78ABF574A13401C46002B33D0544D5F
:10C38000A5F886302107E7B235D4C4F30726A40404
:10C39000B0462BD416F0400F42D095F83830002B21
:10C3A00059D000214C4B0846D3F80C319847FA0677
:10C3B00006D5F3432A7AC3F3C01363F304122A7237
:10C3C00018F0080F06D0F3432A7AC3F3C01363F3BF
:10C3D000C7122A72BB0606D5F6432B7AC6F3C016DF
:10C3E00066F386132B7202B0BDE8F0813A4B04204D
:10C3F0001B6E9847DBE7384E96F8DC311A07C4D538
:10C40000364B93F88030002BBFD1DFF8DC8098F8F2
:10C410003431DB0748D44021336C31489847B4E7C6
:10C42000380608D417F0020422D02B4B08211B6CCD
:10C430002B489847BBE795F83830012BB7D106F069
:10C440005DF80828B3D1244B01461B6C244898475B
:10C450000D23EB71ABE706F051F810F0280FA0D0D8
:10C460001D4B10211B6C1E4898470D23EB719EE756
:10C4700079079CD5184B02211B6C19489847194A1B
:10C48000194BD2F88C10154A93F80C3182F8804081
:10C4900095F82720C3F3001363F3861285F827204D
:10C4A000002984D0884782E706F028F838B998F840
:10C4B0001830012B7FF469AF07F0EAFE65E706F05C
:10C4C0001DF82028F3D04021336C05489847EEE74B
:10C4D000202500203088FFFFC8220020BC3000202B
:10C4E0005C250020A8210020B4470020034B93F8CE
:10C4F0007C310BB1FFF74ABD704700BFC822002056
:10C50000024B1A6818608260704700BF78160020DE
:10C51000002849D02DE9F843037806468846002BC9
:10C5200033D00024214F08E052F80900A8470546FF
:10C5300070B933780134A34227D972684FEA0419DD
:10C5400002EB0413DD68002DF3D01B7A5B07EBD4FC
:10C550002B78242B0DD0D7F8C83024209847726848
:10C56000D7F8C03052F8090098471148D7F8C030C2
:10C5700098472846D7F8C0309847D7F8C0300D48BC
:10C58000984733780134A342D7D8B8F1000F01D1CE
:10C59000BDE8F883084BB6689E42F9D0002EF7D06C
:10C5A0003278002ABDD1F6E7704700BFC8220020CC
:10C5B000C0270210B82602107C16002010B5074CC8
:10C5C00000212046FFF7A4FF054B1868A04204D0C5
:10C5D000BDE810400121FFF79BBF10BD7C16002075
:10C5E000781600202DE9F04F0446407885B00028E9
:10C5F00000F0CC80671C3B463A46A0F161013D2823
:10C60000C9B200F0BA80202805D0192998BF00F0DF
:10C610005F0003F8010B12F8010F0028EDD100258F
:10C62000042238466F491D7012F0F0F8002800F01F
:10C63000B5803D21384612F057F8804608B108F819
:10C64000015B694BDFF8A8911D682E78002436B98C
:10C6500025E0B8F1000F16D00134A6421FD96A6850
:10C6600023013846D15802EB041A12F0EFFB0028E0
:10C67000F2D199F805209AF8083012B1980740F1E4
:10C680008180D907E5D4DAF8046005F037FF414628
:10C69000B047FF2877D12E780134A642DFD8AD68A5
:10C6A000002DD2D1514BD3F89830002B3AD0984777
:10C6B0000446002836D04E4D94F800904FF0000A02
:10C6C000B9F1000F07D127E0B8F1000F16D00AF139
:10C6D000010AD14520D962684FEA0A133846D15879
:10C6E00002EB0A1B12F0B2FB0028F0D16A799BF82A
:10C6F00008300AB19A0745D5DB07E5D4DBF80460BA
:10C7000005F0FCFE4146B047FF283CD194F800906C
:10C710000AF1010AD145DED8E3681BB19847044607
:10C720000028C9D1314BD3F894408CB1B8F1000F37
:10C730003AD03D2308F8013C2C4BD3F8944005F047
:10C74000DDFE3946A047002308F8013CFF281AD136
:10C7500005F0D4FE28B105F0D1FE40F203131842D3
:10C7600027D00023384603AA02A9029304F004F854
:10C7700008BB022007E003F8011B12F8011B002987
:10C78000F9D14CE74F2005B0BDE8F08F174B019071
:10C790005B689847019805B0BDE8F08F601D05B053
:10C7A000BDE8F04F03F0E4BB05F0A8FE3946A04712
:10C7B000CCE70820E7E7039804F058F868B1DDED0E
:10C7C000037AFCEEE77A17EE903A414698B2B8F158
:10C7D000000F04D0FEF762FED5E70320D3E701F097
:10C7E0007FFBD0E7C427021078160020A821002084
:10C7F0002025002010B5144B82B00446997901A879
:10C80000F4F7F2FB114BE4B21B7E022B17BF01239E
:10C8100005239DF8062093401C4203D00C4B93F84F
:10C8200070200AB902B010BD00200A495A6A896E08
:10C8300042F400425A6283F870000029F2D04FF4AB
:10C840000040884702B010BDBC300020B447002033
:10C8500020250020A821002010B50C4B93F80D31A5
:10C86000DB070FD40A4C636C03B19847094AA16EE9
:10C87000536A43F48073536239B1BDE810404FF4FA
:10C8800080700847FCF780FAECE710BDB447002041
:10C89000A821002020250020094A0C3001F10C03BA
:10C8A00073ED017AD2ED1C6AF8EEE77A87EEA67A8C
:10C8B0008B4220ED017AA2F12002F1D1704700BF36
:10C8C000B447002000B52DED028B08EE101AB5EE2E
:10C8D000C08AF1EE10FA87B005DC002007B0BDEC8D
:10C8E000028B5DF804FB6946FEF792F90028F4D04C
:10C8F0001749184B06AA03A871ED017AD3ED1C6AFB
:10C90000F8EEE77A87EEA67A22ED017A8242A3F169
:10C910002003F1D1DDED016ADDED047A9DED037AAE
:10C9200077EEE67ADDED006A67EEA77A37EE667A93
:10C93000E7EE077AB1EEE77AB4EEC78AF1EE10FAC5
:10C94000ACBF0120002007B0BDEC028B5DF804FBFA
:10C95000B8250020B447002070B5044605F0CEFD90
:10C9600004281A4D22D095F88030A34217D0112CFC
:10C9700027D8174BE34013F0010325D00A2C14BF2E
:10C9800001204FF480706B7185F8804005F0BCFD8C
:10C9900095F8833023B995F88030102B00D070BD06
:10C9A0000C4B2046BDE870401B691847EB6B9B069B
:10C9B000D9D4094B214605F140009B6CBDE870407D
:10C9C000184700230120DEE70120DCE720250020B6
:10C9D00006040200A8210020C8220020014B586A4A
:10C9E000704700BF2025002008281CD00FD8B8B100
:10C9F000012804D1124B93F9D531002B0FDA114ADB
:10CA00001149536A896E0343536241B10847B0F537
:10CA1000802FF4D10A4BD3F81431002BEFD170479B
:10CA2000084B58627047094B064A93F80C3192F84C
:10CA30002510C3F3401363F3000182F82510DFE7EC
:10CA4000C822002020250020A8210020B447002073
:10CA5000002310B40449054C0B70237002465DF8A6
:10CA6000044B0348104700BF295500202E550020D5
:10CA7000782D0210024B0348D3F8C030184700BF8E
:10CA8000C8220020A42D021002680B6810881B88A1
:10CA9000C01A704770B506460D460A4C0A48D4F8CD
:10CAA000C03098473046D4F8C03098470648D4F88C
:10CAB000C03098472DB12846D4F8C030BDE870404A
:10CAC000184770BDC8220020F42D021002680B68C0
:10CAD00010781B78C01A704702680B6810781B78B2
:10CAE000C01A704702680B6850785B78C01A7047AC
:10CAF0004B6801334B60704740694B69C01A7047FF
:10CB000007EE900AFCEEE77A17EE900A03F010BDEC
:10CB100007EE900A9FED047A67EE877AFCEEE77ADB
:10CB200017EE900A03F004BD8B42213D70B50C4610
:10CB3000094DD5F8C0309847092C03D8D5F8C03036
:10CB4000064898472046D5F8C04003F0F1FC23463C
:10CB5000BDE87040184700BFC8220020643B0210A7
:10CB600070B5624C0546D4F8C060002900F0A98079
:10CB70005F48B04795F90000D4F8C06003F0D8FCD6
:10CB8000B047D4F8C0305B4898472B7AD4F8C060DF
:10CB9000002B40F091805848B0475648D4F8C03038
:10CBA0009847EB68D4F8C060187A03F0C1FCB0472E
:10CBB0007C21524A6B7A1170002B79D1531CE968A1
:10CBC0008A7A500704D5532203F8012BE9688A7A40
:10CBD000960704D5442203F8012BE9688A7A1007E6
:10CBE0000FD54C22184600F8012BE9688A7A1607FF
:10CBF0007AD58E6B002E77D041225A70E9680233C5
:10CC00008A7A960604D5502203F8012BE9688A7ABD
:10CC1000D00604D5492203F8012BE9688A7A560622
:10CC200004D54E2203F8012BE9688A7A100604D550
:10CC3000522203F8012BE9688A7AD20703D55622DB
:10CC400003F8012BE968CA6B12B1452203F8012BE6
:10CC50007C21D4F8C020198028489047D4F8C030EF
:10CC600068689847EB68D3ED067AF5EEC07AF1EE86
:10CC700010FA17DDD4F8C0301E489847EB68012140
:10CC80005869D4F8C06003F077FCB0471C48D4F86A
:10CC9000C0309847EB6801219869D4F8C05003F080
:10CCA0006BFCA847D4F8C03016489847002070BDE8
:10CCB0002A21931C517082E795F9020003F038FC99
:10CCC0006AE790F9000003F033FCB047D4F8C030B5
:10CCD0000D489847D4F8C030686898470B48D4F896
:10CCE000C0309847002070BD03468AE7C822002064
:10CCF000FC2D0210D8260210F82D0210342E002030
:10CD000060320210082E0210C0270210D434021024
:10CD100000221C4B2DE9F0415B791B4D04462A7023
:10CD20000BBB0321006803F027FC0146284611F0E5
:10CD3000A7FC0026154BB3F80080134812F03CFA0C
:10CD400025F80080032154F8040F03F015FC771C2C
:10CD500001460D4811F094FC022F4FF00106ECD172
:10CD60000948BDE8F081D0ED007A77EEA77A03217B
:10CD700017EE900A03F000FC0146284611F080FCF3
:10CD8000D7E700BFBC300020342E002060320210F4
:10CD900000222DE9F041224B224D5B792DED028BD3
:10CDA00004462A708BBB90ED007ADFED1F7A0421D8
:10CDB00067EE277A17EE900A03F0DEFB00269FED60
:10CDC0001A8A0146284611F05BFC184BB3F8008024
:10CDD000144812F0F1F9042125F800800C44D4ED38
:10CDE000007A67EE887A17EE900A03F0C5FB771C8D
:10CDF00001460C4811F044FC022F4FF00106E7D128
:10CE0000BDEC028B0748BDE8F081D0ED007A9FEDC4
:10CE1000067A67EE877A042177EEA77ACAE700BF21
:10CE2000BC300020342E00208B42213D60320210A5
:10CE3000032108B503F0A0FBBDE808400146014806
:10CE400012F0E2B8342E002007EE100ADFED077A68
:10CE500067EE277A042108B517EE900A03F08CFBE1
:10CE6000BDE808400146024812F0CEB88B42213D91
:10CE7000342E002010B40B688C685A1C0A6041796B
:10CE800003EB430304EBC3025170416904F8331010
:10CE90000369816813618388A1F11004032C98BF92
:10CEA00043EA0143C168536121B15DF8044B901C12
:10CEB00012F0AAB891705DF8044B70470FB400B53A
:10CEC00083B004AA52F8043B0B489446019202EB4B
:10CED000830E03465CF8041B11F8012B184603F877
:10CEE000012B002AF8D1F445F3D1034803B05DF8D3
:10CEF00004EB04B0704700BF342E002070B5094D1C
:10CF00000446D5F8C46003F013FB074B02460749FB
:10CF10000320FFF7D3FFB04700216420EB6B984755
:10CF2000204670BDC8220020D43402100C2E0210FE
:10CF30002DE9F0470546884612F03EF9441C20468C
:10CF40000EF0F4F900284AD081462246294612F014
:10CF5000BDF84846234911F0DBFC0446002839D0CF
:10CF600001270026204D2046204911F06FFF40B3D5
:10CF70001F48D5F8C0309847D5F8C0301D489847AD
:10CF80003046D5F8C0A003F0D3FAD047D5F8C0306A
:10CF90001948984723781BB12046D5F8C0309847E8
:10CFA0001648B8F1000F0CD0D5F8C0309847384675
:10CFB000D5F8C04003F0BCFAA0471148D5F8C030FE
:10CFC00098470020074911F0A3FC013604467F0072
:10CFD0000028C8D14846BDE8F0470EF0E3B9BDE8E7
:10CFE000F08700BF60320210C8220020142E021009
:10CFF000D4340210182E0210C0270210202E021066
:10D00000D0F5011002680B685068596811F01EBF16
:10D010002DE9F041124E0446D6F8E480B8F1000F35
:10D0200017D00F463F2111F05FFB054688B18442BF
:10D0300003D0011B89B22046C047781CD6F8C040F7
:10D0400003F076FAA047D6F8C030681CBDE8F0417E
:10D0500018472046D6F8C030BDE8F041184700BF59
:10D06000C82200202DE9F04116460C4691F82C10FC
:10D070004A0746BFC1F3C301B6FBF1F737460328A1
:10D0800000F2DF82DFE810F06C00EC003B000400EF
:10D0900020889C4D3044D5F8C08003F049FAC04741
:10D0A000D5F8C03098489847A3782B2B00F008811A
:10D0B00039466068FFF7ACFF9348D5F8C030984711
:10D0C000A068D5F8C030002800F00F819847D5F847
:10D0D000C0308D489847207BFEF7A8F8D5F8C030BF
:10D0E000092800F22B81DFE810F03302000236023B
:10D0F000390200022701450242023F023C02208819
:10D10000804D304403F014FA8049FFF7C3FCD5F892
:10D11000C0307F489847A3782B2B00F0CA8039464F
:10D120006068FFF775FF7B48D5F8C0309847A06866
:10D130007649002800F0E480FFF7ACFC20883044FA
:10D1400080B2FEF73BF8744B7049002808BF1846C0
:10D15000FFF7A0FCD5F8C0307048BDE8F041184793
:10D16000684D6F48D5F8C03098472088D5F8C08002
:10D17000304403F0DDF9C0476A48D5F8C03098471D
:10D1800094F82C30A078590748BFC019D5F8C08052
:10D1900003F0CEF9C047D5F8C03062489847A3786D
:10D1A0002B2B00F09B8039466068FFF731FF5D480C
:10D1B000D5F8C0309847A06810B1D5F8C03098476E
:10D1C000D5F8C03057489847207BD5F8C060FEF7A7
:10D1D0002DF803F0ADF9B0475248D5F8C030984764
:10D1E000206910B1D5F8C0309847D5F8C0304D4807
:10D1F000984763693BB12046FEF71EF818B9D5F889
:10D20000C030606998474748D5F8C0309847A06952
:10D2100010B1D5F8C0309847D5F8C030414898478C
:10D2200094F82C00D5F8C06000F0010003F080F9FC
:10D23000B047D5F8C0303B48984794F82C00D5F853
:10D24000C040C0F3400003F073F9A047D5F8C030E8
:10D2500035489847D5F8C0303048BDE8F041184708
:10D26000284D3248D5F8C03098472088D5F8C0807E
:10D27000304403F05DF9C047D5F8C0302C489847DA
:10D28000A3782B2B23D060683946FFF7C1FE207BA3
:10D29000FDF7CCFF092800F2B780DFE810F03D0170
:10D2A000470150012E013801B500B500B500B500A9
:10D2B0004201204B53F82600D5F8C03098472EE79E
:10D2C0001C4B53F82600D5F8C0309847F0E6194BB0
:10D2D00053F82600D5F8C0309847D4E7154B53F8DB
:10D2E0002600D5F8C03098475DE7227B042A3FF638
:10D2F000EEAEDFE812F04201FD00FD004501FD0049
:10D30000054819E7C82200205C2F02106032021085
:10D31000F42D0210582F0210442F0210D4340210A2
:10D32000482F021064740210542F0210A42E021011
:10D33000883002107474021095489847D5F8C030B0
:10D34000944898472069D5F8C030002857D09847AE
:10D35000D5F8C0308F4898472388F01880B2FDF781
:10D360002DFFD5F8C030064600283ED0984794F8E7
:10D370002C30DB0707D53278D5F8C030002A40F0D2
:10D38000BA80854898478348D5F8C0309847606987
:10D3900010B1D5F8C03098477E48D5F8C0309847CE
:10D3A000A06910B1D5F8C0309847D5F8C030794899
:10D3B000984794F82C00D5F8C06000F0010003F005
:10D3C000B7F8B047D5F8C0307248984794F82C00A9
:10D3D000D5F8C040C0F3400003F0AAF8A047D5F844
:10D3E000C0306E48BDE8F04118476D48984794F842
:10D3F0002C30DA07C7D5D5F8C0306748C2E7227BA2
:10D40000042AA5D16748A2E7A3683BB1D5F8C0308C
:10D4100065489847D5F8C030A068984700276369E9
:10D42000002B00F0EF80A369002B00F0EB80D5F813
:10D43000C0305E489847D5F8C030606998475C486E
:10D44000D5F8C0309847D5F8C030A069984794F80F
:10D450002C30DB0706D5D5F8C030002F00F0EF8068
:10D4600054489847D5F8E430002B3FF473AE208839
:10D47000304480B2FDF7A2FE0646002800F082800C
:10D480000378002B7ED0D5F8C030444898470AE096
:10D490004248D5F8C0309847B91B3046D5F8E4303B
:10D4A00089B29847BE1C3046434911F0D3FB07466A
:10D4B0000028EDD13378002B64D0D5F8C030374840
:10D4C0009847D5F8C0303046984794F82C20D5F8C6
:10D4D000C030D4077FF53EAE32780AB1374898475E
:10D4E000D5F8C0302C48984734E63548984725E7AA
:10D4F00034489847EBE5344844E73448D5F8C03021
:10D50000984700212069FFF713FD012787E7D5F829
:10D51000C0302F48984781E7D5F8C0302D4898474C
:10D520007CE7D5F8C0302C48984777E7D5F8C0306D
:10D530002A48984701212069FFF7FAFCE5E7D5F86A
:10D54000C0302748984701212069FFF7F1FCDCE74C
:10D5500024489847F2E624489847EFE6234898473E
:10D56000ECE623489847E9E622489847E6E6224851
:10D570009847E3E621489847E0E621489847A6E522
:10D580000348A3E594F82C30D807A9D4E2E500BFFE
:10D59000602F02105C2F0210542E0210D43402109F
:10D5A000442F0210B42F0210182F0210202F021047
:10D5B000C0270210242E02103C2F0210402F021010
:10D5C000782F0210B02E0210502E0210943102104B
:10D5D000A82E0210B82E0210082F0210C42E02101E
:10D5E000D42E0210702F0210842F0210902F0210E0
:10D5F000A02F0210A82F0210042B0210682F021077
:10D60000BC2E02102046FDF717FE00287FF41FAF46
:10D6100063693BB1D5F8C0300B489847D5F8C030A6
:10D6200060699847A369002B3FF411AFD5F8C0306B
:10D6300006489847D5F8C030A069984707E70448DE
:10D640000FE7044D86E500BF2C2F0210342F021087
:10D650003C2E0210C822002070B5154683785278FF
:10D6600004469A420E460CD0A36A1BB10021204604
:10D67000984720B1324621462878FFF7F3FC012075
:10D6800070BD6B688B42EFD0012070BD08B51346AA
:10D690000A4693F801C081788C4504D159689142BB
:10D6A00001D0012008BD01461878FFF7DBFC0120FE
:10D6B00008BD00BF2DE9F04F85B00F46B1FA81F9E2
:10D6C0000646FDF72DFA04463846FDF75DFC0025B9
:10D6D0008DF80900381A4FEA59198DF8086003903F
:10D6E0002389A4691D44002CFAD1022E71D0032E87
:10D6F00069D0FDF715FA0421044628460DF032FEE4
:10D70000019000286BD00026019DDFF84881218917
:10D71000002934D04FF0000A09E09BF802009DF880
:10D72000093098421AD00AF1010A514527D9E06818
:10D730000AEB4A0C4FEA0C13C35A00EB0C1B183BC4
:10D740009BB2012B95BF98F883319BF82C30C3F323
:10D750004003DB09002BE6D1002FDED1DBF82830B7
:10D760002BB100215846984721890028DBD00AF1C7
:10D77000010A514506F1010645F804BBD7D8A46952
:10D78000002CC4D1019D0422314628462C4B10F0B8
:10D7900037F96EB1043D2B4955F8040F02AAFDF785
:10D7A000C7FC013440EA0900B4425FFA80F9F2D1C3
:10D7B00001980DF0F7FDB9F1000F0CBF35200020E6
:10D7C00005B0BDE8F08F204B2048D3F8C030984713
:10D7D0008FE71D4B1E48D3F8C030984789E71D4E90
:10D7E000218949B3002507E082789DF809309A42E3
:10D7F00018D00135A9421FD9E06805EB4502130195
:10D80000C35A00EB0210183B9BB2012B95BF96F850
:10D81000833190F82C30C3F34003DB09002BE8D1AF
:10D82000002FE1D10C4902AAFDF782FC40EA09036E
:10D8300021895FFA83F9DCE7A469002CD0D1BAE72B
:10D8400089CA00108DD60010C8220020F42F0210C3
:10D85000BC2F0210B447002059D60010002945D033
:10D86000F0B516460446002701EB410189B000EBF4
:10D8700081051922616801A811F002F89DF80430B1
:10D880000DF1040C8BB10DF1050E202BA3F16102FB
:10D8900007D06146192A98BF03F05F0301F8013BE6
:10D8A0008C461EF8013B002BEFD1304601A98CF8C5
:10D8B000007008F08BF928B90C34AC42D9D10020A3
:10D8C00009B0F0BD0A4D0B48D5F8C0309847D5F8DF
:10D8D000C03060689847D5F8C030074898476178ED
:10D8E0000120FFF7E7FE012009B0F0BD00207047DE
:10D8F000C82200203C3002104430021070B50446AB
:10D90000154D1648D5F8C0309847A3781BB1D5F807
:10D91000C030A01C98472078D5F8C06002F008FEFF
:10D92000B047D5F8C0300E4898476078D5F8C06049
:10D9300005F0EEFBB04723693BB1D5F8C03008488D
:10D940009847D5F8C03020699847D5F8C0300548C9
:10D95000BDE87040184700BFC822002048300210C0
:10D9600060320210082E021038B5044600880D46B9
:10D97000084402F0DDFD0D4902460D4B0320FFF780
:10D980009DFA29462046FCF7FBFF68B10446094D85
:10D990000948D5F8C03098472046D5F8C030984798
:10D9A0000648D5F8C0309847012038BD64280210D9
:10D9B00050300210C8220020342E0020D43402102F
:10D9C00038B5036A23B10B4B5B699847012038BD1A
:10D9D0000446094D0948D5F8C03098472088D5F845
:10D9E000C04002F0A5FDA0470548D5F8C0309847D3
:10D9F000012038BDA8210020C82200206428021080
:10DA00005430021038B50B4BD3F8C05010B1FE287B
:10DA1000044603D10848A847002038BD02F088FD1D
:10DA2000064B024606490320FFF748FAA84720465E
:10DA300038BD00BFC82200205C300210D434021070
:10DA40006430021070B5044689B1437873B1194D42
:10DA50000846D5F8C0309847D5F8C0306068984778
:10DA6000D5F8C0301448BDE87040184770BD114D5E
:10DA70001248D5F8C03098476078D5F8C06002F0F9
:10DA800057FDB047D5F8C0300D4898472078D5F8F5
:10DA9000C06002F04DFDB047D5F8C0300848984747
:10DAA000D5F8C03060689847D5F8C0300548BDE863
:10DAB00070401847C8220020D43402106C30021085
:10DAC00064740210082E021070B50C46114D064603
:10DAD000D5F8C03010489847611ED5F8C0300329EA
:10DAE00005D8DFE801F01411020E0C4898473046C3
:10DAF000D5F8C0309847D5F8C0300948BDE8704027
:10DB0000184708489847F2E707489847EFE707485B
:10DB10009847ECE7C82200207C30021098300210B1
:10DB2000082E0210A03002108C3002108430021037
:10DB300010B5036986B08168427904930379A1F135
:10DB4000100C43EA0223BCF1030F98BF43EA0143E0
:10DB50004469C1688DF801208DF80040059341B1FA
:10DB60000DF1020011F050FA6846FFF7C7FE06B04B
:10DB700010BD68468DF80210FFF7C0FE06B010BD5C
:10DB800070B5054609F016F898B1466844780A4B16
:10DB9000D3F8B830984718B121463046FFF794FFC4
:10DBA0002DB9064BD3F8C0300BB10548984728462D
:10DBB00070BD0446024EEAE7C8220020A8210020DA
:10DBC000442F021082B0019111F00701034609D0E1
:10DBD000274AC80740D552F8040B4908007803F8D3
:10DBE000010BF6D12C219DF8052003F8011B12F042
:10DBF000070209D01E49D00731D551F8040B52084D
:10DC0000007803F8010BF6D12C219DF8062003F8CB
:10DC1000011B12F0070209D01549D00722D551F88F
:10DC2000040B5208007803F8010BF6D12C219DF863
:10DC3000072003F8011B12F0070209D00C49D00796
:10DC400013D551F8040B5208007803F8010BF6D1F4
:10DC500000221A7002B0704749080432B9E752082E
:10DC60000431C8E752080431D7E752080431E6E727
:10DC70007474021070B50446E9B9204D2048D5F8F7
:10DC8000C03098472078D5F8C06002F051FCB0470A
:10DC90001C48D5F8C03098471A48D5F8C030984786
:10DCA000606810B1D5F8C0309847D5F8C030164834
:10DCB000BDE870401847007802F03AFC1349FEF7BF
:10DCC000E9FE12491248FEF7E5FE124A64680B4D60
:10DCD000002C08BF1446D5F8C0300F48984720469E
:10DCE000D5F8C0309847D5F8C0300B489847D5F8DC
:10DCF000C0300A48BDE87040184700BFC822002065
:10DD0000A830021064740210082E02106032021053
:10DD1000142E0210442F0210F42D0210D4340210DD
:10DD200070B50446E9B9204D2048D5F8C030984771
:10DD30002078D5F8C06002F0FBFBB0471C48D5F84E
:10DD4000C03098471A48D5F8C0309847606810B17D
:10DD5000D5F8C0309847D5F8C0301648BDE87040B7
:10DD60001847007802F0E4FB1349FEF793FE1249CE
:10DD70001248FEF78FFE124A64680B4D002C08BF54
:10DD80001446D5F8C0300F4898472046D5F8C03023
:10DD90009847D5F8C0300B489847D5F8C0300A48A6
:10DDA000BDE87040184700BFC8220020B430021000
:10DDB00064740210082E021060320210142E021039
:10DDC000442F0210F42D0210D434021010B40A4B68
:10DDD00093F81031DB070BD5084C0948094A0A4B68
:10DDE0000A491C600A4B5DF8044B08601A607047D2
:10DDF000084C0948094AF2E7B447002091CD0010C9
:10DE000049CE001011CB0010943100209031002039
:10DE10009831002011CD001031CE001001CB001040
:10DE200038B5074B0446D3F8B8300D46984728B1AB
:10DE300029462046BDE83840FFF746BE38BD00BF42
:10DE4000C822002070B50A4C0546D4F8B83098476F
:10DE500068B1D4F8C030074898472846D4F8C03095
:10DE60009847D4F8C0300448BDE87040184770BDEA
:10DE7000C82200207C300210082E0210064B10B57C
:10DE8000D3F8B8300446984728B12046BDE8104082
:10DE90000221FFF719BE10BDC822002070B506464A
:10DEA0000D460B4C0B48D4F8C03098473046D4F898
:10DEB000C0309847D4F8C030074898472846D4F86F
:10DEC000C0309847D4F8C0300448BDE870401847C7
:10DED000C8220020C0300210CC300210082E0210E0
:10DEE00038B50D4600210446FDF754F838B10188D5
:10DEF000044B2A465B69611A9847002038BD3520DB
:10DF000038BD00BFA82100202DE9F84F05468846FE
:10DF1000FCF706FE002406463389B6691C44002E31
:10DF2000FAD1FCF7FDFD0421834620460DF01AFAD4
:10DF30008146002800F08680BBF8081000296DD0CB
:10DF40000746B246DBF80C400AEB4A000301E35AED
:10DF500004EB0014183B9BB2012B4CD994F82C30E5
:10DF6000DB092BB9002D4CD1237F043B012B48D971
:10DF70000AF1010A5145E5D82DB3DBF818A0BAF132
:10DF8000000F20D0BAF80820C2B10025DAF80C3012
:10DF900005EB450403EB041494F92C30002B0ADB49
:10DFA000A36A2BB1002120469847BAF8082010B187
:10DFB000013647F8044B0135AA42E7D8DAF818A031
:10DFC000BAF1000FDED10422314648462B4B0FF048
:10DFD00017FD5EB10024A9F104054246284955F811
:10DFE000040F0134FDF7A4F8A642F6D14846BDE877
:10DFF000F84F0DF0D7B9234B93F88331C3F34003A7
:10E00000AFE7A36A33B1002120469847BBF8081058
:10E010000028ADD0013647F8044BA9E72DB90422FA
:10E020002946164B0FF0ECFCE0E7DBF818A0BAF13C
:10E03000000F01D04F46A5E7042231460F4B0FF0E9
:10E04000DFFCD3E7A4B10025DBF80C3005EB45007D
:10E0500042460B4903EB00100135FDF769F8AC426D
:10E06000F2D1DBF818B0BBF1000FECD1BDE8F88FAE
:10E07000DBF818B0BBF1000FFAD1F7E789CA00103E
:10E08000C1D90010B447002030B5104C85B01049FC
:10E0900001A8FEF701FCD4F8C0300E4898470E4B9B
:10E0A00001A81B68D4F8C0509847A8470B4B1A7AB0
:10E0B000D4F8C03092074CBF09480A4898470A482C
:10E0C000D4F8C030984705B030BD00BFC82200204A
:10E0D0004C250020D0300210943100202025002053
:10E0E0008C33021094330210082E021070B50F4CBE
:10E0F0000F48D4F8C03098470E4D0F4B28461B6888
:10E10000D4F8C0609847B047D4F8C0300B4898475F
:10E1100015F8040CD4F8C05002F00AFAA847D4F855
:10E12000C0300748BDE87040184700BFC822002033
:10E13000D83002106C250020943100209431021058
:10E14000082E021070B5094C0948D4F8C030984721
:10E15000084B09481B68D4F8C0509847A847D4F822
:10E16000C0300648BDE87040184700BFC8220020F4
:10E17000E03002109431002080310020082E02107F
:10E1800070B50546154C82B0D4F8C0301448984795
:10E190002846D4F8C06002F0CBF9B047284601A960
:10E1A00006F088FED4F8C030A0B10E489847D4F8E5
:10E1B000C050019E07F0CCFC0146304602F0DCF96D
:10E1C00002F068FAA847D4F8C03007489847002002
:10E1D00002B070BD05489847F5E700BFC82200208F
:10E1E000E830021050300210082E0210F0300210F9
:10E1F00070B50546144C82B01448D4F8C030984726
:10E20000D4F8C03028469847284601A907F018F9E5
:10E21000D4F8C030A0B10E489847D4F8C050019E41
:10E2200007F096FC0146304602F0A6F902F032FAF9
:10E23000A847D4F8C03007489847002002B070BD06
:10E2400005489847F5E700BFC8220020E8300210D3
:10E2500050300210082E0210F03002102DE9F04F5D
:10E26000754B85B093F82E3083B1744C7448D4F854
:10E27000C0309847734BD4F8C0501E68F2F702FEC6
:10E28000B047A8477048D4F8C03098470025EEB290
:10E29000304601A9694CFCF7BBFC48B36B48D4F885
:10E2A000C03098470A2DD4F8C07000F092800B2D32
:10E2B00025D0092D664803D03046F2F7B7FD01306E
:10E2C000B8476448D4F8C03098475E4B01A81B6833
:10E2D000D4F8C06001359847B0475B48D4F8C030E7
:10E2E000EEB29847304601A9FCF792FC0028D5D140
:10E2F000594B07209B68984705B0BDE8F08FDFF8C1
:10E3000044815648B847D8F800305548D4F8C05032
:10E31000514E9847A847D4F8C0304B489847B36946
:10E32000002B00F083804FF0010A4E4FDFF84C9134
:10E3300006E0002A11DAB3690AF1010A534535D320
:10E340005046336A984705460028F4D097F8903134
:10E3500002695B07EDD4002AEDDDD4F8C0304248F5
:10E3600098472869D4F8C0B002F0E2F8D847D4F84A
:10E37000C0303E489847D8F800302846D4F8C0B09E
:10E380009847D847D4F8C03038489847D9F8003073
:10E39000E868D4F8C0509847A847D4F8C0302A4855
:10E3A0009847B3690AF1010A5345C9D297F88231F7
:10E3B000DA0711D42E4DFFF7C5FEFFF765FE95F87D
:10E3C000703063B9336E002B96D0984705B0BDE826
:10E3D000F08F2848B84774E7FFF788FEEAE7164B46
:10E3E00068469979F2F700FE2348D4F8C030984780
:10E3F000224BD4F8C0801A689DF8023005EB8305E3
:10E40000D5ED1D7A07EB431797ED0C7AF8EEE77A16
:10E41000C7EE877A17EE900A9047C047D4F8C0300D
:10E4200009489847336E002BCFD165E70D4F97F819
:10E430008231DA07BED5CFE7BC300020C8220020E9
:10E44000F830021094310020082E02100031021022
:10E450000831021094310210A8210020043102106A
:10E4600074310020B44700200C310210D82602106D
:10E4700020250020F82202101031021090310020D7
:10E480002DE9F041B04CB14DB148D4F8C0309847B7
:10E490002888D4F8C0608B2840F2B481AD48B047DA
:10E4A0002888D4F8C0608A3802F042F8B047D4F81F
:10E4B000C030A9489847287DD4F8C060F2F7B6FC70
:10E4C000B047D5ED307AF5EE407AF1EE10FA40F033
:10E4D000DB80D5ED2F7AF5EE407AF1EE10FA40F0C0
:10E4E000D380D5ED2E7AF5EE407AF1EE10FA40F0B9
:10E4F000CB809A4E337E022B00F0CF80D4F8C03010
:10E5000097489847A879D4F8C070113002F010F8F5
:10E51000B847EA78D4F8C030002A00F06181914809
:10E5200098472A79D4F8C030002A00F057818E48E5
:10E530009847D4F8C0308A489847A878D4F8C07073
:10E54000022816BF80F001005F205D3001F0F0FF6F
:10E55000B847337E022B00F07681EA79D4F8C030D8
:10E56000002A40F02D818148984795F82D20D4F855
:10E57000C030012A0CBF7E487E48984795F82E206F
:10E58000D4F8C030002A00F091807B489847F2F719
:10E590007DFC10F0070000F07281784A784BC107CB
:10E5A00040F12D8152F8041B4008097803F8011B43
:10E5B000F5D10021D4F8C0201970714890472B7E06
:10E5C000002B78D10020D4F8C070F2F705FE037854
:10E5D000DA0700F130816B48B84795F880301BB1FD
:10E5E000D4F8C030684898476B7ED4F8C020002B20
:10E5F00040F0F88065489047654F7B7FD90704D588
:10E60000D4F8C030634898477B7F5A0704D5D4F8C4
:10E61000C030614898477B7F980703D5D4F8C03055
:10E620005E48984796F82031590706D57B7F1A0730
:10E6300003D5D4F8C0305A489847D5F8D030D4F82C
:10E64000C060186901F074FF564902460220FEF7C7
:10E6500035FCB047544B286E1B68D4F8C05098471F
:10E66000524902460220FEF729FCA8470020F2F793
:10E67000B3FDC3689B7ADB0700F1C880D4F8C030D3
:10E680004B48BDE8F0411847344ED4F8C0304948F3
:10E690009847337E022B7FF431AF6B79002B40F02B
:10E6A000E4804548D4F8C030984727E74348984766
:10E6B0002B7E002B86D01E2BD4F8C02000F2D980F0
:10E6C000013B1D2B3FF67EAF01A151F823F000BFA7
:10E6D00083E8001095E800108FE80010C5E50010F1
:10E6E000C5E50010C5E50010C5E50010C5E5001042
:10E6F000C5E50010C5E50010C5E50010C5E5001032
:10E70000C5E50010C5E50010C5E50010C5E5001021
:10E71000C5E50010C5E50010C5E50010C5E5001011
:10E72000C5E50010C5E50010C5E50010C5E5001001
:10E73000C5E50010C5E50010C5E50010C5E50010F1
:10E74000C5E5001089E80010C8220020BC30002078
:10E750006831021070310210282F0210B4470020D7
:10E760007C31021020310210303102108031021051
:10E77000583102106031021090310210747402108E
:10E78000342E0020743E02107C3E0210C031021074
:10E7900020250020C4310210CC310210D4310210E7
:10E7A000DC310210E431021098310020E83102100F
:10E7B000082E0210743102101C3102109831021020
:10E7C00037489847EB79012B3FF4CFAE022B0CBFB3
:10E7D00034483548D4F8C0309847C6E63348A7E6F1
:10E7E00033489DE69F0702D5324890476B7ED80795
:10E7F0007FF502AFD4F8C0302F489847FCE64008B8
:10E800000432CCE601F094FEB04750E60020D4F884
:10E81000C050F2F7E1FC0021806801F0ADFE27490D
:10E8200002460220FEF74AFBA847D4F8C03024482D
:10E83000BDE8F04118470020F2F7CEFC03789B07B3
:10E8400015D52048C8E60020F2F7C6FCC3689B7ABD
:10E85000D8077FF582AE0020D4F8C070F2F7BCFC78
:10E860004378D3B11848B84777E618481AE71848EC
:10E87000B2E63C2B7FF4A6AE16489047A2E6164BB4
:10E8800097E6164890479DE6154890479AE6154842
:10E89000904797E61448904794E61448E3E700BF92
:10E8A00088310210503102105431021038310210F8
:10E8B00028310210843E0210BC310210EC310210EB
:10E8C000082E02106C3E021048310210183102105E
:10E8D000643E0210B4310210342E0020A431021024
:10E8E000AC310210A0310210A831021040310210E8
:10E8F00070B50B4C0D46D4F8C06001F019FE094B01
:10E90000024609490320FEF7D9FAB0472846D4F851
:10E91000C0309847D4F8C0300448BDE8704018476C
:10E92000C822002050300210F0310210D4340210FE
:10E9300070B506460C46094D0948D5F8C0309847D1
:10E940003046D5F8C0309847D5F8C03005489847CC
:10E95000054B2046BDE870409B681847C822002040
:10E96000F431021094310210A82100202DE9F04F5B
:10E970000546BE4C9BB0D4F8C030BD489847BD4852
:10E98000D4F8C06001F0D4FDB047BB48D4F8C03023
:10E9900098472846D4F8C0309847D4F8C030B748D4
:10E9A0009847002005F0E4F90246B54B93E80300D0
:10E9B0000190ADF8081010461AB1937ADE0700F105
:10E9C00074820DF109024E2194F8E63111709D0711
:10E9D00048BF4D21AB4E48BF517096F820514CBFF7
:10E9E000931C531CE90748BF502296F8821148BF78
:10E9F00003F8012B0A0744BF5A2203F8012B8F07A3
:10EA000044BF482203F8012B96F81A21120744BF8D
:10EA1000542203F8012B96F81421D70644BF412253
:10EA200003F8012B28B1827A90075CBF442203F8D7
:10EA3000012B96F8A920D20744BF302203F8012BFE
:10EA400094F8D421D70744BF532203F8012B680759
:10EA500044BF522203F8012B4A075CBF4C2203F843
:10EA6000012B94F8DC21170744BF2B2203F8012B5C
:10EA700096F80D21D5075CBF572203F8012BD4F877
:10EA8000A02012B1322203F8012B2C2101ADD4F8C1
:10EA9000C020198028469047D4F8C070F7F728FEA8
:10EAA00001F046FDB847D4F8C03077489847A06ACF
:10EAB000D4F8C07001F03CFDB847D4F8C0307248BB
:10EAC00098470320D4F8C070DFF8E48101F030FDEE
:10EAD000B847D4F8C0306C489847DFF8A0A1D8F800
:10EAE0001800D4F8C07001F023FDB847D4F8C03046
:10EAF0005046984706F03CF8D4F82431074698472A
:10EB0000624B814693E8030001900320ADF80810A2
:10EB100001F00EFD014628460FF0B2FD3A23002118
:10EB20008DF80A305A4B28461A68D4F8C0B01278CB
:10EB30008DF80B20D3E9012312788DF80C201B7877
:10EB40008DF80E108DF80D3010F036FB0346DAF814
:10EB50000000E8502846D84796F810C14D4B1CF0ED
:10EB6000400F0FCB85E80F0014BF4B4B4B4B1B687E
:10EB7000ADF814301B0C8DF8163096F88231D8079A
:10EB800000F1B981D4F81031002B00F0C081D4F825
:10EB9000143113B3284610F00FFB0346404A03CA52
:10EBA000E85094F8D60194F8D7212B445960C30952
:10EBB00002F001029B0043EA4203C0F380101843B5
:10EBC00001F0B6FC8246284610F0F6FA5146284479
:10EBD00010F0F2F82C4B1B88038094F9DC3194F888
:10EBE000DCA1002BC0F218821AF0200F40F0A081A7
:10EBF0001AF0100F40F0A7811AF0400F40F0AE81DC
:10EC000094F9D53194F8D5A1002BC0F2B581337EAB
:10EC1000022B00F0BF8194F8D631D90700F14D8165
:10EC2000D4F8BC3143B1284610F0C6FA03461D4A59
:10EC300003CAE8502B445960B9F1000F40F021811C
:10EC4000337F042B06D0D4F8E0301BB12846164998
:10EC50000FF016FD1AF0010F40F01F81284610F04A
:10EC6000ABFA0346114AE91824E000BFC82200208D
:10EC70002C3202105C00350194310210082E021073
:10EC800038320210B44700206032021040320210C5
:10EC90007474021048320210F8310210FC31021074
:10ECA00070320210A032021008320210AC32021090
:10ECB000A82100201068167994F8D721E85092070F
:10ECC0000E7100F1108107F0C5FF002840F00081AF
:10ECD000284610F071FA00F167030DEB030010F8FD
:10ECE000643C2C2B04BF002300F8643C2846D4F875
:10ECF000C03098470120D8F85C309847AC48D4F829
:10ED0000C0309847AB48D4F8C0309847D4F8C030EA
:10ED1000A9489847B4F8DC311E0400F1CC809BB2BE
:10ED20002946BBB194F8DC61A44A06F00806D8076E
:10ED300004D45B08D80702F10102FAD51078202824
:10ED400004D0442800D10EB101F8010B5B0802F198
:10ED50000102ECD100262846D4F8C0300E70984746
:10ED6000D4F8C030924898473B7813F0FB0F27D077
:10ED7000D4F8C0309248984794F87C318DF80460FC
:10ED8000042B00F055813B78032B00F05881022BB7
:10ED900000F04C818B4E284610F00EFA3146284484
:10EDA00010F00AF8D4F884210346002A40F0498183
:10EDB0002846D4F8C03098477D48D4F8C0309847EA
:10EDC000636B7BB1D4F8C0307F489847636BD4F84D
:10EDD000C0509847800A01F0ABFBA8477B48D4F8A5
:10EDE000C030984763685BB1D4F8C0307848984722
:10EDF000D4F8C030606898476D48D4F8C030984760
:10EE0000A3685BB1D4F8C03072489847D4F8C030DA
:10EE1000A06898476648D4F8C0309847E3685BB16B
:10EE2000D4F8C0306C489847D4F8C030E0689847B0
:10EE30005F48D4F8C030984763695BB1D4F8C030FC
:10EE400066489847D4F8C030606998475848D4F865
:10EE5000C0309847E36A6BB1D4F8C0306048984737
:10EE6000E06AD4F8C05001F063FBA8475D48D4F8CD
:10EE7000C03098470020D8F85C3098471BB0BDE8F8
:10EE8000F08FB9F1020F00F0CF80574928460FF0FC
:10EE9000F7FB1AF0010F3FF4E1AE284610F08CF9B1
:10EEA0000346524A1068E850D8E656230DF10A028C
:10EEB0008DF8093087E529464CE7284610F07CF9A3
:10EEC00003464B4A10681279E8502B441A71A7E6A2
:10EED000284610F071F90346464A10681279E85046
:10EEE0002B441A71F4E6444A04331068E918E850D8
:10EEF00013790B71E7E6414B18689B88CDF8160033
:10EF0000ADF81A30D4F81031002B7FF440AE28460B
:10EF100010F052F903463A4A94F8DCA103CA127879
:10EF2000E8501AF0200F2B4459601A723FF460AE7B
:10EF3000284610F041F90346324A1AF0100F1068C3
:10EF4000E8503FF459AE284610F036F903462E4AF1
:10EF50001AF0400F1068E8503FF452AE284610F007
:10EF60002BF90346294A94F8D5A11068E85094F982
:10EF7000D531002BBFF64BAE284610F01DF90346E5
:10EF8000234A10681279E8502B441A71337E022B01
:10EF90007FF441AE284610F00FF903461D4A106871
:10EFA00091889279E8502B4499809A7133E600BF9A
:10EFB000082E0210C4320210DC3202103874021023
:10EFC000E832021014320210003302101033021023
:10EFD0001833021024330210383302104C3302105D
:10EFE000543302106433021000320210A8320210AF
:10EFF00098320210BC320210B43202105C3202109D
:10F00000643202107C32021080320210843202100C
:10F010008832021090320210284610F0CDF80346D4
:10F02000114A1068E850DFE510492FE7104EB2E6AC
:10F03000284610F0C1F80F4B1B882B52A3E60E4E4A
:10F04000A9E6900A0D4A12881A8001F071FA064664
:10F05000284610F0B1F8314628440FF0ADFE084BB9
:10F060001B880380A4E600BF783202100C32021025
:10F0700024320210F83202101C320210282F021023
:10F08000FC3202102DE9F04F8FB0FDF7A7FC0023F2
:10F0900003934FF00203804C0546804908A88DF881
:10F0A0000030FDF7F9FBD4F8103113B198478DF813
:10F0B0000000D4F8C4307A48984703F01FFADFF80C
:10F0C0000CB207469BF8803013B1082800F0CF80BF
:10F0D0002B0E0493202F4FEA2563019300F2BA8090
:10F0E000202F26D8DFE817F046044D0461042500E0
:10F0F00038042500250025000004250025002500F2
:10F1000025002500250025002704250025002500D1
:10F1100025002500250025002500250025002500C7
:10F1200025002500250025003F04D4F8C4305D48A3
:10F1300098475D4E96F80C8118F0010840F0A780C2
:10F140000DF120090DF12C0A40460121F1F7B6FE20
:10F1500099ED007A07EE900A77EE677A08F10108D8
:10F16000B8F1030FE9EC017A4AF8040BECD196F8F8
:10F170000C21D4F8C430D20700F18B804B4898475B
:10F180004B4B08A81B68D4F8C4809847C04796F832
:10F190000C31980718D5D4F8C43046489847D4F8AD
:10F1A000C480F7F7DDFD01F0C3F9C0474248D4F849
:10F1B000C4309847D4F8BC30D4F8C480984701F0E4
:10F1C000B7F9C04796F80C31590700F17482002056
:10F1D00004F0CEFD836A82469847C3B2029396F844
:10F1E0000C311A077FD5354BD4F8C480D3F8009082
:10F1F0009AF80A30DB076BD5F8F7C4FEC8473049E8
:10F2000002460220FDF75AFEC047029BD4F8C48094
:10F2100013F0010040F03B8301F08AF926490246D1
:10F220000220FDF74BFEC047DAF83C30002B58D0E7
:10F230000120D4F8C4809847006810F05DF901F00F
:10F2400077F91D4902460220FDF738FEC04796F8BF
:10F250000C3148E0802F3FF468AF40F2F982B7F5F7
:10F26000807F00F08E83B7F5007F7FF462AF0E4E93
:10F27000D4F8C4301348984796F80C812B0E0493A9
:10F2800018F001084FEA256301933FF459AFD4F811
:10F29000C4300D4873E700BFC8220020AC25002011
:10F2A000A8330210F0330210B44700207433021068
:10F2B0009431002000340210603202109831002096
:10F2C00010340210F83302106C330210BC300020EE
:10F2D000F8F758FEC847AB4902460220FDF7EEFD9D
:10F2E000C04796F80C31D8064DD5E36D9847079086
:10F2F00002F080F9E36E5FFA80F99847024644F223
:10F30000840CDFF8A882009898F82730C0F3400EEC
:10F31000C3F3801343EA920303F001038EF0010E5E
:10F320009B00B8F8081000F0010043EACE1343EA4E
:10F33000803322F481420CEA030C22F0040201F033
:10F34000D0014CEA0202B1B194F8DC31990605D43F
:10F3500098F80810C1F3801161F34512DB0605D45B
:10F3600098F80830C3F3001363F3041294F8DD3106
:10F37000180740F141821FFA82FC59EA0C0340F061
:10F38000468296F80C3113F0400200F07D81DFF8E0
:10F39000308298F80020002A00F03A8115F04001F0
:10F3A00040F03681013AD2B261F3861588F8002028
:10F3B000092A03D917B9092388F8003096F80C31C7
:10F3C00013F0200200F05D816F490A78002A00F0F6
:10F3D0003C81E80500F13981013AD2B20A70092A6C
:10F3E00002D90FB909220A7025B99BF88020002A9A
:10F3F00000F0F080C5F30722EF059146049210D586
:10F4000013F0010F0BAB059340F0D881D4F8C43052
:10F410005E4898475E4B05981B68D4F8C4709847BF
:10F42000B84719F0020F0AD0D4F8C43059489847A9
:10F430009BF81400D4F8C470F1F7F8FCB8476806DC
:10F44000EFB200F16D8117F0B00F4FFA87FA03D1D8
:10F450009BF88030002B34D0A36F98474E4A4F4B17
:10F46000C0B21A60029AD10740F1398112F0020F3E
:10F470000CBF53224322043303F8012C029A910655
:10F4800006D594F8D521D20744BF452203F8012BB5
:10F49000C10744BF462203F8012B820744BF4D2217
:10F4A00003F8012B9BF880202AB1BAF1000FA4BF0A
:10F4B000542203F8012B002238481A70D4F8C430C3
:10F4C0009847B80700F10D81354B1D4216D0B38A1D
:10F4D000A3B1DFF8D880D4F8C43098F80920920797
:10F4E0004CBF30483048984798F809309B0705D5FD
:10F4F000B08AD4F8C48001F01BF8C047F80709D5DA
:10F500002A4B93F88420D4F8C430002A40F0548168
:10F510002748984779071ED5DFF8908098F80C2087
:10F520002AB996F8823113F0220F14D0072298F8E6
:10F530004810D4F8C4308A430CBF1E4A1E4A1F49E3
:10F5400002200293FDF7BAFC029B984796F882319D
:10F550009A0700F18F813B0703D5337E022B00F021
:10F560006082BAF1000FC0F24E826F0300F1028197
:10F57000049B180600F10F8119F0080F2AD00B4BDD
:10F58000586C1FE0183402102E550020243402104D
:10F59000943100202C3402107C413A00342E00209B
:10F5A000010000807C3302108433021020250020EB
:10F5B00090330210703B0210643B0210443402107E
:10F5C00029550020411C05DBD4F8C47040F0378178
:10F5D000B248B847B24BD3F8843023B1B14AD4F81B
:10F5E000C400516A9847019B002B50DB96F80D31FF
:10F5F0009A0700F1E181D4F8C430AB489847002065
:10F60000FDF7F2F9039B002B4ED10FB0BDE8F08F50
:10F6100017F07C0F45F0400540F0E680092288F89D
:10F620000020019A002AFFF6CBAE15F0100F029BC6
:10F6300018BF012363F30415AB0640F127820123B1
:10F6400098F8002063F34515B2E617F07C0F45F4F7
:10F65000807540F0C28009220A70019A002AFFF6E4
:10F66000C3AE6A0606D48F4A527A500707D5049A69
:10F67000920604D44FF4807225F4807503920A78C0
:10F68000ADE662F30825AFE662F3861598E6D4F896
:10F69000C43086489847834B5B79002BABD0D4F8B5
:10F6A000C43083489847A6E74FF48070FDF79CF973
:10F6B0000FB0BDE8F08FF7F7CFF800283FF487AD23
:10F6C000806900287FF783ADD4F8C48000F030FF54
:10F6D000784902460220FDF7F1FBC04777E5033386
:10F6E000CCE6F1F7D3FB10F0070000F02E82724A4F
:10F6F000724BC10711D552F8041B4008097803F872
:10F70000011BF6D100226E481A70D4F8C430984715
:10F710006A48D4F8C4309847D6E640080432E8E78F
:10F72000DFF88081D4F8C430D8F81000059300F0D9
:10F73000FFFE644902460220FDF7C0FB059B984787
:10F74000D8F81400D4F8C48000F0F2FE5E490246F6
:10F750000220FDF7B3FBC047DAF80430D4F8C480C8
:10F76000D86800F0E5FE584902460220FDF7A6FBE6
:10F77000C04768E6009BD4F8C470C3F3811000F062
:10F78000D7FE524902460220FDF798FBB847049B7A
:10F7900018067FF5F1AE434BD4F8C47093F87000AF
:10F7A000003818BF012000F0C3FE4949024602207C
:10F7B000FDF784FBB847DFE64648AAE61F464FF050
:10F7C000000840460121F1F779FB08F10108B8F182
:10F7D000030F47F8040BF4D118E61D220A70019AB2
:10F7E000002ABFF63EAFFFE5132288F80020019AF9
:10F7F000002ABFF61AAFE3E598F80830DB0963F397
:10F80000CB221FFA82FC59EA0C033FF4BAAD2B4B12
:10F810003149043303C943F8040C1970B9F1000FDE
:10F8200002D0510540F16581BCF1000F40F03781F5
:10F83000002222481A70D4F8C4309847A1E500F09D
:10F8400077FE264902460220FDF738FBB847C1E69D
:10F85000402F7FF46EAC134BD4F8C46093F82800AB
:10F8600000F066FE1E4902460220FDF727FBB04766
:10F870001C4E5FE498F84800D4F8C48000F058FEAD
:10F88000114902460220FDF719FBC04763E6DAF88A
:10F89000043058680FF030FEBEE400BF6034021040
:10F8A000A8210020202500207C340210683402109A
:10F8B000743402100834021074740210342E0020C4
:10F8C0003C34021034340210603202104C34021006
:10F8D00050340210883302101C34021058340210C5
:10F8E000E8330210B4470020D4F8C430A348984746
:10F8F000A34AA44E92F83830127A012B02F020026B
:10F90000D9B200F00881A04B1978002900F0E880F6
:10F910009DF80000C0F30001197000F00103002AF7
:10F9200040F0E180002B3FF405ACD4F8C430974898
:10F930009847FFF7FFBB924BD4F8C46093F82900B7
:10F94000013800F0F5FD924902460220FDF7B6FAB3
:10F95000B0478C4EFFF7EEBBD4F8C4308D489847C3
:10F96000884EFFF7E7BBD4F8C4308B489847854EE4
:10F97000FFF7E0BBD4F8C43088489847814EFFF7C2
:10F98000D9BB2B16002B7F4E03DB96F80D315907A0
:10F9900005D57B4B93F88000002840F0C680D4F852
:10F9A000C4307F489847FFF7C5BBD4F8C4307D48C2
:10F9B0009847744EFFF7BEBB0020F1F70DFC7A4B61
:10F9C000DBED187AD3ED006AF4EE667AF1EE10FA08
:10F9D000DBF8D02090ED027A1169744A2AD0744E77
:10F9E000C3ED007A82ED007A31604FF48051236CD0
:10F9F000704898476B057FF5FEAD4FF40051236CBE
:10FA00006C489847F7E5DBF8D030D4F8C470186933
:10FA100000F08EFD684902460220FDF74FFAB84714
:10FA2000A3E59BF80520D4F8C430002A35D06348FC
:10FA3000984796E5D2ED006AF4EE476AF1EE10FAC7
:10FA40005B4ECDD130688842CAD1DBED307AF5EE1D
:10FA5000407AF1EE10FA40F08F80DBED2F7AF5EE70
:10FA6000407AF1EE10FA40F08780DBED2E7AF5EE69
:10FA7000407AF1EE10FA14BF01210021504A1378A8
:10FA80008B4264D083F001031370AEE7A36F9847F5
:10FA9000C3B2003B18BF0123D2E54A48C8E71204AD
:10FAA0001BD494F8DC01484A00F008001CF0010F58
:10FAB00006D14FEA5C0C1CF0010F02F10102F8D0F4
:10FAC0001178202904D0442900D108B103F8011B82
:10FAD0005FEA5C0C02F10102E8D100221A70A7E68D
:10FAE000002A3FF427ABD4F8C43038489847FFF7D2
:10FAF00021BB19F007090BD0354919F0010F20D0AF
:10FB000051F8040B5FEA5909007803F8010BF4D1AE
:10FB10000021197088E696F80D3118077FF5F3AECD
:10FB2000194B1970002ADED1FFE6D4F8C48000F02A
:10FB3000FFFC284902460220FDF7C0F9C047FFF745
:10FB4000F9BA4FEA59090431D7E7234BDAE54022E5
:10FB5000224923480EF018FD00283FF44BAF204EF9
:10FB60001E4F0FCF0FC60FCF0FC60FCF0FC697E890
:10FB70000F0086E80F0038E701217FE7B433021059
:10FB800020250020B44700202B550020B833021058
:10FB9000BC330210C8330210C4330210AC3302105D
:10FBA000D8330210E0330210D02F00203C4A00204E
:10FBB000D05000205C2500204834021098330210F9
:10FBC00020550020A0330210387402108C3302102C
:10FBD00074740210D0330210342E0020BC30002088
:10FBE0003C36002040F27E33994212D070B50C466C
:10FBF000064600212046FBF7CDF940B10288A2F16C
:10FC00001803012B08D990F82C50ED095DB135206F
:10FC100070BD1146FDF74EBD064B93F88351C5F3F9
:10FC20004005002DF3D10146A21A3046FDF71AFA1D
:10FC3000284670BDB44700202DE9F0410D46064628
:10FC400000212846FBF7A6F9002832D00388044695
:10FC5000183B9BB2012B2FD990F82C30DB0943BB0A
:10FC60002846FBF7ABFADFF8908007466EB9D8F864
:10FC7000C0301A4898472846D8F8C05000F058FCC1
:10FC8000A8471748D8F8C0309847D8F8C030CFB147
:10FC90003846984794F82C30DB0705D53A78D8F8E1
:10FCA000C030CAB90F4898471EB9D8F8C0300E48BE
:10FCB00098470020BDE8F0810C4B93F88331C3F3E3
:10FCC0004003CCE70A48984794F82C30DA07EBD584
:10FCD000D8F8C0300348E6E70648E4E7803402106D
:10FCE00064740210542E0210082E0210B447002033
:10FCF000442F0210502E0210C82200202DE9F0419E
:10FD0000294F0646BB6F9847044626B1274B284823
:10FD1000D3F8C030984700252388A4681D44002CE0
:10FD2000FAD1BB6F98470421044628460BF01AFB12
:10FD3000074650B3218859B184460023626802EB1C
:10FD4000C30201338B424CF8042BF7D100EB830044
:10FD5000A468002CEED1042229463846154B0DF03C
:10FD60004FFE4DB1A7F10408314658F8040F013495
:10FD7000FDF780FFA542F7D138460BF013FB0020BA
:10FD8000BDE8F081A468002CF9D02388002BF9D0BD
:10FD900000256068314600EBC500FDF76BFF238846
:10FDA0000135AB42F5D8EDE7A8210020C82200209C
:10FDB00090340210CDCA00102DE9F041294F0646BB
:10FDC000FB6F9847044626B1274B2848D3F8C0302C
:10FDD000984700252388A4681D44002CFAD1FB6FA6
:10FDE00098470421044628460BF0BCFA074650B356
:10FDF000218859B184460023626802EBC3020133B3
:10FE00008B424CF8042BF7D100EB8300A468002C44
:10FE1000EED1042229463846154B0DF0F1FD4DB1C7
:10FE2000A7F10408314658F8040F0134FDF778FFB4
:10FE3000A542F7D138460BF0B5FA0020BDE8F081B5
:10FE4000A468002CF9D02388002BF9D00025606825
:10FE5000314600EBC500FDF763FF23880135AB4257
:10FE6000F5D8EDE7A8210020C8220020D8340210E0
:10FE7000D9CA00102DE9F04781468A460025FAF7D5
:10FE80004FFE4278806915440028FAD1FAF748FEFF
:10FE90000421804628460BF065FA044600284AD023
:10FEA000864698F80170B7B100208446D8F804203F
:10FEB000236816187178A3B3224602E052F8043F73
:10FEC0007BB35B788B42F9D1013D0CF1010CBC4551
:10FED00000F10C00EAD1D8F81880B8F1000FE0D199
:10FEE000B9F1000F20D1204B0422294620460DF005
:10FEF00087FD85B10027A4F1040959F8048F98F80B
:10FF00000100FAF7B9FF18B151464046FDF79AFDD6
:10FF10000137AF42F1D120460BF044FA0020BDE892
:10FF2000F0874EF8046BD0E7104BDDE7D8F8188067
:10FF3000B8F1000FF2D098F80130002BF6D0002471
:10FF40002746D8F8045025446878FAF795FF18B189
:10FF500051462846FDF776FD98F801300137BB423F
:10FF600004F10C04EDD8E1E705D00010E5CA00105B
:10FF700038B5047894B9294D2948D5F8C030984748
:10FF80002848D5F8C03098472748D5F8C03098475A
:10FF900020462649FFF76EFF002038BD0546034680
:10FFA000A4F16101192998BF04F05F0403F8014B23
:10FFB0001C78002CF4D128461D4905F007FE30B10D
:10FFC0001C4B5B6E002BE7D09847002038BD2846BD
:10FFD000194905F0FBFD20B121460120FDF76AFB20
:10FFE000DAE7FAF79DFD2A46044641784068FDF7B6
:10FFF00035FC0028D0D1A4694CB160680028FAD043
:020000041001E9
:100000002A466178FDF72AFC0028F4D0C4E7034BA8
:100010000A48D3F8C0309847BEE700BFC822002086
:1000200020350210303502103C350210282F021006
:1000300048350210A8210020543502106035021006
:10004000F8B51D4B1D4C1E4E0FCB07C4B6F88620CD
:10005000237010042CD493B220461A4DA3B195F806
:10006000DC71194A07F00807D9071ED51178202935
:1000700006D0442900D11FB1044604F8011B2046D4
:100080005B0802F10102EFD12C23D6F8881000F8AA
:10009000013BFDF797FDD5F8C030084898470B485D
:1000A000D5F8C03098470020F8BD01325B08DBE787
:1000B0002046044DE8E700BF68350210342E0020CA
:1000C00020250020C822002038740210082E0210BB
:1000D00030B50D4B0D4C83B093E8070003C40C4DB5
:1000E0002270EB6D984701462046FDF76BFDD5F871
:1000F000C030A4F1080098470648D5F8C0309847AA
:10010000002003B030BD00BF78350210342E00202F
:10011000C8220020082E021010B5254C82B0636E54
:1001200098470246234B2449ADF8042003C983E8CD
:100130000300104610F0070037D0204A0733C107EC
:100140002BD552F8041B4008097803F8011BF6D19F
:100150002C219DF8052003F8011B12F0070209D09D
:100160001649D0071CD551F8040B5208007803F843
:10017000010BF6D194F8E421AAB1114A91781088C4
:100180009970D4F8C02018800A4890470D48D4F8D8
:10019000C0309847002002B010BD40080432CEE7BE
:1001A00052080431DDE7084AE8E70733D0E700BF2B
:1001B000C8220020342E00208C35021074740210E6
:1001C00084350210082E0210883502104FF0FF30DF
:1001D0002DE9F041F1F700F8C368DB6B002B3DD04F
:1001E0000546022098470246EB680020DB6BD76883
:1001F000984706461B4C1C48D4F8C0309847706995
:10020000D4F8C08000F094F9C047D4F8C030174843
:100210009847B069D4F8C08000F08AF9C047D4F894
:10022000C03012489847F069D4F8C06000F080F9F7
:10023000B047D4F8C0300D48984703213846D4F869
:10024000C06000F099F9B0470948D4F8C030984729
:10025000EB680020DB6B0BB1BDE8F0810320BDE84B
:10026000F08100BFC82200209435021060320210D5
:10027000082E021030B500241D4D85B0D5F8A831E8
:10028000CDE90144039463B301AA20461949984774
:10029000029800EB4000C0000BF048F8D5F8A831F8
:1002A0000246039000B32046134901AA9847DDE9AE
:1002B0000210124B18220DF0A3FB029B01946BB1AC
:1002C0002346039803EB430300EBC300FDF716FB43
:1002D000DDE90132013393420193F2D303980BF02D
:1002E00061F8002005B030BD05499847F9E700BF27
:1002F000C8220020F1CA001075CE0010F9CA001003
:1003000031DB00100020704730B5194C8BB0D4F8A9
:10031000383153B301A8984738B3D4F8C0301548E2
:1003200098470698D4F8C05000F26C7000F000F9BD
:10033000A847059910480131FCF7F8FB04990E48CD
:10034000FCF7F4FB03990D48FCF7F0FB02990C480D
:10035000FCF7ECFB01990A48FCF7E8FB0948D4F8E4
:10036000C030984700200BB030BD03200BB030BD2B
:10037000C8220020A8350210F82D0210B035021056
:1003800094310210082E021010B504460848214688
:1003900003F032FD0CB1002010BD03F083FD0028F6
:1003A000F9D1044B0448D3F8C0309847002010BD61
:1003B00061CB0010C8220020B435021010B5484CA3
:1003C00082B0D4F8B030002B56D00020984783B2CA
:1003D00001900BB3D4F8C030424898479DF80420F0
:1003E00012F0070277D04049404BD00741D551F871
:1003F000040B5208007803F8010BF6D100219DF898
:1004000005201970002A3AD1D4F8C03037489847EF
:100410003748D4F8C0309847BDF8063003B3D4F855
:10042000C030344898479DF8062012F0070254D097
:100430002D492E4BD00719D551F8040B52080078DE
:1004400003F8010BF6D100219DF80720197062BB5B
:10045000D4F8C030254898472548D4F8C03098478C
:10046000D4F8B03000203BB102B010BD52080431C6
:10047000E0E752080431B8E7032002B010BD2C2198
:1004800012F0070203F8011B09D01749D00709D55C
:1004900051F8040B5208007803F8010BF6D1002242
:1004A0001A70B1E752080431F0E72C2112F007026C
:1004B00003F8011B09D00C49D00709D551F8040BEA
:1004C0005208007803F8010BF6D100221A70BFE73A
:1004D00052080431F0E7054B90E7044BB3E700BF47
:1004E000C8220020D035021074740210342E00206F
:1004F000082E0210E0350210014B14209B681847AB
:10050000A8210020084B30B49C46084CDD6B0FCC72
:10051000ACE80F0094E803008CE8030015B12B460B
:1005200030BC184730BC7047A82100204C74021022
:1005300000210F4A917320B93023104600F80D3F77
:10054000704710B40B4C034602F10E001946A4FB91
:1005500003C2D20802EB820CA3EB4C03303309290F
:1005600000F8013D1346F1D85DF8044B704700BF19
:10057000642E0020CDCCCCCC07EE100AB5EEC07AAC
:100580000022F1EE10FA3D4B70B59A733C4B48BF18
:10059000F1EE477A03EB8103D3ED006A58BFF0EE2A
:1005A000477A77EEA67AFCEEE76A16EE904A0029C3
:1005B00048D0F8EE666A012977EEE67A57D00B4606
:1005C000DFED306A023B012B67EEA67AFAD8CB0743
:1005D0004DD4FCEEE77A17EE903A2B4D01395FFAD5
:1005E00081FC2A4EA5EB0C0E6A1C002B44D0A6FB06
:1005F0000310C00800EB8001A3EB410303F13001BD
:100600000346C9B202F8011D9645EED12E22A5EB94
:100610000C0303F8012CDCB11C4D581E2146A5FB30
:100620000423DB0803EB8302A4EB420230320929E6
:100630001C4600F8012DF1D8B5EEC07AF1EE10FAA3
:1006400010D470BD2E22124B03F8012C002CE3D1E4
:10065000B5EEC07A3022F1EE10FAA3F1020003F8F1
:10066000022CEED52D2300F8013C013870BDF2EECE
:10067000046A67EEA67AACE73021C3E7642E002057
:10068000807402100000C842712E0020CDCCCCCC6A
:10069000722E002010B52E2104460EF025F888B1E8
:1006A00020460EF089FD431EE25C2344302A05D12A
:1006B000002103F801191A78302AFAD02E2A04BF33
:1006C00000221A70204610BDF0B50B68C418C35C38
:1006D0002D2B4BD02B2B0ABF637804F1010C04F1B6
:1006E000020C002B40D0002635463446B646214F3A
:1006F000303B092B23D85DBB8BB974B30EF1010ECF
:10070000BC422AD91CF8013B0126002BF0D1ACEBEE
:10071000000C0CF1FF33146000200B60F0BD0EF1F3
:10072000010EBEF1090FEBD9042BE9D91CF8016BBE
:10073000A6F13003002EEAD0092BDDD901260233C1
:1007400010D17DB91CF8013B63B1303B092B09D8AE
:1007500073B9BC424FF00105D4D804EB840403EB19
:100760004404CFE7002ED2D10220F0BD0420F0BD1A
:100770001720F0BD999999192DE9F0410B680746AA
:1007800010F8038000EB030CB8F12D0F06D0B8F180
:100790002B0F03D043460CF1010C03E09CF8013011
:1007A0000CF1020C1846002B4ED0002005460446E2
:1007B000864606460FE003B90CB10EF1010EBEF1FC
:1007C000090F43D8012004EB8404761B03EB440497
:1007D0001CF8013B53B1303B092BECD9023305D156
:1007E00025B91CF8013B0125002BF4D160B307EEBD
:1007F000904AF8EE677AF5EE407AF1EE10FA17D0EB
:10080000751C0CDA9FED177A334602335C1C67EED9
:10081000877AFADB0236734223F001031E44731C0D
:100820001AD02EB1B2EE047A013E67EE877AFBD180
:10083000B8F12D0F08BFF1EE677AACEB070C0CF1A5
:10084000FF33C2ED007A0B60BDE8F08115B90120DD
:100850000136BDE72846BBE79FED037A67EE877A4E
:10086000E6E700BF0AD7233CCDCCCC3D07EE900A8B
:10087000F4EE677AF1EE10FA0FD6F6EEE76A77EE4D
:10088000E67A9FED077AF0EEE77AF4EEC77AF1EEBA
:1008900010FA4CBF0120002070470020704700BFB5
:1008A0006F12833A07EE900AB3EE047A67EE877A06
:1008B000FAFE677AFCEEE77A70B517EE904A5CB103
:1008C0000D460B4E55B9F7F711FF50B100213220FC
:1008D000F36B9847013CF5D1012070BDF7F72EFC72
:1008E00008B9002070BD01F0F9FD0028F9D1EDE74D
:1008F000C822002010B59FED1B7A044600F10C03BE
:1009000073ED017AF5EE407AF1EE10FA18BFA7EE1A
:10091000A77A9C42F4D1B5EE407AF1EE10FA1AD4DF
:10092000F1EEC75AB7EE005AD4ED026A85EE256A99
:1009300094ED017AD4ED007A66EE866A27EE067AA7
:1009400067EE867A15EE900AC4ED026A84ED017AAC
:10095000C4ED007A10BD17EE100A0EF0FDFD05EE95
:10096000900ADFE70000000030B500249FEDB47B63
:1009700022464FF0FF31B44B944603ED027BA3F1C6
:10098000180ECEE90111C3E900449C60AF4C43F856
:10099000181CCEF80C1010F8013BE15C490700F17F
:1009A0008080542B59D000F286802D2B55D03A2BC5
:1009B00053D053BB0CF1FF31042926D8DFE801F0F6
:1009C0001D20202090002D2B40F08681A2F2B273D2
:1009D000812B40F2168110F8013BE25C550700F1D3
:1009E0001A81542B00F0758100F27E812D2B00F0CE
:1009F00070813A2B00F06D813BB900234FF0010C60
:100A000000220CF1010C002BC5D1DEE904130B43CD
:100A1000DEE9020213430343DEE900210B431343E3
:100A2000002B40F396808A4830BD3A2B40F0E68098
:100A3000172A40F2AF8010F8013BE25C520700F148
:100A4000B180542B06D000F225812D2B02D03A2BF9
:100A500040F002814FF0040C0022BCF1050F00F2BF
:100A60004C8101A151F82CF0C7090110570B01105E
:100A7000EB0A01102B0A0110810A0110150B01105D
:100A80003A2B40F0EC803B2A00F29680CEF804200E
:100A900010F8013BE25C550740F1948000224FF0D2
:100AA000050C02EB8202A3F1300101EB4202002BA4
:100AB0007FF471AFA9E75A2BA7D10CF1FF310429BC
:100AC00000F21B8101A555F821F000BF010A0110B9
:100AD000010A0110010A0110010A0110430B011063
:100AE0003B2A92D8CEF800208FE7542B4FD1002A12
:100AF00073D0DEF81030574D23EAE371012B695CA7
:100B000000F0D580914201D3CEF80C2000224FF0A6
:100B1000030C40E710F8013BE25C520700F18580CE
:100B2000542B00F0B18000F2BE802D2B00F0AC8081
:100B30003A2B00F0A980002B7FF467AF4FF0060C32
:100B40005EE73B2A01D8CEF8002000224FF0060CC9
:100B500021E7002030BD2D2B40F0C980013A0B2A3F
:100B600000F28080CEF8102010F8013BE25C5107C3
:100B70007DD4542B00F0AA8000F2B2802D2B00F01F
:100B8000A5803A2B00F0A280002B7FF43EAF4FF0FF
:100B9000020C35E7CEF8082010F8013BE25C510763
:100BA0007FF54FAF0022A3F1300102EB82024FF03C
:100BB000040C01EB42027AE710F8013BE25C5107BA
:100BC0003FF56CAF542B5CD068D82D2B59D03A2B05
:100BD00057D00022002B85D017E710F8013BE15CCD
:100BE0004D0754D4542B00F085806BD82D2B00F08A
:100BF00081803A2B7ED0002B7FF407AF4FF0030C9F
:100C0000FEE6A2F26C72CEF8142010F8013BE25C12
:100C100052077FF5E6AE6246A3F1300102EB820295
:100C20004FF0010C01EB420241E70022A3F1300139
:100C300002EB82024FF0060C01EB420237E700BFE5
:100C4000FFFFFFFFFFFFFFFF982100202985021013
:100C50008021002068740210002B7FF4D6AE4FF084
:100C6000040CCDE610F8013BE25C520781D500226E
:100C7000A3F1300102EB82024FF0020C01EB4202C1
:100C800015E74FF0050CE7E64FF0060CE4E64FF0F1
:100C9000030C06E75A2B7FF4B8AEE0E75A2B7FF43B
:100CA000B4AE00224FE75A2B7FF4AFAE46E7DEF832
:100CB0001430642B3FF426AF03F00303002B08BF6E
:100CC00001311FE75A2B7FF4A0AE97E74FF0020CDB
:100CD000C2E64FF0010CBFE662464FF0010C5AE647
:100CE0005A2B7FF492AE52E75A2B7FF48EAE4FF020
:100CF000010C85E64FF0030CAEE600220CF1010C6E
:100D000049E600BF034630B100205A1E134000F1EF
:100D10000100FAD170477047704700BF0346104684
:100D200042B3164A30B592F848C0CCB21CEA010F63
:100D30001FD011460322013A2CFA02FE1EF0010FC9
:100D400024FA02F511D0ED070FD5D3ED027A91ED1B
:100D5000187AF4EEC77AF1EE10FA0CD491ED1B7A02
:100D6000F4EEC77AF1EE10FA05DC0439043B002AF0
:100D7000E1D130BD7047002030BD00BF20250020EC
:100D80002DE9F04F2DED048BDFF8F88489B098F849
:100D90009970DFF8F494CDE900237A07DDED168A27
:100DA000DDF860A0D9F8043100F0A6809DF85C70F1
:100DB0009DF85D6000EB870292ED006A00EB860211
:100DC000D2ED006A01EB870292ED007A01EB860218
:100DD0009DED008A9DED019AD2ED007ABAF1000FE7
:100DE00005460C4676EE485A76EEC94A37EE485A22
:100DF00037EEC94A4FEA87074FEA860650DDBAF157
:100E0000010F41D00DF1080E38EE687AF4464FF02C
:100E10000F0B20686168A268ACE807000DEB0702C1
:100E200079EE687A82ED027A0DEB0602C2ED027A63
:100E30007046012298F89910984700B3BAF1000F54
:100E4000D4BF22462A4610685168926805AB1BF051
:100E5000080F07C366D038EE888A6F441BF0010F75
:100E600087ED058A50D078EE898A6E44C6ED058AF2
:100E70000122D9F8043198F8991005A8984709B0CB
:100E8000BDEC048BBDE8F08FB0EE443AF0EE653A6D
:100E9000B0EE644AF0EE455AF0EE434AB0EE635AC3
:100EA000F5EEC04AF1EE10FAF5EEC05A47DBF1EE6E
:100EB00010FAB5EEC04A71DDF1EE10FAB5EEC05A87
:100EC000C0F2EB80F1EE10FA40F2B580F4EEC55AB4
:100ED000F1EE10FA00F29A800DF1080EBAF1010F4E
:100EE00038EE687AF44692D028686968AA684FF0AC
:100EF0000F0BACE8070091E70122394609B0BDECC1
:100F0000048BBDE8F04F184734443544D4ED008AD3
:100F1000D5ED007AF4EEE78AF1EE10FA58BFF0EE64
:100F2000678AA2E7E31993ED008AEB19D3ED007A03
:100F3000B4EEE78AF1EE10FA38FE278A8DE7F1EE7B
:100F400010FAB5EEC04A00F18B80F1EE10FAB5EE62
:100F5000C05A51D4F1EE10FA0DF1080EB4EEC76A82
:100F6000F44640F3D280BAF1010F00F06781F1EE50
:100F700010FA4FF0080B28686968AA6837FE067AED
:100F8000ACE80700F4EEE76AF1EE10FA0DEB0702A9
:100F900082ED027A58BFF0EE667A45E7F1EE10FA7C
:100FA000B5EEC05A13DBF1EE10FA8FDD0DF1080E2D
:100FB000BAF1010F38EE687AF44600F02081286813
:100FC0006968AA684FF00E0BACE8070026E7F1EE5F
:100FD00010FA0DF1080E38EE687AF44640F2C4803B
:100FE000BAF1010F00F03E8128686968AA684FF0E5
:100FF000060BACE8070011E7F1EE10FA00F1A38050
:10100000F4EEC55AF1EE10FABFF666AF0DF1080E18
:10101000BAF1010FB4EEC76AF44600F0C480F1EEF5
:1010200010FA28686968AA684FF0000BACE807005E
:1010300037FE067AA6E70DF1080EBAF1010FB4EEFD
:10104000C76AF44600F0E380F1EE10FA2868696898
:10105000AA684FF0010BACE8070037FE067A91E76B
:10106000F1EE10FAB5EEC05A2BD4F1EE10FA0DF1F4
:10107000080EB4EEC76AF44656DDBAF1010F00F06F
:101080009E80F1EE10FA28686968AA684FF00C0B90
:10109000ACE8070037FE067AC0E6F1EE10FA0DF173
:1010A000080E38EE687AF44623D9BAF1010F00F041
:1010B000928028686968AA684FF0070BACE80700BF
:1010C000ACE6F1EE10FA9BDD0DF1080EBAF1010F5E
:1010D000B4EEC76AF44600F08680F1EE10FA286894
:1010E0006968AA684FF0040BACE8070037FE067A7F
:1010F00094E6BAF1010F00F0AD8028686968AA682B
:101100004FF0030BACE807003CE7BAF1010F36D013
:10111000F1EE10FA28686968AA684FF0090BACE88C
:10112000070037FE067A2DE7BAF1010F7AD0F1EE0B
:1011300010FA28686968AA684FF00D0BACE8070040
:1011400037FE067A6AE60DF1080EBAF1010F38EEA5
:10115000687AF44600F08E8028686968AA684FF0C3
:101160000B0BACE807000DE7BAF1010F13D02868AC
:101170006968AA684FF0020BACE8070002E7F1EEDD
:1011800010FA20686168A2684FF0090BACE807000C
:1011900037FE067AF6E620686168A2684FF0020B17
:1011A000ACE80700EEE6F1EE10FA20686168A2688C
:1011B0004FF0000BACE8070037FE067AE2E6F1EEEE
:1011C00010FA20686168A2684FF00C0BACE80700C9
:1011D00037FE067A22E620686168A2684FF0070BA6
:1011E000ACE807001AE6F1EE10FA20686168A26820
:1011F0004FF0040BACE8070037FE067A0EE62068D5
:101200006168A2684FF00E0BACE8070006E6F1EE4D
:1012100010FA20686168A268D346ACE8070037FE80
:10122000067AAFE6F1EE10FA20686168A2684FF026
:101230000D0BACE8070037FE067AEFE5F1EE10FA89
:1012400020686168A2684FF0080BACE8070037FE21
:10125000067A97E620686168A2684FF0030BACE855
:1012600007008FE620686168A2684FF0060BACE8C3
:101270000700D3E520686168A2684FF00B0BACE86B
:1012800007007FE620250020A8210020F0B52DEDE5
:10129000028B00260C468FB0074604A808EE102AE1
:1012A000CDE902660196F5F727FE9DF824304949FD
:1012B00023F0120343F0120301A88DF824300B969B
:1012C000FBF7EAFA032321463246DFF824E1FDB2B8
:1012D0009EF884C101A8013B25FA03F4E4072CFA27
:1012E00003F60ED5D1ED027A90ED027A68EE277AF8
:1012F000F4074CBF37EE277A37EE677A80ED027A33
:10130000013204380439002BE5D107EE902AF8EEBB
:10131000677AF5EE407AF1EE10FA9EED118A51D41B
:10132000B1EEE77A68EE077A2B4B04A95B7E01A841
:10133000CDED047A8DF82630F5F704FB0423274C15
:10134000274EA372E772F6F713F9F5F70DFE02E0E8
:101350000420336D9847F6F70BF9E36B13F0640F35
:10136000F6D0E76B1F4EBA0603D50621B36C1E48B4
:1013700098477B0603D50721B36C1B489847736ECB
:10138000984740EA10232B42ADF8000003D0082113
:10139000B36C15489847256C5DB90421736C1348EC
:1013A0009847F5F793FF0120A5720FB0BDEC028BB3
:1013B000F0BDF4F769FFF7F799F900200FB0BDEC25
:1013C000028BF0BD17EE900A0EF0C6F807EE100A79
:1013D000A8E700BFAC250020BC300020202500205D
:1013E000A8210020C8220020602500205C250020C4
:1013F000B44700200D4A92F8833113F0020308D05D
:10140000C0B290FAA0F30028B3FA83F308BF4FF0FC
:10141000FF3302EB431090ED117AD0ED127A0129DF
:1014200047FE877A17EE900A704700BFB447002046
:101430006D4B10B593F8484074B319B104F007022E
:10144000072A2AD003236849684A013B24FA03FC8F
:101450001CF0010F1BD0D2ED1F7AF5EEC07AF1EE31
:1014600010FA14D5D0ED027AD1ED1B6AF4EEE67ACB
:10147000F1EE10FA91ED187A58BFF0EE667AF4EEBC
:10148000C77AF1EE10FA77FE877AC0ED027A043857
:101490000439203A002BD8D110BDDFED556A4FF04A
:1014A000000E00F10C0201F10C0C72ED017A3CED22
:1014B000017A77EEC77AF0EEE77AF4EEE67AF1EEAB
:1014C00010FA09DD82420EF1010E07D0BEF1020FC3
:1014D00007D04FF0010EE8E78242E6D1BEF1020FDD
:1014E000B0D1D0ED004A93ED164AF4EEC44AD1EDE6
:1014F000006A90ED017AD1ED013A91ED026AD0EDEA
:10150000027AF1EE10FA34EEE65A77EE635A77EE8D
:10151000C67A06D493ED194AF4EEC44AF1EE10FAF5
:1015200013DD85EE857A74EE666AC7EE854A80ED36
:10153000004AB0EE474AB0EE637AA6EEA46AA4EE83
:10154000267A80ED026A80ED017AD3ED176AF4EE17
:10155000C76AF1EE10FA30DCD3ED1A6AF4EEC76A0E
:10156000F1EE10FA29D490ED027AD3ED186AF4EE78
:10157000C76AF1EE10FA07DCD3ED1B6AF4EEC76A16
:10158000F1EE10FA7FF55EAF91ED024A91ED017A2E
:1015900091ED006AC5EE274AC0ED026A85EEA75AB2
:1015A00076EEC46AF0EE477AA4EEA66AE6EE857A95
:1015B00080ED006AC0ED017A44E7D1ED013A91ED8A
:1015C000006A91ED027A85EE254AC7EEA54AC0ED84
:1015D000016A76EEE36AA4EE266AA6EEA47A80EDAE
:1015E000006A80ED027AC0E720250020B447002081
:1015F0006F12833A034643EA104343EA102303F091
:10160000FF0382B043EA106002B0704710B50D4C82
:1016100082B00190C4F8880000F070FF40F201131E
:10162000184201D1236C0BB102B010BDF4F72CFEAF
:101630000121054B04F140009B6C02B0BDE8104055
:10164000184700BF20250020C82200202DE9F041C6
:101650002C4CDFF8BC802146424603234FF0000E9D
:1016600094F81A6194F8825198F84870264806F068
:10167000010605F00805013B27FA03FC1CF0010FE9
:1016800022D036B198F80CC02CFA03FC1CF0010FE4
:1016900035D19FED1E7AD1ED1F7A77EE277AF5B11D
:1016A00094F884C12CFA03FC1CF0010F1ED14FF0FA
:1016B000000CC2ED187AC2F86CC02039043A043824
:1016C000002BD8D1BDE8F081C2F86CE0C2F860E030
:1016D000043A20390438002BCDD1BDE8F081B1EEB9
:1016E000477AC2ED187A82ED1B7AF1E7F1EE677A5C
:1016F0004FF0000CC2ED1B7AC2F860C0E8E790ED35
:10170000027AC8E7B4470020A8310020000000009A
:10171000202500202DE9F047DFF8A490C5B299F804
:101720008231180710D5032300240020224A013BF0
:1017300025FA03F1C90744BF42F8400C1460043A8B
:10174000002BF4D1BDE8F0878A464F460324DFF82A
:101750007480194E013C25FA04F3DA0718D599F87C
:101760008431E340DB071BD5D7ED1F7ABAF1000FB8
:1017700003D098ED027A77EE877A97ED1C7A46EDE2
:10178000107A67EE877A17EE900A0DF0B5FE30609A
:10179000203FA8F10408043E002CDBD1BDE8F0870F
:1017A000BAF1000F04D0D8ED027AF1EE677AE4E7DF
:1017B000DFED027AE1E700BFB42500200000000061
:1017C000B4470020A83100202DE9F04F2DED028B09
:1017D000044DA1B02F883FB1002021B0BDEC028B99
:1017E000BDE8F08F20250020CAB2BA49C3B2064630
:1017F00016A891F8854105930192F5F77DFBB64B4C
:101800009FEDB67A5B7EFFEE086A8DF86E3010AB06
:1018100003214FF0010C1846B8461D979DF86C70D7
:10182000AC4A27F0120747F01207DDF804908DF854
:101830006C705FFA86FA01390CFA01F740F8047D02
:101840002AFA01F7FF0729FA01FE10D5D2ED1F7A17
:1018500067EEA67AF4EEC77AF1EE10FA58BFB0EE52
:10186000677A1EF0010FC3ED027A18BF8846203A4E
:10187000043B0029DFD1B5EE407AF1EE10FACDF845
:10188000088000F0FE81964B30469B6E984708EE2C
:10189000100AB5EE408AF1EE10FA9DD0019B002BA4
:1018A00040F04481019B069301234FF0000B03EBB2
:1018B00044030893874BD94693F80D315E4613F0E5
:1018C000100F14BF65236423DFF824820993CDF839
:1018D00010B04FF0000A834913A8FAF7DDFF544611
:1018E00003237C4F13A897F884710FA910AA0397BC
:1018F0000796059F013B27FA03FC039F1CF0010F8D
:1019000027FA03FE16D00026764F1EF0010FD2ED07
:10191000027A47F823600AF1010A00F03E81B9F12A
:10192000020F01D0F1EE677AC0ED027A91F800C0A3
:1019300044EA0C0404380439043A002BD9D1D8F80D
:10194000A430079E2BB14A4618EE101A9DF81400D9
:10195000984707EE90AAB8EE677AB5EE407AF1EEB6
:1019600010FA00F1B281F1EEC77A28EE278A16A9A3
:1019700013A88DED168AEC72F4F7E4FF0423AB7222
:10198000F5F7F6FDF5F7F0FA029BDDF824A0223317
:1019900005EB83030393B9F1020F53D0504B5B6EF9
:1019A0009847BBF1010FADF82C00C3B2C0F307207C
:1019B00000F0E580BBF1020F00F0E780019943EAF7
:1019C000000212EA010B18D0584011EA000B00F097
:1019D000E2800B420CBF4FF0020B4FF0010B0126CF
:1019E00022EA01020792039A3D4B52680846D3F857
:1019F0009030594604929847079A032310A951F84A
:101A0000040D013B044222FA03FC0CD01CF0010F30
:101A100009D00120029F98409F420CBF002606F08B
:101A2000010624EA0004002BE9D1EC7256B1039BB5
:101A3000049A5B68D31A002B069AB8BF5B429342A4
:101A400000F32581F5F794FDE96B11EA0A0108D04E
:101A5000012940F0A780224B23485B6C9847FDF793
:101A600011FB0420D8F850309847600793D1F5F760
:101A70002DFC184A1A4BB2F880010021DB6B984705
:101A8000B9F1020F0CBF4FF001094FF00209059F99
:101A9000134B49469B6E38460CBF4C460024984772
:101AA000B2EE047AF7EE007A002C08EE100A4FF03E
:101AB000030438460D4B07FE877A10AA013C20FA32
:101AC00004F1C90716D5D3ED027A67EE877AC2ED25
:101AD000027A0FE0B4470020BC3000200000000074
:101AE000C8220020AC2500205C250020A831002061
:101AF000A8210020043B043A002CDFD1019B3BB11C
:101B0000754B21462046D3F890309847A346264689
:101B1000B5EEC08AF1EE10FA6EDD059B002B6BD09E
:101B2000089A531E002A67D00893D2E66B4BDFED6C
:101B30006C4A93ED5D7AB1EE477A93ED5E6AD3ED30
:101B40005F6A03EB481393ED0F5AC7EE247A67EEF2
:101B5000857AB4EEE76AF1EE10FA77FE867AF4EE53
:101B6000E76AF1EE10FAD3ED0C5A58BFF0EE667A40
:101B700067EEA57AFDEEE77ACDED067A94E6019A56
:101B800023EA020340EA030237E7019A20EA02004F
:101B900043EA000231E75E462FE7B9F1020F7FF416
:101BA000C3AEBFE611F0200F8A4604D04A4B06218F
:101BB0009B6C4C4898471AF0400F04D0464B0721C5
:101BC0009B6C48489847444B00210220DB6B9847A8
:101BD000B9F1020F65D01AF0040F04D03E4B092171
:101BE0009B6C404898472B6C002B69D13A4B0421E1
:101BF0005B6C3D4898473AE7019B002B34D0029B31
:101C00009C1C364B03EB4413D3ED007AF5EE407A7F
:101C1000F1EE10FA28D0F5EEC07AF1EE10FA019E3E
:101C20002D4B4CBF022101213046D3F8903098470C
:101C30002A4B20AA03EB4413D3ED007AF0EEE77AA7
:101C4000029B304602EB830310A94FF07E5243ED16
:101C5000107AFFF71BFB00283FF4BEAD00211E4B9E
:101C60000846D3F890309847059C01212046FFF79D
:101C700051FD0022AA72224695F848301A4385F891
:101C80004820012021B0BDEC028BBDE8F08F124B43
:101C90000F219B6C13489847F4F7F6FAF6F726FDE8
:101CA0009AE50D4C636E9847059BADF8300040EA0D
:101CB0001020184297D00821A36C0A48984792E751
:101CC000F4F7E2FAF6F712FD86E517EE100A0DF0CA
:101CD00043FC07EE900A48E6C8220020B4470020E3
:101CE0000000C842602500205C25002050B103465A
:101CF00010B4054C006859689A6807C402485DF83A
:101D0000044B704700487047A83100202DE9F0418E
:101D10004E4C4FF0000694F8833105469B0782B085
:101D2000C7B237D494F81A01DFF830812946D8F8C1
:101D3000583000F001009847D8F8A030F3B10120E6
:101D4000984707EA000414F0FF0417D0D8F8903041
:101D5000002B62D0E3074FF001064FF0010204D4DC
:101D600053002342DAB2FBD01646944255D1D8F83C
:101D70006430984740EA1020204253D1344B31461A
:101D80002846D3F800319847471EFFB2384602B0C4
:101D9000BDE8F0813846FEF7B5FF0128C2D9002F13
:101DA000C0D022463B46FF20002113F0010F42D055
:101DB000FF2809D108465B0801F1010102F1200268
:101DC0003DD013F0010F36D004EB401CD2ED127A57
:101DD0009CED127AB4EE677AF1EE10FA08D1D2EDEA
:101DE000117A9CED117AB4EE677AF1EE10FAE2D036
:101DF00000240125FA0705D4C7F34707FA0704F1C1
:101E00000104F9D505FA04F0FFF780FFC7F347078F
:101E1000C8B9002FBAD00134ECE73727384602B0F2
:101E2000BDE8F08130460B4A0B49FFF72FFA002836
:101E3000A4D12D27AAE701315B082032B5E7FE289F
:101E40007FF470AFD4E70746A0E700BFB447002097
:101E5000A821002000002041A8310020C822002035
:101E60004A0510B5C1F3072302D59B072AD510BD3B
:101E7000154C164B0122D3F8043194F89910984769
:101E80000028F4D1237A43F00403237200F036FBD8
:101E9000082801460E4C0BD1236C0E48984702E0EF
:101EA00000F02CFB20B1F6F721FC0028F8D110BD82
:101EB000F4F7EAF9A36C022107489847BDE81040FF
:101EC000F6F714BC004CDDE720250020A8210020F7
:101ED000C82200205C250020602500200849094A0E
:101EE00091F8883191F887C191F8860143EA0C0393
:101EF00092F8481003431940137382F84810704752
:101F0000B4470020202500200C4B93F8823103F0C9
:101F10000502052A01D000207047094A92F8810085
:101F200048B1107B0028F7D092F84830984314BF8E
:101F30000120002070475B06EED4F2E7B447002092
:101F40002025002010B4084B0849094C094A8C662A
:101F500009480A49C3F80421094AC3E942015DF866
:101F6000044BC3F800217047A8210020C82200209C
:101F7000F51301101D0D0110810D01103114011018
:101F8000C9170110064A13685168013303F00F03A3
:101F9000994203D0116813600A441072704700BF61
:101FA000B82F0020064A53681168994206D0591C80
:101FB00001F00F011344187A5160704700207047F8
:101FC000B82F0020064A13685168013303F00F034D
:101FD000994203D0116813600A441072704700BF21
:101FE00068490020064A53681168994206D0591C76
:101FF00001F00F011344187A5160704700207047B8
:1020000068490020064A13685168013303F00F0342
:10201000994203D0116813600A441072704700BFE0
:10202000402F0020064A53681168994206D0591C77
:1020300001F00F011344187A516070470020704777
:10204000402F0020002305480549064A43600360ED
:102050004B600B6053601360704700BF402F00203F
:1020600068490020B82F0020704700BF70B50446B3
:10207000C06878B1084B0D461E6C26B16378A26823
:102080002178B047E0682B46A2682178BDE870400F
:1020900002F0A2B870BD00BFA82100202DE9F041D8
:1020A000DFF88C81064698F82031D9075BD4F4F725
:1020B000D3FB0027544C054638466770EFF78CF881
:1020C00000287FD0C268002D38D06B6C934200F09E
:1020D0008C80002A00F09480677083682261027807
:1020E000E360227194F9013004EB03131B69AA7DAC
:1020F00022709B7A1A0703D598F81031DB0670D44A
:10210000424C226812F028003CD1102E4FF00204FD
:102110003F495BD03F4B81F8284018770B7AC3F3D7
:10212000800383F00103DBB23B4C8B702060A2F193
:102130000800B0FA80F04009BDE8F081002A4ED0D6
:102140006570836822610278E3602271334B344A00
:102150009B6F557E984794F901300543257004EB39
:1021600003142369C5E72F48F4F7C6FE0021294A66
:1021700092F83430D16323F0120343F0120382F853
:10218000343094E70020F5F71DF92149264A8B7A6F
:10219000102E43F002038B72244B13604FF00203A6
:1021A00022682AD000241B4881F8283004770B7A53
:1021B000202AC3F3800383F001030CBF30460020C4
:1021C000DBB2B1E72061002D8CD1BFE70B7A81F83B
:1021D0002940C3F3800383F00103DBB2A4E722614B
:1021E000B4E79E20FFF7EEFE8AE72A6C6770E26094
:1021F00095F838202361227179E781F82930D6E7F4
:102200001346226173E700BF5C390020D04D0020E7
:10221000202500202C38002074380020C8220020FF
:10222000BC3000204C3800208C160020E92E011014
:10223000B447002040070CD5094A10B5937A5907D6
:1022400008D4BDE81040074B074A04201A601B68F9
:102250001847704723F004039372F5F745F9F0E748
:10226000202500208C160020E92E0110400700D404
:10227000704770B5264A84B0937A59072ED400214E
:102280000022244C244D206B436A84F82410E2621F
:10229000984795F8343113F0020305D11F4A1846C8
:1022A000526F84F8363090471D4B1E4E3360237FAB
:1022B0009B070DD595F82131D5ED497A9A0004EBAD
:1022C000830393ED007AB4EEE77AF1EE10FA0BD4C3
:1022D0000420336804B0BDE87040184723F00403BD
:1022E0009372F5F701F9CAE7D5F8281101AD0DEBA6
:1022F0000203216294E8070085E8070028460A499E
:10230000C3ED017AF3F796FF0028E1D004B070BD69
:10231000202500202C380020B4470020C8220020AF
:102320004D2901108C1600204C380020114B10B59F
:10233000DB680620984702200F4B1049104A0B60BB
:10234000137F104C43F004031377A37A84F828001A
:102350005B0704D4BDE8104004200B681847002038
:10236000F5F730F8A37A23F0060343F00603A372CF
:1023700010BD00BFA8210020352201108C160020BE
:102380002C3800202025002010F0400308D0484BB6
:102390001A7F110760D51A7F42F004021A7770473E
:1023A000420758D52DE9F041424E2DED028BB27A0D
:1023B000540753D43E4C404F237F97F820213F4D84
:1023C0003F4923F00403D0072377296002D5237FF8
:1023D000590733D4D7ED4E7A9FED3A8A67EE887A63
:1023E000FCEEE77A237F384843F00803237717EEA3
:1023F000903A99B2FFF73AFE344B354A9B6F92F808
:1024000019809847C0B2404512D0D7ED4F7A67EE99
:10241000887AFCEEE77A17EE902A2B4B91B213F8EC
:10242000040C01F0E1F9284B13F8040CEEF7E8FE78
:102430000022237F327723F008032377237F5A0774
:1024400012D4237F9B0715D4BDEC028B2B6804208C
:10245000BDE8F04118477047FFF768BF63F3820299
:10246000B272F5F741F8A5E7BDEC028BBDE8F0418B
:10247000FFF75CBF0420174A174992F90130D7F8DB
:102480002C7102EB0313127886F8280084F83620AA
:10249000DA681B79A1F1140084F82430E262276223
:1024A000F3F7C8FE0028CFD0BDEC028BBDE8F08169
:1024B0002C38002020250020B44700208C16002056
:1024C000752B011000007A4460390020C8220020DA
:1024D000BC3000205C3900204C380020054B93F8BC
:1024E000200110F0010003D0034B187FC0F38000DF
:1024F000704700BFB44700202C380020014B1868FB
:10250000704700BFD04D00202DE9F04F974E81B0AD
:102510003768874236D02028044636D8202822D86B
:10252000DFE810F072000901090121000901210012
:1025300021002100BF0021002100210021002100F5
:10254000210021009900210021002100210021000B
:102550002100210021002100210021002100210073
:10256000210021008C00A7F10401B1FA81F140F2B1
:1025700001127F4D49096B7A174261F304136B72A4
:1025800000F05D8101B0BDE8F08F802800F09D80F3
:102590001ED9B0F5807F00F06581B0F5007F40F076
:1025A0005081744B744A724D30601A606B7A23F01C
:1025B00010036B72002385F88030A742E2D06F4B86
:1025C0005B6B002BDED0204601B0BDE8F04F184712
:1025D000402840F0368140F2831317EA0308D1D136
:1025E000664B0620DB6898470223614D204685F83C
:1025F0002830FFF753FD002800F0898034606B7AA3
:1026000068F304136B72D5E70023594D5C495D4AAA
:102610000B77AB705C49AB722B8513603360554B05
:1026200019602B7A9906C1D51024584B08211B6CD0
:1026300005F13C001460984734686FE0B7F5007FFF
:1026400008BF504B4B4A08BF1F6020235049484DDC
:1026500011603360AAE7BB06454D13D46B7F980722
:1026600010D41020FFF71AFD28B90123414A494927
:1026700085F82930116010222B7A326023F0200374
:102680002B7293E73F4B1B68102B00F0D3806B7FBE
:1026900003F08203822B07D12B7A43F020032B72A5
:1026A00002E0002F7CD0324DA7F10401B1FA81F194
:1026B00040F201136A7A490961F304123B406A72DD
:1026C0007FF460AF85F880305CE70223284D85F801
:1026D0002830FFF7E3FCD0B13460DFF898802E4B50
:1026E000D8F800209A4200F0C980F4F761FC01F0AC
:1026F000CFFD264B4FF000005B6F98471F4B0B2020
:10270000DB689847254B3468C8F8003006E01D4B5D
:102710001B68A34225D13468802CDED040F2011220
:10272000231F594259416B7A144261F304136B72AF
:102730007FF443AF3EE73460A4F10406B6FA86F6B0
:1027400040F2011200200A4D76096B7A094966F3BE
:1027500004136B72114B1442A8700B607FF42FAFFF
:1027600028E7346000F0D6FAD5E700BFD04D00204E
:10277000202500208C160020BD2B0110A821002050
:102780002C38002074380020D9280110C8220020DD
:10279000212C01104D2901106D220110692001101A
:1027A000F4F75AF8044600286AD00823444D3360F1
:1027B000AF71F4F7DDFE94F93830002B25DADFF83D
:1027C00014A1DAF8B0319847636C81461A6C0AB1EB
:1027D0009047636CDB6B00209847436941F2883B6C
:1027E00003F102080AE0DAF8B0319847A0EB0900DB
:1027F000584556D8EB6B13F0300F58D1636C00205E
:10280000DB6B984743694345EDD1F4F7ADFB346882
:102810002C4B2D4AA4F10401B1FA81F11A6040F267
:1028200001126B7A490961F3041314426B723FF48D
:10283000C1AEC4E62B7A9A067FF529AF11E73C4674
:10284000B8E6A7F10400B0FA80F040F201131C4A88
:102850004009517A3B4060F30411517208BF82F87D
:1028600080308FE60021164B34605A7A1548174D98
:1028700061F30412056099705A72A0E6802495E60F
:10288000346840F20112A4F10401B1FA81F10C4D57
:1028900049096B7A144261F304136B723FF48AAEF8
:1028A0008DE60E2001B0BDE8F04FFAF755B82021B3
:1028B000DAF84030064801B0BDE8F04F184700BFD5
:1028C000202500208C160020212C011069200110E9
:1028D0005C250020C822002010B5044680070FD4D4
:1028E000210712D4620508D50C4B0120D3F8E03043
:1028F00098474FF40070FFF707FEA30509D410BDF9
:102900000820FFF701FE2107ECD51020FFF7FCFDA2
:10291000E8E78020BDE81040FFF7F6BDC8220020A0
:10292000430610B5044603D5064B1B68402B05D162
:10293000054B2046BDE810401B6818474020FFF7B4
:10294000E3FDF5E7D04D00208C1600202DE9F04383
:102950004507044685B004D57B4B93F82031D80752
:1029600028D4A20545D463060AD5784BDB6E984778
:10297000774BC0F3C00083F8280005B0BDE8F083B2
:10298000A7073AD5734C2368102B44D0802BF4D082
:10299000B3F5007F00F09880402B40F0D2806E4D60
:1029A0002B7F5E0755D4694BDB6E9847000750D5E7
:1029B000236885E0664DAB7A590744D4634EF36EC5
:1029C0009847644BC0F3C0001B6885F82800802B33
:1029D000C7D1F4F7EDFA01F05BFC4FF00000736F24
:1029E00098475E4B0B20DB6898475D4B5D4A1A6049
:1029F000C3E78020FFF788FDB5E72304BDD5534B1F
:102A0000DB6E984710F0080004BF514B83F8280094
:102A100005B0BDE8F0834E4D2B7F0BB908232B7713
:102A2000514E494F96F9013097F9101106EB0313F7
:102A300018690029826A53DB9047C2077ED50022BD
:102A400023682A773CE023F00403AB72F4F74CFDD3
:102A5000B4E70421454B424E3D4A33602B7F82F858
:102A60002810990728D5384A2B7F92F82111D2EDEA
:102A7000497A05EB810090ED037AB4EEE77AF1EE46
:102A800010FA23F004032B7716D8D2F82821D5F8B2
:102A900018C02A62364D01AF0DEB810395E807009F
:102AA00087E80700384605F11401C3F804C0F3F7BE
:102AB000C1FB00287FF47CAF33680420984723686B
:102AC00013F0C00F7FF459AF214C0020A57AFFF717
:102AD0001BFD0820A57205B0BDE8F043FFF714BD4B
:102AE00093F80480904708F0010800F00100404589
:102AF000DFF868800CD00A20D8F80C30984796F997
:102B00000100B7F8A01006EB00100430FFF7AEFA92
:102B10000E4B96F800909B6F9847C0B2484507D07F
:102B20003078B7F8981000F05FFE3078EEF768FB69
:102B30000020D8F80C302877984739E7EEF750FB9B
:102B40007DE7034D6CE700BFB4470020C82200209A
:102B500020250020D04D00202C380020A821002066
:102B60008C160020692001105C3900208923011097
:102B70003838002008B510F0400312D140070FD5B7
:102B80000C4A0D48917A82F82830490703770CD413
:102B90000020FFF7B9FCBDE808400820FFF7B4BCEF
:102BA00008BDBDE80840FFF7C1BB9372F4F79CFC79
:102BB000EEE700BF202500202C380020830724D515
:102BC00070B5124C124D94F8800078B9D5F8E03009
:102BD00003B198470F4BD3F8CC3013B1D4F8D000E1
:102BE00098478020F9F700FF94F880000A4A4302D2
:102BF00000201360FFF788FC0820FFF785FC2B6C92
:102C00000121BDE87040054818477047BC300020DE
:102C1000C8220020A8210020743800205C25002054
:102C200002282BD010B50446600504D5144B0120B2
:102C3000D3F8E0309847610704D422060AD423076A
:102C400017D410BD0F4B93F880004002FFF75CFCD7
:102C50002206F4D50120F4F7B5FB01210A4B0B48FD
:102C60009A7A997042F002029A72094A2307026026
:102C7000E7D5BDE810401020FFF746BC704700BF05
:102C8000C8220020BC300020202500208C16002007
:102C9000952C0110420712D538B5174B1B68202B15
:102CA00019D0164C164B1868FFF72EFCE17939B194
:102CB000144B15489B6C98470023E37138BD70474F
:102CC000124B93F88030002BF8D0BDE838404FF419
:102CD0000070FFF719BC0025084CA572F3F70EFD34
:102CE000F4F7F4FAF4F732F8094804F18C01F9F733
:102CF000D3FDA570D6E700BFD04D002020250020D1
:102D000074380020C822002060250020BC3000203C
:102D1000243100202DE9F0410025674CF4F73EF8FE
:102D2000E179A57229B1654E04F14000B36C984772
:102D3000E571634D2B68802B1ED0B3F5007F0CD05E
:102D4000402B19D0237A5A0711D401235D4A5E49DA
:102D500084F829301160BDE8F08101F099FA574BF1
:102D60004FF000005B6F9847237A5A07EDD5BDE816
:102D7000F0410020FFF7C8BB0022544E227796F89E
:102D80002031DF074AD5637F180747D4337E012BF4
:102D900044D04F4F3B7FD90756D596F821C194F8C0
:102DA000483023FA0CF3DA0738D507EB8C0396ED9D
:102DB000497AD3ED037AF4EEC77AF1EE10FA2DD505
:102DC000444B404C23603B7F5B076BD4D6ED4C6A91
:102DD00077EEA67AB4EEE77AF1EE10FA77FE877A0C
:102DE000C7ED067A3C4B93E8070087E8070007EB3E
:102DF0008C0C9CED007AB4EEE77AF1EE10FA2DD44B
:102E00003B7FC3F380025B0703D43B7F62F3410344
:102E10003B7723680420BDE8F041184701F038FAF9
:102E200096F83431254E99070AD44FF00000736F9D
:102E30009847F36E9847C0F3C00084F8280081E7F4
:102E40002B68802BF5D1F0E73B7F244943F0010349
:102E500007F10C003B77F9F71FFD9EE7204BD6F8F2
:102E60002C0193F901101A7803EB01131D491D7908
:102E700087F83620DA681B693862A1F1200087F8EC
:102E800024503B63CCED007AFA62F3F7D3F93B7F31
:102E90005D0703D43B7F60F341033B7700287FF459
:102EA0005AAFB6E70D490A48F9F7F6FCD7ED067AAE
:102EB00096F821C19BE700BF20250020C8220020F2
:102EC000D04D00208C1600204D290110B447002061
:102ED0002C3800206D22011038380020AC2500204D
:102EE0005C3900204C380020430700D47047FFF7BE
:102EF00011BF00BF334A344B12689A4200D070476A
:102F00002DE9F0410020EEF767F90378DC0741D5A1
:102F10002E4C257F002D3AD0A80720D500232C4E1B
:102F20002C4D376C23773FB195F90120194605EBFD
:102F3000021210690022B84795F90130002205EB12
:102F400003154FF00001286901F050F8237FB26BA0
:102F500043F0010323770AB100209047257F6907DA
:102F600018D51B4D0A20EB6898471A481A4A90F961
:102F70000130B2F8A01000EB03100430FFF776F830
:102F80000020AB6B20772BB1BDE8F0411847A37A46
:102F90001A0701D4BDE8F0810E4E3069836A984764
:102FA000C307F7D596F901200B4B06EB0210B3F8D7
:102FB000A0100430FFF75AF8A37A65F3C303A37295
:102FC000E8E700BF8C1600204D29011020250020C5
:102FD000A82100205C390020B447002003462C2B98
:102FE0004FF0000011D80E2B1CD901220F3B1449C1
:102FF000DBB202FA03F30B4218D112490B421CD187
:1030000011490B4215D0104670477F2B12D0882BE8
:1030100009D083F08002072A98BF0120A3F1800322
:1030200098BF984070474FF0030070474FF004007E
:10303000704770474FF0070070474FF0020070472D
:103040000404003C0202E00101010F00124A92F860
:10305000E431FBB9114892F8E11190F8840192F83B
:10306000E32121EA000101F0070100B522EA000294
:1030700081F0070E02F007026EF3070382F0070CDF
:1030800061F30F2306486CF3174362F31F63036079
:103090005DF804FB704700BFC8220020B447002041
:1030A000A4310020024B82B0186802B0704700BF04
:1030B000A4310020144B93F8E43113B1134B18687A
:1030C00070471A46114910B591F800C08C7891F8F4
:1030D00003E04978C0B244EA0C0C4EEA01016CF3FB
:1030E000070360F3070261F30F2360F30F2264F319
:1030F000174360F317426EF31F6360F31F6282B0E1
:1031000003EA020002B010BDC8220020A431002052
:1031100001460E4BA3F5B26C93F890258A4206D077
:1031200063450CD093F88825083B8A42F8D1634563
:10313000D3F8940505D0083B0028EDD0704704482B
:103140007047034B002808BF18467047AC74021044
:10315000142E02104FF0FF30704700BF012070475F
:103160000020704738B50546054C6368984718B18C
:1031700023682846DB689847E468002CF5D138BD01
:103180000C2D00204FF48060704700BF0020704776
:1031900001207047704700BF704700BF0120704793
:1031A00001207047014B1B68184700BFE416002040
:1031B0000346024A106803B113607047E41600200A
:1031C00000487047447A02102DE9F041124CA328C0
:1031D000256802D1A668B77A1FB12B46BDE8F04139
:1031E000184740F20C4231460C480BF06FFF0121AA
:1031F0000B4B2846D3F8DC20B172316871606168EE
:10320000C3F8D0109047074B2760D3F8D03003B1F4
:1032100098470120BDE8F081504D00208039002002
:10322000C8220020A8210020C0B2F5F7D3BD00BFFE
:1032300038B5164D04462B68ABB1142008F076F86B
:1032400068B100222B460460C26002E01A68A24204
:1032500016D01A46DB68002BF8D10261D060636893
:1032600033B1436038BD636828462C60002BF8D129
:10327000A3789B0708D52B68A34205D0044BF0E741
:1032800008F090F8002038BD024BEAE70C2D002032
:10329000613101105D3101104368014603B11847E7
:1032A000B0F800C00A4801E0C06878B103681A8825
:1032B0006245F9D19A788B7853409B07F4D49307F1
:1032C00049BF044A4368134642601847704700BF2D
:1032D0000C2D00206131011003781BB1024B1A68DC
:1032E00018608260704700BFE8160020074B10B5D9
:1032F0001C6DFFF703F9A047054BD86BC0F34010D6
:1033000080F0010000F0010010BD00BFA8210020E6
:103310002025002070B5184D0446AB6831B1BBB113
:1033200060682368C01A18BF012070BD002BF7D059
:10333000837ADBB9286840B1104B6A68C3F8D020A3
:10334000D3F8DC30984700232B600023AB60E7E71D
:103350000A4E0B48D6F8D030C5E90134D6F8DC3037
:103360009847084B2860C6F8D030D9E740F20C42A5
:1033700005490BF0ABFEDDE7504D0020C8220020D0
:10338000C931011055310110803900200E4B10B5A4
:10339000D3F8CC3004469BB1984718B1812C02D0A9
:1033A0007E2C00D010BD094B094A93F80C3192F8DD
:1033B0002710C3F3001363F3861182F8271010BDA2
:1033C000F5F708FDE9E700BFC8220020B447002058
:1033D00020250020036803F0FF1323F47D03A3B925
:1033E00070B50C4ED6F874318BB10D460446417859
:1033F0002A46C920103198476178C8202A46D6F855
:10340000743110319847012070BD00207047184674
:1034100070BD00BFC8220020F8B54A4D2B68002BB4
:103420005CD00446484EFFF769F896F88430A34212
:103430004FD0F4B1454B93F87C30002B49D1002894
:1034400043D1434F3B78062B50D0424BD3F8D43076
:10345000984701202B7A86F8840023F001032B7211
:10346000F9F7C2FA872105223B48EDF725F801203C
:10347000F8BD374F3B78062B36D0384A2B6810689A
:1034800070B39B6A9847334C5422314904F1B4001D
:103490000BF01CFE06233B70D4F8E8300BB1002083
:1034A0009847D4F8D430984700222B7A012062F351
:1034B000000386F884202B72F9F796FA8021052202
:1034C0002548ECF7F9FF0120F8BD40F2011318423E
:1034D000B7D1052287212048ECF7EEFF0020F8BD88
:1034E0005B6B01209847CEE71A4CDAE7194C54225F
:1034F000384604F1B4010BF0E9FDD4F8E8300BB123
:10350000012098472B6800205B6B98472A68BB6AAC
:103510000020976A9847B84701222B6884F8B420A6
:10352000DA69C4F8D0202A7A920744BFDA68C4F86E
:10353000C0209A68C4F8BC20D3E90832C4E9353207
:1035400086E700BF9437002020250020BC300020F3
:1035500090160020C822002029320110A837002030
:103560002DE9F047834F0D46D7F800C0844500F0A1
:10357000C580DFF840820446D8F80090B9F1000F0A
:1035800004D07D4E96F8B6309B0719D4FDB97B4E1A
:103590003168A14229D0FB683BB31A681846A242A1
:1035A000DB68F9D10269D3600BB11A610269146852
:1035B000A14200F099804FF0000A07F0F3FE0CE002
:1035C000D6F800216E4BC3E90092002DDFD02046D3
:1035D000FFF72EFE48B14FF0000A2378042B60D885
:1035E000DFE803F0585F6E1806000020BDE8F087A2
:1035F0006448FFF751FE002840F09E80A5B1624B61
:103600005D4E93F8835085B196F8B650ED4305F0C2
:1036100001050AE05B48FFF73FFE002840F0878085
:1036200015B1594B93F88350534E96F8B430012B93
:103630003DD0BAF1000F73D15422214651480BF00E
:1036400045FD4F4B1A68A24208BF5B68D6F8B82008
:1036500008BFC6F800313B68A34258D0002A39D0D1
:10366000002D3CD1494D4A4B4A48C6F8C430D6F8E3
:10367000DC309847D6F8E8300BB100209847D5F8F1
:10368000A03013B196F8B4009847C8F80040012064
:10369000BDE8F087B9F1000F03D099F80030002B96
:1036A0004FD1354E96F8B4300025012BC1D1002002
:1036B000FFF7B2FE314A137A43F001031372BBE7FE
:1036C0003048FFF7E9FD0028AAD000213248FAF778
:1036D000A7FBA5E7314BC6F8B830002DC2D02B4D63
:1036E000E0682B689847BEE7136996F808A01C6845
:1036F0000AF0010A002C08BF64465EE7A9B1DCF8B5
:103700000430264A002B08BF13467B60BFE77B6866
:1037100023498B4204BF214B7B60002AA0D1DAE70A
:1037200001212048ECF798FF86E71D4BEDE70021CB
:103730001D48FAF775FB73E700211C48FAF770FB88
:103740005CE72046FFF7A8FD0028AAD0E3680A4EF0
:1037500000211748C6F8C030FAF762FBE16B09B9DF
:1037600004E0E16B88470028FBD19BE76420F36B02
:10377000984797E70C2D0020C8220020943700209E
:10378000F05300207C23002020250020A8210020C9
:1037900065310110D58D0010D03E02105D31011051
:1037A00061310110DD370110A03E0210B83E021059
:1037B000883E0210F02C002038B501210546FFF7A5
:1037C000CFFE044608B9204638BD28460249FFF717
:1037D00001FE204638BD00BFE83E0210003818BF89
:1037E0000120FFF719BE00BFF8B5134FC6B2BB6F7B
:1037F00004460D469847C0B2B04209D020467B6FC0
:10380000984706B12DB9BDE8F8402020F9F7ECB88B
:10381000F8BD07EE905A9FED097AF8EE677AC7EE89
:10382000877A074B17EE900A9978FDF73BF8BDE8C9
:10383000F8402020F9F7D8B8C822002000007A44C8
:103840002025002038B5114B1A7882B95D7875B9FA
:1038500004460F4BE4B25B6F98471CB10D4BB3F8B5
:1038600098302BB9BDE838402020F9F7BDB838BDF5
:1038700007EE903A9FED087AF8EE677AC7EE877AFE
:10388000294617EE900AFDF70DF8EBE720250020FA
:10389000C8220020B447002000007A4410B5044636
:1038A000FEF72CFE022801D1012010BDF5F76CFABD
:1038B0000028FAD02046FFF7C5FFF5E7704700BFA4
:1038C0004FF00000704700BF704700BF00207047F6
:1038D000704700BFC068704790F8203007EE901A1C
:1038E00013F0080307D0F5EE407AF1EE10FA14BF9A
:1038F00001230023816190F8202063F3451280F8B2
:103900002020704707EE901A90ED097AB4EEE77A1E
:10391000F1EE10FA844639D577EEC77A90ED0A7A3F
:1039200067EE877AFBFE677AFCEEE77A17EE903A4D
:1039300001690B44002A39D08068834239D30138A9
:103940009CF8203003F001029B063CD507EE100ADC
:10395000DCED067AF8EE476A66EEA77AFCEEE77AC7
:103960009FED206AF8EE677A87EE867A77EE267A00
:10397000FDEEE77A17EE903A99422AD932B3DCF895
:103980000830591ACCF81C10181A7047F5EE407A16
:10399000F1EE10FA01D1C068704790F8203000694C
:1039A000DB07F2D5DCF80830181A7047406983420B
:1039B000C6D28B4238BF0B4618469CF8203003F025
:1039C00001029B06C2D4002AECD17047CCF81C102F
:1039D0007047DCF81410994228BF1946002AF5D028
:1039E000CDE700BF0000C842F0B54F4D04462B683C
:1039F00093B023B31A68126A0AB34C4A00EB8001F1
:103A000002EB011293421AD093F90E20002A06DB32
:103A1000474AD2F8B0109961D2F8AC20DA615A6AFC
:103A200022B1181D90472B68002879D001224FF051
:103A3000000183F84C209E6A0022181DB047002325
:103A40009C422B6069DB3B4B1B789C4265DA374E0E
:103A500004EB84031B01F358A500002B5DD0364F07
:103A600097F870303BB197F92C30A34203D03B6DEF
:103A70000BB1EDF7B5FB2B1906EB031393F90E20F1
:103A8000002A06DB2A4AD2F8B010D2F8AC2099619D
:103A9000DA6125442D01741994F84C3004352E4414
:103AA00043B9636A1BB130469847002833D00123DD
:103AB00084F84C304422314601A80BF007FB1C4B24
:103AC0001E4C187E9DF80E30D4F8DC10C3F3C002F3
:103AD000012814BF002202F0010262F3C3038DF833
:103AE0000E3011B101A88847C0B10122144B87F8EC
:103AF0007020BB62FB680BB96423FB604422104852
:103B000001A902970BF0E2FAD4F8E0300BB10C48AF
:103B10009847012002E084F84C00002013B0F0BD6B
:103B200083F84C008BE700BF50390020B04A0020DA
:103B3000B4470020275500205C4D0020A82100201C
:103B4000884D00202DE9F041DFF8A480054698F863
:103B500000300F46012B35D0002B38D13846F7F70F
:103B60005FFD002833D098F800401D4804EB840620
:103B70003301C55000EB06160433B76418444422E1
:103B8000294667B20BF0A2FA37712B7A33B19CB198
:103B9000013488F800403846BDE8F081114B1A68BE
:103BA000002AF4D1104A1E6092F8D63143F0100377
:103BB00082F8D631002CEBD1442229460B480BF079
:103BC00085FAE5E7064B1B681B7A052B04D04FF0FE
:103BD000FF373846BDE8F081002388F80030BDE7A4
:103BE000B04A002050390020C8220020884D002013
:103BF0002755002002290DD0002810DB0E4B1B7822
:103C000098420CDA00EB80000C4A0301D05800B156
:103C100079B970470A4B93F92C20824201D00020D9
:103C2000704793F8702003F12C00002A08BF002091
:103C3000704704339818704727550020B04A002079
:103C40005C4D0020044B93F8702012B193F92C00C6
:103C500070476FF0010070475C4D00200D4B1B78E2
:103C6000B3B10D4A03EB830302EB031340B1002011
:103C700033F8421C503B934240EA0100F8D17047B0
:103C800053F8501D49899A4240EA0100F8D1704723
:103C90001846704727550020B04A002000290CBF65
:103CA0004FF0010C4FF0000C00B580F808C035D083
:103CB00091F82030DB0626D5002390F80AE0CA6888
:103CC00063F3C30E80F80AE0174B026193F870109B
:103CD000B9B190F900E093F92C108E4511D183F819
:103CE00034C0817A93F836C0C1F3C001D0F814E033
:103CF00061F3C30C816983F836C0DA63C3F840E02E
:103D000059645DF804FB036B002BD6D0074B1B7E78
:103D1000A3F10103B3FA83F35B09CEE7837A0A4682
:103D200061F3C3038372CFE75C4D0020B4470020EA
:103D30000022074B0A701B783BB1064B1B685B786F
:103D4000181AB0FA80F0400970471846704700BF53
:103D500027550020B04A00200130C0B201289ABF88
:103D6000024B93F870000020704700BF5C4D0020AC
:103D700038B9054890F870302C30002B08BF00206F
:103D800070470020704700BF5C4D0020084B18783A
:103D900040B1084B013800EB800203EB02131B7BA0
:103DA000052B03D004490548FFF7CCBE40B270474D
:103DB00027550020B04A0020F83E0210A07A0210D9
:103DC00010B50B4B1C780CB900280DDA094B93F891
:103DD00070201AB193F92C30834203D0BDE8104013
:103DE000FFF702BE104610BDFFF7D0FF2046EDE7FB
:103DF000275500205C4D0020002838D0254B1B782B
:103E0000002B34D0002270B50D46234904460868C3
:103E10008E6C417884B0012B01968DF801108DF8DD
:103E2000002026D0002140F28B10F7F7B3F848B3FA
:103E30000021F6F72DFE28BB01239DF900108DF817
:103E400002008DF80830154A92F92C308B42B3FAF3
:103E500083F314BF124A2C325B0929466846039249
:103E60008DF80930A04700B9002004B070BD0020D3
:103E70007047017A0529D5D011468DF802208DF8BA
:103E80000830E0E70023FF21054A8DF808308DF85F
:103E90000210E2E727550020B04A00205C4D0020C8
:103EA000B44A002010B50D4C207848B1012800D04C
:103EB00010BD0B4B1B68187A053818BF012010BDC8
:103EC000FFF764FF074B93F8702012B193F92C3081
:103ED00013B10020FFF788FD2078E7E72755002081
:103EE000B04A00205C4D0020642970B54368044648
:103EF00037D01A7AD20637D4C82928BFC8210A2950
:103F000038BF0A21DA6891422ED007EE901ADFED11
:103F1000336AF8EEE77A93ED007A67EEA67A67EEF9
:103F2000877AF5EEC07AF1EE10FA35D994ED057A7C
:103F3000F4EEC77AF1EE10FA38D583ED017AD96044
:103F4000FEF7DCFA88B9E36A002B3FD0256B002D21
:103F50003CD0626820465168984701462046A847F1
:103F600008E0DA68642A10D170BD1D4A937A43F0E4
:103F7000080393724020F8F737FD1A4B9B6B002B18
:103F8000F2D0BDE8704000201847D3ED007AF5EE7E
:103F9000C07AF1EE10FAC9D89FED137AD96083ED9B
:103FA000017AFEF7ABFA0028DFD1CCE794ED067A70
:103FB000F4EEC77AF1EE10FA37FE277A83ED017A34
:103FC000D960FEF79BFA0028CFD1BCE7636B002BCA
:103FD000D0D06268204651689847CBE70AD7233C87
:103FE00020250020A8210020000000002DE9F0413C
:103FF0003B4F3B7813B10020BDE8F0817B78C3B91B
:104000000C461546CAB214F001010646D0F82480C9
:1040100013D10022C0470025736810201D601C7258
:10402000F8F7E2FC2846F3F7C7F93B78002BE2D11A
:104030007B7883F00100BDE8F0814168807ACB682D
:10404000000701D592071FD4642B40D007EE903AA9
:104050009FED247AF8EE677A67EE877A07EE105ABA
:1040600067EE877AF5EEC07AF1EE10FA2DD9726913
:1040700007EE102AF4EEC77AF1EE10FA19D54A606D
:1040800030462146C047C7E7642B23D007EE903A5D
:10409000DFED146AF8EE677A9FED137A67EEA67A81
:1040A00067EE877AF4EEC77AF1EE10FA17EE105A3F
:1040B00013D996ED067AB4EEE77AF1EE10FA54BF12
:1040C00017EE902A17EE102AD9E70022D7E707EE5D
:1040D000905AC7E700252A46D1E72A46CFE700BF16
:1040E000202500200AD7233C000000002DE9F041E4
:1040F00004460D46164698469DF81870FEF7FEF9E0
:10410000022802D10120BDE8F0813246294620462E
:10411000FFF76CFF08B90020F5E7E90714D4B8F100
:10412000000FF0D0E37A1A07EDD407EE908A9FEDE6
:104130001B7AF8EE677AC7EE877A3946BDE8F04118
:1041400017EE900AFCF7AEBB40F6040362891340F9
:10415000042BE4D1D4ED077AF5EEC07AF1EE10FA33
:10416000DDD94EF660230025A84508BF98460C4EC1
:10417000A36A204698474306C4D439463046FCF724
:1041800091FBC835ADB20028C5D04545F0D9EDF753
:1041900027F80E20F8F7E0FBBDE700BF00007A44E7
:1041A000CDCC4C3EF0B583B006460C461546F4F730
:1041B000EBFD68B10027074BE2074CBFB3F8A03016
:1041C000B3F8A2302A46214630460097FFF78EFF0B
:1041D00003B0F0BDB44700202DE9F0411E46837ABC
:1041E00082B01C0708D50E4A937A43F008039372F5
:1041F000012002B0BDE8F081836ACFB204460D46CB
:10420000904698474740BB07F2D0012733464246C5
:10421000294620460097FFF769FF02B0BDE8F0810C
:1042200020250020642A034607EE901A09D007EEE5
:10423000102ADFED166AB8EE477A27EE267A67EE87
:10424000877AF5EEC07AF1EE10FA1AD9586907EEBE
:10425000100AB4EEE77AF1EE10FA03DD5B685860FD
:10426000DA60704793ED067AB4EEE77AF1EE10FA71
:1042700054BF17EE900A17EE100A5B685860DA60B8
:10428000704700205B685860DA6070470AD7233CAB
:104290000A4890F8703073B10022002110B5036B0A
:1042A000046D2C305A601A601972A047BDE81040A6
:1042B0001020F8F799BB1020F8F796BB5C4D002052
:1042C00008B5054B93F8700028B15A6D03F12C0026
:1042D000904700F0010008BD5C4D002070B500243F
:1042E00092ED027A8446D2ED016A90F80AE0CC6140
:1042F0005078CC605E4DD4694D6681ED097A4A6094
:104300004EF0800ECCF81C4044078CED057ACCEDC5
:10431000066A8CF80AE004D4B4EEE67AF1EE10FAFC
:1043200011D49CF80A2091F82030524C22F001025E
:1043300003F004038CF80A20002081F820308C66FA
:10434000CCF80C1070BDD2ED045A06EE103AF5EE22
:10435000405AD2ED037AB8EE465AF1EE10FA85EEE5
:10436000276A14BF01260026BCEEC66A5FFA8EF4E7
:1043700044F001048CF80A409CF80A400B60137862
:10438000C4F30014C3F3800303EA0403C0F300057D
:1043900043EA460391F820E0C0F3400043EAC50336
:1043A00043EA00132EF01B0E03F01B0343EA0E0337
:1043B00081F82030F8EE467A81ED026ACC6A03F08B
:1043C000010343D1002B51D016EE103A181B92ED89
:1043D000066AD2ED055A9FED285A27EE866A67EEE7
:1043E000A55AC6EE057A85EE856AFCEEE77A17EEE9
:1043F000903AFCEEC67A17EE902A2344C1E90423D2
:10440000C86092B9B5EEC07AF1EE10FA0DDD07EE94
:10441000903A9FED1A6AF8EE677A67EE867AFCEEBC
:10442000E77A17EE902AC1ED047A9B1A07EE903ACC
:1044300076EEC76AF8EE677A87EEA67A104B81EDC2
:104440000A7A8B660120CCF80C1070BD25EEA75AB5
:10445000DFED094AC5EE245AFCEEE55A15EE900A46
:10446000002BB4D016EE103A181AB0E71846AEE793
:10447000D9380110D53801100000C8426F12833BB3
:1044800005390110C1B184464FF6FF7000B50CEB41
:10449000010E08221CF8013B584000F0010303EB19
:1044A000830103EB413383EA5000013A80B2F4D137
:1044B000E645EED15DF804FB4FF6FF70704700BF94
:1044C000014B1B68185C7047DC37002010B410B932
:1044D00001220A4B5A700A4A0A4C1378246843B9DD
:1044E000B0FA80F314F800C05B098C4518BF43F0A4
:1044F000010321545DF8044B1370704758490020A4
:104500001C550020DC3700202DE9F041DFF89080B9
:104510000446B8F88CE10D4616461F46BEF1000F62
:1045200004D0B8F88EC1F4448C4530D317BBF6B133
:104530003846DFF87080D8F8002005F1FF3E731E82
:104540009644234404F1FF3C1EF8014F0CF8014F40
:104550009C45F9D15FB1354453195978535D43EA0D
:104560000123181AB0FA80F04009BDE8F08101205B
:10457000BDE8F081DFF82C803146D8F800002844EF
:10458000FFF780FF002ED6D1D8F80020E4E7034CD7
:10459000246AA446BDE8F041604700BF803800208F
:1045A000C8220020DC3700202DE9F047634FFC696A
:1045B000002C00F09D80624D6B7843B10023614A6E
:1045C000184611680122A04780F001006870AB789E
:1045D0005BB15C4A0023116801204FF4D372FC697F
:1045E0000131A04780F00100A870EB7863B1554A13
:1045F0000023116840F2B7304822FC6901F2B7315C
:10460000A04780F00100E87095F805C0BCF1000FEC
:1046100029D002244FF001092346DFF82881013B0D
:104620002CFA03F2D10717D509FA03FE6FEA0E0E32
:104630005842D8F8001000F0480000F226300EEA88
:104640000C0C00234822FE69014485F805C05FFA7E
:104650008EFAB04700286BD1012C04D0012495F8C4
:1046600005C02346DBE7EB882BB34FF42A790C24F3
:10467000DFF8D08000E0EB88E340DA070ED5D8F809
:10468000001000230E224846FE694944B04728B175
:104690000122EB88A24023EA0203EB80013C631C69
:1046A000A9F10E09E7D12B793BB9EB88C3B10123FE
:1046B0002B70BDE8F0872B7993B1234BB3F88E2193
:1046C000002A33D01F49B3F88C0109680023FC6924
:1046D0000144A047EB8880F001002871002BE6D14F
:1046E000AB78002BE3D1AB88002BE0D1EB78DFE790
:1046F000BB6A002BDDD0134D04242868984730B9DD
:10470000013C0AD0BB6A286898470028F8D00022EC
:104710000B4BC3E90022BDE8F08702210B48F9F7F3
:104720007FFB0022064BC3E90022F4E72A71BCE7B5
:104730006B790AEA030E85F805E08DE780380020E2
:1047400058490020DC370020C8220020003F02101A
:104750002DE9F04FDFF82C920646B9F88C418A46D5
:104760001746984683B02CB1B9F88E512C44844238
:10477000C0F09680B8F1000F6AD17D4981F80080C1
:10478000002F00F0A980CDF80480D4460AEB070280
:10479000354600244FF0010A764B06F1FF3ED3F870
:1047A00000B07548DE44CDF800B01CF8013B0DB9EF
:1047B00080F801A044B9B5FA85F49EF801B0640907
:1047C0009B4518BF44F0010494450EF8013F05F1E4
:1047D0000105EAD1E246DDF800B00C70B8F1000F37
:1047E0004FD143784BB9D9F88831534505D00B7870
:1047F0002BB9012003B0BDE8F08F01230B705F4B94
:104800001B78002BF5D00122B9F88C310270002BF7
:104810005ED15B4C04E0CBB234F82320002AE8D010
:10482000B24203F10101F6D104EB830292789B00BE
:10483000042ADED801A151F822F000BF5F4901101F
:10484000F34701104D4901103B4901103549011052
:1048500039465046FFF716FE0023454901900B707C
:10486000002F92D1434BD3F800B09DF80430AEB383
:104870001BF806200BEB06049A4273D037463E48DD
:1048800018E0F7199DF8043011D10127477044B39F
:104890008BF80030019BC3F307220123BB4413E0D4
:1048A000364CE469A44603B0BDE8F04F60471CB342
:1048B0000BEB07042370019BC3F307220123FF18AE
:1048C0000B70EAD1012343708BF800200B7088E74E
:1048D000B34226D802718CE7274882E70122264896
:1048E00042709BF800209A421DD08BF80030019B4B
:1048F0000127C3F30722D0E71BF807200BEB0704BF
:104900009A42D7D1019AC2F30722237000230137BC
:104910000B70D7D0BB449BF800309B1A18BF012303
:10492000D2E7002375E7019B0BF1010BC3F30722CC
:104930000123C9E70123C3705BE701221C44E3782C
:10494000417902FA03F30B43437152E701221C44FD
:10495000E378C18802FA03F30B43C38049E70123DC
:10496000837046E7C0F3072237460348CDE700BF10
:104970001C550020DC3700205849002080380020DA
:10498000E47A0210C8220020F8B5144B144ED3F874
:10499000844133689C4211D8124B134F1C68204647
:1049A00006F0C4FC0546386020B12246FF21346081
:1049B00009F018FE281E18BF0120F8BDB4F5805F6D
:1049C00028BF4FF48054084F064D38682C600028EB
:1049D000E5D006F0E7FC2C68E1E700BFC822002024
:1049E000F8160020FC160020DC37002010B5074C1C
:1049F000206848B1064B1B7813B1FFF7D5FD20683E
:104A0000BDE8104006F0CEBC10BD00BFDC37002072
:104A1000584900202DE9F041454C464DD4F88031ED
:104A20002F68013B43F003030133C4F88031002FAA
:104A30006DD0414E04F5BE7EB446BEE80F00ACE832
:104A40000F00BEE80F00ACE80F009EE8070096F8E4
:104A500000808CE80700B8F1030F5ED0B8F1000FBA
:104A600032D10423354AC4E96888C4F89021344A15
:104A700084F87C31C4F89421324AC4F89821324A2F
:104A8000C4F89C21314B1878F6F70AF93378032BD8
:104A900048D0F76947B10023B4F88E211846296839
:104AA00002F58062B8473378002B34D0284B0720BA
:104AB0009B68984728680022264B801AC3E9002289
:104AC00018BF0120BDE8F0810023B4F88E213846DC
:104AD0001946376A02F58062B8473078042200230D
:104AE0001649C4E96833C4F89011154984F87C214B
:104AF000C4F894111349C4F898111349C4F89C11CF
:104B00000028BFD028680378172BBBD1D3E7124900
:104B10001248EBF7D9FD2868CDE73846736A984705
:104B20003078DBE7B36A286898473378BCE700BF82
:104B3000C8220020DC37002080380020C14401104A
:104B4000CD44011051470110094501105471021064
:104B5000A821002058490020183F02107DDE0010D7
:104B6000024B1B780BB1FFF71FBD7047584900205F
:104B7000044890F87C31042B0CBF034800F5BE704C
:104B8000704700BFC822002080380020034B1B7AEA
:104B90009B074CBF4FF07E5000207047202500201F
:104BA000044B586C07EE900AF8EEE77A17EE900A7D
:104BB000704700BF20250020054BD3F8D03018697E
:104BC00007EE900AF8EEE77A17EE900A704700BFFA
:104BD000BC300020084BA3FB0023DB0803EB83035E
:104BE000A0EB430080B203289DBF044B03EB80037E
:104BF000D3F8C40000207047CDCCCCCCBC30002012
:104C0000064BB7EE007A1B7D07EE903AF8EE677A16
:104C100077EE877A17EE900A704700BFBC3000200D
:104C2000044B93F8B40007EE900AF8EE677A17EE9B
:104C3000900A7047BC300020084BA3FB0023DB0820
:104C400003EB8303A0EB430080B203289DBF044B1A
:104C500003EB8003D3F8B40000207047CDCCCCCC5C
:104C6000BC300020054B93F8110100F0010007EE65
:104C7000900AF8EE677A17EE900A7047B447002062
:104C800008B900207047114A10B5A2FB0013DB08D9
:104C900003EB8303A0EB43039BB25C1E022C84B0A6
:104CA0000BD8A0F5A3500438C01AA2FB0020694617
:104CB000C0F30710F5F7ACFF10B9002004B010BD29
:104CC0000DEB8404206804B010BD00BFCDCCCCCC6B
:104CD0000D4B10B5A3FB0023DB0803EB8303A0EB14
:104CE000430084B2032C84B002D9002004B010BD6C
:104CF0000A206946F5F78CFF0028F6D00DEB8404F6
:104D000054F8040C04B010BDCDCCCCCC0D4B10B578
:104D1000A3FB0023DB0803EB8303A0EB430084B277
:104D2000032C84B002D9002004B010BD09206946CC
:104D3000F5F76EFF0028F6D00DEB840454F8040C50
:104D400004B010BDCDCCCCCC2A4BF0B5A3FB0023D6
:104D5000DB0803EB8303A0EB430084B2651E022D46
:104D600085B01CD8244E254F96F82A003B7D8342FF
:104D700011D106EB840696ED0A7A214BB8EEC77A7C
:104D800003EB4512D2ED0C6AC7EE267A07EB8505D8
:104D900095ED027A1CE06946F5F73AFF10B900205C
:104DA00005B0F0BD06EB840494ED0A7A144BB8EE1E
:104DB000C77A03EB4512D2ED0C6A96F82A103A7DB9
:104DC000C7EE267A9142E1D00DEB850595ED007A8C
:104DD00077EEC77A93F8103117EE900ADB07DFD52C
:104DE00007EE100ADFED077A67EE277A17EE900AD2
:104DF00005B0F0BDCDCCCCCC20250020BC300020AF
:104E0000B44700203333CB4110B50446ECF73AF8F1
:104E1000084BA3FB0423DB0803EB8303A4EB43044D
:104E2000A4B2032C96BF00EB8400002050F8040CC1
:104E300010BD00BFCDCCCCCC1A4BA3FB0023DB08AC
:104E400003EB8303A0EB430080B2022801D90020CA
:104E50007047154B10B503EB8003D3ED237A134C49
:104E6000F8EEE77A04EB401393ED0C7A2DED028B0C
:104E7000002187EE878AECF721F807EE900A78EE9A
:104E8000677A94F8103117EE900ADB0707D507EE22
:104E9000100ADFED077A67EE277A17EE900ABDEC6D
:104EA000028B10BDCDCCCCCC20250020B4470020F7
:104EB0003333CB4141F2C332431E9BB2934210B510
:104EC0000C4613D800231E280B602BD90021174B4A
:104ED0001B6813B924E0DB6813B31A688A42FAD15D
:104EE0009A888242F7D19B68236019E010494FF0FD
:104EF000000C0A461623C4F800C0B2F8A8C0013B53
:104F0000844504D9083A002BF7D1184610BDB2F8F1
:104F1000AAC08445F6D301EBC3014B6898472060D3
:104F2000012010BD034B1968D1E700BF7C39002078
:104F3000EC7D0210802E002041F2C332F8B5431EF2
:104F40009BB293422DED028B25D8204A1E2898BF94
:104F50001F4B1768054608EE101A88BF00263C460E
:104F600098BF1E689FB9B5EE408AF1EE10FA16D1CF
:104F7000B5EE408AF1EE10FA0CBF012000200BE0E4
:104F8000A388AB4218D0E368002BECD01C46236802
:104F9000B342F8D1F4E70020BDEC028BF8BD10203D
:104FA00006F0C4F90028E3D00023084A8580066093
:104FB000C3603FB1E060044684ED028ABDEC028B21
:104FC0000120F8BD04461060F6E700BF7C390020E0
:104FD000802E002070B52DED028B3A2800F21D8244
:104FE000DFE810F0030201020601FA00ED00EB0019
:104FF000E500E000DA00AD003B00A800A30090004F
:10500000860087018001780164013F0072016C0114
:105010005701B0019B0195018E01BF013F00B8010E
:10502000C6015F01650065006500650065006500FB
:1050300065006500650044004400440044004400ED
:105040004400440044004400B200CC00BD00F00124
:10505000E601C9012A0119010F01B34B9B78012B0D
:105060004AD00024BDEC028B204670BDA0F129037C
:10507000022BF6DCAD4AAE4902EB800252ED067A15
:1050800001EB431393ED0C7AF8EEE77AC7EE877ADB
:1050900091F8103117EE904AD907E3D507EE104A80
:1050A000DFEDA47A67EE277A17EE904ADAE7A0F1EF
:1050B0002003022BD5DC9D4A9D4C02EB8002D2EDF1
:1050C000037A04EB4312F8EEE77A92ED0C7A184675
:1050D000002187EE878AEBF7F1FE07EE900A78EE63
:1050E000677A94F8103117EE904AD807BAD5D5E709
:1050F0008D4BDB79002BB4D0BDEC028B4FF07E548E
:10510000204670BD884B1B7D03EB8302192A4FEAB2
:105110004204C8BF03F12D0404F5077407EE904A5A
:10512000F8EEE77A17EE904A9CE77F4B9B78022BCC
:1051300097D1E1E77C4B9B78002BDDD091E77A4B50
:105140001B79002BD8D18CE7774BD3F8D0301C6972
:1051500007EE904AF8EEE77A17EE904A82E7724B34
:10516000D3F8D0209C6F13699C4200F0408107EE79
:10517000904AF8EEE77A17EE904A73E76A4A6E4B68
:10518000D2F8D0209B6A1069984707EE900AF8EE93
:10519000E77A17EE904A65E7634B1B79002B7FF4A3
:1051A00060AFA9E7604BDB78002BA5D159E75E4BD8
:1051B000DB78002B7FF455AF9EE7604C52E70A2264
:1051C000AA2359498C7914FB023407EE904AF8EE71
:1051D000E77A17EE904A45E7534B1B8803EB8303AE
:1051E0005B0007EE903AF8EEE77A17EE904A39E75F
:1051F0004D4B5C6F07EE904AF8EEE77A17EE904A57
:1052000030E74A4B93F8484007EE904AF8EE677A49
:1052100017EE904A26E7454A137B3BB9444B93F877
:10522000823113F0220F3FF41CAF072392F848207D
:1052300093437FF416AF5FE7414DD5F81031002B53
:1052400000F0D58095F8D721D20740F1D08098475B
:10525000064606F0C003402B00F0CB80D5F8143191
:10526000002B00F0D18001209847002800F0CA8070
:10527000D5F81031984700F0010007EE900AF8EEDB
:10528000677A17EE904AD5F81431C6F38110984723
:10529000E8E60020EBF7A0FF0378D8073FF52CAF36
:1052A000DFE60020EBF798FF8468DBE60020EBF7F1
:1052B00093FF4378012B7FF4D4AE1DE71A4B5B7943
:1052C000002B7FF4CEAE17E7174B5B79002B7FF4F2
:1052D00013AFC6E60020EBF77FFF4378002B3FF4C7
:1052E0000BAFBEE6104B93F82D30012B7FF4B9AE17
:1052F00002E70D4B93F82D30002B3FF4FDAEB0E6E6
:10530000094B93F82C305E073FF5ABAEF4E6064B45
:105310005B7EDB073FF5F0AEA3E6034B5B7E9A07AF
:105320003FF5EAAE9DE600BFBC30002020250020FE
:10533000B44700203333CB41A82100200000C843EC
:10534000C82200200020EBF747FF037899073FF5BC
:10535000D3AE86E6324B93F82C309C073FF581AEF6
:10536000CAE62F4B93F82C30DD073FF57AAEC3E643
:105370002B4B1C6E76E62B4DD5F81031002B36D01A
:105380009847C3B23F2B064633D9D5F8143173B3CF
:1053900000209847002835D0D5F81031984700F004
:1053A000010307EE903AF8EE677A17EE904A6AE743
:1053B0001D4B1C68013407EE904AF8EE677A17EE31
:1053C000904A4FE6164BD3F8D020986F1369984255
:1053D0000DD0164B9B6A984707EE900AF8EEE77AD5
:1053E00017EE904A3EE6124C3CE6124C3AE6124C5E
:1053F00038E606F0010607EE906AF8EE677A17EED7
:10540000904A2FE60C4C3EE7C6F3401607EE906A32
:10541000F8EE677A17EE904A24E6084C22E600BFC1
:10542000BC300020C822002000170020A821002046
:1054300000D77448CDCC8C3F000080BF0000C07FF7
:10544000F8B510F8013B0E462C4D002B53D000212F
:105450002A46202BA3F1410427D9192C98BF43F0E9
:10546000200302F8013B10F8013B01310BB11F2969
:10547000EFD1002313702B785F2B08BF6B78B3FA42
:1054800083F35B097BB9002333602B785F2B11D04A
:105490001B4B1D681B4B1C682CB12368AB4218D0FA
:1054A000A46A002CF9D10020F8BD10F8013B002BB4
:1054B000CFD1DEE7144F3B243D46D5F8B8120F4854
:1054C00009F0C4FC013C0C3D68B1002CF5D1254627
:1054D000E0E70A49201D09F0B9FC0028E0D1606A24
:1054E00030600120F8BD04EB440407EB8403187915
:1054F000FFF770FDF4E72A46BBE700BFAC3700209A
:10550000802E002078390020287B02102DE9F04100
:1055100010F8013B0D463C4C002B51D04FF0000CD5
:105520002246202BA3F141012AD9192998BF43F023
:10553000200302F8013B10F8013B0CF1010C13B100
:10554000BCF11F0FEDD10023137023785F2B20D007
:10555000002B32D02D4B1F682D4E34681CB944E00F
:10556000A66A7EB334462368BB42F9D12649201D82
:1055700009F06CFC0028F3D165620120BDE8F081E0
:1055800010F8013B002BCCD10023137023785F2B44
:10559000DED163788BB11F4CA4F52E7602E00C3C73
:1055A0000028EAD01848D4F8B81209F04FFCB442E9
:1055B000F5D10028E1D00027CEE70020BDE8F0813A
:1055C0002246C0E72C2005F0B1FE80460028F4D02A
:1055D0000D4908F1040009F017FDC8F80070C8F87B
:1055E0002860C4F828804446C6E72C2005F09EFEBB
:1055F00004460028E1D00449043009F005FD0023E9
:105600002760A3623460B7E7AC370020802E00200B
:1056100078390020287B0210F0B52DED028BC3B243
:10562000013B85B0042B00F27881DFE803F02869A4
:1056300078BB0300EBF71CFE830340F1D380A64B3D
:10564000A649A74A18680968D2F8144120B95EE152
:10565000C068002800F0CC8002689142F8D18288AE
:10566000112AF5D1D0ED027A002C40F0C480F5EE7D
:10567000407AF1EE10FA00F0C8802725ADE0EBF794
:10568000F7FD954A954B146810F4003F0CBF1C259C
:1056900000251A6814B90EE0E46864B123689A42E0
:1056A000FAD1A388112BF7D1D4ED027AFCEEE77A78
:1056B00017EE903A9CB200212046F5F76BFC0646A7
:1056C0000028DAD00388E41A037B062B00F0F78069
:1056D000F5F7BAFD002800F0A28021463046F5F724
:1056E000D7F907EE900AF8EE677A7E4817EE901A1F
:1056F000FFF70CFF4FF07E517B48FFF707FF6CE090
:10570000EBF7B6FDC0F3074000F00600062869D1AC
:10571000764A9369002B40F0898026255DE0EBF7FF
:10572000A7FDC1065ED56C4E6C4D3368C0F30744CF
:10573000296804F00207002B00F0E380184601E01E
:10574000C06860B102689142FAD18288042AF7D118
:10575000D0ED027AFCEEE77A17EE902A90B2002F95
:1057600040F09F8003A9FFF7A5FB002885D0220702
:10577000039940F18D8030682A6810B90EE0C06846
:1057800060B103689A42FAD18388132BF7D1D0ED28
:10579000027AFCEEE77A17EE903A98B2FFF7CCFB6C
:1057A000B8BB6AE7FCF7AAFE034693FAA3F1002B05
:1057B000B1FA81F108BF4FF0FF31013107EE901AC5
:1057C000F8EEE77A474817EE901AFFF79FFE4FF082
:1057D0007E514548FFF79AFE0025284605B0BDECEE
:1057E000028BF0BD1C25284605B0BDEC028BF0BD38
:1057F0005CB1DFED3F7AFCEEE77ACDED017A9DF802
:105800000400A04700283FF438AF4FF48020F7F79A
:10581000EBF80025284605B0BDEC028BF0BD304604
:10582000F5F70AFD00287FF458AFD6E72A492B4B3D
:105830000C681B682046D16914B95BE0C06878B178
:1058400002689342FAD18288112AF7D1D0ED027A08
:10585000FDEEE77A17EE900A02E0E468002C49D0EA
:1058600022689342F9D1A288122AF6D194ED028AD5
:10587000884700283FF451AFFCEEC87ACDED017A9D
:105880009DF80440022C3FF648AF00EB840001680D
:105890001448FFF73BFE4FF07E511348FFF736FEEA
:1058A000B7E70022039201E0DB6843B31A68914234
:1058B000FAD19A88112AF7D1996803916EE72146A7
:1058C000F5F712F901460748FFF720FE4FF07E5129
:1058D0000548FFF71BFE80E77C390020802E002062
:1058E000C8220020DCF50110E4F50110A8210020F9
:1058F00000000000884700283FF40FAFC5E70021F3
:105900004CE747B1002218461146039246E7002CA7
:105910007FF477AF79E7384624E7054B1B682BB156
:1059200005B0BDEC028BBDE8F0401847FF2554E7F9
:105930000C38002038B51A4B05461B685A1C23D07A
:10594000184C03EB43039B00E218926808331C4495
:10595000FAB12368A3B1284605F14002D0F800E06F
:10596000D0F804C08568C16810309042C3F800E0E8
:10597000C3F804C09D60D96003F11003EED1236821
:10598000181E18BF012038BD074B1A681C46002A94
:10599000DFD1402005F0CAFC03462060DAE700BFF3
:1059A00000170020842E0020903700200B4B10B5EC
:1059B0001B685A1C0ED00A4C03EB43039B00E218F1
:1059C000926808331C4422B1206805F0EBFC0023E8
:1059D000236010BD034B1C461A68F4E70017002033
:1059E000842E002090370020074B1B685A1C07D0DC
:1059F000064A03EB430302EB83039868EBF73EBCD4
:105A0000034B1868EBF73ABC00170020842E0020E7
:105A1000903700200B4902460B68082BD4BF0120A9
:105A200000200DDC013310B40B600749074C03EB79
:105A3000430301EB830322605A605DF8044B704717
:105A4000704700BF00170020842E0020802E002009
:105A50002DE9F047364F3D68002D3FDBDFF8D88059
:105A6000D8F80060DEB1DFF8D4A0DAF80040A14633
:105A70003CB1236820469E42E46841D08146002C18
:105A8000F7D1DFF8BCA0DAF80040A1463CB12368AA
:105A900020469E42A46A25D08146002CF7D1254E8F
:105AA00005EB450306EB830398686C0050B190F852
:105AB0003830002B32D105F075FC00232C4406EB66
:105AC0008404A360013D002DB1BF002305EB450315
:105AD00006EB830673683D60C8F80030E843C00FEA
:105AE000BDE8F087DAF80030834212BFC9F82840D9
:105AF000A146CAF8004005F055FC002CC7D1CEE7FE
:105B0000DAF80030834212BFC9F80C40A146CAF847
:105B1000004005F047FC002CABD1B2E7EBF7AEFB41
:105B20003D6805EB450306EB830398686C00C2E70C
:105B300000170020842E0020802E00207C390020B9
:105B400078390020014B1868013070470017002099
:105B5000034B93F8100100F001000330704700BFC1
:105B6000B4470020124B10B51A784AB90121114AE6
:105B70001148D2F81841197004601048C2F8180191
:105B80000F4B1B685A1C0ED00E4C03EB43039B00BB
:105B9000E218926808331C4422B1206805F002FC28
:105BA0000023236010BD084B1C461A68F4E700BFB1
:105BB00021550020A82100200C3800201956011082
:105BC00000170020842E002090370020037883B334
:105BD00070B502460D461C46114612F8013F2A2BAD
:105BE00013D0242C15F8010B08D030B12E2C01D085
:105BF000A04208D1002BEED1012070BDABB100282E
:105C0000FBD02428E7D0002070BD8E1C29463046EA
:105C1000FFF7DCFF0028F0D115F8013B002BECD09A
:105C20009C42F3D02E2CF1D070BDB0FA80F0400928
:105C300070BD0120704700BF0022014B1A707047F1
:105C40002C5500202DE9F0470021194A1948EAF7A0
:105C500033FC194E307000B3DFF86880DFF86890CD
:105C6000D8F8BC309847154C074605E0E36B6BB994
:105C7000236C5BB9337893B1D9F85050FCF73EFCF4
:105C8000A847D8F8BC3098478742EFD00021094890
:105C90003170BDE8F047EAF795BCBDE8F087D8F869
:105CA00040304FF40071BDE8F0470548184700BF89
:105CB000E0930400395C01102C55002020250020C1
:105CC0005C250020C8220020A821002038B5194DED
:105CD000194CD5F8B03198472368C01A312823D918
:105CE000D5F8B0319847154B20601B78E3B9144CB8
:105CF000A379CBB9607A10F0020015D1EBF76CFAFA
:105D0000104B5A7E037813430ED0FCF7F7FB102894
:105D10000BD0402804D038B9BDE83840FFF792BF17
:105D200094F82830012BF7D038BD94F82930012B96
:105D3000F2D038BDC8220020303600202C5500207B
:105D400020250020BC3000202DE9F041284E33688A
:105D5000002B4BD0274B1C68002CFCD1264D2B6D03
:105D60009847D5F8DC3030689847EB6C346098473A
:105D7000224E336853B11F4B1C68002CFCD12B6D95
:105D800098473268EB6C2A67346098471C4C23783C
:105D9000D3B91C4E1C4BD6F8B4209A4221D0002314
:105DA0001A49EA6E81F8803023709047020709D5BE
:105DB00095F8DC311B0705D52B6C4021BDE8F0417F
:105DC00013481847BDE8F08100230E4E0122194602
:105DD0001048D6F8AC70B8470B4BD6F8B4209A42AE
:105DE000DDD10D4B1B68C6F8B430D8E7024DBFE7D4
:105DF000B02F002064490020C82200203C2F002042
:105E00002A550020A821002005660110BC30002082
:105E10005C250020582F002010380020014B142052
:105E2000DB681847A8210020064B074810B5074932
:105E30001C6FD3F8DC20186705480C609047054BB1
:105E4000186010BDC8220020C55F01103C2F002043
:105E5000315F0110B02F002070B5154D2C68ECB1EA
:105E6000144B2269196991421FD0134A9C469269CA
:105E7000124E0AB1D6F8D040BCE80F002060616035
:105E8000A260E360DCF8000020618020F6F7ACFD42
:105E90000023D6F8D0202B601269B267FFF754FFB9
:105EA000BDE87040064B1B681847044EF0E700BF82
:105EB000D8370020582F0020A8210020BC30002017
:105EC000A02F00200D4B30B48C460446186031B131
:105ED0000B4B1B687BB1204630BC614618470068FD
:105EE000E3686168A268074D0FC5054B20691B6810
:105EF0002860002BEFD130BC704700BFD83700209E
:105F0000D4500020582F0020074B10B51B680446C2
:105F100003B19847054B1B7F03B910BD2046BDE870
:105F20001040F6F767BC00BF04380020B4470020DB
:105F300038B51A4C8128236803F10103236008D087
:105F40007E2806D0164B1B6898472368013B2360C8
:105F500038BD144D2B7803F0FF0253B9124B1B7858
:105F600063B1124B1978A9B111461148EAF774FBD5
:105F7000287001202368013B236038BD0D4B0021B0
:105F80001B7F032B0CBF0C480C48EAF765FB2870FD
:105F90000120EFE70A48EAF75FFBEAE764490020DF
:105FA000B02F00201F550020195500201B55002040
:105FB00049610110B44700200567011045660110D2
:105FC0001D5E011038B5194C236801332360430767
:105FD00013D5174D2B7803F0FF0253B9154B1B78DF
:105FE00093B1154B1978E9B111461448EAF734FB1F
:105FF00028702368013B236038BD114B1B6898470C
:106000002368013B236038BD0E4B00211B7F032B0F
:106010000CBF0D480D48EAF71FFB28702368013BB1
:10602000236038BD0A48EAF717FBE2E7644900201D
:106030001F550020195500201B55002049610110F3
:106040003C2F0020B4470020056701104566011071
:106050001D5E011038B5104C054610492046F6F774
:106060001BFC0F4B0F4A9B7802EB830204EB83036C
:10607000D2ED137A93ED007AB4EE677AF1EE10FA6E
:1060800001D1012038BD29462046C3ED007ABDE884
:106090003840EFF76DB800BFD84D0020AC25002088
:1060A000D0380020202500202DE9F843204C214F36
:1060B000214605460820F4F7ABFDBB781E4A1F4E6B
:1060C00002EB8302D16C327804EB8303D3F80080B7
:1060D000196042B11A4B002218681A4B2146D3F8B6
:1060E000AC900123C84729461148EFF741F818B989
:1060F00000242046BDE8F883BB78294604EB8304DE
:106100000B48C4F80080EFF733F804460028EFD0BE
:106110003378002BEDD0012309490A4A0868D2F8E8
:10612000AC5000211A46A8472046BDE8F88300BFBE
:10613000D84D0020D0380020202500202A550020EE
:10614000D8370020A821002000B58BB06846F0F7B2
:10615000D3FE9DF81430684643F001038DF81430E7
:10616000FFF778FFD8B1194B1B7F022B1FD0184BBC
:10617000184893F800C0184A5B7800EB8C0E02EBCD
:106180008C0C02EB8302DCF800C0126800EB830386
:106190006946CEF800C01A60EEF7EAFF60B9002346
:1061A0000E490F4A0B7013700BB05DF804FB684684
:1061B000FFF77AFF0028F2D0F2F7E6FDF0F7C6FD10
:1061C00008490948F6F768FBE9E700BFB447002033
:1061D000D0380020D84D0020443900201F55002021
:1061E0001B550020AC25002024310020F0B5554D72
:1061F0008BB06846F0F780FE534C2B78534E04EB7F
:10620000830206EB8303D3ED007A92ED007AB4EEBD
:10621000677AF1EE10FA9DF8143043F001038DF81F
:1062200014301ED16B7804EB830206EB830392EDEE
:10623000007AD3ED007AB4EE677AF1EE10FA10D15D
:10624000434FF2F7A1FD00284BD1F2F79DFD002846
:1062500031D13B78002B41D1787880F001000BB030
:10626000F0BDAB783A4F04EB830207EB8303DB6CA2
:10627000694635481360EEF77BFF0028E5D0354BC3
:1062800093F811315B06DCD4AB7807EB8302D2F8CC
:106290004CC004EB830396E8070084E807006946D6
:1062A0002948C3F800C0EEF763FF0028C9D1F2F710
:1062B0006BFD0028CDD0F0F749FD27492748F6F7B8
:1062C000EBFA274B274C1D682868EB686968AA68B9
:1062D0000FC43B7828692060002BBDD000200BB094
:1062E000F0BDF0F733FD1C491C48F6F7D5FA194C00
:1062F0001D4BB4F89810587EFDF776FA4FF0FF303A
:10630000EAF76AFFB4F8A03001788268C068FDF748
:1063100063FF94F8111111F0400196D1A878EAF7C3
:10632000CDFDAB7807EE100A06EB8306D6ED007ABA
:1063300077EE877A69460548C6ED007AEEF718FFD2
:1063400083E700BFD0380020D84D0020443900201A
:1063500020250020B4470020AC2500202431002057
:10636000D8370020582F0020BC300020854B1B68F8
:10637000002B00F0FE80844A1B6912699A4200F0EB
:10638000F6802DE9F047814D814E817904468EB02B
:106390002846EAF729FE337F7E4F012B97F84820E5
:1063A00000F0A58002F00702072A40F0B480032B1A
:1063B00040F0A480DFF80892033B18BF01234FF0A0
:1063C000000A754ADFF8FC811370FDF761FFD8F809
:1063D000743050469847714B83F800A0D9F8AC3020
:1063E0002BB1337F013B022B8CBF00230123DFF84D
:1063F000D8916B4A48466B491370F6F74DFA002165
:10640000A878EAF75BFDAB7807EE100A09EB830387
:10641000D3ED007A77EEC77AC3ED007A0DF1040A66
:1064200099E807008AE8070004A8F0F765FD9DF8E1
:10643000243043F001038DF8243096F812315B07C5
:106440006DD4AB7807EB8307FA6C0DEB83035A60CE
:106450000023554F3B7004A8FFF7FCFD002842D0F5
:106460003B78002B69D02B78504E0DEB8302D2ED98
:10647000017A06EB8302D2ED006AF4EE676AF1EE70
:1064800010FA6A784FEA83030DEB820191ED017AED
:106490004FEA820207D1B118D1ED006AF4EE476AE3
:1064A000F1EE10FA0AD033443244404804A9C3ED57
:1064B000007A82ED007AEEF75BFEA0B1AB7806EBD6
:1064C00083060DEB8303D3ED017A96ED007AB4EEEB
:1064D000677AF1EE10FA33D0344804A9C6ED007A99
:1064E000EEF746FE60BB12200EB0BDE8F087A9783B
:1064F00003FA01F10A40C9B291420CD1DFF8C09011
:106500002B49D9F8B4208A423FF456AFC9F8B410E9
:1065100028490A6050E72E200EB0BDE8F08797F8B2
:10652000483003F00703072B8BD101231E4F514640
:106530000A203B70F4F76CFB8DE7337F022B1AD0F7
:10654000F2F722FCF0F702FC16491B48F6F7A4F913
:1065500001224FF48061D8F8403084F88020174839
:106560009847F2F7C3F800200EB0BDE8F08700208E
:1065700070472F20704704A8FFF796FD0028DFD151
:10658000B1E700BFD8370020582F0020D0380020B6
:10659000B447002020250020195500201F55002059
:1065A0002A550020AC2500201B550020D84D002086
:1065B0000566011010380020243100205C250020E1
:1065C000A8210020C822002044390020094B10B522
:1065D0001B68044603B19847074B1B7DA34200D0BC
:1065E00010BD064B1A78002AFAD0054A12781A70A4
:1065F00010BD00BF14380020BC3000201955002009
:106600001B5500200C4B1A7A910703D40B4B132017
:10661000DB6818470A4993F870208978CA40D20786
:1066200000D4704703EB81021346D26A5B6F0220ED
:10663000D21AEAF77BBC00BF20250020A821002049
:10664000D038002010B50B490B48F6F725F9FFF7B5
:10665000CDFD0446FFF778FB084B0020DB68984728
:1066600034B1BDE81040064B02211B6C05481847A9
:1066700010BD00BFAC250020D84D0020A82100206F
:10668000C82200205C2500201B4B1C4903EB800323
:10669000D3ED007A91ED0B7A77EEC77A10B4184CEF
:1066A000C3ED007A94F84820C240D20708D501EB28
:1066B000401191ED0F7AB5EEC07AF1EE10FA02D4E6
:1066C0005DF8044B704704EB8002D2ED196AF4EEDA
:1066D000E67AF1EE10FA92ED167A58BFF0EE667A8D
:1066E000F4EEC77AF1EE10FA77FE877AC3ED007AFE
:1066F0005DF8044B704700BFD84D0020B447002020
:10670000202500202DE9F0438FB001A90820F4F7DF
:106710007FFA04A8F0F7F0FB7C4B4FF000051A78E5
:106720009DF8243043F001038DF82430002A44D131
:10673000774C784E227863780DEB8201496806EB3E
:10674000820211600DEB83025268734F06EB8303E4
:106750001A603B7893B14FF00108704B0022186823
:106760006F4B6C49D3F8AC900123C847B8F1000FC8
:1067700004D1FFF7E9FA0FB0BDE8F083654804A93A
:10678000EEF7F6FC0028F4D0A37804A90DEB830201
:10679000526806EB83035F481A60EEF7E9FC0021BC
:1067A000DFF890810991D8F824308DF81410049303
:1067B00008BBA078FFF768FFDBE704A8FFF74AFCF7
:1067C000534C544E22786378534F06EB820E06EBFF
:1067D000830C0DEB82020DEB830352685B68397802
:1067E000CEF800208046CCF800300029B5D1B8F1B1
:1067F000000FBED0C2E73B78002B53D1A078FFF743
:1068000043FF4FF00002434804A9EFF7DDFB0128E6
:10681000AFD144493F48F6F73FF8A378B0EE007A8D
:1068200006EB8303D3ED007A77EE877A98F812218E
:10683000C3ED007A1307C2F3C00745D5D8F820305E
:10684000049367F3C3052A46324804A9EFF7BCFB5B
:1068500001288ED1344BA17893F8704003EB81026C
:1068600024FA01F5ED07D26A47D48840044303EBCC
:1068700081014FF4004083F870404A67F6F7B4F89E
:10688000274B0F20DB689847FFF7B0FC0446FFF763
:106890005BFA002C3FF46FAF244B02211B6C2448A1
:1068A000984768E701231D4A10681D4AD2F8AC706A
:1068B0001A46B8479DF8253060F3C3038DF825309C
:1068C000A078FFF7E1FE9CE7D8F82830114804A92A
:1068D0000493EEF74DFC00283FF44BAFD8F820307E
:1068E000B1EE007A0493A37806EB8303D3ED007A2C
:1068F00077EEC77AC3ED007AA3E703EB81035B6F02
:106900000220D21AEAF712FBBEE700BF1B55002097
:10691000D0380020D84D00202A550020D83700203C
:10692000A82100204C25002020250020C82200207E
:106930005C250020B447002038B5214CD4F8243120
:10694000984700282DD1D4F8E03053B34FF40040DD
:10695000F6F74AF81B4B1B7F13F0FB0322D01A49B2
:106960001A4A1B4B1B48C3F8D0101178C4F82001F9
:10697000A1B90120D4F81C51174910700D601749B6
:10698000D3F8A850C4F81C111549986C0D6015492E
:10699000154AC3F8A81015499A640860144B1A6880
:1069A00032B138BD0A4AC4F82031C2F8D03038BDFF
:1069B000D4F878110F4A1960C4F8782138BD00BFA7
:1069C000C8220020B4470020295E0110285500206D
:1069D000A82100206D630110D4500020C55E011075
:1069E00004380020095F0110CD6501101438002023
:1069F000A02F0020595E0110F0B55C4C8BB0237FB6
:106A0000013B012B28D85A4B1B682BB3594B1D78DF
:106A1000DDB9594B1B7813BB4FF010055749584847
:106A2000F5F73AFF574E6846F0F766FA636AB078B2
:106A30000093FFF729FE2A4669465148EFF7C4FA4A
:106A4000012821D02F200BB0F0BD4F4B1720DB6861
:106A5000984700200BB0F0BD03200BB0F0BD4A4AB0
:106A60004A4B4B490820D2F8AC601F68F5F72AFF63
:106A70000123024629463846B0479DF8153060F399
:106A8000C3038DF81530C7E73D484249F5F704FFC9
:106A90003B4AB378B0EE007A02EB8303D3ED007A81
:106AA00077EE877A94F81221C3ED007A1307C2F3C8
:106AB000C00743D5236A009367F3C3052A46694696
:106AC0002F48EFF781FA0128BCD132492C48F5F75D
:106AD000E3FEB2782A48F1EE006A00EB820393ED00
:106AE000007A2D4D37EE267A05EB8202D2ED137A2D
:106AF000B4EEE77AF1EE10FA666A77FE877A6946B5
:106B0000C3ED007A0096EEF733FB00289AD0F2F737
:106B10003BF900289DD0F0F719F905F18C011F48C9
:106B2000F5F7BAFE0020227F1D49174B022A087094
:106B3000DB6814BF1220112098478AE7A36A6946D0
:106B40000F480093EEF714FB00283FF47BAF0C4A8C
:106B5000B378B1EE007A02EB8303D3ED007A77EEDF
:106B6000C77A226AC3ED007A0092A5E7B4470020F5
:106B7000B02F00201B5500202A550020AC250020F6
:106B8000D84D0020D0380020A8210020D837002080
:106B90000000A0404C2500202025002024310020AA
:106BA000195500200048704704170020004870471E
:106BB000101700200023084901E0182B09D011F814
:106BC000332001EBC30C824203F10103F5D160468F
:106BD00070470020704700BF2481021008B5044BA5
:106BE0000449D3F8802108F071FA012008BD00BFE4
:106BF000C822002000801F1038B5144D1449D5F864
:106C00008021044607F0C0FC08B9012038BD72B6E7
:106C10004FF480514FF4FC1008F092FCD5F880211D
:106C20004FF4FC10D3B2120A002B18BF01322146D8
:106C3000120208F059FC62B605492046D5F88021B9
:106C400007F0A2FCB0FA80F0400938BDC82200204D
:106C500000801F100020704708B5884700200021E1
:106C600008BD00BF044B0C2293F8FB304340C3F334
:106C7000000343EC40207047B4470020002382B05B
:106C8000009310EE183010EE181010EE1820C1F31B
:106C90004041C3F3C03343EA4103C2F3804243EAB5
:106CA00082038DF80030009802B07047C36893F8F3
:106CB000202061F3861283F820207047C0680022EC
:106CC000836E18474FF000034268127A62F30003A4
:106CD00018467047704700BF024B93F8960000F0CB
:106CE00001007047B447002072B603681943016081
:106CF00062B67047034672B600681A6822EA01015C
:106D0000196062B6704700BF034672B6006819602A
:106D100062B67047014B1868704700BFAC2F002067
:106D20002DE9F0470026884691462E4C2E4D237FB4
:106D300043F001032377EF68627FA7F1010CBCFAEF
:106D40008CFCA87A2978AB694FEA5C1C6CF30412BE
:106D500026716061617120464946A76023616277B0
:106D60000136C047042E05F11C05E4D102231F4D56
:106D70001F4FDFF884A0A3830EE0272B0CBF5246E1
:106D800000226B694946C4E9032316480136C0470F
:106D9000122E05F11C050BD0EB68287A29786A6859
:106DA000252B267160616171A260E6D13A46E8E761
:106DB000104B1D680023E3608DB1EB6826716361A1
:106DC0002B782F8A63716B686A6949460548A3600E
:106DD000A7832261C047AD690136002DEDD1BDE822
:106DE000F08700BFC0240020B41800202C1700201A
:106DF000EC5502107C380020F05502100D4B1B683A
:106E000013B970479B69A3B193F800C08445F9D1C9
:106E100010B45C688C4208D09B693BB193F800C009
:106E20008445F9D15C688C42F6D15A615DF8044B17
:106E3000704770477C3800200349044B044A0B44D8
:106E400004489B1A181A704730550020000008208B
:106E500030550020000008200E2806D911380228DD
:106E60008CBF00200120400070470B2894BF0020F9
:106E700001204000704700BF70B504461C2004F09C
:106E800055FAA8B184460546002620686168A268C4
:106E9000E368ACE80F00084A206961691368ACE850
:106EA0000300AE612BB11A469B69002BFBD19561A3
:106EB00070BD156070BD00BF7C380020064C08B561
:106EC0000648D4F8C030984700216420E36B984707
:106ED0000021084602F004FEC8220020F8550210E6
:106EE00002F0FEBC2DE9F0472B4C4FF001084FF0AB
:106EF000000A814604F5C47502E01C34AC422CD073
:106F0000E368242BF9D163680B2BF6D0207A01F0CB
:106F1000E1FD0428F1D0207A01F08CFE2378207A5C
:106F2000062B33D0C02B31D0A0F1200CC0F12001B2
:106F300008FA0CFC28FA01F15746534608FA00F605
:106F40004CEA010242EC24606368012BD5D1042194
:106F50001C3401F0A1FDAC42D2D199F800300F4AA7
:106F6000A3F11703B3FA83F30D4C5B0948464FF0C6
:106F70000001D2F808212370904710EE103003F082
:106F8000A80320EE10302078BDE8F0874FF0010311
:106F900043EC4000C8E700BF2C170020C8220020A7
:106FA0001555002088B170B5054600244FF0000348
:106FB000E2B262F3070362F30F2363F30F06304676
:106FC0000134A847032CF1D170BD7047002110B5E2
:106FD0000446112001F062FE01210B4A0B4B1068A0
:106FE0001A68814022EA01021A60D3F8702122F463
:106FF0008072C3F870212CB110EE103003F0A8039A
:1070000020EE103010BD00BF484D00200000305071
:1070100000B1704701490248F6F740BF24560210FC
:107020002C56021038B51B4C00214FF00700D4F845
:107030008C309847184B194A1968236A1848A2FBE4
:1070400003230268B2EB131F0FD01C09154B164D1A
:107050001A6801EB4103046002F01F0205EBC30351
:10706000081D45F82040C3F8D82001230E4A8B4064
:107070001068034208D111680B431360D2F87031D5
:1070800043F48073C2F870310121BDE8384011200B
:1070900001F004BEC8220020484D00201F85EB519E
:1070A000783800204C4D0020000030502DE9F04190
:1070B0000D4684B010B3044631B302F0C5FA06465B
:1070C00002F00EFC0B4602464FF47A704FF0FF3C84
:1070D0006FF00047E4FB0023944577EB03014FF08A
:1070E0000001154C3CBF62463B463046019500947A
:1070F000029102F011FB04B0BDE8F0810029FAD042
:1071000004B0BDE8F04108474FF47A720B4E02FB21
:1071100004F4B76AB36ADB1BA342ECD2DFF8208029
:10712000D8F85450FBF7EAF9A847B36ADB1B9C4236
:10713000F6D804B0BDE8F081596C011000000B4096
:10714000A8210020F8B50446002832D0294B9FED35
:107150002A7AD3ED2D7AF4EEC77AF1EE10FA29DC13
:107160009FED267AF4EEC77AF1EE10FACCBF0C252B
:107170003225052001F08CFB214AB0FBF5F32149B3
:107180002046FDF7ABF8B8B9E36893F820305B060A
:1071900004D5014600222046636A98471A4B636271
:1071A000A17A204611F0010118BF1649FCF776FDBF
:1071B0000120F8BD0125DCE700210120134A144B12
:1071C0006262104AD3F89870168992892D017A402C
:1071D000104F92B2C7F89820C3F88C10C3F89410DF
:1071E000C3F89810C3F89C60C3F89050C3F88C00A3
:1071F000D6E700BFB44700200000FA44000048432F
:107200005C48002080490020AD6C0110197201100B
:1072100000800A4000900A4038B50446C06807EE76
:10722000902A90F82030C9B25D0720D5890720D573
:10723000F5EE407AF1EE10FA08D11B0706D590F86A
:10724000203023F0400380F8203038BD90F8203003
:1072500017EE901A43F04003856E80F8203000222C
:10726000A84701462046BDE8384008F051B9CA0792
:10727000DED490F82030828923F0400380F820305B
:10728000044B0549D3F8983053409BB2C1F898306D
:1072900038BD00BF00800A4000900A4010290AD87B
:1072A000DFE801F00A0F1409190909091E09090983
:1072B000090909092300704700220F21807A01F093
:1072C00047BC01220821807A01F042BC012204213E
:1072D000807A01F03DBC01220C21807A01F038BC9B
:1072E00001220221807A01F033BC0122807A11460A
:1072F00001F02EBCBB4B1B78002B00F00C812DE95C
:10730000F04FCB07804683B000F1B781B64CDFED7C
:10731000B75AD4ED087AB0EE006AF8EE676A98EDD5
:10732000407AC6EEA57A37EE067A67EE877AFAFEDD
:10733000677AFCEEE77A98F8F810AD4B022001F07E
:107340000101C3ED027A01F0F3FB98F8F910032074
:1073500001F0010101F0ECFB98F8F8100420C1F3F2
:10736000400101F0E5FB98F8F9100520C1F3400158
:1073700001F0DEFB98F8F8100620C1F3800101F05F
:10738000D7FB98F8F9100720C1F3800101F0D0FB7A
:10739000D4F88830012098470022DFF8689204264C
:1073A0004C464FF00F0B11461046924B01F014FC67
:1073B0000021152001F072FC98F81C2198F81B316F
:1073C0008D4F5340019394F85E0001F033FC94F824
:1073D0005430013E3D2B25D81E2B2FD91F3B1E2B91
:1073E0002CD8DFE813F0EF00EF00EF002B002B00AC
:1073F000DC00DC00DC002B002B00C300C300C3005A
:107400002B002B00110111012B00370137012B003C
:10741000240124012B002B002B002B002B002B0020
:107420002B002100C32B09D1C6EBC60209EB820257
:10743000138923F47E7343F048031381F500236E10
:1074400013F4C06F0CD0AB1B09EB83035A7A12F014
:10745000040F0CBF012102211A8961F349121A811C
:10746000AD1B09EB85052B7A94F85E0003F0180339
:10747000082B0DBF012100210122002201F034FB65
:10748000697A94F85E00C1F3800101F041FB236E3C
:107490001F4231D094F85E30584903F00702920041
:1074A000DB080BFA02F28C331C3C41F82320002E3F
:1074B00089D1534E0E25344601E01C3C25B3D4F847
:1074C0007831013D242BF8D194F86C318A3B072B9D
:1074D000F3D801A252F823F05F7501104D75011029
:1074E000BB740110BB740110BB740110BB7401109C
:1074F0003B75011019750110298904F15400C1F37D
:107500004411FFF7CBFEC5E70121152003B0BDE80C
:10751000F04F01F0C3BB7047C5EBC50398F8962048
:1075200006EB8303597C62F38201597494F8740169
:10753000C1F3800101F0FCFABFE798F89620C5EB93
:10754000C50306EB8303C2F34002EBE798F8A820DB
:10755000C5EBC50306EB8303C2F34002E2E7C5EBCC
:10756000C50398F8A82006EB8303DBE798F81C21F5
:10757000C6EBC60109EB81010889019B42F3800239
:1075800002F0030282F0010220F48360C3F380035F
:107590009B0243EAC20303430B81F5004FE798F8CF
:1075A0001C21C6EBC60109EB81010889019B42F34E
:1075B000400202F0030282F0010220F48360C3F370
:1075C0004003E5E7C6EBC60198F81C2109EB8101F1
:1075D0000889019B02F00102013220F4836003F06C
:1075E0000103D5E715550020C82200200024744966
:1075F000344D002079020020000610000080024077
:107600002C170020B418002098F81C21C6EBC601E6
:1076100009EB81010889019B42F3C00202F00302D9
:1076200082F0010220F48360C3F3C003B0E798F84E
:107630001C21C6EBC60109EB81010889019B42F3BD
:10764000401202F0030282F0010220F48360C3F3CF
:1076500040139DE798F81C21C6EBC60109EB810198
:107660000889019B42F3001202F0030282F001023A
:1076700020F48360C3F300138AE7094C012194F9D5
:107680000000FCF7B7FAFFF75DFDFCF7DBFA94F9B1
:10769000003098427FF43AAEFCF792FB36E600BF2A
:1076A000241900202DE9F043214F064683B00846F7
:1076B00088463C78FBF7FEFC86F00105019026B178
:1076C0001C4B93F81A6106F001065FFA88F87A6895
:1076D000013CC4EBC4034FEA830902EB830016B1FB
:1076E000B8F1000F0BD105BB00250189C1F344118E
:1076F000FFF7D4FD002CEAD103B0BDE8F08312F807
:107700002300FBF76BFC7B68C5B203EB0900C36881
:10771000B3F5007F0CBF9DF804309DF805301D4087
:10772000003D18BF0125002DDED00021E0E700BF9D
:1077300080360020B447002010B50189044601F4CA
:107740007872802A82B015D010EE1830403A18BFF7
:107750000122807AC340607A83EA900303F0010338
:10776000934207D02046C1F3441102B0BDE8104057
:10777000FFF794BDE368B3F5007F02D0B3F5806FE7
:10778000F0D10023009310EE183010EE181010EE18
:107790001820C1F34041C3F3C03343EA4103C2F3AD
:1077A000804243EA820303F007038DF8003000981B
:1077B000F9F720FFC0B218B1024B00981B6E984732
:1077C0002189CFE7C822002010B50F2001F032FA3E
:1077D0004FF000040F2044EC44000121002201F08E
:1077E00083F9112001F026FA112044EC4400012114
:1077F000002201F079F9122001F01CFA122044EC69
:107800004400BDE810400121002201F06DB900BF25
:107810002DE9F04F2DED028B00254FF0E0230326DC
:1078200040F2E7327D4C7E498FB061607D49052092
:10783000A1607D49AB46E1605A619D617B4A1E6152
:107840007B4BDFF878A2C4E904237A4B7A4AA3631E
:107850007A4BA261236201F01BF8794BB2EE047AF5
:10786000A3FB0030800C07EE900A4FF07E53F8EE39
:10787000E76AE361734B4FF48062C4F80831724BDE
:10788000C6EE877AC4F88430704BA262C4F88830A0
:107890006F4B704AC4F88C306F4B6263C4F89430FD
:1078A0006E4B6F4AC4F898306E4BE263C4F8AC304C
:1078B0006D4B6E4AA3656E4BC2ED007AE3656D4B6E
:1078C000606263676C4BDFF8F891A3676B4BDFF87E
:1078D000F481E3666A4BC4F8B4316A4BC4F8B03142
:1078E000694B2364694B6364694BA364694BC4F8B7
:1078F000A831694BC4F87031684BC4F8743100F09A
:10790000C1FB00F0E7FDFBF757FF4FF48053644ADB
:10791000C4F88431634BC4F8A021C4F8A43184F8BE
:107920007C61FDF731F860496048FCF70BF90723EB
:107930005F4ADFF894C1107061462A46DAF80460A5
:107940000A930593C4F8E03194F8D431019623F0FA
:107950006F03D9F8046043F06F039AF800E099F8D8
:1079600000700096ADF81050A4F8E451ADF828501E
:1079700084F8D43103950295C2EBC2030CEB830368
:107980001879D60020F0190040F009001871187A13
:1079900020F0190040F0090018728B7A48F8231083
:1079A000CB68B3F5801F00F0608113F4C06F08D07E
:1079B000019B002B00F07F8101250EF1010E5FFA83
:1079C0008EFE0132042A01F11C01D5D10DB18AF8D5
:1079D00000E0039B002B40F06681BBF1000F01D05B
:1079E00089F80070029B13B1009BC9F80430314B39
:1079F0000027D3F80480DFF8D4B042462E4EB946B3
:107A0000B84693F800C001973B46009730461746AA
:107A1000DBF804A09BF800E062E000BFC822002071
:107A20004056021048560210505602105C56021082
:107A300080560210E56E0110A05602108096980044
:107A400083DE1B43F572011025700110CD6F01100C
:107A5000656C0110396E0110F10100201101002048
:107A6000AD700110A56F0110A5760110AC38002093
:107A70007D6C0110D56C0110D96C011059010020EA
:107A8000E16E0110156D0110E96C0110F56C01102B
:107A9000096D0110216D0110796E0110FD6D01104D
:107AA000DD6B0110F96B0110143B0210F481021020
:107AB00024190020FC2C00202C17002080360020E8
:107AC000F42C0020B8350020B4180020042D00202C
:107AD0000B2D00F0B18001330E2B00F11C001DD0E6
:107AE000C3EBC30206EB8202117C456841F0020140
:107AF000092D11744FEAC302EAD1ACF16E020CF108
:107B0000010C002F00F0AD8001330E2B02704FF0FE
:107B100001095FFA8CFC00F11C00E1D13B464746AD
:107B200098460FB18BF800E0019B0BB1CBF804A095
:107B3000B9F1000F02D0624B83F800C0009B13B173
:107B40005F4BC3F804805F4B5F4A60496048C3F8ED
:107B5000F420D965F4F7D4FC00215E4803F004FD5D
:107B600003465D4D5D495B482B6003F019FD002322
:107B700009935B4B5B4A93ED008A4FF440234FEA35
:107B8000C01E0893431D10604EEA033E4FF480323E
:107B90004FF4F8338446CDE9062306AE0AAF96E8E3
:107BA0000F0087E80F002D68CDF82CE097E80F0054
:107BB00086E80F00334662462946464803F00AFD30
:107BC000DFED497A78EE277ABCEEE77A17EE103AC5
:107BD0009AB2002A65D007EE102AB8EE477ADFED98
:107BE000436A77EEC77A67EEA67AFCEEE77ACDEDC8
:107BF000007A9DF800301B0205EB4505ED0005F10C
:107C0000A04543EA024305F54015C5F8C8301120E8
:107C1000374901F065F80021112001F07FFAFFF7E4
:107C2000D3FD2068A0F10A00B0FA80F040090FB03F
:107C3000BDEC028BBDE8F08FBAF1000F2DD0D21A47
:107C400006EB8202517C4FF0010841F008015174AB
:107C50000EF10102AEF1560E80F800E05FFA82FEEE
:107C600039E70121074600914EE7009BB61A0CEB5D
:107C70008606E3B107F13F03CF720B70B38801377B
:107C800023F478735B045B0C43F4034343F0E00399
:107C90004FF0010BFFB2B38093E6012182460191C0
:107CA000CDE71346A8E7019BCAF8043095E6012307
:107CB00000910293DEE70123019103937CE600BF6C
:107CC000FC2C0020A8210020596E01101170011019
:107CD0001C17002000003050484D00203882021050
:107CE000AC3800204C4D00200000003B00008043D9
:107CF00065010020B0EE047A06EE900ADFED1B5A13
:107D000066EE876AB1EE0E6A86EEA57AF1EE047A27
:107D100037EE067AB4EEE77AF1EE10FA08B52DEDFB
:107D2000028B0DD4F2EE047AB4EEE77AF1EE10FA9B
:107D300037FE878AFCF7B6F840B9BDEC028B08BD68
:107D4000B0EE678AFCF7AEF80028F6D00020FCF70A
:107D50000FF80028F1D018EE102ABDEC028BBDE818
:107D600008404FF00101FCF741B900BF0000B442E8
:107D7000054B1A685B6890B29A4299B238BF00F519
:107D80008060401A80B270478C3D0020074B1A6813
:107D90005B6890B29A4299B238BF00F58060401A91
:107DA00080B2C0F57F70033080B270478C3D0020F8
:107DB000074A53681168994206D0591CC1F309015A
:107DC0001344D87A516070474FF0FF30704700BFBE
:107DD0008C3D00202021034A034B91631A685A60AE
:107DE000704700BF00300740D8500020084A82B0DA
:107DF0009369D90605D41368DBB201939369DB0656
:107E0000F9D50022034B19685A72596002B07047C5
:107E1000000007408C3D0020F8B5104B06469A6BD9
:107E2000910605D49A69920616D520220C4B9A63C6
:107E30000C4D0D4F2C680134C4F3080403E0D7F84F
:107E4000D031984738B16B68A342F8D02B682C60CA
:107E50001D442E720120F8BD1860FBE700000740AA
:107E600000200740D8500020C822002010B504464A
:107E700014F8010B28B1FFF7CFFF14F8010B00280D
:107E8000F9D110BD61B138B504464D1EADB2013512
:107E9000054414F8010BFFF7BFFFAC42F9D138BD20
:107EA000704700BF084B1A685B6890B299B29A425B
:107EB000064B38BF00F500709B69401AC3F3C0033E
:107EC00080B2184480B27047D850002000000740AC
:107ED000502210B1024B9A637047024B9A6370476D
:107EE0000030074000200740014B1B68184700BFC7
:107EF0003C1900200346024A106803B11360704722
:107F00003C190020F8B5224D2F6C17F0500F0AD005
:107F1000204E05E02C683368E4B22046984718B339
:107F2000AB69DB06F6D5BA060AD51B4A1849536871
:107F3000886984060CD5536051681368994220D033
:107F4000F8BD287AC4F30803086088698006F2D473
:107F50001068D518984203F10104F2D153605168BA
:107F600013689942ECD10CE00C4A13685168013354
:107F7000C3F30903994208D0116813600A44D4720C
:107F8000CEE72022064B9A63F8BD01235372C7E760
:107F9000000007403C190020D85000208C3D0020F4
:107FA0000030074008B5034603F00C0213F0030F3E
:107FB00014BF07210821082A14BF01220222034806
:107FC000C3F3021301F066FE012008BD0000074064
:107FD00008B50146024801F0CFFD012008BD00BFF1
:107FE0000000074001460148FBF794B98C3D002092
:107FF00070B51E4D697809B1002070BDAA7804469D
:1080000012F00100F9D09307C2F3400601D50846EB
:1080100070BD42F00202AA703046154D022100F0F8
:108020003BFD0221012000F037FD2146284601F0EA
:10803000F1FD286B0F4C00F44040334601222063D1
:108040000821284601F026FE2846012101F05AFEAB
:108050002120094900F044FE0121212000F01EFEEC
:108060005022064B06489A6370BD00BF34190020A9
:108070000000074000100740057F01100020074066
:108080004C82021010B5074C0748D4F8703198475D
:108090000648D4F870319847BDE810400448FBF713
:1080A0001BB900BFC8220020B8820210A0820210B3
:1080B00028190020054B5A681B6891B298B29A4261
:1080C00088BF00F58060401A80B270479841002058
:1080D000064B5A681B6890B29A4299B294BF00F25C
:1080E000FF3000F1FF30401A80B270479841002005
:1080F000014B1A685A607047984100201820064BBF
:1081000019681A6819445A601A68C8720132C2F3B1
:1081100009021A60704700BF98410020074A53685F
:108120001168994206D0591CC1F309011344D87A49
:10813000516070474FF0FF30704700BF98410020FA
:10814000014B1B68184700BF401900200346024A34
:10815000106803B1136070474019002008B51F2054
:1081600000F0B2FD4FF47A70002108BD01460148CD
:10817000FBF7D0B898410020002004F06DBC00BF90
:1081800008B50021074807F0EBF900B908BD4FF02A
:10819000FF30002103F0AAFEBDE80840014807F0C7
:1081A000C3B900BFF85300202DE9F84380460F46BD
:1081B00001F096FB4FF0FF356FF00044334A821810
:1081C00041F10003954274EB03013CBF2A4623466C
:1081D0002F4807F0BDF908B9BDE8F88303F0FCFDAE
:1081E00048B9002000212B4BC3E90001BDE8F8434A
:1081F000274807F099B903F0F7FD05460028F0D1AC
:10820000002FF3DDDFF88C90234E13E02246002090
:1082100004F0A0FC002104464FF0FF3003F066FE9E
:10822000002004F051FC01F05BFBC9E9000125448A
:10823000AF42DBDD002004F0ADFC7C1B8442A8BF14
:10824000044608EB0501002CE0D121464FF0FF3039
:1082500003F04CFE204604F037FC03F0BDFD00287F
:10826000C4D003F0C1FD0028C0D104F093FC002865
:10827000DED101F035FBD9F80030D9F804209B1984
:1082800042F1000283428A41D2D2AFE740420F005E
:10829000F8530020B824002020A1070008B50346A9
:1082A000034801210370FFF77FFF012008BD00BFD5
:1082B000742E0020474B2DE9F047474C1B68984728
:1082C00023780BB1BDE8F0870123237003F084FD10
:1082D00018B900232370BDE8F08703F085FD00285E
:1082E000F7D104F0CFFB06460028F2D03B4D696879
:1082F0002A688BB2914294BF03F2FF3703F1FF3734
:1083000090B23F1ABFB203F067FD0028E1D003F03E
:108310006BFD0028DDD104F0B5FB0028D9D001F0B9
:10832000DFFA4FF0FF3E6FF0004C2D4A821841F10A
:10833000000396457CEB03013CBF72466346294827
:1083400007F006F90028C4D003F046FD40B900212B
:108350004FF0FF3003F0CAFD224807F0E5F8B8E718
:1083600003F042FD80460028F1D104F08BFB002889
:10837000EDD0142E3246A8BF14221B4EBA42A8BF1D
:108380003A463146404604F087FB0746154807F059
:10839000CBF8002F9DD09CDDB1464FF001083E4444
:1083A000124F06E02A682B60AB1883F80BA0B1458A
:1083B0008FD019F801AB3B68504698470028F6D19A
:1083C0002B686A680133C3F309039342EAD185F845
:1083D0000980ECE7FC37002025550020984100205B
:1083E00040420F00F8530020945000204019002014
:1083F00070B5144D05F10C06AE602B6833B100204A
:1084000004F0C8FB0A282B6803D893B90120AE609A
:1084100070BD984228BF18460446A8682146FFF759
:10842000C3FE2B68AA681B1B22442B60AA60002B8A
:10843000ECD0054BD3F8D03198470028DDD1286027
:10844000E5E700BFE0520020C822002038B5074B06
:1084500004461B680D4613B1FFF7CAFF28B1294631
:108460002046BDE83840FFF79FBE38BDE0520020EF
:1084700003785BB370B5044606F09EFE144E0546C5
:108480003368C218FF2A16D802462146B06806F0A3
:108490001DFE3368B2682B442A443360B260254421
:1084A00015F8012C0A2A02D0726893420DD9BDE852
:1084B0007040FFF79DBF13B1FFF79AFF28B1204628
:1084C000A9B2BDE87040FFF76FBE70BD704700BF36
:1084D000E0520020002130B5084685B004F018FEB7
:1084E0001F201B4900F0FCFB01211F2000F0D6FBE0
:1084F000184800F0A9FE01F0A7F8044601F0F0F9D1
:108500004FF0FF3E6FF0004C10F57A7241F100031E
:1085100096457CEB03014FF001054FF0000120462A
:108520000D4CCDE901153CBF72466346009401F045
:10853000F3F82C21094A0A48146D0A4B04600A4CCE
:108540000A4803F10C059D601465596005B030BD03
:1085500081810110F85300205D810110A8210020C5
:10856000FC370020E0520020B5820110D0820210BA
:108570000FB400B583B0049C074803F093F93CB1F5
:1085800005A92046019102F021FF044803F08AF971
:10859000012002F033FF00BFEC560210F02F021052
:1085A000704700BF08B50148FFF7E2FFFC56021014
:1085B00038B5054C054DAC4204D254F8043B9847FD
:1085C000AC42FAD338BD00BF68F50110A8F5011020
:1085D00010B40748074C084B084A094904601A6060
:1085E0008B6832EA0303FBD15DF8044B704700BF90
:1085F000002002407F3BEFEF00300240F6FFF30324
:1086000000000240044BDB6CB3F5004F03D14FF484
:108610008022024BDA647047000011500020115094
:108620004FF0E022044BD2F8881D0B43C2F8883D7E
:1086300010EE3004704700BF030330006FF060415C
:10864000044B054A19609368DB4333F06043FAD169
:10865000704700BF003002400000024010B545F2F4
:10866000532001F031FABDE81040034604201847BA
:1086700010B545F2532001F027FABDE8104003463B
:108680000120184700F0B6B970B50D490D4D0E4EDA
:108690006D1AAC10442C224628BF4422304692006A
:1086A00006F014FDB5F5867F07D82B1F074A334423
:1086B0000134442C43F8042FFAD1054B9E6070BD61
:1086C0000000001010010010000000201101001037
:1086D00000ED00E0002370B52B4C82B0C4F884306C
:1086E00001F032FA0122294BDA63636C012BFCD1D1
:1086F0000321264A244B11639C6B012CFCD10226DA
:10870000052521460523224A2248009601F024F936
:1087100021462B46204A2148009501F01DF90022F0
:10872000042031461E4B00F0A9F8214628460022BD
:108730001C4B00F0A3F80022082011461A4B00F051
:108740009DF8002209201146174B00F097F80022EF
:1087500006201146134B00F091F80022114B072020
:10876000114600F08BF8042000F092F800240F4B23
:10877000A3FB0035AD0CE0B22946013401F07EF9CF
:10878000062CF8D102B070BD00000140003001405D
:10879000002F685900000540008C86470080054086
:1087A000001BB70080D1F008006CDC0283DE1B43A5
:1087B00000EB400C4FEA8C0C0CF1804C2DE9F041A1
:1087C0000CF5803C069D9046DCF80420041FAA426C
:1087D000E4B238BFCCF80450012C2AD94FF4006E13
:1087E000254E0CF54052C2F800E056F82020AAB9F8
:1087F000DCF800200CF5805782EA481202F0E00213
:10880000012C3A6029D94FF4006246F820300CF56B
:1088100000531A60CCF80450BDE8F0817769B7FBCB
:10882000F2FE0EF1010E0EEB4E0EBEF1030EFCD267
:10883000DEE70129D2D103240CF540521460DCF8A4
:108840000820D207FBD5DCF800200CF5805782EA1F
:10885000481202F0E002084E3A600122DCF80040C3
:108860004C4004F003043C6002FA01F1DCF80820FB
:108870000A42FBD0C7E700BF142F002010B54FF409
:10888000803482B00094FFF793FF02B010BD00BFA8
:10889000014B53F820007047142F0020EFF3108095
:1088A00072B6064BD3E8CF1F01220029FAD1C3E8E4
:1088B000412F0029F6D1BFF35F8F7047DB280020DE
:1088C0000023034AC2E88F3F80F31088704700BF3F
:1088D000DB28002070B58646EFF3108572B6124C87
:1088E000D4E8CF6F0120002EFAD1C4E8460F002E45
:1088F000F6D1BFF35F8F4FF0010CC80801F00703FA
:108900000CFA03F31EF800C01CEA030608D14CEA77
:10891000030C0EF800C0C4E88F6F85F3108870BD9B
:108920001046FFF725FE00BFDB280020F8B5EFF367
:10893000108772B61C4ED6E8CF5F0124002DFAD105
:10894000C6E8454F002DF6D1BFF35F8F9A421BD882
:10895000012502E00132934222D3D40810F804E04A
:1089600002F0070C05FA0CFC1EEA0C0FF2D14EEADD
:108970000C0E00F804E010460023C6E88F3F87F392
:108980001088984207DBF8BD0023C6E88F3F87F3C5
:1089900010884FF0FF300029F5D00698FFF7E8FD6A
:1089A0004FF0FF30E8E700BFDB280020044A1078D2
:1089B000431CDBB2182B28BF10231370704700BF75
:1089C0004419002010B5054C82B001461F2318221F
:1089D00000940348FFF7AAFF02B010BD0857021029
:1089E000082F00204FF0E022936843F0005393607B
:1089F000704700BF0021044B03F12002C3E88F1F22
:108A000001339342FAD17047D02800204FF05042F2
:108A10002DE9F84F1B4B176853F827B07FB3DFF8E9
:108A200068900026DFF864A0DFF86480F3080C3358
:108A300059F8235034460836EDB105F00F012046B1
:108A40002D090134A9B15AF8272000F0070322FAB2
:108A500000FC9B00C2081CF0010F01FA03F302F1B5
:108A60008C0205D148F82230BBF1000F00D0D84766
:108A70000DB1B442E1D3202ED8D1BDE8F88FDFF894
:108A80001490CEE7FC2E0020908202405439002042
:108A9000008002404882024010B44FF480740C4BB6
:108AA00053F8202003EB8003C00082F0400200F165
:108AB000804003F5805C02F0C00200F5203003F531
:108AC0004053CCF8002041601C605DF8044B7047B7
:108AD00004800340C00000F1804000F52030406871
:108AE00000F01F00704700BF10B4084CC90041EAF5
:108AF000820154F8202004EB8003514003F5805399
:108B000001F00C015DF8044B1960704704800340CC
:108B1000C00000F18040043000F520331B6800F5F0
:108B2000243083EA014303F440330360704700BFFD
:108B3000C00000F18040043000F520331B6800F5D0
:108B4000243083EA013303F440530360704700BFCD
:108B50004FF050431B6893B10C4B4FEAD00C00F020
:108B60000700800081400A4803EB8C030CF18C0C59
:108B700040F82C102AB103F5005319607047054BDB
:108B8000EBE703F540531960704700BF9082024045
:108B900000800240488202404FF0504370B50C4DB7
:108BA0001E68044655F826201AB160B145F82640E3
:108BB00070BD0028FCD045F826401520BDE8704067
:108BC000044900F0BDB81520024900F0ADF9EDE709
:108BD000FC2E00200D8A011070B5044618460D4683
:108BE0001646FFF7D9FF4FF050431B68B3B10E494B
:108BF000E00804F007040D4AA40005FA04F401EBB0
:108C000080018C3042F8204056B101F500521460CA
:108C10000121BDE87040152000F040B80449E7E7A5
:108C200001F540510C6070BD90820240008002400E
:108C30004882024030B44FF0000343EC440043EC60
:108C4000400005254FF480740B4BC20053F82010F0
:108C500003EB800081F0400102F1804303F52033F3
:108C600001F0C00200F5805100F540500A605D60DF
:108C7000046030BC704700BF048003404FF0803078
:108C8000044B05491A4604338B421060FAD162B690
:108C9000704700BF00E400E034E400E0012300F08E
:108CA0001F029340400941B1800000F1604000F58F
:108CB0006140C0F8803103607047024A203042F8BA
:108CC0002030704700E100E001224309034900F031
:108CD0001F008240403341F82320704700E100E04C
:108CE000F8B50D46EFF3108772B6124ED6E8CF2FC7
:108CF0000123002AFAD1C6E8423F002AF6D1BFF389
:108D00005F8F0D4B00F110049B680C4A53F8243020
:108D1000934203D0994201D0FFF744FC064B9B6875
:108D200043F82450BFF35F8F0023C6E88F3F87F3DB
:108D30001088F8BDD928002000ED00E011010010D6
:108D40002DE9F04F81468B46164683B0EFF3108332
:108D500072B6DFF8D0A10093DAE8CF1F0123002913
:108D6000FAD1CAE8413F0029F6D1BFF35F8F664BC5
:108D700093F90040002CC0F2A080644D04EB44073E
:108D800005EB870898F8061009F110091970604B77
:108D9000BF009B6853F829006300411B2F292FD97E
:108DA0005C49884240F0A4801C445B4B02372F444E
:108DB000043BDB1BC3F34A036FEAC3434FF4214177
:108DC0006FEAD34325F8241005EB840463804BF647
:108DD0000153A380FF2348F00100E671C4F808B0F6
:108DE000A3714B4B9B6843F82900BFF35F8F0023AF
:108DF000CAE88F3F009B83F3108803B0BDE8F08F73
:108E000020F0010E9EF80710B1422ED84FF42143F6
:108E1000EB53414BB91C2944043B04375B1A2F44E4
:108E2000AEF10401C91BC1F34A043C49C3F34A0330
:108E30000B432143A8F804103949A8F802304AF638
:108E4000AA2073465B1B5B415843000D88F80760FE
:108E500088F80600C8F808B048F00100CEF8001005
:108E6000BFE7D179B1422ED996469EF906C00CEBE8
:108E70004C02BCF1000F05EB8202F2DA4BF6015115
:108E80000EF10402A8F10407BF1AC7F34A076FEAFC
:108E9000C7476FEAD7478EF8064003EB0408204C1B
:108EA00005EB8803AEF8047045F82840998083F8F4
:108EB00006C0DE71C3F808B093E7FFF773FB124BEF
:108EC00093F9004059E7724632F8041F490514D45B
:108ED0004915023102EB410101916FF00701C91BF5
:108EE000019F491B3944C1F34A0141F46041C9E77C
:108EF0000193FFF757FB019B56E701F5FF1101F5C1
:108F0000FF511F31E4E700BF22550020481900201F
:108F100000ED00E0110100107819002000E0FFFFD3
:108F200001488047D92800202DE9F04F83B0EFF3A6
:108F3000108A72B6714ED6E8CF2F0123002AFAD1DB
:108F4000C6E8423F002AF6D1BFF35F8F6C4B00F1B9
:108F500010089B686B4A53F82850954245D08D42C3
:108F60000C4650D0684FEB1B2F2B3ED801214FEA07
:108F700050194FEA890909F1604909F5614900F082
:108F80001F0301FA03F0D9F80030C9F8800000EAA5
:108F9000030BBFF35F8FEFF30581C9B2002934D013
:108FA000884505D0CDE90010FFF7FCFADDE9001097
:108FB00025F0010EDEF808C0644505D189E0D3F83C
:108FC00008C0644531D09E469EF9062002EB42035C
:108FD000002A07EB8303F2DA644561D0BBF1000F8E
:108FE00020D0C9F88001C9F80000454B9B6843F8C0
:108FF0002850BFF35F8F0023C6E88F3F8AF31088A5
:1090000003B0BDE8F08F1546EFE725F0010EDEF85E
:1090100008C06445D8D19EF906407346002C08DA92
:10902000154646E0C9F88000DFE793F90640002CBA
:1090300037DB04EB440C07EB8C0C9CF80710DCF8D6
:109040000820D9719A609CF906206100002A9A7163
:109050003DDBBCF804E05FEA4E5E05D50EF5FF1E71
:109060000EF5FF5E0EF11F0E6FF0070C0A194FEAA6
:109070006E5E920002EB4E0208323A44ACEB030CF7
:109080006244C2F34A026FEAC2426FEAD2429A8055
:109090001E4B21441A7807EB81011C708A719DE7F1
:1090A0007346D9B9FF228EF806204BF60152AEF86E
:1090B0000420164C4AF6AA2294F800C01946C91B8F
:1090C00049414A43120D83F806C0227086E7104AD0
:1090D000DDE79EF906407346002CAADA0D4A0E4CD5
:1090E000D21A083AC2F30A316FEA01516FEA1151FC
:1090F00044EA5202DA80998070E700BFD928002044
:1091000000ED00E011010010481900202255002058
:1091100001BDFFFF8219002000F8FFFF4FF0FF0C98
:1091200020F0030303F1604303F5644300F0030000
:109130001A68C0000CFA00FC22EA0C0281400A43C3
:109140001A6070472DE9F041EFF30586F6B2EFF3B0
:10915000108E72B6204DD5E8CF2F0123002AFAD108
:10916000C5E8423F002AF6D1BFF35F8F1B4F40F0A6
:10917000010CBA684AF6AA2352F82680184C024617
:10918000121B524153431B0DE04559B214D02246E5
:10919000002392F906C00C328C4512D00133042B07
:1091A000F7D1104B00221C7819708471C5E88F2FFD
:1091B0008EF31088BDE8F081BB680B4A43F8262087
:1091C000EFE703EB430304EB8304FF23A3714BF6A8
:1091D0000153A380E5E700BFD928002000ED00E09F
:1091E000481900202255002011010010014B0B44AA
:1091F00003607047D028002070B5114C114DAC426F
:109200001CD2FF260BE0FFF7D1FB01462046FFF7FB
:10921000EDFFA680BFF35F8F0834AC420ED2236807
:10922000002BF0D1FFF7C2FB01462046FFF7DEFF1F
:109230002671BFF35F8F0834AC42F0D370BD00BF1E
:10924000E01F0020F01F002010B50446FFF7AEFB22
:1092500001462046FFF7CAFFFF232371BFF35F8F4C
:1092600010BD00BF10B504460120FFF7ABFB034B58
:1092700003442360BFF35F8F10BD00BFD0280020E0
:109280000D4B1A68EFF3108172B6D2E8CFCF0120F0
:10929000BCF1000FF9D1C2E84C0FBCF1000FF4D1C2
:1092A000BFF35F8F00221B68C3E88F2F81F3108804
:1092B00040BF0020002170476049002000000000EE
:1092C0002DE9F04F2DED028B85B0EFF30583DBB276
:1092D000103B9A0818BF01224FF0010103F0030070
:1092E00018BFAD4DAD4B08BFAD4D00EB820201FA8A
:1092F00000FB53F8226005F541539FEDA58B0190CB
:10930000C3F804B0CDF800B02FE0B388190440F1E1
:109310009180B379002B40F0DA80B6F90840002C38
:10932000C0F21881736904EB440403EBC403D3E96E
:109330000247B7F1FF3F08BFB4F1FF3F0ED00198DD
:10934000AB6A05EB80010A69D21AE31A934204D38F
:1093500001232A6A8340134200D10C61284600F0A1
:10936000B7FAA042B941C0F2F580B6F90840009BB7
:10937000002CEB63C9DBD6F8148004EB44092846C3
:1093800008EBC907D7E902BA00F0A2FA584571EB19
:109390000A01BADBBAF1000FC0F2BF80D7E904318D
:1093A000804A934200F0E8807A88B6F9080092B2C9
:1093B00042EA0040984702460B4652EA030100F099
:1093C000AC80002B80F2CC80BBEB020B6AEB030A73
:1093D00038F93930C7E902BA002B96DB716903EB23
:1093E000430201EBC202D2E90270BB457AEB000CEA
:1093F0004FEA430289DBB4462CF8083F06E003EB52
:10940000430001EBC0005A00D0E90270BB451A448A
:109410007AEB000001EBC20E04DB31F93230F44686
:10942000002BECDA28F83930ACF80040B388190486
:109430003FF56FAF3369EFF3108272B6D3E8CF0F09
:1094400001210028FAD1C3E8401F0028F6D1BFF35C
:109450005F8F4FF6FF74B0880023316900B2B4808B
:10946000C1E88F3F82F310889842FFF652AF07465B
:10947000A946746906F1080807EB470E04EBCE0312
:10948000D3E90250B6F90830C446002BA8BFB34652
:1094900005DA0FE034F93A309446002B09DB03EB90
:1094A000430A04EBCA02D2E90261B54270EB010142
:1094B000F0DA5E46ACF8007034F93E7024F83E30C5
:1094C000002FD9DAB3794D46002B3FF426AF0023A5
:1094D000B371B6F9084006F1080E621C234639D074
:1094E000706903E08E465A1C3FF419AF03EB430248
:1094F00000EBC2014F889C463F0430F93230F1D571
:10950000644581ED028BEED0AEF8003031896446BF
:1095100020F83210A6F808C0E5E738F83930338172
:109520003369EFF3108272B6D3E8CF0F0121002820
:10953000FAD1C3E8401F0028F6D1BFF35F8F7388CC
:10954000316928F8393000237480C1E88F3F82F3F5
:109550001088DAE640BF05B0BDEC028BBDE8F08FA5
:109560002846CDE9022300F0B3F9029A039B10EBE1
:10957000020B43EB010A2BE708460B69029198475F
:109580000028CAD00299D1E9002316E7AFF3008082
:10959000FFFFFFFFFFFFFFFF00800B40D4380020DC
:1095A00000000B40C192011070B51F4D2C692CB109
:1095B000BDE870400A211D48FFF718BE1C4E03216C
:1095C000304600F073F9EE60FFF7F0F90321194B14
:1095D0004FF0504618444FF6FF7223460F2429706F
:1095E00015492861A96030686969AA806C80687033
:1095F00021F813200C330132C02B92B2F8D1082489
:109600000B4B0E4A0320D5600D491C62FFF768FB27
:1096100001210320FFF742FB0A4B0A211C64034887
:10962000BDE87040FFF7E2BD9019002060490020BE
:1096300000000B40D0280020FFFF1000D43800208D
:10964000C192011000200B40004870479019002083
:109650000146F0B50069EFF3108772B6D0E8CF5F2E
:109660000124002DFAD1C0E8454F002DF6D1BFF3FB
:109670005F8FB1F902E04C690EEB4E0CBEF1000FAA
:109680004FEACC05086904EBCC0C3CDB665B4E80F2
:109690000026C0E88F6F87F31088BCF80200CCE981
:1096A00002230130C0F30E00012838BF0120059BC2
:1096B000ACF80200CCF81030069B40EA0E40CCF823
:1096C00014300B69EFF3108272B6D3E8CFCF0127C5
:1096D000BCF1000FF9D1C3E84C7FBCF1000FF4D10D
:1096E000BFF35F8F8B886353A1F804E00B69C3E875
:1096F0008F6F82F310880122CB68097803F501533C
:109700008A405A60F0BD0023C0E88F3F87F310887D
:109710004FF0FF30F0BD00BF2DE9F0479DF82890D5
:109720000546DDE9086790461C46B9F1000F06D1F1
:1097300000F0D6F8804564EB0101002908DB4246C1
:1097400023462846CDE90867BDE8F047FFF780BF0C
:109750004846BDE8F08700BF03464089B0EB214F83
:1097600037DD58690A1402EB420210B500EBC20063
:109770001C69EFF3108C72B6D4E8CFEF0122BEF172
:10978000000FF9D1C4E84E2FBEF1000FF4D1BFF3A2
:109790005F8F428889B292B28A4207D000221B6949
:1097A000C3E88F2F8CF31088002010BD42F40042D4
:1097B00042800121002218699971C0E88F2F8CF333
:1097C00010881C78DA68084602F50153A1405960F8
:1097D00010BD0020704700BF2DE9F04306460D463E
:1097E00083B0EFF30584E4B23CB12D4B5A6AAA4230
:1097F0001CD2002003B0BDE8F0832A4FD7F80C90AC
:1098000097F80080484600F063F808F1040859F81A
:1098100028301B1A301A65EB0101984271F10001E2
:1098200010DB20BF1E4B5A6AAA42E2D314BF0124A8
:1098300000249B6AB34234BF204644F0010003B0C9
:10984000BDE8F08300F04CF8864265EB0101002989
:1098500014DB154B3846CDE9003432462B46FFF772
:10986000F7FE011E0ADD0E4B5A6AAA4216D39B6A06
:10987000B34211D30B48FFF76FFFB6E7084B5C6AA2
:10988000AC42B6D3641B18BF01249B6AB34234BFF9
:10989000204644F00100ADE7AA42EBD120BFE9E742
:1098A00000000B40901900208192011010B4054B6C
:1098B000054C064AA04214BF1846581C5DF8044BDC
:1098C000FFF708B80C2F002000800B40245702102F
:1098D0000346416A0A46986A596A8A42FAD1704731
:1098E000034B596A0A46986A596A9142FAD17047FD
:1098F00000000B4010B4174A536A9C46946A536A9E
:109900006345FAD1001959414FF0000228BF0122E6
:109910000346CAB10F4B596A4B1C08BF0B4608D00F
:109920004FF0FF310B460B48426A8A42FCD38A4211
:1099300007D1084A02E0506A884202D1906A9842F0
:10994000F9D35DF8044B7047024A526A9142EAD853
:10995000EDE700BF00000B4070B4039D04682D03C9
:1099600045EA03451B4B002CB3FBF1F3B2FBF3F6C6
:109970001FDB194A194B904214BF4FF480424FF439
:109980000042174C1A6003F580531A60A36832EA4C
:109990000303FBD1212200F54053043301608660AC
:1099A0001A600268002AFCDA0822C5601A6070BCDE
:1099B0007047036803F03F038B42DAD18368C3F337
:1099C0000B03B342D5D1C36803F4EE23AB42D0D12D
:1099D000EDE700BF001BB7000080054000200240FB
:1099E0000000024030B44FF080441C4B1C60E0B1DA
:1099F0001B4CA3F54053DC611A4C40F0010044407D
:109A00001C62596298624FF080454FF0E061134B41
:109A10001548164C1D60846019604AB930BC4FF07F
:109A20000042A3F580531A607047114BD861EAE7F2
:109A30004FF47A7303FB02F2B2F1807F2ABF6FF01A
:109A40007F4313461A464FF080410A4C0848236072
:109A5000094B426030BC1960704700BF00B00D4038
:109A6000D3C007B02D3FF84F00A00140F3FFFF0126
:109A700000800D408C37002000A00D40012300EB3A
:109A80004000800000F1804000F5841041600360D8
:109A9000704700BF002370B5DB8A04460D460022E4
:109AA00042E800F2520254BF1021042144F2522035
:109AB000984786462B462246F446BDE870400A2168
:109AC0004FF48170604700BF0023DB8A002242E828
:109AD00000F2520201D4102118470421184700BF98
:109AE00008B5034608462BB193FAA3F3B3FA83F300
:109AF00041F020001946FFF7CDFF00BF08B503462F
:109B00000846191E02DB1AB140F03000FFF7C2FF11
:109B100040F02000FAE700BF034AD2F82838002BB3
:109B2000FBD0BFF35F8F704700000E400021044B55
:109B3000044ABFF35F8F43F8041B9342F9D1704787
:109B40000C080E402C080E4010B44FF48D704FF4EA
:109B50002A64064A064B07491460D06019605368AE
:109B6000002BFCDA5DF8044B704700BF0080044016
:109B700000A0044000B0FA00F8B5044606200D46E7
:109B8000FEF786FEC300B3FBF5F30133DA0908D014
:109B90004FF6FE718A421AD900224FF6FF711B4D13
:109BA00001E0402501216162A262266BF30715D412
:109BB0002346002253F82C1F062003F580531A6019
:109BC0002663FEF765FE8000B0FBF5F0F8BDC3F339
:109BD0004503114603EB82151A46E4E740F20132D1
:109BE00004F540531A63636AA76A062007EB8317DC
:109BF000FEF74EFE064BBF02A3FB0030C00A002159
:109C0000B7FBF0F0FFF776FED2E700BFC0FF3F00E2
:109C1000757B2B8F38B5044606200D46FEF738FEBF
:109C200060B3174A1748944214BF4FF080624FF058
:109C30000062154B154902601A608B6832EA030313
:109C4000FBD10F4B4FF48070E31AB3FA83F3104A41
:109C50005B0922F8130029462046FFF78DFF2346B3
:109C600040F20135032153F82C2F82F0700202F0EC
:109C70007E0203F580531A602563A16438BD00BFDE
:109C800000800740002002400030024000000240F7
:109C9000EC530020013A0539D200F8B5054642EAF6
:109CA000411443B1A3F10103B3FA83F35B0944EA1E
:109CB000830343F002042E6BF3070AD42B4653F8B8
:109CC0002C2F624002F06E0203F580531A602E635F
:109CD000F8BD40F2013205F540531A636B6AAF6A72
:109CE000062007EB8317FEF7D3FD054BBF02A3FB4E
:109CF0000030C00A0021B7FBF0F0FFF7FBFDDDE705
:109D0000757B2B8FF8B5066B0546F3074FEA0114F8
:109D10000AD42B4653F82C2F544004F0100403F5BA
:109D200080531C602E63F8BD40F2013200F54053B1
:109D30001A636B6AAF6A062007EB8317FEF7A8FD6C
:109D4000054BBF02A3FB0030C00A0021B7FBF0F0B7
:109D5000FFF7D0FDDDE700BF757B2B8F86B003B426
:109D600051FC0804CDE9020151FC0904CDE90401CC
:109D700051EC0A04CDE9060103BCF047BDE80050F0
:109D80004EEC00C4BDE800504EEC01C4BDE80050EC
:109D90004EEC02C400BD000000B5FFF7DFFF02E09B
:109DA00010FE30F4F8D441EC100443EC112400EE22
:109DB000010410EE010480EE200451EC1004704701
:109DC00000B5FFF7CBFF02E010FE30F4F8D441EC11
:109DD000100443EC112400EE010410EE210480EE87
:109DE000200451EC3004704700B5FFF7B7FF02E0E4
:109DF00010FE30F4F8D410B541EC100443EC1124FB
:109E000051EC040453EC0524A0FB024C5FF0000E5F
:109E1000E0FB03CEE1FB02CE4CEC20440024E1FB4E
:109E200003E444EC30E480EE200451EC5004BDE83F
:109E30001040704700B5FFF791FF02E010FE30F4CC
:109E4000F8D441EC100443EC112451EC2104A0FBA4
:109E500001126FEA820252FB100052FB12F252FB17
:109E60001000A0EBD07C53EC04245CFB13F153EC0A
:109E70001524A1FB022001FB030053EC4424A2EBB8
:109E8000000050FB1CF24FEA111312EB017043EB80
:109E9000E27140EA515020EA915020F0070053EC63
:109EA0007524A0FB023C53EC752400FB03CC01FBA2
:109EB00002CC53EC0424ACEB824C40EA5C70A0F181
:109EC000010041EC400480EE200451EC7004704726
:109ED00000B5FFF743FF02E010FE30F4F8D441EC88
:109EE000100480EE220410EEB2047047404261EB91
:109EF000410140F2F334B1FA81F20C2A0CD215324E
:109F000011FA02F3C2F12002D04021FA02F12244F8
:109F1000584141EB0251704769B1C2F12B0230FA4E
:109F200002F3C2F12002914090401943A4EB0202D7
:109F300001EB0251704701004FF00000A4F1200432
:109F4000D9D17047012767F31F5117FA03F817D0CB
:109F5000A0FB080701FB0871A1FB06785FEAD84661
:109F60009219A6FB047806FB0588090351EA1051F3
:109F7000D7EB003061EB0801A94238BF70470BE016
:109F80000C33012717FA03F80FD0A0FB080701FBD9
:109F90000871A94238BF704708BFA04238BF704758
:109FA000001B61EB05010132704703F1200311FA38
:109FB00003F6D3F12003D840D94030437047000066
:109FC00000000000000000000453B1086018850F75
:109FD000C8E5F22A6E07271E0D12B2210412572F70
:109FE00012557CBCDA30723F17A717A55531994E30
:109FF0009D0DBF0AEEE0AB5FE3EF6D9C7636AD6F73
:10A00000697BCCE33D62BD7EF0810682F3FA428F2C
:10A0100037D5B78A5313C89E7FABB320491570AFAD
:10A020000000000000000000025E88155580FF005F
:10A03000907806B1A602FE01DC4E21F0EB88FB020F
:10A040007A7C801F1615F8033C5DA9D110A9F30492
:10A05000AA466CF5C146EE05FF65E4EB09F0E7069C
:10A0600013C00C9EC3A6E007E1BFEC91C46CD808F6
:10A07000D5AF5EFFDC43CF09466A72E4D72DC50A2F
:10A08000237E6E197B2CBA0BBFF571648741AE0C31
:10A0900061DFB88CB86EA10D09A9856DC5B5930EA9
:10A0A0003153B1086018850F3071E49835987510F8
:10A0B0005915550580FF0F0009C3EB8F80FB2F005A
:10A0C000B1910E9A82F34F001FE7FD2287E76F00E0
:10A0D000C3A09A298FD78F004F4366AC9BC3AF00B4
:10A0E000412A83A9ADABCF004FB7B41EC68FEF0096
:10A0F000B6815F09E66F0F01678589660E4C2F01F7
:10A100001A52DA3240244F01483A9B6A7CF86E01B9
:10A11000FF81B709C4C88E019C8DBC0B1895AE0198
:10A120007010DA6B795DCE013A3BE224E921EE0151
:10A1300038739533427FECA03114FAF5BD868991CE
:10A140006B02FAE6E0F29183E682120713A85177D8
:10A15000212621686AB2736A9D0DBF0AEEE0AB5FEB
:10A1600019B4E0B71CB66A549596E53DEF07A548CB
:10A17000D1CBE555DC0E4E3CCE68ADE839B5A43206
:10A18000CB3CFA96D9569A28C9B21CA1F9FCAE214B
:10A19000864B6BE58AD2F0160453B1086018850F20
:10A1A00002C00C9EC3A6E0070000000000000000F3
:10A1B000AC79CFD1F71772B1293BAAB84FEAC120C9
:10A1C00040F00040490043F1200340F20001C3F693
:10A1D000F071C3F10B0320FA03F038BF704740421F
:10A1E00061F1000170475FEAD17CC1F30A53A3F229
:10A1F000FF330C2B62DA13F1200FDFDD2DE9F04184
:10A200003C4C70CC4FF00002FFF79CFE1CF0010F9D
:10A2100004D06FEA0202201A65EB010102F2FE3C53
:10A2200040F2FE739C455CD20A0F334B03EBC20332
:10A230000CCB02F03F0545F04005801A99410A0E0B
:10A240002E4B03EBC20318CB02F580725543C01AA4
:10A25000A1414A0D2A4B03EBC20318CB124402F56D
:10A26000805205FB0255C01AA1418A0252EA90525F
:10A2700042F1000282FB02345B0D53EAC423C01892
:10A2800041EB545184FB02344FF0553383FB0434CB
:10A2900054FB11F304EB930410EB440241EBE47321
:10A2A000E900A1FB0240C1FB0301400A50EBC15091
:10A2B0004FEA512151EB0C51BDE8F081B3F5806FAD
:10A2C00007D150EA01320CBF21EAE17141F40021CB
:10A2D0007047002000211CF0010F08BFC7F6F07185
:10A2E00070474FF000004FF00001A8BFC7F6F071B3
:10A2F000BDE8F081B0A10110C09F011020A00110A5
:10A30000B0A0011040F20001CFF6F07100207047BC
:10A3100050EA013218BF41F4002170477FEAA65588
:10A3200040F019814FF4805420E18CEA11331B0670
:10A3300040F0EE80BCF1000F67D1C90451EA503102
:10A34000C004B1FA81F4202C4BD20125A540A0FB1A
:10A35000052301FB0533A0FB03C5A1FB02C6E1FBFE
:10A360006356B2EB152263F10003B2EB066273EBA6
:10A370001623A0FB06C7A1FB05C8E1FB66784FF0DA
:10A380005535A7FB05C65FF0000CE8FB056C16EB26
:10A390000C064CF1000C12EB963243F1000312EB69
:10A3A0008C4243EB9C3358FB11F55FF0333755FB80
:10A3B00011F656FB17F8A5EB581756FB11F5C2F628
:10A3C000802656FB15F507EB1537B2EB472063EBFC
:10A3D000D751C4F58064A4F11504FFF78CFDBDE8E6
:10A3E000F081B0FA80F410FA04F1A0FB01234FF0E1
:10A3F0000000B0EB132061F10001C4F58064A4F10A
:10A400003504FFF778FDBDE8F081890451EA903109
:10A410008004404261EB4101B1FA81F4202C4ED21C
:10A42000013C0125A540A0FB052301FB0533A0FB52
:10A4300003C5A1FB02C6E1FB635612EB152243F1F3
:10A44000000312EB066253EB1623A0FB06C7A1FB29
:10A4500005C8E1FB66784FF05535A7FB05C65FF0F0
:10A46000000CE8FB056C16EB0C064CF1000C12EB33
:10A47000963243F1000312EB8C4243EB9C3358FBC2
:10A4800011F55FF0333755FB11F656FB17F805EB66
:10A49000581756FB11F5C2F6802656FB15F507EB4B
:10A4A000153712EB472043EBD751C4F58064A4F174
:10A4B0001504FFF720FD41F00041BDE8F081B0FA3E
:10A4C00080F410FA04F1A0FB01234FEA1320C4F535
:10A4D0008064A4F13504FFF70EFD91F00041BDE862
:10A4E000F0815FEA410CBFF40DAF5FEA5C5C3FF4C2
:10A4F00009AFACF2FF3CBCF5806F3FF409AF01221D
:10A5000062F31F512DE9F041BCEBEC7F3FF40DAF3E
:10A510000C0C4E4D05EBC40595E80C0002F03F0510
:10A5200005F14005A5FB000605FB01616FEAE1446A
:10A5300004F01F04464D05EBC40560CD521943EBF2
:10A54000060304F58074A4FB000604FB01667FEAA1
:10A5500026643FF4E3AE3F4D05EBC40522CD52180F
:10A5600043EB050341F2010505EB44046404A4FB3D
:10A570000050C4EBC401E4FB060180EAE17481EA07
:10A58000E175A5FB0567A4FB05487F084FEA360681
:10A5900016EB080647F100078C0254EA905444F188
:10A5A0000004801B61EB070154FB14F555FB14F606
:10A5B00055FB15F74FF0553456FB14F6B6EB17362E
:10A5C00010EB860041EBA671101A63EB0101224AE1
:10A5D00024CA1CF1010C0BDDA2FB0C230024E5FBBB
:10A5E0000C34121A8B4164F100045FF080410CE0DE
:10A5F000DCF1000CA2FB0C230024E5FB0C348218D8
:10A600004B4144F100045FF040414CB91C00130081
:10A610000022B1F100711CB91C000023B1F10071DE
:10A62000B4FA84F5A5F11D06A1EB0651AC4013FA6E
:10A6300005F0C5F12005EB401C43EA401043C00A79
:10A6400050EB445041EBD421BDE8F081B0A00110A3
:10A6500020A00110B0A00110B0A101100B5C732567
:10A66000A974F50329B5FA010015FC7FEB2FAA00A8
:10A6700054D9440CC8D221061F60DA7F3663E84201
:10A68000CFD3D9133C5EEA09F0889D7F2FC46D04B7
:10A69000D9860A1C1F17FE0DD09E3B7FA79B50EC4E
:10A6A0003EF5EB23BCE7E611C7EFBD7ED21C9C0351
:10A6B000B212F12B46F5DC1549771E7ECA057A3DAC
:10A6C000F493F23314C0CB199CAC5F7DA0A0EF7A59
:10A6D0001D32193C1D22C61D2F2F7D7CB50FFB128C
:10A6E00070EF5044530CC1213522787B5C8D6B4751
:10A6F00045A0F14B18DC6A2516AD687AC140695750
:10A700006DD9EA53391636293C2D2F79DFEA4ED31D
:10A710008942B35BD639E02C2526E0776950EA31CF
:10A72000D9071164C0D3C43070625876CB5667F332
:10A73000B3A2FD6B1C7E6834227AC7740EED7A2FAB
:10A740003175E073CCE7FA3727111C73C08EC4FC57
:10A750000E79147C0EA7A33B8ECD417113B7043B39
:10A760008F7B5483D489D23EEBD8856F9A365B13A6
:10A77000D96F0B8CD4EA9442A3EF516D5F52CA4A51
:10A7800026D33994706E0A464005236B8340C4413A
:10A79000340B0E9C3DB0484907EFF168BF086DA32C
:10A7A000FD6179A485F2B14C9D847A663616F8C8AD
:10A7B000D247E5AB1E22A24F2F623664ADC9C8D086
:10A7C000E1ADFEB32470C35286AFA461730E73640F
:10A7D0006A35FEBB28F0C555A3A3025FC6A58CB0A1
:10A7E00055B912C40892BA58A394415C90005354CE
:10A7F000372DB0CB19F46E5BD88E9359367C8DA172
:10A800006E3CAAD325022E5EFC32AF56D0C7A248BA
:10A81000F619FFDB3253F3607EED9253949AAD7AD2
:10A82000E1AD22E4CADF8E63C72B7350FF15EF1929
:10A83000BD85FBEBBB18FA65C7615C4DBD960F7E0D
:10A84000494B4CF4F7816F68E617024AEB09EF1D9C
:10A85000FDBD4DFCC4D2B26A13E4B446D2F1000C83
:10A86000BCF1200A4ADA63F31F51042F3CD2DAF11B
:10A87000000A21FA0CF320FA0CF201FA0AF942EA72
:10A880000902C90251EA5051C002A2FB0394A2FB83
:10A890000395E3FB6345A0FB0592A1FB0493E1FB59
:10A8A0006523A2FB0596A3FB0498E3FB65684FF0C4
:10A8B000AA39A2FB09A40025E3FB0945641955F157
:10A8C00000054FF03339A6FB0923B4EBC30465F14F
:10A8D0000005B0EB440061EB4501A1EBD471CCF570
:10A8E0008064A4F1180441E1DAF1000A11FA0AF4D3
:10A8F00030FA0CF031FA0CF1204371E0042F03D24E
:10A9000091EAC771BDE8F08F63F31F518AF3060A1D
:10A9100031FA0AF0002110E149085FEA3000002214
:10A92000002300264FF0804786E041F30A540020C0
:10A93000002114F1010F43D1C3F6F07140E0C3F3DD
:10A940000A5400200021DCBB17F0040F38D017F0A8
:10A95000020F0CBF0637063F32E01000190051F419
:10A9600000217047012A43EB030C1CF5001FF4D8AB
:10A97000012841EB010C1CF5001FF0D82DE9F04F28
:10A98000CF0F21F000411B0006D50A3723F000430A
:10A990008B420AD8063F02E08B4206D806371400E5
:10A9A0001D0002000B002000290043F30A5414F19B
:10A9B000010FBAD0C1F30A54002CC0D0FFF73EFA01
:10A9C0004FEA11520123B2F57D723FF547AF63F3B1
:10A9D0001F51012303FA02F3A0FB030401FB03410F
:10A9E00080B40A0CB2F5807F96D302FB02F348F6DE
:10A9F0005C14624341F227259B0B03FB1522B2F541
:10AA00004C12520E5C4B03EB02133CCB5B085FEA2B
:10AA10003202A4FB00C60027E4FB016716EBC576F3
:10AA200047EB5507A5FB00C05FF00008E5FB0108F8
:10AA3000B0EBC47068EB54018C0144EA9064FD0BE8
:10AA400094FBF5F404FB04F503EB842384FB0589F4
:10AA50004FEA094A4AEA184A5AFB15FA4FF0663C8F
:10AA60005AFB15FB5AFB1CFA44F6251CC0F2120CCB
:10AA70005BFB1CFB4FF0553CABEB2B3BAAEB0B0AF3
:10AA800012EB4A1243EBEA63A8FB0C5A4FF0000B9F
:10AA9000C9FB0CAB1AEB0B0A4BEBEB7BB2EB0A02DC
:10AAA00063EB0B03E402A4FB005848BFA8EB0008CB
:10AAB0004FEAE879C4FB0189A4FB065A48BFAAEB18
:10AAC000060A4FEAEA7BC4FB07AB16EB080647EB26
:10AAD0000907B0EB0A0061EB0B014FF0FF34BD0B2F
:10AAE000B4FBF5F4C50A55EA415554FB05F54FEAA8
:10AAF000D60646EA4776A5FB06B84FEAD70A48BF0E
:10AB0000A8EB060805FB0A8812EB057243EB251338
:10AB1000A0EB080080FB04895FEA983848EA89487E
:10AB200068FB170012EB680243EBE87304FB00F4C8
:10AB300012EBE43043EBE47180BC49085FEA30007B
:10AB40004FEA877680EAE67081EAE67146F21A12E9
:10AB5000C1F2B4024EF65153C6F287434FEA97064C
:10AB6000E6FB020106FB03114FF47D74FFF7C3F906
:10AB700091EAC771BDE8F08F5CA601102DE9F8439A
:10AB800001292DED028B08EE100A50D001EBD17592
:10AB90006D10012D0C463CD00E460029B8BFCE1CCE
:10ABA000B610012E5AD00F460029B8BFCF1DFF1096
:10ABB000012F44D088460029B8BF01F10F084FEAA1
:10ABC0002818B8F1010F4CD089460029B8BF01F10F
:10ABD0001F094FEA6919B9F1010F48D00029B8BF20
:10ABE0003F318911FFF7CAFF07EE900A19F0010FF4
:10ABF00067EEA77A38D118F0010F67EEA77A01D077
:10AC000067EE887AF80767EEA77A1AD567EE887A32
:10AC100017E0F0EE487AE30767EEA77A01D567EE12
:10AC2000887ABDEC028B17EE900ABDE8F883F0EE4F
:10AC3000487ABDEC028B17EE900ABDE8F883F0EE7F
:10AC4000487AF10767EEA77A01D567EE887AEA07B6
:10AC500067EEA77ADFD567EE887ADCE7F0EE487A10
:10AC6000F5E7F0EE487ACDE767EE887AC3E7F0EED5
:10AC7000487AC0E7021E38B50C4618DAC1F3C7534C
:10AC80007F3B084610D4D3F117030DD44FF0010CCD
:10AC90000CFA03FC0CF1FF3C1CEA010F04D1172B4A
:10ACA0002CD0D840C30729D402F10042104607EE49
:10ACB000904AFDEEE77A12F0FF4317EE901A05D0A6
:10ACC000B3F1FF4F02D0C2F3160373B3E1B301F146
:10ACD0002003402B1AD904F01FFCFFF702FC0246A8
:10ACE0000D462046144604F017FC22462B46FFF77B
:10ACF0007FF8FFF778FAFFF7EFF838BD214602F149
:10AD00000040FFF7B7FF00F1004038BD002908DA26
:10AD100007EE100AF7EE007AC7EE877A17EE900A70
:10AD20004942BDE83840FFF729BFD20D7F3A01F311
:10AD3000080101FB02F303F17F02002A0BDDFE2A6A
:10AD400005DD4FF0FF4038BD4FF07E5038BDDB05CC
:10AD500003F17E5038BD002038BD00BFB7EE007A49
:10AD600007EE900AF4EE477AF1EE10FA32D011F0C5
:10AD7000FF4238B50C460B4629D0FFEE006AF4EED0
:10AD8000667AF1EE10FA26D1B2F1FF4F1FD040F2F1
:10AD90007F105549E20DFF2A73D040F2FF1C624537
:10ADA00054D012F0FF020BD07F3A53D4C2F11702F5
:10ADB000002A05DD012000FA02F2013A1A4249D1C7
:10ADC0002146BDE8384017EE900AFFF753BF17EE53
:10ADD000100A38BD704710F0FF4F014616D1002C05
:10ADE0004FEAD45219DB7F3A15D4D2F1170212D4AC
:10ADF00001219140013921420DD1172A03D024FAB3
:10AE000002F2D40707D517EE900A38BDC00DFF280F
:10AE10003BD1002C0CDA002038BDD2B27F3A07D4E7
:10AE2000D2F1170204D4012090400138204202D010
:10AE30004FF0FF4038BD172A03D024FA02F2D007A2
:10AE4000F6D501F0004040F0FF4038BDC0B27E288A
:10AE5000EED9E0E70029EBDB17EE900A04F05CFB8B
:10AE6000FFF73FFB02460D462046144604F054FB14
:10AE700022462B46FEF7BCFFFFF7B5F9FFF72CF88B
:10AE800038BDC0B27E28C6D9D2E740F2FF15A8422D
:10AE90004FEAD4527FF47FAF002C11DB7F3AC7D446
:10AEA000D2F11702C4D40121914001392142BFD10E
:10AEB000172A03D024FA02F2D207B9D50B4838BDBD
:10AEC000D2B27F3AA7D4D2F11702A4D40121914083
:10AED000013921429FD1172A03D024FA02F2D30765
:10AEE00099D54FF0004038BD000080BF000080FFC2
:10AEF000000000000000000000000000DB60BE2831
:10AF00004A059193F4D5097F70374D7D66A5D836F3
:10AF100010E4104FAFF224024B1102EB830201F058
:10AF20001F034FF001049C40A4FB0034D568A5FB2F
:10AF30000456956805FB0466E5FB0356556805FB5A
:10AF40000366704700000000410201D150F000404C
:10AF500050F480007047F0B5012363F3DF50C1F176
:10AF600009014FF07E07FFF7D5FFB30F53F1000340
:10AF70009C44B6EB8376B20028BF5242B2F1805FA8
:10AF80000BD20231FFF7C6FF96EA260242F1000219
:10AF9000B2F1805F01D2023FF3D50A4CA2FB042438
:10AFA000B4FA84F29440240AA7EB020244EBC250A4
:10AFB000C10DD1F17F01F60F00EBC673BDE8F04083
:10AFC00073E00000A2DA0FC911F1800FBCD030EAA3
:10AFD000CC7248BF0CF1020C20F0004000EE100AC9
:10AFE0000DA2F2EC032A22EE802A11F1080FB9FE1D
:10AFF000422AB0DDA2EE630AA2EE430A10EE103A36
:10B00000FDEEC21AC3F3C752782AA4D3D2F17F014E
:10B0100011EE902A944448E083F9223F7A7795B65E
:10B020000010C93F07B5C0F3C751FF2925D000F074
:10B0300032F8BDE80640CEF800000ED2C9438CEAD3
:10B04000D17C63EEA02AE1EE032A73EE622A12EEAF
:10B05000900A80EACC70106000BD8CEAD17C21EEB1
:10B06000232AA3EE602A8CEAD37133EEC22A12EEB1
:10B07000100A80EAC170106000BD4102BDE80E40B8
:10B0800001D150F0004050F480001060186070470B
:10B090005FF0000C01E05FF0010CC0F3C751A1B3F9
:10B0A000D1F17F0190D920EACC7323F0004000EE6B
:10B0B000100AC0F38440203030FA01F1834A51F184
:10B0C0000001B2EC024A02EB810202EBC102D2ECB7
:10B0D000032A70EE620A20EEA01A5FEA5C0C61EEB1
:10B0E000201A15D221EE041A61EEA41A70EEE10ABC
:10B0F00021EE232AA3EE602A8CEAD37133EEC22A12
:10B1000012EE100A80EAC170704700F00040C7E7F5
:10B1100061EEA41A70EEE10A21EE041A63EEA02A91
:10B12000E1EE032A73EE622A12EE900A80EACC70F6
:10B13000704700BFAFF30080C1FEFF3E25AA2A3E44
:10B14000000000000000803F0000000061C9FC3CDE
:10B15000CDE07F3F1CBFFC3C7605813DFE7D7F3FFF
:10B160009EEF803D090CBF3D0FE37E3F22C5BE3DF3
:10B17000B624FF3D14047E3FE27BFE3D13071F3ED5
:10B1800048EB7C3FA0631E3E6D30403E1D817B3FFF
:10B1900015103F3EA2AD603ECFDC793F3EE15E3E02
:10B1A0007B0D803EFA08783F96717D3E6E988F3E0B
:10B1B00065FF753F68B88D3EF4E19F3E939E733FF7
:10B1C000FD4B9D3EC654B03EAEF7703FB3DDAC3E86
:10B1D000C589BF3E604B6E3F0A1ABB3E26C4CF3EB8
:10B1E000CA356B3F631CCA3EF254E03E66D1673FEE
:10B1F0000739D93EDDF0EF3E4B66643F1641E73E2E
:10B20000312B003F8894603F0FC3F53E07E4073FB2
:10B21000A2C55C3F2B99013FC51F103F8F7D583F52
:10B2200065A1083F8AF6173FB534543FCA310F3F36
:10B23000E2FF1F3F599B4F3FD7C8153F4606283FA7
:10B240006BCF4A3FC4371C3F4130303FE0B9453FE8
:10B25000E49A223FA71D383FCA98403F20A6283FC6
:10B260002FC73F3FAC763B3F4A562E3FDB13483F4C
:10B27000CCB6353F6B52343F79C74F3F2F35303F07
:10B28000D0B4393F52DD573F70412A3F912D3F3FA7
:10B2900026CE5F3F9F3E243FC35D443FF125683F7C
:10B2A00050C21D3F1C9D493FE13B703F4150173F3D
:10B2B000BF7E4E3F7810783F71ED103FAF06533F91
:10B2C000D4F47F3FA75A0A3F9B64573F38B101101F
:10B2D00001B5C0F3C751FF2921D0FFF7DCFE00996B
:10B2E0000ED263EEA02AE1EE032A594073EE622AE1
:10B2F00082EE820A10EE100A58BF80F0004002BDB4
:10B3000021EE232AA3EE602A594033EEC22A82EEB0
:10B31000220A10EE100A48BF80F0004002BD410230
:10B3200001D150F0004050F4800008BD38B504460B
:10B33000094804F0FDF8204602F04EFE0546064896
:10B3400004F0F2F82DB1054B2C449C4201D828465C
:10B3500038BD0348FDF70CF9E01F0020000008206D
:10B360004857021070B504460E460B4804F0E0F84A
:10B370003146204602F004FB0546074804F0D4F8A5
:10B3800006FB04F42DB1054B2C449C4201D8284601
:10B3900070BD0348FDF7ECF8E01F00200000082016
:10B3A0004857021010B50446054804F0C1F820467D
:10B3B00002F01AFEBDE81040014804F0B5B800BF25
:10B3C000E01F002000B9704700F05CBA10B5094BCF
:10B3D00084B01C684CB1034600914FF0FF3203A9C2
:10B3E0000548A047012004B010BD00F05BFA2046DC
:10B3F00004B010BD7C360020C5B3011000BEFDE7CF
:10B40000074A0346106838B1064903448B428CBF93
:10B410004FF0FF3013607047034908461160F3E7AF
:10B42000A0310020000008203055002008B5FFF7AB
:10B43000E5FF00BF38B5064C064DFDF7B9F8AC4244
:10B4400004D254F8043B9847AC42FAD338BD00BF4D
:10B45000A8F50110B0F5011010B4D0F86841CB790F
:10B4600034B1DC0706D56FF00A005DF8044B704775
:10B470005B07F8D491F90530002B01DB9342F2D140
:10B4800001230C7900F12F40084900F56000000D00
:10B49000A34051F82010013B03FA02F20A420CBF0C
:10B4A00000206FF008005DF8044B7047182A002058
:10B4B000F8B505460F461646FFF7CEFF18BB3B7999
:10B4C000ABB13A68023A32F8024F3318B4F5005F74
:10B4D00003F1120338BFA41945F823403B7901302A
:10B4E0009842F0D3012202FA03F3013BB340304605
:10B4F00005F12F45044905F560052D0D51F825206E
:10B500001A4341F82520F8BD182A0020012300F134
:10B510002F4010B400F56000124C000D8B40002A43
:10B5200054F8204003F1FF33C1F120000ADB8242CE
:10B5300015DC934023420CBF10464FF0FF305DF8FE
:10B54000044B7047002805DB03FA00F22242F6D0D4
:10B550000138F9D26FF008005DF8044B70474FF0E6
:10B56000FF30ECE7182A002010B5044604F12F4400
:10B5700004F56004084B240D82B0A4000093224619
:10B58000E31C0648FDF7D2F98442CCBF4FF0FF30F0
:10B59000001B02B010BD00BF98570210102F0020F2
:10B5A000F8B50D460646FDF779F995F905200746E9
:10B5B00029793046FFF7AAFF041E05DB22462946FB
:10B5C0003046FFF775FF04463846FDF779F9204607
:10B5D000F8BD00BFF0B5012504688D4024EA0504DC
:10B5E0000460B3B31C6801EB410C00EBCC0CCCF84D
:10B5F000C8409C68CCF8D0405C68CCF8CC40DB6894
:10B60000CCF8DC304FEA410C0CEB01034FF0013574
:10B6100000EBC30C4FF0004600EBC30E01230EF508
:10B62000865E0C1D01F108078D40CEF8106003FA0C
:10B6300004F4CEF8106002F01F028560BB4000F5F4
:10B64000005004600EF1100E03600020CCF8D820EA
:10B65000F0BD4FF480374FF440264FF4F83501EB3E
:10B66000410400EBC404C4F8C8704FEA410CC4F8AC
:10B67000D060C4F8CC50C4F8DC30C5E700B545F262
:10B6800047308BB0FEF720FA01220346092101A8BA
:10B690009847064A05AB03A813F8011D834202F838
:10B6A000011FF9D10BB05DF804FB00BF6F3900201A
:10B6B000012924D010B501F1FF3E0021114C00F109
:10B6C000FF3CCA434B08E35C02F0010292001341C5
:10B6D00003F00F021346092A01F10101D4BF3033F0
:10B6E000373371450CF8013F05D01029E9D100230B
:10B6F0001030037010BD00230844037010BD0023F8
:10B7000003707047703900200368084611461847D7
:10B71000437D2DE9F047804689461746002B43D0EC
:10B72000002A32DD00244D1EA24606E06B780A2B6B
:10B730002DD0A74205F1010515D026460134002E73
:10B74000F4D199F800300A2BF3D198F81430002B7B
:10B75000EFD102211848D8F800309847A742A246F6
:10B7600005F10105E9D1574506DDD8F80030A7EB12
:10B770000A0109EB0A00984719F80630A3F10D03F6
:10B78000B3FA83F35B0988F81430BDE8F0872B78AF
:10B790000D2BCED0B245DCDAD8F80030A6EB0A018A
:10B7A00009EB0A009847D4E74846D8F8003011461C
:10B7B000BDE8F047184700BF788302102DE9F04F2D
:10B7C00083B00D4691461C460746FEF789F84FF0B8
:10B7D000FF3C6FF00046254A821841F10003944572
:10B7E00076EB03013CBF62463346214803F0B0FECE
:10B7F0006B1C82462DD04CB3DFF880801D4B1C683B
:10B80000ECB14FF00A0B1C4E01E02469BCB1236877
:10B81000002BFAD033680BB1A342F6D12A46394641
:10B820002046C047B9F1000FEFD0204601220DF1AC
:10B8300007018DF807B0C0472469002CE7D1BAF1A1
:10B84000000F0BD1284603B0BDE8F08FDFF8308041
:10B85000D4E7384603F0B0FC0546CCE7044803F0D3
:10B8600063FE284603B0BDE8F08F00BF40420F00E2
:10B87000E81F0020A42F0020D42F002011B70110B2
:10B8800009B70110012310B5044682B00022194601
:10B890000DF107008DF80740FFF790FF204602B03A
:10B8A00010BD00BF38B5044603F086FC01230546F1
:10B8B0001A4620462946FFF781FF054B1C682CB12C
:10B8C000636803B198472469002CF9D1284638BD34
:10B8D000A42F0020704700BF0022014B1A70704750
:10B8E000235500204B79FF2B0BD1887948B9CB79B0
:10B8F000012B07D1082A05D9034B8A7809201A7031
:10B9000070470020704700BF23550020012070477A
:10B91000012901D00120704708B5104B91881B7890
:10B92000994201D0002008BD5378012B08D0022B8A
:10B93000F8D1002164220846FEF754F8012008BD22
:10B940005188CB0548BF480AC1F3402258BF4FF089
:10B95000FF3001F07F01FEF7D1F800BF2355002032
:10B960000048704744840210012907D15378012B05
:10B9700002D19388072B03D0002070470120704725
:10B980001146A623014A00F081BF00BF9C8302102C
:10B990000346012201481A70704700BF7C830210E1
:10B9A00008B50B68B3F5966F00D008BD00224FF0C4
:10B9B000FF301146FEF7A2F800487047D484021009
:10B9C000004870478084021038B5184B04461A7836
:10B9D0000AB344B940F209424FF44173144D6A80EE
:10B9E00013482B8038BD052C1DD8124B104D53F831
:10B9F000241028460023013903E0132B20F8022FDE
:10BA00000ED011F8012F0133DBB2002AF5D15B0013
:10BA100043F44073E4E711211846FFF749FED8E7E5
:10BA20004FF44A73DCE7002038BD00BF005400200B
:10BA3000742F002068840210F0B4002600F07F0408
:10BA40001B4D630003EBD01305EB43139870C00943
:10BA5000DA7680F001021983DE705A70E300A8B92B
:10BA6000144A043305EB84119F188F609E503CB933
:10BA70000023114A05EB4010C2604360F0BC7047E0
:10BA80000E4BE40023444B60F0BC7047094A05EBC1
:10BA9000841113448B6242F83460002CE8D0E40037
:10BAA00004F1A04404F580144C62F0BC704700BF60
:10BAB000B4310020800010500001105004001050DC
:10BAC00070B500F0F3F80C234026194CFF22A36751
:10BAD0000E201849FDF734F932460021164802F0CD
:10BAE00081FD0125002380211348144A41844570BB
:10BAF0000683068782604360136042F8043C80F846
:10BB0000213080F83B3043620D4B4FF00056C3604C
:10BB1000C362803B836203F0EBFC4FF4803209493F
:10BB2000094B25642846E664C4F89010DA6470BDB9
:10BB300000001150AD080020B431002084001050E6
:10BB40000001105010D001000020115001210E20E2
:10BB5000FDF7A4B800220248114600F0C7B800BFA4
:10BB6000D4310020044B197021B14FF40032034B43
:10BB7000C3F89020704700BF1755002000201150D7
:10BB80000B785B0602D14B78052B00D070474B88B1
:10BB9000014ADBB21360704700001150CA7802F00E
:10BBA0000302012A36D0F8B58C78898804F07F0525
:10BBB0002046C1F30A01FFF73FFF0DB90120F8BD90
:10BBC000174E6D0005EBD41306EB43131A8B154982
:10BBD000DB7E3F32022B22F03F020B6808BF52008F
:10BBE0001A44E4090A6010492F1906EB47178A42E4
:10BBF000FB6011D8254406EB4515E97E83F0A04390
:10BC000083F480136A6843EA816343F000430120B0
:10BC10001360F8BD00207047FCF7C4FCFB68E9E73F
:10BC2000B4310020D0370020FF0F105003F060BC6B
:10BC30008C4608B5114607481A460CF07F034FEAB8
:10BC4000DC1C0CEB430C00EB4C1000F04FF8012017
:10BC500008BD00BFB431002011F07F0205D10029DA
:10BC60000CBF02200120064B9866C909054B01EB69
:10BC7000420003EB40104FF40062002103F064BC6B
:10BC800000201150B431002011F07F0300D1704723
:10BC9000002205485B0003EBD11300EB43106FF467
:10BCA0000061C27003F050BCB43100204FF08052EC
:10BCB00009480A4908B50A4B02600A609968C943F5
:10BCC00011F08051FAD14FF48052064802F08AFCFC
:10BCD0000922054B5A6708BD00200240003002408F
:10BCE00000000240000010500000115000234FF0EF
:10BCF000010C10B580F81AC08282C382016104462B
:10BD000003F00EFC20B14FF40032074BC3F8902033
:10BD1000204603F011FC10B10123237710BD20460B
:10BD2000BDE8104003F0F0BB002011502DE9F041B8
:10BD300000241D4E054623463278DFF878801B4FDD
:10BD40000DE03B6813EB441324D0DB68284698478A
:10BD500032780134E4B2511CA142234606DBA242F0
:10BD6000A3EB0203EDD808EB4313EEE754220021C6
:10BD70000F4802F037FC4FF0FF330D482022041D1E
:10BD80004360C4E90133E360FF21BDE8F0411430B2
:10BD900002F028BC4FF0E023D3F8F03DDB0700D5DC
:10BDA00000BEBDE8F08100BF165500202C27002002
:10BDB000FC280020E8840210704700BF704700BFD5
:10BDC0000020704700207047704700BF704700BFD9
:10BDD000704700BF704700BF024B5878003818BF4B
:10BDE00001207047FC280020024B1878C0F3800027
:10BDF000704700BFFC2800202DE9F047DFF8E4A0E1
:10BE00009AF80030FF2B56D10E4600293ED0002173
:10BE100054220746294802F0E5FB0022284C294B12
:10BE200020461A70FDF710FA274B28481C60284C52
:10BE3000FDF718FA204601F069FD264A264B1460EA
:10BE400023B12648FFF7A4FD254B18600024234D9D
:10BE500023462A78DFF89090DFF884800EE0D8F847
:10BE6000003013EB441311D05B687BB198472A78FC
:10BE70000134E4B2511CA142234611DBA242EED8A8
:10BE80009B1A09EB43135B68002BEFD14FF0E023C3
:10BE9000D3F8F03DDB0700D500BE0020BDE8F087F9
:10BEA000314638468AF80070FFF70AFE0028EDD0C8
:10BEB0003846FFF74BFE0120BDE8F087FC28002044
:10BEC000F42800201855002050290020BC1900201B
:10BED000A81900205429002091B9011016550020FE
:10BEE0002C270020C4190020E88402102DE9F04F0F
:10BEF000DFF8C8928BB099F80030FF2B00F0F1808A
:10BF0000A84CA94DDFF8B0A2DFF8B4B22668736977
:10BF1000EFF3108272B6D3E8CF0F01210028FAD1D7
:10BF2000C3E8401F0028F6D1BFF35F8FB2613046EF
:10BF300007A901F091FB00237269C2E88F3FB36942
:10BF400083F31088002800F0CC809DF81D30013B61
:10BF5000072B00F27D83DFE803F0A7B1959D8E35B6
:10BF60000A04089B002BD1D009989847CEE79DF88A
:10BF7000201001F07F0605EB460000EBD11090F891
:10BF8000343023F0010380F8343090F8343023F05B
:10BF9000040380F83430002E00F0A680037D9AF868
:10BFA0000020934280F09380804A126812EB431382
:10BFB00000F090809E699DF82120099B9DF81C004F
:10BFC000B047A3E79BF80030002B00F083809BF87C
:10BFD0000030013BDBB28BF800309BF8003003F0FF
:10BFE000FF00002B92D1704F9DF81C803B7843F0EE
:10BFF00001033B7097F8343060F3000387F8343066
:10C0000097F8343060F3820387F8343097F835308E
:10C0100060F3000387F8353097F8353060F382031A
:10C0200087F8353000F06EFC9DF8203003F0600298
:10C03000602A6CD0402A7CD003F01F03012B00F053
:10C04000C180022B00F08180002B60D1202A00F0FB
:10C05000E981002A5BD19DF82130092B57D8DFE810
:10C0600013F0B001A2015600C101560095016B0109
:10C0700056006001F4002B78D9077FF547AFFFF732
:10C08000A9FE43E7EB78DA077FF540AF0898FFF7A2
:10C0900095FE3BE72B78D8077FF538AF2878C0F3BB
:10C0A000C000FFF795FE31E79DF81C00FFF73EFE4C
:10C0B00000F01EFC9DF82030AB7027E79DF81C00B7
:10C0C000FFF734FE00F014FCFFF780FE1EE7501C63
:10C0D000984211DA4FF0E023D3F8F03DDC0700D5A9
:10C0E00000BE0BB0BDE8F08F099B9DF821209DF8A4
:10C0F0001C0000F01BFC09E79B1A2D4A02EB4313BE
:10C1000058E7FFF75DFC0246002840F082814FF0BF
:10C11000E023D3F8F03DDE0700D500BE9DF81C00FB
:10C120000021FFF799FD80219DF81C00FFF794FD89
:10C13000ECE6204800F0E6FB0121404608AAFFF7A4
:10C1400013FC00287FF4E2AEE8E79DF8241011F01C
:10C15000700FDCD101F07F0607EB4600164B00EBB9
:10C16000D1101B78007D7600019698424FEAD116D7
:10C17000009659D35E1C8642C0F26681C01A0C4BF1
:10C1800003EB4016002A00F06381706900F0BAFBEF
:10C1900001214046736908AA984700287FF4B6AE8B
:10C1A000BCE700BF54290020FC2800202C270020D9
:10C1B000E884021069B9011016550020C419002046
:10C1C000185500209DF824300F2BA7D8AE4A3B44C9
:10C1D0001B791278934232D3511C99429EDBAB4EAD
:10C1E0009B1A06EB4316706900F08CFB0121404658
:10C1F000736908AA984700287FF488AE9DF820301C
:10C2000013F060068AD19DF821300A3B012B85D8B6
:10C2100000F078FB9DF821300A2B00F0F2814046B7
:10C2200008A900F019FB71E6994B1B6803EB401657
:10C23000002A00F00D81002E3FF470AFA5E7944A6C
:10C24000166816EB4316CED168E77B789DF822601E
:10C250009E4200F04F817B78002B40F0BE817E70C3
:10C26000002E00F04581701EC0B2FFF7A9FB034607
:10C27000002800F05F814278022A40F05B81C1799A
:10C2800003F10906C1F340121201C1F3801142EA21
:10C2900041123146387820F0300002433A705A8813
:10C2A000CDF80C809A180192019B8B4240F2A48138
:10C2B0004A780B2A00F0AF810123042A40F03A812A
:10C2C0000026019A0096521A92B202926E4A049384
:10C2D00012781DE06E4B1B6813EB461800F02A81A4
:10C2E000029AD8F81030039805919847082802461A
:10C2F000059906F1010303D90298904280F0FF806E
:10C30000DEB2614B00961A78531C9E4200F31281F4
:10C31000009BB242A3EB0202DCD85C4B03EB421859
:10C32000DEE77B7840468DF81A300DF11A020123C2
:10C3300008A900F0ABFAE9E5BDF82200030A013BC9
:10C34000020AC0B20E2B3FF6E9AE01A151F823F06C
:10C3500065C5011001C40110A1C501101DC1011066
:10C360001DC1011083C5011001C401101DC10110C0
:10C370001DC101101DC101101DC101101DC1011001
:10C380001DC101101DC1011057C5011008A800F002
:10C39000BFFA40469DF82210FFF7DCFB3B7843F0E4
:10C3A00002033B70B2E5BDF82230012B7FF4B6AE3C
:10C3B0003B78404623F0080308A93B7000F04CFA94
:10C3C000A4E540463B789A0802F00202C3F340130A
:10C3D0001343ADF81A300DF11A02022308A900F038
:10C3E00055FA93E5BDF82230012B7FF497AE3B78E8
:10C3F000404643F0080308A93B7000F02DFA85E59C
:10C40000022A3FF47EAEFFF7DDFC024600283FF42F
:10C4100085AE4046538808A900F038FA00287FF41A
:10C4200075AD7BE69DF824300F2B3FF677AE164AAC
:10C430003B441B79127893421DD2154A166816EBBD
:10C4400043167FF4A2AE69E6002A7FF467AE0026A9
:10C450009DF8212002F0FD03012B1BD0002A7FF460
:10C4600056AE019B009A3B44134493F83430404647
:10C47000C3F34003ADE7511C9942FFF64FAE034EA4
:10C480009B1A06EB431680E616550020E88402103E
:10C490002C270020BDF82230B3B9012A99F80000FA
:10C4A00000F08680FFF7D8FB019B009A3B441344C1
:10C4B00093F8342042F0020283F8342093F83420B9
:10C4C00042F0010283F83420002E3FF41FAD706962
:10C4D00000F018FA7369012108AA40469847002025
:10C4E00000F010FA97F83530DF073FF50FAD96E60C
:10C4F000FFF76CFC404608A900F0AEF906E5049B86
:10C50000012B00F09E80002B00F08A80002091F823
:10C51000028005E08CF804605FFA80FC9C457FD2C5
:10C5200008EB000C57FA8CFC9CF804E00130BEF1DB
:10C53000FF0FEFD04FF0E023D3F8F03DDA0700D53E
:10C5400000BE4FF0E023D3F8F03DDB0700D500BE7E
:10C5500000237B70E2E5FFF703FA024600287FF430
:10C5600058AFDBE5FFF728FA024600283FF4CFADCD
:10C570004046122308A900F089F900287FF4C6ACD0
:10C58000CCE5FFF71DFC024600283FF4C7AD40464E
:10C59000137808A900F07AF900287FF4B7ACBDE55C
:10C5A000BDF82410FFF710FA02460028EFD1B5E5D8
:10C5B0000293FFF769FB019A009B3A441A4492F8F0
:10C5C0003410029B63F3410182F8341092F8341066
:10C5D00063F3000182F8341076E700214046FFF74C
:10C5E000C1FA4046FFF722FBBB7840460093FFF7B5
:10C5F0009DFB009BBB7032E6DDF80C80FFF7E4FB8F
:10C6000078E74046012308A90DF11A028DF81A6057
:10C6100000F03CF97AE40A78CB7811444A784CE689
:10C62000334610480492029100F01AFE0E4B049A11
:10C6300002991B781144009A01339342BFF634AE3D
:10C6400078E7D8F810C00948844508BF02235DE7A1
:10C650004FF0E023D3F8F03DDB077FF557AC00BE89
:10C6600054E400BF102900201655002089CC011089
:10C6700038B58B7813F0700F08D04FF0E023D3F863
:10C68000F03DDB0700D500BE002038BD074A084B4F
:10C690000C46084691781D7800F0B2FD0028ECD0D9
:10C6A00021462846BDE83840FFF778BAFC2800202C
:10C6B000C41900202DE9F047DDE908895AB307467F
:10C6C0000C461E4615464FF0000A16E0E17801F0D0
:10C6D0000301B14214D121463846FFF7C9FF78B1B2
:10C6E000A3780AF1010ADA0914BF89F8003088F842
:10C6F00000302378AA451C440DD06378052BE5D083
:10C700004FF0E023D3F8F03DDB0702D40020BDE872
:10C71000F08700BEFAE70120BDE8F0870B46064A25
:10C7200006481168DA09343203F07F0302EB430351
:10C73000184400F01FBD00BF50290020FC28002035
:10C740000B46064A06481168DA09343203F07F03C3
:10C7500002EB4303184400F037BD00BF502900200E
:10C76000FC28002010B5194801F07F0C00EB4C00AC
:10C7700000EBD11090F834C01CF0010F08D04FF03E
:10C78000E023D3F8F03DDA0700D500BE002010BD4D
:10C7900000F1300494F804C00D484CF0010C00780E
:10C7A00084F804C0FFF744FA0028F0D14FF0E021EC
:10C7B000227960F300022271227960F382022271F1
:10C7C000D1F8F03DDB07E1D500BEDFE7FC28002013
:10C7D000C41900201E4910B5B1F80CC0CA8991F9DE
:10C7E00000E0ACEB02039BB2402B28BF4023BEF11C
:10C7F000000F044682B00ADB94454FF000011FD0C1
:10C800002046144A02B0BDE81040FFF7ABBF944584
:10C810000ED01A4689680F48019302F057FC802118
:10C8200020460C4A019B02B0BDE81040FFF79ABFBA
:10C8300080210022204602B0BDE81040FFF792BFE1
:10C840000A46204602B0BDE81040FFF78BBF00BF8C
:10C85000BC2800207C28002030B50B4C8C46A64616
:10C860000546086849680023AEE803009CF80010FC
:10C870002846C943C4E90233BDE830401A4601F0F6
:10C880008001FFF76FBF00BFBC28002070B5174CB8
:10C890000025A6468C46064608684968E581AEE84C
:10C8A0000300A260BCF80650AB4228BF2B46A38110
:10C8B0003DB103B18AB13046FFF78CFF68B101206A
:10C8C00070BD9CF800102B46C9432A46304601F043
:10C8D0008001FFF747FF0028F1D14FF0E023D3F8A4
:10C8E000F03DDB0700D500BE002070BDBC28002055
:10C8F0000022034BC3E90022C3E902221A617047F8
:10C90000BC280020014B1861704700BFBC280020E4
:10C9100030B40246044C0025234600685168C4E93F
:10C92000025530BC03C37047BC28002070B52B4CA7
:10C93000C90922780646B1EBD21F1D4614D043B177
:10C940004FF0E023D3F8F03DDB0700D500BE002018
:10C9500070BD2146FFF714F923691BB1224603215C
:10C9600030469847012070BD94F90030002B06DB5B
:10C97000A0680028EBD02A46194902F0A7FBA2685C
:10C98000E3892A442B44A260E2889BB29A42E38165
:10C9900007D03F2D05D93046FFF71CFF0028E1D115
:10C9A000CEE7236923B1022130460C4A984760B193
:10C9B00021780023C94330461A4601F08001FFF771
:10C9C000D1FE0028BCD00120CDE701463046FFF75C
:10C9D00043F980213046FFF73FF9C3E7BC28002028
:10C9E0007C2800202DE9F0410446FFF7F5F908B94D
:10C9F000BDE8F081FFF7F8F905460028F8D1C82313
:10CA000004FB03F3124EF718F9780029F0D0103325
:10CA10001E44304600F00EFE3F28E9D92846F9783A
:10CA2000FFF77CFE0028E3D0304600F003FE3F28ED
:10CA3000F97808D9074A284602EBC4124023BDE81A
:10CA4000F041FFF78FBE2846BDE8F041FFF778BE02
:10CA5000B42700203027002010B50446FFF7BCF9AA
:10CA600008B9002010BDFFF7BFF90028F9D1C8228E
:10CA7000034B02FB0433187900F0010010BD00BF26
:10CA8000B4270020C82208B5024B02FB003000F09A
:10CA9000B7FD08BDC427002010B54FF6FF7E7245D4
:10CAA0004FF0C80C28BF7246064B044692B20CFBEE
:10CAB000003000F0F9FD034620461C46FFF792FFC8
:10CAC000204610BDC42700202DE9F0410446FFF7A1
:10CAD00083F910B90020BDE8F081FFF785F905461C
:10CAE0000028F7D1C82604FB06F6DFF8648006F1BB
:10CAF00024074744384600F083FD0028EAD0B044BC
:10CB0000284698F80210FFF709FE0028E2D00F4EE1
:10CB1000384606EBC4163146402200F0C5FD98F8B1
:10CB20000210044668B1034632462846FFF71AFE53
:10CB300050B94FF0E023D3F8F03DDB07CAD500BE73
:10CB4000C8E7FFF7FDFDC5E72046C4E770270020D2
:10CB5000B427002038B54FF6FF75C823AA4228BF76
:10CB60002A460B4C92B203FB00440546204600F0D7
:10CB70001BFE034620461C4600F042FD3F2801D81C
:10CB8000204638BD2846FFF79FFF204638BD00BF2E
:10CB9000D8270020C82208B5024B02FB003000F065
:10CBA00049FD08BDD8270020F0B5002483B0C82275
:10CBB0000021174801F016FDFF234FF4E131082250
:10CBC00014480470124800940746437181608273D0
:10CBD00000F1380101234022103000F0E1FC012374
:10CBE000402207F17801009307F1B80607F124000D
:10CBF00000F0D6FC07F1C0053046FCF725FB2846BF
:10CC0000FCF722FBC7E90746C7E90C5403B0F0BDA7
:10CC1000B4270020B0270020074A116A106B11B119
:10CC200000230121D36110B10023C2E90C3309B103
:10CC30000023136201207047B4270020002210B5A2
:10CC40000E4C0F48237802600271DA0707D59B0764
:10CC50000BD5BDE8104001210A4800F073BE10302A
:10CC600000F054FE23789B07F3D4064800F04EFEF4
:10CC7000BDE810400121034800F064BEB027002049
:10CC8000B4270020D8270020F0B54B7983B0022BC1
:10CC900002D18B79022B03D00025284603B0F0BDCA
:10CCA000254FBB783BB14FF0E023D3F8F03DDB07D5
:10CCB000F2D500BEF0E78B7806463B700B7809256D
:10CCC000CC186178242907D014E023781C446178BB
:10CCD0002B4424299DB20DD1AA42F6D26378042BAD
:10CCE00002D163790A2B14D00020FFF77BFE28467F
:10CCF00003B0F0BD0529F1D121463046FFF7B8FC5D
:10CD00000028D0D0A3787B7023781D44ADB21C449A
:10CD1000E4E70A4B2778019301330093022330465E
:10CD20001A46E119FFF7C6FC0028BCD00E3517FAE9
:10CD300085F5ADB2D8E700BFB4270020B6270020A4
:10CD4000137803F06003202B08D170B5264C93882C
:10CD500094F800C09C4503D0002070BD00207047AF
:10CD60005378203B032BF7D8DFE803F027230D028D
:10CD700001292ED003291ED11C4BE3B1002051887C
:10CD8000AFF3008017E0012923D0032913D1558880
:10CD9000174805F0010686F00101257100F0D2FD6B
:10CDA000144B43B131460020C5F34002AFF300807D
:10CDB00001E0012911D0012070BD01290DD0032906
:10CDC000F9D10D4B002BF6D000200C49FEF7E8FD01
:10CDD000F1E71146FFF740FDEDE711460723074A4B
:10CDE000FFF754FDE7E700BFB42700200000000074
:10CDF000D827002000000000A1B90110BC270020A6
:10CE00002DE9F843354E0C46F27807468A421D4616
:10CE10003DD0B3788B4212D04FF0E023D3F8F03DF1
:10CE2000DB0732D40020BDE8F8832D4B23B12D4819
:10CE300000F0F6FB00284DD00020FFF7D3FDB378BB
:10CE4000A34201D00120EEE7274B13B10020AFF33E
:10CE500000800020FFF738FE0028F3D1234800F0BF
:10CE6000CFFB0028EED1002DECD015F03F05E9D125
:10CE70003846B178FFF752FC0028E3D02B462A460B
:10CE80003846B178FFF76EFCDCE700BECAE79AB21D
:10CE9000174906F1100000F087FC164B002BC4D098
:10CEA0007379FF2BC1D0002DBFD0DFF8448008EB91
:10CEB000050902E0C845B8D0737918F8012B9A42E9
:10CEC000F8D1084800F0ACFB0028F3D17179AFF33A
:10CED0000080EFE7AFF30080AEE700BFB42700208B
:10CEE00000000000C427002000000000D827002018
:10CEF0003027002000000000F0B54FF4137285B019
:10CF00000021124801F06EFB402600234FF480758B
:10CF10000E4F0F4C07F5A6721946CDE90246009256
:10CF200001951A4607F5947000F0C6F900233846BB
:10CF300007F128013444009101221946CDE9024647
:10CF40000195043000F0B8F905B0F0BDA42A002026
:10CF5000242A002008B5054800F0DAF9034BA3F5B0
:10CF6000927000F0D5F9012008BD00BFCC2B002045
:10CF700038B50025064C04F59870257000F0C6FC05
:10CF800004F10C0000F0C2FC84F82951657138BD31
:10CF9000A42A00202DE9F8434B79FF2B51D1354EBF
:10CFA00096F82931002B4CD196F80580B8F1000F86
:10CFB00047D18B780C7833700B790F460C44ABB3A8
:10CFC0008146A51803E0A54230D923781C44637834
:10CFD000052BF8D1AC4229D221464846FFF748FB41
:10CFE00040B3A378DB092FD1234800F08FFCA3784E
:10CFF00096F8282186F82931A3884846C3F30A0306
:10D00000A3F50073B3FA83F35B0963F341021B4991
:10D0100086F8282100F0EAF960B123783A7908F11E
:10D0200001081C445FFA88F39A42D0D8E11B88B209
:10D03000BDE8F8834FF0E023D3F8F03DDB0700D5DF
:10D0400000BE0020BDE8F8830D4800F05FFCA37827
:10D0500032797371A3880B49C3F30A03A3F50073F4
:10D06000B3FA83F35B0963F341020020327100F0ED
:10D0700085F9D2E7A42A0020D42B0020CC2B002055
:10D08000B02A0020A82A002070B51B4C064694F850
:10D0900029C11D468C4511D063798B4201D00020F7
:10D0A00070BD164B1BB10020A9B2AFF30080304613
:10D0B000134900F063F9C8B1012070BDB4F83431F0
:10D0C00063B9104B23B100200F49AAB2AFF300801F
:10D0D00030460E4900F08AF90120EEE7D4F82C1111
:10D0E000AAB204F5987000F05FFBEAE72A463046E2
:10D0F000034900F00FF9DFE7A42A00200000000038
:10D10000A82A002000000000242A0020CC2B0020A8
:10D1100010B582B0C9B101280CD80B7853B1144CAA
:10D12000012B235402D0012002B010BDFEF764FE93
:10D130000028F8D14FF0E023D3F8F03DDB0702D40C
:10D14000002002B010BD00BEFAE70124084601A984
:10D15000ADF80440FEF750FE38B94FF0E023D3F8A5
:10D16000F03DDA07EDD500BEEBE7014B1C70E8E7B8
:10D17000F0280020F8B5037813F001041AD10378E1
:10D1800005465A07C3F3800701D52046F8BD0E4671
:10D190004FF0FF31304602F0B3F92B7813F0010461
:10D1A0000BD12B785B0709D42B78012443F00403BF
:10D1B0002B7003E000242046F8BD3C46304602F0C8
:10D1C000B3F92046F8BD00BF70B50C4605464FF0D8
:10D1D000FF31204602F094F92B78C3F380065B07F9
:10D1E00008D52B7813F0010311BF00262A7863F3CA
:10D1F00082022A70204602F097F9304670BD00BFC7
:10D20000C378828803F003000228C2F30A0215D013
:10D2100003280AD001281CD1022940F2FF3308BF9D
:10D220004FF4806393420DD37047022914BF40230B
:10D230004FF48063934205D30120704702290AD03E
:10D24000402AF9D94FF0E023D3F8F03DDB0700D5B1
:10D2500000BE00207047B2F5007FEDD0F2E700BFBE
:10D260000A44914205D3704791F800C061448A4254
:10D2700020D991F801C0BCF1050FF5D100B591F8A6
:10D2800002C00CF07F0E00EB4E0E4FEADC1C0EF8D5
:10D290000C3091F800C061448A4209D991F801C06C
:10D2A000BCF1050FEBD091F800C061448A42F5D87B
:10D2B0005DF804FB704700BF2DE9F0418E4682B057
:10D2C000009390F800C0089EBDF824706EF3000C27
:10D2D00004461546012331463A4600F808CBBDF80E
:10D2E0002C8000F05DF906B13FB901200A9BA4F83B
:10D2F0000280636002B0BDE8F08104F11C06304694
:10D30000FBF7A2FF0DB135460026C4E90556ECE750
:10D3100001207047F8B50646084610F8083B0C4651
:10D3200013F0020F0CBF40274FF40077154600F0B2
:10D3300067F930B92DB1013F2F4202D12378DA07C6
:10D3400001D50020F8BD30466178FFF7E7F90028E5
:10D35000F7D0237813F0010307D04FF0E023D3F880
:10D36000F03DDB07EDD500BEEBE71A4630466178AD
:10D37000FFF7F8F90028F0D0F8BD00BF70B501F153
:10D380000805064628460C4600F03AF910B1237805
:10D39000DA0701D5002070BD30466178FFF7BEF98D
:10D3A0000028F7D028466288616800F07DF923786C
:10D3B000054603F0010340B173B14FF0E023D3F809
:10D3C000F03DDB07E6D500BEE4E7002BE2D13046B6
:10D3D0006178FFF7B5F9DDE70346626830466178AA
:10D3E000FFF7C0F90028E8D0284670BD8A89F8B553
:10D3F0000C4605460B781AB9DE0732D50020F8BD79
:10D4000001F1080713F0020F38460CBF40264FF415
:10D41000007600F00FF98642F0D82378DA07EDD4D1
:10D4200028466178FFF77AF90028E7D0384600F0FF
:10D4300001F92378864203F001032FD8CBB9764255
:10D440006388304080B2984228BF1846617806460B
:10D4500058B3626833462846FFF784F948B130462E
:10D46000F8BD4978FFF75AF90028C7D02378D907C3
:10D4700007D54FF0E023D3F8F03DDB07BED500BE63
:10D48000BCE7638861783BB162682846FFF76AF9B8
:10D490000028EED06088F8BD1A46F6E7002BADD123
:10D4A00028466178FFF74CF9A8E70246D2E700BFAB
:10D4B00010B58646D41ABEF804C0A4B29A423CBF46
:10D4C00004EB4C04A4B20846E4B1A4450CD2944544
:10D4D00094BFA2EB0C02624493B29C45AEF80A30B2
:10D4E00004D8A3EB0C039BB29C45FAD9BEF80620E6
:10D4F000DEF80010C2F30E0202FB031101F0E6FD9C
:10D50000012010BD204610BD2DE9F047BDF8204098
:10D5100085881E1BB6B2A3423CBF06EB4506B6B2D9
:10D5200007468846DEB1B54231D3964228BF16463B
:10D53000A54203D8641BA4B2A542FBD9B7F8069054
:10D540002B1B39689BB2C9F30E029E42914602FB27
:10D55000041107D8404606FB02F201F0B7FD304641
:10D56000BDE8F08713FB02F31FFA83FA52464046E8
:10D5700001F0ACFD731BE21812FB09F2396808EBED
:10D580000A0092B201F0A2FD3046BDE8F0879D424C
:10D5900094BF5B1B5B199CB22E464481C5E700BF5C
:10D5A0002DE9F041B2F5004F9DF8188024D80446CB
:10D5B000C06817460E461D4618B14FF0FF3101F006
:10D5C0009FFF206918B14FF0FF3101F099FF002251
:10D5D000C5F30E03E06843EAC83362812660A78082
:10D5E000E380228108B101F09FFF206908B101F0BA
:10D5F0009BFF0120BDE8F0810020BDE8F08100BF65
:10D60000038942899BB292B28088934236BFC2EBB3
:10D6100040029B1A9B189BB2984228BF184670473D
:10D620000289438990B29BB2C01AB0FA80F04009D7
:10D63000704700BF038942899BB2808892B29342AF
:10D6400036BFC2EB40029B1A9B189BB2984286BF22
:10D65000C01A80B20020704738B5044600690D46F4
:10D6600018B14FF0FF3101F04BFF22896389294641
:10D670009BB292B22046FFF71BFF6289A18892B24B
:10D6800083189BB29A4205464FEA410209D8B3EB90
:10D69000410F06DA2069638108B101F045FF284691
:10D6A00038BD9B1A9BB2F5E770B5044600690D467C
:10D6B000164682B018B14FF0FF3101F021FF2389E7
:10D6C0006089294680B2324600909BB22046FFF71F
:10D6D0001BFF6289A18892B283189BB29A420546C9
:10D6E0004FEA41020AD8B3EB410F07DA20696381A0
:10D6F00008B101F019FF284602B070BD9B1A9BB219
:10D70000F4E700BFF8B50446C0680E4618B14FF004
:10D71000FF3101F0F5FE2589238961899BB289B229
:10D72000A2888B4236BFC1EB42015B1A5B189BB2E9
:10D730009A42ADB208D8E779FF0905D1E06808B18F
:10D7400001F0F2FE3846F8BD954228BF2B4618D3AB
:10D750009B1A9BB29342FBD2E2882068C2F30E026E
:10D7600002FB0300314601F0B1FC6B1C9BB29D42F1
:10D77000A28812D9002351005B1A9BB20127238192
:10D78000DCE7E2882068C2F30E0205FB02003146A6
:10D7900001F09CFC0135A288ABB2B3EB420F4FEA1B
:10D7A0004201EBDBE8E700BF2DE9F04F174683B0FD
:10D7B000002A75D00646C068894618B14FF0FF317F
:10D7C00001F09EFEF379B6F808807289DB09B5880E
:10D7D0001FFA88F892B23DD1904536BFC2EB4502A0
:10D7E000A8EB0202424492B2AA425ED2AA1A92B2B4
:10D7F000BA4228BF3A4697B2A7EB050B08EB070AD7
:10D80000F3881FFA8BFB1FFA8AFAA845444603D314
:10D81000641BA4B2AC42FBD22D1B3068ADB2C3F383
:10D820000E02BD4202FB04005AD3494607FB02F236
:10D8300001F04CFCB288D0454FEA420302D8BAEB63
:10D84000420F03DBAAEB03031FFA83FA3D46A6F857
:10D8500008A02BE0AF4232D2904536BFC2EB450361
:10D86000A8EB020343449BB269003B44A7EB050BC2
:10D870008B421FFA8BFB0DDB02EB050A1FFA8AFABB
:10D88000AAEB07081FFA88F842453CD9A8EB01012A
:10D890001FFA81F807EB080A1FFA8AFAF388B4E73F
:10D8A0001546284603B0BDE8F08F0025F068002833
:10D8B000F7D001F039FE284603B0BDE8F08F002D07
:10D8C000F4D0F3887F1B02EB050A9046C3F30E02E7
:10D8D00002FB07994FF0000B2F461FFA8AFA94E7D4
:10D8E00015FB02F5ADB2494601922A4601F0EEFB66
:10D8F000019B5C4414FB03F4306809EB0501A2B200
:10D9000001F0E4FB96E74145C0DDC7E710B50446EA
:10D91000C06818B14FF0FF3101F0F2FD206918B175
:10D920004FF0FF3101F0ECFD0023E06863812381BB
:10D9300008B101F0F9FD206908B101F0F5FD012001
:10D9400010BD00BF38B50446C0680D4618B14FF091
:10D95000FF3101F0D5FD206918B14FF0FF3101F022
:10D96000CFFDE379E06865F3C713E37108B101F017
:10D97000DBFD206908B101F0D7FD012038BD00BFF3
:10D98000024B0A460146186800F002B8D81D002074
:10D9900038B5A1FB021434BB00F02EFB054630B3B2
:10D9A00050F8042C22F00302043A242A0CD8132A3B
:10D9B0000FD91B2AC0E9004412D9242AC0E9024425
:10D9C00018D000F1100205E0214600F00BFE2846B9
:10D9D00038BD024600232846C2E90033936038BDB3
:10D9E00000F10802F6E701F01DFA0C2303600025A0
:10D9F000284638BD00F11802C0E90444EAE700BF38
:10DA00002DE9F04F1D4640EA020399B083469B077B
:10DA1000009240F0DF82171F18BF012700230493F4
:10DA2000009B5B000793009A062902FB01F35A440E
:10DA30000BEB030006920592029040F26781009A78
:10DA40004FEA51090729A3EB020302FB09B90BEBCB
:10DA500003040FD0282900F2F4812646DA4649460D
:10DA60005046A847002831464846C0F2DE81A84704
:10DA700000284ADD002F51D1DBF80030D9F8002012
:10DA8000CBF80020C9F80030059B4FF000099A46FA
:10DA90000393009BC3F100084B46A1461E46A245D6
:10DAA00052465FD859465046CDF804A0A8470028F2
:10DAB000019A40F3FB804B460192A1461C460BE0C5
:10DAC000D9F800202168C9F80010226044440126DA
:10DAD000C144CA4500F28F8059464846A8470028ED
:10DAE0002CDBF5D1002FEBD0012F76D0009B214607
:10DAF0004A4609EB03061378087802F8010B01F88F
:10DB0000013BB31A002BF6DCE0E731465046A8474C
:10DB10000028C0F29481B146002FADD0012F00F053
:10DB2000FC815B4605981A7899F8001003F8011BF0
:10DB300009F8012BC21A002AF5DCA5E72346019A51
:10DB40004C469946002F40F0A180DAF80030226858
:10DB5000CAF800202360009B9A44444401265246A0
:10DB6000A2459FD933464E469946B9F1000F4AD097
:10DB7000039BAAEB0300A3EB0B018142A8BF014664
:10DB8000002940F02581029B341B991B009BC91A78
:10DB9000A14228BF2146002940F09D81029B84427A
:10DBA000A3EB040605D82246334604465E461046DB
:10DBB0009B46009B984240F2F280049A072A00F2AA
:10DBC0007A81B4FBF3F4B0FBF3F118AB03EBC203BF
:10DBD00043E91064531C049325E7009B20464A4602
:10DBE0009E08013E13680168002E42F8041B40F8AD
:10DBF000043BF6DC6AE7334626464C46019A9946D2
:10DC0000B9F1000FB4D1029B059A934231D9009B20
:10DC1000069E5C429846DDF81C90B34525D20196DD
:10DC200007E0DAF800203168CAF8001032605E457B
:10DC30001AD9B246264451463046A847002813DD7B
:10DC4000002FEED0012F53D0324606EB090C9AF884
:10DC5000003011780AF8011B02F8013BACEB0A0313
:10DC6000002BF4DC5E45E4D8019E4644029BB3429F
:10DC7000D3D8049B002B00F08180049B18AA013BA1
:10DC8000049302EBC30353E910B1CCE6012F009BD0
:10DC900020D09A4423461178187802F8010B03F833
:10DCA000011BAAEB02010029F5DC56E702D0009B1C
:10DCB0009A44F4E6002F7BD10399DAF800200B6830
:10DCC0000A60CAF80030009B1944009B01260391AA
:10DCD0009A44E4E698082346013811681E68002833
:10DCE00042F8046B43F8041BF6DC009B9A4434E7CB
:10DCF0004FEA980032460138DAF8003011680028FF
:10DD00004AF8041B42F8043BF5DC90E790421646C3
:10DD1000AFD9009BDDF81C905C429846B34525D2F4
:10DD2000019607E0DAF800203168CAF80010326086
:10DD30005E451AD9B246264451463046A8470028C7
:10DD400013DD002FEED0012F1BD0324606EB090C5D
:10DD50009AF8003011780AF8011B02F8013BACEB8D
:10DD60000A03002BF4DC5E45E4D8019E4644029B86
:10DD7000B342D3D8049B002B7FF47FAF19B0BDE82A
:10DD8000F08F4FEA980032460138DAF80030116817
:10DD900000284AF8041B42F8043BF5DCC8E7009B66
:10DDA0009C427FF666AF009BB346B4FBF3F13AE6C4
:10DDB000012F00F0A280039B00995918187816785B
:10DDC00003F8016B02F8010BC81A0028F6DC7CE7A7
:10DDD000022FAAEB010C40F0C7805944DE469EF8A2
:10DDE00000309CF800800EF8018B0CF8013BA1EB91
:10DDF0000E03002BF3DC029B341B991B009BC91AFA
:10DE0000A14228BF214600293FF4C8AE029B5E1AFA
:10DE100001EB0A03117896F800C002F801CB06F86E
:10DE2000011B991A0029F5DCB8E6A8470028FFF67F
:10DE300021AE31465046A8470028FFF66CAED146C9
:10DE400018E6C908584602FB01F60BEB060A7300F8
:10DE50000BEB460851460193A8470028414650461F
:10DE6000C0F2A180A84700286CDDA9EB0603494653
:10DE700009EB060818460193A84700284146484682
:10DE8000C0F29C80A847002855DD7300A4EB03086E
:10DE9000464440463146A84700282146304658DBD4
:10DEA000A84700283FF7DBAD21464046A847002899
:10DEB00058DB2646D3E5009A2B469046B0FBF2F19C
:10DEC0005846FFF79DFD44457FF6D7AE009BB3460D
:10DED000B4FBF3F1A7E5029B022FA3EB010697D059
:10DEE0008B088446013B11683068002B42F8040B14
:10DEF00046F8041BF6DC604650E6009B9808039B3E
:10DF0000013819681668002843F8046B42F8041BAE
:10DF1000F6DC0399009B1944D7E6009B99085B4601
:10DF200001391A68D9F80000002943F8040B49F8B0
:10DF3000042BF5DCA8E541460198A847002846DBFC
:10DF4000C146A2E741465846A847002834DBC246EE
:10DF50008BE7A8470028FFF682AD21464046A84738
:10DF60000028A6DB46467AE58B0880465946964649
:10DF7000013B0A68DCF80000002B41F8040B4CF868
:10DF8000042BF5DC029B341B009940469B1B724618
:10DF90005B1AA34228BF23461946002B3FF4FEAD6F
:10DFA000029B5E1A9CE7A8470028FFF65EAF414639
:10DFB0005846A8470028CADBDA4656E7A847002893
:10DFC000FFF663AF41460198A8470028B8DBDDF8AB
:10DFD00004905AE7022721E5024B0146186800F039
:10DFE0000BB800BFD81D0020024B0146186801F095
:10DFF0006DB900BFD81D002001F10B03162B2DE9D0
:10E00000F04F074683B023D8102900F2AF8000F00C
:10E01000AFFA102518230220BA4E33445C68A3F1EE
:10E020000802944200F056816368384623F00303E7
:10E03000D4E902122344CA6091605A68083442F05D
:10E0400001025A6000F09AFA204603B0BDE8F08F52
:10E05000002B23F00705C0F28980A94200F28680D8
:10E0600000F086FAB5F5FC7FC0F07B826B0A00F009
:10E070008480042B00F26281AB0903F1390003F1C3
:10E08000380EC3009F4E3344A3F1080C5C68A445CE
:10E0900007D10DE0002AE16880F216818C450C461C
:10E0A00006D0636823F003035A1B0F2AF2DD704683
:10E0B000DFF868823469444500F0F280636823F039
:10E0C000030CACEB05030F2B00F37481002BC6E9A6
:10E0D000048880F26381BCF5007FD6F804E080F00C
:10E0E000FF804FEADC0301224FEA5C1C013302FA95
:10E0F0000CF256F833104EEA020E06EBC302083A51
:10E10000C6F804E0C4E9021246F83340CC6083103C
:10E110004FF0010C0CFA03FCF44534D81CEA0E0F46
:10E1200007D120F003004FEA4C0C04301CEA0E0F1C
:10E13000F9D006EBC00A8146D646DEF80C300BE07B
:10E140005A681C46DB6822F00302511B0F2900F3BA
:10E150000181002980F215819E45F1D109F1010963
:10E160000EF1080E19F0030FE7D158E10C233B60C4
:10E170000024204603B0BDE8F08F4FF40073402028
:10E180004FF03F0E7EE7B468636823F00309A945AA
:10E19000A9EB050302D30F2B00F385805A4B08200F
:10E1A0001B6803F1100804EB0903009300F040FE24
:10E1B000564AA84483461368013305D008F1FF3856
:10E1C0004342804403EA08084146384600F018FEFE
:10E1D000B0F1FF3F82464D4A00F0078104EB09038E
:10E1E000834200F200814A4B0BF1FF3C1868404427
:10E1F000186000F064811168013100F06C8104EB5B
:10E200000902AAEB020202441A601AF00702CDE9E1
:10E21000002300F02781C2F10802384692445A4494
:10E22000D04408EA0C01521A02EA0C0B594600F0DD
:10E23000E7FD421C019B00F06A81A0EB0A0000EBA5
:10E240000B08186848F00102B442C6F808A0584408
:10E25000CAF80420186017D0B9F10F0F40F23E81C0
:10E260006168A9F10C024FF0050C22F0070201F0E1
:10E27000010111430F2A616004EB0201C1E901CCE5
:10E2800000F24D81DAF80420224B5446196881428D
:10E2900038BF1860204B1968814238BF1860A6E06B
:10E2A000D6F804E033E7621945F0010543F00103B5
:10E2B000083444F8045C3846B260536000F05EF9FC
:10E2C000204603B0BDE8F08FA26823443846D160F1
:10E2D0008A60B2E6DC68A3427FF4A6AE0230E7E6CD
:10E2E000BCF5206F4FEA5C2276D3142A00F2CD8071
:10E2F00002F15C035B32DB00F118F35808399942F4
:10E3000011D1A5E0D0190020F0250020C819002067
:10E31000C0250020E8250020EC250020D819002089
:10E320009B68994204D05A6822F003026245F7D8EC
:10E33000D968C4E902318C60DC60E8E6142B63D94B
:10E34000542B00F2AB802B0B03F16F0003F16E0E28
:10E35000C30097E6D4F808C03846671945F00105B0
:10E360006560CCF80C30C3F808C041F00103C6E981
:10E370000477C7E902887B60A150083400F0FEF8FA
:10E38000F7E622443846516841F00101516054F8E3
:10E39000082FD3609A6000F0F1F8EAE6A44438460A
:10E3A0000834DCF8043043F00103CCF8043000F00A
:10E3B000E5F8DEE6621943F0010145F00105384653
:10E3C0006560C6E90422C2E90288516044F80C3055
:10E3D000083400F0D3F8CCE64FEA9C1202F139037E
:10E3E0003832DB0088E7B44262D0B468626822F059
:10E3F0000308A845A8EB050302D30F2B3FF753AF43
:10E40000384600F0BBF8B3E603F15C0003F15B0EA5
:10E41000C30037E65AF80839534540F0A08010F0A1
:10E42000030F00F1FF30F5D1736823EA0C0373602A
:10E430004FEA4C0C0CF1FF329A4204D3A3E64FEAA8
:10E440004C0C09F104091CEA030FF8D0484670E6A9
:10E4500092104FF0010C0CFA02F24EEA020EC6F8CE
:10E4600004E066E70AEB0802384602EA0C02ABEB6E
:10E47000020B0BEA0C0B594600F0C2FC431C019B3B
:10E480007FF4DBAEDDF800B0DBE6542A2AD84FEA91
:10E490001C3202F16F036E32DB002DE7B3F5AA7F69
:10E4A0002AD8EB0B03F1780003F1770EC300E9E5FE
:10E4B0002E4B0BF1FF3C1868404418609BE61AEAAB
:10E4C0000C0F7FF498AEC844D6F808A048F00102BB
:10E4D000CAF80420D8E6C2F800A096E60123CAF8DC
:10E4E00004308DE7B2F5AA7F24D84FEADC3202F17E
:10E4F00078037732DB00FFE640F25452934224D88F
:10E50000AB0C03F17D0003F17C0EC300BAE5009A69
:10E510004FF0000B083A9044A8EB0A0891E6384601
:10E5200004F10801009300F0D1FE009BD6F808A08A
:10E530001868A7E640F254539A420CD84FEA9C421E
:10E5400002F17D037C32DB00D6E64FF47E737F2040
:10E550004FF07E0E96E54FF47E737E22CCE6736814
:10E5600066E7E80805F1080356E500BFC02500206E
:10E57000014800F0A7BD00BFBC250020014800F005
:10E58000A3BD00BFBC250020032A30B412D941EA44
:10E59000000484460B46A40721D11946604653F86F
:10E5A000044B5CF8045BA54219D1043A032AF4D861
:10E5B00060461946541E7AB1431E0139021901E022
:10E5C0009A4209D013F8010F11F801CF6045F7D036
:10E5D000A0EB0C0030BC7047002030BC7047541ECC
:10E5E000EAE700BF830730B546D08418844604E0CC
:10E5F00003F8011B9D0704D09C46A4456346F7D150
:10E6000030BD013A0244A2EB0C02032A29D9CCB254
:10E610000F2A04EB042404EB04442FD9A2F1100CBC
:10E6200003F110052CF00F0CAC44C3E90044C3E91E
:10E63000024410336345F8D112F00C0F02F00F0EB4
:10E6400018D02EF0030CAEF104051A469C4442F893
:10E65000044B6245FBD125F0030404330EF00302A2
:10E660002344002ACCD0C9B21A4403F8011B9342B8
:10E67000FBD130BD7246F4E70346C6E79646E0E7B5
:10E6800038B505460346800702D12BE09A0708D02B
:10E69000184601330278002AF8D100F0B5FC28466C
:10E6A00038BD4278E2B11868A0F1013222EA0002D6
:10E6B00012F0803F0BD1184653F8044FA4F10132F9
:10E6C00022EA040212F0803FF5D0027942B11846E6
:10E6D00010F8013F002BFBD100F096FC284638BD16
:10E6E0001846DAE72A78DDE711F0FF01034600F06B
:10E6F000030239D08ABB10B501EB012E02680EEB84
:10E700000E4EA2F101338EEA020423EA0203A4F1C1
:10E71000013222EA0402134313F0803F0FD150F874
:10E72000044F84EA0E0CA4F10133ACF1013223EA68
:10E73000040322EA0C02134313F0803FEFD0037866
:10E7400023B936E010F8013F002B32D09942F9D1BD
:10E7500010BD8A4228D09A0729D01A78184601336A
:10E76000002AF6D110467047CAB90268A2F10133F7
:10E7700023EA020313F0803F08D150F8042FA2F1DE
:10E78000013323EA020313F0803FF6D003785BB134
:10E7900010F8013F002BFBD17047990705D01846B0
:10E7A00013F8012B002AF8D170471846DDE7184608
:10E7B000A1E7184610BD00BF22B310B584188646E5
:10E7C000114A04E01B1A1BD1B8B1A64516D01EF899
:10E7D000013B11F8010B12F803C00CF0030CBCF163
:10E7E000010F12F800C00CF0030C08BF2033BCF17D
:10E7F000010FE7D12030181AE7D010BD002010BD5E
:10E80000184610BD104670472985021082B30B468A
:10E8100030B540EA01048646A40717D1032A07D879
:10E8200014E0043A22D01CF0803F1FD1032A23D9E0
:10E83000DEF80040194653F8045B7046A4F1013C31
:10E840000EF1040EAC422CEA040CEAD00378013A33
:10E850000C78A3420ED1024406E03BB110F8013F10
:10E8600011F8014FA34205D19042F6D1002030BDEE
:10E8700010467047181B30BD70461946E6E700BFCA
:10E8800040EA01039B0730B501D1032A17D884461B
:10E8900001F1FF3E07E01EF8011F541E03F8011BA3
:10E8A00029B122469C466346002AF4D130BD002C93
:10E8B000FCD0944403F8011B6345FBD130BD0C46EA
:10E8C0008446256821460434A5F1013323EA050373
:10E8D00013F0803FDCD1043A4CF8045B032AF0D8F3
:10E8E0002146D5E738B511F0FF040CD003460025CA
:10E8F00001E0431C054621461846FFF7F5FE0028B7
:10E90000F7D1284638BD2146BDE83840FFF7ECBEB8
:10E91000024A01231268503200F002B8D81D0020CC
:10E9200018B370B586468C461EF8015B01E0A5421F
:10E9300014D01CF8014B002CF9D1DDB176460C4601
:10E9400016F8015B00E063B114F8013B9D42FAD177
:10E950004DB100238EF80030166070BD6BB170466B
:10E96000E0E7B646EAE72E46F6E710680028D8D179
:10E97000002070470020156070BDC2F800E00370F1
:10E9800070BD00BF01292DE9F0415DD94FF00108AC
:10E9900000244FF0FF35C646434608E0A3EB0508C8
:10E9A0001C464FF0010E04EB0E03994210D900EB08
:10E9B000050CC75C1CF80E60B742EFD332D04FF0A5
:10E9C00001082546C646444404EB0E039942EED89E
:10E9D000012700244FF0FF36C2F80080BE463B46B8
:10E9E00007E09F1B1C464FF0010E04EB0E039942FB
:10E9F00010D900EB060C10F803801CF80EC0E0459F
:10EA0000EFD814D001272646BE463C4404EB0E0343
:10EA10009942EED80136681C864201D33046176011
:10EA2000BDE8F081C64507D00EF1010EBBE7BE453B
:10EA300006D00EF1010ED8E774444FF0010EB2E794
:10EA400074444FF0010ED0E701270026E6E700BF2F
:10EA50002DE9F04FADF21C4D934680468A4605AD38
:10EA6000194658461C462A46FFF78CFF2B4681461E
:10EA70000DF2144243F8044F9342FBD174B1601E6F
:10EA80000BF1FF32584412F8011F06AEA31A82425E
:10EA900003F1FF335B4446F82130F4D12B684A463A
:10EAA00058460BEB03010193FFF76EFD002877D169
:10EAB00044F400630746AAEB040E661E0546029363
:10EAC000AE4510D308EB050C06AA1CF8063052F828
:10EAD0002330BBB11FB1019A9A4288BFA31A1D44CB
:10EAE0000027AE45EED208EB0A00029900F0E2FCE6
:10EAF0008244AAEB040EAE45E4D200200DF21C4D78
:10EB0000BDE8F08F4F453B4638BF4B469E4218D973
:10EB1000591EEA1800955944424402E001339E42CE
:10EB20000ED012F8010B11F8015F8542F6D09E421B
:10EB3000009D06D9C9F1010200272A44D518BFE774
:10EB4000009D4F4509F1FF3380F0818005EB0902FC
:10EB50000BEB090100954244CDF80C9002E09F4276
:10EB600013D04B4611F8015D03F1FF3912F8010D86
:10EB70008542F4D0009D0133DDF80C9001379F42AF
:10EB800009D8019B1D44E71A9AE70137009DDDF87B
:10EB90000C909F42F5D960460DF21C4DBDE8F08FF8
:10EBA000A4EB0903AAEB040E661E4B4538BF4B4687
:10EBB00001332B600025019344F400630093AE45BC
:10EBC00009D308EB050006AA835D52F823306BB128
:10EBD0001D44AE45F5D208EB0A00009900F06AFC2E
:10EBE0008244AAEB040EAE45EBD286E7B14517D2BC
:10EBF00009F1FF3105EB09024B465944424402E05A
:10EC00000133B3420CD012F8017B11F801CFBC459F
:10EC1000F6D09E4204D9C9F101022A44D518CEE7A4
:10EC2000B9F1000F3FF46AAF05EB09010BEB0902E4
:10EC3000414402E05B453FF461AF12F801CD11F8A9
:10EC4000017D1346BC45F5D0019B1D44C1E74B46F1
:10EC500094E700BF2DE9F0410D46097890B00446D5
:10EC600000294AD06A78002A6BD0AB78002B48D0B4
:10EC7000E878002879D02B79002B67D0284600F05F
:10EC80009BFA0646204646F4007100F013FC8642CB
:10EC900046D8FE2E00F28780801B4022711C271868
:10ECA0006846FFF79FFC6EB16A1E5FFA86FC9019FA
:10ECB00012F8013F03F03F03A91A90426B446144EC
:10ECC0001970F5D1013CA35D03F03F036B441B7841
:10ECD0001C44A74203D228E04444A74225D314F899
:10ECE00006C03246294620460CF03F0CEC449CF806
:10ECF0000080FFF749FC0028EED1204610B0BDE8A7
:10ED0000F081007842EA014250B140EA03432146D3
:10ED100014F8010F9A4241D00028F6D19A423DD012
:10ED20000024204610B0BDE8F081BB5DB819002B6F
:10ED3000F6D04FF4006100F0BDFB0744A742C1D2FA
:10ED4000EEE710B0BDE8F041FFF7CEBC2278002A14
:10ED5000E6D0296809BA42EA0323204614F8012FB5
:10ED6000F2B19942F7D1C41EC7E7120442EA016228
:10ED7000217842EA03230029D2D0024600E049B1BB
:10ED800041EA0200254614F8011FB3EB002F4FEAB9
:10ED90000022F4D19342C3D1AC1EAEE74C1EACE7C7
:10EDA0009942BDD1DFE7014633462A46204610B0DE
:10EDB000BDE8F041FFF74CBE41EA0002034692076E
:10EDC00015D10A68A2F1013020EA020010F0803F5C
:10EDD0000DD101F1040C614643F8042B5CF8042BBF
:10EDE000A2F1013020EA020010F0803FF3D011F8C8
:10EDF000012B184603F8012B002AF8D1704700BFF9
:10EE000038B50022064D044608462A60FCF7F8FA99
:10EE1000431C00D038BD2B68002BFBD0236038BDCD
:10EE2000B42F0020014B1868704700BFD81D002088
:10EE3000082802D14FF48050704708B5FFF7F2FF61
:10EE4000162203464FF0FF301A6008BD80EA010C1D
:10EE50001CF0030F37D110F0030C20F0030021F059
:10EE6000030150F8042B08BF51F8043B0ED08CF07E
:10EE7000030C6FF07F434FEACC0C23FA0CFC51F8E3
:10EE8000043B42EA0C0243EA0C0300BFA2F1013C3E
:10EE90009A4201BF2CEA020C1CF0803F50F8042B70
:10EEA00051F8043BF2D04FEA02604FEA12220128E7
:10EEB00028BFB0EB036F08BF1B0AF4D003F0FF03B9
:10EEC000000EC01A704710F0030F0AD010F8012B83
:10EED00011F8013B012A28BF9A42F4D0A2EB0300AB
:10EEE000704720B450F8042B01F0030521F0030112
:10EEF00051F8043B022D27D04ED800BF22F07F45A9
:10EF0000B5EB132FA2F1013C2CEA020C0DD11CF041
:10EF1000803C08BF51F8043B0AD185EA0205B5EBF5
:10EF2000036F0CD150F8042BE8E74FEA13235BE0A2
:10EF30003CF07F4C54D10B784FEA126554E04FEA15
:10EF4000126503F0FF034FE04FEA0245A2F1013CD6
:10EF50004FEA15452CEA020CB5EB134F18D11CF003
:10EF6000803C08BF51F8043B07D185EA0205B5EBA8
:10EF7000034F09D150F8042BE6E75FEA0C4C2FD180
:10EF80000B884FEA12452FE04FEA03434FEA124540
:10EF90004FEA134328E000BF02F0FF05B5EB136F03
:10EFA000A2F1013C2CEA020C0DD11CF0803C08BF00
:10EFB00051F8043B0AD185EA0205B5EB032F0AD1CB
:10EFC00050F8042BE8E74FEA13630DE012F0FF0F4F
:10EFD00006D051F8043B4FEA122523F07F4303E0AB
:10EFE0004FF0000020BC704705F0FF0203F0FF0067
:10EFF000012828BF904204BF2D0A1B0AF4D0A2EBBF
:10F00000000020BC704700BF80EA0102844612F075
:10F01000030F4FD111F0030F32D14DF8044D11F011
:10F02000040F51F8043B0BD0A3F101329A4312F0C4
:10F03000803F04BF4CF8043B51F8043B16D100BF9D
:10F0400051F8044BA3F101329A4312F0803FA4F12E
:10F0500001320BD14CF8043BA24312F0803F04BFB5
:10F0600051F8043B4CF8044BEAD023460CF8013B22
:10F0700013F0FF0F4FEA3323F8D15DF8044B7047CC
:10F0800011F0010F06D011F8012B0CF8012B002A0A
:10F0900008BF704711F0020FBFD031F8022B12F0F9
:10F0A000FF0F16BF2CF8022B8CF8002012F47F4FB4
:10F0B000B3D1704711F8012B0CF8012B002AF9D1BC
:10F0C000704700BF704700BF704700BF844641EAE9
:10F0D000000313F0030349D1403A23D30B680360C4
:10F0E0004B6843608B688360CB68C3600B690361C6
:10F0F0004B6943618B698361CB69C3610B6A0362AE
:10F100004B6A43628B6A8362CB6AC3620B6B036395
:10F110004B6B43638B6B8363CB6BC363403040317A
:10F12000403ADBD230320BD30B6803604B6843604C
:10F130008B688360CB68C36010301031103AF3D213
:10F140000C3205D351F8043B40F8043B043AF9D2A1
:10F15000043208D0D2071CBF11F8013B00F8013B74
:10F1600001D30B8803806046704700BF082A13D381
:10F170008B07B1D010F00303AED0C3F10403D21A51
:10F18000DB071CBF11F8013B00F8013BA4D331F8A9
:10F19000023B20F8023B9FE7043AD9D3013A11F829
:10F1A000013B00F8013BF9D20B7803704B784370B8
:10F1B0008B7883706046704720F0030110F00300E5
:10F1C000C0F1000051F8043B00F1040C4FEACC0CF4
:10F1D0006FF000021CBF22FA0CF213434FF0010C37
:10F1E0004CEA0C2C4CEA0C4CA3EB0C0222EA030276
:10F1F00012EACC1204BF51F8043B0430F4D0C2F13F
:10F20000000102EA0102B2FA82F2C2F11F0200EB2F
:10F21000D20070472DE9F8430646DFF8AC8008209D
:10F220008946FFF705FE05463046FFF7A1F9D8F8F5
:10F2300008305F6827F00307A7F11104A4EB090465
:10F240002C44B4FBF5F4013C05FB04F4A54208DCB6
:10F2500000213046FFF7D4FDD8F808303B449842EF
:10F2600005D03046FFF78AF90020BDE8F8836142F7
:10F270003046FFF7C5FD01300FD03F1B104AD8F8CC
:10F280000830304647F001075F6013681B1B1360AE
:10F29000FFF774F90120BDE8F88300213046FFF73D
:10F2A000AFFDD8F80820831A0F2BDADD43F00103F5
:10F2B00003495360034B1B68C01A0860D1E700BFC5
:10F2C000C0250020C8190020D019002000295AD0DC
:10F2D000F8B50C460746FFF74BF9734D54F804CCCC
:10F2E000A4F10802A8682CF001030CF0010ED1185B
:10F2F0004E68884226F003067CD088194E6040682C
:10F3000000F00100BEF1000F2ED154F8084C05F1B9
:10F31000080C121B23449468644560D0D2F80CE0BA
:10F32000C4F80CE0CEF8084000287DD043F001007E
:10F3300050600B60B3F5007F2ED25809D908012325
:10F34000834068680131034355F831006B6005EB79
:10F35000C103083BC2E9020345F83120C2603846C8
:10F36000BDE8F840FFF70AB970B9334405F1080C5D
:10F37000886843F0010460456ED0C968C160886048
:10F380005460D350D6E770474CF00101B3F5007FCD
:10F3900044F8041CD350D0D3B3F5206F4FEA532167
:10F3A00044D2990901F1390001F13804C10068180B
:10F3B00069580838884203D155E08968884204D0EA
:10F3C0004C6824F003049C42F7D8C868C2E90210D4
:10F3D00082603846CA60BDE8F840FFF7CFB880BB0E
:10F3E0001E44D1E90213CB60996046F001035360DB
:10F3F0009651B4E71E44BEF1000F07D154F8083C03
:10F40000D21A1E44D2E90213CB60996046F0010380
:10F410005360264BAA601B68B342A0D8244B3846E1
:10F420001968FFF7F7FE9AE73344A1E714290DD9CD
:10F4300054291FD8190B01F16F0001F16E04C100AE
:10F44000B5E743F0010050600B6088E701F15C0014
:10F4500001F15B04C100AAE7C5E90422C2E902CCBC
:10F460005460D3507BE7A4100123A3406C6823436E
:10F470006B60ABE7B1F5AA7F06D8D90B01F1780034
:10F4800001F17704C10092E740F25450814206D85E
:10F49000990C01F17D0001F17C04C10087E74FF474
:10F4A0007E717E2483E700BFD0190020CC19002094
:10F4B000F025002099B1034601EB000C10B401E0E7
:10F4C0009C4508D01A4601331478002CF8D1101A44
:10F4D0005DF8044B704708465DF8044B70470846DA
:10F4E000704700BFF8B500BF5FF800F005070020C7
:10F4F0005FF800F0E10700205FF800F0710F0020D6
:10F500005FF800F0E50400205FF800F0510C0020E7
:10F510005FF800F0810100205FF800F0A1120020E8
:10F520005FF800F0B10B00205FF800F01D0500202F
:10F530005FF800F0410300205FF800F0D90B0020D5
:10F540005FF800F0590600205FF800F00D0C002075
:10F550005FF800F07D0400205FF800F0190F002034
:10F560005FF800F0C10300205D860110D185011015
:10F5700005860110D58601103D8601108586011093
:10F580002D9B0110199B0110F99101108986011022
:10F59000A9950110A1850110718601102186011025
:10F5A000E58901107D8C01107DB60110110200105B
:10F5B000466174616C3A20496E636F6D7061746965
:10F5C000626C652064726976657220280000000014
:10F5D000290000004D53472C000000005F76616C4D
:10F5E000756500005F76616C75655F726574757234
:10F5F0006E656400506C616E6E6572206275666641
:10F6000065722073697A652077617320726564750D
:10F6100063656421000000002A2A2A2A2A2A2A2A4D
:10F62000000000002C4E2F41000000005374657054
:10F630002070756C7365206C656E67746820696EE8
:10F64000206D6963726F7365636F6E64732E5C6E99
:10F650004D696E696D756D20646570656E647320AB
:10F660006F6E207468652070726F636573736F725C
:10F6700020616E64206973207479706963616C6CB9
:10F680007920696E207468652072616E6765206FED
:10F69000662031202D20322E352E5C6E5C6E546833
:10F6A00065206C656E6774682068617320746F20D4
:10F6B000626520726564756365642066726F6D2093
:10F6C0007468652064656661756C742076616C751C
:10F6D00065206F662035207768656E206D61782E15
:10F6E0002073746570207261746520657863656548
:10F6F0006420617070726F78696D6174656C7920D7
:10F70000313430206B487A2E00000000536574734A
:10F7100020612073686F727420686F6C6420646568
:10F720006C6179207768656E2073746F7070696E94
:10F730006720746F206C65742064796E616D6963F5
:10F740007320736574746C65206265666F726520E2
:10F7500064697361626C696E67207374657070654B
:10F7600072732E2056616C756520323535206B65BD
:10F77000657073206D6F746F727320656E61626C5B
:10F7800065642E00496E7665727473207468652016
:10F7900073746570207369676E616C732028616390
:10F7A00074697665206C6F77292E0000496E766546
:10F7B0007274732074686520646972656374696F1C
:10F7C0006E207369676E616C73202861637469765B
:10F7D00065206C6F77292E00496E766572747320F0
:10F7E00074686520737465707065722064726976E0
:10F7F000657220656E61626C65207369676E616C0D
:10F80000732E204D6F737420647269766572732055
:10F810007573657320616374697665206C6F7720FA
:10F82000656E61626C6520726571756972696E677B
:10F8300020696E76657273696F6E2E5C6E5C6E4EBB
:10F840004F54453A2049662074686520737465708A
:10F850007065722064726976657273207368617274
:10F860006573207468652073616D6520656E6162E3
:10F870006C65207369676E616C206F6E6C792058BF
:10F8800020697320757365642E000000496E7665EB
:10F89000727473207468652061786973206C696D77
:10F8A000697420696E707574207369676E616C731A
:10F8B0002E000000496E76657274732074686520AE
:10F8C00070726F626520696E707574207369676EFF
:10F8D000616C2873292E0000456E61626C6520639F
:10F8E0006F6E74726F6C732050574D206F7574700B
:10F8F000757420617661696C6162696C6974792ED6
:10F900005C6E5768656E206052504D20636F6E7458
:10F91000726F6C73207370696E646C6520656E61C4
:10F92000626C65207369676E616C60206973206327
:10F930006865636B656420616E64204D33206F726F
:10F94000204D3420697320616374697665205330DB
:10F95000207377697463686573206974206F6666C5
:10F9600020616E642053203E2030207377697463D9
:10F97000686573206974206F6E2E0000496E76658D
:10F980007274732074686520646972656374696F4A
:10F990006E207369676E616C7320666F7220746885
:10F9A00065207365636F6E64206D6F746F72207570
:10F9B00073656420666F722067616E67656420619D
:10F9C0007865732E5C6E5C6E4E4F54453A205468D9
:10F9D000697320696E76657273696F6E2077696CE2
:10F9E0006C206265206170706C69656420696E20AE
:10F9F0006164646974696F6E20746F207468652037
:10FA0000696E76657273696F6E2066726F6D2073B2
:10FA1000657474696E672024332E0000537065632B
:10FA20006966696573206F7074696F6E616C2064BC
:10FA300061746120696E636C7564656420696E2011
:10FA4000737461747573207265706F727473206162
:10FA50006E64206966207265706F7274206973200D
:10FA600073656E74207768656E20686F6D696E6768
:10FA70002E5C6E49662052756E20737562737461D8
:10FA800074757320697320656E61626C65642069AA
:10FA900074206D6179206265207573656420666FDE
:10FAA000722073696D706C652070726F6265207072
:10FAB000726F74656374696F6E2E5C6E5C6E4E4F10
:10FAC00054453A2050617273657220737461746595
:10FAD0002077696C6C2062652073656E7420736595
:10FAE0007061726174656C792061667465722074EE
:10FAF000686520737461747573207265706F7274B9
:10FB000020616E64206F6E6C79206F6E2063686177
:10FB10006E6765732E0000005365747320686F77FD
:10FB20002066617374206772626C48414C20747265
:10FB30006176656C73207468726F75676820636F97
:10FB40006E7365637574697665206D6F74696F6E29
:10FB5000732E204C6F7765722076616C756520730B
:10FB60006C6F777320697420646F776E2E000000CD
:10FB7000536574732074686520473220616E642079
:10FB80004733206172632074726163696E6720611C
:10FB900063637572616379206261736564206F6E5F
:10FBA0002072616469616C206572726F722E2042EE
:10FBB00065776172653A2041207665727920736DB0
:10FBC000616C6C2076616C7565206D61792065666D
:10FBD0006665637420706572666F726D616E6365D1
:10FBE0002E000000456E61626C657320696E63686B
:10FBF00020756E697473207768656E207265747500
:10FC0000726E696E6720616E7920706F73697469B6
:10FC10006F6E20616E6420726174652076616C7510
:10FC2000652074686174206973206E6F7420612090
:10FC300073657474696E67732076616C75652E00E8
:10FC4000496E76657274732074686520636F6E7494
:10FC5000726F6C207369676E616C732028616374C6
:10FC6000697665206C6F77292E5C6E4E4F54453A4D
:10FC700020426C6F636B2064656C6574652C204F4B
:10FC80007074696F6E616C2073746F702C204553B3
:10FC9000746F7020616E642050726F626520636FB4
:10FCA0006E6E656374656420617265206F7074693F
:10FCB0006F6E616C207369676E616C732C20617666
:10FCC00061696C6162696C6974792069732064721E
:10FCD0006976657220646570656E64656E742E0069
:10FCE000496E76657274732074686520636F6F6CFB
:10FCF000616E7420616E64206D697374207369672E
:10FD00006E616C732028616374697665206C6F770F
:10FD1000292E0000496E7665727473207468652020
:10FD20007370696E646C65206F6E2C20636F756EE6
:10FD3000746572636C6F636B7769736520616E6461
:10FD40002050574D207369676E616C732028616382
:10FD500074697665206C6F77292E000044697361A1
:10FD6000626C652074686520636F6E74726F6C20BE
:10FD70007369676E616C732070756C6C757020723E
:10FD800065736973746F72732E20506F74656E742F
:10FD900069616C6C7920656E61626C657320707549
:10FDA0006C6C646F776E207265736973746F722008
:10FDB000696620617661696C61626C652E5C6E4E6D
:10FDC0004F54453A20426C6F636B2064656C6574D8
:10FDD000652C204F7074696F6E616C2073746F7046
:10FDE00020616E64204553746F7020617265206FCE
:10FDF0007074696F6E616C207369676E616C732CCF
:10FE000020617661696C6162696C697479206973DB
:10FE10002064726976657220646570656E64656ED3
:10FE2000742E000044697361626C652074686520FB
:10FE30006C696D6974207369676E616C732070758D
:10FE40006C6C7570207265736973746F72732E2099
:10FE5000506F74656E7469616C6C7920656E616257
:10FE60006C65732070756C6C646F776E207265734F
:10FE70006973746F727320696620617661696C6161
:10FE8000626C652E0000000044697361626C65203D
:10FE90007468652070726F6265207369676E616C4B
:10FEA0002070756C6C7570207265736973746F72F5
:10FEB0002873292E20506F74656E7469616C6C799B
:10FEC00020656E61626C65732070756C6C646F7711
:10FED0006E207265736973746F7228732920696666
:10FEE00020617661696C61626C652E00456E6162AD
:10FEF0006C657320736F6674206C696D6974732010
:10FF0000636865636B732077697468696E206D61DF
:10FF10006368696E652074726176656C20616E64D9
:10FF2000207365747320616C61726D207768656EF3
:10FF30002065786365656465642E20526571756916
:10FF400072657320686F6D696E672E005768656E05
:10FF500020656E61626C656420696D6D65646961C0
:10FF600074656C792068616C7473206D6F74696F4F
:10FF70006E20616E64207468726F777320616E20EA
:10FF8000616C61726D207768656E2061206C696DAF
:10FF90006974207377697463682069732074726967
:10FFA0006767657265642E20496E20737472696399
:10FFB00074206D6F6465206F6E6C7920686F6D6959
:10FFC0006E6720697320706F737369626C65207748
:10FFD00068656E2061207377697463682069732097
:10FFE000656E67616765642E00000000456E6162A2
:10FFF0006C657320686F6D696E67206379636C65EB
:020000041002E8
:100000002E205265717569726573206C696D697413
:10001000207377697463686573206F6E20617865FB
:100020007320746F206265206175746F6D617469EF
:1000300063616C6C7920686F6D65642E5C6E5C6EBC
:100040005768656E2060456E61626C652073696EED
:10005000676C65206178697320636F6D6D616E6494
:10006000736020697320636865636B65642C20731B
:10007000696E676C65206178697320686F6D696E61
:10008000672063616E20626520706572666F726DB5
:1000900065642062792024483C61786973206C652E
:1000A000747465723E20636F6D6D616E64732E5C57
:1000B0006E5C6E5768656E2060416C6C6F77206D6A
:1000C000616E75616C6020697320636865636B6540
:1000D000642C2061786573206E6F7420686F6D6585
:1000E00064206175746F6D61746963616C6C7920F3
:1000F0006D617920626520686F6D6564206D616E49
:1001000075616C6C79206279202448206F722024FC
:10011000483C61786973206C65747465723E206335
:100120006F6D6D616E64732E5C6E5C6E604F766594
:100130007272696465206C6F636B736020697320F1
:10014000666F7220616C6C6F77696E6720612073D7
:100150006F667420726573657420746F20646973B0
:1001600061626C652060486F6D696E67206F6E20FC
:1001700073746172747570207265717569726564EB
:10018000602E0000486F6D696E6720736561726351
:1001900068657320666F7220612073776974636885
:1001A00020696E2074686520706F73697469766564
:1001B00020646972656374696F6E2E2053657420C4
:1001C000617869732062697420746F20736561724D
:1001D000636820696E206E65676174697665206466
:1001E0006972656374696F6E2E0000004665656410
:1001F000207261746520746F20736C6F776C792046
:10020000656E67616765206C696D697420737769D5
:1002100074636820746F2064657465726D696E65BF
:1002200020697473206C6F636174696F6E20616301
:100230006375726174656C792E0000005365656B9F
:10024000207261746520746F20717569636B6C79BD
:100250002066696E6420746865206C696D6974201D
:10026000737769746368206265666F72652074686D
:100270006520736C6F776572206C6F636174696E53
:10028000672070686173652E000000005365747309
:1002900020612073686F72742064656C61792062DC
:1002A00065747765656E20706861736573206F662D
:1002B00020686F6D696E67206379636C6520746F69
:1002C000206C6574206120737769746368206465AD
:1002D000626F756E63652E0052657472616374207F
:1002E00064697374616E63652061667465722074FD
:1002F000726967676572696E67207377697463688E
:1003000020746F20646973656E6761676520697426
:100310002E20486F6D696E672077696C6C2066616E
:10032000696C206966207377697463682069736EED
:10033000277420636C65617265642E004737332033
:10034000726574726163742064697374616E63654D
:100350002028666F72206368697020627265616B25
:10036000696E67206472696C6C696E67292E000083
:10037000537465702070756C73652064656C617969
:100380002E5C6E5C6E5768656E20736574203E202F
:100390003020616E64206C657373207468616E2018
:1003A00032207468652076616C75652069732072EF
:1003B0006F756E64656420757020746F2032206DD7
:1003C0006963726F7365636F6E64732E0000000063
:1003D0004D6178696D756D207370696E646C652010
:1003E00073706565642C2063616E206265206F7692
:1003F000657272696464656E206279207370696EDB
:10040000646C6520706C7567696E732E0000000067
:100410004D696E696D756D207370696E646C6520D1
:1004200073706565642C2063616E206265206F7651
:10043000657272696464656E206279207370696E9A
:10044000646C6520706C7567696E732E5C6E5C6E93
:100450005768656E20736574203E20302024333544
:10046000202850574D206D696E2076616C75652986
:10047000206D6179206861766520746F2062652047
:1004800073657420746F20676574207468652063D9
:100490006F6E666967757265642052504D2E00005C
:1004A0004C61736572206D6F64653A20636F6E7383
:1004B000656375746976652047312F322F33206369
:1004C0006F6D6D616E64732077696C6C206E6F74F4
:1004D0002068616C74207768656E207370696E6443
:1004E0006C65207370656564206973206368616E54
:1004F0006765642E5C6E4C61746865206D6F646521
:100500003A20616C6C6F777320757365206F66207D
:1005100047372C2047382C2047393620616E64201D
:100520004739372E000000005370696E646C6520F7
:1005300050574D206672657175656E63792E0000A7
:100540005370696E646C652050574D206F6666204D
:1005500076616C756520696E2070657263656E7476
:10056000202864757479206379636C65292E0000F6
:100570005370696E646C652050574D206D696E2014
:1005800076616C756520696E2070657263656E7446
:10059000202864757479206379636C65292E0000C6
:1005A0005370696E646C652050574D206D617820E2
:1005B00076616C756520696E2070657263656E7416
:1005C000202864757479206379636C65292E000096
:1005D000537065636966696573207768696368202D
:1005E0007374657070657273206E6F7420746F2001
:1005F00064697361626C65207768656E2073746FDF
:10060000707065642E0000005370696E646C652024
:10061000656E636F6465722070756C7365732070AE
:100620006572207265766F6C7574696F6E2E00004E
:10063000456E61626C657320226E6F726D616C2213
:100640002070726F63657373696E67206F66203FF9
:100650002C202120616E64207E20636861726163BA
:1006600074657273207768656E2070617274206F94
:100670006620242D73657474696E67206F72206321
:100680006F6D6D656E742E204966206469736162BA
:100690006C6564207468656E207468657920617289
:1006A0006520616464656420746F207468652069E6
:1006B0006E70757420737472696E6720696E7374DE
:1006C0006561642E000000004C696D6974206A6FDA
:1006D0006720636F6D6D616E647320746F206D6150
:1006E0006368696E6520776F726B737061636520F4
:1006F000666F7220686F6D656420617865732E0087
:10070000456E61626C6573207061726B696E672003
:100710006379636C652C20726571756972657320ED
:100720007061726B696E67206178697320686F6DA4
:1007300065642E00446566696E6520776869636844
:100740002061786973207468617420706572666FC7
:10075000726D7320746865207061726B696E6720BA
:100760006D6F74696F6E2E004E756D626572206FCD
:100770006620686F6D696E67207061737365732E94
:10078000204D696E696D756D20312C206D61786921
:100790006D756D203132382E000000004178657390
:1007A00020746F20686F6D6520696E2066697273B2
:1007B0007420706173732E004178657320746F200C
:1007C000686F6D6520696E207365636F6E6420705D
:1007D0006173732E000000004178657320746F20F0
:1007E000686F6D6520696E2074686972642070613D
:1007F00073732E0053746570206A6F6767696E6744
:1008000020737065656420696E206D696C6C696D1C
:10081000657465727320706572206D696E7574659C
:100820002E000000536C6F77206A6F6767696E67F0
:1008300020737065656420696E206D696C6C696DEC
:10084000657465727320706572206D696E7574656C
:100850002E00000046617374206A6F6767696E67D7
:1008600020737065656420696E206D696C6C696DBC
:10087000657465727320706572206D696E7574653C
:100880002E0000004A6F672064697374616E6365AF
:1008900020666F722073696E676C65207374657073
:1008A000206A6F6767696E672E0000004A6F6720D5
:1008B00064697374616E6365206265666F7265203A
:1008C0006175746F6D617469632073746F702E004D
:1008D0005370696E646C652070756C6C2D6F7574E7
:1008E00020616E6420706C756E6765206469737436
:1008F000616E636520696E206D6D2E496E63726551
:100900006D656E74616C2064697374616E63652ECD
:10091000000000005370696E646C652070756C6C2B
:100920002D6F75742F706C756E676520736C6F77A3
:100930002066656564207261746520696E206D6D46
:100940002F6D696E2E0000005061726B696E67201A
:1009500061786973207461726765742E20496E2016
:100960006D6D2C206173206D616368696E65206315
:100970006F6F7264696E617465205B2D6D61785F65
:1009800074726176656C2C20305D2E005061726B44
:10099000696E672066617374207261746520746F7C
:1009A0002074617267657420616674657220707569
:1009B0006C6C2D6F757420696E206D6D2F6D696E76
:1009C0002E000000526573746F7265206F76657239
:1009D000726964657320746F2064656661756C74F8
:1009E0002076616C7565732061742070726F677218
:1009F000616D20656E642E00456E61626C652074C9
:100A0000686973206966206974206973206465735E
:100A1000697261626C6520746F206F70656E2074FE
:100A200068652073616665747920646F6F722077E2
:100A300068656E20696E2049444C45206D6F646581
:100A4000202865672E20666F72206A6F6767696E5F
:100A500067292E00456E61626C6520736C65657058
:100A6000206D6F64652E0000416374696F6E7320A2
:100A700074616B656E20647572696E67206665656A
:100A80006420686F6C6420616E64206F6E207265F4
:100A900073756D652066726F6D206665656420688C
:100AA0006F6C642E00000000537461727420696ED4
:100AB00020616C61726D206D6F6465206166746584
:100AC00072206120636F6C642072657365742E0000
:100AD000416C6C6F772066656564206F7665727215
:100AE00069646520647572696E672070726F6269EF
:100AF0006E6720616E642F6F72206C696D6974205F
:100B000070726F62696E6720636F6D6D616E647382
:100B100020746F206D616368696E6520776F726BFA
:100B2000737061636520666F7220686F6D65642005
:100B3000617865732E0000005370696E646C6520E7
:100B400073796E6320504944206D617820696E741A
:100B500065677261746F72206572726F722E000029
:100B600054726176656C207265736F6C7574696F11
:100B70006E20696E20737465707320706572206DCD
:100B8000696C6C696D657465722E000054726176D3
:100B9000656C207265736F6C7574696F6E20696E19
:100BA0002073746570732070657220646567726568
:100BB000652E00004D6178696D756D2072617465F8
:100BC0002E20557365642061732047302072617058
:100BD000696420726174652E0000000041636365E2
:100BE0006C65726174696F6E2E2055736564206642
:100BF0006F72206D6F74696F6E20706C616E6E69BC
:100C00006E6720746F206E6F74206578636565640D
:100C1000206D6F746F7220746F7271756520616ED4
:100C200064206C6F73652073746570732E00000010
:100C30004D6178696D756D2061786973207472619A
:100C400076656C2064697374616E63652066726F8B
:100C50006D20686F6D696E67207377697463682EA5
:100C60002044657465726D696E65732076616C6988
:100C700064206D616368696E6520737061636520CF
:100C8000666F7220736F66742D6C696D6974732062
:100C9000616E6420686F6D696E6720736561726351
:100CA000682064697374616E6365732E00000000D0
:100CB0004F6666736574206265747765656E207330
:100CC0006964657320746F20636F6D70656E736106
:100CD000746520666F7220686F6D696E6720737728
:100CE00069746368657320696E61636375726163BB
:100CF0006965732E000000005370696E646C652096
:100D0000617420737065656420746F6C6572616EC8
:100D100063652061732070657263656E74616765D9
:100D200020646576696174696F6E2066726F6D20EC
:100D300070726F6772616D6D656420737065656454
:100D40002C2073657420746F203020746F206469C8
:100D50007361626C652E5C6E4966206E6F742077DD
:100D6000697468696E20746F6C6572616E6365206A
:100D700061667465722074696D656F757420736542
:100D800074206279207370696E646C65206F6E20C8
:100D900064656C61792028243339342920616C61C1
:100DA000726D203134206973207261697365642E1D
:100DB0005C6E4E4F54453A20696620746865207316
:100DC00070696E646C65206F6E2064656C6179205B
:100DD00069732073657420746F20302074686520F7
:100DE00074696D656F75742064656661756C747384
:100DF00020746F206F6E65206D696E7574652E00AE
:100E00004E6F726D616C3A20616C6C6F7773206A03
:100E10006F6767696E6720666F72206D616E7561BE
:100E20006C20746F756368206F66662E205365743E
:100E3000206E657720706F736974696F6E206D61C5
:100E40006E75616C6C792E5C6E5C6E4D616E756159
:100E50006C20746F756368206F66663A20726170EB
:100E600069647320746F20746F6F6C206368616EA7
:100E7000676520706F736974696F6E2C2075736578
:100E8000206A6F6767696E67206F7220245450571D
:100E900020666F7220746F756368206F66662E5CC3
:100EA0006E5C6E4D616E75616C20746F7563682049
:100EB0006F66662040204735392E333A20726170C4
:100EC00069647320746F20746F6F6C206368616E47
:100ED000676520706F736974696F6E2C206166742A
:100EE0006572206368616E676520746F20473539CD
:100EF0002E3320706F736974696F6E20666F722075
:100F00006D616E75616C20746F756368206F6666C5
:100F10002E20557365206A6F6767696E67206F7250
:100F2000202454505720666F7220746F75636820B8
:100F30006F66662E5C6E5C6E4175746F6D61746970
:100F40006320746F756368206F66662040204735A4
:100F5000392E333A2072617069647320746F207483
:100F60006F6F6C206368616E676520706F73697462
:100F7000696F6E2C206166746572206368616E67AC
:100F80006520746F204735392E3320706F73697474
:100F9000696F6E20666F72206175746F6D61746920
:100FA0006320746F756368206F66662E5C6E5C6E7E
:100FB000446570656E64696E67206F6E207365743A
:100FC00074696E67732074686520746F6F6C202875
:100FD000636F6E74726F6C6C656420706F696E7491
:100FE000292077696C6C206265206D6F76656420BE
:100FF0006261636B20746F2074686520746F206F6A
:10100000726967696E616C20706F736974696F6E65
:1010100020616674657220746F756368206F666600
:101020002E2022746F6F6C206368616E676520707C
:101030006F736974696F6E222069732065697468C3
:10104000657220746F6F6C206178697320686F6DB2
:10105000652C204735392E33206F722047333020DE
:10106000706F736974696F6E20646570656E646912
:101070006E67206F6E2073657474696E67732E00DF
:101080004D6178696D756D2070726F62696E672051
:1010900064697374616E636520666F722061757434
:1010A0006F6D61746963206F7220245450572074EF
:1010B0006F756368206F66662E0000004665656484
:1010C000207261746520746F20736C6F776C792067
:1010D000656E6761676520746F6F6C206368616E11
:1010E00067652073656E736F7220746F206465741A
:1010F00065726D696E652074686520746F6F6C2011
:101100006F66667365742061636375726174656C84
:10111000792E00005365656B207261746520746FD1
:1011200020717569636B6C792066696E64207468E0
:101130006520746F6F6C206368616E6765207365EE
:101140006E736F72206265666F72652074686520C9
:10115000736C6F776572206C6F636174696E672062
:1011600070686173652E000050756C6C2D6F66663B
:10117000207261746520666F7220746865207265E4
:101180007472616374206D6F7665206265666F723C
:10119000652074686520736C6F776572206C6F636F
:1011A0006174696E672070686173652E00000000CD
:1011B000526573746F726520706F736974696F6EB6
:1011C000206166746572204D363A207768656E201E
:1011D00073657420746865207370696E646C652033
:1011E0006973206D6F76656420736F207468617415
:1011F0002074686520636F6E74726F6C6C65642018
:10120000706F696E742028746F6F6C207469702918
:10121000206973207468652073616D652061732097
:101220006265666F726520746865204D3620636F55
:101230006D6D616E642C6966206E6F7420746865D4
:10124000207370696E646C65206973206F6E6C79B1
:10125000206D6F76656420746F20746865205A2055
:10126000686F6D6520706F736974696F6E2E5C6E48
:101270005C6E4368616E676520746F6F6C2061748B
:10128000204733303A207768656E2073657420728A
:10129000617069647320746F20746865204733300F
:1012A00020706F736974696F6E2076696120746F46
:1012B0006F6C206178697320686F6D652E205265B0
:1012C000717569726573206178657320746F20622F
:1012D0006520686F6D65642E5C6E5C6E466173742C
:1012E0002070726F62652070756C6C6F66663A2054
:1012F000757365204733382E34207374796C6520FC
:1013000070726F62696E6720666F722066617374B7
:10131000657220746F756368206F66662E0000002A
:101320004475616C2061786973206C656E677468C0
:10133000206661696C20696E2070657263656E74E9
:10134000206F662061786973206D61782074726106
:1013500076656C2E000000004475616C2061786930
:1013600073206C656E677468206661696C206D69B6
:101370006E696D756D2064697374616E63652E00AE
:101380004475616C2061786973206C656E67746860
:10139000206661696C206D6178696D756D20646986
:1013A0007374616E63652E0044697361626C65736A
:1013B00020736176652F726573746F7265206F6636
:1013C00020473932206F666673657420746F206E13
:1013D0006F6E2D766F6C6174696C652073746F72BB
:1013E00061676520284E5653292E000044656C61C4
:1013F0007920746F20616C6C6F77207370696E64F4
:101400006C6520746F207370696E20757020616642
:101410007465722073616665747920646F6F7220E1
:101420006973206F70656E65642E000044656C61A1
:101430007920746F20616C6C6F7720636F6F6C61C3
:101440006E7420746F2072657374617274206166AB
:101450007465722073616665747920646F6F7220A1
:101460006973206F70656E65642E000044656C6161
:101470007920746F20616C6C6F77207370696E6473
:101480006C6520746F207370696E2075702E20302B
:10149000206F7220302E35202D203230735C6E4943
:1014A00066207370696E646C6520737570706F72FE
:1014B00074732022617420737065656422206675E0
:1014C0006E6374696F6E616C6974792069742069E8
:1014D00073207468652074696D6520746F2077616E
:1014E0006974206265666F726520616C61726D203F
:1014F0003134206973207261697365642E000000C5
:101500005370696E646C652073656C6563746564A3
:10151000206F6E20737461727475702E000000006D
:101520004E756D626572206F6620626C6F636B73BF
:1015300020696E2074686520706C616E6E65722023
:101540006275666665722E00496E74657276616CAE
:1015500020746865207265616C2074696D65207205
:1015600065706F72742077696C6C2062652073659A
:101570006E742C2073657420746F203020746F207B
:1015800064697361626C652E000000004F666673CB
:10159000657420696E20686F7572732066726F6D56
:1015A000205554432E000000496620736574207551
:1015B0006E6C6F636B202862792073656E64696E50
:1015C00067202458292069732072657175697265D6
:1015D0006420616674657220726573657474696EE7
:1015E00067206120636C656172656420452D5374CA
:1015F0006F7020636F6E646974696F6E2E000000F7
:101600004C6F636B20636F6F7264696E61746520E9
:1016100073797374656D7320616761696E7374208B
:101620006163636964656E74616C206368616E6791
:1016300065732E0044656C617920746F20616C6C59
:101640006F77207370696E646C6520746F2073709F
:10165000696E20646F776E2E2030206F7220302EDE
:1016600035202D203230735C6E4966207370696EB0
:10167000646C6520737570706F727473202261746E
:10168000207370656564222066756E6374696F6E81
:10169000616C6974792069742069732074686520AD
:1016A00074696D6520746F20776169742062656666
:1016B0006F726520616C61726D2031342069732016
:1016C0007261697365642E0053706563696669654C
:1016D00073207768696368207370696E646C652035
:1016E0006861732074686520656E636F646572203D
:1016F00061747461636865642E0000004175746FE5
:10170000206D6F756E742053442063617264206F86
:101710006E20737461727475702E0000496E766568
:1017200072747320746865206178697320686F6DC6
:101730006520696E707574207369676E616C732EB5
:101740000000000044656C617920746F20616C6C4E
:101750006F7720636F6F6C616E7420746F20737489
:101760006172742E2030206F7220302E35202D2093
:101770003230732E00000000436F6E74726F6C7312
:1017800020616374696F6E732074616B656E206F86
:101790006E206120736F66742072657365742E000D
:1017A00044656C61792066726F6D2073746570702A
:1017B000657220656E61626C6520746F2066697267
:1017C00073742073746570206F75747075742E2037
:1017D00054686520647269766572207479706963F3
:1017E000616C6C792061646473207E326D73207447
:1017F0006F20746869732E00537465702070756C67
:1018000073652074696D65006D6963726F736563DC
:101810006F6E647300000000537465702069646C1F
:10182000652064656C6179006D696C6C69736563D2
:101830006F6E647300000000232323233000000038
:101840003635353335000000537465702070756C83
:10185000736520696E76657274000000537465705C
:1018600020646972656374696F6E20696E76657253
:1018700074000000496E7665727420737465707030
:10188000657220656E61626C65206F757470757429
:1018900028732900496E76657274206C696D6974CD
:1018A00020696E7075747300496E7665727420706D
:1018B000726F626520696E70757473004465707232
:1018C000656361746564000047616E6765642061EB
:1018D00078657320646972656374696F6E20696EE0
:1018E000766572740000000050574D207370696E69
:1018F000646C65206F7074696F6E7300456E616211
:101900006C652C52504D20636F6E74726F6C732037
:101910007370696E646C6520656E61626C652073BE
:1019200069676E616C2C44697361626C65206C61DF
:10193000736572206D6F6465206361706162696CAC
:1019400069747900537461747573207265706F7275
:1019500074206F7074696F6E73000000506F73694C
:1019600074696F6E20696E206D616368696E6520B1
:10197000636F6F7264696E6174652C42756666652B
:10198000722073746174652C4C696E65206E756D80
:10199000626572732C4665656420262073706565E8
:1019A000642C50696E2073746174652C576F726B70
:1019B00020636F6F7264696E617465206F66667311
:1019C00065742C4F76657272696465732C50726F02
:1019D000626520636F6F7264696E617465732C4217
:1019E00075666665722073796E63206F6E2057434B
:1019F0004F206368616E67652C5061727365722059
:101A000073746174652C416C61726D2073756273BF
:101A100074617475732C52756E2073756273746182
:101A20007475732C456E61626C65207768656E20F5
:101A3000686F6D696E6700004A756E6374696F6EDA
:101A400020646576696174696F6E00006D6D0000D9
:101A50002323232323302E303030000041726320B3
:101A6000746F6C6572616E63650000005265706F23
:101A7000727420696E20696E6368657300000000EF
:101A8000496E7665727420636F6E74726F6C206934
:101A90006E70757473000000496E76657274206311
:101AA0006F6F6C616E74206F757470757473000065
:101AB000496E76657274207370696E646C6520730C
:101AC00069676E616C73000050756C6C7570206492
:101AD000697361626C6520636F6E74726F6C2069EC
:101AE0006E7075747300000050756C6C75702064B6
:101AF000697361626C65206C696D697420696E70D0
:101B00007574730050756C6C7570206469736162D4
:101B10006C652070726F626520696E7075747300F9
:101B2000536F6674206C696D69747320656E6162B1
:101B30006C65000048617264206C696D6974732083
:101B4000656E61626C650000456E61626C652C5368
:101B50007472696374206D6F64650000486F6D690D
:101B60006E67206379636C6500000000486F6D69E3
:101B70006E6720646972656374696F6E20696E7642
:101B800065727400486F6D696E67206C6F63617475
:101B90006520666565642072617465006D6D2F6DEA
:101BA000696E00002323232323302E300000000021
:101BB000486F6D696E672073656172636820736535
:101BC000656B207261746500486F6D696E67207384
:101BD0007769746368206465626F756E63652064FD
:101BE000656C61790000000023233000486F6D6947
:101BF0006E67207377697463682070756C6C2D6FE5
:101C000066662064697374616E63650047373320CC
:101C1000526574726163742064697374616E636584
:101C20000000000050756C73652064656C6179007C
:101C30004D6178696D756D207370696E646C652097
:101C4000737065656400000052504D004D696E6907
:101C50006D756D207370696E646C65207370656559
:101C6000640000004D6F6465206F66206F706572C0
:101C70006174696F6E0000004E6F726D616C2C4C68
:101C800061736572206D6F64652C4C6174686520AA
:101C90006D6F6465000000005370696E646C6520B0
:101CA00050574D206672657175656E63790000004E
:101CB000487A000023232323233000005370696EE9
:101CC000646C652050574D206F66662076616C7598
:101CD0006500000070657263656E74002323302E0A
:101CE00030000000313030005370696E646C652044
:101CF00050574D206D696E2076616C75650000004F
:101D00005370696E646C652050574D206D6178206A
:101D100076616C7565000000537465707065727350
:101D200020746F206B65657020656E61626C656400
:101D3000000000005370696E646C652070756C73F0
:101D4000657320706572207265766F6C7574696F4B
:101D50006E20285050522900232323300000000019
:101D6000456E61626C65206C6567616379205254D1
:101D700020636F6D6D616E64730000004C696D6966
:101D800074206A6F6720636F6D6D616E647300000D
:101D90005061726B696E67206379636C6500000047
:101DA000456E61626C652C456E61626C6520706188
:101DB000726B696E67206F76657272696465206305
:101DC0006F6E74726F6C2C446561637469766174B4
:101DD000652075706F6E20696E6974005061726B5A
:101DE000696E67206178697300000000582C592CD7
:101DF0005A000000486F6D696E67207061737365EB
:101E000073000000313238004178657320686F6DCF
:101E1000696E672C20666972737420706173730039
:101E20004178657320686F6D696E672C20736563F8
:101E30006F6E6420706173730000000041786573F9
:101E400020686F6D696E672C2074686972642070F9
:101E5000617373005061726B696E672070756C6C92
:101E60002D6F75742064697374616E636500000082
:101E7000232323302E3000005061726B696E67207F
:101E800070756C6C2D6F7574207261746500000044
:101E90005061726B696E67207461726765740000CF
:101EA0002D232323302E30002D31303030303000C0
:101EB0005061726B696E6720666173742072617421
:101EC00065000000526573746F7265206F766572ED
:101ED00072696465730000005361666574792064FB
:101EE0006F6F72206F7074696F6E730049676E6FE9
:101EF0007265207768656E2069646C652C4B65653A
:101F00007020636F6F6C616E7420737461746520F0
:101F10006F6E206F70656E00536C65657020656E26
:101F200061626C65000000004665656420686F6C46
:101F30006420616374696F6E7300000044697361AB
:101F4000626C65206C6173657220647572696E677E
:101F500020686F6C642C526573746F7265207370A7
:101F6000696E646C6520616E6420636F6F6C616E76
:101F700074207374617465206F6E20726573756D63
:101F800065000000466F72636520696E69742061A8
:101F90006C61726D0000000050726F62696E6720A4
:101FA0006F7074696F6E73005370696E646C652036
:101FB00073796E6320502D6761696E00232323308F
:101FC0002E303030000000005370696E646C652064
:101FD00073796E6320492D6761696E005370696E75
:101FE000646C652073796E6320442D6761696E00AF
:101FF0005370696E646C652073796E632050494438
:10200000206D61782049206572726F7200000000B7
:102010002D617869732074726176656C20726573C6
:102020006F6C7574696F6E002323232323302E3069
:1020300030302323000000002D61786973206D612A
:1020400078696D756D207261746500002D61786925
:102050007320616363656C65726174696F6E000003
:102060002D61786973206D6178696D756D2074726A
:102070006176656C000000002D61786973206475DD
:10208000616C2061786973206F6666736574000007
:102090002D302E30303000002D3130002D61786928
:1020A0007320686F6D696E67206C6F636174652063
:1020B0006665656420726174650000002D61786951
:1020C0007320686F6D696E67207365617263682045
:1020D0007365656B20726174650000005370696EF2
:1020E000646C6520617420737065656420746F6C26
:1020F0006572616E63650000546F6F6C2063686188
:102100006E6765206D6F6465000000004E6F726D34
:10211000616C2C4D616E75616C20746F7563682005
:102120006F66662C4D616E75616C20746F756368A7
:10213000206F66662040204735392E332C41757458
:102140006F6D6174696320746F756368206F666674
:102150002040204735392E332C49676E6F72652039
:102160004D360000546F6F6C206368616E676520A8
:1021700070726F62696E672064697374616E636503
:1021800000000000546F6F6C206368616E6765200B
:102190006C6F636174652066656564207261746547
:1021A00000000000546F6F6C206368616E676520EB
:1021B000736561726368207365656B207261746515
:1021C00000000000546F6F6C206368616E676520CB
:1021D00070726F62652070756C6C2D6F6666207210
:1021E00061746500546F6F6C206368616E67652071
:1021F0006F7074696F6E7300526573746F726520CF
:10220000706F736974696F6E206166746572204DBA
:10221000362C4368616E676520746F6F6C20617443
:10222000204733302C466173742070726F626520D2
:1022300070756C6C206F6666000000004475616C00
:102240002061786973206C656E67746820666169C7
:102250006C0000004475616C2061786973206C65C6
:102260006E677468206661696C206D696E0000009D
:102270004475616C2061786973206C656E67746861
:10228000206661696C206D617800000044697361AB
:10229000626C6520473932207065727369737465AA
:1022A0006E6365005370696E646C65206F6E2064A8
:1022B000656C617900000000302E3500436F6F6C53
:1022C000616E74206F6E2064656C6179000000009F
:1022D00044656661756C74207370696E646C65002A
:1022E000506C616E6E657220627566666572206202
:1022F0006C6F636B7300000033300000313030309E
:10230000000000004175746F7265706F727420690F
:102310006E74657276616C006D730000556E6C6F43
:10232000636B20726571756972656420616674659E
:102330007220452D53746F70000000004B6565706E
:1023400020746F6F6C206E756D626572206F76659C
:1023500072207265626F6F74000000004C6F636BD7
:1023600020636F6F7264696E617465207379737432
:10237000656D73004735392E312C4735392E322C97
:102380004735392E33000000456E636F6465722057
:102390007370696E646C65005370696E646C65205F
:1023A0006F66662064656C617900000046696C6543
:1023B0002073797374656D73206F7074696F6E73B9
:1023C00000000000496E7665727420686F6D6520AC
:1023D000696E7075747300004D6F746F7220776151
:1023E000726E696E6720696E7075747320656E61B8
:1023F000626C6500496E76657274206D6F746F72E1
:10240000207761726E696E6720696E7075747300F3
:102410004D6F746F72206661756C7420696E707593
:10242000747320656E61626C65000000496E7665AC
:102430007274206D6F746F72206661756C742069A0
:102440006E7075747300000052657365742061636B
:1024500074696F6E73000000436C65617220686F71
:102460006D65642073746174757320696620706F84
:10247000736974696F6E20776173206C6F73742C4D
:10248000436C656172206F6666736574732028659E
:102490007863657074204739322900005374657081
:1024A00070657220656E61626C652064656C61792F
:1024B0000000000032353000526F6F7400000000E1
:1024C00047656E6572616C00436F6E74726F6C204D
:1024D0007369676E616C73004C696D697473000099
:1024E0004475616C2061786973000000436F6F6C04
:1024F000616E74005370696E646C65005370696E30
:10250000646C652073796E6300000000546F6F6C1B
:10251000206368616E676500486F6D696E670000D3
:1025200050726F62696E67005361666574792064EA
:102530006F6F72004A6F6767696E670053746570EA
:10254000706572005374657070657220647269768C
:10255000657200004178697300000000582D6178B1
:1025600069730000592D6178697300005A2D6178F4
:10257000697300006F757470757420737465707082
:102580006572206472697665722073746174757304
:1025900000000000656E756D65726174652070697C
:1025A0006E2062696E64696E67730000746F67679E
:1025B0006C6520626C6F636B2064656C657465206C
:1025C0007377697463680000746F67676C65206F68
:1025D0007074696F6E616C2073746F7020737769AB
:1025E00074636820284D312900000000746F67670C
:1025F0006C652073696E676C6520737465707069B3
:102600006E67207377697463680000002452535426
:102610003D2A202D20726573746F72652F72657369
:10262000657420616C6C2073657474696E67732EB9
:102630000D0A0000245253543D24202D207265734E
:10264000746F72652064656661756C74207365745F
:1026500074696E67732E0D0A0000000024525354F3
:102660003D26202D20726573746F72652064726937
:1026700076657220616E6420706C7567696E206487
:10268000656661756C742073657474696E67732E0A
:102690000D0A0000245253543D23202D20726573EF
:1026A0006574206F66667365747320616E64207450
:1026B0006F6F6C20646174612E0D0A0024525354B4
:1026C0003D23202D207265736574206F66667365E7
:1026D00074732E0D0A0000007C0000002452544345
:1026E000202D206F75747075742063757272656E1D
:1026F000742074696D652E0D0A0000002452544345
:102700003D3C49534F3836303120646174657469FB
:102710006D653E202D207365742063757272656E41
:10272000742074696D652E0D0A0000002448202D68
:1027300020686F6D6520636F6E666967757265648A
:1027400020617865732E0D0A0000000024483C616A
:102750007869736C65747465723E202D20686F6DA6
:10276000652073696E676C6520617869732E0D0A48
:1027700000000000245352202D20726573657420E0
:102780007370696E646C6520656E636F646572203A
:10279000646174612E0D0A00245344202D206F754E
:1027A00074707574207370696E646C6520656E63F7
:1027B0006F64657220646174612E0D0A0000000070
:1027C000202D200048454C50000000006F757470AB
:1027D0007574207061727365722073746174650022
:1027E0004A000000244A3D3C67636F64653E202D2B
:1027F000206A6F67206D616368696E650000000084
:10280000230000006F7574707574206F66667365C1
:1028100074732C20746F6F6C207461626C652C2053
:1028200070726F62696E6720616E6420686F6D659B
:1028300020706F736974696F6E0D0A24233D3C6EBE
:102840003E202D206F75747075742076616C7565EF
:1028500020666F7220706172616D65746572203CD4
:102860006E3E000024000000243C6E3E202D206FB0
:1028700075747075742073657474696E67203C6E2E
:102880003E2076616C75650D0A243C6E3E3D3C76BB
:10289000616C75653E202D2061737369676E203C05
:1028A00076616C75653E20746F2073657474696E13
:1028B0006773203C6E3E0D0A2424202D206F757412
:1028C00070757420616C6C2073657474696E672018
:1028D00076616C7565730D0A24243D3C6E3E202D97
:1028E000206F75747075742073657474696E6720D9
:1028F00064657461696C7320666F722073657474AB
:10290000696E67203C6E3E002B0000006F7574708E
:10291000757420616C6C2073657474696E672076C1
:10292000616C7565730000005345440024534544B1
:102930003D3C6E3E202D206F75747075742073655C
:102940007474696E67732064657363726970746907
:102950006F6E20666F722073657474696E67203CB9
:102960006E3E0000530000004F000000656E616283
:102970006C6520636865636B206D6F64652C203C1B
:1029800052657365743E20746F2065786974000029
:10299000756E6C6F636B206D616368696E650000B6
:1029A0004858000048590000485A00004853530056
:1029B0007265706F727420686F6D696E67207377CF
:1029C00069746368657320737461747573000000C3
:1029D0002448454C50202D206F7574707574206804
:1029E000656C7020746F706963730D0A2448454CE0
:1029F00050203C746F7069633E202D206F75747099
:102A000075742068656C7020666F72203C746F70FE
:102A100069633E005350494E444C4553000000004A
:102A2000656E756D6572617465207370696E646C36
:102A300065732C2068756D616E20726561646162DA
:102A40006C6500005350494E444C4553480000000B
:102A5000656E756D6572617465207370696E646C06
:102A600065732C206D616368696E652072656164B1
:102A700061626C6500000000534C5000656E746527
:102A80007220736C656570206D6F646500000000D6
:102A9000544C520073657420746F6F6C206F6666BF
:102AA000736574207265666572656E63650000000B
:102AB0005450570070726F626520746F6F6C207095
:102AC0006C61746500000000490000006F7574704F
:102AD00075742073797374656D20696E666F726D9D
:102AE0006174696F6E0D0A24493D3C737472696E9E
:102AF000673E202D20736574206275696C642069BF
:102B00006E666F20737472696E670000492B000057
:102B10006F757470757420657874656E6465642073
:102B200073797374656D20696E666F726D61746917
:102B30006F6E0000525354004E0000006F757470A9
:102B400075742073746172747570206C696E65732E
:102B5000000000004E3000004E303D3C67636F6463
:102B6000653E202D207365742073746172747570D6
:102B7000206C696E652030004E3100004E313D3CC6
:102B800067636F64653E202D2073657420737461E4
:102B900072747570206C696E6520310045410000CB
:102BA000656E756D657261746520616C61726D73BF
:102BB0000000000045414700656E756D65726174E7
:102BC0006520616C61726D732C204772626C2066A7
:102BD0006F726D617474656400000000454500000B
:102BE000656E756D6572617465207374617475735B
:102BF00020636F646573000045454700656E756D21
:102C000065726174652073746174757320636F6499
:102C100065732C204772626C20666F726D617474EC
:102C20006564000045470000656E756D65726174EE
:102C3000652073657474696E672067726F75707351
:102C40000000000045530000656E756D657261748B
:102C5000652073657474696E67730000455347009F
:102C6000656E756D65726174652073657474696EE7
:102C700067732C204772626C20666F726D6174748A
:102C80006564000045534800656E756D657261743A
:102C9000652073657474696E67732C206772626C4B
:102CA00048414C20666F726D617474656400000069
:102CB000452A0000656E756D657261746520616CF2
:102CC00061726D732C2073746174757320636F640B
:102CD000657320616E642073657474696E67730038
:102CE00050494E530000000050494E535441544542
:102CF000000000004C4556006F7574707574206CB0
:102D000061737420636F6E74726F6C207369676E89
:102D1000616C206576656E74730000004C494D004F
:102D20006F75747075742063757272656E74206C43
:102D3000696D69742070696E73000000534400006F
:102D400053520000534453005254430044574E47DB
:102D500052440000746F67676C6520736574746912
:102D60006E6720666C61677320666F7220646F7790
:102D70006E677261646500000D0A4772626C4841BB
:102D80004C20312E3166205B272427206F722027AC
:102D90002448454C502720666F722068656C705D32
:102DA0000D0A00005B484C503A24242024232024A0
:102DB0004720244920244E2024783D76616C20242D
:102DC0004E783D6C696E6520244A3D6C696E6520C5
:102DD00024534C50202443202458202448202442AB
:102DE000207E2021203F206374726C2D785D0D0AB7
:102DF00000000000220000002D0000005B5350493D
:102E00004E444C453A0000005D0D0A00414C4152D1
:102E10004D3A00004E2F41002020202000000000ED
:102E2000202800000D0A0D0A5265626F6F7420722F
:102E3000657175697265642E000000002C20726552
:102E4000626F6F742072657175697265640000004D
:102E50005C6E5C6E4E4F54453A204120686172644E
:102E6000207265736574206F662074686520636FD7
:102E70006E74726F6C6C6572206973207265717507
:102E800069726564206166746572206368616E674B
:102E9000696E6720746869732073657474696E67FE
:102EA0002E0000000D0A24002061732061786973F0
:102EB0006D61736B0000000020617320626F6F6CA6
:102EC00065616E00206173206269746669656C6477
:102ED0003A000000206173206269746669656C6461
:102EE0002077686572652073657474696E67206207
:102EF0006974203020656E61626C6573207468654A
:102F000020726573743A000020617320495020617B
:102F1000646472657373000020696E200000000015
:102F20002C2072616E67653A200000002C206D69CC
:102F30006E3A20002C206D61783A20005C6E000013
:102F40000D0A0D0A000000005B53455454494E47DA
:102F50003A0000005D000000222C00000900000083
:102F6000696E746567657200666C6F61740000005D
:102F7000626F6F6C000000006269746669656C6462
:102F800000000000786269746669656C6400000086
:102F9000726164696F627574746F6E730000000013
:102FA000697076340000000070617373776F72642B
:102FB00000000000617865730000000022242D43AA
:102FC0006F6465222C222053657474696E67222C0D
:102FD0002220556E697473222C2220536574746903
:102FE0006E67204465736372697074696F6E220D39
:102FF0000A000000242D436F6465095365747469E9
:103000006E6709556E6974730944617461747970EF
:1030100065094461746120666F726D61740953655E
:103020007474696E67204465736372697074696F44
:103030006E094D696E094D61780D0A000D0A2D2D3E
:103040002D2D20003A0D0A005B50494E3A00000039
:103050003D0000003D4E2F410D0A00006F6B0D0A30
:10306000000000006572726F723A00005B534554B5
:1030700054494E4747524F55503A00005B4D534715
:103080003A000000496E666F3A2000005761726E88
:10309000696E673A200000004572726F723A200034
:1030A00044656275673A20005B414C41524D434F85
:1030B00044453A005B4552524F52434F44453A0013
:1030C0005B504C5547494E3A000000002076000006
:1030D0005B5052423A0000005B484F4D453A0000B9
:1030E0005B544C4F3A0000005B504152414D3A0056
:1030F0003D4E2F41000000005B4735313A00000093
:103100005B47000039323A00323800005B543A0025
:103110005B544C523A0000002047370020473800EB
:10312000204732300000000020473231000000000C
:1031300020473931000000002047393000000000EE
:1031400020473937000000002047393600000000D2
:103150002E3100002E3200002047393900000000D7
:1031600020473938000000005B47433A4700000021
:1031700033382E002047393200000000204700007D
:10318000204734390000000020473433000000009D
:10319000204735313A00000020473530000000005C
:1031A000204D3000204D3100204D3200204D333075
:1031B00000000000204D363000000000204D380097
:1031C000204D3900204D353000000000204D3531B4
:1031D00000000000204D353300000000204D353642
:1031E0000000000020540000204600002053000092
:1031F000244E00003E0000002B2C00002D2C00006F
:103200004154433D302C000054432C004154433D75
:10321000312C0000454550524F4D0000464C415363
:10322000480000004652414D000000005B564552E8
:103230003A312E31662E00005B4F50543A000000A8
:103240005B4158533A0000005B4E45574F50543A8B
:10325000454E554D532C525400000000484F4D45EB
:103260002C0000004E4F50524F42452C00000000F1
:1032700050524F4245533D0050432C004F532C00B9
:1032800042442C0045532C004D50472C00000000B8
:103290004C415448452C00005050492C000000007F
:1032A0005245424F4F542C0053532C005345442C4D
:1032B000000000005254432C0000000043414E2CFB
:1032C000000000005B4649524D574152453A677233
:1032D000626C48414C5D0D0A000000005B53494799
:1032E0004E414C533A0000005B4E56532053544F0E
:1032F000524147453A0000002A0000004B00000000
:103300005B46524545204D454D4F52593A0000000D
:103310004B5D0D0A000000005B4452495645523A8D
:10332000000000005B445249564552205645525316
:10333000494F4E3A000000005B4452495645522026
:103340004F5054494F4E533A000000005B424F41EA
:1033500052443A005B4D415820535445502052414D
:1033600054453A0020487A5D0D0A00007C4D506FAC
:10337000733A00007C57506F733A00007C41523A18
:10338000000000007C4152007C4D50473A31000063
:103390007C4D50473A3000007C443A310000000038
:1033A0007C443A30000000003C00000049646C6539
:1033B0000000000052756E003A320000486F6C64E5
:1033C0003A0000004A6F6700486F6D65000000001A
:1033D000416C61726D3A0000416C61726D000000D9
:1033E000436865636B000000446F6F723A00000031
:1033F000536C656570000000546F6F6C0000000036
:103400007C42663A000000007C4C6E3A00000000EE
:103410007C46533A000000007C463A007C506E3AED
:10342000000000007C57434F3A0000007C57435394
:103430003A0000007C4F763A000000007C53633A6B
:10344000000000007C483A007C543A007C503A006E
:103450007C544C523A0000007C496E3A0000000057
:103460007C496E3A2D3100007C46573A6772626C97
:1034700048414C007C24433A310000003E0D0A00D4
:103480005B53455454494E4744455343523A000018
:1034900022416C61726D20436F646520696E2076F5
:1034A000312E312B222C2220416C61726D204D6512
:1034B000737361676520696E2076312E302D222C62
:1034C0002220416C61726D2044657363726970746F
:1034D000696F6E220D0A0000224572726F722043DE
:1034E0006F646520696E2076312E312B222C2245A7
:1034F00072726F72204D65737361676520696E200B
:1035000076312E302D222C224572726F7220446546
:10351000736372697074696F6E220D0A0000000097
:1035200048656C7020746F706963733A0D0A00000F
:1035300020436F6D6D616E64730D0A0020536574D6
:1035400074696E67730D0A00434F4D4D414E4453ED
:103550000000000053455454494E475300000000FA
:103560000D0A4E2F410D0A005B4C41535445564500
:103570004E54533A000000005B4C494D4954533AB5
:10358000000000003A4800003A4C00005B484F4DF4
:1035900045533A005B5350494E444C45454E434FCA
:1035A0004445523A000000005B5254433A00000088
:1035B000540000004E6F207370696E646C65732058
:1035C000726567697374657265642E0D0A00000088
:1035D0005B4D4F544F525741524E494E473A0000AF
:1035E0005B4D4F544F524641554C543A0000000039
:1035F00052657365740000004665656420686F6CF1
:10360000640000004379636C652073746172740018
:10361000426C6F636B2064656C657465000000002C
:1036200053746F702064697361626C650000000000
:10363000456D657267656E63792073746F70000005
:1036400050726F626520646973636F6E6E65637438
:10365000000000004D6F746F72206661756C74001D
:103660004D6F746F72207761726E696E6700000033
:103670004C696D697473206F766572726964650058
:1036800053696E676C6520626C6F636B00000000AD
:1036900050726F6265206F76657274726176656CC8
:1036A0000000000050726F626500000058206D6FCE
:1036B000746F72206661756C7400000059206D6F24
:1036C000746F72206661756C740000005A206D6F13
:1036D000746F72206661756C7400000058206D6F05
:1036E000746F72206661756C7420320059206D6FA2
:1036F000746F72206661756C742032005A206D6F91
:10370000746F72206661756C7420320050726F6243
:103710006520320050726F62652032206F766572CC
:1037200074726176656C0000546F6F6C73657474AD
:1037300065720000546F6F6C736574746572206FEE
:1037400076657274726176656C0000004D5047209A
:103750006D6F64652073656C6563740058206C69D7
:103760006D6974206D696E0058206C696D697420F4
:103770006D696E203200000058206C696D697420FC
:103780006D6178005820686F6D6500005820686F83
:103790006D6520320000000059206C696D6974204D
:1037A0006D696E0059206C696D6974206D696E20B9
:1037B0003200000059206C696D6974206D617800D9
:1037C0005920686F6D6500005920686F6D65203263
:1037D000000000005A206C696D6974206D696E00EC
:1037E0005A206C696D6974206D696E20320000008A
:1037F0005A206C696D6974206D6178005A20686F79
:103800006D6500005A20686F6D6520320000000071
:103810005370696E646C6520696E646578000000A1
:103820005370696E646C652070756C736500000080
:1038300041757820696E20300000000041757820C5
:10384000696E20310000000041757820696E2032D9
:103850000000000041757820696E203300000000F0
:1038600041757820696E2034000000004175782091
:10387000696E20350000000041757820696E2036A1
:103880000000000041757820696E203700000000BC
:1038900041757820696E203800000000417578205D
:1038A000696E20390000000041757820696E203172
:1038B0003000000041757820696E20313100000031
:1038C00041757820696E2031320000004175782002
:1038D000696E20313300000041757820696E203117
:1038E0003400000041757820696E203135000000F9
:1038F00041757820696E20313600000041757820CE
:10390000696E20313700000041757820696E2031E2
:103910003800000041757820696E203139000000C0
:1039200041757820696E20323000000041757820A2
:10393000696E20323100000041757820696E2032B6
:103940003200000041757820696E2032330000009B
:1039500041757820616E616C6F6720696E20300060
:1039600041757820616E616C6F6720696E2031004F
:1039700041757820616E616C6F6720696E2032003E
:1039800041757820616E616C6F6720696E2033002D
:1039900041757820616E616C6F6720696E2034001C
:1039A00041757820616E616C6F6720696E2035000B
:1039B00041757820616E616C6F6720696E203600FA
:1039C00041757820616E616C6F6720696E203700E9
:1039D000582073746570000058322073746570004D
:1039E000592073746570000059322073746570003B
:1039F0005A207374657000005A3220737465700029
:103A00005820646972000000583220646972000016
:103A10005920646972000000593220646972000004
:103A20005A206469720000005A32206469720000F2
:103A30005374657070657220706F77657200000056
:103A4000537465707065727320656E61626C650099
:103A50005820656E61626C65000000005920656E3B
:103A600061626C65000000005A20656E61626C65E1
:103A700000000000585920656E61626C650000000E
:103A80004D6F746F72204353000000004D6F746FD0
:103A900072204353580000004D6F746F72204353DF
:103AA000590000004D6F746F722043535A0000009C
:103AB0004D6F746F722043534D3300004D6F746F20
:103AC000722043534D3400004D6F746F7220435386
:103AD0004D3500004D6F746F722043534D3600001A
:103AE0004D6F746F722043534D3700005370696EF1
:103AF000646C65206F6E00005370696E646C6520A5
:103B0000646972656374696F6E0000005370696E5A
:103B1000646C652050574D005370696E646C65206D
:103B200032206F6E000000005370696E646C652077
:103B30003220646972656374696F6E005370696ED8
:103B4000646C6520322050574D0000004D6973743D
:103B500000000000466C6F6F640000004175782023
:103B60006F75742030000000417578206F757420E7
:103B700031000000417578206F757420320000001C
:103B8000417578206F7574203300000041757820EE
:103B90006F75742034000000417578206F757420B3
:103BA00035000000417578206F75742036000000E4
:103BB000417578206F7574203700000041757820BA
:103BC0006F75742038000000417578206F7574207F
:103BD00039000000417578206F7574203130000085
:103BE000417578206F75742031310000417578205F
:103BF0006F75742031320000417578206F75742024
:103C000031330000417578206F7574203134000025
:103C1000417578206F75742031350000417578202A
:103C20006F75742031360000417578206F757420EF
:103C300031370000417578206F75742031380000ED
:103C4000417578206F7574203139000041757820F6
:103C50006F75742032300000417578206F757420C4
:103C600032310000417578206F75742032320000C7
:103C7000417578206F7574203233000041757820CB
:103C8000616E616C6F67206F7574203000000000FA
:103C900041757820616E616C6F67206F757420319B
:103CA0000000000041757820616E616C6F67206FC5
:103CB000757420320000000041757820616E616CDF
:103CC0006F67206F75742033000000004175782005
:103CD000616E616C6F67206F7574203400000000A6
:103CE00041757820616E616C6F67206F7574203547
:103CF0000000000041757820616E616C6F67206F75
:103D0000757420360000000041757820616E616C8A
:103D10006F67206F75742037000000004C45440029
:103D20004C454420520000004C4544204700000010
:103D30004C454420420000004C4544205700000000
:103D40004C45442061647265737361626C65000068
:103D50004C45442061647265737361626C65203107
:103D600000000000436F50726F63205265736574EA
:103D700000000000436F50726F6320426F6F743019
:103D8000000000004D49534F000000004D4F5349C3
:103D90000000000053504920434C4B005350492031
:103DA00043530000466C61736820435300000000D9
:103DB00053442063617264204353000053442063E2
:103DC0006172642064657465637400005350492017
:103DD00072657365740000005350492049525100C8
:103DE0004932432053434B0049324320534441005E
:103DF0004B6579706164207374726F6265000000B6
:103E0000493243207374726F62650000525800009B
:103E100054580000525453005145492041000000BD
:103E200051454920420000005145492073656C65A9
:103E30006374000051454920696E64657800000094
:103E40005669727475616C005541525420580000D7
:103E5000554152542059000055415254205A0000F7
:103E600055415254204D330055415254204D340099
:103E700055415254204D350055415254204D360085
:103E800055415254204D370053455249414C20531F
:103E9000545245414D2041435449564500000000CD
:103EA00054454C4E45542053545245414D204143B6
:103EB0005449564500000000574542534F434B4577
:103EC000542053545245414D2041435449564500D6
:103ED000424C5545544F4F54482053545245414D40
:103EE00020414354495645005072696D61727920F2
:103EF00055415254000000004E554C4C000000004B
:103F000053657474696E677320777269746520668F
:103F100061696C65642100004E6F7420656E6F7579
:103F20006768206865617020666F72204E56532066
:103F300062756666657221005F766D616A6F7200F8
:103F40005F766D696E6F72005F6C696E6500000070
:103F50005F6D6F74696F6E5F6D6F64650000000068
:103F60005F706C616E6500005F63636F6D70000071
:103F70005F6D6574726963005F696D706572696118
:103F80006C0000005F6162736F6C75746500000007
:103F90005F696E6372656D656E74616C0000000030
:103FA0005F696E76657273655F74696D65000000A8
:103FB0005F756E6974735F7065725F6D696E75743D
:103FC000650000005F756E6974735F7065725F7283
:103FD000657600005F636F6F72645F7379737465F9
:103FE0006D0000005F746F6F6C5F6F666673657461
:103FF000000000005F726574726163745F725F70CD
:104000006C616E65000000005F72657472616374BC
:104010005F6F6C645F7A00005F7370696E646C65DB
:104020005F72706D5F6D6F64650000005F73706933
:104030006E646C655F6373735F6D6F646500000031
:104040005F696A6B5F6162736F6C7574655F6D6FDA
:10405000646500005F6C617468655F6469616D65CB
:104060007465725F6D6F6465000000005F6C617461
:1040700068655F7261646975735F6D6F6465000088
:104080005F7370696E646C655F6F6E005F737069FB
:104090006E646C655F6377005F6D69737400000028
:1040A0005F666C6F6F6400005F73706565645F6F5F
:1040B00076657272696465005F666565645F6F76D8
:1040C00065727269646500005F616461707469762D
:1040D000655F6665656400005F666565645F686F5F
:1040E0006C6400005F666565640000005F72706D5F
:1040F000000000005F6162735F7800005F616273BF
:104100005F7900005F6162735F7A00005F616273D4
:104110005F6100005F6162735F6200005F616273F4
:104120005F6300005F6162735F7500005F616273CF
:104130005F7600005F6162735F7700005F63757296
:1041400072656E745F746F6F6C0000005F637572F0
:1041500072656E745F706F636B6574005F73656C1E
:1041600065637465645F746F6F6C00005F73656C8A
:1041700065637465645F706F636B65740000000055
:104180005F63616C6C5F6C6576656C005F70726F0D
:1041900062655F7374617465000000005F746F6F27
:1041A0006C7365747465725F73746174650000008C
:1041B0005F686F6D65645F73746174650000000013
:1041C0005F686F6D65645F6178657300472D636F2D
:1041D000646520776F72647320636F6E73697374A4
:1041E000206F662061206C657474657220616E6456
:1041F00020612076616C75652E204C657474657243
:1042000020776173206E6F7420666F756E642E0068
:104210004D697373696E6720746865206578706591
:104220006374656420472D636F646520776F7264E3
:104230002076616C7565206F72206E756D65726990
:10424000632076616C756520666F726D617420699C
:1042500073206E6F742076616C69642E000000001C
:104260002724272073797374656D20636F6D6D61EA
:104270006E6420776173206E6F74207265636F6760
:104280006E697A6564206F7220737570706F7274D6
:1042900065642E004E656761746976652076616C91
:1042A000756520726563656976656420666F722046
:1042B000616E20657870656374656420706F7369E2
:1042C000746976652076616C75652E00486F6D693E
:1042D0006E67206379636C65206661696C757265D1
:1042E0002E20486F6D696E67206973206E6F742091
:1042F000636F6E66696775726564207669612073A5
:10430000657474696E67732E0000000053746570E5
:104310002070756C73652074696D65206D7573749C
:104320002062652067726561746572206F72206516
:104330007175616C20746F2032206D6963726F73C8
:1043400065636F6E64732E00412073657474696ECB
:1043500067732072656164206661696C65642E20F4
:104360004175746F2D726573746F72696E67206129
:10437000666665637465642073657474696E6773DB
:1043800020746F2064656661756C742076616C754D
:1043900065732E0027242720636F6D6D616E642086
:1043A00063616E6E6F74206265207573656420753D
:1043B0006E6C65737320636F6E74726F6C6C657274
:1043C0002073746174652069732049444C452E2024
:1043D000456E737572657320736D6F6F7468206FAF
:1043E0007065726174696F6E20647572696E6720A2
:1043F00061206A6F622E0000472D636F6465206341
:104400006F6D6D616E647320617265206C6F636B9C
:104410006564206F757420647572696E6720616CC5
:1044200061726D206F72206A6F67207374617465AA
:104430002E000000536F6674206C696D69747320E0
:1044400063616E6E6F7420626520656E61626C657B
:104450006420776974686F757420686F6D696E6722
:1044600020616C736F20656E61626C65642E000064
:104470004D61782063686172616374657273207046
:104480006572206C696E6520657863656564656436
:104490002E20526563656976656420636F6D6D617A
:1044A0006E64206C696E6520776173206E6F742076
:1044B00065786563757465642E00000027242720E5
:1044C00073657474696E672076616C7565206361CD
:1044D00075736520746865207374657020726174EB
:1044E0006520746F20657863656564207468652055
:1044F0006D6178696D756D20737570706F7274651C
:10450000642E000053616665747920646F6F7220B9
:104510006465746563746564206173206F70656E93
:10452000656420616E6420646F6F722073746174BF
:104530006520696E697469617465642E000000000D
:104540004275696C6420696E666F206F72207374A7
:104550006172747570206C696E652065786365653D
:10456000646564206C696E65206C656E6774682094
:104570006C696D69742E204C696E65206E6F7420B5
:1045800073746F7265642E004A6F6720746172677E
:1045900065742065786365656473206D616368691F
:1045A0006E652074726176656C2E204A6F67206399
:1045B0006F6D6D616E6420686173206265656E2049
:1045C00069676E6F7265642E000000004A6F672095
:1045D000636F6D6D616E6420686173206E6F20275C
:1045E0003D27206F7220636F6E7461696E73207057
:1045F000726F6869626974656420672D636F6465B2
:104600002E0000004C61736572206D6F646520722E
:10461000657175697265732050574D206F757470A0
:1046200075742E00526573657420617373657274BE
:10463000656400004E6F6E20706F736974697665F3
:104640002076616C75650000556E737570706F72C1
:10465000746564206F7220696E76616C696420678E
:104660002D636F646520636F6D6D616E6420666F8E
:10467000756E6420696E20626C6F636B2E000000A3
:104680004D6F7265207468616E206F6E6520672DB6
:10469000636F646520636F6D6D616E642066726F19
:1046A0006D2073616D65206D6F64616C2067726F42
:1046B000757020666F756E6420696E20626C6F6322
:1046C0006B2E000046656564207261746520686128
:1046D00073206E6F7420796574206265656E207337
:1046E0006574206F7220697320756E646566696EEB
:1046F00065642E00472D636F646520636F6D6D6187
:104700006E6420696E20626C6F636B2072657175D8
:104710006972657320616E20696E746567657220C9
:1047200076616C75652E00004D6F7265207468614E
:104730006E206F6E6520672D636F646520636F6DFB
:104740006D616E6420746861742072657175697240
:104750006573206178697320776F72647320666F68
:10476000756E6420696E20626C6F636B2E000000B2
:10477000526570656174656420672D636F646520A0
:10478000776F726420666F756E6420696E20626C4C
:104790006F636B2E000000004E6F206178697320FC
:1047A000776F72647320666F756E6420696E206225
:1047B0006C6F636B20666F7220672D636F6465207A
:1047C000636F6D6D616E64206F72206375727265C8
:1047D0006E74206D6F64616C2073746174652077F2
:1047E00068696368207265717569726573207468A1
:1047F000656D2E004C696E65206E756D6265722068
:1048000076616C756520697320696E76616C696488
:104810002E000000472D636F646520636F6D6D612E
:104820006E64206973206D697373696E67206120FF
:1048300072657175697265642076616C7565207743
:104840006F72642E000000004735392E7820776F94
:10485000726B20636F6F7264696E61746520737927
:104860007374656D7320617265206E6F742073754B
:1048700070706F727465642E00000000473533203D
:104880006F6E6C7920616C6C6F77656420776974EA
:104890006820473020616E64204731206D6F746955
:1048A0006F6E206D6F6465732E0000004178697330
:1048B00020776F72647320666F756E6420696E2056
:1048C000626C6F636B207768656E206E6F20636F1C
:1048D0006D6D616E64206F722063757272656E74A7
:1048E000206D6F64616C20737461746520757365ED
:1048F00073207468656D2E00473220616E64204716
:10490000332061726373207265717569726520610D
:1049100074206C65617374206F6E6520696E2D70F4
:104920006C616E65206178697320776F72642E0008
:104930004D6F74696F6E20636F6D6D616E6420746E
:10494000617267657420697320696E76616C696451
:104950002E000000417263207261646975732076D5
:10496000616C756520697320696E76616C69642E6F
:1049700000000000473220616E64204733206172DE
:1049800063732072657175697265206174206C654E
:10499000617374206F6E6520696E2D706C616E6539
:1049A000206F666673657420776F72642E00000056
:1049B000556E757365642076616C756520776F72CE
:1049C000647320666F756E6420696E20626C6F631D
:1049D0006B2E00004734332E312064796E616D698F
:1049E0006320746F6F6C206C656E677468206F66EF
:1049F00066736574206973206E6F742061737369C8
:104A0000676E656420746F20636F6E666967757288
:104A1000656420746F6F6C206C656E6774682061CC
:104A20007869732E00000000546F6F6C206E756DF6
:104A30006265722067726561746572207468616E68
:104A4000206D617820737570706F72746564207664
:104A5000616C7565206F7220756E646566696E6540
:104A60006420746F6F6C2073656C65637465642E6D
:104A70000000000056616C7565206F7574206F66CC
:104A80002072616E67652E00472D636F6465206339
:104A90006F6D6D616E64206E6F7420616C6C6F77EA
:104AA0006564207768656E20746F6F6C2063686141
:104AB0006E67652069732070656E64696E672E008D
:104AC0005370696E646C65206E6F742072756E6EC3
:104AD000696E67207768656E206D6F74696F6E20F0
:104AE000636F6D6D616E64656420696E204353531E
:104AF000206F72207370696E646C652073796E63C9
:104B0000206D6F64652E0000506C616E65206D75C0
:104B10007374206265205A5820666F722074687220
:104B2000656164696E672E004D61782E206665654B
:104B30006420726174652065786365656465642EC0
:104B40000000000052504D206F7574206F66207277
:104B5000616E67652E0000004F6E6C7920686F6D86
:104B6000696E6720697320616C6C6F77656420776C
:104B700068656E2061206C696D6974207377697453
:104B8000636820697320656E67616765642E000045
:104B9000486F6D65206D616368696E6520746F2074
:104BA000636F6E74696E75652E0000004154433A60
:104BB0002063757272656E7420746F6F6C206973F8
:104BC000206E6F74207365742E2053657420637596
:104BD0007272656E7420746F6F6C207769746820D0
:104BE0004D36312E0000000056616C756520776FE0
:104BF000726420636F6E666C6963742E000000003F
:104C0000506F776572206F6E2073656C66207465D7
:104C10007374206661696C65642E2041206861723E
:104C2000642072657365742069732072657175699B
:104C30007265642E00000000456D657267656E63E5
:104C4000792073746F70206163746976652E00003B
:104C50004D6F746F72206661756C742E00000000D9
:104C600053657474696E672076616C75652069732D
:104C7000206F7574206F662072616E67652E00006C
:104C800053657474696E67206973206E6F74206158
:104C90007661696C61626C652C20706F73736962F8
:104CA0006C792064756520746F206C696D6974651A
:104CB000642064726976657220737570706F7274A7
:104CC0002E0000005265747261637420706F736906
:104CD00074696F6E206973206C65737320746861EA
:104CE0006E206472696C6C2064657074682E0000BC
:104CF000417474656D707420746F20686F6D6520E9
:104D000074776F206175746F20737175617265645B
:104D10002061786573206174207468652073616D0B
:104D2000652074696D652E00436F6F7264696E61F2
:104D300074652073797374656D206973206C6F637B
:104D40006B65642E00000000556E657870656374B5
:104D500065642066696C652064656D617263617469
:104D6000696F6E2E0000000041757468656E74698D
:104D7000636174696F6E2072657175697265642E06
:104D8000000000004163636573732064656E6965AC
:104D9000642E00004E6F7420616C6C6F7765642028
:104DA0007768696C6520637269746963616C2065FA
:104DB00076656E74206973206163746976652E0070
:104DC000436F756C64206E6F74206F70656E206623
:104DD000696C652E0000000055736572206465667D
:104DE000696E6564206572726F72206F636375729D
:104DF00065642E0048617264206C696D6974206876
:104E00006173206265656E2074726967676572659B
:104E1000642E204D616368696E6520706F736974DC
:104E2000696F6E206973206C696B656C79206C6F9B
:104E300073742064756520746F2073756464656E87
:104E40002068616C742E2052652D686F6D696E67E5
:104E500020697320686967686C79207265636F6D7B
:104E60006D656E6465642E00536F6674206C696DA9
:104E7000697420616C61726D2E20472D636F6465CB
:104E8000206D6F74696F6E20746172676574206540
:104E9000786365656473206D616368696E6520740D
:104EA000726176656C2E204D616368696E65207055
:104EB0006F736974696F6E2072657461696E656481
:104EC0002E20416C61726D206D61792062652073C6
:104ED0006166656C7920756E6C6F636B65642E001E
:104EE00052657365742F452D73746F7020776869F0
:104EF0006C6520696E206D6F74696F6E2E204D6138
:104F00006368696E6520706F736974696F6E20697C
:104F100073206C696B656C79206C6F737420647599
:104F20006520746F2073756464656E2068616C74AD
:104F30002E2052652D686F6D696E67206973206839
:104F40006967686C79207265636F6D6D656E646505
:104F5000642E000050726F6265206661696C2E20BD
:104F600050726F6265206973206E6F7420696E20C5
:104F700074686520657870656374656420696E691E
:104F80007469616C207374617465206265666F7208
:104F900065207374617274696E672070726F6265E8
:104FA000206379636C65207768656E204733382EFF
:104FB0003220616E64204733382E33206973206EAF
:104FC0006F742074726967676572656420616E64CE
:104FD000204733382E3420616E64204733382E3515
:104FE000206973207472696767657265642E0000BA
:104FF00050726F6265206661696C2E2050726F621C
:105000006520646964206E6F7420636F6E746163E1
:10501000742074686520776F726B706965636520B2
:1050200077697468696E207468652070726F677242
:10503000616D6D65642074726176656C20666F7257
:10504000204733382E3220616E64204733382E34A7
:105050002E000000486F6D696E67206661696C2ED6
:10506000205468652061637469766520686F6D6996
:105070006E67206379636C65207761732072657356
:1050800065742E00486F6D696E67206661696C2ECD
:105090002053616665747920646F6F722077617345
:1050A000206F70656E656420647572696E67206834
:1050B0006F6D696E67206379636C652E0000000078
:1050C000486F6D696E67206661696C2E2050756C43
:1050D0006C206F66662074726176656C206661690B
:1050E0006C656420746F20636C656172206C696DFF
:1050F0006974207377697463682E2054727920690B
:105100006E6372656173696E672070756C6C2D6F6C
:1051100066662073657474696E67206F72206368B9
:1051200065636B20776972696E672E00486F6D69E1
:105130006E67206661696C2E20436F756C64206E0B
:105140006F742066696E64206C696D697420737772
:10515000697463682077697468696E207365617229
:1051600063682064697374616E6365732E20547282
:105170007920696E6372656173696E67206D61780D
:105180002074726176656C2C20646563726561734E
:10519000696E672070756C6C2D6F6666206469732C
:1051A00074616E63652C206F7220636865636B2089
:1051B000776972696E672E004553746F7020617352
:1051C0007365727465642E20436C65617220616E34
:1051D0006420726573657400486F6D696E67207234
:1051E000657175697265642E2045786563757465AF
:1051F00020686F6D696E6720636F6D6D616E6420EE
:105200002824482920746F20636F6E74696E756559
:105210002E0000004C696D697420737769746368AF
:1052200020656E67616765642E20436C656172203E
:105230006265666F726520636F6E74696E75696E04
:10524000672E000050726F62652070726F74656324
:1052500074696F6E207472696767657265642E2069
:10526000436C656172206265666F726520636F6E64
:1052700074696E75696E672E000000005370696E68
:10528000646C652061742073706565642074696D59
:10529000656F75742E20436C656172206265666F60
:1052A000726520636F6E74696E75696E672E00009B
:1052B000486F6D696E67206661696C2E20436F755B
:1052C0006C64206E6F742066696E64207365636F12
:1052D0006E64206C696D69742073776974636820EB
:1052E000666F72206175746F207371756172656489
:1052F00020617869732077697468696E20736561CD
:105300007263682064697374616E6365732E2054E0
:10531000727920696E6372656173696E67206D6171
:10532000782074726176656C2C20646563726561A7
:1053300073696E672070756C6C2D6F66662064698A
:105340007374616E63652C206F7220636865636B94
:1053500020776972696E672E00000000506F7765D4
:1053600072206F6E2073656C6674657374202850AC
:105370004F5329206661696C65642E00486F6D6922
:105380006E67206661696C2E2042616420636F6ED7
:1053900066696775726174696F6E2E005265736518
:1053A0007420746F20636F6E74696E756500000001
:1053B000272448277C2724582720746F20756E6C7B
:1053C0006F636B0043617574696F6E3A20556E6C44
:1053D0006F636B6564000000456E61626C6564001C
:1053E00044697361626C6564000000004368656332
:1053F0006B20446F6F720000436865636B204C69DB
:105400006D6974730000000050676D20456E640084
:10541000526573746F72696E672064656661756C3E
:1054200074730000526573746F72696E67207370D5
:10543000696E646C65000000536C656570696E6729
:1054400000000000456D657267656E6379207374B6
:105450006F70202D20636C6561722C207468656EFE
:1054600020726573657420746F20636F6E74696E4B
:1054700075650000486F6D696E67206379636C65C0
:105480002072657175697265640000005072657301
:1054900073206379636C6520737461727420746F18
:1054A00020726572756E206A6F62000052656665D3
:1054B00072656E636520746F6F6C206C656E6774C7
:1054C00068206F66667365742065737461626C69C9
:1054D00073686564000000004D6F746F7220666130
:1054E000756C74202D20636C6561722C2074686566
:1054F0006E20726573657420746F20636F6E7469BB
:105500006E7565005072657373206379636C6520F6
:10551000737461727420746F20636F6E74696E753A
:10552000652E000052656D6F766520616E7920747E
:105530006F75636820706C61746520616E642070A3
:1055400072657373206379636C6520737461727420
:1055500020746F20636F6E74696E75652E00000095
:1055600050726F6265206661696C65642C2074728C
:105570007920616761696E2E0000000050657266D7
:105580006F726D20612070726F6265207769746838
:105590002024545057206669727374210000000063
:1055A00050726F62652070726F74656374696F6E9C
:1055B000206163746976617465642E00507265734E
:1055C00073206379636C6520737461727420746FE7
:1055D00020706F736974696F6E20666F7220746FCC
:1055E0007563682D6F66662E0000000050494F00FD
:1055F0005352382E000000005B4D53473A576172FA
:105600006E696E673A20456E746572696E672055E3
:10561000463220426F6F746C6F616465725D0D0A73
:1056200000000000302E303100000000426F6F7427
:105630006C6F6164657220456E74727900000000C1
:1056400052503233353000003235303730360000BA
:1056500053444B5F322E322E300000006874747059
:10566000733A2F2F6769746875622E636F6D2F67A9
:1056700072626C48414C2F5250323034300000007E
:10568000457841726D205069636F32427265616B7B
:105690006F75742028332D4178697329000000004C
:1056A00068747470733A2F2F6769746875622E631B
:1056B0006F6D2F796F75722D7265706F2F726F62BB
:1056C0006F745F61726D5F636F6E74726F6C0000F8
:1056D00055463200656E7465722055463220626F01
:1056E0006F746C6F61646572000000000A2A2A2AD8
:1056F0002050414E4943202A2A2A0A0048617264F8
:1057000020617373657274004E6F207370696E6CE4
:105710006F636B732061726520617661696C616291
:105720006C650000486172647761726520616C612C
:10573000726D20256420616C726561647920636CF0
:1057400061696D65640000004F7574206F66206D9F
:10575000656D6F727900000052656C65617365005C
:10576000626F6F74325F773235713038300000000D
:105770007069636F320000006772626C68616C5F11
:10578000726F626F745F61726D0000004175672017
:1057900032342032303235004E6F2050494F207362
:1057A00074617465206D616368696E6573206172F0
:1057B0006520617661696C61626C6500526173702D
:1057C0006265727279205069000000005069636F51
:1057D00000000000426F61726420434443000000F7
:1057E000556E68616E646C65642049525120307852
:1057F00025780A00657020253032582077617320A3
:10580000616C726561647920617661696C61626C5A
:105810006500000043616E277420636F6E74696ECB
:1058200075652078666572206F6E20696E6163749D
:105830006976652065702025303258000000000030
:105840000000000000000000000000000000000058
:1058500000000000000000000000000034300020C4
:105860000400000038300020040000003C3000201C
:105870000400000028300020040000002C3000202C
:105880000400000030300020040000000000000090
:10589000000000009830002002000000000000001E
:1058A0000000000044300020040000000000000060
:1058B00000000000000000000000000000000000E8
:1058C000000000004C300020040000005030002098
:1058D0000400000054300020040000009C30002030
:1058E00002000000000000000000000000000000B6
:1058F00000000000000000000000000070300020E8
:105900000400000074300020040000007830002003
:1059100004000000000000002CF60110010000004F
:105920000CF701100200000084F7011003000000D2
:10593000ACF7011004000000D8F7011005000000CA
:105940008CF8011006000000B4F8011009000000F6
:10595000D8F80110080000007CF901100A000000CE
:105960001CFA01100B00000018FB01100C000000D5
:1059700070FB01100D000000E4FB01100E000000A0
:1059800040FC01100F000000E0FC011010000000BE
:1059900014FD0110110000005CFD01101200000058
:1059A00024FE01101300000088FE01101400000006
:1059B000ECFE0110150000004CFF01101600000065
:1059C000ECFF011017000000840102101800000015
:1059D000EC010210190000003C0202101A00000045
:1059E0008C0202101B000000D80202101C000000F4
:1059F0003C0302101D000000700302101E00000096
:105A0000D00302101F00000010040210200000004C
:105A1000A00402102100000028050210220000004E
:105A20004005021023000000700502102400000051
:105A3000A005021025000000D0050210260000007D
:105A4000080602102700000030060210280000009F
:105A5000C806021029000000000702102A000000FA
:105A6000340702102B000000680702102C00000011
:105A70009C0702102D000000B80702102E00000045
:105A8000D807021032000000F407021033000000B3
:105A900024080210340000005408021035000000F1
:105AA0008408021036000000AC0802103700000025
:105AB000AC08021038000000D008021039000000C5
:105AC000140902103A000000480902103B000000CF
:105AD0008C0902103C000000C40902103D000000C7
:105AE000F80902103E000000540A02103F000000B6
:105AF000680A021040000000A80A021041000000DD
:105B0000D00A02105A000000442F02105B0000006F
:105B1000442F02105C000000442F02105F000000C0
:105B2000380B021064000000600B021065000000DA
:105B30008C0B02106E000000B40B02107800000005
:105B4000DC0B021082000000300C0210AA000000E2
:105B5000B00C0210B4000000EC010210BE00000006
:105B60003C02021054010000F80C02105501000024
:105B7000000E0210560100008010021057010000B4
:105B8000BC1002105801000014110210590100004D
:105B9000681102105A010000B01102105B010000F0
:105BA000201302105C010000581302105D01000078
:105BB0008013021080010000A81302108801000069
:105BC000EC130210890100002C1402108A0100005D
:105BD0006C1402108B010000001502108E010000F1
:105BE00020150210E101000048150210E20100003A
:105BF0008C150210E4010000A8150210E601000057
:105C0000001602101B0200003416021007020000EA
:105C1000C81602108A020000FC1602109F02000043
:105C20001C170210A102000044170210A402000079
:105C300078170210A8020000A0170210000023002D
:105C4000F81702100818021006000000A81B021026
:105C5000444D00200000000005000000E591001008
:105C6000F1A500100000000000000000010023006A
:105C700018180210281802100B0000003818021023
:105C8000000000004018021004000000BC48002082
:105C900000000000000000000000000002002300DF
:105CA000481802100000000004000000000000007E
:105CB000000000000000000004000000AC480020CC
:105CC00000000000000000000000000003002300AE
:105CD0005C1802100000000004000000000000003A
:105CE000000000000000000004000000AD4800209B
:105CF000000000000000000000000000040023007D
:105D000074180210000000000400000000000000F1
:105D1000000000000000000004000000AF48002068
:105D2000000000000000000000000000050003006B
:105D300094180210000000000400000000000000A1
:105D4000000000000000000004000000CF48002018
:105D500000000000000000000000000006000C0031
:105D6000A818021000000000010000005C160020CE
:105D7000000000000000000005000000F591001088
:105D8000319E00106D9A0010000000000700060010
:105D9000BC1802100000000000000000000000001D
:105DA000000000000000000005000000D592001077
:105DB000319E00106D9A00100000000008002300C2
:105DC000C818021000000000010000003814002074
:105DD00000000000000000000300000055920010C9
:105DE000319E00106D9A00100000000009000600AE
:105DF000E81802100000000002000000FC18021069
:105E0000000000000000000003000000F1920010FC
:105E1000319E00106D9A0010000000000A00010081
:105E20004419021000000000010000005C1902107B
:105E3000000000000000000003000000C5920010F8
:105E4000319E001000000000000000000B00010067
:105E5000381A02104C1A021006000000501A0210E4
:105E6000000000000000000004000000B84700200F
:105E70000000000000000000000000000C00010015
:105E80005C1A02104C1A021006000000501A021090
:105E9000000000000000000004000000BC470020DB
:105EA0000000000000000000000000000D000100E4
:105EB0006C1A02100000000000000000000000004A
:105EC000000000000000000005000000459A0010DE
:105ED000319E001000000000000000000E000200D3
:105EE000801A02100000000001000000841400204D
:105EF000000000000000000007000000219A0010D0
:105F0000319E00106D9A0010000000000F00050087
:105F1000981A021000000000010000005014002038
:105F20000000000000000000020000004A480020BD
:105F3000000000000000000000000000100006004B
:105F4000B01A021000000000010000005C140020E4
:105F5000000000000000000003000000C1980010D5
:105F6000319E00106D9A0010010000001100020027
:105F7000C81A021000000000010000008414002074
:105F8000000000000000000003000000519300101A
:105F9000319E00106D9A00100000000012000300F6
:105FA000E81A0210000000000400000000000000D9
:105FB000000000000000000002000000D0480020A7
:105FC00000000000000000000000000013000C00B2
:105FD000041B021000000000010000005C160020FD
:105FE0000000000000000000050000007193001098
:105FF000319E00106D9A0010000000001400030094
:10600000201B021000000000000000000000000043
:1060100000000000000000000500000005A90010BD
:10602000319E001000000000000000001500030079
:10603000341B02100000000002000000481B021088
:10604000000000000000000007000000599400104C
:10605000319E0010000000000000000016000B0040
:106060005C1B0210000000000200000074150020FC
:1060700000000000000000000700000065A80010FC
:10608000319E0010000000000000000017000B000F
:106090006C1B021000000000040000000000000063
:1060A000000000000000000004000000384900204B
:1060B00000000000000000000000000018000B00BD
:1060C000841B02109C1B021006000000A41B02107F
:1060D00000000000000000000500000039950010DD
:1060E000F1A50010000000000000000019000B00E6
:1060F000B01B02109C1B021006000000A41B021023
:1061000000000000000000000500000039950010AC
:10611000F1A5001000000000000000001A000B00B4
:10612000C81B0210281802100B000000E81B021008
:1061300000000000000000000400000034490020BE
:106140000000000000000000000000001B000B0029
:10615000EC1B02104C1A021006000000501A02102C
:10616000000000000000000005000000CDA50010A8
:10617000F1A5001000000000000000001C0001005C
:106180000C1C02104C1A021006000000501A0210DB
:10619000000000000000000002000000C0470020D6
:1061A0000000000000000000000000001D002300AF
:1061B000241C02100818021006000000A81B021080
:1061C00000000000543C021002000000B84800200B
:1061D0000000000000000000000000001E0006009B
:1061E000301C0210481C021006000000501A021059
:1061F00000000000000000000400000060480020D3
:10620000000000006D9A0010000000001F00060052
:106210004C1C0210481C021006000000501A02100C
:10622000000000000000000004000000644800209E
:10623000000000006D9A0010000000002000010026
:10624000641C02100000000003000000781C021013
:106250000000000000000000050000007998001018
:10626000319E001000000000000000002100060028
:10627000981C0210B01C021006000000B41C021092
:10628000000000000000000002000000684800203C
:10629000000000006D9A00100000000022000600BF
:1062A000BC1C0210D41C021006000000DC1C0210F2
:1062B00000000000E41C0210020000006C480020F6
:1062C000000000006D9A001000000000230006008E
:1062D000E81C0210D41C021006000000DC1C021096
:1062E00000000000E41C02100200000070480020C2
:1062F000000000006D9A001000000000240006005D
:10630000001D0210D41C021006000000DC1C02104C
:1063100000000000E41C021002000000744800208D
:10632000000000006D9A001000000000250023000E
:10633000181D021000000000040000000000000012
:106340000000000000000000030000008192001027
:10635000319E001000000000000000002600060032
:10636000341D0210000000000B000000581D021038
:106370000000000000000000020000005248002061
:10638000000000006D9A00100100000027000100CD
:10639000601D02100000000000000000000000006E
:1063A000000000000000000003000000E99400105D
:1063B000319E0010000000000000000028000E00C8
:1063C0007C1D021000000000000000000000000022
:1063D000000000000000000003000000BD94001059
:1063E000319E0010000000000000000029000D0098
:1063F000901D02100000000002000000A01D02100D
:1064000000000000000000000300000005950010DF
:10641000319E00106D9A0010000000002A000D004F
:10642000DC1D02100000000003000000EC1D021043
:10643000000000000000000002000000D54800201D
:10644000000000006D9A0010000000002B000B00FF
:10645000F41D0210000000000A000000E81B0210FA
:10646000703B0210041E0210020000003949002097
:106470000000000000000000000000002C000B00E5
:10648000081E0210000000000400000000000000D0
:1064900000000000000000000300000061980010F0
:1064A000319E001000000000000000002D000B00D5
:1064B000201E021000000000040000000000000088
:1064C00000000000000000000300000061980010C0
:1064D000319E001000000000000000002E000B00A4
:1064E0003C1E02100000000004000000000000003C
:1064F0000000000000000000030000006198001090
:10650000319E0010000000000000000038000D0067
:10651000541E02104C1A021006000000701E0210D9
:10652000000000000000000002000000E44800201D
:10653000000000006D9A00100000000039000D00FE
:10654000781E02109C1B021006000000701E021034
:10655000000000000000000002000000E0480020F1
:10656000000000006D9A0010000000003A000D00CD
:10657000901E02104C1A021006000000A01E02100D
:10658000A81E02100000000002000000D8480020F1
:10659000000000006D9A0010000000003B000D009C
:1065A000B01E02109C1B021006000000701E02109C
:1065B000000000000000000002000000DC48002095
:1065C000000000006D9A0010000000003C00010077
:1065D000C41E0210000000000000000000000000C7
:1065E0000000000000000000030000001D950010E6
:1065F000319E00106D9A0010000000003D000D005B
:10660000D81E02100000000001000000EC1E021065
:10661000000000000000000002000000E848002028
:10662000000000006D9A0010000000003E00010014
:10663000181F021000000000000000000000000011
:106640000000000000000000030000007995001029
:10665000319E00106D9A0010000000003F00010004
:10666000281F021000000000010000003C1F021063
:1066700000000000000000000300000095950010DD
:10668000319E0010000000000000000040000100EA
:10669000841F021000000000000000000000000045
:1066A0000000000000000000030000001196001030
:1066B000319E0010000000000000000041000C00AE
:1066C000981F021000000000010000001C150020AF
:1066D0000000000000000000030000002D960010E4
:1066E000319E00106D9A0010000000005A00070053
:1066F000A81F02100000000006000000BC1F0210CE
:10670000000000000000000002000000F44800202B
:106710000000000081AF0010000000005B000700D7
:10672000C81F02100000000006000000BC1F02107D
:10673000000000000000000002000000F8480020F7
:106740000000000081AF0010000000005C000700A6
:10675000DC1F02100000000006000000BC1F021039
:10676000000000000000000002000000FC480020C3
:106770000000000081AF0010000000005F00070073
:10678000F01F02100000000006000000BC1F0210F5
:10679000000000000000000002000000044900208A
:1067A0000000000081AF00100000000064002B001A
:1067B00010200210F0130020060000002820021014
:1067C000000000000000000005000000A5A200106D
:1067D000F1A50010000000000C0000006E002B006E
:1067E000382002100814002006000000501A021081
:1067F000000000000000000005000000A5A200103D
:10680000F1A50010000000000C00000078002B0033
:106810004C200210FC13002006000000501A021049
:10682000000000000000000005000000A5A200100C
:10683000F1A50010000000000C00000082002B00F9
:10684000602002101014002006000000501A0210F0
:10685000000000000000000005000000A5A20010DC
:10686000F1A50010000000000C000000AA002B00A1
:10687000782002104C1A021006000000902002102E
:1068800098200210DC3B021003000000A5A20010BB
:10689000F1A500106D9A00100C000000B4002B0050
:1068A0009C2002100814002006000000581D021051
:1068B000000000000000000001000000A5A2001080
:1068C000F1A500106D9A00100C000000BE002B0016
:1068D000BC2002100814002006000000581D021001
:1068E000000000000000000001000000A5A2001050
:1068F000F1A500106D9A00100C0000005401060074
:10690000DC200210D41C021006000000DC1C021067
:1069100000000000000000000300000019970010B4
:10692000F1A500106D9A001000000000550109004B
:10693000F820021000000000030000000C210210EB
:106940000000000000000000030000002D9800106F
:10695000319E00106D9A00100000000056010900E1
:10696000642102104C1A021006000000A41B021041
:10697000000000000000000003000000B5960010B9
:10698000F1A500106D9A00100000000057010900E9
:10699000842102109C1B021006000000A41B0210A0
:1069A000000000000000000002000000D4470020AA
:1069B000000000006D9A001000000000580109005E
:1069C000A42102109C1B021006000000A41B021050
:1069D000000000000000000002000000D847002076
:1069E000000000006D9A001000000000590109002D
:1069F000C42102109C1B021006000000A41B021000
:106A0000000000000000000002000000DC47002041
:106A1000000000006D9A0010000000005A010900FB
:106A2000E42102100000000001000000F821021023
:106A3000000000000000000003000000D1960010DC
:106A4000319E00106D9A0010000000005B010400F0
:106A50003C220210D41C021006000000DC1C0210B4
:106A6000643B0210E41C02100200000028490020D0
:106A7000000000006D9A0010000000005C0104009E
:106A8000542202104C1A021006000000501A021084
:106A9000000000000000000002000000304900205B
:106AA000000000006D9A0010000000005D0104006D
:106AB000702202104C1A021006000000501A021038
:106AC0000000000000000000020000002C4900202F
:106AD000000000006D9A001000000000800101001D
:106AE0008C220210000000000000000000000000E6
:106AF000000000000000000003000000F5950010F9
:106B0000319E0010000000000000000088010D0010
:106B1000A4220210781D021006000000A81B02101B
:106B2000B8220210543C021002000000EC48002081
:106B3000000000006D9A00100200000089010D00A5
:106B4000BC220210781D021006000000A81B0210D3
:106B5000B8220210543C021002000000F04800204D
:106B6000000000006D9A0010020000008A0106007B
:106B7000A4220210781D021006000000A81B0210BB
:106B8000B8220210543C02100300000019970010B4
:106B9000F1A500106D9A0010020000008B010600A4
:106BA000D022021000000000030000004C4A002028
:106BB000000000000000000003000000ED9700103E
:106BC000319E00106D9A0010000000008E0101003F
:106BD000E0220210000000000B0000003818021034
:106BE000F8220210FC22021002000000CA47002016
:106BF000000000000000000001000000E1010100B1
:106C000004230210182302100B000000581D02106C
:106C1000E41C0210FC22021003000000A5920010E8
:106C2000319E00100000000003000000E40101009C
:106C30001C23021000000000000000000000000003
:106C40000000000000000000030000000D94001090
:106C5000319E00106D9A001000000000E50109004F
:106C60003C230210000000000000000000000000B3
:106C70000000000000000000030000003D94001030
:106C8000319E00100000000000000000E60101003D
:106C90005C230210000000000100000074230210B9
:106CA000000000000000000002000000CC480020AE
:106CB00000000000000000000000000007020600C5
:106CC0008823021000000000030000004C4A00204E
:106CD000000000000000000003000000B597001055
:106CE000319E00106D9A0010000000001B0206008B
:106CF00098230210781D021006000000A81B021045
:106D0000B8220210543C0210030000001997001032
:106D1000F1A500106D9A0010020000008A02010027
:106D2000AC23021000000000010000001414002039
:106D3000000000000000000002000000CD4800201C
:106D4000000000006D9A0010000000009F02030088
:106D5000C423021000000000040000000000000036
:106D60000000000000000000020000004848002071
:106D7000000000006D9A001000000000A102050054
:106D8000BC220210781D021006000000A81B021091
:106D9000B8220210543C02100300000019970010A2
:106DA000F1A500106D9A001002000000E602230019
:106DB000D8230210000000000400000000000000C2
:106DC0000000000000000000020000004049002018
:106DD000000000006D9A001000000000E702230090
:106DE000F423021000000000040000000000000076
:106DF00000000000000000000200000041490020E7
:106E0000000000006D9A001000000000E80223005E
:106E10001024021000000000040000000000000028
:106E200000000000000000000200000042490020B5
:106E3000000000006D9A001000000000E90223002D
:106E40002C240210000000000400000000000000DC
:106E50000000000000000000020000004349002084
:106E6000000000006D9A001000000000A402010064
:106E70004824021000000000010000005824021005
:106E8000000000000000000003000000C195001099
:106E9000319E00100000000000000000A802230046
:106EA0009C240210182302100B000000E81B0210A3
:106EB00000000000B4240210020000004649002037
:106EC00000000000000000000000000000000000C2
:106ED000B8240210E191001000010000C02402104B
:106EE000E191001000020000C82402100000000020
:106EF00000030000D824021000000000030400007A
:106F0000E02402100000000000050000EC24021044
:106F10000000000000060000F42402100000000041
:106F200006070000FC240210000000000009000019
:106F30000C25021000000000000B000018250210B4
:106F400000000000000C00002025021000000000DE
:106F5000000D00002825021000000000000E0000B7
:106F60003425021000000000002300003C25021020
:106F70000000000000240000442502100000000072
:106F8000002A000054250210E19100102A2B000075
:106F90005C250210E19100102A2C000064250210EB
:106FA000E19100102A2D00006C250210E1910010E3
:106FB000175CD3030AD7233C6F12033BCDCCCC3DE7
:106FC000000000000000640000000000000000005D
:106FD0000000C84100004843000048430000F04161
:106FE00000007A430000FA4300A00C47000048C3A9
:106FF000000000000000FA430000C84180CBA44B11
:1070000000007A430000FA4300A00C47000048C388
:10701000000000000000FA430000C84180CBA44BF0
:1070200000007A430000FA4300A00C47000048C368
:10703000000000000000FA430000C84180CBA44BD0
:107040000000000000000000000003000B0B000027
:1070500000000000000000000000000000007A4472
:107060000000000000409C450000000000000000FF
:107070000000C842000000000000C07F00000000C7
:10708000000000000000C07F0000000000000000C1
:107090000000C07F00000000000000000000C07F72
:1070A00000000000000000000000000700000000D9
:1070B0000000A0400000000019000000FF010000D7
:1070C000D0000000000000000000000000000000F0
:1070D000000200000000A0C00000FA430000C84207
:1070E0000000A04000000000000080400000803F41
:1070F0000000000000000000000000000000000090
:10710000000000000000000000000000000000007F
:10711000000000000000000000000000000000006F
:107120000000803F0000A0400000C8410000204057
:10713000FA0000000001040300000000000000004D
:10714000000000000000000000000000000000003F
:10715000000000001F0000002C3D02101DC20010A6
:1071600003000000CC270210E027021089BE0010A7
:1071700000000000E427021000280210C1C1001026
:1071800002000000042802106428021045C200100A
:1071900002000000682802100829021055C10010E2
:1071A000020000000C29021028290210F9C000106A
:1071B000020000002C290210343D021041B90010D9
:1071C000050000000DBA001064290210F9B8001083
:1071D000050000000DBA0010682902108DB90010DA
:1071E000050000000DBA0010DC570210BDBD0010F4
:1071F000010000006C290210943A0210F9BE001040
:10720000000000009029021020320210D9C00010A6
:10721000040000004DBE0010A0290210E1C00010C3
:107220000000000000000000A4290210E9C00010C6
:107230000000000000000000A8290210F1C00010AA
:107240000000000000000000AC290210190101102C
:1072500003000000B0290210C4270210B5BD0010C1
:1072600002000000D0290210142A0210ADBD001047
:1072700003000000202A0210442A0210A5BD0010BD
:1072800003000000502A0210782A0210EDBD001001
:10729000010000007C2A0210902A0210B1C20010E6
:1072A00001000000942A0210B02A0210A1BD0010B3
:1072B00001000000B42A0210C82A02105DBD0010AF
:1072C00002000000CC2A02100C2B021041BD00105D
:1072D00003000000102B0210342B0210E1BC001040
:1072E0000600000065BA0010382B021085BC0010A3
:1072F000030000003C2B0210542B02107DBC001038
:1073000000000000582B0210782B021075BC0010F2
:10731000000000007C2B02109C2B02106DBB0010A3
:1073200003000000A02B0210B42B021065BB00105C
:1073300003000000B82B0210DC2B02107DBB0010F4
:1073400003000000E02B0210F82B021075BB0010A8
:1073500003000000FC2B0210242C021085BB00103F
:1073600003000000282C0210442C0210CDBB00109A
:1073700003000000482C02105C2C0210C1BB00105E
:1073800003000000602C0210842C0210B5BB00101A
:1073900003000000882C0210B02C02108DBB0010DE
:1073A00003000000B42C0210E02C021061BB00109E
:1073B00007000000F1B90010E82C02105DBB0010BE
:1073C0000700000009BA0010F42C0210410001105F
:1073D00003000000F82C02101C2D0210D100011037
:1073E00003000000202D02103C2D0210CD010110E1
:1073F00004000000A9BE0010402D0210C1BA001008
:1074000004000000A9BE0010442D0210BD030110AD
:1074100007000000D9B90010482D021021BB001050
:107420000600000021BE00104C2D0210E5BA00102D
:1074300003000000542D0210524853444C54454F51
:10744000464D2051202050200000000051CA00105D
:1074500075CA001005DA001081DB0010FDCE0010A7
:1074600069D900107C0000001F1C1F1E1F1E1F1F5B
:107470001E1F1E1F943A0210A03A0210F01D0210A7
:107480000000003FCDCC4C3D0AD7A33B6F12033A1E
:1074900017B75138ACC5A736BD37063595BF56333B
:1074A00077CCAB315F700930FFE65B2E0000000047
:1074B000F035021001000000F83502100200000053
:1074C000043602100300000028250210040000000A
:1074D00010360210050000002036021006000000E1
:1074E000303602100700000040360210080000008D
:1074F0005436021009000000603602100A00000035
:10750000703602100B000000803602100D000000E3
:10751000903602100E000000A43602100F0000008A
:10752000AC36021010000000BC3602101100000042
:10753000CC36021017000000DC36021018000000E4
:10754000EC36021019000000FC3602101A00000090
:107550000C3702101B000000143702101C00000042
:10756000283702101D000000343702101E000000F2
:107570004C3702101F0000005C3702102000000092
:107580006837021021000000783702102200000046
:1075900084370210230000008C3702102400000002
:1075A0009837021025000000A437021026000000C2
:1075B000B437021027000000C03702102800000076
:1075C000C837021029000000D43702102A0000003A
:1075D000E03702102B000000F03702102C000000F2
:1075E000FC3702102D000000043802103D0000009E
:1075F000103802103E000000203802103F0000004A
:1076000030380210400000003C38021041000000F9
:1076100048380210420000005438021043000000B5
:1076200060380210440000006C3802104500000071
:10763000783802104600000084380210470000002D
:1076400090380210480000009C38021049000000E9
:10765000A83802104A000000B43802104B000000A5
:10766000C03802104C000000CC3802104D00000061
:10767000D83802104E000000E43802104F0000001D
:10768000F038021050000000FC38021051000000D9
:107690000839021052000000143902105300000093
:1076A00020390210540000002C390210550000004F
:1076B000383902105600000044390210570000000B
:1076C00050390210580000006039021059000000C3
:1076D000703902105A000000803902105B0000006F
:1076E000903902105C000000A03902105D0000001B
:1076F000B03902105E000000C03902105F000000C7
:10770000D039021060000000D8390210610000007A
:10771000E039021062000000E83902106300000046
:10772000F039021064000000F83902106A0000000D
:10773000003A02106B000000083A02106C000000D2
:10774000103A02106D000000183A02106E0000009E
:10775000203A02106F000000283A02107E0000005C
:10776000303A02107F000000403A02108000000012
:10777000503A0210810000005C3A021082000000C2
:10778000683A021088000000743A02107500000088
:10779000803A0210760000008C3A02107700000058
:1077A000983A021078000000A43A02107900000014
:1077B000B03A02107A000000BC3A02107B000000D0
:1077C000C83A02107C000000D43A02107D0000008C
:1077D000E03A02108A000000EC3A02108B00000030
:1077E000F83A02108C0000000C3B02108D000000E3
:1077F000183B02108E000000283B02108F00000092
:107800003C3B0210900000004C3B02109100000035
:10781000543B0210920000005C3B021093000000F9
:10782000683B021094000000743B021095000000B9
:10783000803B0210960000008C3B02109700000075
:10784000983B021098000000A43B02109900000031
:10785000B03B02109A000000BC3B02109B000000ED
:10786000C83B02109C000000D43B02109D000000A9
:10787000E03B02109E000000EC3B02109F00000065
:10788000F83B0210A0000000043C0210A100000020
:10789000103C0210A10000001C3C0210A2000000DD
:1078A000283C0210A3000000343C0210A400000099
:1078B000403C0210A50000004C3C0210A600000055
:1078C000583C0210A7000000643C0210A800000011
:1078D000703C0210AA0000007C3C0210AB000000CB
:1078E000903C0210AC000000A43C0210AD0000006F
:1078F000B83C0210AE000000CC3C0210AF0000000B
:10790000E03C0210B0000000F43C0210B1000000A6
:10791000083D0210B20000001C3D0210B300000040
:10792000203D0210B4000000283D0210B500000008
:10793000303D0210B6000000383D0210B7000000D4
:10794000403D0210B8000000503D0210B900000098
:10795000643D0210BA000000743D0210BB0000003C
:10796000843D0210BC0000008C3D0210BD000000F0
:10797000943D0210BE0000009C3D0210BF000000BC
:10798000A43D0210C0000000B03D0210C100000084
:10799000BC3D0210C2000000CC3D0210C30000003C
:1079A000D83D0210C4000000E03D0210C5000000F8
:1079B000E83D0210C6000000F03D0210C7000000C4
:1079C000003E0210C80000000C3E0210C90000007A
:1079D000103E0210CA000000143E0210CB0000004E
:1079E000183E0210CC000000203E0210CD00000026
:1079F000283E0210CE000000343E0210CF000000EE
:107A0000403E0210D0000000483E0210D1000000AD
:107A1000503E0210D2000000583E0210D300000079
:107A2000603E0210D4000000683E0210D500000045
:107A3000703E0210D6000000783E0210D700000011
:107A4000803E0210070000005D31011085310110F9
:107A5000953101100000000091310110A531011095
:107A600055310110190D0110190D0110B13101101E
:107A70009D310110993101109D3101108D3101109E
:107A80008D310110190D0110A1310110000000000D
:107A9000000000000000000007000500C1310110D7
:107AA00000000000000000000500000000000000D1
:107AB00000000000000000000000000000000000C6
:107AC00000000000BD380110C1380110CD38011090
:107AD000C9380110D138011000000000000000007A
:107AE0000000000001000000000202000E0202017E
:107AF0001C0202022A0202033802020446020205A4
:107B00005402020662020207700202087E020209A3
:107B10008C02020A9A02020B260303006E03030181
:107B2000B703040000000000383F0210000000000E
:107B300000000000403F02100100000000000000B3
:107B4000483F02100200000000000000503F0210F9
:107B50000300000000000000603F0210040000006D
:107B600000000000683F0210050000000000000057
:107B7000703F02100600000000000000783F021075
:107B80000700000000000000843F02100800000011
:107B900000000000903F02100900000000000000FB
:107BA000A03F02100A00000000000000B03F0210D9
:107BB0000B00000000000000C43F02100C00000099
:107BC00000000000D43F02100D0000000000000083
:107BD000E43F02100E00000000000000F43F02101D
:107BE0000F0000000000000008400210100000001C
:107BF000000000001840021011000000000000000A
:107C00002C40021012000000000000004040021052
:107C10001300000000000000544002101400000097
:107C2000000000006C400210150000000000000081
:107C30008040021016000000000000008C4002107E
:107C4000170000000000000098400210180000001B
:107C500000000000A0400210190000000000000019
:107C6000A84002101A00000000000000B8400210F6
:107C70001B00000000000000C84002101C000000B3
:107C800000000000D84002101D00000000000000AD
:107C9000E44002101E00000000000000EC40021052
:107CA0001F00000000000000F8400210200000004B
:107CB0000000000000410210210000000000000050
:107CC00014400210220000000000000010410210C9
:107CD00023000000000000001841021024000000F2
:107CE00000000000204102102500000000000000FC
:107CF0002841021026000000000000003041021060
:107D00002700000000000000384102102800000099
:107D100000000000F44002102900000000000000F4
:107D2000FC4002102A000000000000000441021084
:107D30002B000000000000000C4102102C0000008D
:107D400000000000144102102D000000000000009F
:107D50001C4102102E00000000000000244102100F
:107D60002F000000000000002C4102103000000035
:107D7000000000003441021031000000000000004B
:107D80003C41021032000000000000004C41021093
:107D900033000000000000005C41021034000000CD
:107DA000000000006C4102103500000000000000DF
:107DB0008041021036000000000000008C410210DB
:107DC00037000000000000009C4102103800000055
:107DD00000000000B0410210390000000000000067
:107DE000C04102103A00000000000000C513CD138E
:107DF000494D0110CE13CE138D4B011029143114AF
:107E00000D4D01103D144514D14C011047144F1471
:107E1000094E01105A145A14214C01105B146314BA
:107E2000394C011064146414014C011065146E1473
:107E3000814C011079148214814C01108D14961418
:107E4000814C0110A114AA14814C0110B514BE1468
:107E5000814C0110C9146E14814C0110DD14E6141C
:107E6000814C0110F114FA14814C011005150E1506
:107E7000814C011017151715A14B01101815181575
:107E8000B94B011019152115D54B01102C153415BE
:107E9000394E0110DF15DF15654C011000000000A0
:107EA0000000000001000000CC41021002000000B0
:107EB00010420210030000006042021004000000A3
:107EC0009442021005000000CC420210060000009F
:107ED0000C43021007000000484302100800000095
:107EE0009443021009000000F84302100A00000049
:107EF000344402100B000000704402100C0000001B
:107F0000BC4402100D000000044502100E000000E9
:107F1000404502100F0000008845021010000000CC
:107F2000CC450210110000000446021012000000AF
:107F30002446021013000000344602101400000012
:107F4000484602101500000080460210160000008E
:107F5000C446021017000000F4460210180000008A
:107F60002847021019000000704702101A00000094
:107F7000984702101B000000F44702101C0000008C
:107F8000144802101D000000484802101E000000A6
:107F90007C4802101F000000AC48021020000000C6
:107FA000F8480210210000003049021022000000B1
:107FB00054490210230000007449021024000000FC
:107FC000B049021025000000D4490210260000002C
:107FD000284A021027000000744A021028000000FE
:107FE000884A021029000000C04A02102A0000003E
:107FF000084B02102B000000284B02102C00000040
:10800000444B02102D000000584B02102E000000BF
:10801000904B02102F000000AC4B0210300000000B
:10802000E84B021031000000004C0210320000004A
:10803000384C021033000000504C02103400000095
:10804000604C021035000000804C02103600000029
:10805000C44C021037000000F04C02103800000041
:10806000284D021039000000484D02104D0000005C
:10807000684D02104E000000844D02104F000000B9
:10808000944D021054000000C04D0210FD0000008D
:10809000D84D021001000000F44D02100200000053
:1080A000684E021003000000E04E021004000000C1
:1080B000544F021005000000F04F021006000000AF
:1080C0005450021007000000845002100800000005
:1080D000C0500210090000002C5102100A000000DC
:1080E000B85102100B000000D85102100C00000023
:1080F000145202100D000000445202100E00000045
:108100007C5202100F000000B0520210100000005C
:108110005C53021011000000504C021012000000CD
:108120007C53021000000000442F021001000000E8
:108130009C53021002000000B05302100300000024
:10814000C453021004000000D853021005000000C0
:10815000E053021006000000EC530210070000007C
:10816000F853021008000000085402100900000033
:10817000105402100A000000245402100B000000EA
:10818000385402100C000000445402100D0000008E
:10819000745402100E0000008C5402100F000000F6
:1081A000AC54021010000000D8540210110000005E
:1081B00004550210120000002455021013000000A4
:1081C00060550210140200007C55021015000000DA
:1081D000A055021016000000342302101700000002
:1081E000BC550210D0560210BD6E011001000000F7
:1081F000D4560210000B00000000000000001B011C
:10820000000000000000000000000000000000006E
:10821000000000004571011019720110C56C0110B9
:10822000BD6C011081010020000000000000000072
:1082300000000000000000004082021006FF010064
:10824000808027A041A04020840000C000000000E2
:108250005D3101108D7D01106D7E01100000000068
:10826000197E0110E97E0110B17D0110ED7D011034
:1082700019030020F57E0110E57F0110857E0110B5
:10828000D17E0110717D0110A57E0110D57D0110F8
:10829000D17F0110A57F0110000000000000000048
:1082A000C9000000100000000000000000000000F5
:1082B00002000000E83E0210C800000010000000AC
:1082C000000000000100000000000000E83E021075
:1082D0000000020079810110D18001107184011029
:1082E000000000009D820110418101101D810110DC
:1082F000F1800110FD8001104D8101106D81011090
:108300004D84011000000000B58001100000000045
:10831000000000000000000000000000000000005D
:108320000000000006005250D3F07542585702106A
:1083300006005250E182887F6057021006005250BA
:10834000ABB360535456021006005250BBFF3CB60C
:108350007057021006005250861C03027857021014
:10836000060052505422A29D8C5702100500525014
:10837000DE65F46844A502100D0A0000000000004C
:10838000D5B8011000000000D9B80110E5B80110FF
:1083900011B901100DB90110000000000A00000021
:1083A00000000306A6000800020002009C00140062
:1083B000030057494E5553420000000000000000E2
:1083C00000008000040001002800440065007600E1
:1083D00069006300650049006E007400650072006A
:1083E00066006100630065004700550049004400D5
:1083F00000004E007B00620063003700330039004C
:108400003800630031002D00370033006300640042
:108410002D0034006300620037002D003900380061
:10842000620038002D00390031003300610038004F
:1084300066006300610037006200660036007D0060
:1084400000000000050F2100011C100500DF60DDA9
:10845000D88945C74C9CD2659D9E648A9F000003C5
:1084600006A600010000000000000000BC5702103A
:10847000CC57021000540020D4570210F0350210DF
:1084800009025400030100807D080B000202020073
:108490000009040000010202000405240020010577
:1084A00024010001042402060524060001070581B9
:1084B0000308001009040100020A00000007050279
:1084C000024000000705820240000009040200008B
:1084D000FF00010512011002EF0201408A2E09007F
:1084E000000101020301000000000000A9CB0110FF
:1084F00019CC01103DCC011089CC011041CD0110E7
:1085000001CE01100000000000000000F9CE0110B3
:1085100055CF011071CF011095CF011069B901102D
:1085200089D0011000000000002020202020202001
:108530002020282828282820202020202020202013
:108540002020202020202020208810101010101023
:10855000101010101010101010040404040404046F
:108560000404041010101010101041414141414109
:1085700001010101010101010101010101010101EB
:1085800001010101101010101010424242424242FB
:1085900002020202020202020202020202020202BB
:1085A0000202020210101010200000000000000063
:1085B00000000000000000000000000000000000BB
:1085C00000000000000000000000000000000000AB
:1085D000000000000000000000000000000000009B
:1085E000000000000000000000000000000000008B
:1085F000000000000000000000000000000000007B
:10860000000000000000000000000000000000006A
:10861000000000000000000000000000000000005A
:0C8620000000000000000000000000004E
:08862C002068FF7F010000003F
:1086340024830210308302103C830210488302100A
:0C86440054830210608302106C8302104B
:1086500043784BB10023437010EE1020C378534091
:1086600003F0A80320EE10308378A3B1D90704D516
:1086700002224FF0010141EC40209A0704D5042268
:108680004FF0010141EC40205B0704D506234FF079
:10869000010242EC4030704710EE1800C0F38050E9
:1086A0008001704708B5044BD3F89C3098470122ED
:1086B000024B1A6308BD00BFC822002000003050E2
:1086C000C268D06892F82030884210D003F0480089
:1086D000082804BF43F0400382F82030124B134AAD
:1086E000D3F898304B409BB2C2F8983070471907C6
:1086F0000FD523F0400382F820309B06F6D50A49B7
:10870000938BD1F89810094A4B409BB2C2F898302D
:108710007047054A80B2D2F89820044B504080B28E
:10872000C3F89800704700BF00800A4000900A40DC
:108730001A4B1B4A984210B411682DD8194B9B68EC
:10874000984238BF18460E2888BF0E38164B1A6854
:1087500082420FD0154A164C1268186001EB410393
:1087600002F01F0204EBC30301F1040C44F82C00D7
:10877000C3F8D82001230E4A8B401068034208D169
:1087800011680B431360D2F8703143F48073C2F860
:1087900070315DF8044B70470648D7E73F420F0041
:1087A000484D0020344D0020783800204C4D0020EA
:1087B0000000305032420F0030B5204B83B053F8E8
:1087C000205055B195F90930002B26DBEB68B3F545
:1087D000007F04D0B3F5806F01D003B030BD00231B
:1087E000174A0093146E10EE183010EE181010EEA9
:1087F0001820C1F34041C3F3C03343EA4103C2F33D
:10880000804243EA820303F007038DF800302346D9
:10881000009803B0BDE83040184704462822294696
:10882000084801F051F80028D0D000220F2120463E
:1088300003B0BDE8304001F043B800BFB8350020B8
:10884000C822002039770110024A136801331360EF
:10885000704700BFAC2F00204FF0000C1820074BD2
:108860001A6883F809C05A6019681A6819440132F5
:10887000C2F309021A60C872704700BF8C3D002025
:108880004FF0504310B5026893F90040EFF31083A6
:1088900072B6D2E8CFCF0121BCF1000FF9D1C2E806
:1088A0004C1FBCF1000FF4D1BFF35F8F90F904208F
:1088B000002A1CDB00210268C2E88F1F83F31088A6
:1088C00020BF0268EFF3108372B6D2E8CFEF5FF0FB
:1088D000010CBEF1000FF8D1C2E84ECFBEF1000F7F
:1088E000F3D1BFF35F8F90F90420002AE3DA00226E
:1088F00001680471C1E88F2F83F3108810BD00BF99
:10890000034600B50268EFF3108C72B6D2E8CFEFE1
:108910000120BEF1000FF9D1C2E84E0FBEF1000FE9
:10892000F4D1BFF35F8F93F90420002A0ADB01B171
:108930000A60002000221B68C3E88F2F8CF3108888
:108940005DF804FB4FF05042126801201A71F1E704
:108950004FF050412DE9F0410027044616461D46D0
:10896000D1F8008008E0C1E88F7F8CF31088304692
:10897000294600F099FFE8B92168EFF3108C72B630
:10898000D1E8CF2F0123002AFAD1C1E8423F002AC3
:10899000F6D1BFF35F8F94F904302168002BE2DA3F
:1089A000002384F80480C1E88F3F8CF310880120F5
:1089B000BDE8F0810020BDE8F08100BF30B504685B
:1089C000EFF3108C72B6D4E8CFEF0125BEF1000FA3
:1089D000F9D1C4E84E5FBEF1000FF4D1BFF35F8F51
:1089E00090F904400568002C10DB0021C5E88F1FBA
:1089F0008CF310884FF0504595F90050A54201D1F5
:108A0000084630BDBDE83040FFF7A2BF4FF05042EE
:108A1000126800230271C5E88F3F8CF31088012093
:108A200030BD00BF70B505460C4600F035FF02466C
:108A30000B464FF47A704FF0FF3E6FF0004CE4FBB2
:108A4000002396457CEB030138BF72462846BDE8FB
:108A5000704038BF6346FFF77BBF00BF0368EFF38A
:108A6000108272B6D3E8CFCF0121BCF1000FF9D14B
:108A7000C3E84C1FBCF1000FF4D1BFF35F8F4FF080
:108A8000FF0C0023016880F804C0C1E88F3F82F327
:108A9000108840BF704700BF10B40A4C23786BB9F0
:108AA000094BC3F1804103F5807001F56021CA587C
:108AB00043F8042F8342FAD1012323705DF8044B5D
:108AC000704700BF1A550020302D0020004B18477A
:108AD000352D0020034B1A6A02609A6A42605B6A75
:108AE0008360704700000D4008B500234021DB8AF9
:108AF00044F246409847006808BD00BF38B50546B7
:108B000000F006F90023084C05F1080204EB83018C
:108B100049680133062B42F8041FF7D12846BDE807
:108B20003840FFF7D7BF00BF0000044010B504462F
:108B3000FFF7DAFF1CB10088C0F3033010BD0A2034
:108B400010BD00BF10B504460120FFF7EFFF38B994
:108B50002268074B1A6262689A62A2685A6210BD64
:108B60004FF480514AF20202014BD9621A6310BDE0
:108B700000000D40002330B4064D00F1080205EB63
:108B8000830152F8044F0133062B4C60F7D130BCFF
:108B9000FFF7D8BF000004402DE9F0434318B3F5B8
:108BA000800F04460D468BB049D80023DB8A002293
:108BB00042E800F2560254BF1021042144F24960F9
:108BC000984700238146DB8A002242E800F25002E7
:108BD00054BF1021042145F64500984700238046E4
:108BE000DB8A002242E800F2510254BF1021042126
:108BF00044F25250984700230746DB8A002242E89D
:108C000000F2520254BF1021042144F2463098472A
:108C10000646FFF741FF01A8FFF770FFC847C047AE
:108C2000D8234FF4803229462046B847B047FFF793
:108C30004DFF01A8FFF79EFF0BB0BDE8F08300F0E9
:108C400037FEB2E72DE9F0478318B3F5800F0446ED
:108C5000154688468AB047D80023DB8A002242E8BE
:108C600000F2560254BF1021042144F24960984793
:108C700000238246DB8A002242E800F2500254BF01
:108C80001021042145F64500984700238146DB8AE0
:108C9000002242E800F2510254BF1021042145F2A3
:108CA0005200984700230746DB8A002242E800F280
:108CB000520254BF1021042144F246309847064620
:108CC000FFF7EAFE01A8FFF719FFD047C8472A4679
:108CD00041462046B847B047FFF7F8FE01A8FFF726
:108CE00049FF0AB0BDE8F08700F0E2FDB4E700BF3D
:108CF0000144884206D2002302F1C0528354083056
:108D00008142FBD8BFF34F8FBFF36F8F704700BF17
:108D100001224FF480410148FFF7EABF00C0FF0382
:108D20000022114608B5D30003F1A043013203F538
:108D300080130F2A9960D960F5D14FF47072002129
:108D4000034800F0C9FD034B034A1A6008BD00BF89
:108D5000F4310020D0370020800110502DE9F04F71
:108D60001F4B85B0D3F858A0BAF1000F22D00024D1
:108D700001254FF4E069DFF870801A4F01E0202CE4
:108D800018D00AEA0502611C2346AB46CCB26D003E
:108D9000002AF4D004F0010203F0FE06164407EBAB
:108DA00046163046C8F858B000F024FA28B93AEA16
:108DB0000B0AE4D105B0BDE8F08F00238DF809302F
:108DC000B37801A88DF80830F38A0121ADF804903A
:108DD000039300F02DFA304600F0B2F9E7E700BF48
:108DE00000001150B431002000301150F0B56E4B2E
:108DF00085B0D3F8985015F4003430D06B496C4BE3
:108E0000896A6C4C0022196004F5806602E04034E7
:108E1000A6420CD0E37E022BF9D1A77E002FF6D01C
:108E2000237F002B4AD13A464034A642F2D13AB9C8
:108E3000614B1B7823B94FF40032604BC3F890208C
:108E40004FF44072584B01219B6C01A8C3F30A03F5
:108E50000293ADF804204FF4003400F0E9F9EA067B
:108E600033D4EB0320D5564E44F48034B37E002B2C
:108E700078D1012396F83A20F370002A5DD10123BE
:108E80004FF4C0614F4AADF8041086F8233092E8E1
:108E9000030004AA02E90300194601A800F0C8F97A
:108EA0004FF40032454B1A65E90430D46A0420D4EB
:108EB0002B040FD4AC4271D105B0F0BD0023204685
:108EC000237700F065F93A46AEE744F01004FFF767
:108ED00045FFC6E74FF4A063012101A8ADF80430B7
:108EE00000F0A6F94FF40062344B44F400441A65D4
:108EF000E0E74FF48063012101A8ADF8043000F0F1
:108F000097F910222D4B44F480441A65D0E70026CF
:108F1000254B44F480541E60FFF702FF4FF480732A
:108F2000012101A8ADF804308DF8086000F080F947
:108F30004FF40022214B1A65B8E7234A1366A2F5C5
:108F40000052536ED807FCD54FF440520021194807
:108F500000F0FCF8174800F0F3F80122174B5A66AE
:108F60001A668CE70221184B0F4A1966536E9F0749
:108F7000FCD54FF440520021114800F0E7F81048AA
:108F800000F0DEF802220D4B5A661A66012396F8AD
:108F90003A20F370002A3FF472AFCEE70B4884EA20
:108FA000050100F075FC00BF0000115000000B40EF
:108FB000A82F0020D4310020175500200030115078
:108FC000B43100200000105000201150E057021072
:108FD00070B4858A068BC378AE4228BF2E46B3F1A3
:108FE000000C18BF4FF0010CAD1B447883F0010357
:108FF000ADB20246C370858246F4806040EA4C30D0
:10900000A4B9D2E903434FEA811C5EB10CF1FF3CE5
:10901000A4449D1913F8014BAB420CF8014FF9D150
:109020001369958A3344136140F400400DB940F44C
:10903000804001B1000470BC704700BF8368844663
:10904000186801B1000C9CF80130C0F3090063B945
:10905000BCF816300344ACF81630BCF81830834224
:1090600084BF0023ACF814307047DCE9033203EB13
:109070008113E8B100B5013A03EB000E13F8011BB0
:10908000734502F8011FF9D1BCF81630DCF8102046
:109090000344ACF81630BCF818300244834288BF51
:1090A0000023CCF8102088BFACF814305DF804FB26
:1090B000BCF8163002440344ACF81630CCF810204B
:1090C000CBE700BF10B50446836800211B68FFF79B
:1090D000B5FF63681B685B0002D5238B834200D019
:1090E00010BD2046BDE810400121FFF7A7BF00BF1B
:1090F000084B1B6C13F0020302D18278D20901D114
:1091000000207047C07EA0F10200B0FA80F0400954
:10911000704700BF0000115008B5FFF7E9FF50B1DC
:10912000054A064B906A1B68A0F54870C01AC6280D
:109130008CBF0020012008BD00000B40A82F00209C
:109140000023C0E904338376704700BF10B58368FD
:1091500009B11C68214082B1114352050DD51A682E
:1091600054050CD4084A21F480641C60126C9207E8
:1091700003D40C23033BFDD28368196010BD8178B2
:10918000024800F085FB00BF00001150F4570210A8
:1091900030B54368002183B004461D68FFF718FF0F
:1091A000134B40F48052196CA37889070ED55B06E7
:1091B0000ED025F0A04545F00055002120466368FB
:1091C0001D6003B0BDE83040FFF7C0BFDB09F0D041
:1091D000A38A002BEDD0012120460192FFF7F8FE73
:1091E000019A25F00055024345F0A045E5E700BF90
:1091F0000000115038B5857E044695B1FFF762FF37
:10920000A38A0BB9284638BD2046FFF785FF20B159
:10921000012323770025284638BD2046FFF7B8FFF5
:10922000F8E78178014800F033FB00BF14580210C2
:109230002DE9F04343788046023B0D4685B0042B70
:1092400013D8DFE803F0034A6C75440000217C4B1F
:109250001A7822F001021A701A7822F002021A70AB
:1092600059701A7861F382021A70764B1C68636930
:10927000EFF3108272B6D3E8CF0F01210028FAD1A4
:10928000C3E8401F0028F6D1BFF35F8FA2614146BB
:10929000204600F01DFB00236269C2E88F3FA369EE
:1092A00083F3108848B94FF0E023D3F8F03DDB0793
:1092B0000AD500BE05B0BDE8F0832A4698F8011033
:1092C00098F8000000F0ECFA05B0BDE8F0835E4AC3
:1092D00013780133DBB21370C7E70024DFF8749111
:1092E000234699F80020594F594E12E0336813EB8A
:1092F000441306D0DB6923B1D8F8041098F80000B5
:10930000984799F800200134E4B2511CA142234649
:1093100017DBA242EAD89B1A07EB4313EAE7484B54
:109320001A78D607D0D51A7842F004021A709CE752
:10933000434B1A78D407C7D51A7822F004021A7062
:1093400093E73F4C237858073AD4E378DA07BBD544
:10935000032300263B4A98F800101468D8F804202C
:109360008DF804108DF805306369CDF80660CDF8EE
:109370000A60ADF80E600292EFF3108272B6D3E885
:10938000CF0F01210028FAD1C3E8401F0028F6D1F1
:10939000BFF35F8F2046A26101A900F099FA6369CB
:1093A000C3E88F6FA36983F3108800283FF47BAF75
:1093B0002A469DF805109DF8040000F071FA83E735
:1093C0002378002723F00403237005231D4A8DF81A
:1093D0000530166898F80020ADF80E708DF804205E
:1093E0007369CDF80670CDF80A70EFF3108272B68B
:1093F000D3E8CF0F01210028FAD1C3E8401F00288D
:10940000F6D1BFF35F8F3046B26101A900F060FA78
:109410007369C3E88F7FB36983F3108838B94FF05D
:10942000E023D3F8F03DD9078FD500BE8DE72A465B
:109430009DF805109DF8040000F032FA85E700BFA2
:10944000FC2800205429002018550020E884021030
:109450002C2700201655002008B52DED028B08EEB4
:10946000100A00F01DF8B4EE488AF1EE10FA06D6A4
:10947000DFED0A8AB4EEE88AF1EE10FA02D4BDEC10
:10948000028B08BD00F018FAC8EEA87A0346212224
:109490001A60BDEC028B17EE900A08BD00000000B8
:1094A00007EE900AF1EEE77A17EE900A704700BFD8
:1094B000C0F3C75200280146A2F17F0CACBF0120C7
:1094C0004FF0FF30BCF11E0F0FDCBCF1000F1EDBB4
:1094D000C1F31603BCF1160F43F400030CDD963AFA
:1094E00003FA02F202FB00F0704707EE901AFDEE5D
:1094F000E77A17EE900A70474FF48002CCF117011B
:1095000042FA0CF21A44CA4002FB00F07047BCF168
:10951000FF3F18BF0020704781F0004102E000BF0C
:1095200083F0004330B54FEA41044FEA430594EA23
:10953000050F08BF90EA020F1FBF54EA000C55EA5E
:10954000020C7FEA645C7FEA655C00F0E2804FEA2F
:109550005454D4EB5555B8BF6D420CDD2C4480EA11
:10956000020281EA030382EA000083EA010180EA41
:10957000020281EA0303362D88BF30BD11F0004F8F
:109580004FEA01314FF4801C4CEA113102D04042C5
:1095900061EB410113F0004F4FEA03334CEA133300
:1095A00002D0524263EB430394EA050F00F0A78018
:1095B000A4F10104D5F1200E0DDB02FA0EFC22FA13
:1095C00005F2801841F1000103FA0EF2801843FA07
:1095D00005F359410EE0A5F120050EF1200E012AF8
:1095E00003FA0EFC28BF4CF0020C43FA05F3C01836
:1095F00051EBE37101F0004507D54FF0000EDCF1AF
:10960000000C7EEB00006EEB0101B1F5801F1BD357
:10961000B1F5001F0CD349085FEA30004FEA3C0C5B
:1096200004F101044FEA445212F5800F80F09A8051
:10963000BCF1004F08BF5FEA500C50F1000041EB55
:10964000045141EA050130BD5FEA4C0C404141EB59
:109650000101013C28BFB1F5801FE9D291F0000F54
:1096600004BF01460020B1FA81F308BF2033A3F103
:109670000B03B3F120020CDA0C3208DD02F1140CFA
:10968000C2F10C0201FA0CF021FA02F10CE002F135
:109690001402D8BFC2F1200C01FA02F120FA0CFC2E
:1096A000DCBF41EA0C019040E41AA2BF01EB045177
:1096B000294330BD6FEA04041F3C1CDA0C340EDC75
:1096C00004F11404C4F1200220FA04F001FA02F3B8
:1096D00040EA030021FA04F345EA030130BDC4F176
:1096E0000C04C4F1200220FA02F001FA04F340EA6B
:1096F0000300294630BD21FA04F0294630BD94F01C
:10970000000F83F4801306BF81F480110134013D02
:109710004EE77FEA645C18BF7FEA655C29D094EA73
:10972000050F08BF90EA020F05D054EA000C04BFF1
:109730001946104630BD91EA030F1EBF00210020DC
:1097400030BD5FEA545C05D14000494128BF41F07B
:10975000004130BD14F580043CBF01F5801130BDDF
:1097600001F0004545F0FE4141F470014FF000006A
:1097700030BD7FEA645C1ABF194610467FEA655C1B
:109780001CBF0B46024650EA013406BF52EA0335BD
:1097900091EA030F41F4002130BD00BF90F0000FAB
:1097A00004BF0021704730B54FF4806404F13204E7
:1097B0004FF000054FF0000150E700BF90F0000FA0
:1097C00004BF0021704730B54FF4806404F13204C7
:1097D00010F0004548BF40424FF000013EE700BF97
:1097E00042004FEAE2014FEA31014FEA02701FBF27
:1097F00012F07F4393F07F4F81F06051704732F059
:109800007F4208BF704793F07F4F04BF41F40021AF
:10981000704730B54FF4607401F0004521F000410D
:109820001CE700BF50EA010208BF704730B54FF097
:1098300000050AE050EA010208BF704730B511F098
:10984000004502D5404261EB41014FF4806404F1D0
:1098500032045FEA915C3FF4D8AE4FF003025FEA56
:10986000DC0C18BF03325FEADC0C18BF033202EBDA
:10987000DC02C2F1200300FA03FC20FA02F001FA34
:1098800003FE40EA0E0021FA02F11444BDE600BFD7
:109890005FF800F0718501105FF800F0E1980110A9
:1098A0005FF800F0B9BD01105FF800F0D997011022
:1098B0005FF800F0A58501105FF800F025EE0110BB
:1098C0005FF800F0518B01105FF800F0B904001050
:1098D0005FF800F005D701105FF800F0E5E5011032
:1098E000FF00000000000000000000000000000079
:1098F0000000803F0000803F0000803FC013002038
:1099000001130000CC6E0210630000003C5C0210EA
:109910006500000014590210000000000000000063
:1099200075A500100000000000000000000000000D
:10993000737465702F6D6D00000000006D6D2F73E6
:1099400065635E32000000006D6D2F6D696E000072
:109950006D6D00004175746F206D6F756E742053CE
:109960004420636172642C48696465204C69747496
:109970006C65465300000000582D417869732C59DE
:109980002D417869732C5A2D4178697300000000CD
:10999000466C6F6F642C4D69737400005370696E70
:1099A000646C6520656E61626C652C5370696E64D1
:1099B0006C6520646972656374696F6E2C50574DD5
:1099C0000000000052657365742C4665656420686C
:1099D0006F6C642C4379636C652073746172742CB2
:1099E00053616665747920646F6F722C426C6F638B
:1099F0006B2064656C6574652C4F7074696F6E6163
:109A00006C2073746F702C4553746F702C50726F90
:109A1000626520636F6E6E65637465642C4D6F7450
:109A20006F72206661756C742C4D6F746F72207745
:109A300061726E696E672C4C696D697473206F7604
:109A40006572726964652C53696E676C6520737406
:109A5000657020626C6F636B73000000416C6C6F0B
:109A6000772066656564206F766572726964652C1F
:109A70004170706C7920736F6674206C696D6974C5
:109A8000732C4E2F412C4175746F2073656C656388
:109A90007420746F6F6C7365747465722C41757487
:109AA0006F2073656C6563742070726F626520321D
:109AB00000000000456E61626C652C456E61626C51
:109AC000652073696E676C65206178697320636FC8
:109AD0006D6D616E64732C486F6D696E67206F6E7B
:109AE0002073746172747570207265717569726526
:109AF000642C536574206D616368696E65206F72B4
:109B00006967696E20746F20302C54776F207377EB
:109B100069746368657320736861726573206F6E22
:109B20006520696E7075742C416C6C6F77206D6167
:109B30006E75616C2C4F76657272696465206C6F0E
:109B4000636B732C4E2F412C557365206C696D69C6
:109B5000742073776974636865732C506572206133
:109B6000786973206665656472617465732C5275DB
:109B70006E2073746172747570207363726970748F
:109B800073206F6E6C79206F6E20686F6D696E67E1
:109B900020636F6D706C65746564000050726F6255
:109BA000652C546F6F6C7365747465722C50726F92
:109BB00062652032000000007C1600202E000000AC
:109BC000587102100000000000000000D9280110A8
:109BD000060000000000000000000000000000007F
:109BE0000000000000000000000000000000000075
:109BF0000000000000000000000000000000000065
:109C00000000000000000000000000000000000054
:109C10000000000000000000000000000000000044
:109C200000000000D58D0010EC160020010000009F
:109C3000987A0210000000000008000000080000F0
:109C4000FFFFFFFF3F0000009C7E021000000000AD
:109C500012000000948002100000000001000000CB
:109C6000E481021000000000000000005F0000001E
:109C700007000000020000002400000002000000B5
:109C8000000000000000000061000000070000006C
:109C9000040000002400000002000000000000009A
:109CA0000000000063000000070000000600000044
:109CB000240000000200000000000000000000007E
:109CC0006A000000070000000300000024000000FC
:109CD0000200000000000000000000006C00000016
:109CE0000700000005000000240000000200000042
:109CF00000000000000000006E00000007000000EF
:109D00000700000024000000020000000000000026
:109D1000000000007F000000060000000C000000B2
:109D2000240000000000000000000000000000000F
:109D30008C000000010000000E0000002400000064
:109D4000000000000000000000000000BE00000055
:109D50000F000000290000002400000000000000A7
:109D60000000000000000000920000000900000058
:109D70001A000000240000000000000000000000A5
:109D80000000000093000000090000001B0000001C
:109D9000240000000000000000000000000000009F
:109DA00094000000090000001C00000024000000D6
:109DB000000000000000000000000000AA000000F9
:109DC0000B0000000D000000240000000010000047
:109DD0000000000000000000AB0000000B000000CD
:109DE000100000002400000000100000000000002F
:109DF000000000001F0000000000000000000F0035
:109E0000000200002300000000000000000000002D
:109E1000240000000000000000001100000200000B
:109E200023000000000000000000000029000000E6
:109E300000000000000012000002000023000000EB
:109E400000000000000000003F00000000000000D3
:109E500000001500000010002300000000000000BA
:109E600000000000FF000000010000003419002085
:109E70000000000000001500F17F0110D58D0010DA
:109E8000D58D00101000000000000000000001004F
:109E900000000000000000000000020000000000C0
:109EA00000000000000003000000000000000000AF
:109EB0000000FF000000000001B5486801318E4637
:109EC0000047704609380149884701BD4591011096
:109ED0000000000000000000000000000000000082
:109EE00000000000002000205829002010000C0075
:109EF0000000000000000000000000000000000062
:109F000000000000FF000000FFFFFFFF0000020054
:109F10000000000000000000D0190020D01900202F
:109F2000D8190020D8190020E0190020E0190020DD
:109F3000E8190020E8190020F0190020F01900208D
:109F4000F8190020F8190020001A0020001A00203B
:109F5000081A0020081A0020101A0020101A0020E9
:109F6000181A0020181A0020201A0020201A002099
:109F7000281A0020281A0020301A0020301A002049
:109F8000381A0020381A0020401A0020401A0020F9
:109F9000481A0020481A0020501A0020501A0020A9
:109FA000581A0020581A0020601A0020601A002059
:109FB000681A0020681A0020701A0020701A002009
:109FC000781A0020781A0020801A0020801A0020B9
:109FD000881A0020881A0020901A0020901A002069
:109FE000981A0020981A0020A01A0020A01A002019
:109FF000A81A0020A81A0020B01A0020B01A0020C9
:10A00000B81A0020B81A0020C01A0020C01A002078
:10A01000C81A0020C81A0020D01A0020D01A002028
:10A02000D81A0020D81A0020E01A0020E01A0020D8
:10A03000E81A0020E81A0020F01A0020F01A002088
:10A04000F81A0020F81A0020001B0020001B002036
:10A05000081B0020081B0020101B0020101B0020E4
:10A06000181B0020181B0020201B0020201B002094
:10A07000281B0020281B0020301B0020301B002044
:10A08000381B0020381B0020401B0020401B0020F4
:10A09000481B0020481B0020501B0020501B0020A4
:10A0A000581B0020581B0020601B0020601B002054
:10A0B000681B0020681B0020701B0020701B002004
:10A0C000781B0020781B0020801B0020801B0020B4
:10A0D000881B0020881B0020901B0020901B002064
:10A0E000981B0020981B0020A01B0020A01B002014
:10A0F000A81B0020A81B0020B01B0020B01B0020C4
:10A10000B81B0020B81B0020C01B0020C01B002073
:10A11000C81B0020C81B0020D01B0020D01B002023
:10A12000D81B0020D81B0020E01B0020E01B0020D3
:10A13000E81B0020E81B0020F01B0020F01B002083
:10A14000F81B0020F81B0020001C0020001C002031
:10A15000081C0020081C0020101C0020101C0020DF
:10A16000181C0020181C0020201C0020201C00208F
:10A17000281C0020281C0020301C0020301C00203F
:10A18000381C0020381C0020401C0020401C0020EF
:10A19000481C0020481C0020501C0020501C00209F
:10A1A000581C0020581C0020601C0020601C00204F
:10A1B000681C0020681C0020701C0020701C0020FF
:10A1C000781C0020781C0020801C0020801C0020AF
:10A1D000881C0020881C0020901C0020901C00205F
:10A1E000981C0020981C0020A01C0020A01C00200F
:10A1F000A81C0020A81C0020B01C0020B01C0020BF
:10A20000B81C0020B81C0020C01C0020C01C00206E
:10A21000C81C0020C81C0020D01C0020D01C00201E
:10A22000D81C0020D81C0020E01C0020E01C0020CE
:10A23000E81C0020E81C0020F01C0020F01C00207E
:10A24000F81C0020F81C0020001D0020001D00202C
:10A25000081D0020081D0020101D0020101D0020DA
:10A26000181D0020181D0020201D0020201D00208A
:10A27000281D0020281D0020301D0020301D00203A
:10A28000381D0020381D0020401D0020401D0020EA
:10A29000481D0020481D0020501D0020501D00209A
:10A2A000581D0020581D0020601D0020601D00204A
:10A2B000681D0020681D0020701D0020701D0020FA
:10A2C000781D0020781D0020801D0020801D0020AA
:10A2D000881D0020881D0020901D0020901D00205A
:10A2E000981D0020981D0020A01D0020A01D00200A
:10A2F000A81D0020A81D0020B01D0020B01D0020BA
:10A30000B81D0020B81D0020C01D0020C01D002069
:10A31000C81D0020C81D0020E01D00200000000016
:10A3200000000000F42500205C260020C426002048
:10A33000000000000000000000000000000000001D
:10A34000000000000000000000000000000000000D
:10A3500000000000000000000000000000000000FD
:10A3600000000000000000000000000000000000ED
:10A3700000000000000000000000000000000000DD
:10A3800000000000000000000000000000000000CD
:10A3900000000000000000000000000000000000BD
:10A3A00000000000000000000000000000000000AD
:10A3B000000000000000000001000000000000009C
:10A3C0000E33CDAB34126DE6ECDE05000B00000061
:10A3D000000000000000000000000000000000007D
:10A3E000000000000000000000000000000000006D
:10A3F000000000000000000000000000000000005D
:10A40000000000000000000000000000000000004C
:10A41000000000000000000000000000000000003C
:10A42000000000000000000000000000000000002C
:10A43000000000000000000000000000000000001C
:10A44000000000000000000000000000000000000C
:10A4500000000000000000000000000000000000FC
:10A4600000000000000000000000000000000000EC
:10A4700000000000000000000000000000000000DC
:10A4800000000000000000000000000000000000CC
:10A4900000000000000000000000000000000000BC
:10A4A00000000000000000000000000000000000AC
:10A4B000000000000000000000000000000000009C
:10A4C000000000000000000000000000000000008C
:10A4D000000000000000000000000000000000007C
:10A4E000000000000000000000000000000000006C
:10A4F000000000000000000000000000000000005C
:10A50000000000000000000000000000000000004B
:10A51000000000000000000000000000000000003B
:10A52000000000000000000000000000000000002B
:10A53000D3DEFFFFFE010000FF010000085CFDFF0D
:04A54000793512ABAC
:040000051000014D99
:00000001FF
