ISO-10303-21;
HEADER;
FILE_DESCRIPTION (( 'STEP AP214' ),
    '1' );
FILE_NAME ('G3VM_61VY3.step',
    '2018-03-01T23:43:36',
    ( 'OSMC1.0    ' ),
    ( ' ' ),
    'SwSTEP 2.0',
    'SolidWorks 2002025',
    '' );
FILE_SCHEMA (( 'AUTOMOTIVE_DESIGN' ));
ENDSEC;

DATA;
#1 = ORIENTED_EDGE ( 'NONE', *, *, #228, .F. ) ;
#2 = ORIENTED_EDGE ( 'NONE', *, *, #427, .T. ) ;
#3 = ORIENTED_EDGE ( 'NONE', *, *, #11, .F. ) ;
#4 = EDGE_LOOP ( 'NONE', ( #603, #34, #178, #194 ) ) ;
#5 = EDGE_CURVE ( 'NONE', #35, #1544, #318, .T. ) ;
#6 = ORIENTED_EDGE ( 'NONE', *, *, #12, .F. ) ;
#7 = EDGE_CURVE ( 'NONE', #13, #180, #347, .T. ) ;
#8 = EDGE_CURVE ( 'NONE', #1651, #286, #351, .T. ) ;
#9 = EDGE_CURVE ( 'NONE', #39, #275, #361, .T. ) ;
#10 = ORIENTED_EDGE ( 'NONE', *, *, #1210, .T. ) ;
#11 = EDGE_CURVE ( 'NONE', #286, #1332, #388, .T. ) ;
#12 = EDGE_CURVE ( 'NONE', #195, #1665, #402, .T. ) ;
#13 = VERTEX_POINT ( 'NONE', #406 ) ;
#14 = VERTEX_POINT ( 'NONE', #411 ) ;
#15 = EDGE_CURVE ( 'NONE', #14, #1650, #412, .T. ) ;
#16 = EDGE_CURVE ( 'NONE', #1560, #177, #416, .T. ) ;
#17 = ORIENTED_EDGE ( 'NONE', *, *, #112, .F. ) ;
#18 = ORIENTED_EDGE ( 'NONE', *, *, #27, .F. ) ;
#19 = EDGE_CURVE ( 'NONE', #139, #1641, #420, .T. ) ;
#20 = ORIENTED_EDGE ( 'NONE', *, *, #770, .F. ) ;
#21 = EDGE_CURVE ( 'NONE', #41, #1652, #434, .T. ) ;
#22 = ORIENTED_EDGE ( 'NONE', *, *, #160, .F. ) ;
#23 = VERTEX_POINT ( 'NONE', #442 ) ;
#24 = EDGE_CURVE ( 'NONE', #221, #54, #443, .T. ) ;
#25 = ORIENTED_EDGE ( 'NONE', *, *, #220, .F. ) ;
#26 = ORIENTED_EDGE ( 'NONE', *, *, #220, .T. ) ;
#27 = EDGE_CURVE ( 'NONE', #14, #195, #453, .T. ) ;
#28 = ORIENTED_EDGE ( 'NONE', *, *, #267, .F. ) ;
#29 = EDGE_LOOP ( 'NONE', ( #843, #169, #1244, #40, #152, #281, #663, #1139 ) ) ;
#30 = ORIENTED_EDGE ( 'NONE', *, *, #947, .F. ) ;
#31 = ORIENTED_EDGE ( 'NONE', *, *, #215, .F. ) ;
#32 = ORIENTED_EDGE ( 'NONE', *, *, #24, .F. ) ;
#33 = ORIENTED_EDGE ( 'NONE', *, *, #463, .T. ) ;
#34 = ORIENTED_EDGE ( 'NONE', *, *, #262, .F. ) ;
#35 = VERTEX_POINT ( 'NONE', #465 ) ;
#36 = EDGE_CURVE ( 'NONE', #1646, #1582, #471, .T. ) ;
#37 = ORIENTED_EDGE ( 'NONE', *, *, #253, .T. ) ;
#38 = EDGE_CURVE ( 'NONE', #626, #251, #488, .T. ) ;
#39 = VERTEX_POINT ( 'NONE', #492 ) ;
#40 = ORIENTED_EDGE ( 'NONE', *, *, #734, .T. ) ;
#41 = VERTEX_POINT ( 'NONE', #504 ) ;
#42 = EDGE_LOOP ( 'NONE', ( #109, #1590, #63, #98 ) ) ;
#43 = ORIENTED_EDGE ( 'NONE', *, *, #44, .F. ) ;
#44 = EDGE_CURVE ( 'NONE', #191, #1626, #536, .T. ) ;
#45 = ORIENTED_EDGE ( 'NONE', *, *, #259, .F. ) ;
#46 = ORIENTED_EDGE ( 'NONE', *, *, #261, .T. ) ;
#47 = EDGE_CURVE ( 'NONE', #118, #791, #571, .T. ) ;
#48 = EDGE_CURVE ( 'NONE', #236, #1572, #575, .T. ) ;
#49 = EDGE_CURVE ( 'NONE', #247, #626, #579, .T. ) ;
#50 = ORIENTED_EDGE ( 'NONE', *, *, #1615, .T. ) ;
#51 = ORIENTED_EDGE ( 'NONE', *, *, #1613, .T. ) ;
#52 = EDGE_CURVE ( 'NONE', #1605, #23, #594, .T. ) ;
#53 = ORIENTED_EDGE ( 'NONE', *, *, #133, .T. ) ;
#54 = VERTEX_POINT ( 'NONE', #598 ) ;
#55 = EDGE_CURVE ( 'NONE', #626, #1605, #599, .T. ) ;
#56 = VERTEX_POINT ( 'NONE', #608 ) ;
#57 = EDGE_LOOP ( 'NONE', ( #127, #877, #198, #229 ) ) ;
#58 = EDGE_CURVE ( 'NONE', #1264, #247, #621, .T. ) ;
#59 = EDGE_CURVE ( 'NONE', #946, #298, #629, .T. ) ;
#60 = ORIENTED_EDGE ( 'NONE', *, *, #584, .T. ) ;
#61 = ORIENTED_EDGE ( 'NONE', *, *, #584, .F. ) ;
#62 = EDGE_CURVE ( 'NONE', #1243, #39, #647, .T. ) ;
#63 = ORIENTED_EDGE ( 'NONE', *, *, #156, .F. ) ;
#64 = ORIENTED_EDGE ( 'NONE', *, *, #269, .F. ) ;
#65 = ORIENTED_EDGE ( 'NONE', *, *, #206, .F. ) ;
#66 = EDGE_CURVE ( 'NONE', #119, #56, #673, .T. ) ;
#67 = ORIENTED_EDGE ( 'NONE', *, *, #261, .F. ) ;
#68 = ORIENTED_EDGE ( 'NONE', *, *, #661, .T. ) ;
#69 = ORIENTED_EDGE ( 'NONE', *, *, #1523, .T. ) ;
#70 = ORIENTED_EDGE ( 'NONE', *, *, #1547, .T. ) ;
#71 = EDGE_CURVE ( 'NONE', #1626, #41, #700, .T. ) ;
#72 = ORIENTED_EDGE ( 'NONE', *, *, #1246, .F. ) ;
#73 = EDGE_CURVE ( 'NONE', #1664, #116, #708, .T. ) ;
#74 = ORIENTED_EDGE ( 'NONE', *, *, #11, .T. ) ;
#75 = VERTEX_POINT ( 'NONE', #724 ) ;
#76 = VERTEX_POINT ( 'NONE', #725 ) ;
#77 = ORIENTED_EDGE ( 'NONE', *, *, #38, .F. ) ;
#78 = ORIENTED_EDGE ( 'NONE', *, *, #296, .T. ) ;
#79 = ORIENTED_EDGE ( 'NONE', *, *, #38, .T. ) ;
#80 = ADVANCED_FACE ( 'NONE', ( #763 ), #764, .F. ) ;
#81 = ORIENTED_EDGE ( 'NONE', *, *, #225, .F. ) ;
#82 = ORIENTED_EDGE ( 'NONE', *, *, #62, .T. ) ;
#83 = ORIENTED_EDGE ( 'NONE', *, *, #158, .T. ) ;
#84 = ORIENTED_EDGE ( 'NONE', *, *, #133, .F. ) ;
#85 = EDGE_CURVE ( 'NONE', #1664, #1560, #819, .T. ) ;
#86 = VERTEX_POINT ( 'NONE', #823 ) ;
#87 = ORIENTED_EDGE ( 'NONE', *, *, #108, .T. ) ;
#88 = ORIENTED_EDGE ( 'NONE', *, *, #1014, .F. ) ;
#89 = VERTEX_POINT ( 'NONE', #831 ) ;
#90 = ORIENTED_EDGE ( 'NONE', *, *, #73, .T. ) ;
#91 = ORIENTED_EDGE ( 'NONE', *, *, #9, .T. ) ;
#92 = EDGE_CURVE ( 'NONE', #1577, #605, #844, .T. ) ;
#93 = ORIENTED_EDGE ( 'NONE', *, *, #1549, .F. ) ;
#94 = ORIENTED_EDGE ( 'NONE', *, *, #9, .F. ) ;
#95 = ORIENTED_EDGE ( 'NONE', *, *, #107, .F. ) ;
#96 = ORIENTED_EDGE ( 'NONE', *, *, #203, .T. ) ;
#97 = EDGE_LOOP ( 'NONE', ( #1366, #1604, #624, #1602 ) ) ;
#98 = ORIENTED_EDGE ( 'NONE', *, *, #36, .T. ) ;
#99 = EDGE_CURVE ( 'NONE', #715, #1646, #895, .T. ) ;
#100 = ORIENTED_EDGE ( 'NONE', *, *, #167, .F. ) ;
#101 = ADVANCED_FACE ( 'NONE', ( #899 ), #900, .F. ) ;
#102 = ORIENTED_EDGE ( 'NONE', *, *, #15, .T. ) ;
#103 = ORIENTED_EDGE ( 'NONE', *, *, #374, .T. ) ;
#104 = ORIENTED_EDGE ( 'NONE', *, *, #1033, .T. ) ;
#105 = ORIENTED_EDGE ( 'NONE', *, *, #179, .T. ) ;
#106 = EDGE_CURVE ( 'NONE', #23, #1542, #938, .T. ) ;
#107 = EDGE_CURVE ( 'NONE', #1569, #41, #948, .T. ) ;
#108 = EDGE_CURVE ( 'NONE', #221, #180, #952, .T. ) ;
#109 = ORIENTED_EDGE ( 'NONE', *, *, #964, .T. ) ;
#110 = EDGE_CURVE ( 'NONE', #605, #1575, #982, .T. ) ;
#111 = ADVANCED_FACE ( 'NONE', ( #992 ), #993, .F. ) ;
#112 = EDGE_CURVE ( 'NONE', #130, #39, #998, .T. ) ;
#113 = ORIENTED_EDGE ( 'NONE', *, *, #964, .F. ) ;
#114 = ORIENTED_EDGE ( 'NONE', *, *, #270, .F. ) ;
#115 = EDGE_CURVE ( 'NONE', #1544, #1582, #1020, .T. ) ;
#116 = VERTEX_POINT ( 'NONE', #1034 ) ;
#117 = ORIENTED_EDGE ( 'NONE', *, *, #203, .F. ) ;
#118 = VERTEX_POINT ( 'NONE', #1053 ) ;
#119 = VERTEX_POINT ( 'NONE', #1097 ) ;
#120 = EDGE_LOOP ( 'NONE', ( #20, #392, #201, #1106 ) ) ;
#121 = ORIENTED_EDGE ( 'NONE', *, *, #243, .F. ) ;
#122 = ADVANCED_FACE ( 'NONE', ( #1112 ), #1113, .F. ) ;
#123 = EDGE_LOOP ( 'NONE', ( #1631, #1640, #1263, #96 ) ) ;
#124 = ADVANCED_FACE ( 'NONE', ( #1134 ), #1135, .F. ) ;
#125 = VERTEX_POINT ( 'NONE', #1144 ) ;
#126 = ORIENTED_EDGE ( 'NONE', *, *, #144, .F. ) ;
#127 = ORIENTED_EDGE ( 'NONE', *, *, #1524, .T. ) ;
#128 = EDGE_LOOP ( 'NONE', ( #307, #10, #928, #69, #1016, #78, #190, #103 ) ) ;
#129 = ORIENTED_EDGE ( 'NONE', *, *, #1628, .F. ) ;
#130 = VERTEX_POINT ( 'NONE', #1233 ) ;
#131 = EDGE_LOOP ( 'NONE', ( #67, #1508, #174, #1554 ) ) ;
#132 = ORIENTED_EDGE ( 'NONE', *, *, #1616, .T. ) ;
#133 = EDGE_CURVE ( 'NONE', #119, #159, #1241, .T. ) ;
#134 = ORIENTED_EDGE ( 'NONE', *, *, #1600, .F. ) ;
#135 = ORIENTED_EDGE ( 'NONE', *, *, #269, .T. ) ;
#136 = ORIENTED_EDGE ( 'NONE', *, *, #268, .T. ) ;
#137 = EDGE_CURVE ( 'NONE', #1665, #1650, #1258, .T. ) ;
#138 = ADVANCED_FACE ( 'NONE', ( #1265 ), #1266, .F. ) ;
#139 = VERTEX_POINT ( 'NONE', #1271 ) ;
#140 = ORIENTED_EDGE ( 'NONE', *, *, #92, .T. ) ;
#141 = ORIENTED_EDGE ( 'NONE', *, *, #1014, .T. ) ;
#142 = EDGE_LOOP ( 'NONE', ( #717, #1657, #774, #83 ) ) ;
#143 = ORIENTED_EDGE ( 'NONE', *, *, #842, .F. ) ;
#144 = EDGE_CURVE ( 'NONE', #1332, #1572, #1287, .T. ) ;
#145 = ORIENTED_EDGE ( 'NONE', *, *, #158, .F. ) ;
#146 = VERTEX_POINT ( 'NONE', #1291 ) ;
#147 = ORIENTED_EDGE ( 'NONE', *, *, #644, .T. ) ;
#148 = EDGE_CURVE ( 'NONE', #236, #1208, #1300, .T. ) ;
#149 = ORIENTED_EDGE ( 'NONE', *, *, #644, .F. ) ;
#150 = ORIENTED_EDGE ( 'NONE', *, *, #106, .T. ) ;
#151 = ADVANCED_FACE ( 'NONE', ( #1304 ), #1305, .F. ) ;
#152 = ORIENTED_EDGE ( 'NONE', *, *, #148, .T. ) ;
#153 = VERTEX_POINT ( 'NONE', #1314 ) ;
#154 = VERTEX_POINT ( 'NONE', #1316 ) ;
#155 = ADVANCED_FACE ( 'NONE', ( #1317 ), #1318, .F. ) ;
#156 = EDGE_CURVE ( 'NONE', #1646, #1605, #1323, .T. ) ;
#157 = ORIENTED_EDGE ( 'NONE', *, *, #173, .T. ) ;
#158 = EDGE_CURVE ( 'NONE', #86, #1652, #1327, .T. ) ;
#159 = VERTEX_POINT ( 'NONE', #1331 ) ;
#160 = EDGE_CURVE ( 'NONE', #153, #146, #1334, .T. ) ;
#161 = ADVANCED_FACE ( 'NONE', ( #1338 ), #1339, .F. ) ;
#162 = EDGE_LOOP ( 'NONE', ( #301, #1565, #1591, #462, #254, #91, #1588, #299 ) ) ;
#163 = VERTEX_POINT ( 'NONE', #1349 ) ;
#164 = ORIENTED_EDGE ( 'NONE', *, *, #197, .T. ) ;
#165 = ADVANCED_FACE ( 'NONE', ( #1350 ), #1351, .F. ) ;
#166 = EDGE_LOOP ( 'NONE', ( #216, #207, #292, #223 ) ) ;
#167 = EDGE_CURVE ( 'NONE', #302, #153, #1361, .T. ) ;
#168 = VERTEX_POINT ( 'NONE', #1365 ) ;
#169 = ORIENTED_EDGE ( 'NONE', *, *, #1609, .T. ) ;
#170 = EDGE_LOOP ( 'NONE', ( #185, #911, #231, #1281, #1643, #233, #95, #181 ) ) ;
#171 = ORIENTED_EDGE ( 'NONE', *, *, #182, .F. ) ;
#172 = EDGE_LOOP ( 'NONE', ( #26, #1557, #1662, #1598 ) ) ;
#173 = EDGE_CURVE ( 'NONE', #1641, #1644, #1377, .T. ) ;
#174 = ORIENTED_EDGE ( 'NONE', *, *, #215, .T. ) ;
#175 = ORIENTED_EDGE ( 'NONE', *, *, #427, .F. ) ;
#176 = ORIENTED_EDGE ( 'NONE', *, *, #1616, .F. ) ;
#177 = VERTEX_POINT ( 'NONE', #1381 ) ;
#178 = ORIENTED_EDGE ( 'NONE', *, *, #374, .F. ) ;
#179 = EDGE_CURVE ( 'NONE', #1208, #1585, #1407, .T. ) ;
#180 = VERTEX_POINT ( 'NONE', #1411 ) ;
#181 = ORIENTED_EDGE ( 'NONE', *, *, #1547, .F. ) ;
#182 = EDGE_CURVE ( 'NONE', #146, #191, #1412, .T. ) ;
#183 = EDGE_LOOP ( 'NONE', ( #515, #37 ) ) ;
#184 = ORIENTED_EDGE ( 'NONE', *, *, #115, .F. ) ;
#185 = ORIENTED_EDGE ( 'NONE', *, *, #173, .F. ) ;
#186 = EDGE_LOOP ( 'NONE', ( #586, #1606, #607, #1629 ) ) ;
#187 = EDGE_CURVE ( 'NONE', #260, #1264, #1431, .T. ) ;
#188 = ORIENTED_EDGE ( 'NONE', *, *, #1622, .T. ) ;
#189 = ORIENTED_EDGE ( 'NONE', *, *, #49, .F. ) ;
#190 = ORIENTED_EDGE ( 'NONE', *, *, #265, .T. ) ;
#191 = VERTEX_POINT ( 'NONE', #1452 ) ;
#192 = EDGE_CURVE ( 'NONE', #56, #154, #1479, .T. ) ;
#193 = ORIENTED_EDGE ( 'NONE', *, *, #110, .F. ) ;
#194 = ORIENTED_EDGE ( 'NONE', *, *, #294, .T. ) ;
#195 = VERTEX_POINT ( 'NONE', #853 ) ;
#196 = ADVANCED_FACE ( 'NONE', ( #858 ), #859, .F. ) ;
#197 = EDGE_CURVE ( 'NONE', #1575, #159, #891, .T. ) ;
#198 = ORIENTED_EDGE ( 'NONE', *, *, #1583, .F. ) ;
#199 = ORIENTED_EDGE ( 'NONE', *, *, #71, .F. ) ;
#200 = ORIENTED_EDGE ( 'NONE', *, *, #1333, .F. ) ;
#201 = ORIENTED_EDGE ( 'NONE', *, *, #112, .T. ) ;
#202 = ORIENTED_EDGE ( 'NONE', *, *, #66, .F. ) ;
#203 = EDGE_CURVE ( 'NONE', #1608, #260, #942, .T. ) ;
#204 = ORIENTED_EDGE ( 'NONE', *, *, #289, .F. ) ;
#205 = EDGE_CURVE ( 'NONE', #13, #224, #956, .T. ) ;
#206 = EDGE_CURVE ( 'NONE', #23, #39, #960, .T. ) ;
#207 = ORIENTED_EDGE ( 'NONE', *, *, #268, .F. ) ;
#208 = EDGE_LOOP ( 'NONE', ( #1594, #235, #1642, #1383 ) ) ;
#209 = VERTEX_POINT ( 'NONE', #971 ) ;
#210 = ORIENTED_EDGE ( 'NONE', *, *, #1666, .F. ) ;
#211 = EDGE_CURVE ( 'NONE', #163, #252, #972, .T. ) ;
#212 = ORIENTED_EDGE ( 'NONE', *, *, #110, .T. ) ;
#213 = ADVANCED_FACE ( 'NONE', ( #1002 ), #1003, .F. ) ;
#214 = EDGE_LOOP ( 'NONE', ( #1490, #1576, #87, #1402 ) ) ;
#215 = EDGE_CURVE ( 'NONE', #1650, #1673, #1024, .T. ) ;
#216 = ORIENTED_EDGE ( 'NONE', *, *, #1472, .T. ) ;
#217 = VERTEX_POINT ( 'NONE', #1028 ) ;
#218 = EDGE_CURVE ( 'NONE', #929, #1552, #1035, .T. ) ;
#219 = EDGE_LOOP ( 'NONE', ( #230, #200, #1543, #297 ) ) ;
#220 = EDGE_CURVE ( 'NONE', #791, #116, #1043, .T. ) ;
#221 = VERTEX_POINT ( 'NONE', #1095 ) ;
#222 = ORIENTED_EDGE ( 'NONE', *, *, #498, .T. ) ;
#223 = ORIENTED_EDGE ( 'NONE', *, *, #255, .T. ) ;
#224 = VERTEX_POINT ( 'NONE', #1118 ) ;
#225 = EDGE_CURVE ( 'NONE', #125, #1577, #1119, .T. ) ;
#226 = ORIENTED_EDGE ( 'NONE', *, *, #266, .F. ) ;
#227 = ADVANCED_FACE ( 'NONE', ( #308 ), #309, .F. ) ;
#228 = EDGE_CURVE ( 'NONE', #1577, #168, #314, .T. ) ;
#229 = ORIENTED_EDGE ( 'NONE', *, *, #1667, .T. ) ;
#230 = ORIENTED_EDGE ( 'NONE', *, *, #49, .T. ) ;
#231 = ORIENTED_EDGE ( 'NONE', *, *, #241, .F. ) ;
#232 = ORIENTED_EDGE ( 'NONE', *, *, #1571, .T. ) ;
#233 = ORIENTED_EDGE ( 'NONE', *, *, #21, .F. ) ;
#234 = EDGE_LOOP ( 'NONE', ( #1580, #716, #100, #1639 ) ) ;
#235 = ORIENTED_EDGE ( 'NONE', *, *, #179, .F. ) ;
#236 = VERTEX_POINT ( 'NONE', #322 ) ;
#237 = ADVANCED_FACE ( 'NONE', ( #325, #326 ), #342, .F. ) ;
#238 = ADVANCED_FACE ( 'NONE', ( #355 ), #356, .F. ) ;
#239 = ADVANCED_FACE ( 'NONE', ( #365 ), #383, .F. ) ;
#240 = ADVANCED_FACE ( 'NONE', ( #396 ), #397, .F. ) ;
#241 = EDGE_CURVE ( 'NONE', #252, #139, #407, .T. ) ;
#242 = ORIENTED_EDGE ( 'NONE', *, *, #1613, .F. ) ;
#243 = EDGE_CURVE ( 'NONE', #278, #35, #424, .T. ) ;
#244 = VERTEX_POINT ( 'NONE', #433 ) ;
#245 = EDGE_CURVE ( 'NONE', #159, #154, #438, .T. ) ;
#246 = ORIENTED_EDGE ( 'NONE', *, *, #734, .F. ) ;
#247 = VERTEX_POINT ( 'NONE', #458 ) ;
#248 = ORIENTED_EDGE ( 'NONE', *, *, #770, .T. ) ;
#249 = ORIENTED_EDGE ( 'NONE', *, *, #44, .T. ) ;
#250 = VERTEX_POINT ( 'NONE', #459 ) ;
#251 = VERTEX_POINT ( 'NONE', #460 ) ;
#252 = VERTEX_POINT ( 'NONE', #464 ) ;
#253 = EDGE_CURVE ( 'NONE', #250, #209, #466, .T. ) ;
#254 = ORIENTED_EDGE ( 'NONE', *, *, #206, .T. ) ;
#255 = EDGE_CURVE ( 'NONE', #1084, #1673, #484, .T. ) ;
#256 = EDGE_LOOP ( 'NONE', ( #1245, #752, #246, #74 ) ) ;
#257 = ORIENTED_EDGE ( 'NONE', *, *, #498, .F. ) ;
#258 = ORIENTED_EDGE ( 'NONE', *, *, #1315, .F. ) ;
#259 = EDGE_CURVE ( 'NONE', #1641, #153, #499, .T. ) ;
#260 = VERTEX_POINT ( 'NONE', #503 ) ;
#261 = EDGE_CURVE ( 'NONE', #1665, #1084, #505, .T. ) ;
#262 = EDGE_CURVE ( 'NONE', #76, #247, #509, .T. ) ;
#263 = ADVANCED_FACE ( 'NONE', ( #513 ), #530, .F. ) ;
#264 = EDGE_LOOP ( 'NONE', ( #104, #121, #1636, #105 ) ) ;
#265 = EDGE_CURVE ( 'NONE', #1608, #244, #540, .T. ) ;
#266 = EDGE_CURVE ( 'NONE', #75, #146, #544, .T. ) ;
#267 = EDGE_CURVE ( 'NONE', #209, #946, #548, .T. ) ;
#268 = EDGE_CURVE ( 'NONE', #125, #89, #554, .T. ) ;
#269 = EDGE_CURVE ( 'NONE', #605, #119, #562, .T. ) ;
#270 = EDGE_CURVE ( 'NONE', #250, #298, #566, .T. ) ;
#271 = EDGE_LOOP ( 'NONE', ( #17, #88, #33, #94 ) ) ;
#272 = ORIENTED_EDGE ( 'NONE', *, *, #290, .T. ) ;
#273 = ADVANCED_FACE ( 'NONE', ( #609 ), #610, .F. ) ;
#274 = EDGE_LOOP ( 'NONE', ( #567, #248, #175, #1660 ) ) ;
#275 = VERTEX_POINT ( 'NONE', #628 ) ;
#276 = ADVANCED_FACE ( 'NONE', ( #639 ), #640, .T. ) ;
#277 = ADVANCED_FACE ( 'NONE', ( #651 ), #652, .F. ) ;
#278 = VERTEX_POINT ( 'NONE', #657 ) ;
#279 = EDGE_LOOP ( 'NONE', ( #300, #662, #1625, #249, #393, #1568, #1607, #910 ) ) ;
#280 = ADVANCED_FACE ( 'NONE', ( #658 ), #659, .T. ) ;
#281 = ORIENTED_EDGE ( 'NONE', *, *, #288, .T. ) ;
#282 = ADVANCED_FACE ( 'NONE', ( #667 ), #668, .F. ) ;
#283 = ORIENTED_EDGE ( 'NONE', *, *, #245, .T. ) ;
#284 = EDGE_CURVE ( 'NONE', #76, #224, #677, .T. ) ;
#285 = EDGE_CURVE ( 'NONE', #75, #13, #683, .T. ) ;
#286 = VERTEX_POINT ( 'NONE', #688 ) ;
#287 = ADVANCED_FACE ( 'NONE', ( #689 ), #690, .F. ) ;
#288 = EDGE_CURVE ( 'NONE', #1208, #278, #695, .T. ) ;
#289 = EDGE_CURVE ( 'NONE', #715, #1544, #704, .T. ) ;
#290 = EDGE_CURVE ( 'NONE', #1084, #125, #720, .T. ) ;
#291 = ORIENTED_EDGE ( 'NONE', *, *, #92, .F. ) ;
#292 = ORIENTED_EDGE ( 'NONE', *, *, #290, .F. ) ;
#293 = ADVANCED_FACE ( 'NONE', ( #726 ), #744, .F. ) ;
#294 = EDGE_CURVE ( 'NONE', #244, #1264, #749, .T. ) ;
#295 = ORIENTED_EDGE ( 'NONE', *, *, #16, .T. ) ;
#296 = EDGE_CURVE ( 'NONE', #1560, #1608, #755, .T. ) ;
#297 = ORIENTED_EDGE ( 'NONE', *, *, #262, .T. ) ;
#298 = VERTEX_POINT ( 'NONE', #784 ) ;
#299 = ORIENTED_EDGE ( 'NONE', *, *, #1581, .T. ) ;
#300 = ORIENTED_EDGE ( 'NONE', *, *, #167, .T. ) ;
#301 = ORIENTED_EDGE ( 'NONE', *, *, #205, .T. ) ;
#302 = VERTEX_POINT ( 'NONE', #785 ) ;
#303 = ADVANCED_FACE ( 'NONE', ( #786 ), #803, .F. ) ;
#304 = EDGE_CURVE ( 'NONE', #1572, #1585, #809, .T. ) ;
#305 = EDGE_LOOP ( 'NONE', ( #1174, #199, #43, #68 ) ) ;
#306 = ORIENTED_EDGE ( 'NONE', *, *, #1610, .T. ) ;
#307 = ORIENTED_EDGE ( 'NONE', *, *, #284, .T. ) ;
#308 = FACE_OUTER_BOUND ( 'NONE', #256, .T. ) ;
#309 = PLANE ( 'NONE',  #310 ) ;
#310 = AXIS2_PLACEMENT_3D ( 'NONE', #311, #312, #313 ) ;
#311 = CARTESIAN_POINT ( 'NONE',  ( -1.070000000000000100, 1.149999999999999900, 2.741060896465260300 ) ) ;
#312 = DIRECTION ( 'NONE',  ( 0.0000000000000000000, -0.3420201433256661000, -0.9396926207859094300 ) ) ;
#313 = DIRECTION ( 'NONE',  ( 0.0000000000000000000, 0.9396926207859094300, -0.3420201433256661000 ) ) ;
#314 = LINE ( 'NONE', #315, #316 ) ;
#315 = CARTESIAN_POINT ( 'NONE',  ( -1.070000000000000100, -2.028437485834575200E-017, -3.500000000000000000 ) ) ;
#316 = VECTOR ( 'NONE', #317, 1000.000000000000000 ) ;
#317 = DIRECTION ( 'NONE',  ( -1.000000000000000000, 0.0000000000000000000, 0.0000000000000000000 ) ) ;
#318 = LINE ( 'NONE', #319, #320 ) ;
#319 = CARTESIAN_POINT ( 'NONE',  ( -1.470000000000000000, 4.094594283277304900E-017, 3.000000000000000000 ) ) ;
#320 = VECTOR ( 'NONE', #321, 1000.000000000000000 ) ;
#321 = DIRECTION ( 'NONE',  ( 0.0000000000000000000, 1.224606353822375800E-016, -1.000000000000000000 ) ) ;
#322 = CARTESIAN_POINT ( 'NONE',  ( -1.070000000000000100, 0.1499999999999999900, 3.105031130731454900 ) ) ;
#323 = ADVANCED_FACE ( 'NONE', ( #813 ), #814, .T. ) ;
#324 = ORIENTED_EDGE ( 'NONE', *, *, #8, .F. ) ;
#325 = FACE_BOUND ( 'NONE', #1470, .T. ) ;
#326 = FACE_OUTER_BOUND ( 'NONE', #274, .T. ) ;
#327 = COLOUR_RGB ( '',0.0000000000000000000, 0.0000000000000000000, 0.0000000000000000000 ) ;
#328 = FILL_AREA_STYLE_COLOUR ( '', #327 ) ;
#329 = FILL_AREA_STYLE ('',( #328 ) ) ;
#330 = SURFACE_STYLE_FILL_AREA ( #329 ) ;
#331 = SURFACE_SIDE_STYLE ('',( #330 ) ) ;
#332 = SURFACE_STYLE_USAGE ( .BOTH. , #331 ) ;
#333 = PRESENTATION_STYLE_ASSIGNMENT (( #332 ) ) ;
#334 = STYLED_ITEM ( 'NONE', ( #333 ), #237 ) ;
#335 = PRESENTATION_LAYER_ASSIGNMENT (  '', '', ( #334 ) ) ;
#336 = MECHANICAL_DESIGN_GEOMETRIC_PRESENTATION_REPRESENTATION (  '', ( #334 ), #341 ) ;
#337 =( LENGTH_UNIT ( ) NAMED_UNIT ( * ) SI_UNIT ( .MILLI., .METRE. ) );
#338 =( NAMED_UNIT ( * ) PLANE_ANGLE_UNIT ( ) SI_UNIT ( $, .RADIAN. ) );
#339 =( NAMED_UNIT ( * ) SI_UNIT ( $, .STERADIAN. ) SOLID_ANGLE_UNIT ( ) );
#340 = UNCERTAINTY_MEASURE_WITH_UNIT (LENGTH_MEASURE( 1.000000000000000100E-005 ), #337, 'distance_accuracy_value', 'NONE');
#341 =( GEOMETRIC_REPRESENTATION_CONTEXT ( 3 ) GLOBAL_UNCERTAINTY_ASSIGNED_CONTEXT ( ( #340 ) ) GLOBAL_UNIT_ASSIGNED_CONTEXT ( ( #337, #338, #339 ) ) REPRESENTATION_CONTEXT ( 'NONE', 'WORKASPACE' ) );
#342 = PLANE ( 'NONE',  #343 ) ;
#343 = AXIS2_PLACEMENT_3D ( 'NONE', #344, #345, #346 ) ;
#344 = CARTESIAN_POINT ( 'NONE',  ( 1.850000000000000100, 2.200000000000000200, 2.169999999999999900 ) ) ;
#345 = DIRECTION ( 'NONE',  ( 0.0000000000000000000, -1.000000000000000000, 0.0000000000000000000 ) ) ;
#346 = DIRECTION ( 'NONE',  ( 0.0000000000000000000, 0.0000000000000000000, -1.000000000000000000 ) ) ;
#347 = LINE ( 'NONE', #348, #349 ) ;
#348 = CARTESIAN_POINT ( 'NONE',  ( 1.750684450984755000, 2.191786588182954800, 2.170718673533990300 ) ) ;
#349 = VECTOR ( 'NONE', #350, 1000.000000000000100 ) ;
#350 = DIRECTION ( 'NONE',  ( -0.08273155291385841900, 0.9927786349663000300, -0.08686813055955129600 ) ) ;
#351 = LINE ( 'NONE', #352, #353 ) ;
#352 = CARTESIAN_POINT ( 'NONE',  ( -1.070000000000000100, 1.149999999999999900, 2.075000000000000200 ) ) ;
#353 = VECTOR ( 'NONE', #354, 1000.000000000000000 ) ;
#354 = DIRECTION ( 'NONE',  ( 0.0000000000000000000, 3.255564703585799800E-016, 1.000000000000000000 ) ) ;
#355 = FACE_OUTER_BOUND ( 'NONE', #142, .T. ) ;
#356 = PLANE ( 'NONE',  #357 ) ;
#357 = AXIS2_PLACEMENT_3D ( 'NONE', #358, #359, #360 ) ;
#358 = CARTESIAN_POINT ( 'NONE',  ( 1.470000000000000000, 0.1499999999999999900, -3.500000000000000000 ) ) ;
#359 = DIRECTION ( 'NONE',  ( 0.0000000000000000000, 0.0000000000000000000, 1.000000000000000000 ) ) ;
#360 = DIRECTION ( 'NONE',  ( 1.000000000000000000, 0.0000000000000000000, 0.0000000000000000000 ) ) ;
#361 = LINE ( 'NONE', #362, #363 ) ;
#362 = CARTESIAN_POINT ( 'NONE',  ( -1.805476670376944900, 0.5992900333924970900, 2.228250503895790000 ) ) ;
#363 = VECTOR ( 'NONE', #364, 1000.000000000000000 ) ;
#364 = DIRECTION ( 'NONE',  ( 0.1096965465753395900, -0.9872689191780559300, -0.1151813739041065800 ) ) ;
#365 = FACE_OUTER_BOUND ( 'NONE', #162, .T. ) ;
#366 = COLOUR_RGB ( '',0.0000000000000000000, 0.0000000000000000000, 0.0000000000000000000 ) ;
#367 = FILL_AREA_STYLE_COLOUR ( '', #366 ) ;
#368 = FILL_AREA_STYLE ('',( #367 ) ) ;
#369 = SURFACE_STYLE_FILL_AREA ( #368 ) ;
#370 = SURFACE_SIDE_STYLE ('',( #369 ) ) ;
#371 = SURFACE_STYLE_USAGE ( .BOTH. , #370 ) ;
#372 = PRESENTATION_STYLE_ASSIGNMENT (( #371 ) ) ;
#373 = ORIENTED_EDGE ( 'NONE', *, *, #480, .F. ) ;
#374 = EDGE_CURVE ( 'NONE', #244, #76, #832, .T. ) ;
#375 = STYLED_ITEM ( 'NONE', ( #372 ), #239 ) ;
#376 = PRESENTATION_LAYER_ASSIGNMENT (  '', '', ( #375 ) ) ;
#377 = MECHANICAL_DESIGN_GEOMETRIC_PRESENTATION_REPRESENTATION (  '', ( #375 ), #382 ) ;
#378 =( LENGTH_UNIT ( ) NAMED_UNIT ( * ) SI_UNIT ( .MILLI., .METRE. ) );
#379 =( NAMED_UNIT ( * ) PLANE_ANGLE_UNIT ( ) SI_UNIT ( $, .RADIAN. ) );
#380 =( NAMED_UNIT ( * ) SI_UNIT ( $, .STERADIAN. ) SOLID_ANGLE_UNIT ( ) );
#381 = UNCERTAINTY_MEASURE_WITH_UNIT (LENGTH_MEASURE( 1.000000000000000100E-005 ), #378, 'distance_accuracy_value', 'NONE');
#382 =( GEOMETRIC_REPRESENTATION_CONTEXT ( 3 ) GLOBAL_UNCERTAINTY_ASSIGNED_CONTEXT ( ( #381 ) ) GLOBAL_UNIT_ASSIGNED_CONTEXT ( ( #378, #379, #380 ) ) REPRESENTATION_CONTEXT ( 'NONE', 'WORKASPACE' ) );
#383 = PLANE ( 'NONE',  #384 ) ;
#384 = AXIS2_PLACEMENT_3D ( 'NONE', #385, #386, #387 ) ;
#385 = CARTESIAN_POINT ( 'NONE',  ( 1.850000000000000100, 1.000000000000000000, 2.274999999999999900 ) ) ;
#386 = DIRECTION ( 'NONE',  ( 0.0000000000000000000, 0.1158806995601783800, -0.9932631390872428400 ) ) ;
#387 = DIRECTION ( 'NONE',  ( 0.0000000000000000000, 0.9932631390872428400, 0.1158806995601783800 ) ) ;
#388 = LINE ( 'NONE', #389, #390 ) ;
#389 = CARTESIAN_POINT ( 'NONE',  ( -1.070000000000000100, 1.149999999999999900, 2.741060896465260300 ) ) ;
#390 = VECTOR ( 'NONE', #395, 1000.000000000000000 ) ;
#391 = ORIENTED_EDGE ( 'NONE', *, *, #59, .F. ) ;
#392 = ORIENTED_EDGE ( 'NONE', *, *, #1615, .F. ) ;
#393 = ORIENTED_EDGE ( 'NONE', *, *, #480, .T. ) ;
#394 = ADVANCED_FACE ( 'NONE', ( #836 ), #837, .F. ) ;
#395 = DIRECTION ( 'NONE',  ( -1.000000000000000000, 0.0000000000000000000, 0.0000000000000000000 ) ) ;
#396 = FACE_OUTER_BOUND ( 'NONE', #4, .T. ) ;
#397 = PLANE ( 'NONE',  #398 ) ;
#398 = AXIS2_PLACEMENT_3D ( 'NONE', #399, #400, #401 ) ;
#399 = CARTESIAN_POINT ( 'NONE',  ( 1.470000000000000000, 1.000000000000000000, 2.636029765733800100 ) ) ;
#400 = DIRECTION ( 'NONE',  ( 0.0000000000000000000, 0.3420201433256661000, 0.9396926207859094300 ) ) ;
#401 = DIRECTION ( 'NONE',  ( 0.0000000000000000000, -0.9396926207859094300, 0.3420201433256661000 ) ) ;
#402 = LINE ( 'NONE', #403, #404 ) ;
#403 = CARTESIAN_POINT ( 'NONE',  ( -1.070000000000000100, 2.200000000000000200, -2.169999999999999900 ) ) ;
#404 = VECTOR ( 'NONE', #405, 1000.000000000000000 ) ;
#405 = DIRECTION ( 'NONE',  ( 0.0000000000000000000, -0.9961937174961129600, -0.08716695028090999700 ) ) ;
#406 = CARTESIAN_POINT ( 'NONE',  ( 1.850000000000000100, 1.000000000000000000, 2.274999999999999900 ) ) ;
#407 = LINE ( 'NONE', #408, #409 ) ;
#408 = CARTESIAN_POINT ( 'NONE',  ( 1.070000000000000100, 1.149999999999999900, -2.741060896465255000 ) ) ;
#409 = VECTOR ( 'NONE', #410, 999.9999999999998900 ) ;
#410 = DIRECTION ( 'NONE',  ( 0.0000000000000000000, 0.9396926207859094300, 0.3420201433256661000 ) ) ;
#411 = CARTESIAN_POINT ( 'NONE',  ( -1.470000000000000000, 1.149999999999999900, -2.261874999999999900 ) ) ;
#412 = LINE ( 'NONE', #413, #414 ) ;
#413 = CARTESIAN_POINT ( 'NONE',  ( -1.470000000000000000, 2.200000000000000200, -2.169999999999999900 ) ) ;
#414 = VECTOR ( 'NONE', #415, 1000.000000000000000 ) ;
#415 = DIRECTION ( 'NONE',  ( 0.0000000000000000000, -0.9961937174961129600, -0.08716695028090999700 ) ) ;
#416 = LINE ( 'NONE', #417, #418 ) ;
#417 = CARTESIAN_POINT ( 'NONE',  ( 1.470000000000000000, 0.1499999999999999900, 3.500000000000000000 ) ) ;
#418 = VECTOR ( 'NONE', #419, 1000.000000000000000 ) ;
#419 = DIRECTION ( 'NONE',  ( -1.000000000000000000, 0.0000000000000000000, 0.0000000000000000000 ) ) ;
#420 = LINE ( 'NONE', #421, #422 ) ;
#421 = CARTESIAN_POINT ( 'NONE',  ( 1.070000000000000100, 1.149999999999999900, -2.075000000000000200 ) ) ;
#422 = VECTOR ( 'NONE', #423, 1000.000000000000000 ) ;
#423 = DIRECTION ( 'NONE',  ( 0.0000000000000000000, -3.255564703585799800E-016, 1.000000000000000000 ) ) ;
#424 = LINE ( 'NONE', #425, #426 ) ;
#425 = CARTESIAN_POINT ( 'NONE',  ( -1.070000000000000100, -2.028437485834575200E-017, 3.500000000000000000 ) ) ;
#426 = VECTOR ( 'NONE', #428, 1000.000000000000000 ) ;
#427 = EDGE_CURVE ( 'NONE', #180, #1243, #849, .T. ) ;
#428 = DIRECTION ( 'NONE',  ( -1.000000000000000000, 0.0000000000000000000, 0.0000000000000000000 ) ) ;
#429 = LINE ( 'NONE', #430, #431 ) ;
#430 = CARTESIAN_POINT ( 'NONE',  ( 1.850000000000000100, 0.1000000000000000100, -2.169999999999999900 ) ) ;
#431 = VECTOR ( 'NONE', #432, 1000.000000000000000 ) ;
#432 = DIRECTION ( 'NONE',  ( -1.000000000000000000, 0.0000000000000000000, 0.0000000000000000000 ) ) ;
#433 = CARTESIAN_POINT ( 'NONE',  ( 1.470000000000000000, 4.094594283277304900E-017, 3.000000000000000000 ) ) ;
#434 = LINE ( 'NONE', #435, #436 ) ;
#435 = CARTESIAN_POINT ( 'NONE',  ( 1.070000000000000100, 4.094594283277304900E-017, -3.000000000000000000 ) ) ;
#436 = VECTOR ( 'NONE', #437, 1000.000000000000000 ) ;
#437 = DIRECTION ( 'NONE',  ( 0.0000000000000000000, -1.224606353822375800E-016, -1.000000000000000000 ) ) ;
#438 = LINE ( 'NONE', #439, #440 ) ;
#439 = CARTESIAN_POINT ( 'NONE',  ( -1.470000000000000000, 1.149999999999999900, -2.741060896465260300 ) ) ;
#440 = VECTOR ( 'NONE', #441, 999.9999999999998900 ) ;
#441 = DIRECTION ( 'NONE',  ( 0.0000000000000000000, 0.9396926207859094300, 0.3420201433256661000 ) ) ;
#442 = CARTESIAN_POINT ( 'NONE',  ( -1.470000000000000000, 1.000000000000000000, 2.274999999999999900 ) ) ;
#443 = LINE ( 'NONE', #446, #447 ) ;
#444 = ORIENTED_EDGE ( 'NONE', *, *, #1632, .F. ) ;
#445 = ORIENTED_EDGE ( 'NONE', *, *, #47, .F. ) ;
#446 = CARTESIAN_POINT ( 'NONE',  ( 1.850000000000000100, 2.200000000000000200, -2.169999999999999900 ) ) ;
#447 = VECTOR ( 'NONE', #448, 1000.000000000000000 ) ;
#448 = DIRECTION ( 'NONE',  ( -1.000000000000000000, 0.0000000000000000000, 0.0000000000000000000 ) ) ;
#449 = LINE ( 'NONE', #450, #451 ) ;
#450 = CARTESIAN_POINT ( 'NONE',  ( 1.850000000000000100, 1.149999999999999900, 2.261874999999999900 ) ) ;
#451 = VECTOR ( 'NONE', #452, 1000.000000000000000 ) ;
#452 = DIRECTION ( 'NONE',  ( -1.000000000000000000, 0.0000000000000000000, 0.0000000000000000000 ) ) ;
#453 = LINE ( 'NONE', #454, #455 ) ;
#454 = CARTESIAN_POINT ( 'NONE',  ( 1.850000000000000100, 1.149999999999999900, -2.261874999999999900 ) ) ;
#455 = VECTOR ( 'NONE', #456, 1000.000000000000000 ) ;
#456 = DIRECTION ( 'NONE',  ( 1.000000000000000000, 0.0000000000000000000, 0.0000000000000000000 ) ) ;
#457 = CARTESIAN_POINT ( 'NONE',  ( -1.070000000000000100, 1.000000000000000000, 2.274999999999999900 ) ) ;
#458 = CARTESIAN_POINT ( 'NONE',  ( 1.070000000000000100, 1.000000000000000000, 2.636029765733800100 ) ) ;
#459 = CARTESIAN_POINT ( 'NONE',  ( -1.110000000000000100, 2.100000000000000100, 1.115000000000000200 ) ) ;
#460 = CARTESIAN_POINT ( 'NONE',  ( 1.070000000000000100, 1.149999999999999900, 2.261874999999999900 ) ) ;
#461 = CARTESIAN_POINT ( 'NONE',  ( 1.470000000000000000, -2.028437485834575200E-017, 3.500000000000000000 ) ) ;
#462 = ORIENTED_EDGE ( 'NONE', *, *, #52, .T. ) ;
#463 = EDGE_CURVE ( 'NONE', #217, #275, #854, .T. ) ;
#464 = CARTESIAN_POINT ( 'NONE',  ( 1.070000000000000100, 0.1499999999999999900, -3.105031130731454900 ) ) ;
#465 = CARTESIAN_POINT ( 'NONE',  ( -1.470000000000000000, -2.028437485834575200E-017, 3.500000000000000000 ) ) ;
#466 = CIRCLE ( 'NONE', #467, 0.3999999999999999700 ) ;
#467 = AXIS2_PLACEMENT_3D ( 'NONE', #468, #469, #470 ) ;
#468 = CARTESIAN_POINT ( 'NONE',  ( -1.110000000000000100, 2.100000000000000100, 1.515000000000000100 ) ) ;
#469 = DIRECTION ( 'NONE',  ( 0.0000000000000000000, 1.000000000000000000, 0.0000000000000000000 ) ) ;
#470 = DIRECTION ( 'NONE',  ( 0.0000000000000000000, 0.0000000000000000000, 1.000000000000000000 ) ) ;
#471 = LINE ( 'NONE', #472, #473 ) ;
#472 = CARTESIAN_POINT ( 'NONE',  ( -1.070000000000000100, 1.000000000000000000, 2.636029765733800100 ) ) ;
#473 = VECTOR ( 'NONE', #474, 1000.000000000000000 ) ;
#474 = DIRECTION ( 'NONE',  ( -1.000000000000000000, 0.0000000000000000000, 0.0000000000000000000 ) ) ;
#475 = LINE ( 'NONE', #476, #477 ) ;
#476 = CARTESIAN_POINT ( 'NONE',  ( -1.070000000000000100, 2.200000000000000200, 2.169999999999999900 ) ) ;
#477 = VECTOR ( 'NONE', #478, 1000.000000000000000 ) ;
#478 = DIRECTION ( 'NONE',  ( 0.0000000000000000000, 0.9961937174961129600, -0.08716695028090999700 ) ) ;
#479 = LINE ( 'NONE', #481, #482 ) ;
#480 = EDGE_CURVE ( 'NONE', #1626, #86, #875, .T. ) ;
#481 = CARTESIAN_POINT ( 'NONE',  ( 1.850000000000000100, 1.000000000000000000, -2.274999999999999900 ) ) ;
#482 = VECTOR ( 'NONE', #483, 1000.000000000000000 ) ;
#483 = DIRECTION ( 'NONE',  ( -1.000000000000000000, 0.0000000000000000000, 0.0000000000000000000 ) ) ;
#484 = LINE ( 'NONE', #485, #486 ) ;
#485 = CARTESIAN_POINT ( 'NONE',  ( -1.070000000000000100, 1.000000000000000000, -2.636029765733800100 ) ) ;
#486 = VECTOR ( 'NONE', #487, 1000.000000000000000 ) ;
#487 = DIRECTION ( 'NONE',  ( -1.000000000000000000, 0.0000000000000000000, 0.0000000000000000000 ) ) ;
#488 = LINE ( 'NONE', #489, #490 ) ;
#489 = CARTESIAN_POINT ( 'NONE',  ( 1.070000000000000100, 2.200000000000000200, 2.169999999999999900 ) ) ;
#490 = VECTOR ( 'NONE', #491, 1000.000000000000000 ) ;
#491 = DIRECTION ( 'NONE',  ( 0.0000000000000000000, 0.9961937174961129600, -0.08716695028090999700 ) ) ;
#492 = CARTESIAN_POINT ( 'NONE',  ( -1.850000000000000100, 1.000000000000000000, 2.274999999999999900 ) ) ;
#493 = LINE ( 'NONE', #494, #495 ) ;
#494 = CARTESIAN_POINT ( 'NONE',  ( 1.850000000000000100, 1.000000000000000000, -2.274999999999999900 ) ) ;
#495 = VECTOR ( 'NONE', #496, 1000.000000000000000 ) ;
#496 = DIRECTION ( 'NONE',  ( -1.000000000000000000, 0.0000000000000000000, 0.0000000000000000000 ) ) ;
#497 = ADVANCED_FACE ( 'NONE', ( #881 ), #882, .F. ) ;
#498 = EDGE_CURVE ( 'NONE', #251, #791, #887, .T. ) ;
#499 = LINE ( 'NONE', #500, #501 ) ;
#500 = CARTESIAN_POINT ( 'NONE',  ( 1.850000000000000100, 1.149999999999999900, -2.261874999999999900 ) ) ;
#501 = VECTOR ( 'NONE', #502, 1000.000000000000000 ) ;
#502 = DIRECTION ( 'NONE',  ( 1.000000000000000000, 0.0000000000000000000, 0.0000000000000000000 ) ) ;
#503 = CARTESIAN_POINT ( 'NONE',  ( 1.070000000000000100, -2.028437485834575200E-017, 3.500000000000000000 ) ) ;
#504 = CARTESIAN_POINT ( 'NONE',  ( 1.070000000000000100, 4.094594283277304900E-017, -3.000000000000000000 ) ) ;
#505 = LINE ( 'NONE', #506, #507 ) ;
#506 = CARTESIAN_POINT ( 'NONE',  ( -1.070000000000000100, 1.000000000000000000, -2.075000000000000200 ) ) ;
#507 = VECTOR ( 'NONE', #508, 1000.000000000000000 ) ;
#508 = DIRECTION ( 'NONE',  ( 0.0000000000000000000, 0.0000000000000000000, -1.000000000000000000 ) ) ;
#509 = LINE ( 'NONE', #510, #511 ) ;
#510 = CARTESIAN_POINT ( 'NONE',  ( 1.470000000000000000, 1.000000000000000000, 2.636029765733800100 ) ) ;
#511 = VECTOR ( 'NONE', #512, 1000.000000000000000 ) ;
#512 = DIRECTION ( 'NONE',  ( -1.000000000000000000, 0.0000000000000000000, 0.0000000000000000000 ) ) ;
#513 = FACE_OUTER_BOUND ( 'NONE', #1563, .T. ) ;
#514 = COLOUR_RGB ( '',0.0000000000000000000, 0.0000000000000000000, 0.0000000000000000000 ) ;
#515 = ORIENTED_EDGE ( 'NONE', *, *, #1628, .T. ) ;
#516 = FILL_AREA_STYLE_COLOUR ( '', #514 ) ;
#517 = FILL_AREA_STYLE ('',( #516 ) ) ;
#518 = SURFACE_STYLE_FILL_AREA ( #517 ) ;
#519 = SURFACE_SIDE_STYLE ('',( #518 ) ) ;
#520 = SURFACE_STYLE_USAGE ( .BOTH. , #519 ) ;
#521 = PRESENTATION_STYLE_ASSIGNMENT (( #520 ) ) ;
#522 = STYLED_ITEM ( 'NONE', ( #521 ), #263 ) ;
#523 = PRESENTATION_LAYER_ASSIGNMENT (  '', '', ( #522 ) ) ;
#524 = MECHANICAL_DESIGN_GEOMETRIC_PRESENTATION_REPRESENTATION (  '', ( #522 ), #529 ) ;
#525 =( LENGTH_UNIT ( ) NAMED_UNIT ( * ) SI_UNIT ( .MILLI., .METRE. ) );
#526 =( NAMED_UNIT ( * ) PLANE_ANGLE_UNIT ( ) SI_UNIT ( $, .RADIAN. ) );
#527 =( NAMED_UNIT ( * ) SI_UNIT ( $, .STERADIAN. ) SOLID_ANGLE_UNIT ( ) );
#528 = UNCERTAINTY_MEASURE_WITH_UNIT (LENGTH_MEASURE( 1.000000000000000100E-005 ), #525, 'distance_accuracy_value', 'NONE');
#529 =( GEOMETRIC_REPRESENTATION_CONTEXT ( 3 ) GLOBAL_UNCERTAINTY_ASSIGNED_CONTEXT ( ( #528 ) ) GLOBAL_UNIT_ASSIGNED_CONTEXT ( ( #525, #526, #527 ) ) REPRESENTATION_CONTEXT ( 'NONE', 'WORKASPACE' ) );
#530 = CYLINDRICAL_SURFACE ( 'NONE', #531, 0.3999999999999999700 ) ;
#531 = AXIS2_PLACEMENT_3D ( 'NONE', #533, #534, #535 ) ;
#532 = ADVANCED_FACE ( 'NONE', ( #932 ), #933, .F. ) ;
#533 = CARTESIAN_POINT ( 'NONE',  ( -1.110000000000000100, 2.100000000000000100, 1.515000000000000100 ) ) ;
#534 = DIRECTION ( 'NONE',  ( 0.0000000000000000000, 1.000000000000000000, 0.0000000000000000000 ) ) ;
#535 = DIRECTION ( 'NONE',  ( 0.0000000000000000000, 0.0000000000000000000, 1.000000000000000000 ) ) ;
#536 = LINE ( 'NONE', #537, #538 ) ;
#537 = CARTESIAN_POINT ( 'NONE',  ( 1.470000000000000000, 1.000000000000000000, -2.636029765733800100 ) ) ;
#538 = VECTOR ( 'NONE', #539, 999.9999999999998900 ) ;
#539 = DIRECTION ( 'NONE',  ( 0.0000000000000000000, -0.9396926207859094300, -0.3420201433256661000 ) ) ;
#540 = LINE ( 'NONE', #541, #542 ) ;
#541 = CARTESIAN_POINT ( 'NONE',  ( 1.470000000000000000, 4.094594283277304900E-017, 3.000000000000000000 ) ) ;
#542 = VECTOR ( 'NONE', #543, 1000.000000000000000 ) ;
#543 = DIRECTION ( 'NONE',  ( 0.0000000000000000000, 1.224606353822375800E-016, -1.000000000000000000 ) ) ;
#544 = LINE ( 'NONE', #545, #546 ) ;
#545 = CARTESIAN_POINT ( 'NONE',  ( 1.850000000000000100, 1.000000000000000000, -2.274999999999999900 ) ) ;
#546 = VECTOR ( 'NONE', #547, 1000.000000000000000 ) ;
#547 = DIRECTION ( 'NONE',  ( -1.000000000000000000, 0.0000000000000000000, 0.0000000000000000000 ) ) ;
#548 = LINE ( 'NONE', #551, #552 ) ;
#549 = ORIENTED_EDGE ( 'NONE', *, *, #1085, .T. ) ;
#550 = ORIENTED_EDGE ( 'NONE', *, *, #1610, .F. ) ;
#551 = CARTESIAN_POINT ( 'NONE',  ( -1.110000000000000100, 2.100000000000000100, 1.915000000000000000 ) ) ;
#552 = VECTOR ( 'NONE', #553, 1000.000000000000000 ) ;
#553 = DIRECTION ( 'NONE',  ( 0.0000000000000000000, 1.000000000000000000, 0.0000000000000000000 ) ) ;
#554 = LINE ( 'NONE', #555, #556 ) ;
#555 = CARTESIAN_POINT ( 'NONE',  ( -1.070000000000000100, 4.094594283277304900E-017, -3.000000000000000000 ) ) ;
#556 = VECTOR ( 'NONE', #557, 1000.000000000000000 ) ;
#557 = DIRECTION ( 'NONE',  ( -1.000000000000000000, 0.0000000000000000000, 0.0000000000000000000 ) ) ;
#558 = LINE ( 'NONE', #559, #560 ) ;
#559 = CARTESIAN_POINT ( 'NONE',  ( -1.725359764548860100, 2.495682825413664900, -2.144127752776305000 ) ) ;
#560 = VECTOR ( 'NONE', #561, 1000.000000000000100 ) ;
#561 = DIRECTION ( 'NONE',  ( 0.08273155291385841900, 0.9927786349663000300, 0.08686813055955129600 ) ) ;
#562 = LINE ( 'NONE', #563, #564 ) ;
#563 = CARTESIAN_POINT ( 'NONE',  ( -1.070000000000000100, 0.1499999999999999900, -3.105031130731454900 ) ) ;
#564 = VECTOR ( 'NONE', #565, 1000.000000000000000 ) ;
#565 = DIRECTION ( 'NONE',  ( 0.0000000000000000000, -2.745031967945675200E-015, 1.000000000000000000 ) ) ;
#566 = LINE ( 'NONE', #568, #569 ) ;
#567 = ORIENTED_EDGE ( 'NONE', *, *, #24, .T. ) ;
#568 = CARTESIAN_POINT ( 'NONE',  ( -1.110000000000000100, 2.100000000000000100, 1.115000000000000200 ) ) ;
#569 = VECTOR ( 'NONE', #570, 1000.000000000000000 ) ;
#570 = DIRECTION ( 'NONE',  ( 0.0000000000000000000, 1.000000000000000000, 0.0000000000000000000 ) ) ;
#571 = LINE ( 'NONE', #572, #573 ) ;
#572 = CARTESIAN_POINT ( 'NONE',  ( 1.470000000000000000, 1.149999999999999900, 2.741060896465260300 ) ) ;
#573 = VECTOR ( 'NONE', #574, 1000.000000000000000 ) ;
#574 = DIRECTION ( 'NONE',  ( -1.000000000000000000, 0.0000000000000000000, 0.0000000000000000000 ) ) ;
#575 = LINE ( 'NONE', #576, #577 ) ;
#576 = CARTESIAN_POINT ( 'NONE',  ( -1.070000000000000100, 0.1499999999999999900, 3.105031130731454900 ) ) ;
#577 = VECTOR ( 'NONE', #578, 1000.000000000000000 ) ;
#578 = DIRECTION ( 'NONE',  ( -1.000000000000000000, 0.0000000000000000000, 0.0000000000000000000 ) ) ;
#579 = LINE ( 'NONE', #580, #581 ) ;
#580 = CARTESIAN_POINT ( 'NONE',  ( 1.070000000000000100, 1.000000000000000000, 2.075000000000000200 ) ) ;
#581 = VECTOR ( 'NONE', #582, 1000.000000000000000 ) ;
#582 = DIRECTION ( 'NONE',  ( 0.0000000000000000000, 0.0000000000000000000, -1.000000000000000000 ) ) ;
#583 = LINE ( 'NONE', #587, #588 ) ;
#584 = EDGE_CURVE ( 'NONE', #89, #168, #967, .T. ) ;
#585 = ORIENTED_EDGE ( 'NONE', *, *, #71, .T. ) ;
#586 = ORIENTED_EDGE ( 'NONE', *, *, #115, .T. ) ;
#587 = CARTESIAN_POINT ( 'NONE',  ( -1.070000000000000100, 1.149999999999999900, -2.075000000000000200 ) ) ;
#588 = VECTOR ( 'NONE', #589, 1000.000000000000000 ) ;
#589 = DIRECTION ( 'NONE',  ( 0.0000000000000000000, -3.255564703585799800E-016, 1.000000000000000000 ) ) ;
#590 = LINE ( 'NONE', #591, #592 ) ;
#591 = CARTESIAN_POINT ( 'NONE',  ( 1.070000000000000100, 0.1499999999999999900, 3.500000000000000000 ) ) ;
#592 = VECTOR ( 'NONE', #593, 1000.000000000000000 ) ;
#593 = DIRECTION ( 'NONE',  ( 0.0000000000000000000, -1.000000000000000000, 0.0000000000000000000 ) ) ;
#594 = LINE ( 'NONE', #595, #596 ) ;
#595 = CARTESIAN_POINT ( 'NONE',  ( 1.850000000000000100, 1.000000000000000000, 2.274999999999999900 ) ) ;
#596 = VECTOR ( 'NONE', #597, 1000.000000000000000 ) ;
#597 = DIRECTION ( 'NONE',  ( -1.000000000000000000, 0.0000000000000000000, 0.0000000000000000000 ) ) ;
#598 = CARTESIAN_POINT ( 'NONE',  ( -1.750000000000000000, 2.200000000000000200, -2.169999999999999900 ) ) ;
#599 = LINE ( 'NONE', #600, #601 ) ;
#600 = CARTESIAN_POINT ( 'NONE',  ( 1.850000000000000100, 1.000000000000000000, 2.274999999999999900 ) ) ;
#601 = VECTOR ( 'NONE', #602, 1000.000000000000000 ) ;
#602 = DIRECTION ( 'NONE',  ( -1.000000000000000000, 0.0000000000000000000, 0.0000000000000000000 ) ) ;
#603 = ORIENTED_EDGE ( 'NONE', *, *, #58, .T. ) ;
#604 = ORIENTED_EDGE ( 'NONE', *, *, #1033, .F. ) ;
#605 = VERTEX_POINT ( 'NONE', #976 ) ;
#606 = ORIENTED_EDGE ( 'NONE', *, *, #1635, .T. ) ;
#607 = ORIENTED_EDGE ( 'NONE', *, *, #99, .F. ) ;
#608 = CARTESIAN_POINT ( 'NONE',  ( -1.070000000000000100, 1.149999999999999900, -2.741060896465260300 ) ) ;
#609 = FACE_OUTER_BOUND ( 'NONE', #1209, .T. ) ;
#610 = PLANE ( 'NONE',  #611 ) ;
#611 = AXIS2_PLACEMENT_3D ( 'NONE', #612, #613, #614 ) ;
#612 = CARTESIAN_POINT ( 'NONE',  ( -1.070000000000000100, 4.094594283277304900E-017, -3.000000000000000000 ) ) ;
#613 = DIRECTION ( 'NONE',  ( 0.0000000000000000000, 1.000000000000000000, -1.224606353822375800E-016 ) ) ;
#614 = DIRECTION ( 'NONE',  ( 0.0000000000000000000, 1.224606353822375800E-016, 1.000000000000000000 ) ) ;
#615 = FACE_OUTER_BOUND ( 'NONE', #29, .T. ) ;
#616 = PLANE ( 'NONE',  #617 ) ;
#617 = AXIS2_PLACEMENT_3D ( 'NONE', #618, #619, #620 ) ;
#618 = CARTESIAN_POINT ( 'NONE',  ( -1.070000000000000100, 1.542220305613435100E-016, 2.075000000000000200 ) ) ;
#619 = DIRECTION ( 'NONE',  ( -1.000000000000000000, 0.0000000000000000000, 0.0000000000000000000 ) ) ;
#620 = DIRECTION ( 'NONE',  ( 0.0000000000000000000, 0.0000000000000000000, 1.000000000000000000 ) ) ;
#621 = LINE ( 'NONE', #622, #623 ) ;
#622 = CARTESIAN_POINT ( 'NONE',  ( 1.070000000000000100, 1.000000000000000000, 2.636029765733800100 ) ) ;
#623 = VECTOR ( 'NONE', #627, 999.9999999999998900 ) ;
#624 = ORIENTED_EDGE ( 'NONE', *, *, #285, .T. ) ;
#625 = EDGE_LOOP ( 'NONE', ( #753, #72, #93, #1385 ) ) ;
#626 = VERTEX_POINT ( 'NONE', #991 ) ;
#627 = DIRECTION ( 'NONE',  ( 0.0000000000000000000, 0.9396926207859094300, -0.3420201433256661000 ) ) ;
#628 = CARTESIAN_POINT ( 'NONE',  ( -1.750000000000000000, 0.1000000000000000100, 2.169999999999999900 ) ) ;
#629 = CIRCLE ( 'NONE', #630, 0.3999999999999999700 ) ;
#630 = AXIS2_PLACEMENT_3D ( 'NONE', #631, #632, #633 ) ;
#631 = CARTESIAN_POINT ( 'NONE',  ( -1.110000000000000100, 2.200000000000000200, 1.515000000000000100 ) ) ;
#632 = DIRECTION ( 'NONE',  ( 0.0000000000000000000, 1.000000000000000000, 0.0000000000000000000 ) ) ;
#633 = DIRECTION ( 'NONE',  ( 0.0000000000000000000, 0.0000000000000000000, 1.000000000000000000 ) ) ;
#634 = CIRCLE ( 'NONE', #635, 0.3999999999999999700 ) ;
#635 = AXIS2_PLACEMENT_3D ( 'NONE', #636, #637, #638 ) ;
#636 = CARTESIAN_POINT ( 'NONE',  ( -1.110000000000000100, 2.200000000000000200, 1.515000000000000100 ) ) ;
#637 = DIRECTION ( 'NONE',  ( 0.0000000000000000000, 1.000000000000000000, 0.0000000000000000000 ) ) ;
#638 = DIRECTION ( 'NONE',  ( 0.0000000000000000000, 0.0000000000000000000, 1.000000000000000000 ) ) ;
#639 = FACE_OUTER_BOUND ( 'NONE', #1618, .T. ) ;
#640 = PLANE ( 'NONE',  #641 ) ;
#641 = AXIS2_PLACEMENT_3D ( 'NONE', #642, #645, #646 ) ;
#642 = CARTESIAN_POINT ( 'NONE',  ( 1.070000000000000100, 1.542220305613435100E-016, 2.075000000000000200 ) ) ;
#643 = ORIENTED_EDGE ( 'NONE', *, *, #192, .T. ) ;
#644 = EDGE_CURVE ( 'NONE', #168, #1575, #1008, .T. ) ;
#645 = DIRECTION ( 'NONE',  ( -1.000000000000000000, 0.0000000000000000000, 0.0000000000000000000 ) ) ;
#646 = DIRECTION ( 'NONE',  ( 0.0000000000000000000, 0.0000000000000000000, 1.000000000000000000 ) ) ;
#647 = LINE ( 'NONE', #648, #649 ) ;
#648 = CARTESIAN_POINT ( 'NONE',  ( -1.725359764548860100, 2.495682825413664900, 2.144127752776305000 ) ) ;
#649 = VECTOR ( 'NONE', #650, 1000.000000000000100 ) ;
#650 = DIRECTION ( 'NONE',  ( -0.08273155291385841900, -0.9927786349663000300, 0.08686813055955129600 ) ) ;
#651 = FACE_OUTER_BOUND ( 'NONE', #128, .T. ) ;
#652 = PLANE ( 'NONE',  #653 ) ;
#653 = AXIS2_PLACEMENT_3D ( 'NONE', #654, #655, #656 ) ;
#654 = CARTESIAN_POINT ( 'NONE',  ( 1.470000000000000000, 1.542220305613435100E-016, 2.075000000000000200 ) ) ;
#655 = DIRECTION ( 'NONE',  ( -1.000000000000000000, 0.0000000000000000000, 0.0000000000000000000 ) ) ;
#656 = DIRECTION ( 'NONE',  ( 0.0000000000000000000, 0.0000000000000000000, 1.000000000000000000 ) ) ;
#657 = CARTESIAN_POINT ( 'NONE',  ( -1.070000000000000100, -2.028437485834575200E-017, 3.500000000000000000 ) ) ;
#658 = FACE_OUTER_BOUND ( 'NONE', #773, .T. ) ;
#659 = PLANE ( 'NONE',  #660 ) ;
#660 = AXIS2_PLACEMENT_3D ( 'NONE', #664, #665, #666 ) ;
#661 = EDGE_CURVE ( 'NONE', #191, #1569, #1012, .T. ) ;
#662 = ORIENTED_EDGE ( 'NONE', *, *, #160, .T. ) ;
#663 = ORIENTED_EDGE ( 'NONE', *, *, #1666, .T. ) ;
#664 = CARTESIAN_POINT ( 'NONE',  ( -1.470000000000000000, 1.542220305613435100E-016, 2.075000000000000200 ) ) ;
#665 = DIRECTION ( 'NONE',  ( -1.000000000000000000, 0.0000000000000000000, 0.0000000000000000000 ) ) ;
#666 = DIRECTION ( 'NONE',  ( 0.0000000000000000000, 0.0000000000000000000, 1.000000000000000000 ) ) ;
#667 = FACE_OUTER_BOUND ( 'NONE', #264, .T. ) ;
#668 = PLANE ( 'NONE',  #669 ) ;
#669 = AXIS2_PLACEMENT_3D ( 'NONE', #670, #671, #672 ) ;
#670 = CARTESIAN_POINT ( 'NONE',  ( -1.070000000000000100, 0.1499999999999999900, 3.500000000000000000 ) ) ;
#671 = DIRECTION ( 'NONE',  ( 0.0000000000000000000, 0.0000000000000000000, -1.000000000000000000 ) ) ;
#672 = DIRECTION ( 'NONE',  ( -1.000000000000000000, 0.0000000000000000000, 0.0000000000000000000 ) ) ;
#673 = LINE ( 'NONE', #674, #675 ) ;
#674 = CARTESIAN_POINT ( 'NONE',  ( -1.070000000000000100, 1.149999999999999900, -2.741060896465260300 ) ) ;
#675 = VECTOR ( 'NONE', #676, 999.9999999999998900 ) ;
#676 = DIRECTION ( 'NONE',  ( 0.0000000000000000000, 0.9396926207859094300, 0.3420201433256661000 ) ) ;
#677 = LINE ( 'NONE', #678, #679 ) ;
#678 = CARTESIAN_POINT ( 'NONE',  ( 1.470000000000000000, 1.000000000000000000, 2.075000000000000200 ) ) ;
#679 = VECTOR ( 'NONE', #682, 1000.000000000000000 ) ;
#680 = ORIENTED_EDGE ( 'NONE', *, *, #21, .T. ) ;
#681 = EDGE_LOOP ( 'NONE', ( #147, #193, #291, #1603 ) ) ;
#682 = DIRECTION ( 'NONE',  ( 0.0000000000000000000, 0.0000000000000000000, -1.000000000000000000 ) ) ;
#683 = LINE ( 'NONE', #684, #685 ) ;
#684 = CARTESIAN_POINT ( 'NONE',  ( 1.850000000000000100, 1.000000000000000000, -2.274999999999999900 ) ) ;
#685 = VECTOR ( 'NONE', #686, 1000.000000000000000 ) ;
#686 = DIRECTION ( 'NONE',  ( 0.0000000000000000000, 0.0000000000000000000, 1.000000000000000000 ) ) ;
#687 = CARTESIAN_POINT ( 'NONE',  ( 1.470000000000000000, 4.094594283277304900E-017, -3.000000000000000000 ) ) ;
#688 = CARTESIAN_POINT ( 'NONE',  ( -1.070000000000000100, 1.149999999999999900, 2.741060896465260300 ) ) ;
#689 = FACE_OUTER_BOUND ( 'NONE', #1663, .T. ) ;
#690 = PLANE ( 'NONE',  #691 ) ;
#691 = AXIS2_PLACEMENT_3D ( 'NONE', #692, #693, #694 ) ;
#692 = CARTESIAN_POINT ( 'NONE',  ( -1.070000000000000100, 0.1499999999999999900, -3.105031130731454900 ) ) ;
#693 = DIRECTION ( 'NONE',  ( 0.0000000000000000000, -1.000000000000000000, -2.745031967945675200E-015 ) ) ;
#694 = DIRECTION ( 'NONE',  ( 0.0000000000000000000, 2.745031967945675200E-015, -1.000000000000000000 ) ) ;
#695 = LINE ( 'NONE', #696, #697 ) ;
#696 = CARTESIAN_POINT ( 'NONE',  ( -1.070000000000000100, 0.1499999999999999900, 3.500000000000000000 ) ) ;
#697 = VECTOR ( 'NONE', #699, 1000.000000000000000 ) ;
#698 = EDGE_LOOP ( 'NONE', ( #772, #1654, #188, #28 ) ) ;
#699 = DIRECTION ( 'NONE',  ( 0.0000000000000000000, -1.000000000000000000, 0.0000000000000000000 ) ) ;
#700 = LINE ( 'NONE', #701, #702 ) ;
#701 = CARTESIAN_POINT ( 'NONE',  ( 1.470000000000000000, 4.094594283277304900E-017, -3.000000000000000000 ) ) ;
#702 = VECTOR ( 'NONE', #703, 1000.000000000000000 ) ;
#703 = DIRECTION ( 'NONE',  ( -1.000000000000000000, 0.0000000000000000000, 0.0000000000000000000 ) ) ;
#704 = LINE ( 'NONE', #705, #706 ) ;
#705 = CARTESIAN_POINT ( 'NONE',  ( -1.070000000000000100, 4.094594283277304900E-017, 3.000000000000000000 ) ) ;
#706 = VECTOR ( 'NONE', #707, 1000.000000000000000 ) ;
#707 = DIRECTION ( 'NONE',  ( -1.000000000000000000, 0.0000000000000000000, 0.0000000000000000000 ) ) ;
#708 = LINE ( 'NONE', #709, #710 ) ;
#709 = CARTESIAN_POINT ( 'NONE',  ( 1.470000000000000000, 0.1499999999999999900, 3.105031130731459800 ) ) ;
#710 = VECTOR ( 'NONE', #711, 1000.000000000000000 ) ;
#711 = DIRECTION ( 'NONE',  ( -1.000000000000000000, 0.0000000000000000000, 0.0000000000000000000 ) ) ;
#712 = CIRCLE ( 'NONE', #713, 0.3999999999999999700 ) ;
#713 = AXIS2_PLACEMENT_3D ( 'NONE', #714, #718, #719 ) ;
#714 = CARTESIAN_POINT ( 'NONE',  ( -1.110000000000000100, 2.100000000000000100, 1.515000000000000100 ) ) ;
#715 = VERTEX_POINT ( 'NONE', #1096 ) ;
#716 = ORIENTED_EDGE ( 'NONE', *, *, #259, .T. ) ;
#717 = ORIENTED_EDGE ( 'NONE', *, *, #1647, .T. ) ;
#718 = DIRECTION ( 'NONE',  ( 0.0000000000000000000, 1.000000000000000000, 0.0000000000000000000 ) ) ;
#719 = DIRECTION ( 'NONE',  ( 0.0000000000000000000, 0.0000000000000000000, 1.000000000000000000 ) ) ;
#720 = LINE ( 'NONE', #721, #722 ) ;
#721 = CARTESIAN_POINT ( 'NONE',  ( -1.070000000000000100, 1.000000000000000000, -2.636029765733800100 ) ) ;
#722 = VECTOR ( 'NONE', #723, 999.9999999999998900 ) ;
#723 = DIRECTION ( 'NONE',  ( 0.0000000000000000000, -0.9396926207859094300, -0.3420201433256661000 ) ) ;
#724 = CARTESIAN_POINT ( 'NONE',  ( 1.850000000000000100, 1.000000000000000000, -2.274999999999999900 ) ) ;
#725 = CARTESIAN_POINT ( 'NONE',  ( 1.470000000000000000, 1.000000000000000000, 2.636029765733800100 ) ) ;
#726 = FACE_OUTER_BOUND ( 'NONE', #1105, .T. ) ;
#727 = COLOUR_RGB ( '',0.0000000000000000000, 0.0000000000000000000, 0.0000000000000000000 ) ;
#728 = FILL_AREA_STYLE_COLOUR ( '', #727 ) ;
#729 = FILL_AREA_STYLE ('',( #728 ) ) ;
#730 = SURFACE_STYLE_FILL_AREA ( #729 ) ;
#731 = SURFACE_SIDE_STYLE ('',( #730 ) ) ;
#732 = SURFACE_STYLE_USAGE ( .BOTH. , #731 ) ;
#733 = PRESENTATION_STYLE_ASSIGNMENT (( #732 ) ) ;
#734 = EDGE_CURVE ( 'NONE', #286, #236, #1107, .T. ) ;
#735 = VERTEX_POINT ( 'NONE', #1111 ) ;
#736 = STYLED_ITEM ( 'NONE', ( #733 ), #293 ) ;
#737 = PRESENTATION_LAYER_ASSIGNMENT (  '', '', ( #736 ) ) ;
#738 = MECHANICAL_DESIGN_GEOMETRIC_PRESENTATION_REPRESENTATION (  '', ( #736 ), #743 ) ;
#739 =( LENGTH_UNIT ( ) NAMED_UNIT ( * ) SI_UNIT ( .MILLI., .METRE. ) );
#740 =( NAMED_UNIT ( * ) PLANE_ANGLE_UNIT ( ) SI_UNIT ( $, .RADIAN. ) );
#741 =( NAMED_UNIT ( * ) SI_UNIT ( $, .STERADIAN. ) SOLID_ANGLE_UNIT ( ) );
#742 = UNCERTAINTY_MEASURE_WITH_UNIT (LENGTH_MEASURE( 1.000000000000000100E-005 ), #739, 'distance_accuracy_value', 'NONE');
#743 =( GEOMETRIC_REPRESENTATION_CONTEXT ( 3 ) GLOBAL_UNCERTAINTY_ASSIGNED_CONTEXT ( ( #742 ) ) GLOBAL_UNIT_ASSIGNED_CONTEXT ( ( #739, #740, #741 ) ) REPRESENTATION_CONTEXT ( 'NONE', 'WORKASPACE' ) );
#744 = PLANE ( 'NONE',  #745 ) ;
#745 = AXIS2_PLACEMENT_3D ( 'NONE', #746, #747, #748 ) ;
#746 = CARTESIAN_POINT ( 'NONE',  ( 1.850000000000000100, 2.200000000000000200, 2.169999999999999900 ) ) ;
#747 = DIRECTION ( 'NONE',  ( 0.0000000000000000000, -0.08716695028090999700, -0.9961937174961129600 ) ) ;
#748 = DIRECTION ( 'NONE',  ( 0.0000000000000000000, 0.9961937174961129600, -0.08716695028090999700 ) ) ;
#749 = LINE ( 'NONE', #750, #751 ) ;
#750 = CARTESIAN_POINT ( 'NONE',  ( 1.470000000000000000, 4.094594283277304900E-017, 3.000000000000000000 ) ) ;
#751 = VECTOR ( 'NONE', #754, 1000.000000000000000 ) ;
#752 = ORIENTED_EDGE ( 'NONE', *, *, #48, .F. ) ;
#753 = ORIENTED_EDGE ( 'NONE', *, *, #241, .T. ) ;
#754 = DIRECTION ( 'NONE',  ( -1.000000000000000000, 0.0000000000000000000, 0.0000000000000000000 ) ) ;
#755 = LINE ( 'NONE', #756, #757 ) ;
#756 = CARTESIAN_POINT ( 'NONE',  ( 1.470000000000000000, 0.1499999999999999900, 3.500000000000000000 ) ) ;
#757 = VECTOR ( 'NONE', #758, 1000.000000000000000 ) ;
#758 = DIRECTION ( 'NONE',  ( 0.0000000000000000000, -1.000000000000000000, 0.0000000000000000000 ) ) ;
#759 = LINE ( 'NONE', #760, #761 ) ;
#760 = CARTESIAN_POINT ( 'NONE',  ( -1.470000000000000000, 1.149999999999999900, -2.075000000000000200 ) ) ;
#761 = VECTOR ( 'NONE', #762, 1000.000000000000000 ) ;
#762 = DIRECTION ( 'NONE',  ( 0.0000000000000000000, -3.255564703585799800E-016, 1.000000000000000000 ) ) ;
#763 = FACE_OUTER_BOUND ( 'NONE', #1140, .T. ) ;
#764 = PLANE ( 'NONE',  #765 ) ;
#765 = AXIS2_PLACEMENT_3D ( 'NONE', #766, #767, #768 ) ;
#766 = CARTESIAN_POINT ( 'NONE',  ( -1.070000000000000100, 4.094594283277304900E-017, 3.000000000000000000 ) ) ;
#767 = DIRECTION ( 'NONE',  ( 0.0000000000000000000, 1.000000000000000000, 1.224606353822375800E-016 ) ) ;
#768 = DIRECTION ( 'NONE',  ( 0.0000000000000000000, -1.224606353822375800E-016, 1.000000000000000000 ) ) ;
#769 = FACE_OUTER_BOUND ( 'NONE', #186, .T. ) ;
#770 = EDGE_CURVE ( 'NONE', #54, #1243, #1124, .T. ) ;
#771 = ORIENTED_EDGE ( 'NONE', *, *, #661, .F. ) ;
#772 = ORIENTED_EDGE ( 'NONE', *, *, #253, .F. ) ;
#773 = EDGE_LOOP ( 'NONE', ( #1593, #113, #184, #1612, #604, #1592, #126, #1566 ) ) ;
#774 = ORIENTED_EDGE ( 'NONE', *, *, #1553, .F. ) ;
#775 = PLANE ( 'NONE',  #776 ) ;
#776 = AXIS2_PLACEMENT_3D ( 'NONE', #777, #778, #779 ) ;
#777 = CARTESIAN_POINT ( 'NONE',  ( -1.070000000000000100, 1.000000000000000000, 2.636029765733800100 ) ) ;
#778 = DIRECTION ( 'NONE',  ( 0.0000000000000000000, 0.3420201433256661000, 0.9396926207859094300 ) ) ;
#779 = DIRECTION ( 'NONE',  ( 0.0000000000000000000, -0.9396926207859094300, 0.3420201433256661000 ) ) ;
#780 = LINE ( 'NONE', #781, #782 ) ;
#781 = CARTESIAN_POINT ( 'NONE',  ( -1.470000000000000000, 1.149999999999999900, 2.075000000000000200 ) ) ;
#782 = VECTOR ( 'NONE', #783, 1000.000000000000000 ) ;
#783 = DIRECTION ( 'NONE',  ( 0.0000000000000000000, 3.255564703585799800E-016, 1.000000000000000000 ) ) ;
#784 = CARTESIAN_POINT ( 'NONE',  ( -1.110000000000000100, 2.200000000000000200, 1.115000000000000200 ) ) ;
#785 = CARTESIAN_POINT ( 'NONE',  ( 1.470000000000000000, 1.149999999999999900, -2.741060896465255000 ) ) ;
#786 = FACE_OUTER_BOUND ( 'NONE', #1175, .T. ) ;
#787 = COLOUR_RGB ( '',0.0000000000000000000, 0.0000000000000000000, 0.0000000000000000000 ) ;
#788 = FILL_AREA_STYLE_COLOUR ( '', #787 ) ;
#789 = FILL_AREA_STYLE ('',( #788 ) ) ;
#790 = SURFACE_STYLE_FILL_AREA ( #789 ) ;
#791 = VERTEX_POINT ( 'NONE', #1143 ) ;
#792 = SURFACE_SIDE_STYLE ('',( #790 ) ) ;
#793 = SURFACE_STYLE_USAGE ( .BOTH. , #792 ) ;
#794 = PRESENTATION_STYLE_ASSIGNMENT (( #793 ) ) ;
#795 = STYLED_ITEM ( 'NONE', ( #794 ), #303 ) ;
#796 = PRESENTATION_LAYER_ASSIGNMENT (  '', '', ( #795 ) ) ;
#797 = MECHANICAL_DESIGN_GEOMETRIC_PRESENTATION_REPRESENTATION (  '', ( #795 ), #802 ) ;
#798 =( LENGTH_UNIT ( ) NAMED_UNIT ( * ) SI_UNIT ( .MILLI., .METRE. ) );
#799 =( NAMED_UNIT ( * ) PLANE_ANGLE_UNIT ( ) SI_UNIT ( $, .RADIAN. ) );
#800 =( NAMED_UNIT ( * ) SI_UNIT ( $, .STERADIAN. ) SOLID_ANGLE_UNIT ( ) );
#801 = UNCERTAINTY_MEASURE_WITH_UNIT (LENGTH_MEASURE( 1.000000000000000100E-005 ), #798, 'distance_accuracy_value', 'NONE');
#802 =( GEOMETRIC_REPRESENTATION_CONTEXT ( 3 ) GLOBAL_UNCERTAINTY_ASSIGNED_CONTEXT ( ( #801 ) ) GLOBAL_UNIT_ASSIGNED_CONTEXT ( ( #798, #799, #800 ) ) REPRESENTATION_CONTEXT ( 'NONE', 'WORKASPACE' ) );
#803 = PLANE ( 'NONE',  #804 ) ;
#804 = AXIS2_PLACEMENT_3D ( 'NONE', #805, #806, #807 ) ;
#805 = CARTESIAN_POINT ( 'NONE',  ( 1.850000000000000100, 1.000000000000000000, -2.274999999999999900 ) ) ;
#806 = DIRECTION ( 'NONE',  ( 0.0000000000000000000, 0.1158806995601783800, 0.9932631390872428400 ) ) ;
#807 = DIRECTION ( 'NONE',  ( 0.0000000000000000000, -0.9932631390872428400, 0.1158806995601783800 ) ) ;
#808 = ORIENTED_EDGE ( 'NONE', *, *, #66, .T. ) ;
#809 = LINE ( 'NONE', #810, #811 ) ;
#810 = CARTESIAN_POINT ( 'NONE',  ( -1.470000000000000000, 0.1499999999999999900, 3.105031130731454900 ) ) ;
#811 = VECTOR ( 'NONE', #812, 1000.000000000000000 ) ;
#812 = DIRECTION ( 'NONE',  ( 0.0000000000000000000, 2.745031967945675200E-015, 1.000000000000000000 ) ) ;
#813 = FACE_OUTER_BOUND ( 'NONE', #1141, .T. ) ;
#814 = PLANE ( 'NONE',  #815 ) ;
#815 = AXIS2_PLACEMENT_3D ( 'NONE', #816, #817, #818 ) ;
#816 = CARTESIAN_POINT ( 'NONE',  ( -1.470000000000000000, 1.149999999999999900, -3.500000000000000000 ) ) ;
#817 = DIRECTION ( 'NONE',  ( -1.000000000000000000, 0.0000000000000000000, 0.0000000000000000000 ) ) ;
#818 = DIRECTION ( 'NONE',  ( 0.0000000000000000000, 0.0000000000000000000, 1.000000000000000000 ) ) ;
#819 = LINE ( 'NONE', #820, #821 ) ;
#820 = CARTESIAN_POINT ( 'NONE',  ( 1.470000000000000000, 0.1499999999999999900, 3.105031130731459800 ) ) ;
#821 = VECTOR ( 'NONE', #822, 1000.000000000000000 ) ;
#822 = DIRECTION ( 'NONE',  ( 0.0000000000000000000, 2.745031967945675200E-015, 1.000000000000000000 ) ) ;
#823 = CARTESIAN_POINT ( 'NONE',  ( 1.470000000000000000, -2.028437485834575200E-017, -3.500000000000000000 ) ) ;
#824 = FACE_OUTER_BOUND ( 'NONE', #625, .T. ) ;
#825 = ORIENTED_EDGE ( 'NONE', *, *, #463, .F. ) ;
#826 = PLANE ( 'NONE',  #827 ) ;
#827 = AXIS2_PLACEMENT_3D ( 'NONE', #828, #829, #830 ) ;
#828 = CARTESIAN_POINT ( 'NONE',  ( 1.470000000000000000, 1.149999999999999900, -2.741060896465255000 ) ) ;
#829 = DIRECTION ( 'NONE',  ( 0.0000000000000000000, -0.3420201433256661000, 0.9396926207859094300 ) ) ;
#830 = DIRECTION ( 'NONE',  ( 0.0000000000000000000, -0.9396926207859094300, -0.3420201433256661000 ) ) ;
#831 = CARTESIAN_POINT ( 'NONE',  ( -1.470000000000000000, 4.094594283277304900E-017, -3.000000000000000000 ) ) ;
#832 = LINE ( 'NONE', #833, #834 ) ;
#833 = CARTESIAN_POINT ( 'NONE',  ( 1.470000000000000000, 1.000000000000000000, 2.636029765733800100 ) ) ;
#834 = VECTOR ( 'NONE', #835, 999.9999999999998900 ) ;
#835 = DIRECTION ( 'NONE',  ( 0.0000000000000000000, 0.9396926207859094300, -0.3420201433256661000 ) ) ;
#836 = FACE_OUTER_BOUND ( 'NONE', #219, .T. ) ;
#837 = PLANE ( 'NONE',  #838 ) ;
#838 = AXIS2_PLACEMENT_3D ( 'NONE', #839, #840, #841 ) ;
#839 = CARTESIAN_POINT ( 'NONE',  ( 1.470000000000000000, 1.000000000000000000, 2.075000000000000200 ) ) ;
#840 = DIRECTION ( 'NONE',  ( 0.0000000000000000000, 1.000000000000000000, 0.0000000000000000000 ) ) ;
#841 = DIRECTION ( 'NONE',  ( 0.0000000000000000000, 0.0000000000000000000, 1.000000000000000000 ) ) ;
#842 = EDGE_CURVE ( 'NONE', #735, #251, #1168, .T. ) ;
#843 = ORIENTED_EDGE ( 'NONE', *, *, #156, .T. ) ;
#844 = LINE ( 'NONE', #845, #846 ) ;
#845 = CARTESIAN_POINT ( 'NONE',  ( -1.070000000000000100, 0.1499999999999999900, -3.500000000000000000 ) ) ;
#846 = VECTOR ( 'NONE', #847, 1000.000000000000000 ) ;
#847 = DIRECTION ( 'NONE',  ( 0.0000000000000000000, 1.000000000000000000, 0.0000000000000000000 ) ) ;
#848 = CARTESIAN_POINT ( 'NONE',  ( 1.070000000000000100, 1.149999999999999900, -2.261874999999999900 ) ) ;
#849 = LINE ( 'NONE', #850, #851 ) ;
#850 = CARTESIAN_POINT ( 'NONE',  ( 1.850000000000000100, 2.200000000000000200, 2.169999999999999900 ) ) ;
#851 = VECTOR ( 'NONE', #852, 1000.000000000000000 ) ;
#852 = DIRECTION ( 'NONE',  ( -1.000000000000000000, 0.0000000000000000000, 0.0000000000000000000 ) ) ;
#853 = CARTESIAN_POINT ( 'NONE',  ( -1.070000000000000100, 1.149999999999999900, -2.261874999999999900 ) ) ;
#854 = LINE ( 'NONE', #855, #856 ) ;
#855 = CARTESIAN_POINT ( 'NONE',  ( -1.750000000000000000, 0.1000000000000000100, -2.274999999999999900 ) ) ;
#856 = VECTOR ( 'NONE', #857, 1000.000000000000000 ) ;
#857 = DIRECTION ( 'NONE',  ( 0.0000000000000000000, 0.0000000000000000000, 1.000000000000000000 ) ) ;
#858 = FACE_OUTER_BOUND ( 'NONE', #1548, .T. ) ;
#859 = PLANE ( 'NONE',  #860 ) ;
#860 = AXIS2_PLACEMENT_3D ( 'NONE', #861, #862, #863 ) ;
#861 = CARTESIAN_POINT ( 'NONE',  ( -1.070000000000000100, 1.149999999999999900, -3.500000000000000000 ) ) ;
#862 = DIRECTION ( 'NONE',  ( -1.000000000000000000, 0.0000000000000000000, 0.0000000000000000000 ) ) ;
#863 = DIRECTION ( 'NONE',  ( 0.0000000000000000000, 0.0000000000000000000, 1.000000000000000000 ) ) ;
#864 = CARTESIAN_POINT ( 'NONE',  ( 1.750000000000000000, 0.1000000000000000100, 2.169999999999999900 ) ) ;
#865 = LINE ( 'NONE', #866, #867 ) ;
#866 = CARTESIAN_POINT ( 'NONE',  ( 1.470000000000000000, 0.1499999999999999900, -3.500000000000000000 ) ) ;
#867 = VECTOR ( 'NONE', #868, 1000.000000000000000 ) ;
#868 = DIRECTION ( 'NONE',  ( 0.0000000000000000000, 1.000000000000000000, 0.0000000000000000000 ) ) ;
#869 = FACE_OUTER_BOUND ( 'NONE', #681, .T. ) ;
#870 = PLANE ( 'NONE',  #871 ) ;
#871 = AXIS2_PLACEMENT_3D ( 'NONE', #872, #873, #874 ) ;
#872 = CARTESIAN_POINT ( 'NONE',  ( -1.070000000000000100, 0.1499999999999999900, -3.500000000000000000 ) ) ;
#873 = DIRECTION ( 'NONE',  ( 0.0000000000000000000, 0.0000000000000000000, 1.000000000000000000 ) ) ;
#874 = DIRECTION ( 'NONE',  ( 1.000000000000000000, 0.0000000000000000000, 0.0000000000000000000 ) ) ;
#875 = LINE ( 'NONE', #878, #879 ) ;
#876 = ADVANCED_FACE ( 'NONE', ( #1203 ), #1204, .F. ) ;
#877 = ORIENTED_EDGE ( 'NONE', *, *, #211, .F. ) ;
#878 = CARTESIAN_POINT ( 'NONE',  ( 1.470000000000000000, 4.094594283277304900E-017, -3.000000000000000000 ) ) ;
#879 = VECTOR ( 'NONE', #880, 1000.000000000000000 ) ;
#880 = DIRECTION ( 'NONE',  ( 0.0000000000000000000, -1.224606353822375800E-016, -1.000000000000000000 ) ) ;
#881 = FACE_OUTER_BOUND ( 'NONE', #1551, .T. ) ;
#882 = PLANE ( 'NONE',  #883 ) ;
#883 = AXIS2_PLACEMENT_3D ( 'NONE', #884, #885, #886 ) ;
#884 = CARTESIAN_POINT ( 'NONE',  ( 1.470000000000000000, 0.1499999999999999900, 3.105031130731459800 ) ) ;
#885 = DIRECTION ( 'NONE',  ( 0.0000000000000000000, -1.000000000000000000, 2.745031967945675200E-015 ) ) ;
#886 = DIRECTION ( 'NONE',  ( 0.0000000000000000000, -2.745031967945675200E-015, -1.000000000000000000 ) ) ;
#887 = LINE ( 'NONE', #888, #889 ) ;
#888 = CARTESIAN_POINT ( 'NONE',  ( 1.070000000000000100, 1.149999999999999900, 2.075000000000000200 ) ) ;
#889 = VECTOR ( 'NONE', #890, 1000.000000000000000 ) ;
#890 = DIRECTION ( 'NONE',  ( 0.0000000000000000000, 3.255564703585799800E-016, 1.000000000000000000 ) ) ;
#891 = LINE ( 'NONE', #892, #893 ) ;
#892 = CARTESIAN_POINT ( 'NONE',  ( -1.470000000000000000, 0.1499999999999999900, -3.105031130731454900 ) ) ;
#893 = VECTOR ( 'NONE', #894, 1000.000000000000000 ) ;
#894 = DIRECTION ( 'NONE',  ( 0.0000000000000000000, -2.745031967945675200E-015, 1.000000000000000000 ) ) ;
#895 = LINE ( 'NONE', #896, #897 ) ;
#896 = CARTESIAN_POINT ( 'NONE',  ( -1.070000000000000100, 1.000000000000000000, 2.636029765733800100 ) ) ;
#897 = VECTOR ( 'NONE', #898, 999.9999999999998900 ) ;
#898 = DIRECTION ( 'NONE',  ( 0.0000000000000000000, 0.9396926207859094300, -0.3420201433256661000 ) ) ;
#899 = FACE_OUTER_BOUND ( 'NONE', #1597, .T. ) ;
#900 = PLANE ( 'NONE',  #901 ) ;
#901 = AXIS2_PLACEMENT_3D ( 'NONE', #902, #903, #904 ) ;
#902 = CARTESIAN_POINT ( 'NONE',  ( 1.470000000000000000, 1.000000000000000000, -2.075000000000000200 ) ) ;
#903 = DIRECTION ( 'NONE',  ( 0.0000000000000000000, 1.000000000000000000, 0.0000000000000000000 ) ) ;
#904 = DIRECTION ( 'NONE',  ( 0.0000000000000000000, 0.0000000000000000000, 1.000000000000000000 ) ) ;
#905 = CARTESIAN_POINT ( 'NONE',  ( 1.070000000000000100, 1.000000000000000000, -2.274999999999999900 ) ) ;
#906 = FACE_OUTER_BOUND ( 'NONE', #183, .T. ) ;
#907 = COLOUR_RGB ( '',0.0000000000000000000, 0.0000000000000000000, 0.0000000000000000000 ) ;
#908 = FILL_AREA_STYLE_COLOUR ( '', #907 ) ;
#909 = FILL_AREA_STYLE ('',( #908 ) ) ;
#910 = ORIENTED_EDGE ( 'NONE', *, *, #1549, .T. ) ;
#911 = ORIENTED_EDGE ( 'NONE', *, *, #19, .F. ) ;
#912 = SURFACE_STYLE_FILL_AREA ( #909 ) ;
#913 = SURFACE_SIDE_STYLE ('',( #912 ) ) ;
#914 = SURFACE_STYLE_USAGE ( .BOTH. , #913 ) ;
#915 = PRESENTATION_STYLE_ASSIGNMENT (( #914 ) ) ;
#916 = STYLED_ITEM ( 'NONE', ( #915 ), #1645 ) ;
#917 = PRESENTATION_LAYER_ASSIGNMENT (  '', '', ( #916 ) ) ;
#918 = MECHANICAL_DESIGN_GEOMETRIC_PRESENTATION_REPRESENTATION (  '', ( #916 ), #923 ) ;
#919 =( LENGTH_UNIT ( ) NAMED_UNIT ( * ) SI_UNIT ( .MILLI., .METRE. ) );
#920 =( NAMED_UNIT ( * ) PLANE_ANGLE_UNIT ( ) SI_UNIT ( $, .RADIAN. ) );
#921 =( NAMED_UNIT ( * ) SI_UNIT ( $, .STERADIAN. ) SOLID_ANGLE_UNIT ( ) );
#922 = UNCERTAINTY_MEASURE_WITH_UNIT (LENGTH_MEASURE( 1.000000000000000100E-005 ), #919, 'distance_accuracy_value', 'NONE');
#923 =( GEOMETRIC_REPRESENTATION_CONTEXT ( 3 ) GLOBAL_UNCERTAINTY_ASSIGNED_CONTEXT ( ( #922 ) ) GLOBAL_UNIT_ASSIGNED_CONTEXT ( ( #919, #920, #921 ) ) REPRESENTATION_CONTEXT ( 'NONE', 'WORKASPACE' ) );
#924 = PLANE ( 'NONE',  #925 ) ;
#925 = AXIS2_PLACEMENT_3D ( 'NONE', #926, #927, #930 ) ;
#926 = CARTESIAN_POINT ( 'NONE',  ( -1.110000000000000100, 2.100000000000000100, 1.515000000000000100 ) ) ;
#927 = DIRECTION ( 'NONE',  ( 0.0000000000000000000, 1.000000000000000000, 0.0000000000000000000 ) ) ;
#928 = ORIENTED_EDGE ( 'NONE', *, *, #947, .T. ) ;
#929 = VERTEX_POINT ( 'NONE', #1234 ) ;
#930 = DIRECTION ( 'NONE',  ( 0.0000000000000000000, 0.0000000000000000000, 1.000000000000000000 ) ) ;
#931 = CARTESIAN_POINT ( 'NONE',  ( 1.470000000000000000, 0.1499999999999999900, 3.500000000000000000 ) ) ;
#932 = FACE_OUTER_BOUND ( 'NONE', #208, .T. ) ;
#933 = PLANE ( 'NONE',  #934 ) ;
#934 = AXIS2_PLACEMENT_3D ( 'NONE', #935, #936, #937 ) ;
#935 = CARTESIAN_POINT ( 'NONE',  ( -1.070000000000000100, 0.1499999999999999900, 3.105031130731454900 ) ) ;
#936 = DIRECTION ( 'NONE',  ( 0.0000000000000000000, -1.000000000000000000, 2.745031967945675200E-015 ) ) ;
#937 = DIRECTION ( 'NONE',  ( 0.0000000000000000000, -2.745031967945675200E-015, -1.000000000000000000 ) ) ;
#938 = LINE ( 'NONE', #939, #940 ) ;
#939 = CARTESIAN_POINT ( 'NONE',  ( -1.470000000000000000, 2.200000000000000200, 2.169999999999999900 ) ) ;
#940 = VECTOR ( 'NONE', #941, 1000.000000000000000 ) ;
#941 = DIRECTION ( 'NONE',  ( 0.0000000000000000000, 0.9961937174961129600, -0.08716695028090999700 ) ) ;
#942 = LINE ( 'NONE', #943, #944 ) ;
#943 = CARTESIAN_POINT ( 'NONE',  ( 1.470000000000000000, -2.028437485834575200E-017, 3.500000000000000000 ) ) ;
#944 = VECTOR ( 'NONE', #945, 1000.000000000000000 ) ;
#945 = DIRECTION ( 'NONE',  ( -1.000000000000000000, 0.0000000000000000000, 0.0000000000000000000 ) ) ;
#946 = VERTEX_POINT ( 'NONE', #1249 ) ;
#947 = EDGE_CURVE ( 'NONE', #735, #118, #1250, .T. ) ;
#948 = LINE ( 'NONE', #949, #950 ) ;
#949 = CARTESIAN_POINT ( 'NONE',  ( 1.070000000000000100, 1.000000000000000000, -2.636029765733800100 ) ) ;
#950 = VECTOR ( 'NONE', #951, 999.9999999999998900 ) ;
#951 = DIRECTION ( 'NONE',  ( 0.0000000000000000000, -0.9396926207859094300, -0.3420201433256661000 ) ) ;
#952 = LINE ( 'NONE', #953, #954 ) ;
#953 = CARTESIAN_POINT ( 'NONE',  ( 1.750000000000000000, 2.200000000000000200, -2.274999999999999900 ) ) ;
#954 = VECTOR ( 'NONE', #955, 1000.000000000000000 ) ;
#955 = DIRECTION ( 'NONE',  ( 0.0000000000000000000, 0.0000000000000000000, 1.000000000000000000 ) ) ;
#956 = LINE ( 'NONE', #957, #958 ) ;
#957 = CARTESIAN_POINT ( 'NONE',  ( 1.850000000000000100, 1.000000000000000000, 2.274999999999999900 ) ) ;
#958 = VECTOR ( 'NONE', #959, 1000.000000000000000 ) ;
#959 = DIRECTION ( 'NONE',  ( -1.000000000000000000, 0.0000000000000000000, 0.0000000000000000000 ) ) ;
#960 = LINE ( 'NONE', #961, #962 ) ;
#961 = CARTESIAN_POINT ( 'NONE',  ( 1.850000000000000100, 1.000000000000000000, 2.274999999999999900 ) ) ;
#962 = VECTOR ( 'NONE', #963, 1000.000000000000000 ) ;
#963 = DIRECTION ( 'NONE',  ( -1.000000000000000000, 0.0000000000000000000, 0.0000000000000000000 ) ) ;
#964 = EDGE_CURVE ( 'NONE', #1582, #23, #1254, .T. ) ;
#965 = CARTESIAN_POINT ( 'NONE',  ( 1.070000000000000100, 0.1499999999999999900, -3.500000000000000000 ) ) ;
#966 = CARTESIAN_POINT ( 'NONE',  ( -1.070000000000000100, 1.000000000000000000, 2.636029765733800100 ) ) ;
#967 = LINE ( 'NONE', #968, #969 ) ;
#968 = CARTESIAN_POINT ( 'NONE',  ( -1.470000000000000000, 4.094594283277304900E-017, -3.000000000000000000 ) ) ;
#969 = VECTOR ( 'NONE', #970, 1000.000000000000000 ) ;
#970 = DIRECTION ( 'NONE',  ( 0.0000000000000000000, -1.224606353822375800E-016, -1.000000000000000000 ) ) ;
#971 = CARTESIAN_POINT ( 'NONE',  ( -1.110000000000000100, 2.100000000000000100, 1.915000000000000000 ) ) ;
#972 = LINE ( 'NONE', #973, #974 ) ;
#973 = CARTESIAN_POINT ( 'NONE',  ( 1.470000000000000000, 0.1499999999999999900, -3.105031130731454900 ) ) ;
#974 = VECTOR ( 'NONE', #975, 1000.000000000000000 ) ;
#975 = DIRECTION ( 'NONE',  ( -1.000000000000000000, 0.0000000000000000000, 0.0000000000000000000 ) ) ;
#976 = CARTESIAN_POINT ( 'NONE',  ( -1.070000000000000100, 0.1499999999999999900, -3.500000000000000000 ) ) ;
#977 = LINE ( 'NONE', #978, #979 ) ;
#978 = CARTESIAN_POINT ( 'NONE',  ( 1.070000000000000100, 0.1499999999999999900, -3.500000000000000000 ) ) ;
#979 = VECTOR ( 'NONE', #980, 1000.000000000000000 ) ;
#980 = DIRECTION ( 'NONE',  ( 0.0000000000000000000, 1.000000000000000000, 0.0000000000000000000 ) ) ;
#981 = CARTESIAN_POINT ( 'NONE',  ( 1.070000000000000100, 1.000000000000000000, -2.636029765733800100 ) ) ;
#982 = LINE ( 'NONE', #983, #984 ) ;
#983 = CARTESIAN_POINT ( 'NONE',  ( -1.070000000000000100, 0.1499999999999999900, -3.500000000000000000 ) ) ;
#984 = VECTOR ( 'NONE', #985, 1000.000000000000000 ) ;
#985 = DIRECTION ( 'NONE',  ( -1.000000000000000000, 0.0000000000000000000, 0.0000000000000000000 ) ) ;
#986 = LINE ( 'NONE', #987, #988 ) ;
#987 = CARTESIAN_POINT ( 'NONE',  ( 1.070000000000000100, 0.1499999999999999900, 3.105031130731459800 ) ) ;
#988 = VECTOR ( 'NONE', #989, 1000.000000000000000 ) ;
#989 = DIRECTION ( 'NONE',  ( 0.0000000000000000000, 2.745031967945675200E-015, 1.000000000000000000 ) ) ;
#990 = CARTESIAN_POINT ( 'NONE',  ( -1.470000000000000000, 0.1499999999999999900, 3.105031130731454900 ) ) ;
#991 = CARTESIAN_POINT ( 'NONE',  ( 1.070000000000000100, 1.000000000000000000, 2.274999999999999900 ) ) ;
#992 = FACE_OUTER_BOUND ( 'NONE', #57, .T. ) ;
#993 = PLANE ( 'NONE',  #994 ) ;
#994 = AXIS2_PLACEMENT_3D ( 'NONE', #995, #996, #997 ) ;
#995 = CARTESIAN_POINT ( 'NONE',  ( 1.470000000000000000, 0.1499999999999999900, -3.105031130731454900 ) ) ;
#996 = DIRECTION ( 'NONE',  ( 0.0000000000000000000, -1.000000000000000000, -2.745031967945675200E-015 ) ) ;
#997 = DIRECTION ( 'NONE',  ( 0.0000000000000000000, 2.745031967945675200E-015, -1.000000000000000000 ) ) ;
#998 = LINE ( 'NONE', #999, #1000 ) ;
#999 = CARTESIAN_POINT ( 'NONE',  ( -1.850000000000000100, 1.000000000000000000, -2.274999999999999900 ) ) ;
#1000 = VECTOR ( 'NONE', #1001, 1000.000000000000000 ) ;
#1001 = DIRECTION ( 'NONE',  ( 0.0000000000000000000, 0.0000000000000000000, 1.000000000000000000 ) ) ;
#1002 = FACE_OUTER_BOUND ( 'NONE', #1298, .T. ) ;
#1003 = PLANE ( 'NONE',  #1004 ) ;
#1004 = AXIS2_PLACEMENT_3D ( 'NONE', #1005, #1006, #1007 ) ;
#1005 = CARTESIAN_POINT ( 'NONE',  ( 1.470000000000000000, 4.094594283277304900E-017, -3.000000000000000000 ) ) ;
#1006 = DIRECTION ( 'NONE',  ( 0.0000000000000000000, 1.000000000000000000, -1.224606353822375800E-016 ) ) ;
#1007 = DIRECTION ( 'NONE',  ( 0.0000000000000000000, 1.224606353822375800E-016, 1.000000000000000000 ) ) ;
#1008 = LINE ( 'NONE', #1009, #1010 ) ;
#1009 = CARTESIAN_POINT ( 'NONE',  ( -1.470000000000000000, 0.1499999999999999900, -3.500000000000000000 ) ) ;
#1010 = VECTOR ( 'NONE', #1011, 1000.000000000000000 ) ;
#1011 = DIRECTION ( 'NONE',  ( 0.0000000000000000000, 1.000000000000000000, 0.0000000000000000000 ) ) ;
#1012 = LINE ( 'NONE', #1017, #1018 ) ;
#1013 = ORIENTED_EDGE ( 'NONE', *, *, #1600, .T. ) ;
#1014 = EDGE_CURVE ( 'NONE', #217, #130, #1272, .T. ) ;
#1015 = ADVANCED_FACE ( 'NONE', ( #1276 ), #1277, .F. ) ;
#1016 = ORIENTED_EDGE ( 'NONE', *, *, #85, .T. ) ;
#1017 = CARTESIAN_POINT ( 'NONE',  ( 1.470000000000000000, 1.000000000000000000, -2.636029765733800100 ) ) ;
#1018 = VECTOR ( 'NONE', #1019, 1000.000000000000000 ) ;
#1019 = DIRECTION ( 'NONE',  ( -1.000000000000000000, 0.0000000000000000000, 0.0000000000000000000 ) ) ;
#1020 = LINE ( 'NONE', #1021, #1022 ) ;
#1021 = CARTESIAN_POINT ( 'NONE',  ( -1.470000000000000000, 1.000000000000000000, 2.636029765733800100 ) ) ;
#1022 = VECTOR ( 'NONE', #1023, 999.9999999999998900 ) ;
#1023 = DIRECTION ( 'NONE',  ( 0.0000000000000000000, 0.9396926207859094300, -0.3420201433256661000 ) ) ;
#1024 = LINE ( 'NONE', #1025, #1026 ) ;
#1025 = CARTESIAN_POINT ( 'NONE',  ( -1.470000000000000000, 1.000000000000000000, -2.075000000000000200 ) ) ;
#1026 = VECTOR ( 'NONE', #1027, 1000.000000000000000 ) ;
#1027 = DIRECTION ( 'NONE',  ( 0.0000000000000000000, 0.0000000000000000000, -1.000000000000000000 ) ) ;
#1028 = CARTESIAN_POINT ( 'NONE',  ( -1.750000000000000000, 0.1000000000000000100, -2.169999999999999900 ) ) ;
#1029 = CARTESIAN_POINT ( 'NONE',  ( -1.470000000000000000, 0.1499999999999999900, -3.500000000000000000 ) ) ;
#1030 = CARTESIAN_POINT ( 'NONE',  ( -1.070000000000000100, -2.028437485834575200E-017, -3.500000000000000000 ) ) ;
#1031 = CARTESIAN_POINT ( 'NONE',  ( 1.470000000000000000, 0.1499999999999999900, -3.500000000000000000 ) ) ;
#1032 = CARTESIAN_POINT ( 'NONE',  ( -1.470000000000000000, 1.000000000000000000, -2.274999999999999900 ) ) ;
#1033 = EDGE_CURVE ( 'NONE', #1585, #35, #1283, .T. ) ;
#1034 = CARTESIAN_POINT ( 'NONE',  ( 1.070000000000000100, 0.1499999999999999900, 3.105031130731459800 ) ) ;
#1035 = LINE ( 'NONE', #1036, #1037 ) ;
#1036 = CARTESIAN_POINT ( 'NONE',  ( 1.750000000000000000, 0.1000000000000000100, -2.274999999999999900 ) ) ;
#1037 = VECTOR ( 'NONE', #1038, 1000.000000000000000 ) ;
#1038 = DIRECTION ( 'NONE',  ( 0.0000000000000000000, 0.0000000000000000000, 1.000000000000000000 ) ) ;
#1039 = LINE ( 'NONE', #1040, #1041 ) ;
#1040 = CARTESIAN_POINT ( 'NONE',  ( 1.850000000000000100, 1.000000000000000000, 2.274999999999999900 ) ) ;
#1041 = VECTOR ( 'NONE', #1042, 1000.000000000000000 ) ;
#1042 = DIRECTION ( 'NONE',  ( 0.1096965465753395900, 0.9872689191780559300, 0.1151813739041065800 ) ) ;
#1043 = LINE ( 'NONE', #1044, #1045 ) ;
#1044 = CARTESIAN_POINT ( 'NONE',  ( 1.070000000000000100, 1.149999999999999900, 2.741060896465260300 ) ) ;
#1045 = VECTOR ( 'NONE', #1046, 999.9999999999998900 ) ;
#1046 = DIRECTION ( 'NONE',  ( 0.0000000000000000000, -0.9396926207859094300, 0.3420201433256661000 ) ) ;
#1047 = CARTESIAN_POINT ( 'NONE',  ( -1.470000000000000000, 1.000000000000000000, 2.636029765733800100 ) ) ;
#1048 = LINE ( 'NONE', #1049, #1051 ) ;
#1049 = CARTESIAN_POINT ( 'NONE',  ( 1.470000000000000000, 0.1499999999999999900, -3.105031130731454900 ) ) ;
#1050 = ORIENTED_EDGE ( 'NONE', *, *, #27, .T. ) ;
#1051 = VECTOR ( 'NONE', #1052, 1000.000000000000000 ) ;
#1052 = DIRECTION ( 'NONE',  ( 0.0000000000000000000, -2.745031967945675200E-015, 1.000000000000000000 ) ) ;
#1053 = CARTESIAN_POINT ( 'NONE',  ( 1.470000000000000000, 1.149999999999999900, 2.741060896465260300 ) ) ;
#1054 = FACE_OUTER_BOUND ( 'NONE', #214, .T. ) ;
#1055 = COLOUR_RGB ( '',0.0000000000000000000, 0.0000000000000000000, 0.0000000000000000000 ) ;
#1056 = FILL_AREA_STYLE_COLOUR ( '', #1055 ) ;
#1057 = FILL_AREA_STYLE ('',( #1056 ) ) ;
#1058 = SURFACE_STYLE_FILL_AREA ( #1057 ) ;
#1059 = SURFACE_SIDE_STYLE ('',( #1058 ) ) ;
#1060 = SURFACE_STYLE_USAGE ( .BOTH. , #1059 ) ;
#1061 = PRESENTATION_STYLE_ASSIGNMENT (( #1060 ) ) ;
#1062 = STYLED_ITEM ( 'NONE', ( #1061 ), #1584 ) ;
#1063 = PRESENTATION_LAYER_ASSIGNMENT (  '', '', ( #1062 ) ) ;
#1064 = MECHANICAL_DESIGN_GEOMETRIC_PRESENTATION_REPRESENTATION (  '', ( #1062 ), #1070 ) ;
#1065 =( LENGTH_UNIT ( ) NAMED_UNIT ( * ) SI_UNIT ( .MILLI., .METRE. ) );
#1066 =( NAMED_UNIT ( * ) PLANE_ANGLE_UNIT ( ) SI_UNIT ( $, .RADIAN. ) );
#1067 = ADVANCED_FACE ( 'NONE', ( #1292 ), #1293, .F. ) ;
#1068 =( NAMED_UNIT ( * ) SI_UNIT ( $, .STERADIAN. ) SOLID_ANGLE_UNIT ( ) );
#1069 = UNCERTAINTY_MEASURE_WITH_UNIT (LENGTH_MEASURE( 1.000000000000000100E-005 ), #1065, 'distance_accuracy_value', 'NONE');
#1070 =( GEOMETRIC_REPRESENTATION_CONTEXT ( 3 ) GLOBAL_UNCERTAINTY_ASSIGNED_CONTEXT ( ( #1069 ) ) GLOBAL_UNIT_ASSIGNED_CONTEXT ( ( #1065, #1066, #1068 ) ) REPRESENTATION_CONTEXT ( 'NONE', 'WORKASPACE' ) );
#1071 = PLANE ( 'NONE',  #1072 ) ;
#1072 = AXIS2_PLACEMENT_3D ( 'NONE', #1073, #1074, #1075 ) ;
#1073 = CARTESIAN_POINT ( 'NONE',  ( 1.750000000000000000, 2.200000000000000200, -2.274999999999999900 ) ) ;
#1074 = DIRECTION ( 'NONE',  ( -0.9965457582448795600, -0.08304547985373997300, 0.0000000000000000000 ) ) ;
#1075 = DIRECTION ( 'NONE',  ( 0.08304547985373997300, -0.9965457582448795600, 0.0000000000000000000 ) ) ;
#1076 = CARTESIAN_POINT ( 'NONE',  ( -1.470000000000000000, 0.1499999999999999900, 3.500000000000000000 ) ) ;
#1077 = COLOUR_RGB ( '',0.7490196078431372600, 0.7490196078431372600, 0.7490196078431372600 ) ;
#1078 = FILL_AREA_STYLE_COLOUR ( '', #1077 ) ;
#1079 = FILL_AREA_STYLE ('',( #1078 ) ) ;
#1080 = SURFACE_STYLE_FILL_AREA ( #1079 ) ;
#1081 = SURFACE_SIDE_STYLE ('',( #1080 ) ) ;
#1082 = SURFACE_STYLE_USAGE ( .BOTH. , #1081 ) ;
#1083 = PRESENTATION_STYLE_ASSIGNMENT (( #1082 ) ) ;
#1084 = VERTEX_POINT ( 'NONE', #1299 ) ;
#1085 = EDGE_CURVE ( 'NONE', #75, #929, #1310, .T. ) ;
#1086 = EDGE_LOOP ( 'NONE', ( #283, #1630, #202, #53 ) ) ;
#1087 = STYLED_ITEM ( 'NONE', ( #1083 ), #1586 ) ;
#1088 = PRESENTATION_LAYER_ASSIGNMENT (  '', '', ( #1087 ) ) ;
#1089 = MECHANICAL_DESIGN_GEOMETRIC_PRESENTATION_REPRESENTATION (  '', ( #1087 ), #1094 ) ;
#1090 =( LENGTH_UNIT ( ) NAMED_UNIT ( * ) SI_UNIT ( .MILLI., .METRE. ) );
#1091 =( NAMED_UNIT ( * ) PLANE_ANGLE_UNIT ( ) SI_UNIT ( $, .RADIAN. ) );
#1092 =( NAMED_UNIT ( * ) SI_UNIT ( $, .STERADIAN. ) SOLID_ANGLE_UNIT ( ) );
#1093 = UNCERTAINTY_MEASURE_WITH_UNIT (LENGTH_MEASURE( 1.000000000000000100E-005 ), #1090, 'distance_accuracy_value', 'NONE');
#1094 =( GEOMETRIC_REPRESENTATION_CONTEXT ( 3 ) GLOBAL_UNCERTAINTY_ASSIGNED_CONTEXT ( ( #1093 ) ) GLOBAL_UNIT_ASSIGNED_CONTEXT ( ( #1090, #1091, #1092 ) ) REPRESENTATION_CONTEXT ( 'NONE', 'WORKASPACE' ) );
#1095 = CARTESIAN_POINT ( 'NONE',  ( 1.750000000000000000, 2.200000000000000200, -2.169999999999999900 ) ) ;
#1096 = CARTESIAN_POINT ( 'NONE',  ( -1.070000000000000100, 4.094594283277304900E-017, 3.000000000000000000 ) ) ;
#1097 = CARTESIAN_POINT ( 'NONE',  ( -1.070000000000000100, 0.1499999999999999900, -3.105031130731454900 ) ) ;
#1098 = CARTESIAN_POINT ( 'NONE',  ( -1.070000000000000100, 1.149999999999999900, 2.261874999999999900 ) ) ;
#1099 = LINE ( 'NONE', #1100, #1101 ) ;
#1100 = CARTESIAN_POINT ( 'NONE',  ( 1.750684450984755000, 2.191786588182954800, -2.170718673533990300 ) ) ;
#1101 = VECTOR ( 'NONE', #1102, 1000.000000000000100 ) ;
#1102 = DIRECTION ( 'NONE',  ( 0.08273155291385841900, -0.9927786349663000300, -0.08686813055955129600 ) ) ;
#1103 = EDGE_LOOP ( 'NONE', ( #1567, #117, #1658, #295 ) ) ;
#1104 = ORIENTED_EDGE ( 'NONE', *, *, #1622, .F. ) ;
#1105 = EDGE_LOOP ( 'NONE', ( #1596, #1558, #1672, #2, #82, #65, #150, #1649, #1564, #1623, #79, #143 ) ) ;
#1106 = ORIENTED_EDGE ( 'NONE', *, *, #62, .F. ) ;
#1107 = LINE ( 'NONE', #1108, #1109 ) ;
#1108 = CARTESIAN_POINT ( 'NONE',  ( -1.070000000000000100, 1.149999999999999900, 2.741060896465260300 ) ) ;
#1109 = VECTOR ( 'NONE', #1110, 999.9999999999998900 ) ;
#1110 = DIRECTION ( 'NONE',  ( 0.0000000000000000000, -0.9396926207859094300, 0.3420201433256661000 ) ) ;
#1111 = CARTESIAN_POINT ( 'NONE',  ( 1.470000000000000000, 1.149999999999999900, 2.261874999999999900 ) ) ;
#1112 = FACE_OUTER_BOUND ( 'NONE', #166, .T. ) ;
#1113 = PLANE ( 'NONE',  #1114 ) ;
#1114 = AXIS2_PLACEMENT_3D ( 'NONE', #1115, #1116, #1117 ) ;
#1115 = CARTESIAN_POINT ( 'NONE',  ( -1.070000000000000100, 1.000000000000000000, -2.636029765733800100 ) ) ;
#1116 = DIRECTION ( 'NONE',  ( 0.0000000000000000000, 0.3420201433256661000, -0.9396926207859094300 ) ) ;
#1117 = DIRECTION ( 'NONE',  ( 0.0000000000000000000, 0.9396926207859094300, 0.3420201433256661000 ) ) ;
#1118 = CARTESIAN_POINT ( 'NONE',  ( 1.470000000000000000, 1.000000000000000000, 2.274999999999999900 ) ) ;
#1119 = LINE ( 'NONE', #1120, #1121 ) ;
#1120 = CARTESIAN_POINT ( 'NONE',  ( -1.070000000000000100, 4.094594283277304900E-017, -3.000000000000000000 ) ) ;
#1121 = VECTOR ( 'NONE', #1122, 1000.000000000000000 ) ;
#1122 = DIRECTION ( 'NONE',  ( 0.0000000000000000000, -1.224606353822375800E-016, -1.000000000000000000 ) ) ;
#1123 = CARTESIAN_POINT ( 'NONE',  ( 1.070000000000000100, -2.028437485834575200E-017, -3.500000000000000000 ) ) ;
#1124 = LINE ( 'NONE', #1125, #1126 ) ;
#1125 = CARTESIAN_POINT ( 'NONE',  ( -1.750000000000000000, 2.200000000000000200, -2.274999999999999900 ) ) ;
#1126 = VECTOR ( 'NONE', #1127, 1000.000000000000000 ) ;
#1127 = DIRECTION ( 'NONE',  ( 0.0000000000000000000, 0.0000000000000000000, 1.000000000000000000 ) ) ;
#1128 = FACE_OUTER_BOUND ( 'NONE', #1638, .T. ) ;
#1129 = PLANE ( 'NONE',  #1130 ) ;
#1130 = AXIS2_PLACEMENT_3D ( 'NONE', #1131, #1132, #1133 ) ;
#1131 = CARTESIAN_POINT ( 'NONE',  ( -1.070000000000000100, 1.149999999999999900, 2.075000000000000200 ) ) ;
#1132 = DIRECTION ( 'NONE',  ( 0.0000000000000000000, -1.000000000000000000, 3.255564703585799800E-016 ) ) ;
#1133 = DIRECTION ( 'NONE',  ( 0.0000000000000000000, -3.255564703585799800E-016, -1.000000000000000000 ) ) ;
#1134 = FACE_OUTER_BOUND ( 'NONE', #1103, .T. ) ;
#1135 = PLANE ( 'NONE',  #1136 ) ;
#1136 = AXIS2_PLACEMENT_3D ( 'NONE', #1137, #1138, #1142 ) ;
#1137 = CARTESIAN_POINT ( 'NONE',  ( 1.470000000000000000, 0.1499999999999999900, 3.500000000000000000 ) ) ;
#1138 = DIRECTION ( 'NONE',  ( 0.0000000000000000000, 0.0000000000000000000, -1.000000000000000000 ) ) ;
#1139 = ORIENTED_EDGE ( 'NONE', *, *, #99, .T. ) ;
#1140 = EDGE_LOOP ( 'NONE', ( #1436, #204, #210, #1491 ) ) ;
#1141 = EDGE_LOOP ( 'NONE', ( #1634, #444, #1579, #1627, #149, #61, #1599, #31 ) ) ;
#1142 = DIRECTION ( 'NONE',  ( -1.000000000000000000, 0.0000000000000000000, 0.0000000000000000000 ) ) ;
#1143 = CARTESIAN_POINT ( 'NONE',  ( 1.070000000000000100, 1.149999999999999900, 2.741060896465260300 ) ) ;
#1144 = CARTESIAN_POINT ( 'NONE',  ( -1.070000000000000100, 4.094594283277304900E-017, -3.000000000000000000 ) ) ;
#1145 = FACE_OUTER_BOUND ( 'NONE', #1670, .T. ) ;
#1146 = COLOUR_RGB ( '',0.0000000000000000000, 0.0000000000000000000, 0.0000000000000000000 ) ;
#1147 = FILL_AREA_STYLE_COLOUR ( '', #1146 ) ;
#1148 = FILL_AREA_STYLE ('',( #1147 ) ) ;
#1149 = SURFACE_STYLE_FILL_AREA ( #1148 ) ;
#1150 = SURFACE_SIDE_STYLE ('',( #1149 ) ) ;
#1151 = SURFACE_STYLE_USAGE ( .BOTH. , #1150 ) ;
#1152 = PRESENTATION_STYLE_ASSIGNMENT (( #1151 ) ) ;
#1153 = STYLED_ITEM ( 'NONE', ( #1152 ), #1659 ) ;
#1154 = PRESENTATION_LAYER_ASSIGNMENT (  '', '', ( #1153 ) ) ;
#1155 = MECHANICAL_DESIGN_GEOMETRIC_PRESENTATION_REPRESENTATION (  '', ( #1153 ), #1160 ) ;
#1156 =( LENGTH_UNIT ( ) NAMED_UNIT ( * ) SI_UNIT ( .MILLI., .METRE. ) );
#1157 =( NAMED_UNIT ( * ) PLANE_ANGLE_UNIT ( ) SI_UNIT ( $, .RADIAN. ) );
#1158 =( NAMED_UNIT ( * ) SI_UNIT ( $, .STERADIAN. ) SOLID_ANGLE_UNIT ( ) );
#1159 = UNCERTAINTY_MEASURE_WITH_UNIT (LENGTH_MEASURE( 1.000000000000000100E-005 ), #1156, 'distance_accuracy_value', 'NONE');
#1160 =( GEOMETRIC_REPRESENTATION_CONTEXT ( 3 ) GLOBAL_UNCERTAINTY_ASSIGNED_CONTEXT ( ( #1159 ) ) GLOBAL_UNIT_ASSIGNED_CONTEXT ( ( #1156, #1157, #1158 ) ) REPRESENTATION_CONTEXT ( 'NONE', 'WORKASPACE' ) );
#1161 = PLANE ( 'NONE',  #1162 ) ;
#1162 = AXIS2_PLACEMENT_3D ( 'NONE', #1163, #1164, #1165 ) ;
#1163 = CARTESIAN_POINT ( 'NONE',  ( 1.850000000000000100, 0.1000000000000000100, 2.169999999999999900 ) ) ;
#1164 = DIRECTION ( 'NONE',  ( 0.0000000000000000000, 1.000000000000000000, 0.0000000000000000000 ) ) ;
#1165 = DIRECTION ( 'NONE',  ( 0.0000000000000000000, 0.0000000000000000000, 1.000000000000000000 ) ) ;
#1166 = CARTESIAN_POINT ( 'NONE',  ( 1.470000000000000000, 0.1499999999999999900, 3.105031130731459800 ) ) ;
#1167 = CARTESIAN_POINT ( 'NONE',  ( -1.070000000000000100, 1.000000000000000000, -2.274999999999999900 ) ) ;
#1168 = LINE ( 'NONE', #1169, #1170 ) ;
#1169 = CARTESIAN_POINT ( 'NONE',  ( 1.850000000000000100, 1.149999999999999900, 2.261874999999999900 ) ) ;
#1170 = VECTOR ( 'NONE', #1171, 1000.000000000000000 ) ;
#1171 = DIRECTION ( 'NONE',  ( -1.000000000000000000, 0.0000000000000000000, 0.0000000000000000000 ) ) ;
#1172 = LINE ( 'NONE', #1173, #1176 ) ;
#1173 = CARTESIAN_POINT ( 'NONE',  ( -1.070000000000000100, 4.094594283277304900E-017, 3.000000000000000000 ) ) ;
#1174 = ORIENTED_EDGE ( 'NONE', *, *, #107, .T. ) ;
#1175 = EDGE_LOOP ( 'NONE', ( #1013, #141, #242, #1653, #550, #258, #226, #549 ) ) ;
#1176 = VECTOR ( 'NONE', #1177, 1000.000000000000000 ) ;
#1177 = DIRECTION ( 'NONE',  ( 0.0000000000000000000, 1.224606353822375800E-016, -1.000000000000000000 ) ) ;
#1178 = LINE ( 'NONE', #1179, #1180 ) ;
#1179 = CARTESIAN_POINT ( 'NONE',  ( 1.470000000000000000, 0.1499999999999999900, -3.500000000000000000 ) ) ;
#1180 = VECTOR ( 'NONE', #1181, 1000.000000000000000 ) ;
#1181 = DIRECTION ( 'NONE',  ( -1.000000000000000000, 0.0000000000000000000, 0.0000000000000000000 ) ) ;
#1182 = FACE_OUTER_BOUND ( 'NONE', #698, .T. ) ;
#1183 = COLOUR_RGB ( '',0.0000000000000000000, 0.0000000000000000000, 0.0000000000000000000 ) ;
#1184 = FILL_AREA_STYLE_COLOUR ( '', #1183 ) ;
#1185 = FILL_AREA_STYLE ('',( #1184 ) ) ;
#1186 = SURFACE_STYLE_FILL_AREA ( #1185 ) ;
#1187 = SURFACE_SIDE_STYLE ('',( #1186 ) ) ;
#1188 = SURFACE_STYLE_USAGE ( .BOTH. , #1187 ) ;
#1189 = PRESENTATION_STYLE_ASSIGNMENT (( #1188 ) ) ;
#1190 = STYLED_ITEM ( 'NONE', ( #1189 ), #1668 ) ;
#1191 = PRESENTATION_LAYER_ASSIGNMENT (  '', '', ( #1190 ) ) ;
#1192 = MECHANICAL_DESIGN_GEOMETRIC_PRESENTATION_REPRESENTATION (  '', ( #1190 ), #1197 ) ;
#1193 =( LENGTH_UNIT ( ) NAMED_UNIT ( * ) SI_UNIT ( .MILLI., .METRE. ) );
#1194 =( NAMED_UNIT ( * ) PLANE_ANGLE_UNIT ( ) SI_UNIT ( $, .RADIAN. ) );
#1195 =( NAMED_UNIT ( * ) SI_UNIT ( $, .STERADIAN. ) SOLID_ANGLE_UNIT ( ) );
#1196 = UNCERTAINTY_MEASURE_WITH_UNIT (LENGTH_MEASURE( 1.000000000000000100E-005 ), #1193, 'distance_accuracy_value', 'NONE');
#1197 =( GEOMETRIC_REPRESENTATION_CONTEXT ( 3 ) GLOBAL_UNCERTAINTY_ASSIGNED_CONTEXT ( ( #1196 ) ) GLOBAL_UNIT_ASSIGNED_CONTEXT ( ( #1193, #1194, #1195 ) ) REPRESENTATION_CONTEXT ( 'NONE', 'WORKASPACE' ) );
#1198 = CYLINDRICAL_SURFACE ( 'NONE', #1199, 0.3999999999999999700 ) ;
#1199 = AXIS2_PLACEMENT_3D ( 'NONE', #1200, #1201, #1202 ) ;
#1200 = CARTESIAN_POINT ( 'NONE',  ( -1.110000000000000100, 2.100000000000000100, 1.515000000000000100 ) ) ;
#1201 = DIRECTION ( 'NONE',  ( 0.0000000000000000000, 1.000000000000000000, 0.0000000000000000000 ) ) ;
#1202 = DIRECTION ( 'NONE',  ( 0.0000000000000000000, 0.0000000000000000000, 1.000000000000000000 ) ) ;
#1203 = FACE_OUTER_BOUND ( 'NONE', #123, .T. ) ;
#1204 = PLANE ( 'NONE',  #1205 ) ;
#1205 = AXIS2_PLACEMENT_3D ( 'NONE', #1206, #1207, #1211 ) ;
#1206 = CARTESIAN_POINT ( 'NONE',  ( 1.470000000000000000, 4.094594283277304900E-017, 3.000000000000000000 ) ) ;
#1207 = DIRECTION ( 'NONE',  ( 0.0000000000000000000, 1.000000000000000000, 1.224606353822375800E-016 ) ) ;
#1208 = VERTEX_POINT ( 'NONE', #1344 ) ;
#1209 = EDGE_LOOP ( 'NONE', ( #60, #1, #81, #136 ) ) ;
#1210 = EDGE_CURVE ( 'NONE', #224, #735, #1345, .T. ) ;
#1211 = DIRECTION ( 'NONE',  ( 0.0000000000000000000, -1.224606353822375800E-016, 1.000000000000000000 ) ) ;
#1212 = FACE_OUTER_BOUND ( 'NONE', #120, .T. ) ;
#1213 = COLOUR_RGB ( '',0.0000000000000000000, 0.0000000000000000000, 0.0000000000000000000 ) ;
#1214 = FILL_AREA_STYLE_COLOUR ( '', #1213 ) ;
#1215 = FILL_AREA_STYLE ('',( #1214 ) ) ;
#1216 = SURFACE_STYLE_FILL_AREA ( #1215 ) ;
#1217 = SURFACE_SIDE_STYLE ('',( #1216 ) ) ;
#1218 = SURFACE_STYLE_USAGE ( .BOTH. , #1217 ) ;
#1219 = PRESENTATION_STYLE_ASSIGNMENT (( #1218 ) ) ;
#1220 = STYLED_ITEM ( 'NONE', ( #1219 ), #1669 ) ;
#1221 = PRESENTATION_LAYER_ASSIGNMENT (  '', '', ( #1220 ) ) ;
#1222 = MECHANICAL_DESIGN_GEOMETRIC_PRESENTATION_REPRESENTATION (  '', ( #1220 ), #1227 ) ;
#1223 =( LENGTH_UNIT ( ) NAMED_UNIT ( * ) SI_UNIT ( .MILLI., .METRE. ) );
#1224 =( NAMED_UNIT ( * ) PLANE_ANGLE_UNIT ( ) SI_UNIT ( $, .RADIAN. ) );
#1225 =( NAMED_UNIT ( * ) SI_UNIT ( $, .STERADIAN. ) SOLID_ANGLE_UNIT ( ) );
#1226 = UNCERTAINTY_MEASURE_WITH_UNIT (LENGTH_MEASURE( 1.000000000000000100E-005 ), #1223, 'distance_accuracy_value', 'NONE');
#1227 =( GEOMETRIC_REPRESENTATION_CONTEXT ( 3 ) GLOBAL_UNCERTAINTY_ASSIGNED_CONTEXT ( ( #1226 ) ) GLOBAL_UNIT_ASSIGNED_CONTEXT ( ( #1223, #1224, #1225 ) ) REPRESENTATION_CONTEXT ( 'NONE', 'WORKASPACE' ) );
#1228 = PLANE ( 'NONE',  #1229 ) ;
#1229 = AXIS2_PLACEMENT_3D ( 'NONE', #1230, #1231, #1232 ) ;
#1230 = CARTESIAN_POINT ( 'NONE',  ( -1.750000000000000000, 2.200000000000000200, -2.274999999999999900 ) ) ;
#1231 = DIRECTION ( 'NONE',  ( 0.9965457582448795600, -0.08304547985373997300, 0.0000000000000000000 ) ) ;
#1232 = DIRECTION ( 'NONE',  ( 0.08304547985373997300, 0.9965457582448795600, 0.0000000000000000000 ) ) ;
#1233 = CARTESIAN_POINT ( 'NONE',  ( -1.850000000000000100, 1.000000000000000000, -2.274999999999999900 ) ) ;
#1234 = CARTESIAN_POINT ( 'NONE',  ( 1.750000000000000000, 0.1000000000000000100, -2.169999999999999900 ) ) ;
#1235 = FACE_OUTER_BOUND ( 'NONE', #305, .T. ) ;
#1236 = PLANE ( 'NONE',  #1237 ) ;
#1237 = AXIS2_PLACEMENT_3D ( 'NONE', #1238, #1239, #1240 ) ;
#1238 = CARTESIAN_POINT ( 'NONE',  ( 1.470000000000000000, 1.000000000000000000, -2.636029765733800100 ) ) ;
#1239 = DIRECTION ( 'NONE',  ( 0.0000000000000000000, 0.3420201433256661000, -0.9396926207859094300 ) ) ;
#1240 = DIRECTION ( 'NONE',  ( 0.0000000000000000000, 0.9396926207859094300, 0.3420201433256661000 ) ) ;
#1241 = LINE ( 'NONE', #1242, #1247 ) ;
#1242 = CARTESIAN_POINT ( 'NONE',  ( -1.070000000000000100, 0.1499999999999999900, -3.105031130731454900 ) ) ;
#1243 = VERTEX_POINT ( 'NONE', #1356 ) ;
#1244 = ORIENTED_EDGE ( 'NONE', *, *, #8, .T. ) ;
#1245 = ORIENTED_EDGE ( 'NONE', *, *, #144, .T. ) ;
#1246 = EDGE_CURVE ( 'NONE', #302, #139, #1357, .T. ) ;
#1247 = VECTOR ( 'NONE', #1248, 1000.000000000000000 ) ;
#1248 = DIRECTION ( 'NONE',  ( -1.000000000000000000, 0.0000000000000000000, 0.0000000000000000000 ) ) ;
#1249 = CARTESIAN_POINT ( 'NONE',  ( -1.110000000000000100, 2.200000000000000200, 1.915000000000000000 ) ) ;
#1250 = LINE ( 'NONE', #1251, #1252 ) ;
#1251 = CARTESIAN_POINT ( 'NONE',  ( 1.470000000000000000, 1.149999999999999900, 2.075000000000000200 ) ) ;
#1252 = VECTOR ( 'NONE', #1253, 1000.000000000000000 ) ;
#1253 = DIRECTION ( 'NONE',  ( 0.0000000000000000000, 3.255564703585799800E-016, 1.000000000000000000 ) ) ;
#1254 = LINE ( 'NONE', #1255, #1256 ) ;
#1255 = CARTESIAN_POINT ( 'NONE',  ( -1.470000000000000000, 1.000000000000000000, 2.075000000000000200 ) ) ;
#1256 = VECTOR ( 'NONE', #1257, 1000.000000000000000 ) ;
#1257 = DIRECTION ( 'NONE',  ( 0.0000000000000000000, 0.0000000000000000000, -1.000000000000000000 ) ) ;
#1258 = LINE ( 'NONE', #1259, #1260 ) ;
#1259 = CARTESIAN_POINT ( 'NONE',  ( 1.850000000000000100, 1.000000000000000000, -2.274999999999999900 ) ) ;
#1260 = VECTOR ( 'NONE', #1261, 1000.000000000000000 ) ;
#1261 = DIRECTION ( 'NONE',  ( -1.000000000000000000, 0.0000000000000000000, 0.0000000000000000000 ) ) ;
#1262 = CARTESIAN_POINT ( 'NONE',  ( -1.470000000000000000, 1.000000000000000000, -2.636029765733800100 ) ) ;
#1263 = ORIENTED_EDGE ( 'NONE', *, *, #265, .F. ) ;
#1264 = VERTEX_POINT ( 'NONE', #1367 ) ;
#1265 = FACE_OUTER_BOUND ( 'NONE', #1509, .T. ) ;
#1266 = PLANE ( 'NONE',  #1267 ) ;
#1267 = AXIS2_PLACEMENT_3D ( 'NONE', #1268, #1269, #1270 ) ;
#1268 = CARTESIAN_POINT ( 'NONE',  ( 1.470000000000000000, 1.149999999999999900, 2.075000000000000200 ) ) ;
#1269 = DIRECTION ( 'NONE',  ( 0.0000000000000000000, -1.000000000000000000, 3.255564703585799800E-016 ) ) ;
#1270 = DIRECTION ( 'NONE',  ( 0.0000000000000000000, -3.255564703585799800E-016, -1.000000000000000000 ) ) ;
#1271 = CARTESIAN_POINT ( 'NONE',  ( 1.070000000000000100, 1.149999999999999900, -2.741060896465255000 ) ) ;
#1272 = LINE ( 'NONE', #1273, #1274 ) ;
#1273 = CARTESIAN_POINT ( 'NONE',  ( -1.805476670376944900, 0.5992900333924970900, -2.228250503895790000 ) ) ;
#1274 = VECTOR ( 'NONE', #1275, 1000.000000000000000 ) ;
#1275 = DIRECTION ( 'NONE',  ( -0.1096965465753395900, 0.9872689191780559300, -0.1151813739041065800 ) ) ;
#1276 = FACE_OUTER_BOUND ( 'NONE', #279, .T. ) ;
#1277 = PLANE ( 'NONE',  #1278 ) ;
#1278 = AXIS2_PLACEMENT_3D ( 'NONE', #1279, #1280, #1282 ) ;
#1279 = CARTESIAN_POINT ( 'NONE',  ( 1.470000000000000000, 1.149999999999999900, -3.500000000000000000 ) ) ;
#1280 = DIRECTION ( 'NONE',  ( -1.000000000000000000, 0.0000000000000000000, 0.0000000000000000000 ) ) ;
#1281 = ORIENTED_EDGE ( 'NONE', *, *, #1524, .F. ) ;
#1282 = DIRECTION ( 'NONE',  ( 0.0000000000000000000, 0.0000000000000000000, 1.000000000000000000 ) ) ;
#1283 = LINE ( 'NONE', #1284, #1285 ) ;
#1284 = CARTESIAN_POINT ( 'NONE',  ( -1.470000000000000000, 0.1499999999999999900, 3.500000000000000000 ) ) ;
#1285 = VECTOR ( 'NONE', #1286, 1000.000000000000000 ) ;
#1286 = DIRECTION ( 'NONE',  ( 0.0000000000000000000, -1.000000000000000000, 0.0000000000000000000 ) ) ;
#1287 = LINE ( 'NONE', #1288, #1289 ) ;
#1288 = CARTESIAN_POINT ( 'NONE',  ( -1.470000000000000000, 1.149999999999999900, 2.741060896465260300 ) ) ;
#1289 = VECTOR ( 'NONE', #1290, 999.9999999999998900 ) ;
#1290 = DIRECTION ( 'NONE',  ( 0.0000000000000000000, -0.9396926207859094300, 0.3420201433256661000 ) ) ;
#1291 = CARTESIAN_POINT ( 'NONE',  ( 1.470000000000000000, 1.000000000000000000, -2.274999999999999900 ) ) ;
#1292 = FACE_OUTER_BOUND ( 'NONE', #172, .T. ) ;
#1293 = PLANE ( 'NONE',  #1294 ) ;
#1294 = AXIS2_PLACEMENT_3D ( 'NONE', #1295, #1296, #1297 ) ;
#1295 = CARTESIAN_POINT ( 'NONE',  ( 1.470000000000000000, 1.149999999999999900, 2.741060896465260300 ) ) ;
#1296 = DIRECTION ( 'NONE',  ( 0.0000000000000000000, -0.3420201433256661000, -0.9396926207859094300 ) ) ;
#1297 = DIRECTION ( 'NONE',  ( 0.0000000000000000000, 0.9396926207859094300, -0.3420201433256661000 ) ) ;
#1298 = EDGE_LOOP ( 'NONE', ( #680, #145, #373, #585 ) ) ;
#1299 = CARTESIAN_POINT ( 'NONE',  ( -1.070000000000000100, 1.000000000000000000, -2.636029765733800100 ) ) ;
#1300 = LINE ( 'NONE', #1301, #1302 ) ;
#1301 = CARTESIAN_POINT ( 'NONE',  ( -1.070000000000000100, 0.1499999999999999900, 3.105031130731454900 ) ) ;
#1302 = VECTOR ( 'NONE', #1303, 1000.000000000000000 ) ;
#1303 = DIRECTION ( 'NONE',  ( 0.0000000000000000000, 2.745031967945675200E-015, 1.000000000000000000 ) ) ;
#1304 = FACE_OUTER_BOUND ( 'NONE', #234, .T. ) ;
#1305 = PLANE ( 'NONE',  #1306 ) ;
#1306 = AXIS2_PLACEMENT_3D ( 'NONE', #1307, #1308, #1309 ) ;
#1307 = CARTESIAN_POINT ( 'NONE',  ( 1.470000000000000000, 1.149999999999999900, -2.075000000000000200 ) ) ;
#1308 = DIRECTION ( 'NONE',  ( 0.0000000000000000000, -1.000000000000000000, -3.255564703585799800E-016 ) ) ;
#1309 = DIRECTION ( 'NONE',  ( 0.0000000000000000000, 3.255564703585799800E-016, -1.000000000000000000 ) ) ;
#1310 = LINE ( 'NONE', #1311, #1312 ) ;
#1311 = CARTESIAN_POINT ( 'NONE',  ( 1.850000000000000100, 1.000000000000000000, -2.274999999999999900 ) ) ;
#1312 = VECTOR ( 'NONE', #1313, 1000.000000000000000 ) ;
#1313 = DIRECTION ( 'NONE',  ( -0.1096965465753395900, -0.9872689191780559300, 0.1151813739041065800 ) ) ;
#1314 = CARTESIAN_POINT ( 'NONE',  ( 1.470000000000000000, 1.149999999999999900, -2.261874999999999900 ) ) ;
#1315 = EDGE_CURVE ( 'NONE', #146, #1644, #1368, .T. ) ;
#1316 = CARTESIAN_POINT ( 'NONE',  ( -1.470000000000000000, 1.149999999999999900, -2.741060896465260300 ) ) ;
#1317 = FACE_OUTER_BOUND ( 'NONE', #131, .T. ) ;
#1318 = PLANE ( 'NONE',  #1319 ) ;
#1319 = AXIS2_PLACEMENT_3D ( 'NONE', #1320, #1321, #1322 ) ;
#1320 = CARTESIAN_POINT ( 'NONE',  ( -1.070000000000000100, 1.000000000000000000, -2.075000000000000200 ) ) ;
#1321 = DIRECTION ( 'NONE',  ( 0.0000000000000000000, 1.000000000000000000, 0.0000000000000000000 ) ) ;
#1322 = DIRECTION ( 'NONE',  ( 0.0000000000000000000, 0.0000000000000000000, 1.000000000000000000 ) ) ;
#1323 = LINE ( 'NONE', #1324, #1325 ) ;
#1324 = CARTESIAN_POINT ( 'NONE',  ( -1.070000000000000100, 1.000000000000000000, 2.075000000000000200 ) ) ;
#1325 = VECTOR ( 'NONE', #1326, 1000.000000000000000 ) ;
#1326 = DIRECTION ( 'NONE',  ( 0.0000000000000000000, 0.0000000000000000000, -1.000000000000000000 ) ) ;
#1327 = LINE ( 'NONE', #1328, #1329 ) ;
#1328 = CARTESIAN_POINT ( 'NONE',  ( 1.470000000000000000, -2.028437485834575200E-017, -3.500000000000000000 ) ) ;
#1329 = VECTOR ( 'NONE', #1330, 1000.000000000000000 ) ;
#1330 = DIRECTION ( 'NONE',  ( -1.000000000000000000, 0.0000000000000000000, 0.0000000000000000000 ) ) ;
#1331 = CARTESIAN_POINT ( 'NONE',  ( -1.470000000000000000, 0.1499999999999999900, -3.105031130731454900 ) ) ;
#1332 = VERTEX_POINT ( 'NONE', #1372 ) ;
#1333 = EDGE_CURVE ( 'NONE', #224, #626, #1373, .T. ) ;
#1334 = LINE ( 'NONE', #1335, #1336 ) ;
#1335 = CARTESIAN_POINT ( 'NONE',  ( 1.470000000000000000, 2.200000000000000200, -2.169999999999999900 ) ) ;
#1336 = VECTOR ( 'NONE', #1337, 1000.000000000000000 ) ;
#1337 = DIRECTION ( 'NONE',  ( 0.0000000000000000000, -0.9961937174961129600, -0.08716695028090999700 ) ) ;
#1338 = FACE_OUTER_BOUND ( 'NONE', #1561, .T. ) ;
#1339 = PLANE ( 'NONE',  #1340 ) ;
#1340 = AXIS2_PLACEMENT_3D ( 'NONE', #1341, #1342, #1343 ) ;
#1341 = CARTESIAN_POINT ( 'NONE',  ( -1.070000000000000100, 1.149999999999999900, -2.075000000000000200 ) ) ;
#1342 = DIRECTION ( 'NONE',  ( 0.0000000000000000000, -1.000000000000000000, -3.255564703585799800E-016 ) ) ;
#1343 = DIRECTION ( 'NONE',  ( 0.0000000000000000000, 3.255564703585799800E-016, -1.000000000000000000 ) ) ;
#1344 = CARTESIAN_POINT ( 'NONE',  ( -1.070000000000000100, 0.1499999999999999900, 3.500000000000000000 ) ) ;
#1345 = LINE ( 'NONE', #1346, #1347 ) ;
#1346 = CARTESIAN_POINT ( 'NONE',  ( 1.470000000000000000, 2.200000000000000200, 2.169999999999999900 ) ) ;
#1347 = VECTOR ( 'NONE', #1348, 1000.000000000000000 ) ;
#1348 = DIRECTION ( 'NONE',  ( 0.0000000000000000000, 0.9961937174961129600, -0.08716695028090999700 ) ) ;
#1349 = CARTESIAN_POINT ( 'NONE',  ( 1.470000000000000000, 0.1499999999999999900, -3.105031130731454900 ) ) ;
#1350 = FACE_OUTER_BOUND ( 'NONE', #42, .T. ) ;
#1351 = PLANE ( 'NONE',  #1352 ) ;
#1352 = AXIS2_PLACEMENT_3D ( 'NONE', #1353, #1354, #1355 ) ;
#1353 = CARTESIAN_POINT ( 'NONE',  ( -1.070000000000000100, 1.000000000000000000, 2.075000000000000200 ) ) ;
#1354 = DIRECTION ( 'NONE',  ( 0.0000000000000000000, 1.000000000000000000, 0.0000000000000000000 ) ) ;
#1355 = DIRECTION ( 'NONE',  ( 0.0000000000000000000, 0.0000000000000000000, 1.000000000000000000 ) ) ;
#1356 = CARTESIAN_POINT ( 'NONE',  ( -1.750000000000000000, 2.200000000000000200, 2.169999999999999900 ) ) ;
#1357 = LINE ( 'NONE', #1358, #1359 ) ;
#1358 = CARTESIAN_POINT ( 'NONE',  ( 1.470000000000000000, 1.149999999999999900, -2.741060896465255000 ) ) ;
#1359 = VECTOR ( 'NONE', #1360, 1000.000000000000000 ) ;
#1360 = DIRECTION ( 'NONE',  ( -1.000000000000000000, 0.0000000000000000000, 0.0000000000000000000 ) ) ;
#1361 = LINE ( 'NONE', #1362, #1363 ) ;
#1362 = CARTESIAN_POINT ( 'NONE',  ( 1.470000000000000000, 1.149999999999999900, -2.075000000000000200 ) ) ;
#1363 = VECTOR ( 'NONE', #1364, 1000.000000000000000 ) ;
#1364 = DIRECTION ( 'NONE',  ( 0.0000000000000000000, -3.255564703585799800E-016, 1.000000000000000000 ) ) ;
#1365 = CARTESIAN_POINT ( 'NONE',  ( -1.470000000000000000, -2.028437485834575200E-017, -3.500000000000000000 ) ) ;
#1366 = ORIENTED_EDGE ( 'NONE', *, *, #218, .F. ) ;
#1367 = CARTESIAN_POINT ( 'NONE',  ( 1.070000000000000100, 4.094594283277304900E-017, 3.000000000000000000 ) ) ;
#1368 = LINE ( 'NONE', #1369, #1370 ) ;
#1369 = CARTESIAN_POINT ( 'NONE',  ( 1.850000000000000100, 1.000000000000000000, -2.274999999999999900 ) ) ;
#1370 = VECTOR ( 'NONE', #1371, 1000.000000000000000 ) ;
#1371 = DIRECTION ( 'NONE',  ( -1.000000000000000000, 0.0000000000000000000, 0.0000000000000000000 ) ) ;
#1372 = CARTESIAN_POINT ( 'NONE',  ( -1.470000000000000000, 1.149999999999999900, 2.741060896465260300 ) ) ;
#1373 = LINE ( 'NONE', #1374, #1375 ) ;
#1374 = CARTESIAN_POINT ( 'NONE',  ( 1.850000000000000100, 1.000000000000000000, 2.274999999999999900 ) ) ;
#1375 = VECTOR ( 'NONE', #1376, 1000.000000000000000 ) ;
#1376 = DIRECTION ( 'NONE',  ( -1.000000000000000000, 0.0000000000000000000, 0.0000000000000000000 ) ) ;
#1377 = LINE ( 'NONE', #1378, #1379 ) ;
#1378 = CARTESIAN_POINT ( 'NONE',  ( 1.070000000000000100, 2.200000000000000200, -2.169999999999999900 ) ) ;
#1379 = VECTOR ( 'NONE', #1380, 1000.000000000000000 ) ;
#1380 = DIRECTION ( 'NONE',  ( 0.0000000000000000000, -0.9961937174961129600, -0.08716695028090999700 ) ) ;
#1381 = CARTESIAN_POINT ( 'NONE',  ( 1.070000000000000100, 0.1499999999999999900, 3.500000000000000000 ) ) ;
#1382 = FACE_OUTER_BOUND ( 'NONE', #97, .T. ) ;
#1383 = ORIENTED_EDGE ( 'NONE', *, *, #48, .T. ) ;
#1384 = ADVANCED_FACE ( 'NONE', ( #1382 ), #1401, .F. ) ;
#1385 = ORIENTED_EDGE ( 'NONE', *, *, #211, .T. ) ;
#1386 = COLOUR_RGB ( '',0.0000000000000000000, 0.0000000000000000000, 0.0000000000000000000 ) ;
#1387 = FILL_AREA_STYLE_COLOUR ( '', #1386 ) ;
#1388 = FILL_AREA_STYLE ('',( #1387 ) ) ;
#1389 = SURFACE_STYLE_FILL_AREA ( #1388 ) ;
#1390 = SURFACE_SIDE_STYLE ('',( #1389 ) ) ;
#1391 = SURFACE_STYLE_USAGE ( .BOTH. , #1390 ) ;
#1392 = PRESENTATION_STYLE_ASSIGNMENT (( #1391 ) ) ;
#1393 = STYLED_ITEM ( 'NONE', ( #1392 ), #1384 ) ;
#1394 = PRESENTATION_LAYER_ASSIGNMENT (  '', '', ( #1393 ) ) ;
#1395 = MECHANICAL_DESIGN_GEOMETRIC_PRESENTATION_REPRESENTATION (  '', ( #1393 ), #1400 ) ;
#1396 =( LENGTH_UNIT ( ) NAMED_UNIT ( * ) SI_UNIT ( .MILLI., .METRE. ) );
#1397 =( NAMED_UNIT ( * ) PLANE_ANGLE_UNIT ( ) SI_UNIT ( $, .RADIAN. ) );
#1398 =( NAMED_UNIT ( * ) SI_UNIT ( $, .STERADIAN. ) SOLID_ANGLE_UNIT ( ) );
#1399 = UNCERTAINTY_MEASURE_WITH_UNIT (LENGTH_MEASURE( 1.000000000000000100E-005 ), #1396, 'distance_accuracy_value', 'NONE');
#1400 =( GEOMETRIC_REPRESENTATION_CONTEXT ( 3 ) GLOBAL_UNCERTAINTY_ASSIGNED_CONTEXT ( ( #1399 ) ) GLOBAL_UNIT_ASSIGNED_CONTEXT ( ( #1396, #1397, #1398 ) ) REPRESENTATION_CONTEXT ( 'NONE', 'WORKASPACE' ) );
#1401 = PLANE ( 'NONE',  #1403 ) ;
#1402 = ORIENTED_EDGE ( 'NONE', *, *, #7, .F. ) ;
#1403 = AXIS2_PLACEMENT_3D ( 'NONE', #1404, #1405, #1406 ) ;
#1404 = CARTESIAN_POINT ( 'NONE',  ( 1.850000000000000100, 1.000000000000000000, -2.274999999999999900 ) ) ;
#1405 = DIRECTION ( 'NONE',  ( -0.9938837346736189000, 0.1104315260748465900, 0.0000000000000000000 ) ) ;
#1406 = DIRECTION ( 'NONE',  ( -0.1104315260748465900, -0.9938837346736189000, 0.0000000000000000000 ) ) ;
#1407 = LINE ( 'NONE', #1408, #1409 ) ;
#1408 = CARTESIAN_POINT ( 'NONE',  ( -1.070000000000000100, 0.1499999999999999900, 3.500000000000000000 ) ) ;
#1409 = VECTOR ( 'NONE', #1410, 1000.000000000000000 ) ;
#1410 = DIRECTION ( 'NONE',  ( -1.000000000000000000, 0.0000000000000000000, 0.0000000000000000000 ) ) ;
#1411 = CARTESIAN_POINT ( 'NONE',  ( 1.750000000000000000, 2.200000000000000200, 2.169999999999999900 ) ) ;
#1412 = LINE ( 'NONE', #1413, #1414 ) ;
#1413 = CARTESIAN_POINT ( 'NONE',  ( 1.470000000000000000, 1.000000000000000000, -2.075000000000000200 ) ) ;
#1414 = VECTOR ( 'NONE', #1415, 1000.000000000000000 ) ;
#1415 = DIRECTION ( 'NONE',  ( 0.0000000000000000000, 0.0000000000000000000, -1.000000000000000000 ) ) ;
#1416 = LINE ( 'NONE', #1417, #1418 ) ;
#1417 = CARTESIAN_POINT ( 'NONE',  ( 1.850000000000000100, 0.1000000000000000100, 2.169999999999999900 ) ) ;
#1418 = VECTOR ( 'NONE', #1420, 1000.000000000000000 ) ;
#1419 = ORIENTED_EDGE ( 'NONE', *, *, #218, .T. ) ;
#1420 = DIRECTION ( 'NONE',  ( -1.000000000000000000, 0.0000000000000000000, 0.0000000000000000000 ) ) ;
#1421 = LINE ( 'NONE', #1422, #1423 ) ;
#1422 = CARTESIAN_POINT ( 'NONE',  ( -1.470000000000000000, 1.000000000000000000, -2.636029765733800100 ) ) ;
#1423 = VECTOR ( 'NONE', #1424, 999.9999999999998900 ) ;
#1424 = DIRECTION ( 'NONE',  ( 0.0000000000000000000, -0.9396926207859094300, -0.3420201433256661000 ) ) ;
#1425 = FACE_OUTER_BOUND ( 'NONE', #170, .T. ) ;
#1426 = PLANE ( 'NONE',  #1427 ) ;
#1427 = AXIS2_PLACEMENT_3D ( 'NONE', #1428, #1429, #1430 ) ;
#1428 = CARTESIAN_POINT ( 'NONE',  ( 1.070000000000000100, 1.149999999999999900, -3.500000000000000000 ) ) ;
#1429 = DIRECTION ( 'NONE',  ( -1.000000000000000000, 0.0000000000000000000, 0.0000000000000000000 ) ) ;
#1430 = DIRECTION ( 'NONE',  ( 0.0000000000000000000, 0.0000000000000000000, 1.000000000000000000 ) ) ;
#1431 = LINE ( 'NONE', #1432, #1433 ) ;
#1432 = CARTESIAN_POINT ( 'NONE',  ( 1.070000000000000100, 4.094594283277304900E-017, 3.000000000000000000 ) ) ;
#1433 = VECTOR ( 'NONE', #1434, 1000.000000000000000 ) ;
#1434 = DIRECTION ( 'NONE',  ( 0.0000000000000000000, 1.224606353822375800E-016, -1.000000000000000000 ) ) ;
#1435 = LINE ( 'NONE', #1438, #1439 ) ;
#1436 = ORIENTED_EDGE ( 'NONE', *, *, #5, .T. ) ;
#1437 = ORIENTED_EDGE ( 'NONE', *, *, #1617, .F. ) ;
#1438 = CARTESIAN_POINT ( 'NONE',  ( 1.470000000000000000, 1.149999999999999900, 2.741060896465260300 ) ) ;
#1439 = VECTOR ( 'NONE', #1440, 999.9999999999998900 ) ;
#1440 = DIRECTION ( 'NONE',  ( 0.0000000000000000000, -0.9396926207859094300, 0.3420201433256661000 ) ) ;
#1441 = LINE ( 'NONE', #1442, #1443 ) ;
#1442 = CARTESIAN_POINT ( 'NONE',  ( 1.070000000000000100, 0.1499999999999999900, -3.105031130731454900 ) ) ;
#1443 = VECTOR ( 'NONE', #1444, 1000.000000000000000 ) ;
#1444 = DIRECTION ( 'NONE',  ( 0.0000000000000000000, -2.745031967945675200E-015, 1.000000000000000000 ) ) ;
#1445 = FACE_OUTER_BOUND ( 'NONE', #1086, .T. ) ;
#1446 = PLANE ( 'NONE',  #1447 ) ;
#1447 = AXIS2_PLACEMENT_3D ( 'NONE', #1448, #1449, #1450 ) ;
#1448 = CARTESIAN_POINT ( 'NONE',  ( -1.070000000000000100, 1.149999999999999900, -2.741060896465260300 ) ) ;
#1449 = DIRECTION ( 'NONE',  ( 0.0000000000000000000, -0.3420201433256661000, 0.9396926207859094300 ) ) ;
#1450 = DIRECTION ( 'NONE',  ( 0.0000000000000000000, -0.9396926207859094300, -0.3420201433256661000 ) ) ;
#1451 = CARTESIAN_POINT ( 'NONE',  ( -1.470000000000000000, 1.149999999999999900, 2.261874999999999900 ) ) ;
#1452 = CARTESIAN_POINT ( 'NONE',  ( 1.470000000000000000, 1.000000000000000000, -2.636029765733800100 ) ) ;
#1453 = CARTESIAN_POINT ( 'NONE',  ( -1.470000000000000000, 4.094594283277304900E-017, 3.000000000000000000 ) ) ;
#1454 = FACE_OUTER_BOUND ( 'NONE', #271, .T. ) ;
#1455 = COLOUR_RGB ( '',0.0000000000000000000, 0.0000000000000000000, 0.0000000000000000000 ) ;
#1456 = FILL_AREA_STYLE_COLOUR ( '', #1455 ) ;
#1457 = FILL_AREA_STYLE ('',( #1456 ) ) ;
#1458 = SURFACE_STYLE_FILL_AREA ( #1457 ) ;
#1459 = SURFACE_SIDE_STYLE ('',( #1458 ) ) ;
#1460 = SURFACE_STYLE_USAGE ( .BOTH. , #1459 ) ;
#1461 = PRESENTATION_STYLE_ASSIGNMENT (( #1460 ) ) ;
#1462 = STYLED_ITEM ( 'NONE', ( #1461 ), #1545 ) ;
#1463 = PRESENTATION_LAYER_ASSIGNMENT (  '', '', ( #1462 ) ) ;
#1464 = MECHANICAL_DESIGN_GEOMETRIC_PRESENTATION_REPRESENTATION (  '', ( #1462 ), #1469 ) ;
#1465 =( LENGTH_UNIT ( ) NAMED_UNIT ( * ) SI_UNIT ( .MILLI., .METRE. ) );
#1466 =( NAMED_UNIT ( * ) PLANE_ANGLE_UNIT ( ) SI_UNIT ( $, .RADIAN. ) );
#1467 =( NAMED_UNIT ( * ) SI_UNIT ( $, .STERADIAN. ) SOLID_ANGLE_UNIT ( ) );
#1468 = UNCERTAINTY_MEASURE_WITH_UNIT (LENGTH_MEASURE( 1.000000000000000100E-005 ), #1465, 'distance_accuracy_value', 'NONE');
#1469 =( GEOMETRIC_REPRESENTATION_CONTEXT ( 3 ) GLOBAL_UNCERTAINTY_ASSIGNED_CONTEXT ( ( #1468 ) ) GLOBAL_UNIT_ASSIGNED_CONTEXT ( ( #1465, #1466, #1467 ) ) REPRESENTATION_CONTEXT ( 'NONE', 'WORKASPACE' ) );
#1470 = EDGE_LOOP ( 'NONE', ( #391, #1104 ) ) ;
#1471 = EDGE_CURVE ( 'NONE', #1552, #275, #1416, .T. ) ;
#1472 = EDGE_CURVE ( 'NONE', #1673, #89, #1421, .T. ) ;
#1473 = ADVANCED_FACE ( 'NONE', ( #1425 ), #1426, .T. ) ;
#1474 = PLANE ( 'NONE',  #1475 ) ;
#1475 = AXIS2_PLACEMENT_3D ( 'NONE', #1476, #1477, #1478 ) ;
#1476 = CARTESIAN_POINT ( 'NONE',  ( -1.850000000000000100, 1.000000000000000000, -2.274999999999999900 ) ) ;
#1477 = DIRECTION ( 'NONE',  ( 0.9938837346736189000, 0.1104315260748465900, 0.0000000000000000000 ) ) ;
#1478 = DIRECTION ( 'NONE',  ( -0.1104315260748465900, 0.9938837346736189000, 0.0000000000000000000 ) ) ;
#1479 = LINE ( 'NONE', #1480, #1481 ) ;
#1480 = CARTESIAN_POINT ( 'NONE',  ( -1.070000000000000100, 1.149999999999999900, -2.741060896465260300 ) ) ;
#1481 = VECTOR ( 'NONE', #1482, 1000.000000000000000 ) ;
#1482 = DIRECTION ( 'NONE',  ( -1.000000000000000000, 0.0000000000000000000, 0.0000000000000000000 ) ) ;
#1483 = FACE_OUTER_BOUND ( 'NONE', #1621, .T. ) ;
#1484 = COLOUR_RGB ( '',0.0000000000000000000, 0.0000000000000000000, 0.0000000000000000000 ) ;
#1485 = FILL_AREA_STYLE_COLOUR ( '', #1484 ) ;
#1486 = FILL_AREA_STYLE ('',( #1485 ) ) ;
#1487 = SURFACE_STYLE_FILL_AREA ( #1486 ) ;
#1488 = SURFACE_SIDE_STYLE ('',( #1487 ) ) ;
#1489 = SURFACE_STYLE_USAGE ( .BOTH. , #1488 ) ;
#1490 = ORIENTED_EDGE ( 'NONE', *, *, #285, .F. ) ;
#1491 = ORIENTED_EDGE ( 'NONE', *, *, #243, .T. ) ;
#1492 = PRESENTATION_STYLE_ASSIGNMENT (( #1489 ) ) ;
#1493 = STYLED_ITEM ( 'NONE', ( #1492 ), #1546 ) ;
#1494 = PRESENTATION_LAYER_ASSIGNMENT (  '', '', ( #1493 ) ) ;
#1495 = MECHANICAL_DESIGN_GEOMETRIC_PRESENTATION_REPRESENTATION (  '', ( #1493 ), #1500 ) ;
#1496 =( LENGTH_UNIT ( ) NAMED_UNIT ( * ) SI_UNIT ( .MILLI., .METRE. ) );
#1497 =( NAMED_UNIT ( * ) PLANE_ANGLE_UNIT ( ) SI_UNIT ( $, .RADIAN. ) );
#1498 =( NAMED_UNIT ( * ) SI_UNIT ( $, .STERADIAN. ) SOLID_ANGLE_UNIT ( ) );
#1499 = UNCERTAINTY_MEASURE_WITH_UNIT (LENGTH_MEASURE( 1.000000000000000100E-005 ), #1496, 'distance_accuracy_value', 'NONE');
#1500 =( GEOMETRIC_REPRESENTATION_CONTEXT ( 3 ) GLOBAL_UNCERTAINTY_ASSIGNED_CONTEXT ( ( #1499 ) ) GLOBAL_UNIT_ASSIGNED_CONTEXT ( ( #1496, #1497, #1498 ) ) REPRESENTATION_CONTEXT ( 'NONE', 'WORKASPACE' ) );
#1501 = PLANE ( 'NONE',  #1502 ) ;
#1502 = AXIS2_PLACEMENT_3D ( 'NONE', #1503, #1504, #1505 ) ;
#1503 = CARTESIAN_POINT ( 'NONE',  ( 1.850000000000000100, 2.200000000000000200, -2.169999999999999900 ) ) ;
#1504 = DIRECTION ( 'NONE',  ( 0.0000000000000000000, -0.08716695028090999700, 0.9961937174961129600 ) ) ;
#1505 = DIRECTION ( 'NONE',  ( 0.0000000000000000000, -0.9961937174961129600, -0.08716695028090999700 ) ) ;
#1506 = LINE ( 'NONE', #1507, #1511 ) ;
#1507 = CARTESIAN_POINT ( 'NONE',  ( 1.070000000000000100, 1.000000000000000000, -2.075000000000000200 ) ) ;
#1508 = ORIENTED_EDGE ( 'NONE', *, *, #137, .T. ) ;
#1509 = EDGE_LOOP ( 'NONE', ( #30, #1573, #222, #445 ) ) ;
#1510 = ORIENTED_EDGE ( 'NONE', *, *, #1571, .F. ) ;
#1511 = VECTOR ( 'NONE', #1512, 1000.000000000000000 ) ;
#1512 = DIRECTION ( 'NONE',  ( 0.0000000000000000000, 0.0000000000000000000, -1.000000000000000000 ) ) ;
#1513 = LINE ( 'NONE', #1514, #1515 ) ;
#1514 = CARTESIAN_POINT ( 'NONE',  ( 1.470000000000000000, 1.149999999999999900, -2.741060896465255000 ) ) ;
#1515 = VECTOR ( 'NONE', #1516, 999.9999999999998900 ) ;
#1516 = DIRECTION ( 'NONE',  ( 0.0000000000000000000, 0.9396926207859094300, 0.3420201433256661000 ) ) ;
#1517 =( LENGTH_UNIT ( ) NAMED_UNIT ( * ) SI_UNIT ( .MILLI., .METRE. ) );
#1518 =( NAMED_UNIT ( * ) PLANE_ANGLE_UNIT ( ) SI_UNIT ( $, .RADIAN. ) );
#1519 =( NAMED_UNIT ( * ) SI_UNIT ( $, .STERADIAN. ) SOLID_ANGLE_UNIT ( ) );
#1520 = UNCERTAINTY_MEASURE_WITH_UNIT (LENGTH_MEASURE( 1.000000000000000100E-005 ), #1517, 'distance_accuracy_value', 'NONE');
#1521 =( GEOMETRIC_REPRESENTATION_CONTEXT ( 3 ) GLOBAL_UNCERTAINTY_ASSIGNED_CONTEXT ( ( #1520 ) ) GLOBAL_UNIT_ASSIGNED_CONTEXT ( ( #1517, #1518, #1519 ) ) REPRESENTATION_CONTEXT ( 'NONE', 'WORKASPACE' ) );
#1522 = ADVANCED_BREP_SHAPE_REPRESENTATION ( 'G3VM_61VY3', ( #1586, #1526 ), #1521 ) ;
#1523 = EDGE_CURVE ( 'NONE', #118, #1664, #1435, .T. ) ;
#1524 = EDGE_CURVE ( 'NONE', #1562, #252, #1441, .T. ) ;
#1525 = ADVANCED_FACE ( 'NONE', ( #1445 ), #1446, .F. ) ;
#1526 = AXIS2_PLACEMENT_3D ( 'NONE', #1527, #1528, #1529 ) ;
#1527 = CARTESIAN_POINT ( 'NONE',  ( 0.0000000000000000000, 0.0000000000000000000, 0.0000000000000000000 ) ) ;
#1528 = DIRECTION ( 'NONE',  ( 0.0000000000000000000, 0.0000000000000000000, 1.000000000000000000 ) ) ;
#1529 = DIRECTION ( 'NONE',  ( 1.000000000000000000, 0.0000000000000000000, 0.0000000000000000000 ) ) ;
#1530 = APPLICATION_CONTEXT ( 'automotive_design' ) ;
#1531 = APPLICATION_PROTOCOL_DEFINITION ( 'draft international standard', 'automotive_design', 1998, #1530 ) ;
#1532 = PRODUCT_CONTEXT ( 'NONE', #1530, 'mechanical' ) ;
#1533 = PRODUCT ( 'G3VM_61VY3', 'G3VM_61VY3', '', ( #1532 ) ) ;
#1534 = APPLICATION_CONTEXT ( 'automotive_design' ) ;
#1535 = APPLICATION_PROTOCOL_DEFINITION ( 'draft international standard', 'automotive_design', 1998, #1534 ) ;
#1536 = PRODUCT_DEFINITION_CONTEXT ( 'detailed design', #1534, 'design' ) ;
#1537 = PRODUCT_DEFINITION ( 'UNKNOWN', '', #1538, #1536 ) ;
#1538 = PRODUCT_DEFINITION_FORMATION_WITH_SPECIFIED_SOURCE ( 'ANY', '', #1533, .NOT_KNOWN. ) ;
#1539 = PRODUCT_RELATED_PRODUCT_CATEGORY ( 'part', '', ( #1533 ) ) ;
#1540 = PRODUCT_DEFINITION_SHAPE ( 'NONE', 'NONE',  #1537 ) ;
#1541 = SHAPE_DEFINITION_REPRESENTATION ( #1540, #1522 ) ;
#1542 = VERTEX_POINT ( 'NONE', #1451 ) ;
#1543 = ORIENTED_EDGE ( 'NONE', *, *, #284, .F. ) ;
#1544 = VERTEX_POINT ( 'NONE', #1453 ) ;
#1545 = ADVANCED_FACE ( 'NONE', ( #1454 ), #1474, .F. ) ;
#1546 = ADVANCED_FACE ( 'NONE', ( #1483 ), #1501, .F. ) ;
#1547 = EDGE_CURVE ( 'NONE', #1644, #1569, #1506, .T. ) ;
#1548 = EDGE_LOOP ( 'NONE', ( #132, #1570, #46, #272, #1587, #140, #135, #808 ) ) ;
#1549 = EDGE_CURVE ( 'NONE', #163, #302, #1513, .T. ) ;
#1550 = ORIENTED_EDGE ( 'NONE', *, *, #1315, .T. ) ;
#1551 = EDGE_LOOP ( 'NONE', ( #232, #1648, #1624, #90 ) ) ;
#1552 = VERTEX_POINT ( 'NONE', #864 ) ;
#1553 = EDGE_CURVE ( 'NONE', #86, #1578, #865, .T. ) ;
#1554 = ORIENTED_EDGE ( 'NONE', *, *, #255, .F. ) ;
#1555 = ADVANCED_FACE ( 'NONE', ( #869 ), #870, .F. ) ;
#1556 = ORIENTED_EDGE ( 'NONE', *, *, #1471, .T. ) ;
#1557 = ORIENTED_EDGE ( 'NONE', *, *, #73, .F. ) ;
#1558 = ORIENTED_EDGE ( 'NONE', *, *, #205, .F. ) ;
#1559 = CLOSED_SHELL ( 'NONE', ( #1671, #1015, #101, #1473, #213, #1637, #111, #151, #1546, #238, #303, #161, #323, #196, #1584, #1669, #237, #1659, #155, #1545, #1384, #1525, #122, #287, #1555, #273, #293, #1668, #263, #239, #277, #138, #1656, #276, #280, #1620, #1645, #165, #394, #124, #240, #497, #876, #1067, #227, #80, #282, #532, #1633 ) ) ;
#1560 = VERTEX_POINT ( 'NONE', #931 ) ;
#1561 = EDGE_LOOP ( 'NONE', ( #1614, #1050, #176, #643 ) ) ;
#1562 = VERTEX_POINT ( 'NONE', #965 ) ;
#1563 = EDGE_LOOP ( 'NONE', ( #114, #129, #1661, #1674 ) ) ;
#1564 = ORIENTED_EDGE ( 'NONE', *, *, #1609, .F. ) ;
#1565 = ORIENTED_EDGE ( 'NONE', *, *, #1333, .T. ) ;
#1566 = ORIENTED_EDGE ( 'NONE', *, *, #1635, .F. ) ;
#1567 = ORIENTED_EDGE ( 'NONE', *, *, #1617, .T. ) ;
#1568 = ORIENTED_EDGE ( 'NONE', *, *, #1553, .T. ) ;
#1569 = VERTEX_POINT ( 'NONE', #981 ) ;
#1570 = ORIENTED_EDGE ( 'NONE', *, *, #12, .T. ) ;
#1571 = EDGE_CURVE ( 'NONE', #116, #177, #986, .T. ) ;
#1572 = VERTEX_POINT ( 'NONE', #990 ) ;
#1573 = ORIENTED_EDGE ( 'NONE', *, *, #842, .T. ) ;
#1574 = ORIENTED_EDGE ( 'NONE', *, *, #58, .F. ) ;
#1575 = VERTEX_POINT ( 'NONE', #1029 ) ;
#1576 = ORIENTED_EDGE ( 'NONE', *, *, #1589, .F. ) ;
#1577 = VERTEX_POINT ( 'NONE', #1030 ) ;
#1578 = VERTEX_POINT ( 'NONE', #1031 ) ;
#1579 = ORIENTED_EDGE ( 'NONE', *, *, #245, .F. ) ;
#1580 = ORIENTED_EDGE ( 'NONE', *, *, #19, .T. ) ;
#1581 = EDGE_CURVE ( 'NONE', #1552, #13, #1039, .T. ) ;
#1582 = VERTEX_POINT ( 'NONE', #1047 ) ;
#1583 = EDGE_CURVE ( 'NONE', #1578, #163, #1048, .T. ) ;
#1584 = ADVANCED_FACE ( 'NONE', ( #1054 ), #1071, .F. ) ;
#1585 = VERTEX_POINT ( 'NONE', #1076 ) ;
#1586 = MANIFOLD_SOLID_BREP ( 'NONE', #1559 ) ;
#1587 = ORIENTED_EDGE ( 'NONE', *, *, #225, .T. ) ;
#1588 = ORIENTED_EDGE ( 'NONE', *, *, #1471, .F. ) ;
#1589 = EDGE_CURVE ( 'NONE', #221, #75, #1099, .T. ) ;
#1590 = ORIENTED_EDGE ( 'NONE', *, *, #52, .F. ) ;
#1591 = ORIENTED_EDGE ( 'NONE', *, *, #55, .T. ) ;
#1592 = ORIENTED_EDGE ( 'NONE', *, *, #304, .F. ) ;
#1593 = ORIENTED_EDGE ( 'NONE', *, *, #106, .F. ) ;
#1594 = ORIENTED_EDGE ( 'NONE', *, *, #304, .T. ) ;
#1595 = ORIENTED_EDGE ( 'NONE', *, *, #1589, .T. ) ;
#1596 = ORIENTED_EDGE ( 'NONE', *, *, #1210, .F. ) ;
#1597 = EDGE_LOOP ( 'NONE', ( #171, #1550, #70, #771 ) ) ;
#1598 = ORIENTED_EDGE ( 'NONE', *, *, #47, .T. ) ;
#1599 = ORIENTED_EDGE ( 'NONE', *, *, #1472, .F. ) ;
#1600 = EDGE_CURVE ( 'NONE', #929, #217, #429, .T. ) ;
#1601 = EDGE_CURVE ( 'NONE', #1651, #1542, #449, .T. ) ;
#1602 = ORIENTED_EDGE ( 'NONE', *, *, #1581, .F. ) ;
#1603 = ORIENTED_EDGE ( 'NONE', *, *, #228, .T. ) ;
#1604 = ORIENTED_EDGE ( 'NONE', *, *, #1085, .F. ) ;
#1605 = VERTEX_POINT ( 'NONE', #457 ) ;
#1606 = ORIENTED_EDGE ( 'NONE', *, *, #36, .F. ) ;
#1607 = ORIENTED_EDGE ( 'NONE', *, *, #1583, .T. ) ;
#1608 = VERTEX_POINT ( 'NONE', #461 ) ;
#1609 = EDGE_CURVE ( 'NONE', #1605, #1651, #475, .T. ) ;
#1610 = EDGE_CURVE ( 'NONE', #1644, #1665, #479, .T. ) ;
#1611 = ORIENTED_EDGE ( 'NONE', *, *, #266, .T. ) ;
#1612 = ORIENTED_EDGE ( 'NONE', *, *, #5, .F. ) ;
#1613 = EDGE_CURVE ( 'NONE', #1650, #130, #493, .T. ) ;
#1614 = ORIENTED_EDGE ( 'NONE', *, *, #1632, .T. ) ;
#1615 = EDGE_CURVE ( 'NONE', #130, #54, #558, .T. ) ;
#1616 = EDGE_CURVE ( 'NONE', #56, #195, #583, .T. ) ;
#1617 = EDGE_CURVE ( 'NONE', #177, #260, #590, .T. ) ;
#1618 = EDGE_LOOP ( 'NONE', ( #77, #189, #1574, #1655, #1437, #1510, #25, #257 ) ) ;
#1619 = ORIENTED_EDGE ( 'NONE', *, *, #1601, .T. ) ;
#1620 = ADVANCED_FACE ( 'NONE', ( #615 ), #616, .F. ) ;
#1621 = EDGE_LOOP ( 'NONE', ( #22, #45, #157, #306, #6, #18, #102, #51, #50, #32, #1595, #1611 ) ) ;
#1622 = EDGE_CURVE ( 'NONE', #298, #946, #634, .T. ) ;
#1623 = ORIENTED_EDGE ( 'NONE', *, *, #55, .F. ) ;
#1624 = ORIENTED_EDGE ( 'NONE', *, *, #85, .F. ) ;
#1625 = ORIENTED_EDGE ( 'NONE', *, *, #182, .T. ) ;
#1626 = VERTEX_POINT ( 'NONE', #687 ) ;
#1627 = ORIENTED_EDGE ( 'NONE', *, *, #197, .F. ) ;
#1628 = EDGE_CURVE ( 'NONE', #209, #250, #712, .T. ) ;
#1629 = ORIENTED_EDGE ( 'NONE', *, *, #289, .T. ) ;
#1630 = ORIENTED_EDGE ( 'NONE', *, *, #192, .F. ) ;
#1631 = ORIENTED_EDGE ( 'NONE', *, *, #187, .T. ) ;
#1632 = EDGE_CURVE ( 'NONE', #154, #14, #759, .T. ) ;
#1633 = ADVANCED_FACE ( 'NONE', ( #769 ), #775, .F. ) ;
#1634 = ORIENTED_EDGE ( 'NONE', *, *, #15, .F. ) ;
#1635 = EDGE_CURVE ( 'NONE', #1542, #1332, #780, .T. ) ;
#1636 = ORIENTED_EDGE ( 'NONE', *, *, #288, .F. ) ;
#1637 = ADVANCED_FACE ( 'NONE', ( #824 ), #826, .F. ) ;
#1638 = EDGE_LOOP ( 'NONE', ( #324, #1619, #606, #3 ) ) ;
#1639 = ORIENTED_EDGE ( 'NONE', *, *, #1246, .T. ) ;
#1640 = ORIENTED_EDGE ( 'NONE', *, *, #294, .F. ) ;
#1641 = VERTEX_POINT ( 'NONE', #848 ) ;
#1642 = ORIENTED_EDGE ( 'NONE', *, *, #148, .F. ) ;
#1643 = ORIENTED_EDGE ( 'NONE', *, *, #1647, .F. ) ;
#1644 = VERTEX_POINT ( 'NONE', #905 ) ;
#1645 = ADVANCED_FACE ( 'NONE', ( #906 ), #924, .T. ) ;
#1646 = VERTEX_POINT ( 'NONE', #966 ) ;
#1647 = EDGE_CURVE ( 'NONE', #1652, #1562, #977, .T. ) ;
#1648 = ORIENTED_EDGE ( 'NONE', *, *, #16, .F. ) ;
#1649 = ORIENTED_EDGE ( 'NONE', *, *, #1601, .F. ) ;
#1650 = VERTEX_POINT ( 'NONE', #1032 ) ;
#1651 = VERTEX_POINT ( 'NONE', #1098 ) ;
#1652 = VERTEX_POINT ( 'NONE', #1123 ) ;
#1653 = ORIENTED_EDGE ( 'NONE', *, *, #137, .F. ) ;
#1654 = ORIENTED_EDGE ( 'NONE', *, *, #270, .T. ) ;
#1655 = ORIENTED_EDGE ( 'NONE', *, *, #187, .F. ) ;
#1656 = ADVANCED_FACE ( 'NONE', ( #1128 ), #1129, .F. ) ;
#1657 = ORIENTED_EDGE ( 'NONE', *, *, #1667, .F. ) ;
#1658 = ORIENTED_EDGE ( 'NONE', *, *, #296, .F. ) ;
#1659 = ADVANCED_FACE ( 'NONE', ( #1145 ), #1161, .F. ) ;
#1660 = ORIENTED_EDGE ( 'NONE', *, *, #108, .F. ) ;
#1661 = ORIENTED_EDGE ( 'NONE', *, *, #267, .T. ) ;
#1662 = ORIENTED_EDGE ( 'NONE', *, *, #1523, .F. ) ;
#1663 = EDGE_LOOP ( 'NONE', ( #164, #84, #64, #212 ) ) ;
#1664 = VERTEX_POINT ( 'NONE', #1166 ) ;
#1665 = VERTEX_POINT ( 'NONE', #1167 ) ;
#1666 = EDGE_CURVE ( 'NONE', #278, #715, #1172, .T. ) ;
#1667 = EDGE_CURVE ( 'NONE', #1578, #1562, #1178, .T. ) ;
#1668 = ADVANCED_FACE ( 'NONE', ( #1182 ), #1198, .F. ) ;
#1669 = ADVANCED_FACE ( 'NONE', ( #1212 ), #1228, .F. ) ;
#1670 = EDGE_LOOP ( 'NONE', ( #1556, #825, #134, #1419 ) ) ;
#1671 = ADVANCED_FACE ( 'NONE', ( #1235 ), #1236, .F. ) ;
#1672 = ORIENTED_EDGE ( 'NONE', *, *, #7, .T. ) ;
#1673 = VERTEX_POINT ( 'NONE', #1262 ) ;
#1674 = ORIENTED_EDGE ( 'NONE', *, *, #59, .T. ) ;
ENDSEC;
END-ISO-10303-21;
