:020000041000EA
:10000000002008205D0100101B0100101D010010E0
:100010001101001011010010110100101101001058
:100020001901001019010010190100101F01001022
:100030001101001019010010210100100903002016
:100040001101001011010010110100101101001028
:100050001101001011010010110100101101001018
:100060001101001011010010110100101101001008
:1000700011010010110100101101001011010010F8
:1000800011010010110100101101001011010010E8
:1000900011010010110100101101001011010010D8
:1000A00011010010110100101101001011010010C8
:1000B00011010010110100101101001011010010B8
:1000C00011010010110100101101001011010010A8
:1000D0001101001011010010110100101101001098
:1000E0001101001011010010110100101101001088
:1000F0001101001011010010110100101101001078
:100100001101001011010010110100101101001067
:10011000EFF30580103800BE00BE00BE00BE00BE7A
:1001200000BE00BEF2EB8871E4A0021000A1021034
:10013000A001001090A31AE7D3DEFFFF42012110B7
:10014000FF01000028C20200793512AB4FF0000019
:100150001E49086006C881F3088810474FF05040D8
:10016000006810B14FF00000F2E70DA40ECC00299A
:1001700002D000F012F8F9E71549164A002000E015
:1001800001C19142FCD11449884714498847144958
:10019000884700BEFDE701C901C29A42FBD3704700
:1001A00000A10210100100207023002060C3021083
:1001B000000008200000082060C302100010082082
:1001C00000100820000000007047000008ED00E06B
:1001D0007023002024590020FDCD011035020010AD
:1001E000F5CD0110F8B500BF064B0749C91A8910B3
:1001F00048BF0131491003D0044B0BB101481847E7
:10020000704700BF70230020702300200000000012
:1002100008B5054B1BB105490548AFF30080BDE8A3
:100220000840FFF7E1BF00BF00000000B43B002022
:10023000800F021008B500F095FA002008BD00BF3D
:10024000704700BF0020704700B5064B83B0DB6DE0
:100250009847C0F30743C0B240EA032003B05DF8FB
:1002600004FB00BF48260020024A034BD2F8C0001E
:100270001B6818474826002028250020074B70B52A
:100280001B6804460D469847054BDB6E23B1294693
:100290002046BDE87040184770BD00BF7035002093
:1002A00028250020024B93F8D60100F00200704789
:1002B000482600202DE9F843374F3B68002B67D0D4
:1002C000364B374E93F88330CBB1336D98473C684B
:1002D000F36C002C5ED000253D609847314F01E063
:1002E000904764B1D4E9012023463968E4685D6031
:1002F000DD600029F4D13B609047002CF2D1D6F8A4
:10030000B0319847284B80461A6882423ED0274D2C
:10031000274A2C681768BC4238D0186037B1D7E933
:1003200001309847FF68002FF9D12C68002C2DD0A0
:100330000027DFF870900BE0F36C9847D4E90130A8
:10034000D9F800206760E760D2B198472C68ECB11B
:100350002368A3EB0803002B18DC336D98472B6848
:10036000A3420AD0002BE7D01A46DB68002BE3D06B
:10037000A342F9D1E368D360DEE7E3682B60DBE7F3
:10038000C9F8004098472C68002CE1D1BDE8F883FB
:10039000034EB4E79847B2E788390020E8280020E8
:1003A00048260020083A00200C3A0020A83B0020F4
:1003B000B051002008B510F035F80022014BC3F809
:1003C0001C2108BD2825002000B585B012F0FAFDDB
:1003D0000D4B0290DB6D98479DF80A309DF80B108D
:1003E0009DF808C09DF8092001EA106102EA102278
:1003F00003EA104300EA0C000B43104340EA0320D9
:1004000005B05DF804FB00BF4826002030B5154B51
:100410008BB093F800E0EC466FEA0E0E124C5FFAD8
:100420008EFE83F800E00FCCACE80F0094E80F00DC
:10043000ACE8070070468CF8003010F009F804466C
:10044000684620F09DFB2146684420F099F9034658
:10045000064A0021128868461A800DF071FC0BB024
:1004600030BD00BF20170020800F0210A00F021027
:100470004AB1064A92F81521920704D5044A184653
:10048000D2F8143118470020704700BF904B00206D
:1004900048260020074B93F81221D20604D50269A2
:1004A000D3F894118A4200D17047C3F8942109F01F
:1004B000F1BF00BF904B00202DE9F0410446204ED3
:1004C0000F46336D904698470CB31E4B1D681DB305
:1004D00000221A60D6F8B0319847002100EB0802DC
:1004E00019486C6003682A60AF60E96023B319683B
:1004F000511A002904DC1EE01968511A002903DB97
:100500001846DB68002BF7D1EB60C5600124F36C63
:1005100098472046BDE8F0810C4D2823AC4602E008
:10052000ACF1100C53B1DCF87402013B0028F7D198
:1005300005EB0315CEE7EB600560E7E71C46E6E751
:1005400048260020083A0020A83B0020C051002087
:100550000D4808B5417A11F002010CD00B4B012176
:100560001B6C3C3098470A4B00219A8A0948BDE829
:100570000840FFF7A1BF064B9A8A02B908BD06489A
:10058000BDE80840FFF798BFE82800204826002073
:10059000904B0020510500109D050010054B0021D7
:1005A0005B7A9B07044B4CBF044805489A8AFFF7C7
:1005B00083BF00BFE8280020904B002051050010A9
:1005C0009D05001070B5124E0D46336D04469847D8
:1005D00010490B68A3B1002003E0DA6818467AB12D
:1005E00013465A68A242F8D19A68AA42F5D1DA684D
:1005F00060B1C260002208495A600868DA6018B128
:10060000F36CBDE8704018470B60F9E70A60F1E74A
:1006100048260020A83B0020083A002010B50446D8
:10062000E30706D40A4B1B6883B12046BDE810409F
:10063000184700210748FFF7C5FFC82200210548D9
:10064000FFF73AFF024B1B68002BEED110BD00BF35
:10065000DC3B002069020010F8B50446164F0E4638
:100660003B6D98478CB1154B1D6895B10021196001
:1006700000201349C5E901460B68E860BBB1194683
:10068000DB68002BFBD1CD600124FB6C9847204632
:10069000F8BD0C4D28232A4601E0103A4BB1D2F8A0
:1006A0007402013B0028F8D105EB0315E0E70D606B
:1006B000EAE71C46E9E700BF48260020083A002088
:1006C00088390020C0510020214B2DE9F04193F8DA
:1006D000816016B304461F4F88463B6D9847B4B1FE
:1006E0001D4B1D68EDB10021196000201B496C6095
:1006F0000B68C5F80880E8600BB31946DB68002B6F
:10070000FBD1CD60FB6C98473046BDE8F0812646B2
:10071000FB6C98473046BDE8F081BDE8F041FFF73B
:100720009BBF0F4D28232A4601E0103A6BB1D2F847
:100730007402013B0028F8D105EB0315D5E7FB6CEB
:100740000D6098473046BDE8F0811E46DAE700BFED
:10075000E828002048260020083A0020CC3B002052
:10076000C05100202DE9F04FC44D83B0DFF88083E5
:100770009C22002128461FF019FC4FF42072002112
:10078000BF481FF013FC4FF49072002140461FF049
:100790000DFCBC4BBC4CC8F81031BC4BBC4AC8F873
:1007A0005C30BC4BBC4FC8F86430BC4B0021C8F86F
:1007B0007830BB4BC8F81421C8F87C30B94B4FF4E3
:1007C000F672C8F88030B84B2046C8E91477C8F8EC
:1007D000CC301FF0EBFB0A234FF480622360B34B55
:1007E000B34EC4F878314FF08043C4F88021B14A49
:1007F000E361C4E914624FF6FF730122A4F8DE310D
:10080000134684F8E621AC4AAC492267AC4A21661B
:10081000C4F89C20AB4A85F88130C4F8D021AA4A9C
:10082000E664C4F8242111F01DFB14F03DF80AF031
:10083000A9FE0FF0F7FD16F073FFA44F00263B78DA
:1008400060F300033B7014F075F80AF0A5FE94F80D
:10085000D421397802F06003A3F16003B3FA83F383
:1008600042F060025B0984F8D421DB00C2F340024D
:1008700043EA021321F0180103F018030B43FF2B86
:100880003B700CBF01233346C5E92466C5F88C6074
:1008900085F8846085F882300FD18D4BD4F808211B
:1008A000C4F808318B4B8C481A60A36B98473B788F
:1008B00085F8826060F341033B70874E0DF10601BD
:1008C00096F89C0013F0C4F98146002800F08D8151
:1008D00096F89D000DF1070113F0BAF918B996F8D2
:1008E0009C3086F89D309DF9060013F0F9F93B78AD
:1008F000814660F382033B70002800F06E81002087
:1009000013F0C6F9C36A2BB1006BB0F1000918BF30
:100910004FF001093B7869F382033B7094F8D531BD
:1009200013F0020305D196F8902163F3410286F893
:1009300090213B78FF2B06D010230021674885F8D3
:100940008030FFF7C1FE0121D4F88C3096F8FC000E
:10095000984713F02DFC636F4FF000009847D4F8D0
:10096000CC310BB15E48984795F88030626E103BF1
:1009700018BF012385F88330002A00F0E78096F83D
:100980008331DF0700F1E280B28A002A40F0E8807C
:1009900094F8D53113F0060F40F0EC8094F8B6309F
:1009A00003F00C03042B06D14E4BD4F800211A603F
:1009B0004D4BC4F80031D8F8AC30002B00F0238147
:1009C0004FF000094FF0640A4FF0640B0FF02AFD5E
:1009D000EB7823B196F98231002B80F2B18044226A
:1009E000002126481FF0E2FA6FF001030020C5E95C
:1009F00004AB6B6413F040F9002840F0E480B38A44
:100A0000697A003B18BF012396F8202163F3410166
:100A10006972D10705D56B7FC2F3400262F3C3034D
:100A20006B7711F09FFAD4F8D430984796F81201FA
:100A3000C0F3400000F0F0FA96F81A01A36D4FF0F1
:100A4000000100F00100984705F0E8FD06F0CEFB3C
:100A500011F0D4F90BF0EAFB06F008F9204923481D
:100A60000BF0AAFED4F8903013B100210846984745
:100A700094F8D6319B0740F1A3803BE0E8280020A2
:100A8000C0510020C97F00104826002041020010FC
:100A9000AD320110DDC40010B5020010CD6A0110A6
:100AA000C56A011041AA001095040010B50300109A
:100AB000390C01104502001061C200102D15011003
:100AC000856F00100D320110A502001020170020C4
:100AD0007D02001070350020904B00200D040010A6
:100AE00074290020DC3B00201D060010F834002093
:100AF00028250020D8F80030D4F8C400984796F98B
:100B00001131002B53DA94F9D531002B07DA95F81F
:100B10008430002B0CBF8020872008F0EBF807F012
:100B2000E7FD074698B385F881900FF07BFCEB78E2
:100B3000002B3FF454AF96F98231002BFFF64FAFF4
:100B40008022002138481FF031FA4DE794F8E13156
:100B5000002B48D1354BB28A6366002A3FF418AFA8
:100B600000213348FFF7A8FC94F8D53113F0060FA5
:100B70003FF414AFC3F38002C3F3400343EA4201DE
:100B800040F28A2001F003010AF0FAFA06E7D4F8ED
:100B9000AC31FBB1984785F88170074600287FF497
:100BA00015AF13F0B3FE384603B0BDE8F08F11F077
:100BB00035FCB0F5807FA6D1012011F035FCA2E70D
:100BC00015F04AFE96E7002013F062F864224368AD
:100BD000DA6014E785F88130F8E613F067F813F06F
:100BE0007FF8814696E6134BB5E712F0BBFF494606
:100BF00012F090FFA8B190F9002043788DF80620FC
:100C000086F89C3064E694F8D731D8077FF5D8AEE3
:100C1000D4F81431002B3FF4D3AE074BC8F8AC30F6
:100C2000CEE602460B23E9E7E8280020490200103F
:100C300051050010C903001071040010F8B50E4FE3
:100C40003C689CB100250D4E02E090473C606CB1C1
:100C5000D4E9012023463168E4685D60DD60002945
:100C6000F3D1336090473C60002CF1D1044B93F8F2
:100C7000833003B9FEE7F8BDCC3B0020083A0020E2
:100C8000E8280020F8B504692DED028B08EE101A53
:100C9000E16B002942D000266425027D214B22F021
:100CA0002002646802755A7F1F4F42F0800287ED70
:100CB000198A02765A7F80ED008A42F0040286602B
:100CC0005A77027E42F0040202765A7F42F0010215
:100CD0005A77037E43F0010303760120E5608847DD
:100CE000D0ED007A28EE278AB5EE408AF1EE10FAB0
:100CF00010D00E4B9FED0E7AD3ED1D7A67EE877AFA
:100D0000F4EEC87ABDEC028BF1EE10FA4CBF2B204A
:100D10003046F8BD2920BDEC028BF8BD1420BDEC97
:100D2000028BF8BDE828002090340020904B002072
:100D30006666663F0A4A92F8833002F1840C0133FA
:100D400003F0030303EB43010CEB810C02F1B80148
:100D500082F8833007C98CE807000BF00DBD00BF97
:100D6000903400200A4B9A690AB1DB69184730B405
:100D7000084D0446AC46084BD3F8D0301868596883
:100D80009A68DB68ACE80F0028462C6130BC7047DD
:100D9000282500209854002090340020204900226B
:100DA0000B46B7EE007A30B4A1F10C0073ED017A76
:100DB000F4EE477AF1EE10FA4FEA4202D2B218BFCF
:100DC00042F001029842F1D1F7EE007A154C4FF053
:100DD000000C0023C4ED057AC4ED047AC4ED037A57
:100DE000114DC4F808C085F82E30C4F804C0C4F80A
:100DF00000C031ED017AB4EE677AF1EE10FA4FEAF5
:100E00004303DBB218BF43F001038142F1D19342A7
:100E100001D130BC7047022030BC0BF075BD00BF63
:100E20003C1700202417002090340020472370B581
:100E300000F13604E4B23B2C104D204628BF3B2085
:100E40002B800FF005FB064628461FF099FE314621
:100E500028441FF095FC3B2C01D8084870BD034680
:100E6000074AA4F13B0012881A800FF0F1FA0146FC
:100E700028461FF0E9F8014870BD00BF4C32002041
:100E80001C6A021000487047301700200020B7EE9F
:100E9000007A094BA3F10C0273ED017AF4EE477A64
:100EA000F1EE10FA4FEA4000C0B218BF40F0010066
:100EB0009A42F1D1704700BF3C17002010B504469C
:100EC000F9B140F20113174AB2F80C21934318D03C
:100ED00006F0F4FF002814DB134B00EB4000204425
:100EE00003EB800003EB8402D0ED217AD2ED026A9D
:100EF00092ED317A77EEA67A77EE877A17EE900A3E
:100F000010BD094B03EB8401D1ED027AD1ED2E6ABD
:100F100091ED317A77EEA67A77EE877A17EE900A1E
:100F200010BD00BF904B00209034002030B583B03E
:100F3000019298B3022803D0274BD87103B030BD7B
:100F4000DDED017A254BF8EEE77A03EB4113D3EDA3
:100F50000C6A87EEA67A224A1F4C926904EB810341
:100F600093ED316A83ED317A2AB9D4F8D03003EBAE
:100F7000810383ED007AB4EE476AF1EE10FA14BFF4
:100F800001210021E0710029D8D04FF480600BF0DE
:100F9000BBFC03B0BDE830400BF0EEBB114A01468C
:100FA00014464FF0000C0E4B9D6954F8D039A3F154
:100FB0000C0E72ED017AF5EE407AF1EE10FAC2F8FD
:100FC00000C018BF41F001010DB9C3F808C0043BCF
:100FD0007345EED1D6E700BF90340020904B00203F
:100FE000282500206035002071B1012905D1022299
:100FF0000023027043708170704701220223002198
:1010000002704370817070470A460123022102700A
:1010100043708170704700BF2DE9F043654F87B082
:1010200097F88140002C50D0634D644C0021D422AD
:1010300028461EF0BBFF94F81231614ED9066DD5DB
:10104000F369D4F894019847C5F8D000002865D01A
:10105000B369002B6AD05B4B1C682CB12046A46896
:101060001AF09CFC002CF9D17B7F574C002085F8AE
:101070002C30EC6512F00CFEA862FFF78FFE287D85
:10108000A4F1140109F054FD10B90720B368984782
:1010900097F88130002B36D0484B93F811319B07DD
:1010A00055D5736C43B100224849CDE90022086848
:1010B000029200285BD0984714F0E4FC336B53B3E2
:1010C0003D4807B0BDE8F04318473B4DB8220646FF
:1010D0002146284695F8149095F807801EF066FF83
:1010E0003B4BD5F8D000D3F81C310269AA670BB18D
:1010F000214698472EB1324E85F8149085F8078026
:10110000A9E72F4EA7E7736C002BD4D114F0BAFCDB
:10111000336B002BD4D107B0BDE8F083F369002016
:101120009847B369C5F8D000002B94D1D5F8D020EA
:10113000136053609360D360136194F81231DA0640
:1011400089D5D4F89421D5F8D0301A6183E70B20E3
:10115000204909F0EDFC08BB0720B3689847736C81
:10116000002BA9D097F88120002A9CD1A3E74C68D6
:101170009442A0D18C6894429DD10A46CDE90300E7
:10118000059052F8B00F002895D15068049A90420B
:1011900091D1D1F8B81091428DD18DE70C2395F9FA
:1011A000832002FB03530B4A843307CA83E80700FA
:1011B000D5E700BFE828002090340020904B0020A5
:1011C00028250020F43B0020AC3400209834002077
:1011D000482600204835002000487047AC340020E5
:1011E000002208B5054BC3E900229A6012F0E0FF27
:1011F000BDE8084010200BF087BB00BFAC340020D6
:1012000008B5054A054B50765B6F9847BDE8084026
:1012100020200BF079BB00BF90340020482600202E
:1012200040B110B504462046A4681AF0B7FB002C64
:10123000F9D110BD704700BFB0B10C4B10B5D3F859
:10124000C030044603B19847237823B92046BDE84F
:1012500010401AF0A3BB204600210CF071FD20467F
:10126000BDE810401AF09ABB704700BF2825002047
:10127000014B1868704700BFAC33002070B50446BE
:1012800060B31C4B187848BB5B7833BB1A4D607E4B
:1012900084F838306B7E2A889842228004D0174B1D
:1012A000B3F8981012F030FA0C22154904F11C0022
:1012B0001EF04EFEA0B1104E04F1400EB446206860
:1012C0006168A268E36810347445ACE80F0006F169
:1012D0001006F3D10120EB6B2B6670BD002070BDB2
:1012E000064B626AB3F8A030217FA86A12F004FFAF
:1012F000E1E700BFE828002090340020904B002058
:10130000AC3400202DE9F04F037817465A1E1F2AEF
:101310000446884683B004D814F8013F581E1F289D
:10132000FAD93B2B50D02F2B4AD02378002B66D0F4
:10133000A2460026651C202B08D9292B05F1FF3970
:101340001AD03B2B13D0282B0BD066B315F8013BDA
:10135000002BF0D1002320468AF8003003B0BDE80E
:10136000F08F2E4615F8013B002BE4D1F2E7002E5A
:10137000ECD189F80060EDE77EB13E4B93F8813007
:101380005BB905F8013C3C4B93F8D6315B0723D49D
:10139000002F4AD03B68002B33D015F8013B0026C4
:1013A000002BC8D1D6E7A3F16102192A98BF03F038
:1013B0005F030AF8013B15F8013B002BBBD1C9E7DD
:1013C0002E4B1B7ADA0605D500232046237003B086
:1013D000BDE8F08F0134A8E73378002BDDD017B1DA
:1013E0003B68002BD9D1DFF89CB0DBF8C430002B70
:1013F000D3D030469847002688F80000A6E7A246DA
:10140000A8E7DFF880B0DBF8BC3023B1304698475E
:1014100038600028C1D10422304619491EF0B0FEC0
:1014200038B13378002BE0D1B7E73378002BB4D054
:10143000D9E7A9EB0602A2F10309484601921AF086
:1014400071FA019A38600028EBD03379202B0FD144
:10145000731D194613F801CBBCF1200FF9D006F12A
:1014600001099144A9EB01094A461FF013FB94E7D7
:10147000311DF9E79034002048260020E82800209C
:10148000A40F02102825002000212DE9F04FDFF8DD
:10149000AC922DED088BD9F80431A44F5B1A18BF1C
:1014A000012397F87D20ADB093EA020517918DF8DE
:1014B0005B1017AA0DF15B0118BF87F87D30FFF7AD
:1014C00021FF9DF85B800446B8F1000F09D1037835
:1014D000252B0CD07BB9179808B1FFF7ADFE9DF80E
:1014E0005B8040462DB0BDEC088BBDE8F08F4378A3
:1014F000002B00F0B8808E4D8C4FE0220021284652
:101500001EF054FD0023BC4605F1080607938DF834
:101510002430ADF818309A46BCE80F000FC6BCE87E
:101520000F000FC6BCE80F000FC69CE80F0086E84E
:101530000F00FB6D0A932378242B00F0358322469D
:101540000123189300231A9392F800B01C93BBF167
:10155000000F01F0F482BBF1400F66D9BBF15A0FC6
:1015600000F2F986BBF14F0F63D1724B20461993FD
:1015700018AB19461AAA05930FF036F806468DF8EF
:101580005B00002841F01086DDED197AF4EE677AF1
:10159000F1EE10FAB0EE677A81F14D8208900B906F
:1015A000FCEEE76AF8EE665A9FED636A77EEE57A3D
:1015B00067EE867AF8FE677ACDED1A6ABCEEE78AA6
:1015C000BBF1470F61D0BBF14D0F40F0D3802B78BA
:1015D000412B00F047811A9E632E40F2FD810023CB
:1015E000DFF85CB11C93DBF8F430002B00F09B803B
:1015F00018EE102AB0B2002A00F0278300EB800614
:1016000006EB86001FFA82FB0BEB800080B2984746
:101610000646002800F087801A9B03EB830303EB48
:1016200083030BEB83039BB216E3BBF1240F40F063
:10163000928618AB1946204619AA05930FF02CF88C
:10164000002801F0D78100231E4608EE103A0893C7
:101650000B93DDED197AF4EE677AF1EE10FAB0EE45
:10166000677A9DD7ACE7037097F87D30002B00F0C8
:10167000D182002D40F09A8397F87C30002B41F006
:101680008F8139238DF85B3025E700231C931A9B4B
:10169000412B59D8412B46D8DFE813F048034803C3
:1016A00048034803160448034500040404044500A5
:1016B000B003450045004500450045004500A7032F
:1016C000A703A703F703F7034500450045004500BE
:1016D00045004500B0034500B00345004500C40483
:1016E00045004500450045009B0445009404450025
:1016F00045002E04450045004500450045002E04E8
:101700001E041E0445001604F602F602F602F60256
:10171000F602F602450076044500450045007E04C9
:101720004C2B00F07F844FF01408DAE69034002050
:10173000B03300200000C07F0000C84248260020CF
:10174000282500200000C07F592B40F23982A3F1E8
:101750005A02092AE7D8A3F15C02072A03F271842E
:10176000DFE812F070031A031A0367030903090381
:10177000FF02FF020023ABF1240B1B93BBF1360FDA
:10178000D1D801A353F82BF0BB1800102717001075
:101790002717001027170010271700102717001011
:1017A0002717001027170010271700102717001001
:1017B00027170010271700102717001027170010F1
:1017C00027170010271700102717001027170010E1
:1017D00027170010271700102717001027170010D1
:1017E00027170010271700102717001027170010C1
:1017F000271700102717001027170010D7220010F6
:10180000C3220010AF220010972200108122001086
:1018100067220010271700102D220010112200103F
:10182000F5210010D9210010A32100102717001066
:10183000852100103D190010592100106F21001062
:10184000432100102B210010D1200010BD200010DA
:101850009920001085200010692000104D200010F4
:101860003120001095F8C930980600F1A68185ED69
:101870001A7A43F0200385F8C930189B5A1C189235
:1018800014F803B0BBF1000F00F07085BBF1400FFE
:1018900029D8BBF1240F40F05E852046059919AA8E
:1018A0000EF0FAFE00286DD1022E41F0A3805FED0C
:1018B0005B7AB0EE677ACDED197A18EE103A002B0C
:1018C00040F04585BDEEC77AD5F8C82085ED2C7A65
:1018D00012F0010308EE103A40F06F810123134328
:1018E000C5F8C830C9E7BBF15A0F00F23485BBF127
:1018F0004F0F5FD1DD4B204605991AAA19930EF0C0
:1019000073FE8DF85B00002841F09A80DDED197AB6
:10191000F4EE677AF1EE10FA1B900FD6BCEEE77A80
:10192000B8EE476ADFEDD26A77EEC67A67EEA67A3E
:10193000F8FE677A8DED1A7ABCEEE78A18EE103A57
:10194000002B40F004859DF86D30D5F8C82043F099
:1019500080038DF86D301A9BC5F8B8301B9B12EAD6
:10196000030108EE101A40F02881C2490B42B6D09C
:10197000DDED197AF5EEC07AF1EE10FAAFD54FF041
:101980000408AEE59DED197AB4EE477AF1EE10FA4F
:1019900093D6FCEEC77AB8EE678ADFEDB56A37EE0C
:1019A000488A28EE268AB8FE488ACDED1A7ABCEE1F
:1019B000C88A82E72046059919AA0EF06DFE002814
:1019C0007FF447AE022E41F01580DFEDAB7AB0EE2A
:1019D000677ACDED197AF3E518EE103A002B40F056
:1019E000B6848DED1C8A632E00F2278101A353F883
:1019F00026F000BF731E0010731E0010731E00102F
:101A00005F1F00105F1F00105F1F001003230010F6
:101A10002D1F00102D1F00102D1F00103B1C00104B
:101A20003B1C00103B1C00103B1C00103B1C00101A
:101A30003B1C00103B1C00103B1C00103B1C00100A
:101A40003B1C00103B1C00103B1C00103B1C0010FA
:101A50003B1C00103B1C00103B1C00103B1C0010EA
:101A60003B1C00103B1C00103B1C0010731E0010A0
:101A70003B1C00103B1C00103B1C00103B1C0010CA
:101A80003B1C00103B1C00103B1C00103B1C0010BA
:101A90003B1C00103B1C00103B1C00103B1C0010AA
:101AA0003B1C00103B1C00103B1C00103B1C00109A
:101AB0003B1C0010911B0010911B0010911B00108B
:101AC000911B00103B1C0010911B00103B1C0010D0
:101AD0003B1C0010851B00103B1C00103B1C001021
:101AE0003B1C0010731E00102B2300102717001042
:101AF00027170010271700102717001027170010AE
:101B000027170010271700103B1C0010211F001082
:101B1000211F0010211F0010211F00103B1C00106E
:101B20003B1C00103B1C00103B1C00103B1C001019
:101B30003B1C00103B1C00103B1C00103B1C001009
:101B40003B1C00103B1C00103B1C00103B1C0010F9
:101B50003B1C00103B1C00103B1C00103B1C0010E9
:101B60003B1C00103B1C00103B1C00103B1C0010D9
:101B70003B1C00103B1C00103B1C00103B1C0010C9
:101B8000EB2200103D4B93F820315B077FF5CBAD86
:101B90006E704FF4801300261AEA030F40F0CB87D3
:101BA0004AEA03039A4668E60121042385F80AA05D
:101BB000E21C2981ADF81810C3E44FF0190890E435
:101BC000482B7FF6B0AD01202D4AA3F1490100FA60
:101BD00001F10A40002A40F0EF80502B7FF4A0ADC5
:101BE0009DF8702042F002028DF870202B810023B6
:101BF00085F8373018EE103A002B40F0A8831C9B74
:101C00001AEA030208EE102A40F0958716464AEABF
:101C1000030A32E697F87C30DFF868B083F00103FE
:101C200087F87C30DBF8E83013B197F87C009847F0
:101C30002378002B3FF44FAC5DE4DFF848B0DBF8CD
:101C4000F430002B3FF46FADB0B298470646002841
:101C50003FF469ADBDF868306B809DF8723043F099
:101C600020038DF872301C9B96E700BF0000C07FF8
:101C70000000C84280CA18000000C07F904B0020BE
:101C800001370100282500209DF871203B2B42F0F0
:101C900008028DF87120A3F136022A77AAD118EE36
:101CA000102A1E2A3FF63FAD01A353F822F000BFD1
:101CB00049230010271700102717001027170010BE
:101CC00027170010271700102717001027170010DC
:101CD00027170010271700103723001027170010B0
:101CE00027170010271700102717001027170010BC
:101CF00027170010271700102717001027170010AC
:101D0000372300102717001027170010271700107F
:101D1000271700102717001027170010271700108B
:101D2000271700102717001037230010089A002AE1
:101D300041F0EC809DF87020052B42F002028DF8F6
:101D4000702040F0D78618EE102A1AB10A2A7FF4C4
:101D5000EAAC33232B81002385F837300223089324
:101D60004EE7623B85F835309DF8713043F0020351
:101D70008DF871303EE7CD4A127E022A7FF4D3AC53
:101D8000603B83F0010385F849309DF8713043F0E2
:101D900020038DF871302DE7C3F15E03AB729DF81F
:101DA000703043F020038DF8703023E70123DFF813
:101DB00008B387F87C3035E7089A002A41F0A680FE
:101DC0009AB23B882A819B1A18BF0123069A85F88C
:101DD000370063F341029DF87030069243F002032E
:101DE0008DF870300223089304E7113BAB739DF824
:101DF000703043F004038DF87030FBE618EE102AC3
:101E0000002A40F0AA86089A002A41F07F809DF8B7
:101E100070201C2B42F001022B708DF8702041F0D5
:101E200006820122089218EE102A13442B70012317
:101E3000E6E60223AB729DF8703043F020038DF884
:101E40007030D7E618EE103A002B40F05E86089B03
:101E5000002B41F05B809DF8703043F001038DF85A
:101E600070300123089318EE103A5C332B70012375
:101E7000C6E6002E00F0D585012E00F0BF8585F85E
:101E8000206000264FF4004386E6A3F11403B3FA62
:101E900083F35B09EB729DF8703043F040038DF8DB
:101EA0007030A7E6814A127E022A7FF43CACA3F18F
:101EB0000703B3FA83F35B096B739DF8713043F04A
:101EC00040038DF8713095E62B709DF8703043F02B
:101ED00001038DF870308DE6A3F13303B3FA83F379
:101EE0005B0985F83630042308939DF8713043F080
:101EF00004038DF871307DE6312B00F0E48518EE97
:101F0000103A002B40F0E585DFF8ACB1DBF8183073
:101F1000002B3FF408AC0123EB734FF480736FE6A2
:101F200085F8DC60534600269A46A6E4069B082EF8
:101F300043F48073069300F05685092E00F04B851C
:101F400099F8E6319A077FF5EEAB95F82130002637
:101F500043F0020385F821304FF400231CE6A6F17C
:101F60000403B3FA83F3053E18BF012695F8482011
:101F70005B0946EA430322F00302134385F8483025
:101F800000264FF4802307E618EE103A002B7FF46A
:101F9000CAAB4FF4805333E641232B709DF8703069
:101FA00043F001038DF8703018EE103A002B7FF4E7
:101FB000BAABDFF804B1DBF81831002B3FF4B3AB58
:101FC00001231DE69DF8703043F080038DF87030DA
:101FD00010E6D9F81031002B3FF4A5AB18EE103AFB
:101FE000A3F114021E2A3FF69EAB314BD340DB0710
:101FF0007FF599AB18EE102A2E4BA3FB0223DB08CA
:102000008A331A93089A002A40F080879BB22B816A
:10201000002385F837309DF8703043F002038DF8C7
:1020200070309BE618EE102A002AEBD0FFF77BBB3E
:10203000099BD5F8C82043F00403510185ED277AA8
:1020400009933FF5BAAD4FF0806348E4099BD5F89A
:10205000C82043F00203900185ED267A09933FF5ED
:10206000ACAD4FF000733AE4099BD5F8C82043F0BB
:1020700001030993D30185ED257A3FF59EAD4FF01D
:1020800080732CE4D5F8C82085ED247A11023FF541
:1020900094AD4FF4000322E4D5F8C82085ED237AEF
:1020A00050023FF58AAD4FF4800318E4904B0020B6
:1020B00001041040CDCCCCCC28250020D5F8C82078
:1020C00085ED227A93023FF578AD4FF4001306E4D4
:1020D00018EE103A002B40F03A81DFF88CB21A98D3
:1020E000DBF81830002B00F0A384DBF81C30984795
:1020F000B0FA80F04009002841F0F980DDED197A4E
:10210000F4EE677AF1EE10FA6CBF4FF0FF331A9BD2
:10211000D5F8C820C5F8C03012F4801308EE103A84
:102120007FF44BAD4FF4801324E4D5F8C82085ED3F
:102130001E7A11033FF541ADDDED197A4FF400230E
:1021400018E4D5F8C82085ED1D7A50033FF535AD6C
:102150004FF48023FFF7C3BBD5F8C82085ED1B7A69
:10216000D1033FF52AAD4FF48033FFF7B8BBD5F864
:10217000C82085ED1C7A93033FF51FAD4FF4003363
:10218000FFF7ADBBBDEEC77AD5F8C82085ED2D7A37
:1021900050043FF512ADDDED197A4FF48043FFF79F
:1021A000E9BB18EE103A002B40F0D180B4EE477A2C
:1021B000F1EE10FA6CBFFF239DF86830D5F8C82007
:1021C00085F8C43012F4805308EE103A7FF4F5AC71
:1021D0004FF48053FFF783BB079BD5F8C82043F02B
:1021E00004030793530685ED187A3FF5E6AC4023C8
:1021F000FFF775BB079BD5F8C82043F00203910693
:1022000085ED177A07933FF5D8AC2023FFF767BB1E
:10221000079BD5F8C82043F00103D00685ED167A58
:1022200007933FF5CAAC1023FFF759BB18EE103ADD
:10223000002B40F08C80B4EE477AF1EE10FA6CBFC0
:102240004FF0FF331A9BD5F8C820C5F8BC3012F404
:10225000006308EE103A7FF4B0ACDDED197A4FF46C
:102260000063FFF787BBD5F8C82085ED157A930585
:102270003FF5A3ACDDED197A4FF40073FFF77ABB9D
:10228000D5F8C82085ED147AD1053FF596AC4FF40A
:102290008073FFF724BBD5F8C82085ED137A1006AC
:1022A0003FF58BACDDED197A8023FFF763BBD5F8E2
:1022B000C82085ED217A13073FF57FAC0823FFF78F
:1022C0000EBBD5F8C82085ED207A51073FF575ACD7
:1022D0000423FFF704BBD5F8C82085ED1F7A9007CB
:1022E0003FF56BAC0223FFF7FABA6323DFF878B04F
:1022F00085F82030DBF81C31002B7FF4C2ADFFF7EE
:1023000012BAD9F8243198470646002840F00883CD
:10231000134B1B7F042B3FF405AED9F8E030002BA4
:102320003FF401AA4FF4003336E4012200264FF4B3
:1023300000330B9230E40B4BA3FB0223DB08053385
:102340002B774FF400635BE44FF4006358E44FF0E5
:102350001708FFF7C6B84FF00108FFF7C2B800BF73
:10236000904B0020CDCCCCCC282500209DF870309F
:10237000DA0703D52B78412B00F002849DF8244026
:10238000002C00F00184089B002B00F08C8397F850
:1023900080301BB1089B022B00F0888395F8C93070
:1023A0005E0605D5954BD5F8B4209A4200F31A8401
:1023B000CAF3074212F0200300F0BD826E88002E9F
:1023C00000F09C83DFF840B28D48DBF8F830D5F898
:1023D000C8600592984703460C901A90002840F078
:1023E0008E85D5F8C830059A5E4016F0E0631CBFB4
:1023F00024EA13618DF824100799B405C6F302137B
:1024000021EA030348BF00210793C6F307234ABF0D
:1024100095ED159A9FED7B9A6965180605D5002301
:10242000D5F8B810C5F8B8300C91310348BF002179
:10243000C6F307434ABF95ED1E8A9FED728AA967CE
:1024400013F0100300F066850023D5F8C010C5F81E
:10245000C0300E91BDF8181001F0010411F0010117
:1024600000F0848295F8C9309B0740F16784E97ACF
:1024700095F8C83039B1D5ED157A9FED647A67EEDD
:10248000877AC5ED157AD9073DD595F8CA301B076F
:1024900000F13F821AF0020F5FFA8AF30BD029890C
:1024A000212900F0368240F24B10814200F0318247
:1024B0004C2900F02E82980603D5AB7A022B00F04F
:1024C00028821AF4005FCAF3072302F0040140F0E7
:1024D00020820846D10605D595F801C0BCF1330F1E
:1024E00000F01782002800F0AE82D5F8B030581CFA
:1024F000C0F2E784002B00F3E48495F8C83023F0A1
:10250000010385F8C830AB7A022B00F0A0821AF4E0
:10251000005FCAF3072340F0AC820A99002900F05B
:10252000E2840A9995F8CA004978000785F84910AD
:1025300040F1B082012900F0E584012112910B984D
:1025400095F8CA10002800F0B88288070D9305920C
:1025500040F12083286F0EF019F900283FF4F7AE00
:10256000DFF8A4B0D5ED1C7ADBF81810059A0D9BA6
:10257000002900F0F485FDEEE77ADBF81C1017EE79
:10258000900A8847B0FA80F1059A0D9B4909002905
:1025900040F0AD86D5ED1C7AFCEEE77AC5ED307AD9
:1025A00095F8CA0061F3410085F8CA00500740F170
:1025B000CC8295F84810890706D50A99C968897AA6
:1025C00011F00A0F3FF4AFA8D00627D595F8CA201E
:1025D000D10700F17A844FF07E52EA666A78303A89
:1025E000082A1BD8DFE812F014006C015C01850199
:1025F0001A0075011A001A00460100BF8096980063
:10260000B033002000000000282500203333CB41E8
:1026100095F8342022F0050285F834202A78042A1F
:1026200010D195F8CA20D00740F1B482D5ED1B7ABD
:10263000F5EEC07AF1EE10FA3FF5A1A922F0010201
:1026400085F8CA20AA7B0D92002A00F0BD83012ADA
:1026500000F0B3830022119202220F9201220D9208
:10266000EA7A9AB11FED177A0322B7499DF824C080
:10267000013A2CFA02F0C00705D5D1ED277A67EEB2
:10268000877AC1ED277A0439002AF1D159067A797F
:1026900009D5697B914206D00820059379710AF02B
:1026A00033F97A79059B52B1099AD20707D5D5ED4E
:1026B000257AB6EE007A67EE877AC5ED257A089A14
:1026C000042A00F09B8397F82E00E8B195F80CB02F
:1026D0009D4D032229469D489DF824E0013A2EFA9B
:1026E00002FC1CF0010F0BD0D1ED277AD0ED056A6A
:1026F000BBF1000F00F0588367EEA67AC1ED277A90
:1027000004390438002AE9D1D9072ED5EA7B022AF8
:1027100001F09E81032A00F0D885012A25D1DFF837
:1027200048B2DBF81820002A3EF4FDAF95F8C92026
:10273000120741F1A582D5F8BC0040B9844A92F84D
:10274000902151075CBFD5F8C000C5F8BC000593C7
:10275000DBF81C209047059B002800F0C88595F801
:10276000C92022F0080285F8C9201B0709D5287F57
:102770003B7D834205D0774908F0DAF9002802F062
:102780002F822A789DF824300A2A9B4600F0DC83A9
:102790005C2A00F02B82002B40F00F85298902393A
:1027A00089B2012940F20985352A01F0538240F2AD
:1027B000A285412A40F03B8295F8CA30D90740F102
:1027C000E981DFED657A95ED1B7AB4EEE77AF1EEFB
:1027D00010FA00F3768313F045F9D42303FB00705D
:1027E00013F0A8F8002802F0EF83002395F8CA2020
:1027F00063F3000285F8CA20D5F8C8108DF824309C
:102800004908C5F8C810002901F07A81534A059497
:102810004FF0010B1446524B19E00122042802FA32
:102820000BFC09D10968186840EA0C0018601FFA0F
:102830008BF012F011FB4A4BD5F8C8100BF1010BCD
:102840004908C5F8C8100834002901F0E683CA0712
:10285000F2D5A1680029EFD0207B0228DDD10968DC
:10286000012207EE901AF8EE677A02FA0BFC17EED7
:10287000901AD8E7364A92F8202152077FF5CEAE5B
:10288000D5ED1B7AF5EE407AF1EE10FA0CBF01217E
:10289000002195F8342061F3C30285F83420BDE6A9
:1028A000D5ED1B7AF5EE407AF1EE10FA0CBF01215E
:1028B000002195F8342061F3000285F83420ADE65C
:1028C00095F8342022F0050242F0050285F8342004
:1028D000A4E6D5ED1B7AF5EE407AF1EE10FA0CBFC6
:1028E0000121002195F8342061F3410285F834205C
:1028F00094E6D5ED1B7AF5EE407AF1EE10FA0CBFB6
:102900000121002195F8342061F3820285F83420FA
:1029100084E6D5F8B030002BBFF6ECADFFF72FB84A
:1029200002287EF400AFD9F820310026002B7FF476
:10293000F9ACFEF7F8BE9FED0B8A1E46B0EE489A42
:102940000E930C9386E500BFB033002024170020BF
:10295000904B0020C033002000FF7F479072021090
:10296000AC33002000000000282500202B89212BFB
:1029700000F02781A97A012900F0D18111F0FD0F23
:1029800040F0198195F8C90095F8C830800700F12A
:102990000E84B87888427FF476AD396E696572E549
:1029A000DFF854B487F87C8006F07EF90820DBF865
:1029B0000C309847DBF84C50002D3FF433A90FF052
:1029C0002DFD0146A1F10201B1FA81F1FF20490973
:1029D000A847FFF727B9002385F8213000264FF4D8
:1029E0000023FFF7D9B895F8213043F0010385F8AB
:1029F0002130F3E74FF00208FEF773BD99F8DC31A0
:102A0000990640F1CB80D9F86C30984780F02006C9
:102A1000C6F34016002E40F0C9804FF40043FFF784
:102A2000BBB8032385F820304FF40043FFF7B4B858
:102A3000C00FFFF760BB1B9008900B90FEF783BFA1
:102A40008046FEF74EBDA97A02297FF466AD0A9B47
:102A5000002B3EF468AE0A9BD3F80CE0DEF83C3065
:102A6000002B3EF460AE1AF4005FCAF307233FF474
:102A700058AD95F84910012900F064810A98407812
:102A800001280A9800F07683417095F8CA00000783
:102A90003FF553AD002940F00D820A998968A96776
:102AA000002112914BE597F880301BB1069BDB07A4
:102AB00040F1FF830223089370E4C9065CBFB96F3D
:102AC000C5F8C01072E50023EB734FF48073FFF775
:102AD00097B8142B7DD00A2B7EF425AE089B002BD3
:102AE00040F0148202230322EB7308924FF48073A8
:102AF000FFF786B802220892FFF778B89FEDB58AF3
:102B00000E96B0EE489A0C96A4E45C232B709DF8C8
:102B1000703043F001038DF8703018EE103A1E2B20
:102B20003EF601AE18EE102AAB4BD340DA077EF525
:102B3000FAADFFF798B94FF01508FEF7D2BC5C4626
:102B4000CDF820B0CDF82CB028E40A9900293FF444
:102B50003BAD097885F8481036E59DF870201C2BB0
:102B600042F001022B708DF8702002D01E2B7FF4F2
:102B7000EEAB18EE102A0A2A3FF455A9FEF7D3BD92
:102B8000CDF81CB08DF824B0002400E4BEF1000F95
:102B900002F017814FF01C08FEF7A3BC8F4B1E7A82
:102BA000C6F3801686F00106F6B233E7012385F8F6
:102BB0002030FFF766B995F8C830D8077FF5A7AC85
:102BC00063E495F8C830580600F1A781796E69660C
:102BD00059E4DFF824B2DBF81830002B3EF4A3AD43
:102BE000032371E74FF01B08FEF77BBC002B01F0BD
:102BF000728603227A497B48013A23FA02FC1CF0D0
:102C0000010F00F09E81D0ED1C7A91ED066AD1EDA6
:102C1000276A77EEC67A90ED337A77EEE67A77EE2A
:102C2000C77AC1ED277A04380439002AE4D1B5F80F
:102C300008B0BBF1500F00F02383089B022B00F07B
:102C40008F8304F0FF0B2CB995F8CA3023F01803DA
:102C500085F8CA3095F8C93023F0420385F8C930A9
:102C6000089B002B40F0CB820023D5F8C8100893B6
:102C7000002942F0D38122AB2822184605931DF08B
:102C800095F9564B9DF89D20079393F89930B3FA28
:102C900083F35B0963F3410263F382028DF89D20A5
:102CA00097F883308DF8A130BBF1000F00F09783C7
:102CB0003AF0490340F0CA872B78352B02D0002B1D
:102CC00040F0C4877A7E484B97F87F6023AC8DF83C
:102CD0009E200FCB84E80F00002E40F0C58795F8AA
:102CE000243013F0020303D02B6B9B7AC3F3C00391
:102CF0009DF89C503D4C63F3C71522460598384912
:102D00008DF89C5003F094F8804600287EF4E9ABDF
:102D1000374B93E8070084E80700FEF7E2BB089909
:102D200002297FF448AF502B3FF445AF002B3FF40E
:102D300042AF95F8C9309B073FF53DAF4FF01608FD
:102D4000FEF7CFBB0A99D1F80CE09EF80A00C10744
:102D50007EF5E9AC95F8CA0000077FF51BAF95F941
:102D6000C8009EED067A0028DEF804C0C0F2A786EF
:102D70008CED077A01200A99487095F8CA0001077E
:102D800040F19B80E87AD5ED1E7A002800F075822C
:102D90009FED187A67EE877ADEF80410C5ED1E7A8B
:102DA000C1ED047AFFF7C9BB90ED027A77EEC77ADE
:102DB000A7EEA67A81ED277AA2E40D9A119200225D
:102DC0000F9202220D924BE40222119201220F92E5
:102DD00046E400BF0000000001041040E828002085
:102DE000B033002090340020D4330020F834002089
:102DF00044340020666698432825002095F8362044
:102E0000002A00F05A8200229DF824C085F836205E
:102E1000BCF1000F01F05F854FF0030B0BF1FF3B9E
:102E2000AB4905922CFA0BF0AA4AC007CDF84080B6
:102E3000139714943746F7EE008A2E4698460D46AF
:102E400014461CD496F83600043C40B9D5ED027AFD
:102E5000F4EE687AF1EE10FA14BF0120002086F833
:102E60003600BBF1000F00F0E9819DF824C00BF1A2
:102E7000FF3B2CFA0BF0C007A5F10405E2D5D4ED19
:102E8000277A95ED057AB4EE677A4FF0010EF1EEF0
:102E900010FA0EFA0BFE2CEA0E030993059B4FF075
:102EA000020018BF43F00103C5ED057A059309F050
:102EB0002BFDC7E70A99D1F80CE0DEF80410C969C8
:102EC000EDE54FF02708FEF70CBBD5ED1B7AF5EECC
:102ED000C07AF1EE10FA3EF552AD22F0010285F80B
:102EE000CA20FFF77BBB95F8CA10C1F3C0000907E1
:102EF00012907FF524AB0A994978FFF71BBB9846DF
:102F0000FEF7EFBA0A99D1F80CE03BE74FF018084A
:102F1000FEF7E7BA0E93FFF79DBA61F3861385F8C3
:102F2000C830EB7AD5ED187A2BB19FED6B7A67EE4E
:102F3000877AC5ED187AC5ED197A95F8C830FFF78C
:102F4000A2BAD0ED307A6CE64BB995F8C420142AB9
:102F500001F0C18495F8CA20500741F1BC84D5F82E
:102F6000C82012F4883F3FF415AED5ED1B7AF5EE7C
:102F7000C07AF1EE10FA3EF502ADF6EEE77AFCEE1D
:102F8000E77ACDED057A95F8C4109DF81420013943
:102F900013293EF6C8AB01A050F821F0ED2F001028
:102FA000E530001027170010271700102717001012
:102FB00027170010271700102717001027170010D9
:102FC000ED2F0010ED2F001027170010271700100D
:102FD00027170010271700102717001027170010B9
:102FE0002717001027170010EF300010DFF8F0B09F
:102FF0001393DBF8181000293EF495AB1046DBF86C
:103000001C10059288471090002800F0708195F8F8
:10301000CA10059A11F0040F139B07D0696FC160A5
:1030200095F8CA1021F0040185F8CA1095F8C4106B
:103030000B2901F0C88522A9059195F8C410012932
:1030400006D11046DBF81C2013939047139B109079
:10305000032295F8C4001F4DDDF814E0AC4605923C
:10306000A0F10A02D2B2CDE91434139210991B4A8E
:10307000059B149C013B059324FA03F3DC0740F104
:10308000F685012800F029870A2801F063860B28BD
:1030900007D1DEED027A9CED277A77EEC77AC1ED93
:1030A000027A059B043AACF1040C0439AEF1040E2B
:1030B000002BDDD10128159C03D11098DBF82430BA
:1030C0009847D5F8C83023F48833C5F8C830AEE542
:1030D00024170020B03300203333CB41903400203C
:1030E0002825002095F8CA1049073EF51CAB092A8F
:1030F00001F20582002A41F0FE81287F9149059363
:1031000085F8AC0007F014FD002801F069858E4AAF
:10311000059B92F818214AB195F8AC100639C8B24F
:10312000022803D8CA40D20701F1268695F8C4C008
:10313000864D03202946864A013823FA00FE1EF0F8
:10314000010F07D0BCF1140F91ED277A00F018871A
:1031500081ED2A7A043A04390028EDD1B1E79FEDD8
:103160007D7AF4EEC77AF1EE10FACCBF012100218E
:10317000FFF70DBA416839B1002141600D93059206
:1031800005F092FD0D9B059A0A98D0F80CE0DEF848
:1031900004100968816095F84910417095F8CA00DB
:1031A00000073FF5C7A975E48046FEF79AB9E97AAA
:1031B00000293FF468A9FFF75EB90899032900F0D8
:1031C00091844FF0030C624860490CF1FF3C23FAF4
:1031D0000CFE1EF0010F19D1D0F870E0C1F89CE090
:1031E00004380439BCF1000FEFD1FFF7DDBAD5F890
:1031F000C83023F4C21323F40073C5F8C830D5F8DF
:10320000C81021F0E061C5F8C81031E5352AE7D0D3
:1032100095F80CE091ED277ABEF1000F00F00685DD
:10322000D0ED1C7A77EE877AC1ED277AD8E71E2B8E
:103230003EF4F7AD01230893FEF7E1BC3546D5F81F
:10324000C8203E46DDE9137422F0E062C5F8C820CC
:1032500097F82E20059942400A43434687F82E00EE
:10326000DDF840803FF431AA0220059309F04CFBC1
:1032700097F82E00059BFFF728BA9FED377A89E56E
:103280009DF82430002B00F04184089B012B40F076
:10329000C786002304F0FF0B85F83530002CA6D03C
:1032A00095F8C930CDF820B023F0420385F8C93035
:1032B000A5E74FF02808FEF714B90593FDF76EFD5A
:1032C00097F82E00059BFFF700BADFF890B0059342
:1032D000DBF81820002A3EF426AA95F8C920120728
:1032E0007FF558ACD5F8BC0000287FF431AA4FF028
:1032F0002608FEF7F6B802F0FD011C297FF497AC12
:103300001C2A14BF0A2009200E49059307F010FC5F
:10331000002801F06584059B002B40F00485298975
:10332000E4B2502908BF85F83530002C40F0D6842F
:10333000D5F8C83023F4C21323F40073C5F8C8309D
:1033400092E400BF50340020904B0020B0330020A6
:10335000903400200000004F00007A44282500200F
:10336000B7F800C0069ABCEB0B0318BF012363F348
:103370004922ADF81820BBF1000F40F029849DF8D8
:10338000243002F00102002B40F08A83002A40F032
:10339000A584D5F8C84024F4C21424F40074C5F8F8
:1033A000C840002C41F03A8622AB2822184621461C
:1033B00005931CF0FBFDA74B9DF89D20079393F808
:1033C00099300894B3FA83F35B0963F3410263F322
:1033D00082028DF89D2097F883308DF8A1300A9BEA
:1033E0003BB3DB689B7A1B0723D52B895A1E022A25
:1033F00007D9052B05D0332B03D0069B43F04003A0
:1034000006939DF824301BB1089B022B01F0188411
:103410000A9B1B7803F00302012A00F0E78513F0F2
:10342000020304D0069B83F04003C3F3801387F8A4
:103430007F30D5F8B4307B6729930EF0EFFF179CEF
:10344000109064B102280AD020461DF099FB01308B
:1034500018F068FA2A9010B121461DF0B9FAAB7A3B
:10346000012BBB7005D19DF89C3043F020038DF8F3
:103470009C306B6D0A9A3B6622935378012B00F0C7
:103480001284D2ED027A95ED1E7AF4EE477AF1EECF
:1034900010FA9DF81830149301D19C060AD50A9CA5
:1034A0002378D80703D5149B190640F11C85AB6F10
:1034B0000A9A9360149B5B0640F134830023D5F88D
:1034C000C0002593BB6F834200F0E083109BB86778
:1034D000022B6FD0FDF746FC0B9B1390002B40F0A6
:1034E000D48499F8D6319C0700F1CA845A4B1B7FCB
:1034F000042B00F0CA84D9F8E030002B00F0C0841F
:10350000D9F81C31CAF3074404F00204002B00F080
:10351000FA870B9A139882F001019847002C49D042
:103520000B9B002B46D1B86FFDF71CFC044605F041
:10353000BBFB2A9818B1FDF77FFE00232A93D7F82A
:10354000D03022691B699A4234D0DFF814B1DBF81D
:10355000C8306BB10A9A204612780B9298470A9AA3
:1035600013780B9A93421CBF85F848304AF4802A9E
:10357000D9F82031002B00F0ED87384898471A9091
:1035800000287FF45DAA802009F0BEF9DBF818302E
:10359000002B00F0C087C7F8D040DBF8CC304BB12F
:1035A0000EF03CFFB0F5007F04D0DBF8CC30D7F84C
:1035B000D0009847CAF307431AF4802F0B9300F00A
:1035C0005D820A9895F8481003788B4200F0498292
:1035D000DFF88CB0DBF840401CB14378259AC06816
:1035E000A0470A9B259A95F84810D86810F06AFD04
:1035F000002800F03A820A9895F84820D0F80CE0AC
:10360000DEF804301A7202700A9CCDF898E0FC656E
:103610006168206823AB03C397F87F309DF89C2036
:10362000217863F3C7128DF89C208DF88C100BB1B4
:1036300097F87E309DF89D2063F300028DF89D2061
:1036400095F8DC10A1F14603032B17D8DFE803F04F
:103650000A99960AE8280020904B00209034002018
:1036600028250020A1F1490041423B6E4141964886
:10367000FB6312F0EFF8002801F00484069BD905E3
:103680000AD57B7E95F82100834205D010F096F88C
:1036900010B195F821307B760023079A82F820300C
:1036A0007B7E8DF89E30CAF30743DA0627D597F85C
:1036B0002C2095F834309A4221D00A9C87F82C307F
:1036C000E3689BB1596897F82C200B7AC2F380020B
:1036D000C3F30010904209D062F304130B722378F5
:1036E00062F304132370002A41F0D08397F82C3042
:1036F000DB0701F1D28397F82C0002F049FD6B88BB
:10370000E3B1109B022B19D02B79002B40F0FE83E4
:103710000C9B85ED159AC5F8B8300E9B85ED1E8A79
:10372000C5F8C030694BC5F8C860D3F8FC400EF04E
:1037300075FE6749A0470023C5F8C8302B78042BD5
:1037400000F04884AB7B1AF4807FBB71EB7AFB708E
:1037500072D0EB7BFB7103F0FD03012B00F0B7820D
:103760000023F879584F03223946594C013A03286F
:1037700001F25F84DFE800F046361E0812F0C4F85C
:103780007CE712F0A3F879E7002093ED027AD1EDFF
:10379000337AB5EE407A77EE877AF1EE10FAA1F13E
:1037A000040118BF40F00100043BC1ED347AE2B3DC
:1037B000013AEAE700209DF8243023FA02F6F607E2
:1037C00031D5D4ED277A91ED337AB4EE677AF1EE04
:1037D00010FA28D0C1ED337A42B301200439043CF9
:1037E000013AEAE70020D3ED027A91ED337AB4EEA4
:1037F000677AF1EE10FA40F0F283B2B10439043B7B
:10380000013AF0E700200023D1ED337AF5EE407A5B
:10381000F1EE10FAC1F8CC3018BF40F001000439C5
:103820001AB1013AF0E7002AD8D128B14FF48060EC
:1038300009F06AF808F0A0FF3A7D2B7F9A420AD07F
:10384000244C254B0FCB84E80F004FF4007009F097
:103850005BF808F091FF2B7B3B7195F8353087F8CA
:103860002D302B78412B00F25F811B2B40F27982A7
:103870001C3B252B3BD8DFE813F0E7053A00E705B2
:103880003A003A003A003A003A003A003A00E105BC
:103890003A00DB053A003A003A003A003A003A00B2
:1038A0003A003A003A003A003A003A003A003A0048
:1038B0003A003A003A003A003A003A003A003A0038
:1038C0003A003A00BC0500BF9034002028250020B3
:1038D000B033002098340020C033002001230B2097
:1038E000B64987F8B43007F023F9FDF723FA2889A1
:1038F00095F837305028388087F82F3003D0089B50
:10390000022B00F04C822A9808B1FDF795FC95F83F
:1039100020303B762BB9079B93F90830002BBDF67E
:10392000E0AD05F0C1F93B7E632B00F01182032B63
:1039300000F0428395F82030012B00F031833C2BBE
:1039400001F00483079A92F90820002AC0F2288324
:10395000109A022A02D01E2B01F08C820122002331
:103960003A803A7D85F8373087F87C30BB713B71FF
:10397000BB70002A41F0E3820024BA6ABC8352681B
:1039800097F82C30107A8E4923F0050364F3041065
:1039900087F82C307C7691F820313C62107291F8D7
:1039A000102103F00105960741F1488264210A9A2B
:1039B000D2685268D16055B103F00603991F97F899
:1039C0002C204B424B4163F3C30287F82C20642325
:1039D000079997F82C20C1E904334A77109B022BF2
:1039E00021D07849387D07F0A3F8002801F0F8804D
:1039F0000B201FA907F09CF838B10C226F491FA8B3
:103A00001CF0A6FA002841F0298208F0B5FE10F05B
:103A1000CFFBD9F87430787E9847102008F074FFF7
:103A2000202008F071FFDFF8A4B1DBF84C302BB197
:103A3000109A387E941E614261419847624B186823
:103A4000002801F0D180846817F0A8FF2046F7E72E
:103A50009DF82420002A7EF488AE4FF02508FDF75B
:103A600040BD129B53B1DFF864B1DBF840402CB18C
:103A70000A98259A43780178C068A0470A9BD3F832
:103A80000CE0C1E537EE677A02F00103BBF1550F98
:103A90001A4687ED137A41F09A81002387F858304F
:103AA000002A40F05082D5F8C8304FF0000B23F4C4
:103AB000C21323F40073C5F8C830FFF7A0BBD5EDDF
:103AC000137AF4EEC77AF1EE10FA58BFF0EE477AA7
:103AD00095F8C800CCED077A20F0800085F8C80082
:103AE000FFF748B9352A00F09F827FF604AC412ADF
:103AF0003EF462AE2A89502A7FF4A3A8FFF7C2BB26
:103B0000B5F808B0BBF1500F7FF497A8002385F8F3
:103B10003530FFF796B80A9CAA6F217810F0F6F9B5
:103B2000AB6FA360AB6FCAE45C3BDAB21E2A3FF610
:103B3000DEAE1E2B3FF6DBAE01A252F823F000BF33
:103B4000A1440010EF380010EF380010EF380010DB
:103B5000EF380010EF380010EF380010EF38001089
:103B6000EF380010EF38001079440010EF380010E3
:103B7000EF380010EF380010EF380010EF38001069
:103B8000EF380010EF380010EF380010EF38001059
:103B9000BF440010EF380010EF380010EF3800106D
:103BA000EF380010EF380010EF380010EF38001039
:103BB000EF380010EF380010DD38001048350020D5
:103BC000904B002098340020F43B00202825002052
:103BD00095F837200AB985F8352095F84930012B3A
:103BE00000F07984BBF1210F00F09481BBF14C0F00
:103BF00000F0D682D5ED157AF5EE407AF1EE10FAA6
:103C00003FF49CA8002A40F02082BBF1050F01F28E
:103C10001F800BF1FF3BBBF1040F00F29081DFE846
:103C20001BF005085E0662068E01CC05D0ED307AE9
:103C300091ED066AD0ED336A77EE867A77EEA67A52
:103C400077EE877AC1ED277AFFF7CABA4FF01008EE
:103C5000FDF747BCB5F808B0BBF1010F7EF6EDAF3C
:103C60004FF01E08FDF73DBC0123FFF741B8139B41
:103C7000012B9CBFD2ED337AC1ED027AFFF711BA66
:103C8000D5F8C020C5F8BC20FEF76FBD1AF4003F80
:103C90003FF490AC0B9B002B7FF48CAC109B022B61
:103CA0003FF488AC3FE42B890A9A502B02D0002BBA
:103CB00041F0578153681BB10023536004F0F4FFB7
:103CC0000A9BD3ED027AC5ED1E7AFFF7DCBBA34B4E
:103CD000D5F8BC00DB699847034642E595F8C93042
:103CE00023F0420385F8C930D5F8C810002941F007
:103CF000958122AB2822184605931CF057F9984B62
:103D000097F8832093F899308DF8A120B3FA83F3C4
:103D10009DF89D205B0963F3410263F382028DF8F5
:103D20009D20FEF7C5BF03228E488F49013A23FA32
:103D300002FC1CF0010F08BFD0F870C0A1F1040113
:103D400008BFC1F8ACC00438002AEFD1FEF76FBF3E
:103D5000824BD3F81C3103B1984700233B76FDF723
:103D6000C0BB0A2B7FF4C3AD95F8C430022B02D040
:103D7000142B7FF4BCAD7D4C95F8AC00214606F0C9
:103D8000B9FE3A7D95F8AC309A427FF4B0AD94E834
:103D90000700774B83E8070008F0EEFCA7E5754CB9
:103DA000532823682B9301F22181532855D8DFE84B
:103DB00010F0E604DE04AF04AF045400860454009F
:103DC0005400540054005400540054005400540053
:103DD0005400540054005400540054005400540043
:103DE0005400540054005400540054005400540033
:103DF000540054006604540054005400540054000D
:103E00005400540054005400540054005400540012
:103E1000540054005400540027045400540054002B
:103E200054005400540054005400540054005400F2
:103E300054005400540054005400540054005400E2
:103E400054005400070454005400DF03540054008D
:103E50005400540007040704070400202B9A079B12
:103E600022605A78002A7FF44EAD002800F0A1832A
:103E700001287FF448AD4049404808F09DFC42E5E8
:103E8000D9F82031002B7FF43BABDFF8D0B0DBF862
:103E90001830E3B1139BC7F8D030DBF8C8305BB102
:103EA0000A9A1398147898470A9A1378A3421CBF69
:103EB00085F848304AF4802ADBF8CC3013B1D7F8C3
:103EC000D0009847802008F01FFDFFF719BB139B17
:103ED0001A69D7F8D0301A61DFE7DCED277AC1ED37
:103EE000027AFFF7DEB8E3685B6883ED007A04F0DE
:103EF000DBFE149AE06852067FF50DAE00222178B1
:103F000010F004F8AB6FA360FFF7D8BA04F0CCFE52
:103F1000FFF7FEBB0A9BDB68DB6B002B3DF403ACB9
:103F2000D5ED197AF5EE407AF1EE10FA3EF4C9AF0C
:103F3000069B43F020030693002A40F08680069BF0
:103F4000DC077FF5B0AD95F8C9304FF0010B23F0D9
:103F5000420385F8C930FFF752B900BF2825002079
:103F6000E828002090340020B03300205034002096
:103F700098340020F43B002074290020F8340020FD
:103F8000D2ED1C7A92ED306A77EEC77AD2ED336AC1
:103F900077EEC67A77EEE67AC1ED2A7AFFF7DAB8DD
:103FA000109B022B3FF4D9AE0821D9F84030784855
:103FB000984704F02BFBD0E6109B022B3FF4CDAECC
:103FC00095F820303C2BEFD1D9F8B831002BEBD04D
:103FD0009847E9E7E86E01F077FFFFF7B3BBC1ED63
:103FE000337A002A3FF422AC012007E43A8806998C
:103FF000501E022801F0400140F2AE87052A00F071
:10400000AB87332A00F0A88700297FF408AA069A14
:1040100042F020020692FFF702BA059CFEF707BEA7
:104020004FF01F08FDF75DBA2B89012B3FF618AE44
:1040300004F0FF0B002C3FF4DAA895F8C93023F008
:10404000420385F8C930FFF7DAB8BDF8183013F02D
:10405000020EDAB21CD0BB78012B00F0448795F831
:10406000CA305C077EF596AD9DF824301199CB409F
:10407000D8077EF58FAD01230021A7F858300D9B9E
:10408000396507EB830319640F9B07EB83031964FE
:1040900095F8C930D90600F13B87012385F8C43073
:1040A00095F8CA305B0718D5B7EE007ADFED396AAC
:1040B000D5ED1D7AEB7A002B2B7B07FE267A27EEB7
:1040C000877A002B00F01387119B07EB8303D3ED56
:1040D0001A7A77EE277AC7ED157A03202E49DFF892
:1040E000BCC09DF82430013823FA00F4E40797EDB2
:1040F000157A0DD5DCED277A119CC1ED127A844238
:1041000000F00F87D1ED1C6A77EEE67AC1ED127AE6
:104110000439ACF1040C0028E5D1119B07EB8303B3
:10412000D3ED107AF4EEC77AF1EE10FA00F37D8643
:10413000D5F8C83023F48223C5F8C830ABF1490361
:10414000102B00F26D8601A151F823F0D94D00101B
:10415000214E0010214E0010214E0010214E001063
:10416000214E0010214E0010214E0010853A001003
:104170009D4D0010D94D0010214E0010853A0010C1
:10418000814D0010214E0010214E0010814D001075
:10419000242900203333CB4190340020B033002059
:1041A0000A9BD868C36B002B3DF4BDAAAB7B012BE7
:1041B00040F095869DF8241011F0FA0FCBB240F034
:1041C0002D8795F8CA10059111F00401079109D0C7
:1041D00095ED1D7AF7EE007AB4EEE77AF1EE10FA7B
:1041E0003EF56FAE5C077EF5D5ACD5F8C810CD4C6A
:1041F0000C40002C3EF4CEAC95ED1BAAB5EEC0AA47
:10420000F1EE10FA3DF5BBABD5ED176AF5EEC06ADD
:10421000F1EE10FA3DF5B3AB95ED186AB5EEC06A54
:10422000F1EE10FA3DF5ABAB95ED167AB5EE407AAE
:10423000F1EE10FA3EF445AEF5EE406AF1EE10FAFA
:104240003EF43FAEF4EEC66AF1EE10FABEF639AEB9
:1042500095F8C91011F01004109404D095F8C440DA
:10426000032C3EF62EAE0A9CD0ED055AD4ED027A10
:10427000F4EEE57AF1EE10FA00F12D86D0ED065A53
:10428000F4EEE57AF1EE10FA00F32586BCF14C0F5E
:1042900040F01086A44CB5EEC07AF1EE10FA58BF8B
:1042A0004FF07E50D5ED279AB0EEC77A48BF9F48B1
:1042B00084ED00AA6062E87AC4ED019AC4ED036A55
:1042C00084ED046A84ED027A68B1DFED997A27EE15
:1042D000277A66EEA76A26EE276A84ED027AC4ED95
:1042E000036A84ED046A687B98B1B6EE006AD4ED87
:1042F000026A94ED037AD4ED047A66EE866A27EEBC
:10430000067A67EE867AC4ED026A84ED037AC4ED1C
:10431000047A042B2BD095ED046AD7ED2E5AD7EDF5
:10432000317A97ED1C7A36EE256A39EEC77A36EE89
:10433000276AD5ED256A67EE077A76EEC66AE6EE5D
:10434000A67AF0EEC78A17EE900ACDE91321C5EDE3
:104350001B8AC4ED066A1CF0E3FDDDE9132107EEBC
:10436000900A2AEE277AC7EE287AC4ED007A080769
:1043700044BFD5F8BC30A362109B1BB195F8C43084
:1043800084F82C30C90744BF2B6DE36194ED077AA4
:10439000B5EEC07AF1EE10FA40F2858594F82C3033
:1043A000002B00F08085D7ED1C7A79EEE77AF6EEE7
:1043B000006AF0EEE77A67EEA67AB4EEE77AF1EEFD
:1043C00010FA3EF77EAD079B0BB16B6F6361059BE7
:1043D0009B0744BF2B6F2362069B43F02003069389
:1043E000D5F8C83023F4E32323F4B873C5F8C830F4
:1043F000A2E500214F4811F019F800214E4811F0B4
:1044000015F8D5ED1B7AFCEEE77A17EE902A4B4BA8
:1044100090B2D3F818319847FE2804463DF461A8BD
:1044200011F0A6FAFF2C3EF44CADA046FDF759B8AA
:104430000A20434906F05EFBFFF759BA09204049BC
:1044400006F058FBFFF753BA9DF89C3043F0010388
:104450008DF89C30089B002B40F00A84394C05995C
:10446000204600F015FE94E80700354B83E807006E
:10447000FCF794FCFFF73BBA0023334AC7F8B83087
:1044800092F81111314A8807C2E9013387F8B43034
:104490003FF52BAA0B202D4906F02CFBFFF725BA80
:1044A000012387F8B430284B294A93F81141274B50
:1044B000A40707CA83E807003FF517AAEAE7002325
:1044C000224AC7F8B83087F8B430C2E90133FCF7A4
:1044D00031FCFFF70CBA95F84830DB0707D5D5ED6E
:1044E0001E7AF5EE407AF1EE10FA7FF47BAB4FF0D6
:1044F0002908FCF7F6BF013AD0B2FEF7FFBD4FF036
:104500001D08FCF7EEBF802008F0FEF9002C3FF4F8
:1045100051A8FFF705B82269D7F8D0301A61FFF724
:104520003CB800BF7000010040540020000080BF74
:104530003333CB41AC0F0210B40F021028250020FA
:10454000F834002050340020904B002048350020E3
:10455000443400201A9301234FF4806187F880309F
:10456000C248D9F84030984704F050F8FFF70EB829
:10457000DFF814B304F098FB079BDBF800100598F4
:104580005E7FFCF77FFBC6F3400A034600287EF4FB
:10459000B6AC059853465A46B54901F0D7FA3046AD
:1045A00001F0F6FD2B9B2360079B5B78002B7FF4CB
:1045B000AAA9AF4BAF4A07CA83E80700FFF7A3B920
:1045C0000D9B059A8DF874300F9B8DF87530119BFB
:1045D0008DF87630AB6F25931D9BADF800301B0C2A
:1045E0008DF80230A44B029395F8C4102833019142
:1045F00097F82D1087F85A109E4901F095F9D1E7E8
:10460000D5ED167A97ED1A3AD7ED1B3AD5ED176A24
:1046100095ED254AD5ED264A33EE277A37EEA76A7F
:1046200073EEA67A37EE447A77EEE47AF0EE085A23
:1046300076EEA66A37EE077A77EEA77A86EE255AE7
:1046400086EEA56AC7EE256A87EEA57A35EE035A8F
:1046500036EE236A76EE846A77EE247A1FAB0093F7
:104660000599834A83481DAB8DED1D5A8DED1E6A59
:10467000CDED1F6ACDED207A01F004F892E704F049
:1046800013FB079B0598696E5E7FFCF7FBFA0346F8
:1046900000287EF434AC9DF88C30059943F08003FB
:1046A0008DF88C309DF8A030724843F002038DF8ED
:1046B000A03000F0EDFC304601F06AFD72E797EDA6
:1046C0001A6A95ED164AD7ED1B6AD5ED174A95ED96
:1046D000257A97ED0C5AD5ED267AD7ED0D5A36EEA0
:1046E000046A76EEA46A37EE057A77EEA57A1FABF8
:1046F000009305995E4A5F481DAB8DED1D6ACDEDB7
:104700001E6A8DED1F7ACDED207A00F0BBFF49E7E0
:10471000BB78022B0BD19DF88C3043F080038DF8D1
:104720008C309DF89C3043F040038DF89C301499F8
:10473000D5F8D83049070D9948BF5B428DF8741001
:104740000F996A6F8DF87510119902938DF8761094
:104750001D9B0092ADF804301B0C8DF80630474BC2
:104760000599434A03F13C0000F0D2FC1AE7BB78FC
:10477000022B0FD005993F4800F08AFC12E79DF804
:104780009C30059943F001033A488DF89C3000F0C5
:104790007FFC07E73A4B1A7E9DF89C30022A43F0D3
:1047A00040038DF89C3000F0358201229DF88C305A
:1047B00062F3C7138DF88C30DCE7AB7B002B40F045
:1047C0008E839DF82430032B3EF6A0ABD5F8C8307D
:1047D00003F44032B2F5403F7EF4DCA9069A92051C
:1047E00004D503F03003302B7EF4D4A995F8C8200B
:1047F000D5ED1B6A12F0300F95ED1C6AEB7A47D1AC
:10480000B1EE667AF1EE467A85ED167AC5ED177A45
:104810004BB1DFED1E7A66EEA76A26EE276AC5ED7C
:104820001B6A85ED1C6A97F82E3083B1154B95ED08
:104830001B7AD5ED1C7A93ED036AD3ED046A27EE5B
:10484000067A67EEA67A85ED1B7AC5ED1C7AEB6ECB
:104850003B632B6F7B63D5F8C83023F4403323F0E0
:104860003003C5F8C830FFF76ABB00BF2429002019
:10487000F834002044340020D034002008340020D4
:10488000904B002024170020405400203333CB41AC
:10489000002B00F07D8195ED167A5FED045AD5ED81
:1048A000177A27EE257A67EEA57A97F82E3085EDF0
:1048B000167AC5ED177A002BABD0CF4B93ED035A88
:1048C000D3ED045A25EE077A65EEA77A85ED167AC0
:1048D000C5ED177A9DE74FF01A08FCF702BE069B5C
:1048E00043F00403069395F8CA0044070DD59DF8DC
:1048F0002430002BEFD001220D990F9C02FA01F118
:10490000A2401143194200F05A81C10700F12881E9
:104910000123C5F8D8300D9A05EB8203D3ED25AA03
:1049200007EB82030F9A93ED1A7A05EB8203D3ED1E
:10493000258A07EB8203D3ED1A7A95F8CA307AEE0E
:10494000C7AA5A0778EEE78A40F1878023F004036C
:104950000C22AA49AA4885F8CA301BF0F9FA0028A7
:1049600000F0F680EB7A3BB1D5ED1D7A9FEDA57A8C
:1049700067EE877AC5ED1D7A97F82E30B3B19E4B5E
:104980000D9AD5ED1D6A03EB8202D2ED037A0F9AE0
:1049900003EB820393ED037AF4EEC77AF1EE10FA9B
:1049A00077FE877A67EEA67AC5ED1D7AD5ED1D9A5A
:1049B000B1EE007A6AEEAABA29EE877AF0EE6B7A47
:1049C00028EEA8BAD9EE877A77EECB7AF5EEC07AE0
:1049D000F1EE10FA3DD417EE900A1CF0A1FA7BEE2E
:1049E0008B7A0AEE100A17EE900A1CF099FAB1EED3
:1049F0004AAA07EE100AF5EEC09ACAEE077A2B898A
:104A0000032B08BFF1EE677AF1EE10FA05D5F1EE4F
:104A1000699AF1EE677AC5ED1D9AB0EE6A7AF6EE04
:104A2000006AA7EEE87AE7EEAA8A27EE267A68EE11
:104A3000A67A0D9B05EB83020F9B82ED167A05EBA0
:104A40008303C3ED167A069BDB073FF57CAAFFF7CD
:104A50002AB84FF02208FCF744BD01230D9A0F99A4
:104A600003FA02F28B401343079A134274D095F86D
:104A7000C83023F0700385F8C830EB7A8BB19FED16
:104A8000617A0322604B0799013AD140CC0705D5E2
:104A9000D3ED187A67EE877AC3ED187A043B002AC3
:104AA000F1D197F82E309BB10322574B524907980A
:104AB000013AD040C00707D5D3ED187A91ED057AB9
:104AC00067EE877AC3ED187A043B0439002AEED1E9
:104AD0000F9B05EB8303D3ED169A0D9B78EEE98AC5
:104AE00005EB830393ED16AA68EEA88A7AEECAAAAC
:104AF000EAEEAA8A18EE900A1CF012FA69EEA99A58
:104B0000EAEE0A9A08EE900A19EE900A1CF008FAEA
:104B100007EE100A78EEC77ADFED3C6AF0EEE77A2E
:104B2000F4EEE67AF1EE10FA68677FF708AAF6EE7F
:104B3000006AF4EEE67AF1EE10FA09DCDFED346A91
:104B400027EE267AB4EEE77AF1EE10FA7FF5F7A9B0
:104B50004FF02108FCF7C5BC4FF02308FCF7C1BC9F
:104B6000E86E0BF013FE00283DF4F1ABD5ED1B7A97
:104B7000FCEEE77A17EE903AC5ED367A002B3EF45C
:104B8000A0A995F8CA3023F0010385F8CA30C2E61F
:104B900097F82E30002B3FF45AAE174B95ED167A4E
:104BA000D5ED177A93ED036AD3ED046A27EE067A02
:104BB00067EEA67A85ED167AC5ED177A37E64FF0DF
:104BC0002008FCF78EBCCDE9132322AB1946082040
:104BD000059305F0ADFFDDE9132300287EF42DAA2F
:104BE0004FF00708FCF77DBC10F070FEDBF80C30CE
:104BF00008209847FFF7B1B824170020443400205C
:104C0000F83400203333CB41B03300200AD7A33B24
:104C10006F12833A95ED277AD7ED1C7AB4EE677A56
:104C2000F1EE10FA14BF01220022BFE5069A9DF8AA
:104C3000243002F00102002B3EF4A8ABFEF730BF97
:104C4000069B43F0800306930A9B1B78FEF7E7BBA5
:104C5000BBF1330F38D0ABF18C03032B3FF66FA9B8
:104C6000ABF18D03022B0DD8DFE803F0080C080030
:104C70000599D74800F00CFAFFF7F0BB069B43F00C
:104C800010030693ABF18E0BBBF1010F94BF012310
:104C9000069B069A88BFC3F3C00363F3C3029DF863
:104CA00024301446ADF81820002B3FF414AE0C222B
:104CB000C749C8481BF04CF900283FF449AFE10749
:104CC0003FF541A9FEF7EFBEAB7B002B40F007811B
:104CD0009DF82430032B3EF619A9D5F8C83003F00F
:104CE0003003302B7DF456AFD5ED167AF5EE407AD1
:104CF000F1EE10FA3EF4E5A8EB7A5BB1DFEDB66AAF
:104D000095ED177A67EEA67A27EE267AC5ED167A24
:104D100085ED177A97F82E3083B1B04B95ED167A62
:104D2000D5ED177A93ED036AD3ED046A27EE067A80
:104D300067EEA67A85ED167AC5ED177A95F8C83034
:104D400023F0300385F8C830069BD8073FF5FBA851
:104D5000FEF7A9BED2ED1C7A92ED046AD2ED306A5C
:104D600077EEC67A9CED277A77EEE67A77EEC77A09
:104D7000C1ED027AFEF795B94FF03808FCF7B1BBE8
:104D80004FF00003ABF15604D4F1000B4BEB040BD6
:104D90006BF307036BF30F23A7F8583095F8CA306D
:104DA000D8077DF5F3AED5ED1B6AF5EEC06AF1EEDE
:104DB00010FA3CF5E4AD23F00103C7ED146A85F861
:104DC000CA3037EE677A87ED137A02F00103002BC1
:104DD0007FF4B9A8FEF767BE95F8CA30990728D5C1
:104DE000D5ED1C7AF5EEC07AF1EE10FA7CF6C7AD7F
:104DF000B7EE007ADFED786AE97A23F00203002942
:104E000007FE267A67EE877A85F8CA30C7ED137AEF
:104E10004FF07A533B65D3073FF595A8FEF743BEA5
:104E2000D2073FF590A8FEF73EBE4FF03608FCF7DC
:104E300058BBBEF1000FEBD0FDF7ACBEA5B103F03F
:104E400006039A1F5342534197F82C2063F3C30281
:104E5000079B87F82C205A77FEF7C0BD0B206049CE
:104E600005F048FEFEF7D1BD97F82C30079A53772E
:104E7000FEF7B4BDD9F8B831002B3EF46FAD9847BA
:104E8000FEF76CBD4FF05308FCF72BBBFB6D6421A4
:104E9000D8680EF0B9FFFEF729BC0021084601F0E2
:104EA00025FFFEF728BC0023E361002384F82C30A3
:104EB000FFF789BA4FF0000C4FF07E54494840F894
:104EC000044CC0E900CCC0E902CCC0E904CCA0F19C
:104ED0001804FFF7E0B94FF02C08FCF702BB4FF0C5
:104EE0002A08FCF7FEBA4FF00308FCF7FABA11994A
:104EF00005EB8103D3ED047A07EB810393ED2E6A72
:104F0000D3ED316A77EE867A77EEA67AFFF7E1B8CD
:104F100095F8C430002B7FF4C3A84FF01308FCF7BA
:104F2000E0BA2C7B002C3FF4F3A8D1ED1C6A77EE9D
:104F3000E67A77EE877AC1ED127AFFF7E9B84FF497
:104F400000703B7507F0E0FCFEF716BD109B022BCE
:104F50007FF43AA8FEF701BF00293EF460AAFFF7EC
:104F600056B8D36800215C6804F1100353600F9BAE
:104F7000184663629B46FBF7A1FF0A9A20625368BA
:104F800007EB8B02D2ED1A7AD3ED046A77EEE67A5C
:104F9000F5EEC07AF1EE10FA93ED037A0DD9DFED5C
:104FA000126A93ED006A67EEA67AC6EE276AF4EEFF
:104FB000C76AF1EE10FA37FE267A0A9B85ED1E7A53
:104FC000D3ED027AFEF75FBA4FF05208FCF789BAC8
:104FD00044340020F83400203333CB412417002020
:104FE0004835002058540020DB0FC9408C38032876
:104FF00018D8254B9DF89C0093F81431BDF8182063
:10500000C3F3001383F0010363F304108DF89C00D5
:1050100005991E4800F068FFFEF720BF4FF02408F6
:10502000FCF75FBA079B5B78002B7EF46CACFFF754
:10503000C0BA0439043B043C002A7EF497ABFEF767
:10504000FBBB18EE102A6AB9A3F15B0673427341E9
:105050002B739DF8703043F008038DF870300823EF
:10506000FCF7CEBD9DF8702042F010028DF8702044
:1050700018EE102A0A2A7CF456AB5A2B3CF453AB98
:105080001023FCF7BDBD00BF904B0020443400202E
:1050900038B54B7D0C4603F00603062B054602D0BF
:1050A00049690CF06DFE0DF0B9F9022808D1174BD3
:1050B0001A781AB9587880F0010038BD002038BD40
:1050C00003F0A4FA0028F2D004E001F06FFB30B145
:1050D00002F0ACFF03F09AFA0028F6D1EDE7214682
:1050E000284601F0BFFB0028E1D123699B7A1B070A
:1050F000DDD5237903F00303012BD8D103F0D4FDD0
:105100002069E268436A21799847D0E7E8280020BF
:105110002DE9F04F2DED068B9DB09DF8B4B09DF8B4
:10512000B540914603EB8B02CDE908104FEA8B05A1
:1051300010681294049513931D4616921BF0D0FE2E
:10514000064605EB8402106801F100431792A200A5
:105150000F460E92069607931BF0C2FE04464FEAD6
:105160008B0309EB03021068109201F100420D4617
:10517000049405921BF0B4FE32463B4615F064F8E9
:10518000CDE90A010E99DDF8B88009EB0106306817
:1051900011961BF0A5FE22462B4615F055F8099CEA
:1051A0004FEA8B03E318CDE90C0118681BF098FE59
:1051B000DDE90A2315F05CF80F460E9906466318E0
:1051C00018681BF08DFEDDE90C2315F051F832460E
:1051D00004460D46DDE906013B4615F05DF89DED00
:1051E0002C9A22462B46CDE914019DF8B6A0DDE9A4
:1051F000040115F051F802460B46DDE9140115F0E3
:1052000023F822462B4604460D46DDE9060115F03B
:1052100043F832463B4606460F46DDE9040115F0E9
:105220003BF802460B463046394615F021F8224637
:105230002B4615F095FE15F0A3F8B8F1000F08EE17
:10524000900A40F3EE81DFED9C7AF4EEE78AF1EE0E
:1052500010FA40F2DA81089D6B7D5C0723D4974AEF
:10526000D2F80841FCB143F004036B75DDE90A0193
:1052700015F086F81990DDE90C0115F081F88DED37
:10528000009A2D9B1A90ADF804301B0C8DF8063057
:10529000CDF8088019AB0CCB49460998A0476B7D27
:1052A00060F341036B7588EAE874A4EBE874012CA1
:1052B00040F39480601E07EE900AF8EEE77A17EE4E
:1052C000900A1BF00DFE78A3D3E9002314F0E4FF4D
:1052D000B8F1000FD8BFF1EE687A06460F4609EB29
:1052E0008A0393ED008A099BD4BF17EE900A18EE4B
:1052F000900A03EB8A03D3ED009A1BF0F1FD3246CE
:105300003B4614F0A1FF15F03BF879EEC89A07EE82
:10531000100AC9EE877A77EEA77A17EE900A1BF08B
:10532000DFFD63A3D3E9002314F0B6FF15F028F8DE
:105330004FEA8B010DEB01070E99099A0DEB01065F
:1053400010994FEA8A05D1F800E0119905F1700330
:10535000D1F800C009EE900A5168106892680DEB10
:10536000030519AB07C3B8F1000FC7F864E0C6F82E
:1053700064C00DF10606CCBF4FF001084FF0FF38B6
:10538000334646469846023C01AF39EE888A129B66
:105390008DF8B4B08DF8B5308DF8B6A0DDF8B4C096
:1053A000139B4FEA1C4E05ED038A089902964A4664
:1053B000A7F800C019A888F800E08DED009AFFF763
:1053C000A7FE19AB07CBC9F80000C9F80410C9F84B
:1053D00008201CB115ED038A013CD6E7384B79EE65
:1053E000097A93ED027AF4EEC77AF1EE10FA40F3FF
:1053F000038177EEC77AB6EE008A67EE877A28EEE9
:10540000888AF5EE407A28EE098AF1EE10FAB0EEBD
:10541000C88A00F12981B1EEE77AC8EE077AFBFE6F
:10542000677AFCEEE77A17EE902A002A00F0E48013
:105430000899F8EE675A0B7D980600F1068188EE10
:10544000A5AAF0EE007ADFED1F6AEAEE4A7AB1EE25
:10545000007AB6EE005A099B09EB8A0803EB8A0131
:1054600037EE877A91ED006A67EE857AD8ED004ACB
:105470006AEE266A36EE646ACDED147A66EE877AB5
:10548000012A86EE259ACDED137A00F0B580DDE98C
:105490000645CDF848904FF0000B4FF0010A9146B9
:1054A00076E000BFAFF30080182D4454FB21194073
:1054B000182D4454FB210940BD370635282500200E
:1054C000904B0020ABAA2A3E13981BF009FD06461C
:1054D00014980F461BF004FD22462B46CDE90E0121
:1054E00030463946CDE9066714F0D6FEDDE90423DF
:1054F00006460F46DDE90E0114F0CEFE02460B46CD
:105500003046394614F0A0FE14F03AFF22462B46EE
:105510000646DDE90E0114F0BFFEDDE90423044672
:105520000D46DDE9060114F0B7FE02460B462046A3
:10553000294614F09DFE044630460D461BF0D0FC73
:10554000CDE904010BF1010B2246DDE90A012B46EE
:1055500014F07AFE14F014FF109B1860DDE90423A8
:10556000DDE90C0114F070FE14F00AFF119B08999C
:105570001860D8ED007A77EE897A1298C8ED007A33
:10558000FFF786FD00286AD00AF1010AD14533D021
:10559000BBF10C0F98D107EE90AAF8EE677A67EE90
:1055A0008A7A17EE904A204616F071F808EE100A33
:1055B000204616F069F8179B08EE900AD3ED009A82
:1055C000169B29EEA87AD3ED007AA7EEC87AF1EE01
:1055D00067AA28EE698A17EE100A1BF081FCAAEE72
:1055E000A88A044618EE100A0D461BF079FC4FF00D
:1055F000000BCDE90401A7E7DDE908101DB0BDEC03
:10560000068BBDE8F04FFFF743BD1BF069FC1AA302
:10561000D3E9002314F018FE14F0B2FE08EE900A4D
:1056200019E6DFED177AF4EEE78AF1EE10FAFFF6ED
:1056300012AE1BF055FC10A3D3E9002314F018FEA2
:1056400014F09EFE08EE900A05E6D1ED007A67EEB2
:10565000A57A23F02003C1ED007A0B75EFE61DB0AB
:10566000BDEC068BBDE8F08F17EE900A1BF058FCDE
:1056700007EE100AD1E600BF182D4454FB21194053
:10568000BD3706B52DE9F0412DED108B9FEDA39AA6
:10569000DFEDA38AF7EE009ADFEDA2DA1D46B0EE49
:1056A00049AA84B014460646884610685168926834
:1056B0000DF1040CACE807001A9F39EE289AB4EEFD
:1056C000E99AF1EE10FA97ED001A97ED010A96EDBE
:1056D00000BA96ED01CA39FE898A79EEC87AD5ED0D
:1056E000001AD5ED010A6BEE082A2CEE083A61EE9D
:1056F000086A20EE087AE1EEA76AA0EEA77AE1EE4A
:10570000272AA0EE273AD4ED00AAD4ED01BA61EE23
:10571000884A20EE885A68EE222A28EE033A68EE7C
:10572000265A28EE076AE7EEA62AA7EE273AEAEEFF
:10573000A74AABEEA75AF0EE656AB0EE467AE7EEFE
:10574000A46AA5EE277A68EE222A28EE033A002200
:10575000B6EE002ADDED01CA9DED02DAE7EEA62ADB
:10576000A7EE273A53E078EE287A67EE827A39EE90
:10577000E77A6BEE276A2CEE276AE1EE076AA0EE65
:10578000076A21EE275A60EE275AA1EE875AE0EE0B
:10579000875A61EEA7FA20EEA7FA67EEA66A27EE0F
:1057A000866AEAEE87FAA5EE876AABEE87FA27EEFD
:1057B000A5EAE7EE056A67EE85EAAFEE07EAE7EEEF
:1057C0002FEA67EEA66A27EE866AE7EE2E6AAEEE4D
:1057D000076A7DEE034A3CEEA24AF0EE665AB0EE4E
:1057E000467AE4EE425AA4EEC27AF0EEE55AB0EE02
:1057F000C77A37EE257AB4EECA7AF1EE10FA0FD9ED
:10580000B0EE463AF0EE662AB0EE678A012278EEF4
:10581000683AF4EEED3AF1EE10FAB0EE639AA2DADD
:10582000AAB1414601A8F0EE488ACDED012A8DEDDE
:10583000023AFFF72DFC28B1B4EEE98AF1EE10FA36
:105840003FF53BAF04B0BDEC108BBDE8F081B0EE8E
:10585000005AF6EE005A59E0F0EE687AE3EE857AE7
:10586000F4EEE97AF1EE10FADBDA39EEE77A2BEEB4
:10587000276A6CEE276AA1EE076A61EE27EAE0EE7E
:10588000076AE1EE87EA60EE273A21EEA7EA27EE03
:10589000866AE0EE873AAAEE87EAA7EE2E6A20EE45
:1058A000A72A67EEA66A27EEAE4AABEE872AA7EED6
:1058B0000E4AE3EE876A67EEA34A27EE866AE2EEB7
:1058C000074AA7EE046A67EEA66AE4EE876A7CEEF2
:1058D000864AB0EE627A3DEE264AA4EEE57AF0EE14
:1058E000434AE4EE654AB0EEC77AF0EEE44A37EE9A
:1058F000247AB4EECA7AF1EE10FA92DCB0EE678A3E
:10590000B0EE663AF0EE462A77EEE83AF4EECA3A9E
:10591000F1EE10FAB0EE639A9ED982E7CDCCCC3D81
:10592000000000006F12033B2DE9F04F2DED048BBA
:1059300085B09DF84A60149D4FEA860903EB860600
:1059400095ED057AD6ED007AF4EEC77AF1EE10FA0D
:105950009DF848409846137D03949DF8494043F0D4
:1059600001030294824614468B46139F137500F17F
:10597000AA80AB7EDBF80010DBF80420012BDBF8FB
:10598000083008BF95ED059A4046C8F80010C8F8E1
:105990000420C8F808302146C6ED007A18BFB0EEE2
:1059A000679AFFF775FB002800F088807B1E019343
:1059B000002F77D0002796ED008AD5ED057AB4EE5A
:1059C000E78AF1EE10FA00F3898005EB090393ED05
:1059D000007AB4EEC78AF1EE10FA5DDDD5ED037AF8
:1059E00038EE678AB4EEC78AF1EE10FA48BFB0EE1F
:1059F000478A237D214623F001032375404686ED27
:105A0000008AFFF745FB002858D0D5ED048AF5EE53
:105A1000C08AF1EE10FA22DC6B7E2BB120693A4687
:105A20004FF00001436A9847BAF1490F23D0F0EED6
:105A3000497A237D2A7EC6ED007A62F3000321466F
:105A400040462375FFF724FB002837D06B7E002BE0
:105A5000BBD0E268217920690EF034FBB5E70CF089
:105A6000DDFC0228D8D003F01FF9002118EE900ABF
:105A70000AF0A8FED0E705EB0903D6ED007A93ED16
:105A8000007AF4EE477AF1EE10FAD0D02D4B93ED78
:105A9000037A77EE877ACCE7237D43F00103237501
:105AA000019B33BBD8F80010D8F80420D8F8083090
:105AB000CBF80010CBF80420CBF8083005B0BDECD3
:105AC000048BBDE8F08F86ED007A11464046FFF763
:105AD000DFFA0028F2D0D6ED007A4AE7C6ED007A68
:105AE00021464046FFF7D4FA0028E7D096ED008A19
:105AF0006BE7154B1B791BB9019B013B01935AE7DF
:105B0000039B029908EB830205EB830393ED007A74
:105B1000D2ED007A77EE877AC2ED007A08EB810346
:105B200005EB810C9CED007AD3ED007A77EE877A55
:105B300021464046C3ED007AFFF7AAFA0028DBD1E0
:105B4000BCE700BF904B002090340020D2ED057AD6
:105B5000B7EE007AC7EE277A2DE9F04F92ED087A7A
:105B600017EE908ADFEDB07A2DED088B67EE277A7D
:105B70000F4692F82CB087B01BF0010A18BF92EDC7
:105B8000079A044608BF9FEDA99A17EE900A1BF0EA
:105B9000020B1546994692ED038A14BFD2ED079A7F
:105BA000DFEDA29A15F090FE97ED02BA08EE900A8A
:105BB000D5ED04AAB0EE4BAA0026AAEEA8AA386832
:105BC0007968BA6803AB07C3013607EE906AF8EE4E
:105BD000677A414617EE900A15F0BEFB07EE900A71
:105BE00068EE277AF4EEE7AAF1EE10FAECDCD5EDD8
:105BF00001AA7AEECBAAF5EEC0AAF1EE10FAAA6AD3
:105C000008DDBAF1000F01D0B1EE499ABBF1000FE7
:105C100040F0F78095ED067AB5EE407A79EE297A74
:105C2000F1EE10FA77EEAAAA07D027EE2A7A7AEEDA
:105C3000E77AC7EE276AC5ED066AF5EE408AF1EE0F
:105C400010FA237D43F00103237540F0DD8012EB51
:105C5000060A00F0BB80B1EE68BA0126D5ED027AE3
:105C600095F82C3078EE277AD90748BF95ED046A6D
:105C700097ED007A48BF77EEC67AD5ED096AA7EEB0
:105C8000A67A214603A88DED037AFFF701FA0028D2
:105C900000F09C8003F008F8002800F09C80217D33
:105CA0002379227E43F0800342F0020221F00101B9
:105CB00022762175237195F82C30DA0715D59DEDE4
:105CC000057ADDED037A95ED046AD5ED096A37EEC4
:105CD000497AE6EE267A214603A88DED057ACDEDC8
:105CE000037AFFF7D5F9002870D0DDED057A77EE5D
:105CF000AA7A214603A8CDED057AFFF7C9F9002855
:105D000064D095F82C309B0715D5DDED037A9DED19
:105D1000057A95ED046AD5ED096A37EE697AE6EE03
:105D2000667A214603A88DED057ACDED037AFFF75B
:105D3000AFF900284AD002F0B7FF00285CD0227DDE
:105D4000237942F0010223F08003B24522752371CA
:105D500047D0013607EE906AF8EE677A414617EEB3
:105D6000900A95ED038A15F0F7FA07EE100AD5EDC3
:105D7000047A28EE078AF4EEC87AF1EE10FA38FEBB
:105D8000278AD5ED096A97ED007A78EE677AA7EE53
:105D9000A67A214603A88DED037AFFF779F9A8B119
:105DA000F5EE408AF0EE4A7AF1EE10FA18BFEBEE0B
:105DB000087A237E214669F34103237603A8CDEDBB
:105DC000057AFFF765F900287FF448AF07B0BDEC0E
:105DD000088BBDE8F08F0CF021FB00283FF45FAF8B
:105DE000F4E73B68214603A80393FFF751F907B096
:105DF000BDEC088BBDE8F08F0CF010FB00289ED0A6
:105E0000E4E7F1EE699A05E7F0EE4A7AE8EE687A9F
:105E1000214603A80192CDED057AFFF739F9019AE1
:105E200000287FF414AFD1E735FA8E3C0000000063
:105E300070B50B460546808A496D40F4C26040F05B
:105E40000400A882D3F8B4001C4CE861296094F8DF
:105E50001A1149071ED51A4E03F194041146204623
:105E6000D6F80C31984729462046FFF711F90CF077
:105E7000D5FA30F4007301D0002070BD00F07CFC36
:105E80000028F9D020200CF0CFFA01F001FB00F03F
:105E9000FBFFF1E70B4A92F8991059B1084803F15A
:105EA00094040122D0F80431204698470028DAD122
:105EB0000F2070BD03F19404D5E700BF904B002084
:105EC00028250020E828002010B504460CF0A6FA8A
:105ED000022800D110BD02F0E7FE2046BDE81040C8
:105EE00000210AF06FBC00BF2DE9F04F87B00446D7
:105EF0000F4690460CF092FA022800F0B280DFF8CC
:105F000028B29BF81531DA0700F1848004F10C09FE
:105F10004E46854DDFF834A236ED017AD5ED1C7A78
:105F200067EE277A17EE900A1AF0C6FFA642A5F18F
:105F300020054AF8040DEFD17C4B7D4A1B7D82F889
:105F40002A3002F0B1FE054600285FD0DFF8F0A14C
:105F5000DAF8AC3053B10CF061FAB0F5007F05D03F
:105F6000734B93F848309B0740F0878000250095DD
:105F7000DAF8B0302BB36F4903A806F01DFCDFED53
:105F80006E6A002003234FF0010C06A979ED017A17
:105F900031ED017A77EEC77AF0EEE77AF4EEE67A41
:105FA000F1EE10FA03F1FF330CFA03F242EA0002B9
:105FB000C8BFD0B2002BE9D13A462146DAF8B0305A
:105FC00098475B4ADFF88891137A012123F0020396
:105FD0001372C8F3C000D9F80C319847D9F81031C2
:105FE000984700F00303022B1BD00421D9F8483056
:105FF0005248984702F00AFB0021D9F80C310846B4
:10600000984795BBDAF8B43003B19847022007B03F
:10601000BDE8F08F4A4B00212046D3F80C31984759
:1060200074E7394620460193FFF732F80028EDD097
:10603000019B3F4A1946012302F13C0082F83830A7
:10604000D9F84030984707E00CF0E8F938B30CF085
:10605000E5F9B0F5007F22D002F0D8FA0028F3D19C
:10606000D4E7002007B0BDE8F08F0023009A19465E
:106070001846DAF8AC40A047C4E7DAF8AC3031494A
:1060800008201E4606F0AEFB0021012302460090C8
:106090000846B0477B7D60F3C3037B7568E7244BFC
:1060A00093F83830012B2CD0214A137A43F00203A5
:1060B000137200241E4A21462046D9F80C3182F87A
:1060C0003840984702F0A2FA35B1234621462046CF
:1060D000009ADAF8AC40A04701F088F800F09EFA88
:1060E00000F0C4FD9BF90C31002B1ADBDAF8B43058
:1060F00003B198470E4B187AC0F3400007B0BDE8D3
:10610000F08F114B18F0100F03F1600207CA83E8FB
:106110000700CED1052103F11400D9F84830984783
:10612000C7E707F041FFE1E7904B002090340020E3
:10613000E82800207429002017B7D138282900202A
:10614000282500200000A04014290020202900203C
:106150004826002010B50D4C82B0237813B10020E2
:1061600002B010BD00F07EFB0028F8D0A37A0190A9
:1061700023F0050343F00403A37201F007F901F0D3
:1061800087F900F081FE019802B010BDE8280020D8
:1061900010B5044602F088FD024B1A7802B95C770C
:1061A00010BD00BFE828002070B5244CE36B9906B1
:1061B00024D4234D04F13C0020212B6C9847A08867
:1061C000E0B9D5F8E03003B198470CF027F910F0AA
:1061D0002C0F14D1A37A13F0060310D1E370EB6EE9
:1061E000984742061BD50A21AB6C16489847164BB8
:1061F000D3F8E43013B1BDE87040184770BD0123F7
:10620000E3700CF00BF9042810D00321AB6C0D489F
:10621000984700F05DFEEB6E98474206E3D4C30555
:10622000E5D51121AB6C07489847E0E7236C002BBC
:10623000EFD10621AB6C03489847EAE7E828002035
:1062400048260020282900202825002000212DE9AB
:10625000F04FDFF88492964B99F8822183B0196051
:10626000910604465FFA80F830D513F87C1CA3F140
:106270008807B8F1000F25D141BB97F84830414657
:1062800043F007034FF0070087F848300BF0D2F9CE
:1062900002F0BCF94FF00708002800F0CC8099F814
:1062A00082319B0640F1B28097F80C8007236FEA99
:1062B000080808EA03080021404687F848300BF038
:1062C000B9F9A3E018EA010100F0A980D9ED117A2B
:1062D000F5EEC07AF1EE10FA40F2B68099F81A3174
:1062E000DFF8E0A11A070BD59AF8E43143B9DAF8E0
:1062F0005C3098470BF00EF9C0B2002840F0CA801D
:1063000004200CF091F899F80D1111F0100508D146
:1063100001216848DAF840309847294666480AF073
:1063200051FA0DF05DFF00284FD1DAF87830984728
:10633000C0B2002851D1B8F1000F55D15F4F604D68
:1063400097F848303A7B05F1030B23EA020387F8FC
:10635000483015F8016F86BBAB45FAD199F81A01A0
:106360004FF00001DAF8583000F001009847B8F11A
:10637000000F6ED1042006F0C7FA99F81A3103F025
:106380000303032B09D14F4BDB6D98470BF0C2F889
:106390004A4B93F8983003423FD10BF0E7F80024C2
:1063A000494BD3F8A83023B1B4FA84F140464909E7
:1063B0009847204603B0BDE8F08F30460BF036FC1E
:1063C000044600284BD1B046C6E7FAF709FFDAF8D1
:1063D00078309847C0B20028ADD04FF00000FAF7EF
:1063E0000FFFB8F1000FA9D020460BF01FFC0446A8
:1063F00099F81A014FF00001DAF8583000F0010066
:10640000984702F003F9B0B1002C36D100F02EFC11
:106410002E492F4806F0D0F9ACE72D24C0E797F8B5
:10642000483048EA030387F848300BF003F902F0DC
:10643000EDF80028EAD1244BD3F8A83013B100219D
:1064400040469847FF24B4E70524204603B0BDE842
:10645000F08F02F0DBF800287FF421AFEBE799F82A
:106460001A014FF00001DAF8583000F001009847A7
:1064700002F0CCF8B0460028DDD00BF0CFFF0428A6
:1064800011D0114BD3F8A830002B92D000214046F8
:1064900098478EE7FFF788FE01210E48DAF848306A
:1064A0009847FF2485E700200BF0BEFFE9E700BF17
:1064B0007029002024290020CDCCCC3DE8280020E4
:1064C000154D002048260020282500207429002092
:1064D000F834002028290020904B00202DE9F047B7
:1064E000DFF824A1DFF82481DAF80050D8F8002082
:1064F0002F6DBA4245D0D7ED097AD7ED0A6A77EE0B
:10650000A77A97ED087A67EEA67AB4EEE77AF1EE0D
:1065100010FA58BFB0EE677A3C6D87ED077AA24259
:1065200063D0DFF8E09020E094ED087AD4ED077AAC
:10653000F4EE477AF1EE10FAD8F8002011D0D4ED3D
:10654000096AD7ED077A94ED0A6A76EEA66AE6EE56
:10655000867AB4EEE77AF1EE10FA77FE877AC4ED28
:10656000077AAA4227460ED02C46256DD9F800306E
:10657000AB42D9D1002000F0B5FED5E708B1C8F88C
:106580000060BDE8F087DAF80050536DAB42F8D0F8
:10659000D2ED077A00201EE0D2ED096A92ED0A6A78
:1065A00076EEA66AE6EE867AB4EEE77AF1EE10FAB7
:1065B00018DDC3ED077A1E46012093ED087AB4EE8C
:1065C000677AF1EE10FA596D04BF1E460120A94208
:1065D0001A46D3D00B4693ED077AB4EEE77AF1EE84
:1065E00010FAD9DCF0EE477AE7E7064B1B689A42CF
:1065F000CBD1002000F076FED8F80020DAF8005069
:10660000C3E700BF04310020F8300020FC30002038
:10661000014B1868704700BF003100202DE9F84396
:10662000DFF80481D8F80030002B47D0354F364DC5
:10663000364E2C68A4B133689C4211D04FF000094B
:10664000A06C18B115F0AAF9C4F84890E06C08B134
:10665000FAF7E6FD2A683368546D9C422C60EFD14E
:1066600000225821D7F800C06FF0AF072848D8F8AB
:106670000040C0E901226318C0E9032201FB0CF1CC
:10668000C0E9052202603F1B00E0F918624514BF13
:1066900018462046214443F8081C02F1010203F188
:1066A000580343F85C0CF0D101201A4B626D346042
:1066B0001A60194B2C601C60BDE8F883174B5826F4
:1066C000DD8A104F2C4604FB06603C6015F02AF969
:1066D000C8F8000058B1A542A9D011491148F9F7EE
:1066E000F3FFD8F80030002BA1D10020E4E7282CDC
:1066F00005D9FA2C34BF0A236423E41AE3E7A54240
:10670000F3D0EAE70031002004310020F830002007
:106710008C3C0020A03B0020FC300020904B00204F
:10672000C40F021065DD0010F430002038B50C4DA8
:106730000C4B2C681B689C4211D0A06C18B115F052
:106740002DF90023A364E06C10B1FAF769FD2C6801
:10675000054A636D11682B60A14208BF136038BD04
:1067600004310020F8300020FC300020014B186874
:10677000704700BFF8300020034A044B10681B68C4
:10678000834208BF0020704704310020F830002009
:10679000044B054A1B6812685B6D9A4214BFD869A6
:1067A0000020704704310020F8300020044A054BD7
:1067B00010681B68C01AB0FA80F04009704700BF2B
:1067C00004310020A03B002010B5037D2DED028B8D
:1067D0005906044690ED0D8A1DD490F93820002A00
:1067E00019DBDA0722D51D4B9FED1D7AD3ED057A13
:1067F000F8EE677A67EE877A27EE888AF7EE007AF6
:10680000B4EEE78AF1EE10FA78FE277A17EE900AD6
:10681000BDEC028B10BD636C0120DB6B9847D0EDA3
:10682000007A237D28EE278ADA07DCD4DB060AD437
:106830000A4B9FED0B7AD3ED047AF8EE677A67EE98
:10684000877A28EE278AD4ED0C7AF4EEC87AF1EE36
:1068500010FA48BFB0EE678AD0E700BFE8280020F2
:106860000AD7233C2DE9F04F2DED028B0E4603464F
:10687000C14991B00C68502200212046019319F0C3
:1068800095FB7068B168F2683369E163A0632264C4
:10689000636473690DF11C0C6361337E0DF128098B
:1068A000A374F3690296A361737EC8466374D6E944
:1068B0000823C4E91223237D03259F07AF4BDFED97
:1068C000B08A1F464E46E34601994CBFAD4AAE4AD8
:1068D00001F10C0A07CA8CE80700039397ED1C8AA4
:1068E0007AED017A68EE277A17EE900A1AF0E4FA48
:1068F000012356F8042D013D03FA05F14BF8040D70
:10690000801AC9B27DD007EE900AB8EEE77A9F4AA6
:1069100080EAE0731278A3EBE07344F8253022EAB2
:10692000010E1143E268C7EE087A9A4238BF1A4650
:10693000E260C8ED027A0028B5BF944A934B11700B
:1069400083F800E0203FA8F10408002DC6D18F4B4A
:10695000029E1B782374E36B002B4BD05A6993ED96
:10696000046A0DEB8201D1ED076A8449F8EEE66A0C
:1069700001EB4211D1ED0C5A86EEA57A37EE467A3C
:10698000B5EEC07AF1EE10FAD3ED037A4FEA820247
:106990003CDDDFED7F6AD3ED005A27EE267AC5EEA7
:1069A000876AF4EEE76AF1EE10FA2FDCC4ED106AA4
:1069B0000199114491ED007A37EE467AB5EEC07A2E
:1069C000F1EE10FA40F3D1809FED716AD3ED005AD9
:1069D00027EE067A85EE876AB4EEE76AF1EE10FAE2
:1069E00000F3C38083ED016AF0EE467A77EEE67A33
:1069F000C3ED027AE06870B911B0BDEC028BBDE85E
:106A0000F08F44F82500C8ED028A9BE7C4ED107AA8
:106A1000F0EE676ACCE700234846C6E9083309F080
:106A2000F9FE0DA9DFED5B6A06EE100A0B46534A2C
:106A3000A06233ED017AB5EE407AF1EE10FA0BD098
:106A4000D2ED1E5AC5EE877AF0EEE77AF4EEE67ADA
:106A5000F1EE10FA76FEA76A4B45A2F12002E8D1CA
:106A6000C4ED096ADFED4B7A444A0DAB73ED016A60
:106A7000F5EE406AF1EE10FA0BD0D2ED1D5A85EE1C
:106A8000A67AB0EEC77AB4EEE77AF1EE10FA77FEA6
:106A9000877A4B45A2F12002E8D1237DC4ED0C7A20
:106AA000DD0705D4D6ED007A980648BF67EE867AF2
:106AB000394AC4ED0D7A10682F4A03F002031268B8
:106AC000824275D0002B53D110AD9FED2D8A2A46FE
:106AD000324B71ED017A33ED017A77EEC76A4945A1
:106AE000A7EE678A62ED016AF3D1DFED2D7AB4EE8D
:106AF000E78AF1EE10FA61DD0023E3622046FFF73A
:106B000063FE214B07EE900A93ED067AF4EEC77A06
:106B1000F1EE10FAD4ED0B6ACCBF27EE077A27EE20
:106B2000A77AB4EEE67AF1EE10FA227D76FE876A55
:106B30001207C4ED086A986109D499E80700194D55
:106B400004AC85E8070094E8070083E80700164BCB
:106B500009481A68516D02601960FFF7BFFC0120F7
:106B600011B0BDEC028BBDE8F08FC3ED017A3DE7BB
:106B70000023E361E362F2E7F8300020904B00204D
:106B800000000000742900208C3C0020703300209D
:106B9000DB0FC9409976967E04310020A43C00208A
:106BA000EFFF7F3F983C0020A03B0020EFFF7FBF1E
:106BB0000022E261E262002BD1D19FE75FED057A0E
:106BC000B4EEE78AF1EE10FA01D5244B95E70DA853
:106BD00009F020FEDFED227A039B75ED016AF5EEE8
:106BE000406AF1EE10FA0BD093ED1E6A86EE267A1B
:106BF000B0EEC77AB4EEE77AF1EE10FA77FE877A54
:106C00000DAAAA42A3F12003E7D1B7EE007AB6EEAF
:106C1000006A37EE488A134B28EE068AD3ED015AF4
:106C2000B1EEC86A67EEA57A37EE467A67EE867AE5
:106C3000DFED0D6A87EE876AB4EEE66AF1EE10FAD0
:106C400054BFF0EE467AF0EE667A237DC4ED0B7AFF
:106C500003F00203002B82D150E700BF9976967EA5
:106C60009976967E904B002000000000024B034A6C
:106C700007CA83E8070070478C3C00207429002075
:106C80000A4A0B4B12681B689A4207D309480A4903
:106C90000068D21AD21001FB120070470649981AF8
:106CA000C01001FB00F00138704700BFF830002031
:106CB0000431002000310020A38B2EBA08B500203B
:106CC00000F010FB064B074A1B6812680649934206
:106CD0000B6003D0BDE80840FFF700BC08BD00BF53
:106CE00004310020F8300020FC3000202DE9F0476E
:106CF000424B2DED028B5F7F17F0010754D11E69C7
:106D0000002855D0C82828BFC8200A2838BF0A2024
:106D10000546002968D1B04246D00F465969DFF8D0
:106D2000F090DFF8F0804020C3E9045105F0ECFD5D
:106D3000D9F80040D8F800309C4226D0DFED307AF8
:106D40002046B0EE678AFFF73FFD07EE900AF4EEAB
:106D5000C87AF1EE10FAD4ED0B6ACCBF28EE087AAF
:106D600027EEA77AB4EEE67AF1EE10FA76FE876A9D
:106D7000C4ED086AD8F80030646D9C42E0D1214B24
:106D80009861D9F800309C4220D11F4CA36B5BB1B5
:106D9000AE4201D00020984737B1BDEC028BA36B07
:106DA0000020BDE8F0471847BDEC028BBDE8F08736
:106DB0000029F9D0642928BF64210529354638BF48
:106DC00005215A699142EFD00127A8E7002000F081
:106DD00089FA0E4AD9F800301360D8F8002093429F
:106DE000D3D0FFF77BFBD0E7642928BF64210529B6
:106DF00038BF0521B04292D1E3E700BFE828002068
:106E00009976967E8C3C002028250020FC300020BE
:106E100004310020F830002010B50446282200215B
:106E200019F0C4F80B4B4FF0FF3093F883306376C2
:106E3000FAF7D2F9084B627D93F89930C168B3FA3A
:106E400083F35B0963F3410263F38202627521619C
:106E500010BD00BF90340020E828002010B5074C7A
:106E6000A3794BB1064A074B0121D3F88C3092F835
:106E7000FC0098470023A37110BD00BFE828002044
:106E8000904B00204826002070B5002501200B4AB9
:106E90000B4B0C4C0C49DD709571D4F888300870A0
:106EA0009847D4F884309847084BB3F8920120B142
:106EB0002946E36BBDE87040184770BDE828002004
:106EC000B82800204826002022590020904B00209E
:106ED00070B50BF0A3FA044600201E4D1E4A1F4E4B
:106EE000D5F8883010709847B6F80831FF2B12D0CB
:106EF000042C08D0F3B9D5F88C300121BDE87040DE
:106F00004FF000001847D5F88C3096F8FC000121AE
:106F1000BDE870401847124B1B6C4BB9802CEAD06F
:106F2000D5F88C304FF00700BDE8704001211847BC
:106F3000042CF5D0802CDED000210A48F9F742FB62
:106F400000210848B6F80821F9F7B6FA044B987101
:106F500070BD00BF4826002022590020904B002021
:106F6000E82800205D6E0010044B187820B1044B17
:106F7000986A003818BF0120704700BF22590020CE
:106F8000B828002070B58F4CA36A4BB18E4B2046B9
:106F9000D3F8983098470022A3682270002B65D060
:106FA000E36A002B63D0894D95F83830012B00F04F
:106FB000C780D4E90313E2691A448A424FF0000300
:106FC000E2610FD9E0784FF0010310F0010F0CBF20
:106FD00001204FF0FF30521AE261D5F88C200244B4
:106FE000C5F88C20226A60690244914222620FD265
:106FF000E078521A10F0020F0CBF01204FF0FF3062
:107000002262D5F8902043F002030244C5F8902094
:10701000626AA0690244914262620FD2E078521A19
:1070200010F0040F62620CBF01224FF0FF32D5F85E
:10703000941043F004031144C5F894106A7AA370C5
:10704000D206DBB202D5EA7A1340A370A36823B953
:107050005F4B1A6852681A6070BD013BA360002B39
:10706000FAD15B4B1A6852681A60F5E7E362584A36
:10707000584B16681B689E4200F08880564BF0689B
:107080001A68E662904205D04F4A1860D2F8942000
:107090009047E66AB268A36AB1699342A16064D07E
:1070A000E07892F82C1080EA01058842657018BFDC
:1070B000E170002B63D093F9301092F93030434DDA
:1070C00099421FBF6B6A43F0005343F480736B62B5
:1070D0000123237092F92D305069002BB8BF92F82C
:1070E0002D30A262B8BF6B77936AE0601BB19B68DA
:1070F000002BFCD19362516A49B13848F9F7ACFAD8
:1071000000283ED00023A26AE068E66A5362400885
:10711000C4E907006062B36A11696360D940A16184
:10712000D168D94061619168D940F36A2161F3B1B6
:10713000F169506B984795F83830012B7FF439AFDF
:10714000214BD3F810319847C1077FF532AF0021AA
:10715000234B85F8381003F1600207CA83E8070063
:10716000EB6B43F08003EB6323E7184DD3E7336BFE
:10717000002B3FF419AF316A506B984714E7134D59
:10718000A6E7A36A586A14F009FCBBE7FFF7A0FE64
:10719000A36A93F82F204AB1586B837A1D0705D54F
:1071A0000025104A036B0169D564984700230A4DF6
:1071B000054AA3622B600421BDE87040126C0A48A6
:1071C000104700BFB828002048260020E8280020EB
:1071D0008C4B0020884B00204433002039120010D3
:1071E00014290020D03C002024290020F8B52B4D84
:1071F000D5F80C3113B1002108469847FFF768FE17
:107200000022274B0132082A43E90E2303F13803F9
:10721000F8D109210022DFF8BCC0224BCCE9701C58
:1072200011460132092A43E90D2343F80C1C03F1EE
:107230003403F6D14FF00A0E1B4B1C481C4C1D4F5B
:107240001D4EC3F8FC110160502200211B48236031
:10725000C3F8D8313360C3F8D4E1C7F800C018F0E0
:10726000A5FE30220021164818F0A0FE2B6A9FEDE3
:10727000157A07EE903AF8EE677A67EE877A124948
:10728000124AA1FB031312485C0A190ADB09C0ED7C
:10729000007AC2E900419360F8BD00BF4826002093
:1072A000144F0020B449002080490020A83C002051
:1072B0008C4B00200C510020884B0020D03C00203B
:1072C000B828002000007042D34D621070230020C7
:1072D00040330020DC4E0020014BD864704700BFD3
:1072E000D03C002038B598B1214C236D98472148F7
:1072F000214B01681A684B6893420CBF4FF0010C98
:107300004FF0000C1D4A82F800C012D0E36C984781
:107310001B48016861B11B4B0024D3ED0B7A67EE6B
:10732000A77AC1ED077A1A78046042F001021A7058
:1073300038BD154D5B68AA68022A16D9ED6AAD6999
:10734000B2EBD50F11D35A68914204D107E05B68C4
:107350005A688A4203D093F82420022AF7D0196988
:10736000084A5B68D1620360D0E75B68EBE700BF67
:1073700048260020884B00208C4B0020125900200A
:10738000A83C0020D03C0020B828002070B51A4C42
:10739000237803F00603022B09D000212378174A33
:1073A00023F0050343F004032370116070BD144BF8
:1073B000144D1B689C46636103F13006AE46DCF851
:1073C0000000DCF80410DCF80820DCF80C300CF1CC
:1073D000100CB445AEE80F0005F11005EED1DCF855
:1073E0000000DCF804106368E2682362E26103C510
:1073F000A368A361D1E700BFD03C0020A83C0020D7
:107400000C510020D450002070B51D4C237813F08F
:10741000020304D1002223701A4B1A6070BD1A4E69
:10742000656906F1300EB4461035BCE80F00F4452E
:1074300006F1100645F8100C45F80C1C45F8082C10
:1074400045F8043CEFD103CE28606960D4ED077A9B
:10745000F7EE046A0D4A61694FF0030C1160A269EE
:1074600086EEA77AA2600022236AC4ED037A6360E5
:10747000044B84ED047A84F800C01A6070BD00BF2C
:10748000D03C0020A83C0020D45000200C5100200B
:10749000BA4B9B7ADB0700F15E842DE9F04F2DEDAE
:1074A000068B9FEDC29ADFEDB69A9FEDB6AADFED8F
:1074B000B6AADFF8F082DFF8F09283B0D8F8003097
:1074C000B24D5A68D9F800309A4200F0FA822B681F
:1074D000002B00F09682AE4B1B7803F0FF02002BCE
:1074E00040F0EF82D8F80060AA4CC6E90B22296868
:1074F00094ED044A91ED0A1A9FEDAC8A31EE444AAC
:1075000094ED0E5AB4EEC84AD4ED0F2AF1EE10FAFB
:10751000F4EE452AD4ED0C4A48BFB0EE494AF1EEEC
:1075200010FA1046F0EE6A6A9FED976AB6EE002AEE
:10753000F0EE417AF1EE640A0CBF4FF0020C4FF00E
:10754000010C954B94ED0B7AD3F800E0D4ED0A8A48
:10755000D4ED0D1AC6F808E094F82430012B00F0A1
:107560006681032BD1ED095A00F03A81002B40F0DF
:10757000818166EEA53AB0EE473AA3EE823AE3EE99
:10758000667AB4EEE75AF1EE10FA40F3BA8171EE82
:10759000457A34EE877A77EEA77AC7EE876A38EEB7
:1075A000268AB4EEC68AF1EE10FA4FF0010200F11D
:1075B00009826346B0EE647AF0EE457A1046F4EE46
:1075C000C47AF1EE10FA40F3BC8136EE2A6A76EE08
:1075D000486AF4EEE78AF1EE10FABFD4F0EE471AEB
:1075E000F0EE678A002840F077810AB184F82430F1
:1075F000624B9B7A180703D49EF82F30002B3FD0A4
:1076000091F83820486CD207436840F1F581CA6B85
:1076100091ED107ADB68002A00F05A82C96892ED79
:10762000026A07EE901A1A46A368F8EE675AC91A5A
:1076300007EE901AF8EE677AC7EEA56AA6EE267AEC
:1076400017EE101A0CF07EFD07EE900A94ED137AF7
:10765000B4EE677AF1EE10FA12D02B68586CC36A58
:10766000002B00F08982026B17EE901AC4ED137A9A
:10767000F2629847F061414A937A23F008039372CB
:1076800094ED037A28EE877AFAFE477AFCEEE77AE1
:1076900017EE902AA368981AB06120B93749897A01
:1076A0008F0700F1948307EE903A94ED016AF8EEAB
:1076B000677A38EE066A77EEC77A384BC6EE275AF5
:1076C000D3ED006A65EEA67AFAFE677AFCEEE77AF9
:1076D000D5F800C094F824E09CF83810C1F3C0132A
:1076E000C90986F8253017EE903A10D0D4ED107AFB
:1076F000D4ED116AE6EE867AAEF10101B1FA81F1BC
:10770000C4ED107AC6ED057A490986F82610244999
:107710000F689F4240F263810021B16207EE902A18
:10772000E06A86F824E0D4ED0A6AF8EE677AF4EEAF
:10773000E86A77EEC77AF1EE10FA67EEA57AD8F824
:107740000010F3604B683061C4ED017ACCED0A8A19
:10775000A260C8F80030FFF6B4AEF5EEC08AF1EED4
:1077600010FA00F36A83054B9B7A13F0040240F091
:1077700070832A60FEF7DAFFA0E600BFE828002049
:1077800017B7D1B817B7D1383EC32E39A83C00205F
:1077900012590020D03C00200C5100204033002022
:1077A00070230020884B00208C4B0020000000003C
:1077B00038EE268AB0EE473AB4EEC68AA3EEC23A55
:1077C000F1EE10FA37EE637AE3EE667A40F1B180BB
:1077D000F4EEE78AF1EE10FA76EE486A40F1A28004
:1077E00066EEA53A37EE643AB4EEE33AF1EE10FAFB
:1077F000DED871EE457A34EE877A77EEA77AC7EE57
:10780000876A38EE268AB4EEC68AF1EE10FA40F1A5
:10781000C280F4EEC58AF1EE10FA76EE486A40F1C5
:1078200094820122B0EE647AF0EE457A1046F0EED2
:10783000675AE6EEA05AF4EEE52AF1EE10FA4EDDB4
:1078400077EEE27AC7EEA46A38EE268AB4EEC68AEC
:10785000F1EE10FA40F18880F4EEE82AF1EE10FA29
:1078600076EE486A40F36A82F0EE627A02230122E1
:10787000D1ED095A66EEA55AF4EEC75AF1EE10FAA8
:107880001BD5B0EE473AF0EE673AA5EEC23AE3EE0A
:10789000663AF4EEE38AF1EE10FA0ED538EE268A57
:1078A000B4EEC68AF1EE10FA37EE657A3FD576EE81
:1078B000486AF0EE637A012050E677EEE87A31EE1E
:1078C000877A77EEA77AC7EE876A38EE268AB4EE13
:1078D000C68AF1EE10FA36D5C4ED0B1A85E638EEFD
:1078E000268AB4EEC68AF1EE10FA74D5F4EEE58A73
:1078F000F1EE10FA76EE486A40F18E82F0EE657A8B
:1079000095E738EE268AB4EEC86AF1EE10FA37EE43
:10791000237A0EDDF4EEE78AF1EE10FA76EE486A8D
:107920003FF527AEF0EE471AF0EE678AD4E7F0EEA7
:10793000637AF4EEC47AF1EE10FA4FF001003FF7EB
:1079400044AE48B90AE0F4EEC48AF1EE10FAC3DCA2
:10795000B0EE617AF0EE687A84ED0B7AF0EE678A29
:10796000002A7FF443AE43E6F4EEC42AF1EE10FAA7
:1079700040F3C981F4EEE82A36EE2A6AF1EE10FAF5
:107980004FF002034FF0010276EE486A40F33B826B
:10799000F0EE627AE5E5B4EEC45AF1EE10FA40F387
:1079A000BA81F4EEC58A36EE2A6AF1EE10FA76EE66
:1079B000486A3FF536AF0122F0EE641AF0EE458AD0
:1079C000134689E776EE486A6346B0EE647AF0EED5
:1079D000457A1046FDE5F0EE657A0123EFE54F6844
:1079E0009F4273D88968994294BF0321022188403D
:1079F000B162CB40B06191E683ED009A5FED957A7C
:107A000024E6C84B9B7A5C077AD5FEF7AFFE0646A4
:107A10002E60002E55D0C34BC34C93F80AA0237898
:107A200096ED0A8A13F001000AF0020200F0AB8022
:107A3000BE4991F82011C8075FD559075DD523F0DD
:107A400001032370D6ED097AB6EE007A84ED0A9A26
:107A5000C7EE278A002A57D0022384F82430D6EDB7
:107A6000076AB0EE487AA6EEE87AB4EEE97AF1EE6B
:107A700010FA00F12D81B4EECA7AF1EE10FA48BF87
:107A80009FEDAB7A84ED0D9A84ED0A7A0AF0C6FC7C
:107A900004280DD0A34C2A68A37A506C1946C3F36E
:107AA000C002837AC3F3C003134363F3C301A1721B
:107AB0000022A04B1A701B7803F0FF02002B3FF44A
:107AC00011AD03B0BDEC068BBDE8F08F01218EE750
:107AD0008A8A02F4C072802A07D1D4ED0B6AD4EDF1
:107AE000127A27EE267A27EE277A1A4617EE101A10
:107AF0000CF028FB07EE900AA8E500232370A1E70D
:107B0000FEF73AFE064683E71AF0040F84ED0E8A6C
:107B100084F8242000F0CC8084ED0D9AB0EE498AE0
:107B20003046FEF751FE07EE900A2B6827EEA77A43
:107B3000D3ED076AF4EEC76AF1EE10FAD3ED0A5AF4
:107B4000606440F38B8036EEC75AB0EE656AA5EEEE
:107B5000686AB5EEC06AF1EE10FA84ED0E6A40F282
:107B6000138137EE487A032367EE287A2063C4ED49
:107B70000F7A84F8243089E7436BC6ED087A3363C3
:107B8000C4ED137A77E5D6F80CC0D6ED0D8A07EE72
:107B900090CAB8EE677AC7EE087AF7EE046A6649CB
:107BA00003F0080BB36886EEA77A4FEAC30E0B68A2
:107BB0005B680B607168C3F810E0C900D960316878
:107BC000C90099604FEACC015961317CC3ED088A44
:107BD00083ED078AC3ED067A83F82C10716CC4F824
:107BE00008C05963F16CC4ED037A9962B17C83F8E3
:107BF0002D10717C83F83010B16C96F814C0596266
:107C0000CCF3C00183F82E1052EA0B01B06484ED6E
:107C1000047A84ED109A84ED019A00F0CC80D4EDC2
:107C20000D7A27EEA77AC4ED0B7A86ED077A2178D4
:107C300060F3C3012170CCF3C0115FEADC1C83F850
:107C40002F1054D0737DDF0756BFB7EE007AF7EEE2
:107C5000007AC7EE287AC4ED127AF3E636EEC85AF7
:107C6000B0EE656AF6EE004AA5EE286A26EE246AB2
:107C7000B5EEC06AF1EE10FA40DDF4EEC65AF1EE50
:107C800010FA69DD77EE485A65EEA85AF4EEC65A46
:107C9000F1EE10FAC4ED0F5A62D5F4EE476AF1EE38
:107CA00010FA206340F0A680012384F82430EDE62A
:107CB000FEF76EFD08EE100AB5EE408AF1EE10FAFE
:107CC00000F1E080F1EEC87AC4ED0D7A2E6827E766
:107CD00077EEA77AE7EEC86AF5EE406AF1EE10FAA1
:107CE00000F1D580F1EEE67AC4ED0D7ACEE6F16BC7
:107CF000003918BF012183F82F10A3E6636B84EDD0
:107D00000E9A2363C2E6F0EE627A01220223002873
:107D10007FF422AE22E60122B0EE647AF0EE457ADC
:107D2000134619E6E8280020D03C0020904B0020A4
:107D300000000000125900200C51002008B184ED11
:107D40000B7AF0EE628A022350E4C4ED0B4AF0EEA7
:107D5000458A01234AE47047022384F8243095E6DB
:107D6000D3ED097A77EEA77AA7EE868AB5EE408A38
:107D7000F1EE10FA84ED0F6A84ED0E6A56D4F1EE3E
:107D8000C87AC4ED0C7A81E6022284F82420D3ED6F
:107D9000097A77EEA77AE5EEE76AF5EE406AF1EE4A
:107DA00010FA68D4F1EEE67A2378C4ED0D7A43F048
:107DB000080323706AE696ED077AB5EE407AF1EE95
:107DC00010FA4BD4F1EEC77AC4ED0B7A33E7334B9C
:107DD000334A93F8203141F001019172D9077FF5C0
:107DE00070AE23785A073FF56CAE237843F0020358
:107DF000237066E6D4ED0E7A37EE667AE7EE687A9F
:107E0000C4ED0E7A42E6F0EE471AF0EE628A0028E0
:107E10007FF462ADFFF7E9BBF0EE471AF0EE658A3A
:107E2000012300287FF458ADFFF7DFBB18EE100ADE
:107E300019F076F807EE900AA3E71949174A8B7AEA
:107E400092F8202143F001038B72D3077FF539AEFE
:107E5000C7E7134A43F00103937232E617EE100AA4
:107E6000CDE9003219F05CF8DDE9003207EE900A46
:107E700096F814C0A8E716EE900A19F051F807EE2C
:107E8000900A91E719F04CF807EE900A1CE716EEFD
:107E9000900A19F045F807EE900A25E7904B00206C
:107EA000E828002008B50AF0B9FA10F07C0F16BFD8
:107EB000014B0020D86A08BDD03C002008B50A4B11
:107EC0009B6A13B193F9300008BD084B93F8293031
:107ED000012B05D1FEF750FC10B190F9110008BD3F
:107EE0004FF0FF3008BD00BFB8280020E828002070
:107EF00038B52F4BD3F8D03098470D2833DC431CCE
:107F000023DB431C0E2B3CD8DFE803F01E3B3B3B3E
:107F10003B3B3B3B3B2F3B083B3B08000022254DB6
:107F2000254C2B68E2542078002834D10023234AC2
:107F3000237082F88200224A2B60926890472B6857
:107F400053B900231F4A137038BD1A4D2B6833BB39
:107F5000194C5A1C2A60E0542378A3F12403B3FA85
:107F600083F35B09EEE77F280BD1124A1368002BDD
:107F7000E7D00021104C013B1360E154002BEBD102
:107F8000DFE70C4D2B6853B92028DAD001230A4CC7
:107F90002B602070E0E7242805D00920C6E7FF2BDE
:107FA000D6D9054CD8E7204604F0ACFABEE700BFAE
:107FB00048260020D83200205C3A0020903400206F
:107FC0002825002018590020154B1B780BB10020E4
:107FD000704710B504460AF021FAD0B9114BDB6B9B
:107FE0001B060ED4104B93F87C2062B11B7E53B954
:107FF0002378242B07D163784A2B04D1A3783D2B17
:1080000001D1002010BD2146054818F0E1FC0120F7
:1080100010BD0AF003FA40F221231842DED1F0E746
:1080200008580020E82800209034002010B5094CA2
:1080300023780BB9637803B110BDFEF79DFB0028D0
:10804000FAD0054B04F13C000221BDE810401B6C46
:10805000184700BFE8280020482600202DE9F843F3
:10806000A64C236C43B1A64F0021BB6C04F1400029
:108070009847804600284DD10026E36B33B1A04FCE
:108080000021BB6C9F489847054600BB9E4E356D4E
:108090000AF0C4F9A84794F82030DF0740F1D980EE
:1080A00013F0040800F0CC80990740F18C800AF0AE
:1080B000B5F910F0FC0F40F08380237813B1002055
:1080C000BDE8F883607880F00100BDE8F883C0F374
:1080D0004013237110F0200340F00182C20600F12A
:1080E0001F81894EEF0700F12582E80400F11F820D
:1080F000A90400F119822A0500F113826B0400F132
:108100000D8225F4F04020F011000028BFD00AF0C5
:1081100097FBBCE7E66B5FFA80F9C6F3401216F0F6
:108120002006227140F0B881484604F0A5FBB9F161
:10813000110F00F2D181754B23FA09F3DB0740F1EF
:10814000CB810125BB6C414671486F4E65719847E4
:10815000B9F10A0FF36800F03782B9F1110F40F05E
:1081600001821020984700236A4A6B4913700B6004
:10817000D7F8D430984720217B6C624898470EE0AE
:10818000E36BDD0705D501217B6C5E48984706F05F
:1081900009FFFFF7ADFE4FF48070336D9847E36B36
:1081A000C3F3401298062270EAD5FB6E984710F48C
:1081B000A075E5D12946BB6C5548984728467FE70E
:1081C000FFF766F979E709F0BDFE054600283FF4A0
:1081D0006EAFDFF848814A4F98F819900BE0A12D57
:1081E00040F0688197F8E6319A0700F16A8109F05A
:1081F000A9FE054698B1A02DF1D197F8E631DB072D
:10820000F5D50AF00BF9002840F0CA816FEA09039E
:1082100063F3000909F096FE05460028EBD198F8B3
:1082200019305FFA89F29A423FF441AF4846F8F7B5
:10823000E7FFB36B002B3FF43AAF2846984736E789
:1082400009F060FE0546002840F0C68094F8203012
:108250002AE709F037FE98B1D4E904579038072887
:1082600045D8DFE800F004433B332B221910642586
:1082700009F028FE0028F1D139462846FEF736FDE0
:1082800094F820300CE7C82D28BFC8250A2D4FF0E0
:10829000190738BF0A25EBE7C82D28BFC8250A2DC6
:1082A0004FF0320738BF0A25E2E7C82D28BFC8259E
:1082B0000A2D4FF0640738BF0A25D9E7013DC82DC4
:1082C00028BFC8250A2D38BF0A25D1E70135C82D9A
:1082D00028BFC8250A2D38BF0A25C9E70A3DC82D81
:1082E00028BFC8250A2D38BF0A25C1E70A35C82D81
:1082F00028BFC8250A2D38BF0A25B9E7E82800207D
:1083000048260020242900202825002006040200F9
:10831000282900205C3A0020D83200209034002028
:10832000227A012163F3451222720022A37284F89B
:10833000203094F91D30DFF8D082002BB8BF98F8B8
:108340002C306170B8BF637788F88020D7F8783117
:108350009847607A10F0010007D1D7F8E03023B1D8
:10836000984710B1D7F8D8309847637AE27923F06C
:1083700001036372002A00F0F080FEF7F5FD03466A
:10838000E079E37004F078FA00239B4EE37101205A
:10839000F8F742FEFEF742F9FEF728FFFEF766FC0B
:1083A0009649974804F008FAF8F71AFF4FF00000D2
:1083B000F8F726FF09F0D6FD0AF030F8012800F0A2
:1083C000F680FB6E9847C0F3C00080010AF02CF8DD
:1083D000F3681620984785E64FF0FF30F8F7FCFE6B
:1083E000D0F80C90D9F80430DF68A5F19903052B7B
:1083F00000F2F680DFE803F00348403830276427B6
:1084000009F080FD05460028EFD1394648460BF0BB
:10841000FBFCB8F1000F3FF419AF09F0FFFF102883
:108420007FF414AF4FF0FF30F8F7D6FE0378DD0786
:108430007FF50CAF227F002A40F0C980022294F819
:108440002030227730E6C82F28BFC8270A2F38BF30
:108450000A2788F00108D3E7013FC82F28BFC827A3
:108460000A2F38BF0A27CBE70137C82F28BFC827F4
:108470000A2F38BF0A27C3E70A3FC82F28BFC827DB
:108480000A2F38BF0A27BBE70A37C82F28BFC827DB
:108490000A2F38BF0A27B3E70BF08AFE7B6F4FF035
:1084A00000009847484604F0E7F9D7F87831984734
:1084B00001263CE6B36D002B3FF499AEE8B2984735
:1084C00095E609F0ABFF002864D1C9F3400383F0BF
:1084D000010363F341098AE600236371CDE5002EB1
:1084E0006CD0FB6E9847C0F3801383F0010310F04B
:1084F0004005237021D0D7F8D43098470A2004F0E3
:10850000BBF93D4B0C20DB68984716B9D7F878319A
:108510009847207880F00100BDE8F883F8F78EFBDB
:10852000EFE507F079FFE9E505F09CFDE3E505F0EF
:1085300037FFDDE506F036FDD7E5FB6E9847C10550
:10854000E3D5D7F8D43025709847112004F094F97A
:10855000294B1020DB689847D7E7FEF705FD20B9C7
:10856000254E14E728469847FDE580200AF068F973
:10857000214EFEF78DFFD6F8508009F04FFFC0471F
:10858000FEF7F2FC0028F4D10146BB6C1D48984769
:108590000543FCE609F042FF10F0180F95D126E6DE
:1085A00009F03CFF10F0180F7FF430AE1FE694F88E
:1085B00080300B3B022B7FF695AD02E70BF0F8FD08
:1085C00030467B6F98478CE70C209847CBE5D00767
:1085D0007FF53CAE42F0040294F82030227763E548
:1085E000B36D0BB1E8B29847C82F28BFC8270A2F30
:1085F00038BF0A2704E700BF28250020742900207F
:10860000F83400202429002090340020F8B5FFF72A
:1086100025FD40B92E4C23781BB9607880F001000D
:10862000F8BD0020F8BD09F0F9FE294C0546A378F5
:108630008BB95DB9274B1B78002BECD0264B93F8F8
:108640007C30002BE7D10CF01BFAE4E740F2011379
:108650001D42EFD1DFE780280CBF012300236371A7
:1086600029D01E4F1E4E08E096F810311B071CD46F
:10867000FFF7F4FCA378002BDBD02378002BD8D1B4
:108680006379ABB90AF0C6FB09F0C8FE4028EBD10C
:10869000FB6E98470207E7D43B6C4FF4004111484A
:1086A000984796F810311B07E2D50DF09FFADFE7E7
:1086B000FFF71EFCE6E700230B49084A0B480B7046
:1086C000D2F8D42003609047A378002BC9D1A2E749
:1086D000E8280020344D0020903400204826002057
:1086E000904B0020242900205C3A0020D832002042
:1086F0002DE9F04FDFF85C9285B099F880001028E2
:1087000000F068828B4CE36E984742064BD4E36ED0
:108710009847C30500F16582874D95F814319F068F
:1087200004D5E36E9847460400F16B8209F07CFBA8
:108730000646002840F05D8295F81A3103F00303E5
:10874000032B00F06F8299F881303BB195F810311E
:10875000990610D4E36E9847C2070CD409F05EFE68
:1087600010F0810000F0778299F880300B2B04BF65
:10877000002389F88030012009F056FE6F4B02205B
:10878000DB68984799F88130C3B100250BF010FDE4
:108790002846636F98474FF480416948236C89F8F5
:1087A000815098470AE00A2004F066F8634B0C20D9
:1087B000DB68984799F88130002BE6D100231D46ED
:1087C0009846604F604EDFF890A1DFF870B13B70C3
:1087D00033608AF80030D4F8D0309847421C034602
:1087E0001B2A0FD8DFE802F0470E0E0E0E0E0E0EFB
:1087F0000E800E390E0E390E0E0E0E0E0E0E0E0ED1
:108800000E6E0EC53168002940F04681202BE2DD56
:108810003B2B00F36C81232B40F36E81A3F12402E8
:10882000172A00F2B980DFE812F00B01B700B70099
:10883000B700F400B000B700B700B700B700B7004A
:10884000B700B700B700B700B700B700B700B70070
:10885000B700B700B700B700EC003268002A40F05C
:10886000F780B8F1000F00F0F380984500F0F08039
:108870004FF00008AFE73B787BB1242B00F01B8161
:1088800009F0CCFD40F22113184200F02C810920A0
:10889000DBF80830984700233B70FFF7C7FBFFF772
:1088A000B5FE20B999F80030002B40F0418100223C
:1088B000214B89F8012093F810311B078BD50DF05F
:1088C00095F988E70023214A1D463B708AF800305D
:1088D000336082F8823009F0A1FD2028C8D18021C0
:1088E000236C17489847C3E7316800293FF473AFFA
:1088F0000020174A01395054137805463160002B87
:1089000000F0ED80014601203B2B27D8232B28D9EE
:10891000243B172B25D8DFE803F0232424245D57BC
:108920002424242424242424242424242424242407
:10893000244C00BF48260020904B00202825002012
:108940002429002008580020D8320020903400202C
:108950005C3A0020E8280020185900205B2B00D149
:10896000014312F8013F0020002BCDD18AF80010FE
:1089700031E7DBF8F030002B3FF42DAFA54AD4F8F7
:10898000040192F88210984725E715F0040203D1FC
:108990008AF8002062F34105FF298CBF01220022E2
:1089A00062F300053FF617AF9B4A53540131316023
:1089B00011E7A807D5D445F0040512F8013F0021BE
:1089C0000020002BA0D1D1E715F00403C9D163F337
:1089D0004105F2E70029C4D194F8D631E9B2194330
:1089E000C5F3800383F00103C1F3800163F3410504
:1089F00012F8013F81F001010020C9B2002B83D1A0
:108A0000B4E715F00202C7D18AF8002045F004054A
:108A1000C2E79AF80020002ABED1C5F3800282F096
:108A2000010205F0040062F341050028B4D194F876
:108A3000D621C2F3800282F001028AF80020ABE75F
:108A40000029A9D1012225F001058AF80020ABE711
:108A50000093FFF7DBFD009B002869D000206E4AE1
:108A6000316815F0010850541FD00B21694A82F873
:108A700082105FFA83F8B9F800300093002B7FF47E
:108A8000FAAEDBF8081092F882008847009B1D467A
:108A90008AF8003033609EE61F2B7FF79CAE3B2B9D
:108AA0002DDC232B3FF7BAAE76E7117839B9594A56
:108AB00082F88210DDE7384603F024FDEBE6242936
:108AC00052D05B2922D15549D1F89C10F1B1104602
:108AD000009388474F4A009B82F88200C9E71946F5
:108AE0008AF8001077E63846F8F7CEFCD3E65B2B21
:108AF000A8D07F2B3FF46FAE61F3000554E75B2BEA
:108B00003FF44AAF7F2B3FF4F3AE45E7CDE90032A7
:108B100009F084FC40F221110842009B12D0019A16
:108B20001178252936D009213A4A82F88210A0E727
:108B300099F80800C0F3C00080F00100C0B205B091
:108B4000BDE8F08F334A92F8821009B1282990D1FC
:108B50003148CDE90032F8F797FC019A009B82F882
:108B60008200002885D086E71046009303F0CAFCF7
:108B7000284A2D28009B82F882007FF47AAF0C20CF
:108B8000019203F079FE25490720C9688847DDE98D
:108B900000326EE792F80180B8F1000FC3D109F0FE
:108BA0003DFC40F201121042009BBCD0194A1B4907
:108BB00092F87C00D1F8E81080F0010082F8828001
:108BC00082F87C0000293FF454AF01928847DDE928
:108BD00000324EE70023124C89F8803003F04CFE3F
:108BE000E8E5112003F048FE0C4B1020DB689847A5
:108BF000E0E50B2003F040FE084B0D20DB689847B2
:108C0000D8E50D2003F038FE044B1520DB689847AB
:108C1000D0E500BF903400205C3A002028250020D9
:108C200048260020E36D984708F074FC99F89830C6
:108C300003423FF488AD99F880300C2B03D1E36EEA
:108C40009847400525D40C2003F016FE134B07204F
:108C5000DB689847AEE509F0E7FB94F8DC311B07C9
:108C60000DD595F83431DF0709D4E36E9847060730
:108C700005D54021236C0A489847FFF7C7FC95F8B3
:108C8000833113F004017FF495AD0648F7F7E4FC57
:108C900090E5304609F0C8FB8CE500BF2825002090
:108CA000242900200DC4001038B5FFF7BFF90F4B81
:108CB0000F4D1B7E6A7AB3FA83F35B0963F382027A
:108CC0006A7202E0FDF758FD50B1FFF79FFC0446C1
:108CD0000028F7D16B7A204623F004036B7238BD6D
:108CE00009F09CFB0828F0D0F4E700BF9034002086
:108CF000E8280020C31E70B50446A12B00F2A48012
:108D0000DFE813F07A01A200EE00A200A200A200A8
:108D1000A200AF00A200A200AF00A200A200A20029
:108D2000A200A200A2004C01A200A200A2009E018B
:108D30009201A200A200A200A200A200A200A20032
:108D4000A200A200A2008201A200A200A200A20032
:108D5000A200A200A200A200A200A200A200A20003
:108D6000A200A200A200A200A200A200A200A200F3
:108D7000A200A200A200A200A200A200A200A200E3
:108D8000A200A200A200A200A200A200A200A200D3
:108D9000A200A200A200A200A200A200A200A200C3
:108DA000A200A200A200A200A200A200A200A200B3
:108DB000A200A200A200A200A200A200A200A200A3
:108DC000A200A200A200A200A200A200A200A20093
:108DD000A200A200A200A200A200A200A200A20083
:108DE000A200A200A200A200A200A200A200A20073
:108DF000A200A200A200A200A200A200A200EE0017
:108E0000C800DF0057010801F800A2001C01A701FB
:108E10003B01EB0073016501A200A200A200E50086
:108E2000E500E500E500E500E500E500E500A2005D
:108E3000E800E800E800E800E800E800A200EB0035
:108E4000EB005E01A20012011F2800F21681082823
:108E500000F0D0809C4BD3F890304BB3204698471D
:108E600030BB9A4B9A4D187880F001007E2C94BF4D
:108E7000002000F00100A4F11B04B4FA84F464099A
:108E80002C7070BD30B1934B93F8100110F040007E
:108E900000F00B81904B02211B6C904898470021F9
:108EA000894B8F4AD3F88C3082F8801003B19847F1
:108EB000A4F11B04B4FA84F4854D640901202C70DC
:108EC00070BD854B08211B6C84489847F0E708F07B
:108ED000E9FFEDE709F006F8EAE709F023F8E7E72C
:108EE0008048437A9907E3D47B4B01211B6C3C30CB
:108EF0009847DDE70021784B7B4AD3F8D8301160E2
:108F00009847714BD3F8D450002DD1D009F086FA90
:108F1000A847CDE709F082FA4028A2D06E4B402145
:108F20001B6C6E489847C3E76B4BD3F81831002B86
:108F300060D09847654B664D187895E7694D664E49
:108F40006A6C95F825300132D6F81421B4BF00219F
:108F50000121003A18BF0122C3F380039B0243EAB8
:108F6000C123624843EA8243184303F0CDFC012148
:108F7000336C05F13C0098479AE7574B534A93F8F6
:108F8000DD3110781B0776D45649514D0B7ADA4300
:108F9000C2F3C01262F3C7130B7265E74C4D2B7816
:108FA00023B14D4BD3F8BC3103B19847474B1878E8
:108FB0005AE7494B4FF480511B6C4848984777E774
:108FC000454B4FF400611B6C4448984770E7414B98
:108FD0009B8A7BB1434A537A1946C3F3400383F01B
:108FE000010363F34101517262E73B4B93F8B430E4
:108FF000012B7DD0364DD9E7FDF7D6F8394A137AE3
:1090000043F00803137253E7374B1B68002BF1D171
:10901000304A2E4B92F810012D4DC0F3801080F095
:109020000100C0B218701FE72B4D10212B6C2B488C
:10903000984700212C4AD5F8D8301160984737E777
:10904000254BDB6E984740063FF532AFFDF7ACF895
:109050002EE7214B1D4A93F8DC3110789A060AD48A
:1090600020491B4D0B7AC3F3801282F0010262F398
:1090700086130B72F8E6164DF6E680F080033F2B60
:109080007FF6E8AE114B3F2C187810D07E2C3FF4C1
:10909000F9AE212CEFD100283FF413AF0D4B93F81C
:1090A000100110F040007FF40CAF094DE3E628B149
:1090B000084B93F8100110F04000F6D0064B012148
:1090C0001B6C06489847F3E6282500201859002015
:1090D00011590020904B0020482600202429002010
:1090E00090340020E8280020D8320020FFF30380CD
:1090F00000210248F7F7B0FADAE600BFFD360110AA
:1091000001207047024B0020C3F80011704700BFD8
:10911000904B0020154A10B5D2F80C4124B3144BE3
:1091200093F8140161F3000083F8140192F8D70159
:10913000C00710D492F9D621002A07DA93F8152136
:10914000C1F3800161F3820283F8152100210846F2
:10915000A047002010BD93F81401C1F3400C6CF33C
:10916000861083F81401E5E7352010BD482600205D
:10917000904B0020084BD3F8A03053B110B500201D
:109180000C4698470146054B2140002083F8FA1011
:1091900010BD3520704700BF48260020904B0020AE
:1091A0000B4610B5054A064C18460121D2F88C2012
:1091B00084F8FC309047002010BD00BF48260020F6
:1091C000904B0020054B89B2998221B9044B5A7A01
:1091D00061F341025A720020704700BF904B00209B
:1091E000E8280020024B0020A3F80C11704700BFB4
:1091F000904B00200020091A18BF0121034B93F85F
:10920000A92061F3000283F8A9207047904B002049
:10921000CB0711D507291AD80E4AC1F3800092F85E
:10922000A930C1F3400141EA400123F0070319438B
:10923000002082F8A9107047064A002092F8A93051
:1092400023F0070343F0040382F8A9307047342069
:10925000704700BF904B0020034691F9012090F920
:109260000000904205BF5B78012000200B70704722
:10927000054A064BB2F8DC210020114021F4806140
:10928000A3F89210704700BF48260020904B0020A2
:109290000D4AD2F80C31A3B10C4B92F8D70193F8D8
:1092A000142161F3410283F81421C20707D593F812
:1092B0001421C1F3400161F3C71283F81421002087
:1092C00070473520704700BF48260020904B002093
:1092D0000023144A10B492F81D11134C84F89930ED
:1092E00079B10323013B21FA03F0C00706D5D2ED83
:1092F0001F7AF5EEC07AF1EE10FA05D4203A002B71
:10930000F0D15DF8044B70474FF0010C94F89900D0
:109310000CFA03FC40EA0C0084F89900203A002B78
:10932000E0D1EEE7904B0020E8280020094B93F8AD
:10933000DC315B060BD5B1FA81F1074B490993F893
:109340001121002061F3C71283F8112170473520E5
:10935000704700BF48260020904B00200020091ACB
:1093600018BF0121034B93F8122161F3041283F813
:1093700012217047904B0020154B01F0010093F82B
:109380001A2110B560F3000283F81A2111F00102CE
:1093900016D0C1F3400193F81A210E4C61F341023B
:1093A00012F0010C18BF4FF0070C83F81A210A4B7A
:1093B0004FF000019B6D84F898C09847002010BDC5
:1093C00093F81A41114662F3041483F81A41E2E754
:1093D000904B0020E828002048260020094B19B1B6
:1093E00093F88221D2070AD5003918BF012193F8DA
:1093F0001A21002061F3820283F81A2170470A20A3
:10940000704700BF904B00200020091A18BF0121AF
:10941000034B93F8102161F3861283F810217047F3
:10942000904B002011F00103034A18BF01F007031D
:10943000002082F820317047904B00200020091A4C
:1094400018BF0121034B93F8102161F3410283F807
:1094500010217047904B002010B40E4C024694F837
:10946000833113F002000AD1182A0CD0192A07D12F
:10947000C4F88410616661645DF8044B7047352060
:109480005DF8044B7047C4F88810A166A1645DF8CC
:10949000044B7047904B00200020091A18BF01218F
:1094A000034B93F8102161F3C30283F81021704736
:1094B000904B002010B4094C01F0010394F81021E6
:1094C000C1F340011B0102F06F0243EAC1131343D1
:1094D000002084F810315DF8044B7047904B002059
:1094E00000B56FEA010E0A4BC1F3400193F812C1B7
:1094F00093F8822181F0010161F3410C6EF3C712F0
:1095000083F812C1002083F882215DF804FB00BFBC
:10951000904B00200020091A18BF0121034B93F83B
:10952000112161F3410283F811217047904B002013
:109530000020091A18BF0121034B93F8102161F391
:10954000451283F810217047904B00201F4A01F00C
:109550000103B2F81401C1F3800C1B0143EA4C1360
:10956000C1F3400C20F4987043EA0C230343A2F8A3
:10957000143111F0080305D0154890F8D73113F0D5
:10958000010316D192F8150111F0100163F34100A7
:1095900082F8150105D00E4B93F9D61100290EDB88
:1095A000002192F81531002061F3C30382F81531D0
:1095B0007047D0F81431003B18BF0123E2E7D3F81D
:1095C0001411003918BF0121EBE700BF904B0020B8
:1095D00048260020044B93F8D60110F002000ABF81
:1095E000024B0320D962704748260020904B002090
:1095F0000F4B93F8D60110F0020017D1CB4310B4F3
:109600000C4C9B03D4F81021C1F3400C03F48043AD
:10961000C1F3800143EA8C4322F4442243EAC1436C
:109620001343C4F810315DF8044B704703207047B2
:1096300048260020904B002040F21B23984207EE62
:10964000901A2DD0B0F5077F12D2B0F5AA7F20D0A6
:10965000B0F5C57F1BD19FED197A67EE877AFCEED6
:10966000E77A17EE902A164B0020A3F8A020704747
:1096700040F2A12398420AD19FED107A67EE877AD3
:10968000FCEEE77A17EE902A0D4BA3F89820002005
:1096900070470B4B0020C3F8C410C3F8A4107047E8
:1096A0009FED067A67EE877AFCEEE77A17EE902A4E
:1096B000034B0020A3F8A220704700BF00007A44AB
:1096C000904B0020034601480361704784540020FA
:1096D00000B2704710B50B46002482B0094801A9BA
:1096E0008DF805308DF804400AF016FB38B120469D
:1096F000054B9DF8042083F89D2002B010BD342056
:1097000002B010BD59920010904B002010B50B46CE
:10971000002482B00B4801A98DF805308DF8044073
:109720000AF0FAFA10B9342002B010BD064B9DF8C9
:1097300004209DF9050083F89C200AF0D1FA204608
:1097400002B010BD59920010904B00200A4B10B58A
:1097500093F8D60110F002040AD1D3F8E0303BB1FF
:10976000042905D8054B19770DF076F8204610BD71
:109770000324204610BD00BF48260020904B002047
:1097800008B5044B034483F85A1108F037FB002056
:1097900008BD00BF904B0020CBB2012B10B50C468A
:1097A0000BD0022B02D08BB90A4A537101220A490D
:1097B0000A4B0C7600201A7010BD00200AF0DEF96A
:1097C000030705D50022034B5A71EFE7032010BDB4
:1097D000112010BD90340020904B00201A59002019
:1097E00010B5C9B20A4C4B0784F8A81001D4002068
:1097F00010BD00200AF0C2F910F01003F7D194F860
:10980000A820352063F3820284F8A82010BD00BF91
:10981000904B002010B5474C237E012B00F0828036
:1098200040F2CA32E38A94ED407A1E3B9BB29342E7
:1098300088BF2323404A88BFE382D2ED077A92F99A
:10984000D431B4EEE77A002BA4BF0023A4F89E30F5
:10985000F1EE10FAD36A48BFC4ED407AF3B107EED7
:10986000903ADFED365AB8EE677A324BA3F16001D9
:10987000D3ED1C6AD3ED1D7A66EEA77A87EEA56A52
:10988000B4EEC76AF1EE10FA05DD27EE256AC6EEE2
:10989000267AC3ED1D7A203B8B42E9D1237F042B2E
:1098A00007D9032194F81231217743F0080384F893
:1098B000123192F9D631002B28DB002194F81501E2
:1098C00092F8D73161F3C30013F0010384F8150156
:1098D00009D0D2F81421C3B2C3F34003002A0CBF4D
:1098E000002303F0010394F81501B4F89010B4F8C4
:1098F000922063F3410041F4806122F4806384F894
:109900001501A4F89010A4F8923010BD94F8151128
:10991000D2F81431C1F3C001002B0CBF002101F0BB
:109920000101CBE700200AF029F910F0080008BF78
:10993000207675E7904B00204826002000007042FA
:10994000064A08B5B2F8DC21054B114041F48061AC
:10995000A3F8901002F06AFC002008BD4826002001
:10996000904B0020003918BF012108B5064B93F831
:10997000102161F3000283F8102104F0B7F902F01E
:10998000FBFE002008BD00BF904B0020002875D0D2
:1099900008B50388B3F5C67F49D2B3F5AA7F80F036
:1099A0008780412B00F22A81052B65D9063B3B2B92
:1099B00062D8DFE813F01C01610058016501610005
:1099C00061006100610039016100520139016100EB
:1099D0001C016100610061006100610061006100C3
:1099E000610061006100420142016100160116013F
:1099F0001601160161004D0161006100F500F500DE
:109A0000610061006100610061006100610061004E
:109A100061006100610061006100F500F500F50082
:109A2000F500F500F5007201610061001C0140F2D3
:109A30008A22934200F06C8121D8B3F5F27F00F0C6
:109A400070810ED840F2E112934200F0C380B3F56A
:109A5000F17F11D1BC4BD3F83C01003818BF012075
:109A600008BD40F20722934240F02081B64B93F9A3
:109A7000D431002BC0F21381002008BD7047B3F52C
:109A80003A7F80F0398140F2E522934200F255811D
:109A900040F29F22934200F0928040F2A122934232
:109AA000EAD1A94B93F8E601003818BF012008BDA0
:109AB000A3F5AA73372BDFD801A252F823F000BF19
:109AC000479C0010AD9B0010AD9B0010AD9B00109B
:109AD000AD9B0010AD9B0010AD9B00100F9C0010C3
:109AE0000F9C00100F9C0010799A0010799A0010BA
:109AF000799A0010799A0010799A0010799A0010DA
:109B0000799A0010799A0010799A0010799A0010C9
:109B1000799A0010799A0010799A0010799A0010B9
:109B2000799A0010799A0010799A0010799A0010A9
:109B3000799A0010799A0010799A0010799A001099
:109B4000799A0010799A0010799A0010799A001089
:109B5000799A0010799A0010799A0010799A001079
:109B6000799A0010799A0010799A0010799A001069
:109B7000799A0010799A0010799A0010799A001059
:109B8000799A0010799A0010799A0010799A001049
:109B9000D39C0010C39C0010B79C00109F9C001029
:109BA000694B93F8DC01C0F3C00008BD664B93F825
:109BB000D601C0F3400080F00100C0B208BD624B86
:109BC000586E00283FF44CAF93F8E401003818BFFA
:109BD000012008BD5C4BD3F8B001003818BF01204C
:109BE00008BD594B93F8D601C0F3001008BD564B81
:109BF000D3F81001003818BF012008BDB42B00F0C5
:109C00009680BE2B00F09380AA2B7FF435AF4E4B8D
:109C1000D3F8A030002B3FF42FAF01209847C0B2FB
:109C2000003818BF012008BD474BB3F8DC0120F411
:109C30008040003818BF012008BD002009F09EFFB9
:109C400000F0010008BD012009F098FF430724D46B
:109C50003D4B93F8D401C00908BD002009F08EFFE8
:109C6000C0F3002008BD384BD3F8A030002B3FF4E0
:109C700003AF00209847C0B2003818BF012008BDCC
:109C8000314B93F8D60110F010003FF4E9AE0020FC
:109C900009F074FFC0F3C00008BD012008BD0AF040
:109CA00091F8012894BF0020012008BD40F21B223A
:109CB00093427FF4E1AE0AF085F8003818BF012026
:109CC00008BD214B93F8DC0110F008007FF4EAAEE8
:109CD00008BD1D4B93F8DC311A077FF5CDAE0AF0B5
:109CE00071F800283FF4C8AE012009F047FF80F06A
:109CF0000400C0F3800008BDA3F53A73012B3FF6C2
:109D0000BBAE114B93F8E901003818BF012008BD24
:109D10000D4B93F8D50100F00600003818BF012064
:109D200008BD094B93F8DC01C0F3801008BD074B58
:109D300093F88301C0F3400008BD034B93F8E7019B
:109D4000003818BF012008BD48260020904B002095
:109D5000412844D8052840D9831F3B2B3DD8DFE854
:109D600013F0F5003C00F100E500E1003C003C0090
:109D7000DB00D1003C00CD00C9003C00B900B200BE
:109D8000A30098003C003C003C003C003C003C0030
:109D90003C003C003C0095003C003C003C003C008A
:109DA00091003C008B00360148013C003C007D00E6
:109DB0007D007D007D007D007D003C003C003C007E
:109DC0003C003C003C003C003C003C003C004201AC
:109DD0003C003C012D0127010F010020704740F29B
:109DE000E113984200F0318100B5B0F5F17F83B006
:109DF0001DD2B0F5C07F00F02B8100F2FE8040F252
:109E0000551398422FD0B0F5AD7F40F02781964B87
:109E100093F8120193F811314008C3F3801383F0D3
:109E2000010300F00600184303B05DF804FB40F2A4
:109E30000723984200F0FF80B0F5027F80F0EB80AE
:109E4000B0F5F27F12D040F2E513984240F006815F
:109E5000854B93F81201C0F30010E5E7824B0344F1
:109E600093F85A017047804B187FDDE77E4B93F9DA
:109E70001101C043C00FD7E77B4B93F81001C0F32B
:109E800080107047784B93F8FC007047764B187E33
:109E90007047754A92F81A31B2F88201C3F3C003D1
:109EA00063F3041080B270476F4B93F81A3113F0CC
:109EB00001001ED0980800F0040003F002031843CC
:109EC00040F001007047684B93F81D01003818BF3F
:109ED00001207047654A644B92F8D72193F814012A
:109EE000D207C0F3400004D593F91431002BC0F21F
:109EF000B78070475C4BB3F8920070475A4B93F8A9
:109F0000A8007047584A594BB2F89000B3F8DC31BA
:109F1000184020F480607047534B93F8100100F014
:109F200001007047504BB3F80C0170474E4B93F84B
:109F3000A93059073FF551AF580000F0060040F036
:109F400001007047484B93F8FA007047474B464969
:109F500093F8D7C191F814211CF0010F02F0010011
:109F600003D0520648BF40F0020093F9D631002BCF
:109F7000BFDA91F815315907BBD540F0040070479E
:109F8000394B93F8142193F81531C2F3401003F0C4
:109F90000101800040EA4100C2F300121043C3F304
:109FA000400240EAC200C3F3C00340EA0310704716
:109FB0002D4B93F81001C0F3401070472A4B93F8D3
:109FC0001001C309C0F3001040EA43007047264B5C
:109FD00093F81A01C0F380007047234B93F81001E7
:109FE000C0F3C0007047204B93F81001C0F340004D
:109FF00070471D4B93F82001704740F28B13984235
:10A000002CD1194B0DF1070193F89C0009F020FEAB
:10A010009DF9070008E7B0F5297F1FD1124B93F88F
:10A02000120193F98231C04300F00200002BA8BF57
:10A0300040F00100F8E60C4B0DF1070193F89D008C
:10A0400009F006FE9DF90700EEE6074B988A704777
:10A05000054B93F81101C0F34000E5E60020E3E66C
:10A0600040F00200704700BF904B002048260020BF
:10A070000022044B0120C3E90022C3E902221A6135
:10A08000704700BF8454002010B52DED028B0023D3
:10A090000446406982B008EE101A019370B36A4614
:10A0A00001A906F0F9FA20B3DDED007AF4EEC87AE2
:10A0B000F1EE10FA08D994F82C309B0725D5B5EEAF
:10A0C000408AF1EE10FA20D1A06968B100236A46F7
:10A0D00001A9019306F0E0FA58B1DDED007AF4EE43
:10A0E000C87AF1EE10FA10D4002002B0BDEC028B59
:10A0F00010BD022002B0BDEC028B10BDB5EEC08ACF
:10A10000F1EE10FAE0D50420F4E7342002B0BDEC03
:10A11000028B10BD08B51349134B0A6818689042AA
:10A120000FD007C983E8070050221049104815F0E6
:10A130000FFF20B150220D490D4816F0ABFC012055
:10A1400008BD58684A689042EBD198688A68904286
:10A15000E7D1502206480C3115F0FAFE0028EFD066
:10A16000E8E700BF2C4C00201C4E0020384C00209B
:10A17000C84D002070B5044630B10F4B1B68CBB101
:10A180002046BDE8704018470C4DFFF743FB6B7A43
:10A190001B07F2D507F048FE0028EED06B7A0B20A3
:10A1A00064F3C3036B7202F067FB054B0D20DB68A1
:10A1B0009847E2E770BD00BFD43B0020E8280020AC
:10A1C00028250020F8B5A0F165035C2B2DED028B4E
:10A1D00008EE101A40F28C806FF4487283185C2BE2
:10A1E00003D8BDEC028B3520F8BDA0F1C9035C2B70
:10A1F000F7D96FF4C873C318302BF2D96FF4167CFB
:10A2000000EB0C03262BECD96FF4F577C319082B60
:10A21000E7D96FF4FA768319082BE2D9A0F24F231D
:10A22000082BDED9A0F2EF23082BDAD96FF43E75A4
:10A230004319082BD5D96FF402740319062BD0D912
:10A240008228CED8642808BF0024CAD18A4D66016E
:10A2500005EB4413D3ED0C7AF5EEC07AF1EE10FA6B
:10A2600042DDF4EE487AF1EE10FA3DD0834F04F16E
:10A27000220107EB810188EE276AD1ED017A04F112
:10A280000A0207EB8202F8EEE76AD2ED017A04F1E6
:10A290001C0307EB8303B8EEE77AD3ED017AF8EEFF
:10A2A000E77A04F1120007EB8000D0ED015A66EE68
:10A2B000866A27EE067A67EE867A65EE865AFDEEA6
:10A2C000E66ABDEEC77AFDEEE77AC0ED015AC1ED50
:10A2D000016A82ED017AC3ED017AFCF7C7FC684898
:10A2E00007F18C0102F068FA2E4486ED0C8A62E0D8
:10A2F000644BA3FB0023DB0803EB83035B009BB2EF
:10A30000C41A022C3FF66DAF822B47D8632B3FF463
:10A3100068AF643B1E2B3FF664AF01A252F823F0F6
:10A320004DA20010E3A10010E3A10010E3A1001072
:10A33000E3A10010E3A10010E3A10010E3A10010CD
:10A34000E3A10010E3A1001009A40010E3A1001094
:10A35000E3A10010E3A10010E3A10010E3A10010AD
:10A36000E3A10010E3A10010E3A10010E3A100109D
:10A37000E7A30010E3A10010E3A10010E3A1001087
:10A38000E3A10010E3A10010E3A10010E3A100107D
:10A39000E3A10010E3A10010BFA30010B42B38D03C
:10A3A000BE2B41D1344B93F8832192077FF519AF2F
:10A3B00003EB441359640020BDEC028BF8BD2E4D15
:10A3C000B1EE488A05EB4413D3ED0F7AF4EE487AE8
:10A3D000F1EE10FA4FEA44163CD1354485ED0F8A70
:10A3E000FEF776FFE7E7DFED287A28EE278A28EEEA
:10A3F000278A264A204B02EB840203EB441382EDAA
:10A40000018A83ED0E8AD6E71B4B03EB4413596395
:10A41000D1E7194B93F8832191077FF5E2AE03EB67
:10A42000441383ED128AC6E7AA2B7FF4DAAE184BE9
:10A43000D3F8A030002B3FF4D4AE01209847C0B22F
:10A44000E040C0077FF5CDAE0B4B03EB441383ED2B
:10A45000108AB0E70121094BA1405A7A042042F04A
:10A4600008025A7293F8482022EA010283F8482031
:10A4700002F04AFAB1E700BF904B0020E828002024
:10A48000F8340020CDCCCCCC00007042F83B00204A
:10A4900048260020114B1A78BAB9114A114992F88E
:10A4A000113191F87C0123F03C0382F8113158B14D
:10A4B000012310B4D1F898414FF4D272A446184643
:10A4C00007495DF8044B60477047054AD8689968AA
:10A4D0005B68906791659363E0E700BFF83B0020FD
:10A4E000904B0020482600200120704700B5074B04
:10A4F00085B001A8C3F8701103910291019107F092
:10A5000085FB002005B05DF804FB00BF904B0020E8
:10A51000A0F164035D2B29D9A0F548735D2B23D9E5
:10A52000B0F5AA7F00F0138140F2898040F21B232E
:10A53000984200F01081B0F5077F80F0F580B0F50B
:10A54000AB7F00F0E080B0F5C57F0DD1894B9FED6A
:10A550008A7AB3F8A03007EE903AF8EE677AC7EE41
:10A56000877A17EE900A704700207047A0F16503C4
:10A570005C2B5ED8814BA3FB0023DB0803EB83033A
:10A580005B009BB2C01A0228EED8822B46D8632B00
:10A59000EAD0643B1E2BE7D801A252F823F000BF9B
:10A5A00035A6001069A5001069A5001069A5001066
:10A5B00069A5001069A5001069A5001069A5001023
:10A5C00069A5001069A50010DBA6001069A50010A0
:10A5D00069A5001069A5001069A5001069A5001003
:10A5E00069A5001069A5001069A5001069A50010F3
:10A5F000E5A6001069A5001069A5001069A5001066
:10A6000069A5001069A5001069A5001069A50010D2
:10A6100069A5001069A50010C7A60010B42B6DD065
:10A62000BE2B4BD0AA2B9FD1524B03EB4013186C7F
:10A63000704700204F4B03EB4013186B70471B28EB
:10A6400092D81B2890D801A353F820F021A700101E
:10A6500069A5001069A5001069A5001069A5001082
:10A6600069A5001069A5001069A5001069A5001072
:10A6700069A5001069A5001069A5001069A5001062
:10A6800069A5001069A5001069A5001069A5001052
:10A6900069A5001069A5001069A5001069A5001042
:10A6A00069A5001069A5001069A500101BA700107E
:10A6B00015A7001069A500100DA700102D4B03EB86
:10A6C0004013586C70472B4B03EB4013D3ED0F7ABC
:10A6D000F1EE677A17EE900A7047264B03EB4013B2
:10A6E000586B7047234B9FED267A03EB4013D3ED55
:10A6F0000E7AC7EE877A17EE900A70471D4B03EB70
:10A700004013986C70471B4BD86A7047194BD3F8AD
:10A7100070017047174B586C7047164B986C704718
:10A72000144BD3F80001704740F2A12398427FF404
:10A730001BAF104B9FED107AB3F8983007EE903AAC
:10A74000F8EE677AC7EE877A17EE900A7047094BE2
:10A75000D3F8C4007047074B9FED077AB3F8A230D7
:10A7600007EE903AF8EE677AC7EE877A17EE900A0E
:10A77000704700BF904B002000007A44CDCCCCCC79
:10A780000000614538B5254C11F00105B4F882018F
:10A79000A4F882112AD094F8823194F81A111A463A
:10A7A000C3F3001363F3C30122F0100284F81A11FB
:10A7B00094F88311D50701F0010384F8822106D5AE
:10A7C00040F201221040012801D08A071CD5002048
:10A7D000134994F88321496E81420CBF002303F092
:10A7E000010363F3000284F8832138BD84F81D510E
:10A7F000FEF76EFD94F81A212B4665F38202A4F849
:10A80000825184F81A21E2E7A16C626CC4F88810C6
:10A81000A166C4F884206266D9E700BF904B00208F
:10A820004826002069B31C4991F88231DB0730D5F6
:10A8300000B54FF0000C4FF0070E0A4603231748EF
:10A8400081F81DE180F899C0D2ED1F7AF5EEC07A4B
:10A85000F1EE10FA03F1FF33A2F1200204D4002B31
:10A86000F2D100205DF804FB4FF0010C90F8991034
:10A870000CFA03FC41EA0C0180F89910002BE3D19B
:10A88000EFE7054A054B002082F81D1183F8991067
:10A8900070470A20704700BF904B0020E828002036
:10A8A00070B5044600B3037F072B1DD801209840E4
:10A8B00010F0AA0F0DD110F0550016D0237B0B2BF2
:10A8C00012D8DFE803F03E3E3E3E3E4A503A353A6B
:10A8D0003E442288237B1144063B88B2032B5CD87C
:10A8E000DFE803F00D090409002070BD2E4B93F83A
:10A8F000B630DB0723D4636ABDE870401847636A4B
:10A90000984724690546002C43D02E21204615F097
:10A91000CFFB064600283CD0204616F031F921181E
:10A92000891B0139C9B22846BDE8704005F0B4BDA5
:10A930001D4B93F8B630DA0701D4206A70BD1B486E
:10A9400070BD236ABDE87040187805F081BD236AA8
:10A95000BDE87040188805F07BBD236ABDE87040F3
:10A96000186805F075BD236A24691E689CB12E2104
:10A97000204615F09DFB054668B1204616F000F90B
:10A980002118491B0139C9B23046BDE8704005F0B5
:10A9900083BD0121C7E70121F6E7636A9847BDE857
:10A9A000704005F055BD00BF48260020E80F02109A
:10A9B0000346C8B1027F072A16D80120904010F044
:10A9C000AA0F0DD110F055000FD01A7B0B2A0BD80F
:10A9D000DFE802F00C0C0C0C0C170A0A0A0A0C1423
:10A9E0001A7B063A032A04D8002070471B6A18789D
:10A9F00070471A885B6A114488B218471B6A188826
:10AA000070471B6A1868704710B1037B062B01D092
:10AA10000A487047027F072AFAD80123934013F0AF
:10AA2000AA0F05D113F0550FF2D0036A18687047CA
:10AA30000288436A114488B2184700BF0000C07FF3
:10AA4000004870474017002010B4094C94F87C313E
:10AA500053B1D4F898410146A4460123462240F25E
:10AA6000B7305DF8044B60475DF8044B704700BF9A
:10AA70004826002010B40A4C94F87C3163B1D4F815
:10AA8000984100EBC000C000A446012346225DF8B7
:10AA9000044B00F2263060475DF8044B704700BF5E
:10AAA00048260020F8B5124E044696F87C310D4633
:10AAB00063B100EBC001C900012346222846D6F845
:10AAC0009C7101F22631B84700B1F8BD00232B700C
:10AAD00096F87C3153B104EBC404E0000123462214
:10AAE0002946D6F8984100F22630A0470020F8BD4C
:10AAF000482600200C4B70B59B6C04460D4603B1F4
:10AB000098470A4E96F87C316BB1C4EBC4046000E0
:10AB1000D6F898412946A446BDE8704001230C228E
:10AB200000F50070604770BD2825002048260020F1
:10AB300070B50E4A064692F87C310D4663B1C0EB03
:10AB4000C0014900D2F89C4101230C22284601F59E
:10AB50000071A04700B170BD0024304629462C602A
:10AB60006C60AC60FFF7C6FF204670BD4826002031
:10AB700010B5114C94F87C312BB10020D4F89031F1
:10AB80009847172803D0FEF745FE002010BD01238B
:10AB90004FF4D2721946D4F89C410848A0470028C7
:10ABA000F1D0FEF737FE054B1878A0F11700B0FA88
:10ABB00080F0400910BD00BF48260020904B0020C7
:10ABC0002DE9F04705464FF0000896B0624C45224B
:10ABD000FF210DF1110015F0E9F9EDB21721404602
:10ABE000D4F894318DF81080984715F0010A05F0DB
:10ABF000010640F08580A80758D46A0715D594F857
:10AC00007C3193B10123462240F22630D4F898716A
:10AC100004A9B84794F87C313BB10123462240F2A5
:10AC20006E30D4F8987104A9B8472B0715D594F85D
:10AC30007C3193B10123462240F2B730D4F89871A9
:10AC400004A9B84794F87C313BB10123462240F275
:10AC5000B7304249D4F89871B847BAF1000F06D01E
:10AC6000D4F808311BB14FF0FF313D4898473D4BB8
:10AC70009C69B4B105F010050BE046B1A36A03B1BD
:10AC80009847E3691BB12178354849429847A46940
:10AC90003CB12378002BF0D1002DEFD1A469002C1A
:10ACA000F7D109F0EDFE16B0BDE8F08700236FF094
:10ACB0000508CDE90133DFF8A89003930AE099F87D
:10ACC000183123FA08F3D90702D401A9FFF712FFBC
:10ACD00008F1010808F10600B8F1020FC0B2EED980
:10ACE00008F1060001A9C0B208F10108FFF702FF50
:10ACF000B8F1040FEED10B2001A9FFF7FBFE7CE7B2
:10AD0000DFF85C9018494FF4D272484615F0C2FE45
:10AD10004FF480634046A9F8903008F02FFF0246B8
:10AD200099F8A83040461A40C2F3400262F341034A
:10AD300089F8A83008F022FF99F8A830C0F3001075
:10AD40001A46C3F38003034063F3820289F8A82004
:10AD5000FFF7A0FB4FE700BF482600201049021074
:10AD6000904B002040170020048A021010B5094CB7
:10AD700094F87C3143B10123462240F2B731D4F834
:10AD80009C41A04700B110BD4FF00800FFF718FF2D
:10AD9000002010BD4826002070B505463E4E717853
:10ADA00069B10024736801EB410103EB81015A781A
:10ADB000AA4208BF1C460C339942F8D124B9B6699F
:10ADC000002EECD1002070BDA36823B12046984727
:10ADD00008B1012070BD6378023B0C2B1CD801A286
:10ADE00052F823F0D3AD0010D3AD00105BAE0010CD
:10ADF00019AE0010D3AD001073AE00107FAE00107E
:10AE000019AE001019AE0010D3AD00108BAE0010BB
:10AE100019AE0010D3AD00101F4E02E0B669002E2F
:10AE2000D0D0F0680028F9D03289002AF6D000246A
:10AE300003E00134A242F1D9F06804EB440300EBD3
:10AE400003108378AB42F4D1836A002BC1D0002178
:10AE500098470028BDD13289EBE7104BD3F8A030DA
:10AE6000002BAFD001209847C0B2003818BF012096
:10AE700070BD0A4B93F8D50100F0010070BD074B7F
:10AE800093F8D501C0F3801070BD044BD3F81001C6
:10AE9000003818BF012070BD401700204826002050
:10AEA0008078FFF779BF00BFA0F12C03012B98BF7A
:10AEB0002B207047A0F165035C2B2DE9F0478246FB
:10AEC0008846074604D96FF4487683195C2B55D819
:10AED0005B4BA3FB0AA3DB0803EB83035B001FFAB6
:10AEE00083FADFF86891A7EB0A07B9F80810002485
:10AEF00019B917E00134A14214D9D9F80C5004EB68
:10AF000044031E01AA5B05EB03155245F2D1AB6A5F
:10AF1000A3B139462846984768B9B9F808100134F2
:10AF2000A142EAD8D9F81890B9F1000FDDD1002577
:10AF30002846BDE8F087D9F80C008519AB782B2B93
:10AF40000BD017B1D9F82C3073B3B8F1000FEFD094
:10AF50002846C8F80090BDE8F0873A4BD3F8B830DF
:10AF6000002BEED0394628889847014610B1A868D2
:10AF700015F02EFDD9F80C008519E2E7A0F1C90300
:10AF80005C2BA5D96FF4C8754319302B1FD82C4BF7
:10AF9000A3FB0023DB0803EB8303A0EB430303F5D0
:10AFA000C8731FFA83FA9CE7AB781D2B09D00323E3
:10AFB000BB42BCD9D9F80C008519B8F1000FC7D134
:10AFC000B6E7214BD3F8C03198470346F0E76FF45A
:10AFD00016740319262B25D96FF4F5700AEB0003BC
:10AFE000082B7FF675AF6FF4FA710AEB0103082B9B
:10AFF0007FF66EAFAAF24F23082B7FF669AFAAF255
:10B00000EF23082B7FF664AF6FF43E720AEB020366
:10B01000082B7FF65DAF6FF402735344062B7FF667
:10B0200057AF5EE7064AA2FB003222F0030303EBB0
:10B030009203C31A03F516731FFA83FA51E700BF90
:10B04000CDCCCCCC2825002048260020401700205D
:10B050002DE9F043837804462B2B0E46904683B0AF
:10B0600017D090F82C1011F0780104D1334603B0BA
:10B07000BDE8F0431847008801A9FFF71BFF019BBB
:10B08000DF6A27B3424631463B4603B0BDE8F04392
:10B09000184700252F46DFF84090A36A1BB12946C8
:10B0A0002046984780B1D9F8B8303BB1294620886E
:10B0B0009847014610B1A06815F08AFC424629461F
:10B0C0002046B047074610B10135032DE5D138467B
:10B0D00003B0BDE8F08300BF2825002038B5194B28
:10B0E00004465B6F13B1984700B138BD002120467C
:10B0F000FFF7E0FE05460028F7D0134C01E0A469F5
:10B10000F4B161690029FAD0238AB5F800C001F1D1
:10B11000040E013B31F83320624506D0002BEED0FF
:10B12000013B31F833206245F8D15EF8330013B1AA
:10B130000028EED038BD0028D7D1A469002CE0D17A
:10B14000204638BD2825002040170020A0F10A0322
:10B15000022B38BF05207047007B013802288CBFC6
:10B1600000200120704700BF007B052805D00A3869
:10B1700001288CBF0020012070470120704700BFCC
:10B180002DE9F0410E4600218046FFF793FE00288E
:10B1900057D00569002D4DD02B78002B4AD028467A
:10B1A000012701E0013701302C2114F081FF002834
:10B1B000F8D1002F3ED0044604E00134BC424FEAEF
:10B1C000560637D016F00101F7D14046FFF772FE60
:10B1D0000028F2D0037B013B022BEED8026944B178
:10B1E000214612F8013B002BE7D02C2BF9D1013975
:10B1F000F7D1114642F64E7321F8033B4123937079
:10B20000D2780B461AB90CE013F8012F4AB12C2A58
:10B21000FAD11A782AB101F8012B13F8012F002A6C
:10B22000F9D100230B70C8E70422074914F0D2FFBC
:10B2300038B920702C21284615F038F8044600282B
:10B24000F2D1BDE8F08100BFF40F021070B5037BAE
:10B250000446154684B00B2B41D8DFE803F0060600
:10B26000060606062B311A400606002328466946C4
:10B2700001AA009305F0B8F9054688BB237B0B2B88
:10B280002ED8DFE803F08253536E69302D2D2D2D1B
:10B290003030284615F074FC464B064693F8B6301D
:10B2A000DB0701D5082876D007EE906AF8EEE77A3A
:10B2B00017EE901A204604B0BDE87040FEF7E4BED9
:10B2C000284615F05DFC07EE900AF8EEE77A204676
:10B2D00017EE901A04B0BDE87040FEF7D5BE002509
:10B2E000284604B070BD00236069019E039368B1D5
:10B2F00002AA03A905F078F9002856D1029B9E42C4
:10B3000004D294F82C309A070ED56EB9A0690028A3
:10B31000E6D0002302AA03A9039305F065F90028EB
:10B3200045D1029B9E42DBD93425D9E7206900280C
:10B3300039D00378002B36D0012401E001340130EC
:10B340002C2114F0B5FE0028F8D10123A340019A66
:10B350009A4228BF3425C3E7019B082B28BF342518
:10B36000BEE720690028DFD00378002BDCD0012461
:10B3700001E0013401302C2114F09AFE0028F8D1AC
:10B38000019BA34228BF3425AAE7019A012A94BF52
:10B390001D463425A4E72946074815F03BFA002846
:10B3A00082D103259CE70123D1E7054698E70225D2
:10B3B00096E700BF48260020E80F02100023F0B5F2
:10B3C000594A85B00C4603A907460093019302929F
:10B3D000FFF770FD002845D023780546202B03D1C8
:10B3E00014F8013F202BFBD02B7B062B65D0073BAD
:10B3F000022B2BD8224628460299FFF727FF064644
:10B4000008BB2A7F072A3DD80123934013F0AA0FD7
:10B410000DD113F0550F35D02B7B0B2B20D8DFE847
:10B4200003F06161616174702E67671F616C2B7B33
:10B430002A6A062B4DD0073B022B46D821463846B8
:10B440009047F8B10646304605B0F0BD6946204643
:10B4500001AA05F0C9F80028CCD02B7F012BC9D94F
:10B460000226F0E7072F06D12378304A202B0392DB
:10B4700051D12F4DB4E73526304605B0F0BD029AC4
:10B480002B6A1A6007F072FD039C236A03B1984788
:10B49000264B9C4221D0E369002BD4D0FEF73AFE24
:10B4A0004FF00005234B08B3002760F30005294641
:10B4B000E26921481F709047C5E76946204602AA05
:10B4C00005F0EAF8002895D1C7E73846019990477A
:10B4D000B7E7384602999047B3E7184BD3F80831DD
:10B4E000E361D8E72B6A019A1A70CBE71878DBE79B
:10B4F0002146286A15F06CFAC4E72B6A019A1A8073
:10B50000C0E7019A2B6A1A60BCE7019B2A6A03F024
:10B5100007031370B6E72046694601AA05F064F8F0
:10B5200000289DD1024D65E70000C07F4017002034
:10B53000E07702101A590020904B00204826002086
:10B5400070B504460D4815F01BFB0546204615F066
:10B5500017FB2B180133632B94BF0126002606D856
:10B56000064B1B782BB92146044814F06DFD30467C
:10B5700070BD034B014A1B885353F4E7284E00204B
:10B580002C4C02100022024B02499A610B6070475A
:10B59000401700203C1700202DE9F0438E4F4FF05C
:10B5A0000006BB6985B043B98C4B8D4AC7E90733A8
:10B5B0008C4B8D49C7E90A2379628C4D0121E869DA
:10B5C00004F06AFF01468A4815F002FAFFF7D0FA44
:10B5D000002840F0D28095F87C31002B40F0C980E3
:10B5E0004FF01F00FFF7ECFA02F080FB0021012072
:10B5F00002F01AFCFEF78EFD60F30006DFF8F8811A
:10B6000007F0B4FCFDF764FE98F81A31D8F8702101
:10B6100013F0010318BF0723764901A881F8983079
:10B6200003920292019206F0F1FA08F0CBFB002897
:10B6300000F0C780002008F0A1FAC20500F1B28036
:10B64000B5F8DC110E2021F48061FFF799FDD5F8E3
:10B65000A03033B10020984701460820C9B2FFF757
:10B660008FFD0F2095F8E611FFF78AFD6B6E002B1A
:10B6700000F0AC80DFF89C91D9F8184054B1636AAF
:10B6800003B19847E36913B131465B489847A46911
:10B69000002CF4D195F8D64195F8D731E40903F0A0
:10B6A0000103A40044EA430444F0010421460620B7
:10B6B000FFF766FD21461320FFF762FDD5F8143130
:10B6C000002B00F0818095F8D61195F8D731C90983
:10B6D000090103F0010341EAC30141F003014120E4
:10B6E000FFF74EFD98F81231DB0734D4D8F800305C
:10B6F000424A23F0FF0191422DD0414AB2EB132F71
:10B7000020D3D8ED4F7ADFED3F6A98ED296A98EDA6
:10B71000317A67EEA67AB4EE476AFCEEE77AF1EE8C
:10B7200010FA17EE903AA8F8983014BF01230023BE
:10B7300063F3000606D088ED297A3146D5F8083142
:10B740002D489847D8F800302F4A62F31F23C8F8D5
:10B750000030FEF79FFED7F8E8202C4BD5F80811F3
:10B760001A602B4BC9F81C10C7F8E83005B0BDE8CB
:10B77000F083BB680720984732E702F0B7FAFEF77C
:10B78000C9FC024662F30006D5F8083131461A4872
:10B790009847D5F80C31002B3FF430AF0021084614
:10B7A00098472BE7C0F340014900C0F3001041EA7D
:10B7B000800101F00601102041F00101FFF7E0FCDB
:10B7C0003EE708F073FA35E7032188E74FF6FF619B
:10B7D0001620FFF7D5FC4DE728250020C596001060
:10B7E000D196001071A00010E9A400104826002096
:10B7F00020510020E8280020904B002000878D4D2C
:10B80000F6D0030000007A44878D4D00D43B002021
:10B8100075A100104017002038B50E4C94F8DD31AA
:10B820001B0701D5032038BD0B490C480B7AC568AE
:10B83000DA43C2F3C01262F3C71313F0800F0CBFD8
:10B84000052004200B72A84794F8DD0110F00800D1
:10B85000E8D138BD48260020E8280020282500200F
:10B8600038B50F4C94F8DC31DB0601D5032038BD28
:10B870000C490D480B7AC5681A46C3F3001383F0D0
:10B88000010363F3041212F0100F0CBF0520042013
:10B890000A72A84794F8DC0110F01000E6D138BD18
:10B8A00048260020E82800202825002038B50F4C25
:10B8B00094F8DC319B0601D5032038BD0C490D48B6
:10B8C0000B7AC5681A46C3F3801383F0010363F350
:10B8D000861212F0100F0CBF052004200A72A84730
:10B8E00094F8DC0110F02000E6D138BD4826002095
:10B8F000E828002028250020034A044BD2F8B00095
:10B90000002818BF1846704748260020443F021000
:10B91000034A044BD2F8A801002818BF1846704704
:10B9200048260020643F02100020704703784F2B08
:10B9300015D0532B0AD0422B1AD10E4B0E4893F838
:10B94000DC3113F0100F18BF00207047094B0B4873
:10B9500093F8DD3113F0080F18BF00207047054B36
:10B96000074893F8DC3113F0200F18BF0020704710
:10B9700000207047482600207C3F0210BC3F021088
:10B98000983F021010B50F4C0F48D4F8C0309847BC
:10B99000D4F8C0300D489847FFF752F883691BB1BF
:10B9A000D4F8C0300A4898470A4AD4F8C03092699F
:10B9B0001AB109489847002010BD08489847002050
:10B9C00010BD00BF48260020DC3F021004400210DA
:10B9D0002C40021028250020644002108C400210E8
:10B9E0004FF0FF3010B5F5F7F7FBC3681B6C33B1B0
:10B9F00004469847E36800201B6C03B110BD032088
:10BA000010BD00BF08B50C4B1A6893F81211FF2A3D
:10BA10008CBF002009481A6860F31F22FF2A8CBFE0
:10BA20000020012060F300011A6083F81211FEF774
:10BA300031FD002008BD00BF904B0020878D4D00D8
:10BA400010B50D4C94F8D7319B070DD571B1D4F8D2
:10BA50003C313BB1084604F017FF58B1D4F83C31F3
:10BA6000984708B1002010BD032010BDBDE810406C
:10BA700004F0DABB022010BD4826002004F0D2BB3F
:10BA800004F088BB012004F0C9B800BF002004F016
:10BA9000C5B800BF012004F01FB900BF002004F0AA
:10BAA0001BB900BF0021012004F074B908B50020C3
:10BAB00004F0B4F8002004F00FF90021012004F094
:10BAC00069F9BDE80840002240F27E31104604F0DA
:10BAD00019B800BF002240F27E31032004F012B8F2
:10BAE000002240F27E31022004F00CB8002240F225
:10BAF0007E31104604F006B8034630B508461446B9
:10BB000095B01BB140F2031213421ED008B30022BD
:10BB10000DF107018DF80720F5F7F4FB9DF80730CC
:10BB200005465BB915F02CF844280AD82B78A3B940
:10BB30002946E0B2FEF79EFF9DF80730184615B083
:10BB400030BD0B23184615B030BD0823184615B07C
:10BB500030BD0323184615B030BD2946421C02A84B
:10BB600014F098FF0A4902A814F0B6FB03E0084954
:10BB700014F0B2FB38B1F5F787FC03468DF80700E7
:10BB80000028F4D0DAE79DF80730002BD6D1CFE7B4
:10BB9000A84002100122FFF7AFBF00BF0022FFF74D
:10BBA000ABBF00BF18B140F20313184224D000B558
:10BBB00093B069460020FEF775FFC0B90F4B072010
:10BBC0009B68984769460120FEF76CFF38B90B4B1C
:10BBD00007209B689847002013B05DF804FB694676
:10BBE000012002F015FE002013B05DF804FB694649
:10BBF000002002F00DFEE5E7082070472825002010
:10BC000008B518B140F2011318420BD00B78233B52
:10BC1000072B05D8DFE803F0081404170404041AFE
:10BC2000032008BD082008BD4FF00200FEF7C8FF42
:10BC3000094B0920DB689847FAF7B6FA002008BDDF
:10BC40004FF00100F2E74FF01000EFE7034B1B78D5
:10BC50001846002BF2D0E9E728250020A88B021017
:10BC600000B593B06846FFF781F86846012102F0FD
:10BC70000DFE002013B05DF804FB00BF10B50C46AC
:10BC800092B018B140F2831318420ED084B120460E
:10BC900014F076FF442805D82046FEF7D5FE002094
:10BCA00012B010BD032012B010BD082012B010BD9C
:10BCB0006846FFF75BF82146684602F0E7FDEEE7CD
:10BCC0000AF02ABE012004F0EFBA00BF002004F001
:10BCD000EBBA00BF084604F0DBB800BF022808B585
:10BCE0000BD040B9022006F09FFB074B0420DB6815
:10BCF0009847002008BD082008BDFAF755FA024B06
:10BD00000520DB689847F4E72825002008B5094B93
:10BD100093F810311B070BD5012807D8064B4FF4B9
:10BD200000711B6C05489847002008BD082008BD1D
:10BD3000032008BD904B0020482600202429002025
:10BD400010B5074C94F8D7319B0707D5D4F8C0300D
:10BD5000044898470448D4F8C0309847002010BDE4
:10BD600048260020AC400210CC40021010B50A4C0E
:10BD700094F88231DA0706D5084B0948D3F8C03069
:10BD8000984794F882319B0704D5044B0548D3F8B3
:10BD9000C0309847002010BD904B0020482600205E
:10BDA000FC4002101C41021010B110F4087F08D0B2
:10BDB00029B13D23C81E01F8013CF5F765BB0320FE
:10BDC00070470820704700BF38B504460020F5F7DB
:10BDD00003FA6378C568522B03D0442B0CD00020A3
:10BDE00038BD2B6C002BFAD0084B0948D3F8C03073
:10BDF00098476378442BF2D1EB6B002BEFD0034BC9
:10BE00000448D3F8C0309847002038BD48260020A9
:10BE1000444102106841021040F2011330B510EAAB
:10BE2000030483B01DD01D4DEB6E98471C4B93F857
:10BE30008030102B18D04206C4B219D423071BD46B
:10BE400014F001041AD1174B93F81A3103F00303CD
:10BE5000032B15D1EB6D984705F05CFBC0B278B1B0
:10BE60002D24204603B030BD3124204603B030BD20
:10BE70003224204603B030BD0D24F2E71224F0E74F
:10BE800005F0D2FF054608B12E24EAE7064B032051
:10BE9000DB689847284606F0C7FAE2E74826002004
:10BEA000E8280020904B00202825002030B50025F0
:10BEB00093B069462846FEF7F5FD48B19DF800307D
:10BEC0005BB96B1C022B4FF00105F2D113B030BDF2
:10BED0000721684602F0BCFCF3E76846094914F004
:10BEE000FBF904462046F5F7CFFA0146204602F05A
:10BEF000AFFC0020034914F0EFF904460028F1D10B
:10BF0000DFE700BFA8400210F8B5C3B2044623B172
:10BF1000354B93F8823199072FD506F07FFA08BB8D
:10BF2000324F334EFB6E984796F88030102B21D05D
:10BF30004206C5B202D532252846F8BDC3051FD436
:10BF4000294A92F88231D80717D5317B03F02203B2
:10BF5000194312D0290716D592F83431DB0712D4D1
:10BF60000D25E9E706F05AFA40F201131842D7D13D
:10BF70000825E1E731252846F8BD05252846F8BD06
:10BF800033252846F8BD15F0010501D01225D3E769
:10BF90002046FAF75BF910BB3378002BCCD106F0C2
:10BFA00043FAFAF795FF134B2846DB689847337B33
:10BFB0001BB196F8482093430AD005F035FF0028BE
:10BFC000BAD00B23012086F8803006F02DFAB3E7B3
:10BFD00097F87C31002BAFD0FFF768FFACE7FF2864
:10BFE00018BF0546A8E700BF904B00204826002058
:10BFF000E8280020282500204FF00000FFF784BF2C
:10C000004FF00100FFF780BF4FF00200FFF77CBF49
:10C010004FF00400FFF778BF49B310B5002482B099
:10C02000084601AA6946009404F036FBE0B1DDED54
:10C03000017AB6EEE77A37EEC77AB5EE407AF1EEDE
:10C0400010FA08D1FDEEE77A17EE901AA1422046C9
:10C0500004DA02B010BD032002B010BD89B202B0F4
:10C06000BDE8104003F078BD022002B010BD0220F0
:10C07000704700BF10B582B0D9B1002408466A46A7
:10C0800001A9019404F008FB28B3DDED007AB6EEB7
:10C09000E77A37EEC77AB5EE407AF1EE10FA1DD1A5
:10C0A000FDEEE77A17EE901A00290CDA002002B0B4
:10C0B00010BD10F0180F03D1012001F0B5FEF5E717
:10C0C000082002B010BD2246012089B202B0BDE8AE
:10C0D000104003F017BD022002B010BD0320E6E7B8
:10C0E00010B50C4682B0F1B10023084601AA69469A
:10C0F000009304F0D1FA80B1DDED017AB6EEE77A73
:10C1000037EEC77AB5EE407AF1EE10FA05D1FDEEC2
:10C11000E77A17EE900A00280ADA204602B0BDE856
:10C12000104001F0F5BF02F029F8204602B010BD22
:10C1300080B202B0BDE8104001F0B2BF08B502F015
:10C140002FF9064A0649536A896E43F00403536285
:10C1500009B104208847002008BD00BFE82800205E
:10C160002825002010B582B0D9B10024084601AAC4
:10C170006946009404F090FA28B3DDED017AB6EE3A
:10C18000E77A37EEC77AB5EE407AF1EE10FA1DD1B4
:10C19000FDEEE77A17EE901A00290CDA002002B0C3
:10C1A00010BD10F0180F03D1012001F03DFEF5E79E
:10C1B000082002B010BD2246012089B202B0BDE8BD
:10C1C000104003F09FBC022002B010BD0320E6E740
:10C1D00030B5134B83B0997901A8F4F705FF114AE4
:10C1E000137A13F002030BD001219DF8060092F898
:10C1F000703002EB8004E56A81400B436567DBB277
:10C200000948516A846E41F4004182F870305162ED
:10C2100014B14FF40040A047002003B030BD00BF70
:10C2200090340020E82800202825002008B50A4B7B
:10C23000DB6E98470949C0F300130A7AC0F3401C2B
:10C240001B0143EA8C13C0F3C02002F02F0243EA23
:10C25000C01313430B7208BD48260020E8280020B5
:10C260002DE9F041044683B2200482B012D4002BA1
:10C2700049D040F241125E4D1342A5F8864011D0DC
:10C2800006F0CCF8B0F5807F3DD002B0BDE8F041BB
:10C29000F9F78ABF574A13401C46002B33D0544D40
:10C2A000A5F886302107E7B235D4C4F30726A404E5
:10C2B000B0462BD416F0400F42D095F83830002B02
:10C2C00059D000214C4B0846D3F80C319847FA0658
:10C2D00006D5F3432A7AC3F3C01363F304122A7218
:10C2E00018F0080F06D0F3432A7AC3F3C01363F3A0
:10C2F000C7122A72BB0606D5F6432B7AC6F3C016C0
:10C3000066F386132B7202B0BDE8F0813A4B04202D
:10C310001B6E9847DBE7384E96F8DC311A07C4D518
:10C32000364B93F88030002BBFD1DFF8DC8098F8D3
:10C330003431DB0748D44021336C31489847B4E7A7
:10C34000380608D417F0020422D02B4B08211B6CAE
:10C350002B489847BBE795F83830012BB7D106F04A
:10C360005DF80828B3D1244B01461B6C244898473C
:10C370000D23EB71ABE706F051F810F0280FA0D0B9
:10C380001D4B10211B6C1E4898470D23EB719EE737
:10C3900079079CD5184B02211B6C19489847194AFC
:10C3A000194BD2F88C10154A93F80C3182F8804062
:10C3B00095F82720C3F3001363F3861285F827202E
:10C3C000002984D0884782E706F028F838B998F821
:10C3D0001830012B7FF469AF07F0EAFE65E706F03D
:10C3E0001DF82028F3D04021336C05489847EEE72C
:10C3F000E82800203088FFFF4826002090340020E5
:10C400002429002028250020904B0020034B93F87E
:10C410007C310BB1FFF74ABD704700BF48260020B2
:10C42000024B1A6818608260704700BFF81900203C
:10C43000002849D02DE9F843037806468846002BAA
:10C4400033D00024214F08E052F80900A8470546E0
:10C4500070B933780134A34227D972684FEA0419BE
:10C4600002EB0413DD68002DF3D01B7A5B07EBD4DD
:10C470002B78242B0DD0D7F8C83024209847726829
:10C48000D7F8C03052F8090098471148D7F8C030A3
:10C4900098472846D7F8C0309847D7F8C0300D489D
:10C4A000984733780134A342D7D8B8F1000F01D1AF
:10C4B000BDE8F883084BB6689E42F9D0002EF7D04D
:10C4C0003278002ABDD1F6E7704700BF4826002029
:10C4D0009041021088400210FC19002010B5074C52
:10C4E00000212046FFF7A4FF054B1868A04204D0A6
:10C4F000BDE810400121FFF79BBF10BDFC190020D3
:10C50000F81900202DE9F04F0446407885B0002846
:10C5100000F0CC80671C3B463A46A0F161013D2803
:10C52000C9B200F0BA80202805D0192998BF00F0C0
:10C530005F0003F8010B12F8010F0028EDD1002570
:10C54000042238466F491D7013F044FE002800F0A5
:10C55000B5803D21384613F0ABFD804608B108F8A0
:10C56000015B694BDFF8A8911D682E78002436B96D
:10C5700025E0B8F1000F16D00134A6421FD96A6831
:10C5800023013846D15802EB041A14F043F900286D
:10C59000F2D199F805209AF8083012B1980740F1C5
:10C5A0008180D907E5D4DAF8046005F037FF414609
:10C5B000B047FF2877D12E780134A642DFD8AD6886
:10C5C000002DD2D1514BD3F89830002B3AD0984758
:10C5D0000446002836D04E4D94F800904FF0000AE3
:10C5E000B9F1000F07D127E0B8F1000F16D00AF11A
:10C5F000010AD14520D962684FEA0A133846D1585A
:10C6000002EB0A1B14F006F90028F0D16A799BF8B6
:10C6100008300AB19A0745D5DB07E5D4DBF804609A
:10C6200005F0FCFE4146B047FF283CD194F800904D
:10C630000AF1010AD145DED8E3681BB198470446E8
:10C640000028C9D1314BD3F894408CB1B8F1000F18
:10C650003AD03D2308F8013C2C4BD3F8944005F028
:10C66000DDFE3946A047002308F8013CFF281AD117
:10C6700005F0D4FE28B105F0D1FE40F203131842B4
:10C6800027D00023384603AA02A9029304F004F835
:10C6900008BB022007E003F8011B12F8011B002968
:10C6A000F9D14CE74F2005B0BDE8F08F174B019052
:10C6B0005B689847019805B0BDE8F08F601D05B034
:10C6C000BDE8F04F03F0E4BB05F0A8FE3946A047F3
:10C6D000CCE70820E7E7039804F058F868B1DDEDEF
:10C6E000037AFCEEE77A17EE903A414698B2B8F139
:10C6F000000F04D0FEF762FED5E70320D3E701F078
:10C700007FFBD0E794410210F81900202825002073
:10C71000E828002010B5144B82B00446997901A88E
:10C72000F4F762FC114BE4B21B7E022B17BF01230E
:10C7300005239DF8062093401C4203D00C4B93F830
:10C7400070200AB902B010BD00200A495A6A896EE9
:10C7500042F400425A6283F870000029F2D04FF48C
:10C760000040884702B010BD90340020904B00205C
:10C77000E82800202825002010B50C4B93F80D3137
:10C78000DB070FD40A4C636C03B19847094AA16ECA
:10C79000536A43F48073536239B1BDE810404FF4DB
:10C7A00080700847FCF780FAECE710BD904B002042
:10C7B00028250020E8280020094A0C3001F10C034C
:10C7C00073ED017AD2ED1C6AF8EEE77A87EEA67A6D
:10C7D0008B4220ED017AA2F12002F1D1704700BF17
:10C7E000904B002000B52DED028B08EE101AB5EE2F
:10C7F000C08AF1EE10FA87B005DC002007B0BDEC6E
:10C80000028B5DF804FB6946FEF792F90028F4D02C
:10C810001749184B06AA03A871ED017AD3ED1C6ADB
:10C82000F8EEE77A87EEA67A22ED017A8242A3F14A
:10C830002003F1D1DDED016ADDED047A9DED037A8F
:10C8400077EEE67ADDED006A67EEA77A37EE667A74
:10C85000E7EE077AB1EEE77AB4EEC78AF1EE10FAA6
:10C86000ACBF0120002007B0BDEC028B5DF804FBDB
:10C8700080290020904B002070B5044605F0CEFDC5
:10C8800004281A4D22D095F88030A34217D0112CDD
:10C8900027D8174BE34013F0010325D00A2C14BF0F
:10C8A00001204FF480706B7185F8804005F0BCFD6D
:10C8B00095F8833023B995F88030102B00D070BDE7
:10C8C0000C4B2046BDE870401B691847EB6B9B067C
:10C8D000D9D4094B214605F140009B6CBDE870405E
:10C8E000184700230120DEE70120DCE7E8280020CC
:10C8F000060402002825002048260020014B586A23
:10C90000704700BFE828002008281CD00FD8B8B115
:10C91000012804D1124B93F9D531002B0FDA114ABB
:10C920001149536A896E0343536241B10847B0F518
:10C93000802FF4D10A4BD3F81431002BEFD170477C
:10C94000084B58627047094B064A93F80C3192F82D
:10C950002510C3F3401363F3000182F82510DFE7CD
:10C9600048260020E828002028250020904B0020A1
:10C97000002310B40449054C0B70237002465DF887
:10C98000044B0348104700BF1E59002023590020C4
:10C9900048470210024B0348D3F8C030184700BF85
:10C9A000482600207447021002680B6810881B8814
:10C9B000C01A704770B506460D460A4C0A48D4F8AE
:10C9C000C03098473046D4F8C03098470648D4F86D
:10C9D000C03098472DB12846D4F8C030BDE870402B
:10C9E000184770BD48260020C447021002680B6833
:10C9F00010781B78C01A704702680B6810781B7893
:10CA0000C01A704702680B6850785B78C01A70478C
:10CA10004B6801334B60704740694B69C01A7047DF
:10CA200007EE900AFCEEE77A17EE900A03F010BDCD
:10CA300007EE900A9FED047A67EE877AFCEEE77ABC
:10CA400017EE900A03F004BD8B42213D70B50C46F1
:10CA5000094DD5F8C0309847092C03D8D5F8C03017
:10CA6000064898472046D5F8C04003F0F1FC23461D
:10CA7000BDE87040184700BF48260020305502101E
:10CA800070B5624C0546D4F8C060002900F0A9805A
:10CA90005F48B04795F90000D4F8C06003F0D8FCB7
:10CAA000B047D4F8C0305B4898472B7AD4F8C060C0
:10CAB000002B40F091805848B0475648D4F8C03019
:10CAC0009847EB68D4F8C060187A03F0C1FCB0470F
:10CAD0007C21524A6B7A1170002B79D1531CE96882
:10CAE0008A7A500704D5532203F8012BE9688A7A21
:10CAF000960704D5442203F8012BE9688A7A1007C7
:10CB00000FD54C22184600F8012BE9688A7A1607DF
:10CB10007AD58E6B002E77D041225A70E9680233A5
:10CB20008A7A960604D5502203F8012BE9688A7A9E
:10CB3000D00604D5492203F8012BE9688A7A560603
:10CB400004D54E2203F8012BE9688A7A100604D531
:10CB5000522203F8012BE9688A7AD20703D55622BC
:10CB600003F8012BE968CA6B12B1452203F8012BC7
:10CB70007C21D4F8C020198028489047D4F8C030D0
:10CB800068689847EB68D3ED067AF5EEC07AF1EE67
:10CB900010FA17DDD4F8C0301E489847EB68012121
:10CBA0005869D4F8C06003F077FCB0471C48D4F84B
:10CBB000C0309847EB6801219869D4F8C05003F061
:10CBC0006BFCA847D4F8C03016489847002070BDC9
:10CBD0002A21931C517082E795F9020003F038FC7A
:10CBE0006AE790F9000003F033FCB047D4F8C03096
:10CBF0000D489847D4F8C030686898470B48D4F877
:10CC0000C0309847002070BD03468AE748260020C0
:10CC1000CC470210A8400210C8470210083200207A
:10CC20002C4C0210E870021090410210A04E02102D
:10CC300000221C4B2DE9F0415B791B4D04462A7004
:10CC40000BBB0321006803F027FC0146284613F0C4
:10CC5000FBF90026154BB3F80080134813F090FF42
:10CC600025F80080032154F8040F03F015FC771C0D
:10CC700001460D4813F0E8F9022F4FF00106ECD100
:10CC80000948BDE8F081D0ED007A77EEA77A03215C
:10CC900017EE900A03F000FC0146284613F0D4F981
:10CCA000D7E700BF90340020083200202C4C02103F
:10CCB00000222DE9F041224B224D5B792DED028BB4
:10CCC00004462A708BBB90ED007ADFED1F7A0421B9
:10CCD00067EE277A17EE900A03F0DEFB00269FED41
:10CCE0001A8A0146284613F0AFF9184BB3F80080B2
:10CCF000144813F045FF042125F800800C44D4EDBE
:10CD0000007A67EE887A17EE900A03F0C5FB771C6D
:10CD100001460C4813F098F9022F4FF00106E7D1B5
:10CD2000BDEC028B0748BDE8F081D0ED007A9FEDA5
:10CD3000067A67EE877A042177EEA77ACAE700BF02
:10CD400090340020083200208B42213D2C4C0210F0
:10CD5000032108B503F0A0FBBDE8084001460148E7
:10CD600013F036BE0832002007EE100ADFED077A16
:10CD700067EE277A042108B517EE900A03F08CFBC2
:10CD8000BDE808400146024813F022BE8B42213D17
:10CD90000832002010B40B688C685A1C0A60417974
:10CDA00003EB430304EBC3025170416904F83310F1
:10CDB0000369816813618388A1F11004032C98BF73
:10CDC00043EA0143C168536121B15DF8044B901CF3
:10CDD00013F0FEBD91705DF8044B70470FB400B5C1
:10CDE00083B004AA52F8043B0B489446019202EB2C
:10CDF000830E03465CF8041B11F8012B184603F858
:10CE0000012B002AF8D1F445F3D1034803B05DF8B3
:10CE100004EB04B0704700BF0832002070B5094D24
:10CE20000446D5F8C46003F013FB074B02460749DC
:10CE30000320FFF7D3FFB04700216420EB6B984736
:10CE4000204670BD48260020A04E0210D847021090
:10CE50002DE9F0470546884613F092FE441C204613
:10CE60000EF060FD00284AD081462246294613F084
:10CE700011FE4846234913F02FFA0446002839D002
:10CE800001270026204D2046204913F0C3FC40B363
:10CE90001F48D5F8C0309847D5F8C0301D4898478E
:10CEA0003046D5F8C0A003F0D3FAD047D5F8C0304B
:10CEB0001948984723781BB12046D5F8C0309847C9
:10CEC0001648B8F1000F0CD0D5F8C0309847384656
:10CED000D5F8C04003F0BCFAA0471148D5F8C030DF
:10CEE00098470020074913F0F7F9013604467F0000
:10CEF0000028C8D14846BDE8F0470EF04FBDBDE858
:10CF0000F08700BF2C4C021048260020E04702109A
:10CF1000A04E0210E447021090410210EC470210AC
:10CF2000A00F021002680B685068596813F072BCB9
:10CF30002DE9F041124E0446D6F8E480B8F1000F16
:10CF400017D00F463F2113F0B3F8054688B184424D
:10CF500003D0011B89B22046C047781CD6F8C040D8
:10CF600003F076FAA047D6F8C030681CBDE8F0415F
:10CF700018472046D6F8C030BDE8F041184700BF3A
:10CF8000482600202DE9F04116460C4691F82C1059
:10CF90004A0746BFC1F3C301B6FBF1F73746032882
:10CFA00000F2DF82DFE810F06C00EC003B000400D0
:10CFB00020889C4D3044D5F8C08003F049FAC04722
:10CFC000D5F8C03098489847A3782B2B00F00881FB
:10CFD00039466068FFF7ACFF9348D5F8C0309847F2
:10CFE000A068D5F8C030002800F00F819847D5F828
:10CFF000C0308D489847207BFEF7A8F8D5F8C030A0
:10D00000092800F22B81DFE810F03302000236021B
:10D01000390200022701450242023F023C022088F9
:10D02000804D304403F014FA8049FFF7C3FCD5F873
:10D03000C0307F489847A3782B2B00F0CA80394630
:10D040006068FFF775FF7B48D5F8C0309847A06847
:10D050007649002800F0E480FFF7ACFC20883044DB
:10D0600080B2FEF73BF8744B7049002808BF1846A1
:10D07000FFF7A0FCD5F8C0307048BDE8F041184774
:10D08000684D6F48D5F8C03098472088D5F8C080E3
:10D09000304403F0DDF9C0476A48D5F8C0309847FE
:10D0A00094F82C30A078590748BFC019D5F8C08033
:10D0B00003F0CEF9C047D5F8C03062489847A3784E
:10D0C0002B2B00F09B8039466068FFF731FF5D48ED
:10D0D000D5F8C0309847A06810B1D5F8C03098474F
:10D0E000D5F8C03057489847207BD5F8C060FEF788
:10D0F0002DF803F0ADF9B0475248D5F8C030984745
:10D10000206910B1D5F8C0309847D5F8C0304D48E7
:10D11000984763693BB12046FEF71EF818B9D5F869
:10D12000C030606998474748D5F8C0309847A06933
:10D1300010B1D5F8C0309847D5F8C030414898476D
:10D1400094F82C00D5F8C06000F0010003F080F9DD
:10D15000B047D5F8C0303B48984794F82C00D5F834
:10D16000C040C0F3400003F073F9A047D5F8C030C9
:10D1700035489847D5F8C0303048BDE8F0411847E9
:10D18000284D3248D5F8C03098472088D5F8C0805F
:10D19000304403F05DF9C047D5F8C0302C489847BB
:10D1A000A3782B2B23D060683946FFF7C1FE207B84
:10D1B000FDF7CCFF092800F2B780DFE810F03D0151
:10D1C000470150012E013801B500B500B500B5008A
:10D1D0004201204B53F82600D5F8C03098472EE77F
:10D1E0001C4B53F82600D5F8C0309847F0E6194B91
:10D1F00053F82600D5F8C0309847D4E7154B53F8BC
:10D200002600D5F8C03098475DE7227B042A3FF618
:10D21000EEAEDFE812F04201FD00FD004501FD0029
:10D22000054819E748260020284902102C4C021016
:10D23000C44702102449021010490210A04E0210E7
:10D2400014490210B88E02102049021070480210D2
:10D25000544A0210C88E021095489847D5F8C0303D
:10D26000944898472069D5F8C030002857D098478F
:10D27000D5F8C0308F4898472388F01880B2FDF762
:10D280002DFFD5F8C030064600283ED0984794F8C8
:10D290002C30DB0707D53278D5F8C030002A40F0B3
:10D2A000BA80854898478348D5F8C0309847606968
:10D2B00010B1D5F8C03098477E48D5F8C0309847AF
:10D2C000A06910B1D5F8C0309847D5F8C03079487A
:10D2D000984794F82C00D5F8C06000F0010003F0E6
:10D2E000B7F8B047D5F8C0307248984794F82C008A
:10D2F000D5F8C040C0F3400003F0AAF8A047D5F825
:10D30000C0306E48BDE8F04118476D48984794F822
:10D310002C30DA07C7D5D5F8C0306748C2E7227B82
:10D32000042AA5D16748A2E7A3683BB1D5F8C0306D
:10D3300065489847D5F8C030A068984700276369CA
:10D34000002B00F0EF80A369002B00F0EB80D5F8F4
:10D35000C0305E489847D5F8C030606998475C484F
:10D36000D5F8C0309847D5F8C030A069984794F8F0
:10D370002C30DB0706D5D5F8C030002F00F0EF8049
:10D3800054489847D5F8E430002B3FF473AE20881A
:10D39000304480B2FDF7A2FE0646002800F08280ED
:10D3A0000378002B7ED0D5F8C030444898470AE077
:10D3B0004248D5F8C0309847B91B3046D5F8E4301C
:10D3C00089B29847BE1C3046434913F027F90746F7
:10D3D0000028EDD13378002B64D0D5F8C030374821
:10D3E0009847D5F8C0303046984794F82C20D5F8A7
:10D3F000C030D4077FF53EAE32780AB1374898473F
:10D40000D5F8C0302C48984734E63548984725E78A
:10D4100034489847EBE5344844E73448D5F8C03001
:10D42000984700212069FFF713FD012787E7D5F80A
:10D43000C0302F48984781E7D5F8C0302D4898472D
:10D440007CE7D5F8C0302C48984777E7D5F8C0304E
:10D450002A48984701212069FFF7FAFCE5E7D5F84B
:10D46000C0302748984701212069FFF7F1FCDCE72D
:10D4700024489847F2E624489847EFE6234898471F
:10D48000ECE623489847E9E622489847E6E6224832
:10D490009847E3E621489847E0E621489847A6E503
:10D4A0000348A3E594F82C30D807A9D4E2E500BFDF
:10D4B0002C4902102849021020480210A04E0210E8
:10D4C0001049021080490210E4480210EC48021092
:10D4D00090410210F0470210084902100C49021056
:10D4E000444902107C4802101C480210604B021094
:10D4F0007448021084480210D44802109048021068
:10D50000A04802103C490210504902105C49021028
:10D510006C49021074490210D444021034490210BC
:10D52000884802102046FDF717FE00287FF41FAF41
:10D5300063693BB1D5F8C0300B489847D5F8C03087
:10D5400060699847A369002B3FF411AFD5F8C0304C
:10D5500006489847D5F8C030A069984707E70448BF
:10D560000FE7044D86E500BFF8480210004902109D
:10D57000084802104826002070B515468378527876
:10D5800004469A420E460CD0A36A1BB100212046E5
:10D59000984720B1324621462878FFF7F3FC012056
:10D5A00070BD6B688B42EFD0012070BD08B513468B
:10D5B0000A4693F801C081788C4504D1596891429C
:10D5C00001D0012008BD01461878FFF7DBFC0120DF
:10D5D00008BD00BF2DE9F04F85B00F46B1FA81F9C3
:10D5E0000646FDF72DFA04463846FDF75DFC00259A
:10D5F0008DF80900381A4FEA59198DF80860039020
:10D600002389A4691D44002CFAD1022E71D0032E67
:10D6100069D0FDF715FA0421044628460EF09EF95C
:10D62000019000286BD00026019DDFF848812189F8
:10D63000002934D04FF0000A09E09BF802009DF861
:10D64000093098421AD00AF1010A514527D9E068F9
:10D650000AEB4A0C4FEA0C13C35A00EB0C1B183BA5
:10D660009BB2012B95BF98F883319BF82C30C3F304
:10D670004003DB09002BE6D1002FDED1DBF8283098
:10D680002BB100215846984721890028DBD00AF1A8
:10D69000010A514506F1010645F804BBD7D8A46933
:10D6A000002CC4D1019D0422314628462C4B11F098
:10D6B0008BFE6EB1043D2B4955F8040F02AAFDF70D
:10D6C000C7FC013440EA0900B4425FFA80F9F2D1A4
:10D6D00001980EF063F9B9F1000F0CBF352000205E
:10D6E00005B0BDE8F08F204B2048D3F8C0309847F4
:10D6F0008FE71D4B1E48D3F8C030984789E71D4E71
:10D70000218949B3002507E082789DF809309A42C3
:10D7100018D00135A9421FD9E06805EB4502130175
:10D72000C35A00EB0210183B9BB2012B95BF96F831
:10D73000833190F82C30C3F34003DB09002BE8D190
:10D74000002FE1D10C4902AAFDF782FC40EA09034F
:10D7500021895FFA83F9DCE7A469002CD0D1BAE70C
:10D76000A9C90010ADD5001048260020C0490210FC
:10D7700088490210904B002079D50010002945D02F
:10D78000F0B516460446002701EB410189B000EBD5
:10D7900081051922616801A812F056FD9DF8043038
:10D7A0000DF1040C8BB10DF1050E202BA3F16102DC
:10D7B00007D06146192A98BF03F05F0301F8013BC7
:10D7C0008C461EF8013B002BEFD1304601A98CF8A6
:10D7D000007008F08BF928B90C34AC42D9D1002084
:10D7E00009B0F0BD0A4D0B48D5F8C0309847D5F8C0
:10D7F000C03060689847D5F8C030074898476178CE
:10D800000120FFF7E7FE012009B0F0BD00207047BE
:10D8100048260020084A0210104A021070B504463B
:10D82000154D1648D5F8C0309847A3781BB1D5F8E8
:10D83000C030A01C98472078D5F8C06002F008FEE0
:10D84000B047D5F8C0300E4898476078D5F8C0602A
:10D8500005F0EEFBB04723693BB1D5F8C03008486E
:10D860009847D5F8C03020699847D5F8C0300548AA
:10D87000BDE87040184700BF48260020144A021037
:10D880002C4C0210E870021038B5044600880D4692
:10D89000084402F0DDFD0D4902460D4B0320FFF761
:10D8A0009DFA29462046FCF7FBFF68B10446094D66
:10D8B0000948D5F8C03098472046D5F8C030984779
:10D8C0000648D5F8C0309847012038BD34420210D0
:10D8D0001C4A02104826002008320020A04E0210E8
:10D8E00038B5036A23B10B4B5B699847012038BDFB
:10D8F0000446094D0948D5F8C03098472088D5F826
:10D90000C04002F0A5FDA0470548D5F8C0309847B3
:10D91000012038BD2825002048260020344202106E
:10D92000204A021038B50B4BD3F8C05010B1FE2876
:10D93000044603D10848A847002038BD02F088FDFE
:10D94000064B024606490320FFF748FAA84720463F
:10D9500038BD00BF48260020284A0210A04E021001
:10D96000304A021070B5044689B1437873B1194D3D
:10D970000846D5F8C0309847D5F8C0306068984759
:10D98000D5F8C0301448BDE87040184770BD114D3F
:10D990001248D5F8C03098476078D5F8C06002F0DA
:10D9A00057FDB047D5F8C0300D4898472078D5F8D6
:10D9B000C06002F04DFDB047D5F8C0300848984728
:10D9C000D5F8C03060689847D5F8C0300548BDE844
:10D9D0007040184748260020A04E0210384A021016
:10D9E000B88E0210E870021070B50C46114D064654
:10D9F000D5F8C03010489847611ED5F8C0300329CB
:10DA000005D8DFE801F01411020E0C4898473046A3
:10DA1000D5F8C0309847D5F8C0300948BDE8704007
:10DA2000184708489847F2E707489847EFE707483C
:10DA30009847ECE748260020484A0210644A021042
:10DA4000E87002106C4A0210584A0210504A021044
:10DA500010B5036986B08168427904930379A1F116
:10DA6000100C43EA0223BCF1030F98BF43EA0143C1
:10DA70004469C1688DF801208DF80040059341B1DB
:10DA80000DF1020012F0A4FF6846FFF7C7FE06B0D2
:10DA900010BD68468DF80210FFF7C0FE06B010BD3D
:10DAA00070B5054609F016F898B1466844780A4BF7
:10DAB000D3F8B830984718B121463046FFF794FFA5
:10DAC0002DB9064BD3F8C0300BB10548984728460E
:10DAD00070BD0446024EEAE74826002028250020B3
:10DAE0001049021082B0019111F00701034609D0DC
:10DAF000274AC80740D552F8040B4908007803F8B4
:10DB0000010BF6D12C219DF8052003F8011B12F022
:10DB1000070209D01E49D00731D551F8040B52082D
:10DB2000007803F8010BF6D12C219DF8062003F8AC
:10DB3000011B12F0070209D01549D00722D551F870
:10DB4000040B5208007803F8010BF6D12C219DF844
:10DB5000072003F8011B12F0070209D00C49D00777
:10DB600013D551F8040B5208007803F8010BF6D1D5
:10DB700000221A7002B0704749080432B9E752080F
:10DB80000431C8E752080431D7E752080431E6E708
:10DB9000C88E021070B50446E9B9204D2048D5F86A
:10DBA000C03098472078D5F8C06002F051FCB047EB
:10DBB0001C48D5F8C03098471A48D5F8C030984767
:10DBC000606810B1D5F8C0309847D5F8C030164815
:10DBD000BDE870401847007802F03AFC1349FEF7A0
:10DBE000E9FE12491248FEF7E5FE124A64680B4D41
:10DBF000002C08BF1446D5F8C0300F48984720467F
:10DC0000D5F8C0309847D5F8C0300B489847D5F8BC
:10DC1000C0300A48BDE87040184700BF48260020C1
:10DC2000744A0210B88E0210E87002102C4C0210D8
:10DC3000E047021010490210C4470210A04E021023
:10DC400070B50446E9B9204D2048D5F8C030984752
:10DC50002078D5F8C06002F0FBFBB0471C48D5F82F
:10DC6000C03098471A48D5F8C0309847606810B15E
:10DC7000D5F8C0309847D5F8C0301648BDE8704098
:10DC80001847007802F0E4FB1349FEF793FE1249AF
:10DC90001248FEF78FFE124A64680B4D002C08BF35
:10DCA0001446D5F8C0300F4898472046D5F8C03004
:10DCB0009847D5F8C0300B489847D5F8C0300A4887
:10DCC000BDE87040184700BF48260020804A021077
:10DCD000B88E0210E87002102C4C0210E0470210BF
:10DCE00010490210C4470210A04E021010B40A4B93
:10DCF00093F81031DB070BD5084C0948094A0A4B49
:10DD00000A491C600A4B5DF8044B08601A607047B2
:10DD1000084C0948094AF2E7904B0020B1CC0010AA
:10DD200069CD001031CA001068350020643500202C
:10DD30006C35002031CC001051CD001021CA0010EC
:10DD400038B5074B0446D3F8B8300D46984728B18C
:10DD500029462046BDE83840FFF746BE38BD00BF23
:10DD60004826002070B50A4C0546D4F8B8309847CC
:10DD700068B1D4F8C030074898472846D4F8C03076
:10DD80009847D4F8C0300448BDE87040184770BDCB
:10DD900048260020484A0210E8700210064B10B5D1
:10DDA000D3F8B8300446984728B12046BDE8104063
:10DDB0000221FFF719BE10BD4826002070B50646A7
:10DDC0000D460B4C0B48D4F8C03098473046D4F879
:10DDD000C0309847D4F8C030074898472846D4F850
:10DDE000C0309847D4F8C0300448BDE870401847A8
:10DDF000482600208C4A0210984A0210E87002104F
:10DE000038B50D4600210446FDF754F838B10188B5
:10DE1000044B2A465B69611A9847002038BD3520BB
:10DE200038BD00BF282500202DE9F84F054688465B
:10DE3000FCF706FE002406463389B6691C44002E12
:10DE4000FAD1FCF7FDFD0421834620460DF086FD46
:10DE50008146002800F08680BBF8081000296DD0AC
:10DE60000746B246DBF80C400AEB4A000301E35ACE
:10DE700004EB0014183B9BB2012B4CD994F82C30C6
:10DE8000DB092BB9002D4CD1237F043B012B48D952
:10DE90000AF1010A5145E5D82DB3DBF818A0BAF113
:10DEA000000F20D0BAF80820C2B10025DAF80C30F3
:10DEB00005EB450403EB041494F92C30002B0ADB2A
:10DEC000A36A2BB1002120469847BAF8082010B168
:10DED000013647F8044B0135AA42E7D8DAF818A012
:10DEE000BAF1000FDED10422314648462B4B11F027
:10DEF0006BFA5EB10024A9F104054246284955F8A1
:10DF0000040F0134FDF7A4F8A642F6D14846BDE857
:10DF1000F84F0DF043BD234B93F88331C3F3400317
:10DF2000AFE7A36A33B1002120469847BBF8081039
:10DF30000028ADD0013647F8044BA9E72DB90422DB
:10DF40002946164B11F040FAE0E7DBF818A0BAF1C9
:10DF5000000F01D04F46A5E7042231460F4B11F0C8
:10DF600033FAD3E7A4B10025DBF80C3005EB45000C
:10DF700042460B4903EB00100135FDF769F8AC424E
:10DF8000F2D1DBF818B0BBF1000FECD1BDE8F88F8F
:10DF9000DBF818B0BBF1000FFAD1F7E7A9C9001000
:10DFA000E1D80010904B002030B5104C85B01049DE
:10DFB00001A8FEF701FCD4F8C0300E4898470E4B7C
:10DFC00001A81B68D4F8C0509847A8470B4B1A7A91
:10DFD000D4F8C03092074CBF09480A4898470A480D
:10DFE000D4F8C030984705B030BD00BF48260020A7
:10DFF000142900209C4A021068350020E8280020DF
:10E00000584D0210604D0210E870021070B50F4CB0
:10E010000F48D4F8C03098470E4D0F4B28461B6868
:10E02000D4F8C0609847B047D4F8C0300B48984740
:10E0300015F8040CD4F8C05002F00AFAA847D4F836
:10E04000C0300748BDE87040184700BF4826002090
:10E05000A44A02103429002068350020604B0210C9
:10E06000E870021070B5094C0948D4F8C0309847E0
:10E07000084B09481B68D4F8C0509847A847D4F803
:10E08000C0300648BDE87040184700BF4826002051
:10E09000AC4A02106835002054350020E8700210A8
:10E0A00070B50546154C82B0D4F8C0301448984776
:10E0B0002846D4F8C06002F0CBF9B047284601A941
:10E0C00006F088FED4F8C030A0B10E489847D4F8C6
:10E0D000C050019E07F0CCFC0146304602F0DCF94E
:10E0E00002F068FAA847D4F8C030074898470020E3
:10E0F00002B070BD05489847F5E700BF48260020EC
:10E10000B44A02101C4A0210E8700210BC4A021005
:10E1100070B50546144C82B01448D4F8C030984706
:10E12000D4F8C03028469847284601A907F018F9C6
:10E13000D4F8C030A0B10E489847D4F8C050019E22
:10E1400007F096FC0146304602F0A6F902F032FADA
:10E15000A847D4F8C03007489847002002B070BDE7
:10E1600005489847F5E700BF48260020B44A02104A
:10E170001C4A0210E8700210BC4A02102DE9F04F50
:10E18000754B85B093F82E3083B1744C7448D4F835
:10E19000C0309847734BD4F8C0501E68F2F772FE37
:10E1A000B047A8477048D4F8C03098470025EEB271
:10E1B000304601A9694CFCF7BBFC48B36B48D4F866
:10E1C000C03098470A2DD4F8C07000F092800B2D13
:10E1D00025D0092D664803D03046F2F727FE0130DE
:10E1E000B8476448D4F8C03098475E4B01A81B6814
:10E1F000D4F8C06001359847B0475B48D4F8C030C8
:10E20000EEB29847304601A9FCF792FC0028D5D120
:10E21000594B07209B68984705B0BDE8F08FDFF8A1
:10E2200044815648B847D8F800305548D4F8C05013
:10E23000514E9847A847D4F8C0304B489847B36927
:10E24000002B00F083804FF0010A4E4FDFF84C9115
:10E2500006E0002A11DAB3690AF1010A534535D301
:10E260005046336A984705460028F4D097F8903115
:10E2700002695B07EDD4002AEDDDD4F8C0304248D6
:10E2800098472869D4F8C0B002F0E2F8D847D4F82B
:10E29000C0303E489847D8F800302846D4F8C0B07F
:10E2A0009847D847D4F8C03038489847D9F8003054
:10E2B000E868D4F8C0509847A847D4F8C0302A4836
:10E2C0009847B3690AF1010A5345C9D297F88231D8
:10E2D000DA0711D42E4DFFF7C5FEFFF765FE95F85E
:10E2E000703063B9336E002B96D0984705B0BDE807
:10E2F000F08F2848B84774E7FFF788FEEAE7164B27
:10E3000068469979F2F770FE2348D4F8C0309847F0
:10E31000224BD4F8C0801A689DF8023005EB8305C3
:10E32000D5ED1D7A07EB431797ED0C7AF8EEE77AF7
:10E33000C7EE877A17EE900A9047C047D4F8C030EE
:10E3400009489847336E002BCFD165E70D4F97F8FA
:10E350008231DA07BED5CFE790340020482600206E
:10E36000C44A021068350020E8700210CC4A02103E
:10E37000D44A0210604B021028250020D04A021017
:10E3800048350020904B0020D84A0210A8400210C7
:10E39000E8280020C83C0210DC4A02106435002046
:10E3A0002DE9F041B04CB14DB148D4F8C030984798
:10E3B0002888D4F8C0608B2840F2B481AD48B047BB
:10E3C0002888D4F8C0608A3802F042F8B047D4F800
:10E3D000C030A9489847287DD4F8C060F2F726FDE0
:10E3E000B047D5ED307AF5EE407AF1EE10FA40F014
:10E3F000DB80D5ED2F7AF5EE407AF1EE10FA40F0A1
:10E40000D380D5ED2E7AF5EE407AF1EE10FA40F099
:10E41000CB809A4E337E022B00F0CF80D4F8C030F0
:10E4200097489847A879D4F8C070113002F010F8D6
:10E43000B847EA78D4F8C030002A00F061819148EA
:10E4400098472A79D4F8C030002A00F057818E48C6
:10E450009847D4F8C0308A489847A878D4F8C07054
:10E46000022816BF80F001005F205D3001F0F0FF50
:10E47000B847337E022B00F07681EA79D4F8C030B9
:10E48000002A40F02D818148984795F82D20D4F836
:10E49000C030012A0CBF7E487E48984795F82E2050
:10E4A000D4F8C030002A00F091807B489847F2F7FA
:10E4B000EDFC10F0070000F07281784A784BC1073C
:10E4C00040F12D8152F8041B4008097803F8011B24
:10E4D000F5D10021D4F8C0201970714890472B7EE7
:10E4E000002B78D10020D4F8C070F2F775FE0378C5
:10E4F000DA0700F130816B48B84795F880301BB1DE
:10E50000D4F8C030684898476B7ED4F8C020002B00
:10E5100040F0F88065489047654F7B7FD90704D568
:10E52000D4F8C030634898477B7F5A0704D5D4F8A5
:10E53000C030614898477B7F980703D5D4F8C03036
:10E540005E48984796F82031590706D57B7F1A0711
:10E5500003D5D4F8C0305A489847D5F8D030D4F80D
:10E56000C060186901F074FF564902460220FEF7A8
:10E5700035FCB047544B286E1B68D4F8C050984700
:10E58000524902460220FEF729FCA8470020F2F774
:10E5900023FEC3689B7ADB0700F1C880D4F8C03043
:10E5A0004B48BDE8F0411847344ED4F8C0304948D4
:10E5B0009847337E022B7FF431AF6B79002B40F00C
:10E5C000E4804548D4F8C030984727E74348984747
:10E5D0002B7E002B86D01E2BD4F8C02000F2D980D1
:10E5E000013B1D2B3FF67EAF01A151F823F000BF88
:10E5F000A3E70010B5E70010AFE70010E5E4001056
:10E60000E5E40010E5E40010E5E40010E5E40010A6
:10E61000E5E40010E5E40010E5E40010E5E4001096
:10E62000E5E40010E5E40010E5E40010E5E4001086
:10E63000E5E40010E5E40010E5E40010E5E4001076
:10E64000E5E40010E5E40010E5E40010E5E4001066
:10E65000E5E40010E5E40010E5E40010E5E4001056
:10E66000E5E40010A9E700104826002090340020BF
:10E67000344B02103C4B0210F4480210904B002027
:10E68000484B0210EC4A0210FC4A02104C4B02109C
:10E69000244B02102C4B02105C4B0210C88E02104F
:10E6A0000832002040580210485802108C4B0210CB
:10E6B000E8280020904B0210984B0210A04B02104B
:10E6C000A84B0210B04B02106C350020B44B021066
:10E6D000E8700210404B0210E84A0210644B02102E
:10E6E00037489847EB79012B3FF4CFAE022B0CBF94
:10E6F00034483548D4F8C0309847C6E63348A7E6D2
:10E7000033489DE69F0702D5324890476B7ED80775
:10E710007FF502AFD4F8C0302F489847FCE6400898
:10E720000432CCE601F094FEB04750E60020D4F865
:10E73000C050F2F751FD0021806801F0ADFE27497D
:10E7400002460220FEF74AFBA847D4F8C03024480E
:10E75000BDE8F04118470020F2F73EFD03789B0723
:10E7600015D52048C8E60020F2F736FDC3689B7A2D
:10E77000D8077FF582AE0020D4F8C070F2F72CFDE8
:10E780004378D3B11848B84777E618481AE71848CD
:10E79000B2E63C2B7FF4A6AE16489047A2E6164B95
:10E7A00097E6164890479DE6154890479AE6154823
:10E7B000904797E61448904794E61448E3E700BF73
:10E7C000544B02101C4B0210204B0210044B021041
:10E7D000F44A021050580210884B0210B84B021035
:10E7E000E870021038580210144B0210E44A02106C
:10E7F00030580210804B021008320020704B02107B
:10E80000784B02106C4B0210744B02100C4B021030
:10E8100070B50B4C0D46D4F8C06001F019FE094BE1
:10E82000024609490320FEF7D9FAB0472846D4F832
:10E83000C0309847D4F8C0300448BDE8704018474D
:10E84000482600201C4A0210BC4B0210A04E0210A9
:10E8500070B506460C46094D0948D5F8C0309847B2
:10E860003046D5F8C0309847D5F8C03005489847AD
:10E87000054B2046BDE870409B681847482600209D
:10E88000C04B0210604B0210282500202DE9F04FEC
:10E890000546BE4C9BB0D4F8C030BD489847BD4833
:10E8A000D4F8C06001F0D4FDB047BB48D4F8C03004
:10E8B00098472846D4F8C0309847D4F8C030B748B5
:10E8C0009847002005F0E4F90246B54B93E80300B1
:10E8D0000190ADF8081010461AB1937ADE0700F1E6
:10E8E00074820DF109024E2194F8E63111709D07F2
:10E8F00048BF4D21AB4E48BF517096F820514CBFD8
:10E90000931C531CE90748BF502296F8821148BF58
:10E9100003F8012B0A0744BF5A2203F8012B8F0783
:10E9200044BF482203F8012B96F81A21120744BF6E
:10E93000542203F8012B96F81421D70644BF412234
:10E9400003F8012B28B1827A90075CBF442203F8B8
:10E95000012B96F8A920D20744BF302203F8012BDF
:10E9600094F8D421D70744BF532203F8012B68073A
:10E9700044BF522203F8012B4A075CBF4C2203F824
:10E98000012B94F8DC21170744BF2B2203F8012B3D
:10E9900096F80D21D5075CBF572203F8012BD4F858
:10E9A000A02012B1322203F8012B2C2101ADD4F8A2
:10E9B000C020198028469047D4F8C070F7F728FE89
:10E9C00001F046FDB847D4F8C03077489847A06AB0
:10E9D000D4F8C07001F03CFDB847D4F8C03072489C
:10E9E00098470320D4F8C070DFF8E48101F030FDCF
:10E9F000B847D4F8C0306C489847DFF8A0A1D8F8E1
:10EA00001800D4F8C07001F023FDB847D4F8C03026
:10EA10005046984706F03CF8D4F82431074698470A
:10EA2000624B814693E8030001900320ADF8081083
:10EA300001F00EFD0146284611F006FB3A230021A5
:10EA40008DF80A305A4B28461A68D4F8C0B01278AC
:10EA50008DF80B20D3E9012312788DF80C201B7858
:10EA60008DF80E108DF80D3012F08AF80346DAF8A2
:10EA70000000E8502846D84796F810C14D4B1CF0CE
:10EA8000400F0FCB85E80F0014BF4B4B4B4B1B685F
:10EA9000ADF814301B0C8DF8163096F88231D8077B
:10EAA00000F1B981D4F81031002B00F0C081D4F806
:10EAB000143113B3284612F063F80346404A03CAE0
:10EAC000E85094F8D60194F8D7212B445960C30933
:10EAD00002F001029B0043EA4203C0F38010184396
:10EAE00001F0B6FC8246284612F04AF85146284406
:10EAF00011F046FE2C4B1B88038094F9DC3194F80E
:10EB0000DCA1002BC0F218821AF0200F40F0A08187
:10EB10001AF0100F40F0A7811AF0400F40F0AE81BC
:10EB200094F9D53194F8D5A1002BC0F2B581337E8C
:10EB3000022B00F0BF8194F8D631D90700F14D8146
:10EB4000D4F8BC3143B1284612F01AF803461D4AE6
:10EB500003CAE8502B445960B9F1000F40F02181FD
:10EB6000337F042B06D0D4F8E0301BB12846164979
:10EB700011F06AFA1AF0010F40F01F81284611F0D7
:10EB8000FFFF0346114AE91824E000BF4826002091
:10EB9000F84B021087BA7E01604B0210E870021039
:10EBA000044C0210904B00202C4C02100C4C021014
:10EBB000C88E0210144C0210C44B0210C84B021035
:10EBC0003C4C02106C4C0210D44B0210784C0210DA
:10EBD000282500201068167994F8D721E85092076C
:10EBE0000E7100F1108107F0C5FF002840F0008190
:10EBF000284611F0C5FF00F167030DEB030010F884
:10EC0000643C2C2B04BF002300F8643C2846D4F855
:10EC1000C03098470120D8F85C309847AC48D4F809
:10EC2000C0309847AB48D4F8C0309847D4F8C030CB
:10EC3000A9489847B4F8DC311E0400F1CC809BB29F
:10EC40002946BBB194F8DC61A44A06F00806D8074F
:10EC500004D45B08D80702F10102FAD51078202805
:10EC600004D0442800D10EB101F8010B5B0802F179
:10EC70000102ECD100262846D4F8C0300E70984727
:10EC8000D4F8C030924898473B7813F0FB0F27D058
:10EC9000D4F8C0309248984794F87C318DF80460DD
:10ECA000042B00F055813B78032B00F05881022B98
:10ECB00000F04C818B4E284611F062FF314628440B
:10ECC00011F05EFDD4F884210346002A40F049810A
:10ECD0002846D4F8C03098477D48D4F8C0309847CB
:10ECE000636B7BB1D4F8C0307F489847636BD4F82E
:10ECF000C0509847800A01F0ABFBA8477B48D4F886
:10ED0000C030984763685BB1D4F8C0307848984702
:10ED1000D4F8C030606898476D48D4F8C030984740
:10ED2000A3685BB1D4F8C03072489847D4F8C030BB
:10ED3000A06898476648D4F8C0309847E3685BB14C
:10ED4000D4F8C0306C489847D4F8C030E068984791
:10ED50005F48D4F8C030984763695BB1D4F8C030DD
:10ED600066489847D4F8C030606998475848D4F846
:10ED7000C0309847E36A6BB1D4F8C0306048984718
:10ED8000E06AD4F8C05001F063FBA8475D48D4F8AE
:10ED9000C03098470020D8F85C3098471BB0BDE8D9
:10EDA000F08FB9F1020F00F0CF805749284611F0DB
:10EDB0004BF91AF0010F3FF4E1AE284611F0E0FEE6
:10EDC0000346524A1068E850D8E656230DF10A026D
:10EDD0008DF8093087E529464CE7284611F0D0FE2A
:10EDE00003464B4A10681279E8502B441A71A7E683
:10EDF000284611F0C5FE0346464A10681279E850CD
:10EE00002B441A71F4E6444A04331068E918E850B8
:10EE100013790B71E7E6414B18689B88CDF8160013
:10EE2000ADF81A30D4F81031002B7FF440AE2846EC
:10EE300011F0A6FE03463A4A94F8DCA103CA127800
:10EE4000E8501AF0200F2B4459601A723FF460AE5C
:10EE5000284611F095FE0346324A1AF0100F10684A
:10EE6000E8503FF459AE284611F08AFE03462E4A78
:10EE70001AF0400F1068E8503FF452AE284611F0E7
:10EE80007FFE0346294A94F8D5A11068E85094F90A
:10EE9000D531002BBFF64BAE284611F071FE03466C
:10EEA000234A10681279E8502B441A71337E022BE2
:10EEB0007FF441AE284611F063FE03461D4A1068F8
:10EEC00091889279E8502B4499809A7133E600BF7B
:10EED000E8700210904C0210A84C02108C8E0210A8
:10EEE000B44C0210E04B0210CC4C0210DC4C02106F
:10EEF000E44C0210F04C0210044D0210184D0210A8
:10EF0000204D0210304D0210CC4B0210744C0210F8
:10EF1000644C0210884C0210804C0210284C0210E5
:10EF2000304C0210484C02104C4C0210504C021055
:10EF3000544C02105C4C0210284611F021FE03468E
:10EF4000114A1068E850DFE510492FE7104EB2E68D
:10EF5000284611F015FE0F4B1B882B52A3E60E4ED0
:10EF6000A9E6900A0D4A12881A8001F071FA064645
:10EF7000284611F005FE3146284411F001FC084BEB
:10EF80001B880380A4E600BF444C0210D84B02103B
:10EF9000F04B0210C44C0210E84B0210F44802106F
:10EFA000C84C02102DE9F04F8FB0FDF7A7FC0023ED
:10EFB00003934FF00203804C0546804908A88DF862
:10EFC0000030FDF7F9FBD4F8103113B198478DF8F4
:10EFD0000000D4F8C4307A48984703F01FFADFF8ED
:10EFE0000CB207469BF8803013B1082800F0CF80A0
:10EFF0002B0E0493202F4FEA2563019300F2BA8071
:10F00000202F26D8DFE817F046044D0461042500C0
:10F0100038042500250025000004250025002500D2
:10F0200025002500250025002704250025002500B2
:10F0300025002500250025002500250025002500A8
:10F0400025002500250025003F04D4F8C4305D4884
:10F0500098475D4E96F80C8118F0010840F0A780A3
:10F060000DF120090DF12C0A40460121F1F726FF90
:10F0700099ED007A07EE900A77EE677A08F10108B9
:10F08000B8F1030FE9EC017A4AF8040BECD196F8D9
:10F090000C21D4F8C430D20700F18B804B4898473C
:10F0A0004B4B08A81B68D4F8C4809847C04796F813
:10F0B0000C31980718D5D4F8C43046489847D4F88E
:10F0C000C480F7F7DDFD01F0C3F9C0474248D4F82A
:10F0D000C4309847D4F8BC30D4F8C480984701F0C5
:10F0E000B7F9C04796F80C31590700F17482002037
:10F0F00004F0CEFD836A82469847C3B2029396F825
:10F100000C311A077FD5354BD4F8C480D3F8009062
:10F110009AF80A30DB076BD5F8F7C4FEC8473049C8
:10F1200002460220FDF75AFEC047029BD4F8C48075
:10F1300013F0010040F03B8301F08AF926490246B2
:10F140000220FDF74BFEC047DAF83C30002B58D0C8
:10F150000120D4F8C4809847006811F0ADFE01F09A
:10F1600077F91D4902460220FDF738FEC04796F8A0
:10F170000C3148E0802F3FF468AF40F2F982B7F5D8
:10F18000807F00F08E83B7F5007F7FF462AF0E4E74
:10F19000D4F8C4301348984796F80C812B0E04938A
:10F1A00018F001084FEA256301933FF459AFD4F8F2
:10F1B000C4300D4873E700BF4826002074290020A2
:10F1C000744D0210BC4D0210904B0020404D0210B7
:10F1D00068350020CC4D02102C4C02106C350020FC
:10F1E000DC4D0210C44D0210384D02109034002046
:10F1F000F8F758FEC847AB4902460220FDF7EEFD7E
:10F20000C04796F80C31D8064DD5E36D9847079066
:10F2100002F080F9E36E5FFA80F99847024644F203
:10F22000840CDFF8A882009898F82730C0F3400ECD
:10F23000C3F3801343EA920303F001038EF0010E3F
:10F240009B00B8F8081000F0010043EACE1343EA2F
:10F25000803322F481420CEA030C22F0040201F014
:10F26000D0014CEA0202B1B194F8DC31990605D420
:10F2700098F80810C1F3801161F34512DB0605D43C
:10F2800098F80830C3F3001363F3041294F8DD31E7
:10F29000180740F141821FFA82FC59EA0C0340F042
:10F2A000468296F80C3113F0400200F07D81DFF8C1
:10F2B000308298F80020002A00F03A8115F04001D1
:10F2C00040F03681013AD2B261F3861588F8002009
:10F2D000092A03D917B9092388F8003096F80C31A8
:10F2E00013F0200200F05D816F490A78002A00F0D7
:10F2F0003C81E80500F13981013AD2B20A70092A4D
:10F3000002D90FB909220A7025B99BF88020002A7A
:10F3100000F0F080C5F30722EF059146049210D566
:10F3200013F0010F0BAB059340F0D881D4F8C43033
:10F330005E4898475E4B05981B68D4F8C4709847A0
:10F34000B84719F0020F0AD0D4F8C430594898478A
:10F350009BF81400D4F8C470F1F768FDB84768064C
:10F36000EFB200F16D8117F0B00F4FFA87FA03D1B9
:10F370009BF88030002B34D0A36F98474E4A4F4BF8
:10F38000C0B21A60029AD10740F1398112F0020F1F
:10F390000CBF53224322043303F8012C029A910636
:10F3A00006D594F8D521D20744BF452203F8012B96
:10F3B000C10744BF462203F8012B820744BF4D22F8
:10F3C00003F8012B9BF880202AB1BAF1000FA4BFEB
:10F3D000542203F8012B002238481A70D4F8C430A4
:10F3E0009847B80700F10D81354B1D4216D0B38AFE
:10F3F000A3B1DFF8D880D4F8C43098F80920920778
:10F400004CBF30483048984798F809309B0705D5DD
:10F41000B08AD4F8C48001F01BF8C047F80709D5BA
:10F420002A4B93F88420D4F8C430002A40F0548149
:10F430002748984779071ED5DFF8908098F80C2068
:10F440002AB996F8823113F0220F14D0072298F8C7
:10F450004810D4F8C4308A430CBF1E4A1E4A1F49C4
:10F4600002200293FDF7BAFC029B984796F882317E
:10F470009A0700F18F813B0703D5337E022B00F002
:10F480006082BAF1000FC0F24E826F0300F1028178
:10F49000049B180600F10F8119F0080F2AD00B4BBE
:10F4A000586C1FE0E44D021023590020F04D02106B
:10F4B00068350020F84D02107C413A0008320020E7
:10F4C00001000080484D0210504D0210E828002035
:10F4D0005C4D02103C55021030550210104E0210C7
:10F4E0001E590020411C05DBD4F8C47040F0378160
:10F4F000B248B847B24BD3F8843023B1B14AD4F8FC
:10F50000C400516A9847019B002B50DB96F80D31DF
:10F510009A0700F1E181D4F8C430AB489847002045
:10F52000FDF7F2F9039B002B4ED10FB0BDE8F08F31
:10F5300017F07C0F45F0400540F0E680092288F87E
:10F540000020019A002AFFF6CBAE15F0100F029BA7
:10F5500018BF012363F30415AB0640F12782012392
:10F5600098F8002063F34515B2E617F07C0F45F4D8
:10F57000807540F0C28009220A70019A002AFFF6C5
:10F58000C3AE6A0606D48F4A527A500707D5049A4A
:10F59000920604D44FF4807225F4807503920A78A1
:10F5A000ADE662F30825AFE662F3861598E6D4F877
:10F5B000C43086489847834B5B79002BABD0D4F896
:10F5C000C43083489847A6E74FF48070FDF79CF954
:10F5D0000FB0BDE8F08FF7F7CFF800283FF487AD04
:10F5E000806900287FF783ADD4F8C48000F030FF35
:10F5F000784902460220FDF7F1FBC04777E5033367
:10F60000CCE6F1F743FC10F0070000F02E82724ABE
:10F61000724BC10711D552F8041B4008097803F852
:10F62000011BF6D100226E481A70D4F8C4309847F6
:10F630006A48D4F8C4309847D6E640080432E8E770
:10F64000DFF88081D4F8C430D8F81000059300F0BA
:10F65000FFFE644902460220FDF7C0FB059B984768
:10F66000D8F81400D4F8C48000F0F2FE5E490246D7
:10F670000220FDF7B3FBC047DAF80430D4F8C480A9
:10F68000D86800F0E5FE584902460220FDF7A6FBC7
:10F69000C04768E6009BD4F8C470C3F3811000F043
:10F6A000D7FE524902460220FDF798FBB847049B5B
:10F6B00018067FF5F1AE434BD4F8C47093F8700090
:10F6C000003818BF012000F0C3FE4949024602205D
:10F6D000FDF784FBB847DFE64648AAE61F464FF031
:10F6E000000840460121F1F7E9FB08F10108B8F1F3
:10F6F000030F47F8040BF4D118E61D220A70019A93
:10F70000002ABFF63EAFFFE5132288F80020019AD9
:10F71000002ABFF61AAFE3E598F80830DB0963F377
:10F72000CB221FFA82FC59EA0C033FF4BAAD2B4BF3
:10F730003149043303C943F8040C1970B9F1000FBF
:10F7400002D0510540F16581BCF1000F40F03781D6
:10F75000002222481A70D4F8C4309847A1E500F07E
:10F7600077FE264902460220FDF738FBB847C1E67E
:10F77000402F7FF46EAC134BD4F8C46093F828008C
:10F7800000F066FE1E4902460220FDF727FBB04747
:10F790001C4E5FE498F84800D4F8C48000F058FE8E
:10F7A000114902460220FDF719FBC04763E6DAF86B
:10F7B0000430586811F080FBBEE400BF2C4E0210EC
:10F7C00028250020E8280020484E0210344E021060
:10F7D000404E0210D44D0210C88E02100832002094
:10F7E000084E0210004E02102C4C0210184E02104F
:10F7F0001C4E0210544D0210E84D0210244E02100F
:10F80000B44D0210904B0020D4F8C430A348984760
:10F81000A34AA44E92F83830127A012B02F020024B
:10F82000D9B200F00881A04B1978002900F0E880D7
:10F830009DF80000C0F30001197000F00103002AD8
:10F8400040F0E180002B3FF405ACD4F8C430974879
:10F850009847FFF7FFBB924BD4F8C46093F8290098
:10F86000013800F0F5FD924902460220FDF7B6FA94
:10F87000B0478C4EFFF7EEBBD4F8C4308D489847A4
:10F88000884EFFF7E7BBD4F8C4308B489847854EC5
:10F89000FFF7E0BBD4F8C43088489847814EFFF7A3
:10F8A000D9BB2B16002B7F4E03DB96F80D31590781
:10F8B00005D57B4B93F88000002840F0C680D4F833
:10F8C000C4307F489847FFF7C5BBD4F8C4307D48A3
:10F8D0009847744EFFF7BEBB0020F1F77DFC7A4BD2
:10F8E000DBED187AD3ED006AF4EE667AF1EE10FAE9
:10F8F000DBF8D02090ED027A1169744A2AD0744E58
:10F90000C3ED007A82ED007A31604FF48051236CB0
:10F91000704898476B057FF5FEAD4FF40051236C9E
:10F920006C489847F7E5DBF8D030D4F8C470186914
:10F9300000F08EFD684902460220FDF74FFAB847F5
:10F94000A3E59BF80520D4F8C430002A35D06348DD
:10F95000984796E5D2ED006AF4EE476AF1EE10FAA8
:10F960005B4ECDD130688842CAD1DBED307AF5EEFE
:10F97000407AF1EE10FA40F08F80DBED2F7AF5EE51
:10F98000407AF1EE10FA40F08780DBED2E7AF5EE4A
:10F99000407AF1EE10FA14BF01210021504A137889
:10F9A0008B4264D083F001031370AEE7A36F9847D6
:10F9B000C3B2003B18BF0123D2E54A48C8E712048E
:10F9C0001BD494F8DC01484A00F008001CF0010F39
:10F9D00006D14FEA5C0C1CF0010F02F10102F8D0D5
:10F9E0001178202904D0442900D108B103F8011B63
:10F9F0005FEA5C0C02F10102E8D100221A70A7E66E
:10FA0000002A3FF427ABD4F8C43038489847FFF7B2
:10FA100021BB19F007090BD0354919F0010F20D08F
:10FA200051F8040B5FEA5909007803F8010BF4D18F
:10FA30000021197088E696F80D3118077FF5F3AEAE
:10FA4000194B1970002ADED1FFE6D4F8C48000F00B
:10FA5000FFFC284902460220FDF7C0F9C047FFF726
:10FA6000F9BA4FEA59090431D7E7234BDAE54022C6
:10FA70002249234810F06CFA00283FF44BAF204E87
:10FA80001E4F0FCF0FC60FCF0FC60FCF0FC697E871
:10FA90000F0086E80F0038E701217FE7804D021054
:10FAA000E8280020904B002020590020844D0210AF
:10FAB000884D0210944D0210904D0210784D0210A6
:10FAC000A44D0210AC4D0210A4330020184E0020AB
:10FAD000AC54002024290020144E0210644D021062
:10FAE000145900206C4D02108C8E0210584D0210DB
:10FAF000C88E02109C4D0210083200209034002065
:10FB0000103A002040F27E33994212D070B50C4674
:10FB1000064600212046FBF7CDF940B10288A2F14C
:10FB20001803012B08D990F82C50ED095DB1352050
:10FB300070BD1146FDF74EBD064B93F88351C5F3DA
:10FB40004005002DF3D10146A21A3046FDF71AFAFE
:10FB5000284670BD904B00202DE9F0410D46064629
:10FB600000212846FBF7A6F9002832D00388044676
:10FB7000183B9BB2012B2FD990F82C30DB0943BBEB
:10FB80002846FBF7ABFADFF8908007466EB9D8F845
:10FB9000C0301A4898472846D8F8C05000F058FCA2
:10FBA000A8471748D8F8C0309847D8F8C030CFB128
:10FBB0003846984794F82C30DB0705D53A78D8F8C2
:10FBC000C030CAB90F4898471EB9D8F8C0300E489F
:10FBD00098470020BDE8F0810C4B93F88331C3F3C4
:10FBE0004003CCE70A48984794F82C30DA07EBD565
:10FBF000D8F8C0300348E6E70648E4E74C4E021068
:10FC0000B88E021020480210E8700210904B0020BD
:10FC1000104902101C480210482600202DE9F0412E
:10FC2000294F0646BB6F9847044626B1274B284804
:10FC3000D3F8C030984700252388A4681D44002CC1
:10FC4000FAD1BB6F98470421044628460BF086FE84
:10FC5000074650B3218859B184460023626802EBFD
:10FC6000C30201338B424CF8042BF7D100EB830025
:10FC7000A468002CEED1042229463846154B0FF01B
:10FC8000A3FB4DB1A7F10408314658F8040F013425
:10FC9000FDF780FFA542F7D138460BF07FFE00202C
:10FCA000BDE8F081A468002CF9D02388002BF9D09E
:10FCB00000256068314600EBC500FDF76BFF238827
:10FCC0000135AB42F5D8EDE7282500204826002075
:10FCD0005C4E0210EDC900102DE9F041294F064697
:10FCE000FB6F9847044626B1274B2848D3F8C0300D
:10FCF000984700252388A4681D44002CFAD1FB6F87
:10FD000098470421044628460BF028FE074650B3C6
:10FD1000218859B184460023626802EBC302013393
:10FD20008B424CF8042BF7D100EB8300A468002C25
:10FD3000EED1042229463846154B0FF045FB4DB154
:10FD4000A7F10408314658F8040F0134FDF778FF95
:10FD5000A542F7D138460BF021FE0020BDE8F08126
:10FD6000A468002CF9D02388002BF9D00025606806
:10FD7000314600EBC500FDF763FF23880135AB4238
:10FD8000F5D8EDE72825002048260020A44E0210D3
:10FD9000F9C900102DE9F04781468A460025FAF797
:10FDA0004FFE4278806915440028FAD1FAF748FEE0
:10FDB0000421804628460BF0D1FD044600284AD095
:10FDC000864698F80170B7B100208446D8F8042020
:10FDD000236816187178A3B3224602E052F8043F54
:10FDE0007BB35B788B42F9D1013D0CF1010CBC4532
:10FDF00000F10C00EAD1D8F81880B8F1000FE0D17A
:10FE0000B9F1000F20D1204B0422294620460FF0E3
:10FE1000DBFA85B10027A4F1040959F8048F98F89A
:10FE20000100FAF7B9FF18B151464046FDF79AFDB7
:10FE30000137AF42F1D120460BF0B0FD0020BDE804
:10FE4000F0874EF8046BD0E7104BDDE7D8F8188048
:10FE5000B8F1000FF2D098F80130002BF6D0002452
:10FE60002746D8F8045025446878FAF795FF18B16A
:10FE700051462846FDF776FD98F801300137BB4220
:10FE800004F10C04EDD8E1E725CF001005CA0010FD
:10FE900038B5047894B9294D2948D5F8C030984729
:10FEA0002848D5F8C03098472748D5F8C03098473B
:10FEB00020462649FFF76EFF002038BD0546034661
:10FEC000A4F16101192998BF04F05F0403F8014B04
:10FED0001C78002CF4D128461D4905F007FE30B1EE
:10FEE0001C4B5B6E002BE7D09847002038BD28469E
:10FEF000194905F0FBFD20B121460120FDF76AFB01
:10FF0000DAE7FAF79DFD2A46044641784068FDF796
:10FF100035FC0028D0D1A4694CB160680028FAD023
:10FF20002A466178FDF72AFC0028F4D0C4E7034B89
:10FF30000A48D3F8C0309847BEE700BF48260020E3
:10FF4000EC4E0210FC4E0210084F0210F448021052
:10FF5000144F021028250020204F02102C4F0210B1
:10FF6000F8B51D4B1D4C1E4E0FCB07C4B6F88620AE
:10FF7000237010042CD493B220461A4DA3B195F8E7
:10FF8000DC71194A07F00807D9071ED51178202916
:10FF900006D0442900D11FB1044604F8011B2046B5
:10FFA0005B0802F10102EFD12C23D6F8881000F88B
:10FFB000013BFDF797FDD5F8C030084898470B483E
:10FFC000D5F8C03098470020F8BD01325B08DBE768
:10FFD0002046044DE8E700BF344F021008320020ED
:10FFE000E8280020482600208C8E0210E8700210BD
:10FFF00030B50D4B0D4C83B093E8070003C40C4D96
:020000041001E9
:100000002270EB6D984701462046FDF76BFDD5F851
:10001000C030A4F1080098470648D5F8C03098478A
:10002000002003B030BD00BF444F02100832002052
:1000300048260020E870021010B5254C82B0636E8F
:1000400098470246234B2449ADF8042003C983E8AE
:100050000300104610F0070037D0204A0733C107CD
:100060002BD552F8041B4008097803F8011BF6D180
:100070002C219DF8052003F8011B12F0070209D07E
:100080001649D0071CD551F8040B5208007803F824
:10009000010BF6D194F8E421AAB1114A91781088A5
:1000A0009970D4F8C02018800A4890470D48D4F8B9
:1000B000C0309847002002B010BD40080432CEE79F
:1000C00052080431DDE7084AE8E70733D0E700BF0C
:1000D0004826002008320020584F0210C88E021017
:1000E000504F0210E8700210544F02104FF0FF30D2
:1000F0002DE9F041F1F770F8C368DB6B002B3DD0C0
:100100000546022098470246EB680020DB6BD76863
:10011000984706461B4C1C48D4F8C0309847706975
:10012000D4F8C08000F094F9C047D4F8C030174824
:100130009847B069D4F8C08000F08AF9C047D4F875
:10014000C03012489847F069D4F8C06000F080F9D8
:10015000B047D4F8C0300D48984703213846D4F84A
:10016000C06000F099F9B0470948D4F8C03098470A
:10017000EB680020DB6B0BB1BDE8F0810320BDE82C
:10018000F08100BF48260020604F02102C4C021066
:10019000E870021030B500241D4D85B0D5F8A831A7
:1001A000CDE90144039463B301AA20461949984755
:1001B000029800EB4000C0000BF0B4FBD5F8A8316A
:1001C0000246039000B32046134901AA9847DDE98F
:1001D0000210124B18220FF0F7F8029B01946BB13A
:1001E0002346039803EB430300EBC300FDF716FB24
:1001F000DDE90132013393420193F2D303980BF00E
:10020000CDFB002005B030BD05499847F9E700BF98
:100210004826002011CA001095CD001019CA001000
:1002200051DA00100020704730B5194C8BB0D4F86B
:10023000383153B301A8984738B3D4F8C0301548C3
:1002400098470698D4F8C05000F26C7000F000F99E
:10025000A847059910480131FCF7F8FB04990E48AE
:10026000FCF7F4FB03990D48FCF7F0FB02990C48EE
:10027000FCF7ECFB01990A48FCF7E8FB0948D4F8C5
:10028000C030984700200BB030BD03200BB030BD0C
:1002900048260020744F0210C84702107C4F0210FD
:1002A000604B0210E870021010B504460848214661
:1002B00003F032FD0CB1002010BD03F083FD0028D7
:1002C000F9D1044B0448D3F8C0309847002010BD42
:1002D00081CA001048260020804F021010B5484CFB
:1002E00082B0D4F8B030002B56D00020984783B2AB
:1002F00001900BB3D4F8C030424898479DF80420D1
:1003000012F0070277D04049404BD00741D551F851
:10031000040B5208007803F8010BF6D100219DF878
:1003200005201970002A3AD1D4F8C03037489847D0
:100330003748D4F8C0309847BDF8063003B3D4F836
:10034000C030344898479DF8062012F0070254D078
:100350002D492E4BD00719D551F8040B52080078BF
:1003600003F8010BF6D100219DF80720197062BB3C
:10037000D4F8C030254898472548D4F8C03098476D
:10038000D4F8B03000203BB102B010BD52080431A7
:10039000E0E752080431B8E7032002B010BD2C2179
:1003A00012F0070203F8011B09D01749D00709D53D
:1003B00051F8040B5208007803F8010BF6D1002223
:1003C0001A70B1E752080431F0E72C2112F007024D
:1003D00003F8011B09D00C49D00709D551F8040BCB
:1003E0005208007803F8010BF6D100221A70BFE71B
:1003F00052080431F0E7054B90E7044BB3E700BF28
:10040000482600209C4F0210C88E0210083200209F
:10041000E8700210AC4F0210014B14209B68184783
:1004200028250020084B30B49C46084CDD6B0FCCCF
:10043000ACE80F0094E803008CE8030015B12B46EC
:1004400030BC184730BC704728250020A08E021011
:1004500000210F4A917320B93023104600F80D3F58
:10046000704710B40B4C034602F10E001946A4FB72
:1004700003C2D20802EB820CA3EB4C0330330929F0
:1004800000F8013D1346F1D85DF8044B704700BFFA
:1004900038320020CDCCCCCC07EE100AB5EEC07AB5
:1004A0000022F1EE10FA3D4B70B59A733C4B48BFF9
:1004B000F1EE477A03EB8103D3ED006A58BFF0EE0B
:1004C000477A77EEA67AFCEEE76A16EE904A0029A4
:1004D00048D0F8EE666A012977EEE67A57D00B46E7
:1004E000DFED306A023B012B67EEA67AFAD8CB0724
:1004F0004DD4FCEEE77A17EE903A2B4D01395FFAB6
:1005000081FC2A4EA5EB0C0E6A1C002B44D0A6FBE6
:100510000310C00800EB8001A3EB410303F130019D
:100520000346C9B202F8011D9645EED12E22A5EB75
:100530000C0303F8012CDCB11C4D581E2146A5FB11
:100540000423DB0803EB8302A4EB420230320929C7
:100550001C4600F8012DF1D8B5EEC07AF1EE10FA84
:1005600010D470BD2E22124B03F8012C002CE3D1C5
:10057000B5EEC07A3022F1EE10FAA3F1020003F8D2
:10058000022CEED52D2300F8013C013870BDF2EEAF
:10059000046A67EEA67AACE73021C3E73832002060
:1005A000D48E02100000C84245320020CDCCCCCC05
:1005B0004632002010B52E2104460FF079FD88B197
:1005C000204610F0DDFA431EE25C2344302A05D1B8
:1005D000002103F801191A78302AFAD02E2A04BF14
:1005E00000221A70204610BDF0B50B68C418C35C19
:1005F0002D2B4BD02B2B0ABF637804F1010C04F197
:10060000020C002B40D0002635463446B646214F1A
:10061000303B092B23D85DBB8BB974B30EF1010EAF
:10062000BC422AD91CF8013B0126002BF0D1ACEBCF
:10063000000C0CF1FF33146000200B60F0BD0EF1D4
:10064000010EBEF1090FEBD9042BE9D91CF8016B9F
:10065000A6F13003002EEAD0092BDDD901260233A2
:1006600010D17DB91CF8013B63B1303B092B09D88F
:1006700073B9BC424FF00105D4D804EB840403EBFA
:100680004404CFE7002ED2D10220F0BD0420F0BDFB
:100690001720F0BD999999192DE9F0410B6807468B
:1006A00010F8038000EB030CB8F12D0F06D0B8F161
:1006B0002B0F03D043460CF1010C03E09CF80130F2
:1006C0000CF1020C1846002B4ED0002005460446C3
:1006D000864606460FE003B90CB10EF1010EBEF1DD
:1006E000090F43D8012004EB8404761B03EB440478
:1006F0001CF8013B53B1303B092BECD9023305D137
:1007000025B91CF8013B0125002BF4D160B307EE9D
:10071000904AF8EE677AF5EE407AF1EE10FA17D0CB
:10072000751C0CDA9FED177A334602335C1C67EEBA
:10073000877AFADB0236734223F001031E44731CEE
:100740001AD02EB1B2EE047A013E67EE877AFBD161
:10075000B8F12D0F08BFF1EE677AACEB070C0CF186
:10076000FF33C2ED007A0B60BDE8F08115B90120BE
:100770000136BDE72846BBE79FED037A67EE877A2F
:10078000E6E700BF0AD7233CCDCCCC3D07EE900A6C
:10079000F4EE677AF1EE10FA0FD6F6EEE76A77EE2E
:1007A000E67A9FED077AF0EEE77AF4EEC77AF1EE9B
:1007B00010FA4CBF0120002070470020704700BF96
:1007C0006F12833A07EE900AB3EE047A67EE877AE7
:1007D000FAFE677AFCEEE77A70B517EE904A5CB1E4
:1007E0000D460B4E55B9F7F711FF50B100213220DD
:1007F000F36B9847013CF5D1012070BDF7F72EFC53
:1008000008B9002070BD01F0F9FD0028F9D1EDE72D
:100810004826002010B59FED1B7A044600F10C031A
:1008200073ED017AF5EE407AF1EE10FA18BFA7EEFB
:10083000A77A9C42F4D1B5EE407AF1EE10FA1AD4C0
:10084000F1EEC75AB7EE005AD4ED026A85EE256A7A
:1008500094ED017AD4ED007A66EE866A27EE067A88
:1008600067EE867A15EE900AC4ED026A84ED017A8D
:10087000C4ED007A10BD17EE100A10F051FB05EE22
:10088000900ADFE70000000030B500249FEDB47B44
:1008900022464FF0FF31B44B944603ED027BA3F1A7
:1008A000180ECEE90111C3E900449C60AF4C43F837
:1008B000181CCEF80C1010F8013BE15C490700F160
:1008C0008080542B59D000F286802D2B55D03A2BA6
:1008D00053D053BB0CF1FF31042926D8DFE801F0D7
:1008E0001D20202090002D2B40F08681A2F2B273B3
:1008F000812B40F2168110F8013BE25C550700F1B4
:100900001A81542B00F0758100F27E812D2B00F0AE
:1009100070813A2B00F06D813BB900234FF0010C40
:1009200000220CF1010C002BC5D1DEE904130B43AE
:10093000DEE9020213430343DEE900210B431343C4
:10094000002B40F396808A4830BD3A2B40F0E68079
:10095000172A40F2AF8010F8013BE25C520700F129
:10096000B180542B06D000F225812D2B02D03A2BDA
:1009700040F002814FF0040C0022BCF1050F00F2A0
:100980004C8101A151F82CF0E7080110770A011001
:100990000B0A01104B090110A1090110350A0110C1
:1009A0003A2B40F0EC803B2A00F29680CEF80420EF
:1009B00010F8013BE25C550740F1948000224FF0B3
:1009C000050C02EB8202A3F1300101EB4202002B85
:1009D0007FF471AFA9E75A2BA7D10CF1FF3104299D
:1009E00000F21B8101A555F821F000BF210901107B
:1009F000210901102109011021090110630A0110C8
:100A00003B2A92D8CEF800208FE7542B4FD1002AF2
:100A100073D0DEF81030574D23EAE371012B695C87
:100A200000F0D580914201D3CEF80C2000224FF087
:100A3000030C40E710F8013BE25C520700F18580AF
:100A4000542B00F0B18000F2BE802D2B00F0AC8062
:100A50003A2B00F0A980002B7FF467AF4FF0060C13
:100A60005EE73B2A01D8CEF8002000224FF0060CAA
:100A700021E7002030BD2D2B40F0C980013A0B2A20
:100A800000F28080CEF8102010F8013BE25C5107A4
:100A90007DD4542B00F0AA8000F2B2802D2B00F000
:100AA000A5803A2B00F0A280002B7FF43EAF4FF0E0
:100AB000020C35E7CEF8082010F8013BE25C510744
:100AC0007FF54FAF0022A3F1300102EB82024FF01D
:100AD000040C01EB42027AE710F8013BE25C51079B
:100AE0003FF56CAF542B5CD068D82D2B59D03A2BE6
:100AF00057D00022002B85D017E710F8013BE15CAE
:100B00004D0754D4542B00F085806BD82D2B00F06A
:100B100081803A2B7ED0002B7FF407AF4FF0030C7F
:100B2000FEE6A2F26C72CEF8142010F8013BE25CF3
:100B300052077FF5E6AE6246A3F1300102EB820276
:100B40004FF0010C01EB420241E70022A3F130011A
:100B500002EB82024FF0060C01EB420237E700BFC6
:100B6000FFFFFFFFFFFFFFFF18250020D99F0210A6
:100B700000250020BC8E0210002B7FF4D6AE4FF073
:100B8000040CCDE610F8013BE25C520781D500224F
:100B9000A3F1300102EB82024FF0020C01EB4202A2
:100BA00015E74FF0050CE7E64FF0060CE4E64FF0D2
:100BB000030C06E75A2B7FF4B8AEE0E75A2B7FF41C
:100BC000B4AE00224FE75A2B7FF4AFAE46E7DEF813
:100BD0001430642B3FF426AF03F00303002B08BF4F
:100BE00001311FE75A2B7FF4A0AE97E74FF0020CBC
:100BF000C2E64FF0010CBFE662464FF0010C5AE628
:100C00005A2B7FF492AE52E75A2B7FF48EAE4FF000
:100C1000010C85E64FF0030CAEE600220CF1010C4E
:100C200049E600BF034630B100205A1E134000F1D0
:100C30000100FAD170477047704700BF0346104665
:100C400042B3164A30B592F848C0CCB21CEA010F44
:100C50001FD011460322013A2CFA02FE1EF0010FAA
:100C600024FA02F511D0ED070FD5D3ED027A91EDFC
:100C7000187AF4EEC77AF1EE10FA0CD491ED1B7AE3
:100C8000F4EEC77AF1EE10FA05DC0439043B002AD1
:100C9000E1D130BD7047002030BD00BFE828002002
:100CA0002DE9F04F2DED048BDFF8F88489B098F82A
:100CB0009970DFF8F494CDE900237A07DDED168A08
:100CC000DDF860A0D9F8043100F0A6809DF85C70D2
:100CD0009DF85D6000EB870292ED006A00EB8602F2
:100CE000D2ED006A01EB870292ED007A01EB8602F9
:100CF0009DED008A9DED019AD2ED007ABAF1000FC8
:100D000005460C4676EE485A76EEC94A37EE485A02
:100D100037EEC94A4FEA87074FEA860650DDBAF137
:100D2000010F41D00DF1080E38EE687AF4464FF00D
:100D30000F0B20686168A268ACE807000DEB0702A2
:100D400079EE687A82ED027A0DEB0602C2ED027A44
:100D50007046012298F89910984700B3BAF1000F35
:100D6000D4BF22462A4610685168926805AB1BF032
:100D7000080F07C366D038EE888A6F441BF0010F56
:100D800087ED058A50D078EE898A6E44C6ED058AD3
:100D90000122D9F8043198F8991005A8984709B0AC
:100DA000BDEC048BBDE8F08FB0EE443AF0EE653A4E
:100DB000B0EE644AF0EE455AF0EE434AB0EE635AA4
:100DC000F5EEC04AF1EE10FAF5EEC05A47DBF1EE4F
:100DD00010FAB5EEC04A71DDF1EE10FAB5EEC05A68
:100DE000C0F2EB80F1EE10FA40F2B580F4EEC55A95
:100DF000F1EE10FA00F29A800DF1080EBAF1010F2F
:100E000038EE687AF44692D028686968AA684FF08C
:100E10000F0BACE8070091E70122394609B0BDECA1
:100E2000048BBDE8F04F184734443544D4ED008AB4
:100E3000D5ED007AF4EEE78AF1EE10FA58BFF0EE45
:100E4000678AA2E7E31993ED008AEB19D3ED007AE4
:100E5000B4EEE78AF1EE10FA38FE278A8DE7F1EE5C
:100E600010FAB5EEC04A00F18B80F1EE10FAB5EE43
:100E7000C05A51D4F1EE10FA0DF1080EB4EEC76A63
:100E8000F44640F3D280BAF1010F00F06781F1EE31
:100E900010FA4FF0080B28686968AA6837FE067ACE
:100EA000ACE80700F4EEE76AF1EE10FA0DEB07028A
:100EB00082ED027A58BFF0EE667A45E7F1EE10FA5D
:100EC000B5EEC05A13DBF1EE10FA8FDD0DF1080E0E
:100ED000BAF1010F38EE687AF44600F020812868F4
:100EE0006968AA684FF00E0BACE8070026E7F1EE40
:100EF00010FA0DF1080E38EE687AF44640F2C4801C
:100F0000BAF1010F00F03E8128686968AA684FF0C5
:100F1000060BACE8070011E7F1EE10FA00F1A38030
:100F2000F4EEC55AF1EE10FABFF666AF0DF1080EF9
:100F3000BAF1010FB4EEC76AF44600F0C480F1EED6
:100F400010FA28686968AA684FF0000BACE807003F
:100F500037FE067AA6E70DF1080EBAF1010FB4EEDE
:100F6000C76AF44600F0E380F1EE10FA2868696879
:100F7000AA684FF0010BACE8070037FE067A91E74C
:100F8000F1EE10FAB5EEC05A2BD4F1EE10FA0DF1D5
:100F9000080EB4EEC76AF44656DDBAF1010F00F050
:100FA0009E80F1EE10FA28686968AA684FF00C0B71
:100FB000ACE8070037FE067AC0E6F1EE10FA0DF154
:100FC000080E38EE687AF44623D9BAF1010F00F022
:100FD000928028686968AA684FF0070BACE80700A0
:100FE000ACE6F1EE10FA9BDD0DF1080EBAF1010F3F
:100FF000B4EEC76AF44600F08680F1EE10FA286875
:101000006968AA684FF0040BACE8070037FE067A5F
:1010100094E6BAF1010F00F0AD8028686968AA680B
:101020004FF0030BACE807003CE7BAF1010F36D0F4
:10103000F1EE10FA28686968AA684FF0090BACE86D
:10104000070037FE067A2DE7BAF1010F7AD0F1EEEC
:1010500010FA28686968AA684FF00D0BACE8070021
:1010600037FE067A6AE60DF1080EBAF1010F38EE86
:10107000687AF44600F08E8028686968AA684FF0A4
:101080000B0BACE807000DE7BAF1010F13D028688D
:101090006968AA684FF0020BACE8070002E7F1EEBE
:1010A00010FA20686168A2684FF0090BACE80700ED
:1010B00037FE067AF6E620686168A2684FF0020BF8
:1010C000ACE80700EEE6F1EE10FA20686168A2686D
:1010D0004FF0000BACE8070037FE067AE2E6F1EECF
:1010E00010FA20686168A2684FF00C0BACE80700AA
:1010F00037FE067A22E620686168A2684FF0070B87
:10110000ACE807001AE6F1EE10FA20686168A26800
:101110004FF0040BACE8070037FE067A0EE62068B5
:101120006168A2684FF00E0BACE8070006E6F1EE2E
:1011300010FA20686168A268D346ACE8070037FE61
:10114000067AAFE6F1EE10FA20686168A2684FF007
:101150000D0BACE8070037FE067AEFE5F1EE10FA6A
:1011600020686168A2684FF0080BACE8070037FE02
:10117000067A97E620686168A2684FF0030BACE836
:1011800007008FE620686168A2684FF0060BACE8A4
:101190000700D3E520686168A2684FF00B0BACE84C
:1011A00007007FE6E828002028250020F0B52DED77
:1011B000028B00260C468FB0074604A808EE102AC2
:1011C000CDE902660196F5F727FE9DF824304949DE
:1011D00023F0120343F0120301A88DF824300B967C
:1011E000FBF7EAFA032321463246DFF824E1FDB299
:1011F0009EF884C101A8013B25FA03F4E4072CFA08
:1012000003F60ED5D1ED027A90ED027A68EE277AD8
:10121000F4074CBF37EE277A37EE677A80ED027A13
:10122000013204380439002BE5D107EE902AF8EE9C
:10123000677AF5EE407AF1EE10FA9EED118A51D4FC
:10124000B1EEE77A68EE077A2B4B04A95B7E01A822
:10125000CDED047A8DF82630F5F704FB0423274CF6
:10126000274EA372E772F6F713F9F5F70DFE02E0C9
:101270000420336D9847F6F70BF9E36B13F0640F16
:10128000F6D0E76B1F4EBA0603D50621B36C1E4895
:1012900098477B0603D50721B36C1B489847736EAC
:1012A000984740EA10232B42ADF8000003D00821F4
:1012B000B36C15489847256C5DB90421736C1348CD
:1012C0009847F5F793FF0120A5720FB0BDEC028B94
:1012D000F0BDF4F769FFF7F799F900200FB0BDEC06
:1012E000028BF0BD17EE900A0FF01AFE07EE100AFF
:1012F000A8E700BF7429002090340020E8280020CF
:101300002825002048260020282900202429002004
:10131000904B00200D4A92F8833113F0020308D05D
:10132000C0B290FAA0F30028B3FA83F308BF4FF0DD
:10133000FF3302EB431090ED117AD0ED127A0129C0
:1013400047FE877A17EE900A704700BF904B002047
:101350006D4B10B593F8484074B319B104F007020F
:10136000072A2AD003236849684A013B24FA03FC70
:101370001CF0010F1BD0D2ED1F7AF5EEC07AF1EE12
:1013800010FA14D5D0ED027AD1ED1B6AF4EEE67AAC
:10139000F1EE10FA91ED187A58BFF0EE667AF4EE9D
:1013A000C77AF1EE10FA77FE877AC0ED027A043838
:1013B0000439203A002BD8D110BDDFED556A4FF02B
:1013C000000E00F10C0201F10C0C72ED017A3CED03
:1013D000017A77EEC77AF0EEE77AF4EEE67AF1EE8C
:1013E00010FA09DD82420EF1010E07D0BEF1020FA4
:1013F00007D04FF0010EE8E78242E6D1BEF1020FBE
:10140000B0D1D0ED004A93ED164AF4EEC44AD1EDC6
:10141000006A90ED017AD1ED013A91ED026AD0EDCA
:10142000027AF1EE10FA34EEE65A77EE635A77EE6E
:10143000C67A06D493ED194AF4EEC44AF1EE10FAD6
:1014400013DD85EE857A74EE666AC7EE854A80ED17
:10145000004AB0EE474AB0EE637AA6EEA46AA4EE64
:10146000267A80ED026A80ED017AD3ED176AF4EEF8
:10147000C76AF1EE10FA30DCD3ED1A6AF4EEC76AEF
:10148000F1EE10FA29D490ED027AD3ED186AF4EE59
:10149000C76AF1EE10FA07DCD3ED1B6AF4EEC76AF7
:1014A000F1EE10FA7FF55EAF91ED024A91ED017A0F
:1014B00091ED006AC5EE274AC0ED026A85EEA75A93
:1014C00076EEC46AF0EE477AA4EEA66AE6EE857A76
:1014D00080ED006AC0ED017A44E7D1ED013A91ED6B
:1014E000006A91ED027A85EE254AC7EEA54AC0ED65
:1014F000016A76EEE36AA4EE266AA6EEA47A80ED8F
:10150000006A80ED027AC0E7E8280020904B0020B6
:101510006F12833A034643EA104343EA102303F071
:10152000FF0382B043EA106002B0704710B50D4C63
:1015300082B00190C4F8880000F070FF40F20113FF
:10154000184201D1236C0BB102B010BDF4F72CFE90
:101550000121054B04F140009B6C02B0BDE8104036
:10156000184700BFE8280020482600202DE9F04158
:101570002C4CDFF8BC802146424603234FF0000E7E
:1015800094F81A6194F8825198F84870264806F049
:10159000010605F00805013B27FA03FC1CF0010FCA
:1015A00022D036B198F80CC02CFA03FC1CF0010FC5
:1015B00035D19FED1E7AD1ED1F7A77EE277AF5B1FE
:1015C00094F884C12CFA03FC1CF0010F1ED14FF0DB
:1015D000000CC2ED187AC2F86CC02039043A043805
:1015E000002BD8D1BDE8F081C2F86CE0C2F860E011
:1015F000043A20390438002BCDD1BDE8F081B1EE9A
:10160000477AC2ED187A82ED1B7AF1E7F1EE677A3C
:101610004FF0000CC2ED1B7AC2F860C0E8E790ED15
:10162000027AC8E7904B00207C35002000000000C3
:10163000E82800202DE9F047DFF8A490C5B299F81A
:101640008231180710D5032300240020224A013BD1
:1016500025FA03F1C90744BF42F8400C1460043A6C
:10166000002BF4D1BDE8F0878A464F460324DFF80B
:101670007480194E013C25FA04F3DA0718D599F85D
:101680008431E340DB071BD5D7ED1F7ABAF1000F99
:1016900003D098ED027A77EE877A97ED1C7A46EDC3
:1016A000107A67EE877A17EE900A0FF005FC30602B
:1016B000203FA8F10408043E002CDBD1BDE8F087F0
:1016C000BAF1000F04D0D8ED027AF1EE677AE4E7C0
:1016D000DFED027AE1E700BF7C2900200000000076
:1016E000904B00207C3500202DE9F04F2DED028B32
:1016F000044DA1B02F883FB1002021B0BDEC028B7A
:10170000BDE8F08FE8280020CAB2BA49C3B2064645
:1017100016A891F8854105930192F5F77DFBB64B2C
:101720009FEDB67A5B7EFFEE086A8DF86E3010ABE7
:1017300003214FF0010C1846B8461D979DF86C70B8
:10174000AC4A27F0120747F01207DDF804908DF835
:101750006C705FFA86FA01390CFA01F740F8047DE3
:101760002AFA01F7FF0729FA01FE10D5D2ED1F7AF8
:1017700067EEA67AF4EEC77AF1EE10FA58BFB0EE33
:10178000677A1EF0010FC3ED027A18BF8846203A2F
:10179000043B0029DFD1B5EE407AF1EE10FACDF826
:1017A000088000F0FE81964B30469B6E984708EE0D
:1017B000100AB5EE408AF1EE10FA9DD0019B002B85
:1017C00040F04481019B069301234FF0000B03EB93
:1017D00044030893874BD94693F80D315E4613F0C6
:1017E000100F14BF65236423DFF824820993CDF81A
:1017F00010B04FF0000A834913A8FAF7DDFF5446F2
:1018000003237C4F13A897F884710FA910AA03979C
:101810000796059F013B27FA03FC039F1CF0010F6D
:1018200027FA03FE16D00026764F1EF0010FD2EDE8
:10183000027A47F823600AF1010A00F03E81B9F10B
:10184000020F01D0F1EE677AC0ED027A91F800C084
:1018500044EA0C0404380439043A002BD9D1D8F8EE
:10186000A430079E2BB14A4618EE101A9DF81400BA
:10187000984707EE90AAB8EE677AB5EE407AF1EE97
:1018800010FA00F1B281F1EEC77A28EE278A16A984
:1018900013A88DED168AEC72F4F7E4FF0423AB7203
:1018A000F5F7F6FDF5F7F0FA029BDDF824A02233F8
:1018B00005EB83030393B9F1020F53D0504B5B6EDA
:1018C0009847BBF1010FADF82C00C3B2C0F307205D
:1018D00000F0E580BBF1020F00F0E780019943EAD8
:1018E000000212EA010B18D0584011EA000B00F078
:1018F000E2800B420CBF4FF0020B4FF0010B0126B0
:1019000022EA01020792039A3D4B52680846D3F837
:101910009030594604929847079A032310A951F82A
:10192000040D013B044222FA03FC0CD01CF0010F11
:1019300009D00120029F98409F420CBF002606F06C
:10194000010624EA0004002BE9D1EC7256B1039B96
:10195000049A5B68D31A002B069AB8BF5B42934285
:1019600000F32581F5F794FDE96B11EA0A0108D02F
:10197000012940F0A780224B23485B6C9847FDF774
:1019800011FB0420D8F850309847600793D1F5F741
:101990002DFC184A1A4BB2F880010021DB6B9847E6
:1019A000B9F1020F0CBF4FF001094FF00209059F7A
:1019B000134B49469B6E38460CBF4C460024984753
:1019C000B2EE047AF7EE007A002C08EE100A4FF01F
:1019D000030438460D4B07FE877A10AA013C20FA13
:1019E00004F1C90716D5D3ED027A67EE877AC2ED06
:1019F000027A0FE0904B002090340020000000009D
:101A00004826002074290020242900207C3500204D
:101A100028250020043B043A002CDFD1019B3BB178
:101A2000754B21462046D3F890309847A34626466A
:101A3000B5EEC08AF1EE10FA6EDD059B002B6BD07F
:101A4000089A531E002A67D00893D2E66B4BDFED4D
:101A50006C4A93ED5D7AB1EE477A93ED5E6AD3ED11
:101A60005F6A03EB481393ED0F5AC7EE247A67EED3
:101A7000857AB4EEE76AF1EE10FA77FE867AF4EE34
:101A8000E76AF1EE10FAD3ED0C5A58BFF0EE667A21
:101A900067EEA57AFDEEE77ACDED067A94E6019A37
:101AA00023EA020340EA030237E7019A20EA020030
:101AB00043EA000231E75E462FE7B9F1020F7FF4F7
:101AC000C3AEBFE611F0200F8A4604D04A4B062170
:101AD0009B6C4C4898471AF0400F04D0464B0721A6
:101AE0009B6C48489847444B00210220DB6B984789
:101AF000B9F1020F65D01AF0040F04D03E4B092152
:101B00009B6C404898472B6C002B69D13A4B0421C1
:101B10005B6C3D4898473AE7019B002B34D0029B11
:101B20009C1C364B03EB4413D3ED007AF5EE407A60
:101B3000F1EE10FA28D0F5EEC07AF1EE10FA019E1F
:101B40002D4B4CBF022101213046D3F890309847ED
:101B50002A4B20AA03EB4413D3ED007AF0EEE77A88
:101B6000029B304602EB830310A94FF07E5243EDF7
:101B7000107AFFF71BFB00283FF4BEAD00211E4B7F
:101B80000846D3F890309847059C01212046FFF77E
:101B900051FD0022AA72224695F848301A4385F872
:101BA0004820012021B0BDEC028BBDE8F08F124B24
:101BB0000F219B6C13489847F4F7F6FAF6F726FDC9
:101BC0009AE50D4C636E9847059BADF8300040EAEE
:101BD0001020184297D00821A36C0A48984792E732
:101BE000F4F7E2FAF6F712FD86E517EE100A0FF0A9
:101BF00097F907EE900A48E648260020904B00200F
:101C00000000C842282900202429002050B10346A2
:101C100010B4054C006859689A6807C402485DF81A
:101C2000044B7047004870477C3500202DE9F04197
:101C30004E4C4FF0000694F8833105469B0782B066
:101C4000C7B237D494F81A01DFF830812946D8F8A2
:101C5000583000F001009847D8F8A030F3B10120C7
:101C6000984707EA000414F0FF0417D0D8F8903022
:101C7000002B62D0E3074FF001064FF0010204D4BD
:101C800053002342DAB2FBD01646944255D1D8F81D
:101C90006430984740EA1020204253D1344B3146FB
:101CA0002846D3F800319847471EFFB2384602B0A5
:101CB000BDE8F0813846FEF7B5FF0128C2D9002FF4
:101CC000C0D022463B46FF20002113F0010F42D036
:101CD000FF2809D108465B0801F1010102F1200249
:101CE0003DD013F0010F36D004EB401CD2ED127A38
:101CF0009CED127AB4EE677AF1EE10FA08D1D2EDCB
:101D0000117A9CED117AB4EE677AF1EE10FAE2D016
:101D100000240125FA0705D4C7F34707FA0704F1A1
:101D20000104F9D505FA04F0FFF780FFC7F3470770
:101D3000C8B9002FBAD00134ECE73727384602B0D3
:101D4000BDE8F08130460B4A0B49FFF72FFA002817
:101D5000A4D12D27AAE701315B082032B5E7FE2880
:101D60007FF470AFD4E70746A0E700BF904B002098
:101D700028250020000020417C3500204826002036
:101D80004A0510B5C1F3072302D59B072AD510BD1C
:101D9000154C164B0122D3F8043194F8991098474A
:101DA0000028F4D1237A43F00403237200F036FBB9
:101DB000082801460E4C0BD1236C0E48984702E0D0
:101DC00000F02CFB20B1F6F721FC0028F8D110BD63
:101DD000F4F7EAF9A36C022107489847BDE81040E0
:101DE000F6F714BC004CDDE7E82800202825002089
:101DF0004826002024290020282900200849094AD3
:101E000091F8883191F887C191F8860143EA0C0373
:101E100092F8481003431940137382F84810704732
:101E2000904B0020E82800200C4B93F8823103F0FF
:101E30000502052A01D000207047094A92F8810066
:101E400048B1107B0028F7D092F84830984314BF6F
:101E50000120002070475B06EED4F2E7904B002093
:101E6000E828002010B4084B0849094C094A8C6640
:101E700009480A49C3F80421094AC3E942015DF847
:101E8000044BC3F800217047282500204826002075
:101E9000151301103D0C0110A10C0110511301107C
:101EA000E9160110064A13685168013303F00F0365
:101EB000994203D0116813600A441072704700BF42
:101EC0008C330020064A53681168994206D0591C89
:101ED00001F00F011344187A5160704700207047D9
:101EE0008C330020064A13685168013303F00F0356
:101EF000994203D0116813600A441072704700BF02
:101F0000444D0020064A53681168994206D0591C76
:101F100001F00F011344187A516070470020704798
:101F2000444D0020064A13685168013303F00F0343
:101F3000994203D0116813600A441072704700BFC1
:101F400014330020064A53681168994206D0591C80
:101F500001F00F011344187A516070470020704758
:101F600014330020002305480549064A43600360F6
:101F70004B600B6053601360704700BF1433002048
:101F8000444D00208C330020704700BF70B50446DC
:101F9000C06878B1084B0D461E6C26B16378A26804
:101FA0002178B047E0682B46A2682178BDE87040F0
:101FB00002F0A2B870BD00BF282500202DE9F04135
:101FC000DFF88C81064698F82031D9075BD4F4F706
:101FD000D3FB0027544C054638466770EFF7FCF8F2
:101FE00000287FD0C268002D38D06B6C934200F07F
:101FF0008C80002A00F094806770836822610278E8
:10200000E360227194F9013004EB03131B69AA7D8C
:1020100022709B7A1A0703D598F81031DB0670D42A
:10202000424C226812F028003CD1102E4FF00204DE
:102030003F495BD03F4B81F8284018770B7AC3F3B8
:10204000800383F00103DBB23B4C8B702060A2F174
:102050000800B0FA80F04009BDE8F081002A4ED0B7
:102060006570836822610278E3602271334B344AE1
:102070009B6F557E984794F901300543257004EB1A
:1020800003142369C5E72F48F4F7C6FE0021294A47
:1020900092F83430D16323F0120343F0120382F834
:1020A000343094E70020F5F71DF92149264A8B7A50
:1020B000102E43F002038B72244B13604FF0020387
:1020C00022682AD000241B4881F8283004770B7A34
:1020D000202AC3F3800383F001030CBF30460020A5
:1020E000DBB2B1E72061002D8CD1BFE70B7A81F81C
:1020F0002940C3F3800383F00103DBB2A4E722612C
:10210000B4E79E20FFF7EEFE8AE72A6C6770E26074
:1021100095F838202361227179E781F82930D6E7D4
:102120001346226173E700BF383D0020AC51002008
:10213000E8280020083C0020503C002048260020D1
:1021400090340020283C00200C1A0020092E011099
:10215000904B002040070CD5094A10B5937A5907D7
:1021600008D4BDE81040074B074A04201A601B68DA
:102170001847704723F004039372F5F745F9F0E729
:10218000E82800200C1A0020092E0110400700D476
:10219000704770B5264A84B0937A59072ED400212F
:1021A0000022244C244D206B436A84F82410E26200
:1021B000984795F8343113F0020305D11F4A1846A9
:1021C000526F84F8363090471D4B1E4E3360237F8C
:1021D0009B070DD595F82131D5ED497A9A0004EB8E
:1021E000830393ED007AB4EEE77AF1EE10FA0BD4A4
:1021F0000420336804B0BDE87040184723F004039E
:102200009372F5F701F9CAE7D5F8281101AD0DEB86
:102210000203216294E8070085E8070028460A497E
:10222000C3ED017AF3F796FF0028E1D004B070BD4A
:10223000E8280020083C0020904B00204826002081
:102240006D2801100C1A0020283C0020114B10B5FD
:10225000DB680620984702200F4B1049104A0B609C
:10226000137F104C43F004031377A37A84F82800FB
:102270005B0704D4BDE8104004200B681847002019
:10228000F5F730F8A37A23F0060343F00603A372B0
:1022900010BD00BF28250020552101100C1A002078
:1022A000083C0020E828002010F0400308D0484BEC
:1022B0001A7F110760D51A7F42F004021A7770471F
:1022C000420758D52DE9F041424E2DED028BB27AEE
:1022D000540753D43E4C404F237F97F820213F4D65
:1022E0003F4923F00403D0072377296002D5237FD9
:1022F000590733D4D7ED4E7A9FED3A8A67EE887A44
:10230000FCEEE77A237F384843F00803237717EE83
:10231000903A99B2FFF73AFE344B354A9B6F92F8E8
:1023200019809847C0B2404512D0D7ED4F7A67EE7A
:10233000887AFCEEE77A17EE902A2B4B91B213F8CD
:10234000040C01F0E1F9284B13F8040CEEF758FFE8
:102350000022237F327723F008032377237F5A0755
:1023600012D4237F9B0715D4BDEC028B2B6804206D
:10237000BDE8F04118477047FFF768BF63F382027A
:10238000B272F5F741F8A5E7BDEC028BBDE8F0416C
:10239000FFF75CBF0420174A174992F90130D7F8BC
:1023A0002C7102EB0313127886F8280084F836208B
:1023B000DA681B79A1F1140084F82430E262276204
:1023C000F3F7C8FE0028CFD0BDEC028BBDE8F0814A
:1023D000083C0020E8280020904B00200C1A002028
:1023E000952A011000007A443C3D00204826002038
:1023F00090340020383D0020283C0020054B93F805
:10240000200110F0010003D0034B187FC0F38000BF
:10241000704700BF904B0020083C0020014B18681B
:10242000704700BFAC5100202DE9F04F974E81B0AE
:102430003768874236D02028044636D8202822D84C
:10244000DFE810F0720009010901210009012100F3
:1024500021002100BF0021002100210021002100D6
:1024600021002100990021002100210021002100EC
:102470002100210021002100210021002100210054
:10248000210021008C00A7F10401B1FA81F140F292
:1024900001127F4D49096B7A174261F304136B7285
:1024A00000F05D8101B0BDE8F08F802800F09D80D4
:1024B0001ED9B0F5807F00F06581B0F5007F40F057
:1024C0005081744B744A724D30601A606B7A23F0FD
:1024D00010036B72002385F88030A742E2D06F4B67
:1024E0005B6B002BDED0204601B0BDE8F04F1847F3
:1024F000402840F0368140F2831317EA0308D1D117
:10250000664B0620DB6898470223614D204685F81C
:102510002830FFF753FD002800F0898034606B7A83
:1025200068F304136B72D5E70023594D5C495D4A8B
:102530000B77AB705C49AB722B8513603360554BE6
:1025400019602B7A9906C1D51024584B08211B6CB1
:1025500005F13C001460984734686FE0B7F5007FE0
:1025600008BF504B4B4A08BF1F6020235049484DBD
:1025700011603360AAE7BB06454D13D46B7F980703
:1025800010D41020FFF71AFD28B90123414A494908
:1025900085F82930116010222B7A326023F0200355
:1025A0002B7293E73F4B1B68102B00F0D3806B7F9F
:1025B00003F08203822B07D12B7A43F020032B7286
:1025C00002E0002F7CD0324DA7F10401B1FA81F175
:1025D00040F201136A7A490961F304123B406A72BE
:1025E0007FF460AF85F880305CE70223284D85F8E2
:1025F0002830FFF7E3FCD0B13460DFF898802E4B31
:10260000D8F800209A4200F0C980F4F761FC01F08C
:10261000CFFD264B4FF000005B6F98471F4B0B2000
:10262000DB689847254B3468C8F8003006E01D4B3E
:102630001B68A34225D13468802CDED040F2011201
:10264000231F594259416B7A144261F304136B7290
:102650007FF443AF3EE73460A4F10406B6FA86F691
:1026600040F2011200200A4D76096B7A094966F39F
:1026700004136B72114B1442A8700B607FF42FAFE0
:1026800028E7346000F0D6FAD5E700BFAC5100204F
:10269000E82800200C1A0020DD2A0110282500203F
:1026A000083C0020503C0020F9270110482600205B
:1026B000412B01106D2801108D210110891F01107F
:1026C000F4F75AF8044600286AD00823444D3360D2
:1026D000AF71F4F7DDFE94F93830002B25DADFF81E
:1026E00014A1DAF8B0319847636C81461A6C0AB1CC
:1026F0009047636CDB6B00209847436941F2883B4D
:1027000003F102080AE0DAF8B0319847A0EB0900BB
:10271000584556D8EB6B13F0300F58D1636C00203E
:10272000DB6B984743694345EDD1F4F7ADFB346863
:102730002C4B2D4AA4F10401B1FA81F11A6040F248
:1027400001126B7A490961F3041314426B723FF46E
:10275000C1AEC4E62B7A9A067FF529AF11E73C4655
:10276000B8E6A7F10400B0FA80F040F201131C4A69
:102770004009517A3B4060F30411517208BF82F85E
:1027800080308FE60021164B34605A7A1548174D79
:1027900061F30412056099705A72A0E6802495E6F0
:1027A000346840F20112A4F10401B1FA81F10C4D38
:1027B00049096B7A144261F304136B723FF48AAED9
:1027C0008DE60E2001B0BDE8F04FFAF755B8202194
:1027D000DAF84030064801B0BDE8F04F184700BFB6
:1027E000E82800200C1A0020412B0110891F01103D
:1027F000242900204826002010B5044680070FD465
:10280000210712D4620508D50C4B0120D3F8E03023
:1028100098474FF40070FFF707FEA30509D410BDD9
:102820000820FFF701FE2107ECD51020FFF7FCFD83
:10283000E8E78020BDE81040FFF7F6BD48260020FD
:10284000430610B5044603D5064B1B68402B05D143
:10285000054B2046BDE810401B6818474020FFF795
:10286000E3FDF5E7AC5100200C1A00202DE9F04300
:102870004507044685B004D57B4B93F82031D80733
:1028800028D4A20545D463060AD5784BDB6E984759
:10289000774BC0F3C00083F8280005B0BDE8F08393
:1028A000A7073AD5734C2368102B44D0802BF4D063
:1028B000B3F5007F00F09880402B40F0D2806E4D41
:1028C0002B7F5E0755D4694BDB6E9847000750D5C8
:1028D000236885E0664DAB7A590744D4634EF36EA6
:1028E0009847644BC0F3C0001B6885F82800802B14
:1028F000C7D1F4F7EDFA01F05BFC4FF00000736F05
:1029000098475E4B0B20DB6898475D4B5D4A1A6029
:10291000C3E78020FFF788FDB5E72304BDD5534BFF
:10292000DB6E984710F0080004BF514B83F8280075
:1029300005B0BDE8F0834E4D2B7F0BB908232B77F4
:10294000514E494F96F9013097F9101106EB0313D8
:1029500018690029826A53DB9047C2077ED500229E
:1029600023682A773CE023F00403AB72F4F74CFDB4
:10297000B4E70421454B424E3D4A33602B7F82F839
:102980002810990728D5384A2B7F92F82111D2EDCB
:10299000497A05EB810090ED037AB4EEE77AF1EE27
:1029A00010FA23F004032B7716D8D2F82821D5F893
:1029B00018C02A62364D01AF0DEB810395E8070080
:1029C00087E80700384605F11401C3F804C0F3F79F
:1029D000C1FB00287FF47CAF33680420984723684C
:1029E00013F0C00F7FF459AF214C0020A57AFFF7F8
:1029F0001BFD0820A57205B0BDE8F043FFF714BD2C
:102A000093F80480904708F0010800F00100404569
:102A1000DFF868800CD00A20D8F80C30984796F977
:102A20000100B7F8A01006EB00100430FFF7AEFA73
:102A30000E4B96F800909B6F9847C0B2484507D060
:102A40003078B7F8981000F05FFE3078EEF7D8FBDA
:102A50000020D8F80C302877984739E7EEF7C0FB0C
:102A60007DE7034D6CE700BF904B00204826002017
:102A7000E8280020AC510020083C00202825002038
:102A80000C1A0020891F0110383D0020A9220110D6
:102A9000143C002008B510F0400312D140070FD5B8
:102AA0000C4A0D48917A82F82830490703770CD4F4
:102AB0000020FFF7B9FCBDE808400820FFF7B4BCD0
:102AC00008BDBDE80840FFF7C1BB9372F4F79CFC5A
:102AD000EEE700BFE8280020083C0020830724D54B
:102AE00070B5124C124D94F8800078B9D5F8E030EA
:102AF00003B198470F4BD3F8CC3013B1D4F8D000C2
:102B000098478020F9F700FF94F880000A4A4302B2
:102B100000201360FFF788FC0820FFF785FC2B6C72
:102B20000121BDE8704005481847704790340020E7
:102B30004826002028250020503C00202429002081
:102B400002282BD010B50446600504D5144B012093
:102B5000D3F8E0309847610704D422060AD423074B
:102B600017D410BD0F4B93F880004002FFF75CFCB8
:102B70002206F4D50120F4F7B5FB01210A4B0B48DE
:102B80009A7A997042F002029A72094A2307026007
:102B9000E7D5BDE810401020FFF746BC704700BFE6
:102BA0004826002090340020E82800200C1A00203D
:102BB000B52B0110420712D538B5174B1B68202BD7
:102BC00019D0164C164B1868FFF72EFCE17939B175
:102BD000144B15489B6C98470023E37138BD704730
:102BE000124B93F88030002BF8D0BDE838404FF4FA
:102BF0000070FFF719BC0025084CA572F3F70EFD15
:102C0000F4F7F4FAF4F732F8094804F18C01F9F713
:102C1000D3FDA570D6E700BFAC510020E828002006
:102C2000503C002048260020282900209034002015
:102C3000F83400202DE9F0410025674CF4F73EF808
:102C4000E179A57229B1654E04F14000B36C984753
:102C5000E571634D2B68802B1ED0B3F5007F0CD03F
:102C6000402B19D0237A5A0711D401235D4A5E49BB
:102C700084F829301160BDE8F08101F099FA574BD2
:102C80004FF000005B6F9847237A5A07EDD5BDE8F7
:102C9000F0410020FFF7C8BB0022544E227796F87F
:102CA0002031DF074AD5637F180747D4337E012BD5
:102CB00044D04F4F3B7FD90756D596F821C194F8A1
:102CC000483023FA0CF3DA0738D507EB8C0396ED7E
:102CD000497AD3ED037AF4EEC77AF1EE10FA2DD5E6
:102CE000444B404C23603B7F5B076BD4D6ED4C6A72
:102CF00077EEA67AB4EEE77AF1EE10FA77FE877AED
:102D0000C7ED067A3C4B93E8070087E8070007EB1E
:102D10008C0C9CED007AB4EEE77AF1EE10FA2DD42B
:102D20003B7FC3F380025B0703D43B7F62F3410325
:102D30003B7723680420BDE8F041184701F038FADA
:102D400096F83431254E99070AD44FF00000736F7E
:102D50009847F36E9847C0F3C00084F8280081E7D5
:102D60002B68802BF5D1F0E73B7F244943F001032A
:102D700007F10C003B77F9F71FFD9EE7204BD6F8D3
:102D80002C0193F901101A7803EB01131D491D79E9
:102D900087F83620DA681B693862A1F1200087F8CD
:102DA00024503B63CCED007AFA62F3F7D3F93B7F12
:102DB0005D0703D43B7F60F341033B7700287FF43A
:102DC0005AAFB6E70D490A48F9F7F6FCD7ED067A8F
:102DD00096F821C19BE700BFE82800204826002084
:102DE000AC5100200C1A00206D280110904B0020DF
:102DF000083C00208D210110143C00207429002083
:102E0000383D0020283C0020430700D47047FFF7DE
:102E100011BF00BF334A344B12689A4200D070474A
:102E20002DE9F0410020EEF7D7F90378DC0741D512
:102E30002E4C257F002D3AD0A80720D500232C4EFC
:102E40002C4D376C23773FB195F90120194605EBDE
:102E5000021210690022B84795F90130002205EBF3
:102E600003154FF00001286901F050F8237FB26B81
:102E700043F0010323770AB100209047257F6907BB
:102E800018D51B4D0A20EB6898471A481A4A90F942
:102E90000130B2F8A01000EB03100430FFF776F811
:102EA0000020AB6B20772BB1BDE8F0411847A37A27
:102EB0001A0701D4BDE8F0810E4E3069836A984745
:102EC000C307F7D596F901200B4B06EB0210B3F8B8
:102ED000A0100430FFF75AF8A37A65F3C303A37276
:102EE000E8E700BF0C1A00206D280110E828002038
:102EF00028250020383D0020904B002003462C2B35
:102F00004FF0000011D80E2B1CD901220F3B1449A1
:102F1000DBB202FA03F30B4218D112490B421CD167
:102F200011490B4215D0104670477F2B12D0882BC9
:102F300009D083F08002072A98BF0120A3F1800303
:102F400098BF984070474FF0030070474FF004005F
:102F5000704770474FF0070070474FF0020070470E
:102F60000404003C0202E00101010F00124A92F841
:102F7000E431FBB9114892F8E11190F8840192F81C
:102F8000E32121EA000101F0070100B522EA000275
:102F900081F0070E02F007026EF3070382F0070CC0
:102FA00061F30F2306486CF3174362F31F6303605A
:102FB0005DF804FB704700BF48260020904B0020BE
:102FC00078350020024B82B0186802B0704700BF0D
:102FD00078350020144B93F8E43113B1134B186883
:102FE00070471A46114910B591F800C08C7891F8D5
:102FF00003E04978C0B244EA0C0C4EEA01016CF3DC
:10300000070360F3070261F30F2360F30F2264F3F9
:10301000174360F317426EF31F6360F31F6282B0C1
:1030200003EA020002B010BD4826002078350020D7
:1030300001460E4BA3F5B26C93F890258A4206D058
:1030400063450CD093F88825083B8A42F8D1634544
:10305000D3F8940505D0083B0028EDD0704704480C
:103060007047034B002808BF18467047008F0210B6
:10307000E04702104FF0FF30704700BF012070475B
:103080000020704738B50546054C6368984718B16D
:1030900023682846DB689847E468002CF5D138BDE2
:1030A000E03000204FF48060704700BF0020704780
:1030B00001207047704700BF704700BF0120704774
:1030C00001207047014B1B68184700BF641A00209D
:1030D0000346024A106803B113607047641A002067
:1030E00000487047989402102DE9F041124CA32833
:1030F000256802D1A668B77A1FB12B46BDE8F0411A
:10310000184740F20C4231460C480DF0C3FC012137
:103110000B4B2846D3F8DC20B172316871606168CE
:10312000C3F8D0109047074B2760D3F8D03003B1D5
:1031300098470120BDE8F0812C5100205C3D002023
:103140004826002028250020C0B2F5F7D3BD00BFD7
:1031500038B5164D04462B68ABB1142008F0E2FBDD
:1031600068B100222B460460C26002E01A68A242E5
:1031700016D01A46DB68002BF8D10261D060636874
:1031800033B1436038BD636828462C60002BF8D10A
:10319000A3789B0708D52B68A34205D0044BF0E722
:1031A00008F0FCFB002038BD024BEAE7E0300020CD
:1031B000813001107D3001104368014603B118478A
:1031C000B0F800C00A4801E0C06878B103681A8806
:1031D0006245F9D19A788B7853409B07F4D49307D2
:1031E00049BF044A4368134642601847704700BF0E
:1031F000E03000208130011003781BB1024B1A68C7
:1032000018608260704700BF681A0020074B10B535
:103210001C6DFFF703F9A047054BD86BC0F34010B6
:1032200080F0010000F0010010BD00BF2825002043
:10323000E828002070B5184D0446AB6831B1BBB129
:1032400060682368C01A18BF012070BD002BF7D03A
:10325000837ADBB9286840B1104B6A68C3F8D02084
:10326000D3F8DC30984700232B600023AB60E7E7FE
:103270000A4E0B48D6F8D030C5E90134D6F8DC3018
:103280009847084B2860C6F8D030D9E740F20C4286
:1032900005490DF0FFFBDDE72C51002048260020FA
:1032A000E9300110753001105C3D00200E4B10B567
:1032B000D3F8CC3004469BB1984718B1812C02D08A
:1032C0007E2C00D010BD094B094A93F80C3192F8BE
:1032D0002710C3F3001363F3861182F8271010BD83
:1032E000F5F708FDE9E700BF48260020904B0020D5
:1032F000E8280020036803F0FF1323F47D03A3B93B
:1033000070B50C4ED6F874318BB10D460446417839
:103310002A46C920103198476178C8202A46D6F835
:10332000743110319847012070BD00207047184655
:1033300070BD00BF48260020F8B54A4D2B68002B11
:103340005CD00446484EFFF769F896F88430A342F3
:103350004FD0F4B1454B93F87C30002B49D1002875
:1033600043D1434F3B78062B50D0424BD3F8D43057
:10337000984701202B7A86F8840023F001032B72F2
:10338000F9F7C2FA872105223B48EDF795F80120AD
:10339000F8BD374F3B78062B36D0384A2B6810687B
:1033A00070B39B6A9847334C5422314904F1B400FE
:1033B0000DF070FB06233B70D4F8E8300BB1002011
:1033C0009847D4F8D430984700222B7A012062F332
:1033D000000386F884202B72F9F796FA80210522E3
:1033E0002548EDF769F80120F8BD40F201131842B5
:1033F000B7D1052287212048EDF75EF80020F8BDFF
:103400005B6B01209847CEE71A4CDAE7194C54223F
:10341000384604F1B4010DF03DFBD4F8E8300BB1AF
:10342000012098472B6800205B6B98472A68BB6A8D
:103430000020976A9847B84701222B6884F8B42087
:10344000DA69C4F8D0202A7A920744BFDA68C4F84F
:10345000C0209A68C4F8BC20D3E90832C4E93532E8
:1034600086E700BF683B0020E82800209034002059
:10347000101A002048260020493101107C3B002012
:103480002DE9F047834F0D46D7F800C0844500F082
:10349000C580DFF840820446D8F80090B9F1000FEB
:1034A00004D07D4E96F8B6309B0719D4FDB97B4EFB
:1034B0003168A14229D0FB683BB31A681846A24282
:1034C000DB68F9D10269D3600BB11A610269146833
:1034D000A14200F099804FF0000A08F05FFA0CE07A
:1034E000D6F800216E4BC3E90092002DDFD02046B4
:1034F000FFF72EFE48B14FF0000A2378042B60D866
:10350000DFE803F0585F6E1806000020BDE8F08782
:103510006448FFF751FE002840F09E80A5B1624B41
:103520005D4E93F8835085B196F8B650ED4305F0A3
:1035300001050AE05B48FFF73FFE002840F0878066
:1035400015B1594B93F88350534E96F8B430012B74
:103550003DD0BAF1000F73D15422214651480DF0ED
:1035600099FA4F4B1A68A24208BF5B68D6F8B82098
:1035700008BFC6F800313B68A34258D0002A39D0B2
:10358000002D3CD1494D4A4B4A48C6F8C430D6F8C4
:10359000DC309847D6F8E8300BB100209847D5F8D2
:1035A000A03013B196F8B4009847C8F80040012045
:1035B000BDE8F087B9F1000F03D099F80030002B77
:1035C0004FD1354E96F8B4300025012BC1D10020E3
:1035D000FFF7B2FE314A137A43F001031372BBE7DF
:1035E0003048FFF7E9FD0028AAD000213248FAF759
:1035F000A7FBA5E7314BC6F8B830002DC2D02B4D44
:10360000E0682B689847BEE7136996F808A01C6825
:103610000AF0010A002C08BF64465EE7A9B1DCF895
:103620000430264A002B08BF13467B60BFE77B6847
:1036300023498B4204BF214B7B60002AA0D1DAE7EB
:1036400001212048EDF708F886E71D4BEDE7002142
:103650001D48FAF775FB73E700211C48FAF770FB69
:103660005CE72046FFF7A8FD0028AAD0E3680A4ED1
:1036700000211748C6F8C030FAF762FBE16B09B9C0
:1036800004E0E16B88470028FBD19BE76420F36BE3
:10369000984797E7E030002048260020683B00204C
:1036A000CC570020FC260020E828002028250020F8
:1036B00085300110F58C00109C5802107D300110EF
:1036C00081300110FD3601106C5802108458021030
:1036D00054580210B830002038B501210546FFF7D4
:1036E000CFFE044608B9204638BD28460249FFF7F8
:1036F00001FE204638BD00BFB4580210003818BF84
:103700000120FFF719BE00BFF8B5134FC6B2BB6F5B
:1037100004460D469847C0B2B04209D020467B6FA0
:10372000984706B12DB9BDE8F8402020F9F7ECB86C
:10373000F8BD07EE905A9FED097AF8EE677AC7EE6A
:10374000877A074B17EE900A9978FDF73BF8BDE8AA
:10375000F8402020F9F7D8B84826002000007A4425
:10376000E828002038B5114B1A7882B95D7875B910
:1037700004460F4BE4B25B6F98471CB10D4BB3F896
:1037800098302BB9BDE838402020F9F7BDB838BDD6
:1037900007EE903A9FED087AF8EE677AC7EE877ADF
:1037A000294617EE900AFDF70DF8EBE7E828002010
:1037B00048260020904B002000007A4410B50446B3
:1037C000FEF72CFE022801D1012010BDF5F76CFA9E
:1037D0000028FAD02046FFF7C5FFF5E7704700BF85
:1037E0004FF00000704700BF704700BF00207047D7
:1037F000704700BFC068704790F8203007EE901AFD
:1038000013F0080307D0F5EE407AF1EE10FA14BF7A
:1038100001230023816190F8202063F3451280F892
:103820002020704707EE901A90ED097AB4EEE77AFF
:10383000F1EE10FA844639D577EEC77A90ED0A7A20
:1038400067EE877AFBFE677AFCEEE77A17EE903A2E
:1038500001690B44002A39D08068834239D301388A
:103860009CF8203003F001029B063CD507EE100ABD
:10387000DCED067AF8EE476A66EEA77AFCEEE77AA8
:103880009FED206AF8EE677A87EE867A77EE267AE1
:10389000FDEEE77A17EE903A99422AD932B3DCF876
:1038A0000830591ACCF81C10181A7047F5EE407AF7
:1038B000F1EE10FA01D1C068704790F8203000692D
:1038C000DB07F2D5DCF80830181A704740698342EC
:1038D000C6D28B4238BF0B4618469CF8203003F006
:1038E00001029B06C2D4002AECD17047CCF81C1010
:1038F0007047DCF81410994228BF1946002AF5D009
:10390000CDE700BF0000C842F0B54F4D04462B681C
:1039100093B023B31A68126A0AB34C4A00EB8001D1
:1039200002EB011293421AD093F90E20002A06DB13
:10393000474AD2F8B0109961D2F8AC20DA615A6ADD
:1039400022B1181D90472B68002879D001224FF032
:10395000000183F84C209E6A0022181DB047002306
:103960009C422B6069DB3B4B1B789C4265DA374EEF
:1039700004EB84031B01F358A500002B5DD0364FE8
:1039800097F870303BB197F92C30A34203D03B6DD0
:103990000BB1EDF725FC2B1906EB031393F90E2061
:1039A000002A06DB2A4AD2F8B010D2F8AC2099617E
:1039B000DA6125442D01741994F84C3004352E44F5
:1039C00043B9636A1BB130469847002833D00123BE
:1039D00084F84C304422314601A80DF05BF81C4BB2
:1039E0001E4C187E9DF80E30D4F8DC10C3F3C002D4
:1039F000012814BF002202F0010262F3C3038DF814
:103A00000E3011B101A88847C0B10122144B87F8CC
:103A10007020BB62FB680BB96423FB604422104832
:103A200001A902970DF036F8D4F8E0300BB10C483C
:103A30009847012002E084F84C00002013B0F0BD4C
:103A400083F84C008BE700BF2C3D00208C4E0020FB
:103A5000904B00201C5900203851002028250020C0
:103A6000645100202DE9F041DFF8A480054698F864
:103A700000300F46012B35D0002B38D13846F7F7F0
:103A80005FFD002833D098F800401D4804EB840601
:103A90003301C55000EB06160433B76418444422C2
:103AA000294667B20CF0F6FF37712B7A33B19CB11F
:103AB000013488F800403846BDE8F081114B1A689F
:103AC000002AF4D1104A1E6092F8D63143F0100358
:103AD00082F8D631002CEBD1442229460B480CF059
:103AE000D9FFE5E7064B1B681B7A052B04D04FF086
:103AF000FF373846BDE8F081002388F80030BDE785
:103B00008C4E00202C3D00204826002064510020CF
:103B10001C59002002290DD0002810DB0E4B1B7809
:103B200098420CDA00EB80000C4A0301D05800B137
:103B300079B970470A4B93F92C20824201D00020BA
:103B4000704793F8702003F12C00002A08BF002072
:103B500070470433981870471C5900208C4E002081
:103B600038510020044B93F8702012B193F92C00C7
:103B700070476FF001007047385100200D4B1B78E3
:103B8000B3B10D4A03EB830302EB031340B10020F2
:103B900033F8421C503B934240EA0100F8D1704791
:103BA00053F8501D49899A4240EA0100F8D1704704
:103BB000184670471C5900208C4E002000290CBF6D
:103BC0004FF0010C4FF0000C00B580F808C035D064
:103BD00091F82030DB0626D5002390F80AE0CA6869
:103BE00063F3C30E80F80AE0174B026193F870107C
:103BF000B9B190F900E093F92C108E4511D183F8FA
:103C000034C0817A93F836C0C1F3C001D0F814E013
:103C100061F3C30C816983F836C0DA63C3F840E00E
:103C200059645DF804FB036B002BD6D0074B1B7E59
:103C3000A3F10103B3FA83F35B09CEE7837A0A4663
:103C400061F3C3038372CFE738510020904B00200B
:103C50000022074B0A701B783BB1064B1B685B7850
:103C6000181AB0FA80F0400970471846704700BF34
:103C70001C5900208C4E00200130C0B201289ABF90
:103C8000024B93F870000020704700BF38510020AD
:103C900038B9054890F870302C30002B08BF002050
:103CA00070470020704700BF38510020084B18783B
:103CB00040B1084B013800EB800203EB02131B7B81
:103CC000052B03D004490548FFF7CCBE40B270472E
:103CD0001C5900208C4E0020C4580210F49402108D
:103CE00010B50B4B1C780CB900280DDA094B93F872
:103CF00070201AB193F92C30834203D0BDE81040F4
:103D0000FFF702BE104610BDFFF7D0FF2046EDE7DB
:103D10001C59002038510020002838D0254B1B7832
:103D2000002B34D0002270B50D46234904460868A4
:103D30008E6C417884B0012B01968DF801108DF8BE
:103D4000002026D0002140F28B10F7F7B3F848B3DB
:103D50000021F6F72DFE28BB01239DF900108DF8F8
:103D600002008DF80830154A92F92C308B42B3FAD4
:103D700083F314BF124A2C325B092946684603922A
:103D80008DF80930A04700B9002004B070BD0020B4
:103D90007047017A0529D5D011468DF802208DF89B
:103DA0000830E0E70023FF21054A8DF808308DF840
:103DB0000210E2E71C5900208C4E002038510020F0
:103DC000904E002010B50D4C207848B1012800D04D
:103DD00010BD0B4B1B68187A053818BF012010BDA9
:103DE000FFF764FF074B93F8702012B193F92C3062
:103DF00013B10020FFF788FD2078E7E71C59002069
:103E00008C4E002038510020642970B54368044668
:103E100037D01A7AD20637D4C82928BFC8210A2930
:103E200038BF0A21DA6891422ED007EE901ADFEDF2
:103E3000336AF8EEE77A93ED007A67EEA67A67EEDA
:103E4000877AF5EEC07AF1EE10FA35D994ED057A5D
:103E5000F4EEC77AF1EE10FA38D583ED017AD96025
:103E6000FEF7DCFA88B9E36A002B3FD0256B002D02
:103E70003CD0626820465168984701462046A847D2
:103E800008E0DA68642A10D170BD1D4A937A43F0C5
:103E9000080393724020F8F737FD1A4B9B6B002BF9
:103EA000F2D0BDE8704000201847D3ED007AF5EE5F
:103EB000C07AF1EE10FAC9D89FED137AD96083ED7C
:103EC000017AFEF7ABFA0028DFD1CCE794ED067A51
:103ED000F4EEC77AF1EE10FA37FE277A83ED017A15
:103EE000D960FEF79BFA0028CFD1BCE7636B002BAB
:103EF000D0D06268204651689847CBE70AD7233C68
:103F0000E828002028250020000000002DE9F041CD
:103F10003B4F3B7813B10020BDE8F0817B78C3B9FB
:103F20000C461546CAB214F001010646D0F82480AA
:103F300013D10022C0470025736810201D601C7239
:103F4000F8F7E2FC2846F3F7C7F93B78002BE2D1FB
:103F50007B7883F00100BDE8F0814168807ACB680E
:103F6000000701D592071FD4642B40D007EE903A8A
:103F70009FED247AF8EE677A67EE877A07EE105A9B
:103F800067EE877AF5EEC07AF1EE10FA2DD97269F4
:103F900007EE102AF4EEC77AF1EE10FA19D54A604E
:103FA00030462146C047C7E7642B23D007EE903A3E
:103FB000DFED146AF8EE677A9FED137A67EEA67A62
:103FC00067EE877AF4EEC77AF1EE10FA17EE105A20
:103FD00013D996ED067AB4EEE77AF1EE10FA54BFF3
:103FE00017EE902A17EE102AD9E70022D7E707EE3E
:103FF000905AC7E700252A46D1E72A46CFE700BFF7
:10400000E82800200AD7233C000000002DE9F041F9
:1040100004460D46164698469DF81870FEF7FEF9C0
:10402000022802D10120BDE8F0813246294620460F
:10403000FFF76CFF08B90020F5E7E90714D4B8F1E1
:10404000000FF0D0E37A1A07EDD407EE908A9FEDC7
:104050001B7AF8EE677AC7EE877A3946BDE8F041F9
:1040600017EE900AFCF7AEBB40F6040362891340DA
:10407000042BE4D1D4ED077AF5EEC07AF1EE10FA14
:10408000DDD94EF660230025A84508BF98460C4EA2
:10409000A36A204698474306C4D439463046FCF705
:1040A00091FBC835ADB20028C5D04545F0D9EDF734
:1040B00097F80E20F8F7E0FBBDE700BF00007A4458
:1040C000CDCC4C3EF0B583B006460C461546F4F711
:1040D000EBFD68B10027074BE2074CBFB3F8A030F7
:1040E000B3F8A2302A46214630460097FFF78EFFEC
:1040F00003B0F0BD904B00202DE9F0411E46837ABD
:1041000082B01C0708D50E4A937A43F008039372D5
:10411000012002B0BDE8F081836ACFB204460D46AB
:10412000904698474740BB07F2D0012733464246A6
:10413000294620460097FFF769FF02B0BDE8F081ED
:10414000E8280020642A034607EE901A09D007EEFB
:10415000102ADFED166AB8EE477A27EE267A67EE68
:10416000877AF5EEC07AF1EE10FA1AD9586907EE9F
:10417000100AB4EEE77AF1EE10FA03DD5B685860DE
:10418000DA60704793ED067AB4EEE77AF1EE10FA52
:1041900054BF17EE900A17EE100A5B685860DA6099
:1041A000704700205B685860DA6070470AD7233C8C
:1041B0000A4890F8703073B10022002110B5036BEB
:1041C000046D2C305A601A601972A047BDE8104087
:1041D0001020F8F799BB1020F8F796BB3851002053
:1041E00008B5054B93F8700028B15A6D03F12C0007
:1041F000904700F0010008BD3851002070B5002440
:1042000092ED027A8446D2ED016A90F80AE0CC6120
:104210005078CC605E4DD4694D6681ED097A4A6074
:104220004EF0800ECCF81C4044078CED057ACCEDA6
:10423000066A8CF80AE004D4B4EEE67AF1EE10FADD
:1042400011D49CF80A2091F82030524C22F001023F
:1042500003F004038CF80A20002081F820308C66DB
:10426000CCF80C1070BDD2ED045A06EE103AF5EE03
:10427000405AD2ED037AB8EE465AF1EE10FA85EEC6
:10428000276A14BF01260026BCEEC66A5FFA8EF4C8
:1042900044F001048CF80A409CF80A400B60137843
:1042A000C4F30014C3F3800303EA0403C0F300055E
:1042B00043EA460391F820E0C0F3400043EAC50317
:1042C00043EA00132EF01B0E03F01B0343EA0E0318
:1042D00081F82030F8EE467A81ED026ACC6A03F06C
:1042E000010343D1002B51D016EE103A181B92ED6A
:1042F000066AD2ED055A9FED285A27EE866A67EEC8
:10430000A55AC6EE057A85EE856AFCEEE77A17EEC9
:10431000903AFCEEC67A17EE902A2344C1E90423B2
:10432000C86092B9B5EEC07AF1EE10FA0DDD07EE75
:10433000903A9FED1A6AF8EE677A67EE867AFCEE9D
:10434000E77A17EE902AC1ED047A9B1A07EE903AAD
:1043500076EEC76AF8EE677A87EEA67A104B81EDA3
:104360000A7A8B660120CCF80C1070BD25EEA75A96
:10437000DFED094AC5EE245AFCEEE55A15EE900A27
:10438000002BB4D016EE103A181AB0E71846AEE774
:10439000F9370110F53701100000C8426F12833B56
:1043A00025380110C1B184464FF6FF7000B50CEB03
:1043B000010E08221CF8013B584000F0010303EBFA
:1043C000830103EB413383EA5000013A80B2F4D118
:1043D000E645EED15DF804FB4FF6FF70704700BF75
:1043E000014B1B68185C7047B03B002010B410B93B
:1043F00001220A4B5A700A4A0A4C1378246843B9BE
:10440000B0FA80F314F800C05B098C4518BF43F084
:10441000010321545DF8044B13707047344D0020A4
:1044200010590020B03B00202DE9F041DFF89080CA
:104430000446B8F88CE10D4616461F46BEF1000F43
:1044400004D0B8F88EC1F4448C4530D317BBF6B114
:104450003846DFF87080D8F8002005F1FF3E731E63
:104460009644234404F1FF3C1EF8014F0CF8014F21
:104470009C45F9D15FB1354453195978535D43EAEE
:104480000123181AB0FA80F04009BDE8F08101203C
:10449000BDE8F081DFF82C803146D8F800002844D0
:1044A000FFF780FF002ED6D1D8F80020E4E7034CB8
:1044B000246AA446BDE8F041604700BF5C3C002090
:1044C00048260020B03B00202DE9F047634FFC69EF
:1044D000002C00F09D80624D6B7843B10023614A4F
:1044E000184611680122A04780F001006870AB787F
:1044F0005BB15C4A0023116801204FF4D372FC6960
:104500000131A04780F00100A870EB7863B1554AF3
:104510000023116840F2B7304822FC6901F2B7313C
:10452000A04780F00100E87095F805C0BCF1000FCD
:1045300029D002244FF001092346DFF82881013BEE
:104540002CFA03F2D10717D509FA03FE6FEA0E0E13
:104550005842D8F8001000F0480000F226300EEA69
:104560000C0C00234822FE69014485F805C05FFA5F
:104570008EFAB04700286BD1012C04D0012495F8A5
:1045800005C02346DBE7EB882BB34FF42A790C24D4
:10459000DFF8D08000E0EB88E340DA070ED5D8F8EA
:1045A000001000230E224846FE694944B04728B156
:1045B0000122EB88A24023EA0203EB80013C631C4A
:1045C000A9F10E09E7D12B793BB9EB88C3B10123DF
:1045D0002B70BDE8F0872B7993B1234BB3F88E2174
:1045E000002A33D01F49B3F88C0109680023FC6905
:1045F0000144A047EB8880F001002871002BE6D130
:10460000AB78002BE3D1AB88002BE0D1EB78DFE770
:10461000BB6A002BDDD0134D04242868984730B9BD
:10462000013C0AD0BB6A286898470028F8D00022CD
:104630000B4BC3E90022BDE8F08702210B48F9F7D4
:104640007FFB0022064BC3E90022F4E72A71BCE796
:104650006B790AEA030E85F805E08DE75C3C0020E3
:10466000344D0020B03B002048260020CC580210DA
:104670002DE9F04FDFF82C920646B9F88C418A46B6
:104680001746984683B02CB1B9F88E512C44844219
:10469000C0F09680B8F1000F6AD17D4981F80080A2
:1046A000002F00F0A980CDF80480D4460AEB070261
:1046B000354600244FF0010A764B06F1FF3ED3F851
:1046C00000B07548DE44CDF800B01CF8013B0DB9D0
:1046D00080F801A044B9B5FA85F49EF801B06409E8
:1046E0009B4518BF44F0010494450EF8013F05F1C5
:1046F0000105EAD1E246DDF800B00C70B8F1000F18
:104700004FD143784BB9D9F88831534505D00B7850
:104710002BB9012003B0BDE8F08F01230B705F4B74
:104720001B78002BF5D00122B9F88C310270002BD8
:104730005ED15B4C04E0CBB234F82320002AE8D0F1
:10474000B24203F10101F6D104EB830292789B009F
:10475000042ADED801A151F822F000BF7F480110E1
:10476000134701106D4801105B48011055480110B6
:1047700039465046FFF716FE0023454901900B705D
:10478000002F92D1434BD3F800B09DF80430AEB364
:104790001BF806200BEB06049A4273D037463E48BE
:1047A00018E0F7199DF8043011D10127477044B380
:1047B0008BF80030019BC3F307220123BB4413E0B5
:1047C000364CE469A44603B0BDE8F04F60471CB323
:1047D0000BEB07042370019BC3F307220123FF188F
:1047E0000B70EAD1012343708BF800200B7088E72F
:1047F000B34226D802718CE7274882E70122264877
:1048000042709BF800209A421DD08BF80030019B2B
:104810000127C3F30722D0E71BF807200BEB07049F
:104820009A42D7D1019AC2F307222370002301379D
:104830000B70D7D0BB449BF800309B1A18BF0123E4
:10484000D2E7002375E7019B0BF1010BC3F30722AD
:104850000123C9E70123C3705BE701221C44E3780D
:10486000417902FA03F30B43437152E701221C44DE
:10487000E378C18802FA03F30B43C38049E70123BD
:10488000837046E7C0F3072237460348CDE700BFF1
:1048900010590020B03B0020344D00205C3C00202B
:1048A0003895021048260020F8B5144B144ED3F862
:1048B000844133689C4211D8124B134F1C68204628
:1048C00007F030F80546386020B12246FF213460F9
:1048D0000BF06CFB281E18BF0120F8BDB4F5805FFB
:1048E00028BF4FF48054084F064D38682C600028CC
:1048F000E5D007F053F82C68E1E700BF4826002018
:10490000781A00207C1A0020B03B002010B5074C1C
:10491000206848B1064B1B7813B1FFF7D5FD20681E
:10492000BDE8104007F03AB810BD00BFB03B002012
:10493000344D00202DE9F041454C464DD4F88031EE
:104940002F68013B43F003030133C4F88031002F8B
:104950006DD0414E04F5BE7EB446BEE80F00ACE813
:104960000F00BEE80F00ACE80F009EE8070096F8C5
:1049700000808CE80700B8F1030F5ED0B8F1000F9B
:1049800032D10423354AC4E96888C4F89021344AF6
:1049900084F87C31C4F89421324AC4F89821324A10
:1049A000C4F89C21314B1878F6F70AF93378032BB9
:1049B00048D0F76947B10023B4F88E21184629681A
:1049C00002F58062B8473378002B34D0284B07209B
:1049D0009B68984728680022264B801AC3E900226A
:1049E00018BF0120BDE8F0810023B4F88E213846BD
:1049F0001946376A02F58062B847307804220023EE
:104A00001649C4E96833C4F89011154984F87C212B
:104A1000C4F894111349C4F898111349C4F89C11AF
:104A20000028BFD028680378172BBBD1D3E71249E1
:104A30001248EBF749FE2868CDE73846736A984775
:104A40003078DBE7B36A286898473378BCE700BF63
:104A500048260020B03B00205C3C0020E1430110D0
:104A6000ED4301107146011029440110A88B02107A
:104A700028250020344D0020E45802109DDD001050
:104A8000024B1B780BB1FFF71FBD7047344D002060
:104A9000044890F87C31042B0CBF034800F5BE702D
:104AA000704700BF482600205C3C0020034B1B7A67
:104AB0009B074CBF4FF07E5000207047E828002035
:104AC000044B586C07EE900AF8EEE77A17EE900A5E
:104AD000704700BFE8280020054BD3F8D030186994
:104AE00007EE900AF8EEE77A17EE900A704700BFDB
:104AF00090340020084BA3FB0023DB0803EB830367
:104B0000A0EB430080B203289DBF044B03EB80035E
:104B1000D3F8C40000207047CDCCCCCC903400201A
:104B2000064BB7EE007A1B7D07EE903AF8EE677AF7
:104B300077EE877A17EE900A704700BF9034002016
:104B4000044B93F8B40007EE900AF8EE677A17EE7C
:104B5000900A704790340020084BA3FB0023DB0829
:104B600003EB8303A0EB430080B203289DBF044BFB
:104B700003EB8003D3F8B40000207047CDCCCCCC3D
:104B800090340020054B93F8110100F0010007EE6E
:104B9000900AF8EE677A17EE900A7047904B002063
:104BA00008B900207047114A10B5A2FB0013DB08BA
:104BB00003EB8303A0EB43039BB25C1E022C84B087
:104BC0000BD8A0F5A3500438C01AA2FB00206946F8
:104BD000C0F30710F5F7ACFF10B9002004B010BD0A
:104BE0000DEB8404206804B010BD00BFCDCCCCCC4C
:104BF0000D4B10B5A3FB0023DB0803EB8303A0EBF5
:104C0000430084B2032C84B002D9002004B010BD4C
:104C10000A206946F5F78CFF0028F6D00DEB8404D6
:104C200054F8040C04B010BDCDCCCCCC0D4B10B559
:104C3000A3FB0023DB0803EB8303A0EB430084B258
:104C4000032C84B002D9002004B010BD09206946AD
:104C5000F5F76EFF0028F6D00DEB840454F8040C31
:104C600004B010BDCDCCCCCC2A4BF0B5A3FB0023B7
:104C7000DB0803EB8303A0EB430084B2651E022D27
:104C800085B01CD8244E254F96F82A003B7D8342E0
:104C900011D106EB840696ED0A7A214BB8EEC77A5D
:104CA00003EB4512D2ED0C6AC7EE267A07EB8505B9
:104CB00095ED027A1CE06946F5F73AFF10B900203D
:104CC00005B0F0BD06EB840494ED0A7A144BB8EEFF
:104CD000C77A03EB4512D2ED0C6A96F82A103A7D9A
:104CE000C7EE267A9142E1D00DEB850595ED007A6D
:104CF00077EEC77A93F8103117EE900ADB07DFD50D
:104D000007EE100ADFED077A67EE277A17EE900AB2
:104D100005B0F0BDCDCCCCCCE828002090340020EC
:104D2000904B00203333CB4110B50446ECF7AAF882
:104D3000084BA3FB0423DB0803EB8303A4EB43042E
:104D4000A4B2032C96BF00EB8400002050F8040CA2
:104D500010BD00BFCDCCCCCC1A4BA3FB0023DB088D
:104D600003EB8303A0EB430080B2022801D90020AB
:104D70007047154B10B503EB8003D3ED237A134C2A
:104D8000F8EEE77A04EB401393ED0C7A2DED028BED
:104D9000002187EE878AECF791F807EE900A78EE0B
:104DA000677A94F8103117EE900ADB0707D507EE03
:104DB000100ADFED077A67EE277A17EE900ABDEC4E
:104DC000028B10BDCDCCCCCCE8280020904B00202D
:104DD0003333CB4141F2C332431E9BB2934210B5F1
:104DE0000C4613D800231E280B602BD90021174B2B
:104DF0001B6813B924E0DB6813B31A688A42FAD13E
:104E00009A888242F7D19B68236019E010494FF0DD
:104E1000000C0A461623C4F800C0B2F8A8C0013B33
:104E2000844504D9083A002BF7D1184610BDB2F8D2
:104E3000AAC08445F6D301EBC3014B6898472060B4
:104E4000012010BD034B1968D1E700BF583D002079
:104E5000409802105432002041F2C332F8B5431E8C
:104E60009BB293422DED028B25D8204A1E2898BF75
:104E70001F4B1768054608EE101A88BF00263C46EF
:104E800098BF1E689FB9B5EE408AF1EE10FA16D1B0
:104E9000B5EE408AF1EE10FA0CBF012000200BE0C5
:104EA000A388AB4218D0E368002BECD01C462368E3
:104EB000B342F8D1F4E70020BDEC028BF8BD10201E
:104EC00006F030FD0028E3D00023084A8580066004
:104ED000C3603FB1E060044684ED028ABDEC028B02
:104EE0000120F8BD04461060F6E700BF583D0020E1
:104EF0005432002070B52DED028B3A2800F21D824D
:104F0000DFE810F0030201020601FA00ED00EB00F9
:104F1000E500E000DA00AD003B00A800A30090002F
:104F2000860087018001780164013F0072016C01F5
:104F30005701B0019B0195018E01BF013F00B801EF
:104F4000C6015F01650065006500650065006500DC
:104F500065006500650044004400440044004400CE
:104F60004400440044004400B200CC00BD00F00105
:104F7000E601C9012A0119010F01B34B9B78012BEE
:104F80004AD00024BDEC028B204670BDA0F129035D
:104F9000022BF6DCAD4AAE4902EB800252ED067AF6
:104FA00001EB431393ED0C7AF8EEE77AC7EE877ABC
:104FB00091F8103117EE904AD907E3D507EE104A61
:104FC000DFEDA47A67EE277A17EE904ADAE7A0F1D0
:104FD0002003022BD5DC9D4A9D4C02EB8002D2EDD2
:104FE000037A04EB4312F8EEE77A92ED0C7A184656
:104FF000002187EE878AEBF761FF07EE900A78EED3
:10500000677A94F8103117EE904AD807BAD5D5E7E9
:105010008D4BDB79002BB4D0BDEC028B4FF07E546E
:10502000204670BD884B1B7D03EB8302192A4FEA93
:105030004204C8BF03F12D0404F5077407EE904A3B
:10504000F8EEE77A17EE904A9CE77F4B9B78022BAD
:1050500097D1E1E77C4B9B78002BDDD091E77A4B31
:105060001B79002BD8D18CE7774BD3F8D0301C6953
:1050700007EE904AF8EEE77A17EE904A82E7724B15
:10508000D3F8D0209C6F13699C4200F0408107EE5A
:10509000904AF8EEE77A17EE904A73E76A4A6E4B49
:1050A000D2F8D0209B6A1069984707EE900AF8EE74
:1050B000E77A17EE904A65E7634B1B79002B7FF484
:1050C00060AFA9E7604BDB78002BA5D159E75E4BB9
:1050D000DB78002B7FF455AF9EE7604C52E70A2245
:1050E000AA2359498C7914FB023407EE904AF8EE52
:1050F000E77A17EE904A45E7534B1B8803EB83038F
:105100005B0007EE903AF8EEE77A17EE904A39E73F
:105110004D4B5C6F07EE904AF8EEE77A17EE904A37
:1051200030E74A4B93F8484007EE904AF8EE677A2A
:1051300017EE904A26E7454A137B3BB9444B93F858
:10514000823113F0220F3FF41CAF072392F848205E
:1051500093437FF416AF5FE7414DD5F81031002B34
:1051600000F0D58095F8D721D20740F1D08098473C
:10517000064606F0C003402B00F0CB80D5F8143172
:10518000002B00F0D18001209847002800F0CA8051
:10519000D5F81031984700F0010007EE900AF8EEBC
:1051A000677A17EE904AD5F81431C6F38110984704
:1051B000E8E60020ECF710F80378D8073FF52CAFAD
:1051C000DFE60020ECF708F88468DBE60020ECF767
:1051D00003F84378012B7FF4D4AE1DE71A4B5B79BB
:1051E000002B7FF4CEAE17E7174B5B79002B7FF4D3
:1051F00013AFC6E60020EBF7EFFF4378002B3FF438
:105200000BAFBEE6104B93F82D30012B7FF4B9AEF7
:1052100002E70D4B93F82D30002B3FF4FDAEB0E6C6
:10522000094B93F82C305E073FF5ABAEF4E6064B26
:105230005B7EDB073FF5F0AEA3E6034B5B7E9A0790
:105240003FF5EAAE9DE600BF90340020E82800203C
:10525000904B00203333CB41282500200000C84369
:10526000482600200020EBF7B7FF037899073FF5A9
:10527000D3AE86E6324B93F82C309C073FF581AED7
:10528000CAE62F4B93F82C30DD073FF57AAEC3E624
:105290002B4B1C6E76E62B4DD5F81031002B36D0FB
:1052A0009847C3B23F2B064633D9D5F8143173B3B0
:1052B00000209847002835D0D5F81031984700F0E5
:1052C000010307EE903AF8EE677A17EE904A6AE724
:1052D0001D4B1C68013407EE904AF8EE677A17EE12
:1052E000904A4FE6164BD3F8D020986F1369984236
:1052F0000DD0164B9B6A984707EE900AF8EEE77AB6
:1053000017EE904A3EE6124C3CE6124C3AE6124C3E
:1053100038E606F0010607EE906AF8EE677A17EEB7
:10532000904A2FE60C4C3EE7C6F3401607EE906A13
:10533000F8EE677A17EE904A24E6084C22E600BFA2
:105340009034002048260020801A002028250020C4
:105350000E1B9B4ACDCC8C3F000080BF0000C07F5D
:10536000F8B510F8013B0E462C4D002B53D0002110
:105370002A46202BA3F1410427D9192C98BF43F0CA
:10538000200302F8013B10F8013B01310BB11F294A
:10539000EFD1002313702B785F2B08BF6B78B3FA23
:1053A00083F35B097BB9002333602B785F2B11D02B
:1053B0001B4B1D681B4B1C682CB12368AB4218D0DB
:1053C000A46A002CF9D10020F8BD10F8013B002B95
:1053D000CFD1DEE7144F3B243D46D5F8B8120F4835
:1053E0000BF018FA013C0C3D68B1002CF5D12546B4
:1053F000E0E70A49201D0BF00DFA0028E0D1606AB1
:1054000030600120F8BD04EB440407EB84031879F5
:10541000FFF770FDF4E72A46BBE700BF803B0020A2
:1054200054320020543D00207C9502102DE9F041BB
:1054300010F8013B0D463C4C002B51D04FF0000CB6
:105440002246202BA3F141012AD9192998BF43F004
:10545000200302F8013B10F8013B0CF1010C13B1E1
:10546000BCF11F0FEDD10023137023785F2B20D0E8
:10547000002B32D02D4B1F682D4E34681CB944E0F0
:10548000A66A7EB334462368BB42F9D12649201D63
:105490000BF0C0F90028F3D165620120BDE8F0816E
:1054A00010F8013B002BCCD10023137023785F2B25
:1054B000DED163788BB11F4CA4F52E7602E00C3C54
:1054C0000028EAD01848D4F8B8120BF0A3F9B44277
:1054D000F5D10028E1D00027CEE70020BDE8F0811B
:1054E0002246C0E72C2006F01DFA80460028F4D0A2
:1054F0000D4908F104000BF06BFAC8F80070C8F809
:105500002860C4F828804446C6E72C2006F00AFA32
:1055100004460028E1D0044904300BF059FA002376
:105520002760A3623460B7E7803B0020543200203C
:10553000543D00207C950210F0B52DED028BC3B2D6
:10554000013B85B0042B00F27881DFE803F0286985
:1055500078BB0300EBF78CFE830340F1D380A64BAE
:10556000A649A74A18680968D2F8144120B95EE133
:10557000C068002800F0CC8002689142F8D182888F
:10558000112AF5D1D0ED027A002C40F0C480F5EE5E
:10559000407AF1EE10FA00F0C8802725ADE0EBF775
:1055A00067FE954A954B146810F4003F0CBF1C250C
:1055B00000251A6814B90EE0E46864B123689A42C1
:1055C000FAD1A388112BF7D1D4ED027AFCEEE77A59
:1055D00017EE903A9CB200212046F5F76BFC064688
:1055E0000028DAD00388E41A037B062B00F0F7804A
:1055F000F5F7BAFD002800F0A28021463046F5F705
:10560000D7F907EE900AF8EE677A7E4817EE901AFF
:10561000FFF70CFF4FF07E517B48FFF707FF6CE070
:10562000EBF726FEC0F3074000F00600062869D11C
:10563000764A9369002B40F0898026255DE0EBF7E0
:1056400017FEC1065ED56C4E6C4D3368C0F307443F
:10565000296804F00207002B00F0E380184601E0FF
:10566000C06860B102689142FAD18288042AF7D1F9
:10567000D0ED027AFCEEE77A17EE902A90B2002F76
:1056800040F09F8003A9FFF7A5FB002885D02207E3
:10569000039940F18D8030682A6810B90EE0C06827
:1056A00060B103689A42FAD18388132BF7D1D0ED09
:1056B000027AFCEEE77A17EE903A98B2FFF7CCFB4D
:1056C000B8BB6AE7FCF7AAFE034693FAA3F1002BE6
:1056D000B1FA81F108BF4FF0FF31013107EE901AA6
:1056E000F8EEE77A474817EE901AFFF79FFE4FF063
:1056F0007E514548FFF79AFE0025284605B0BDECCF
:10570000028BF0BD1C25284605B0BDEC028BF0BD18
:105710005CB1DFED3F7AFCEEE77ACDED017A9DF8E2
:105720000400A04700283FF438AF4FF48020F7F77B
:10573000EBF80025284605B0BDEC028BF0BD3046E5
:10574000F5F70AFD00287FF458AFD6E72A492B4B1E
:105750000C681B682046D16914B95BE0C06878B159
:1057600002689342FAD18288112AF7D1D0ED027AE9
:10577000FDEEE77A17EE900A02E0E468002C49D0CB
:1057800022689342F9D1A288122AF6D194ED028AB6
:10579000884700283FF451AFFCEEC87ACDED017A7E
:1057A0009DF80440022C3FF648AF00EB84000168EE
:1057B0001448FFF73BFE4FF07E511348FFF736FECB
:1057C000B7E70022039201E0DB6843B31A68914215
:1057D000FAD19A88112AF7D1996803916EE7214688
:1057E000F5F712F901460748FFF720FE4FF07E510A
:1057F0000548FFF71BFE80E7583D0020543200208B
:1058000048260020AC0F0210B40F021028250020FB
:1058100000000000884700283FF40FAFC5E70021D3
:105820004CE747B1002218461146039246E7002C88
:105830007FF477AF79E7384624E7054B1B682BB137
:1058400005B0BDEC028BBDE8F0401847FF2554E7DA
:10585000E03B002038B51A4B05461B685A1C23D084
:10586000184C03EB43039B00E218926808331C4476
:10587000FAB12368A3B1284605F14002D0F800E050
:10588000D0F804C08568C16810309042C3F800E0C9
:10589000C3F804C09D60D96003F11003EED1236802
:1058A000181E18BF012038BD074B1A681C46002A75
:1058B000DFD1402006F036F803462060DAE700BF6B
:1058C000801A002058320020643B00200B4B10B59A
:1058D0001B685A1C0ED00A4C03EB43039B00E218D2
:1058E000926808331C4422B1206806F057F8002360
:1058F000236010BD034B1C461A68F4E7801A002091
:1059000058320020643B0020074B1B685A1C07D00C
:10591000064A03EB430302EB83039868EBF7AEBC44
:10592000034B1868EBF7AABC801A002058320020FD
:10593000643B00200B4902460B68082BD4BF0120B2
:1059400000200DDC013310B40B600749074C03EB5A
:10595000430301EB830322605A605DF8044B7047F8
:10596000704700BF801A00205832002054320020B7
:105970002DE9F047364F3D68002D3FDBDFF8D8803A
:10598000D8F80060DEB1DFF8D4A0DAF80040A14614
:105990003CB1236820469E42E46841D08146002CF9
:1059A000F7D1DFF8BCA0DAF80040A1463CB123688B
:1059B00020469E42A46A25D08146002CF7D1254E70
:1059C00005EB450306EB830398686C0050B190F833
:1059D0003830002B32D105F0E1FF00232C4406EBD8
:1059E0008404A360013D002DB1BF002305EB4503F6
:1059F00006EB830673683D60C8F80030E843C00FCB
:105A0000BDE8F087DAF80030834212BFC9F82840B9
:105A1000A146CAF8004005F0C1FF002CC7D1CEE76F
:105A2000DAF80030834212BFC9F80C40A146CAF828
:105A3000004005F0B3FF002CABD1B2E7EBF71EFC42
:105A40003D6805EB450306EB830398686C00C2E7ED
:105A5000801A00205832002054320020583D002087
:105A6000543D0020014B186801307047801A002017
:105A7000034B93F8100100F001000330704700BFA2
:105A8000904B0020124B10B51A784AB90121114AE7
:105A90001148D2F81841197004601048C2F8180172
:105AA0000F4B1B685A1C0ED00E4C03EB43039B009C
:105AB000E218926808331C4422B1206805F06EFF9A
:105AC0000023236010BD084B1C461A68F4E700BF92
:105AD0001559002028250020E03B002039550110F1
:105AE000801A002058320020643B0020037883B3E2
:105AF00070B502460D461C46114612F8013F2A2B8E
:105B000013D0242C15F8010B08D030B12E2C01D065
:105B1000A04208D1002BEED1012070BDABB100280E
:105B2000FBD02428E7D0002070BD8E1C29463046CB
:105B3000FFF7DCFF0028F0D115F8013B002BECD07B
:105B40009C42F3D02E2CF1D070BDB0FA80F0400909
:105B500070BD0120704700BF0022014B1A707047D2
:105B6000215900202DE9F0470021194A1948EAF788
:105B7000A3FC194E307000B3DFF86880DFF868903E
:105B8000D8F8BC309847154C074605E0E36B6BB975
:105B9000236C5BB9337893B1D9F85050FCF73EFCD5
:105BA000A847D8F8BC3098478742EFD00021094871
:105BB0003170BDE8F047EAF705BDBDE8F087D8F8D9
:105BC00040304FF40071BDE8F0470548184700BF6A
:105BD000E0930400595B011021590020E8280020BF
:105BE00024290020482600202825002038B5194DFA
:105BF000194CD5F8B03198472368C01A312823D9F9
:105C0000D5F8B0319847154B20601B78E3B9144C98
:105C1000A379CBB9607A10F0020015D1EBF7DCFA6A
:105C2000104B5A7E037813430ED0FCF7F7FB102875
:105C30000BD0402804D038B9BDE83840FFF792BFF8
:105C400094F82830012BF7D038BD94F82930012B77
:105C5000F2D038BD48260020043A00202159002007
:105C6000E8280020903400202DE9F041284E3368C8
:105C7000002B4BD0274B1C68002CFCD1264D2B6DE4
:105C80009847D5F8DC3030689847EB6C346098471B
:105C9000224E336853B11F4B1C68002CFCD12B6D76
:105CA00098473268EB6C2A67346098471C4C23781D
:105CB000D3B91C4E1C4BD6F8B4209A4221D00023F5
:105CC0001A49EA6E81F8803023709047020709D59F
:105CD00095F8DC311B0705D52B6C4021BDE8F04160
:105CE00013481847BDE8F08100230E4E01221946E3
:105CF0001048D6F8AC70B8470B4BD6F8B4209A428F
:105D0000DDD10D4B1B68C6F8B430D8E7024DBFE7B4
:105D100084330020404D002048260020103300200E
:105D20001F590020282500202565011090340020EF
:105D3000242900202C330020E43B0020014B1420B8
:105D4000DB68184728250020064B074810B507498F
:105D50001C6FD3F8DC20186705480C609047054B92
:105D6000186010BD48260020E55E011010330020A9
:105D7000515E01108433002070B5154D2C68ECB1D4
:105D8000144B2269196991421FD0134A9C469269AB
:105D9000124E0AB1D6F8D040BCE80F002060616016
:105DA000A260E360DCF8000020618020F6F7ACFD23
:105DB0000023D6F8D0202B601269B267FFF754FF9A
:105DC000BDE87040064B1B681847044EF0E700BF63
:105DD000AC3B00202C3300202825002090340020EC
:105DE000743300200D4B30B48C460446186031B13A
:105DF0000B4B1B687BB1204630BC614618470068DE
:105E0000E3686168A268074D0FC5054B20691B68F0
:105E10002860002BEFD130BC704700BFAC3B0020A6
:105E2000B05400202C330020074B10B51B680446EB
:105E300003B19847054B1B7F03B910BD2046BDE851
:105E40001040F6F767BC00BFD83B0020904B002005
:105E500038B51A4C8128236803F10103236008D068
:105E60007E2806D0164B1B6898472368013B2360A9
:105E700038BD144D2B7803F0FF0253B9124B1B7839
:105E800063B1124B1978A9B111461148EAF7E4FB46
:105E9000287001202368013B236038BD0D4B002191
:105EA0001B7F032B0CBF0C480C48EAF7D5FB28706E
:105EB0000120EFE70A48EAF7CFFBEAE7404D002070
:105EC00084330020135900200D5900200F59002061
:105ED00069600110904B0020256601106565011076
:105EE0003D5D011038B5194C236801332360430729
:105EF00013D5174D2B7803F0FF0253B9154B1B78C0
:105F000093B1154B1978E9B111461448EAF7A4FB8F
:105F100028702368013B236038BD114B1B689847EC
:105F20002368013B236038BD0E4B00211B7F032BF0
:105F30000CBF0D480D48EAF78FFB28702368013B22
:105F4000236038BD0A48EAF787FBE2E7404D0020AE
:105F5000135900200D5900200F59002069600110CD
:105F600010330020904B002025660110656501105C
:105F70003D5D011038B5104C054610492046F6F736
:105F80001BFC0F4B0F4A9B7802EB830204EB83034D
:105F9000D2ED137A93ED007AB4EE677AF1EE10FA4F
:105FA00001D1012038BD29462046C3ED007ABDE865
:105FB0003840EFF76DB800BFB451002074290020BD
:105FC000AC3C0020E82800202DE9F843204C214F6C
:105FD000214605460820F4F7ABFDBB781E4A1F4E4C
:105FE00002EB8302D16C327804EB8303D3F8008098
:105FF000196042B11A4B002218681A4B2146D3F897
:10600000AC900123C84729461148EFF741F818B969
:1060100000242046BDE8F883BB78294604EB8304BE
:106020000B48C4F80080EFF733F804460028EFD09F
:106030003378002BEDD0012309490A4A0868D2F8C9
:10604000AC5000211A46A8472046BDE8F88300BF9F
:10605000B4510020AC3C0020E82800201F5900204B
:10606000AC3B00202825002000B58BB06846F0F737
:10607000D3FE9DF81430684643F001038DF81430C8
:10608000FFF778FFD8B1194B1B7F022B1FD0184B9D
:10609000184893F800C0184A5B7800EB8C0E02EBAE
:1060A0008C0C02EB8302DCF800C0126800EB830367
:1060B0006946CEF800C01A60EEF7EAFF60B9002327
:1060C0000E490F4A0B7013700BB05DF804FB684665
:1060D000FFF77AFF0028F2D0F2F7E6FDF0F7C6FDF1
:1060E00008490948F6F768FBE9E700BF904B002034
:1060F000AC3C0020B4510020203D0020135900206A
:106100000F59002074290020F8340020F0B5554DB7
:106110008BB06846F0F780FE534C2B78534E04EB5F
:10612000830206EB8303D3ED007A92ED007AB4EE9E
:10613000677AF1EE10FA9DF8143043F001038DF800
:1061400014301ED16B7804EB830206EB830392EDCF
:10615000007AD3ED007AB4EE677AF1EE10FA10D13E
:10616000434FF2F7A1FD00284BD1F2F79DFD002827
:1061700031D13B78002B41D1787880F001000BB011
:10618000F0BDAB783A4F04EB830207EB8303DB6C83
:10619000694635481360EEF77BFF0028E5D0354BA4
:1061A00093F811315B06DCD4AB7807EB8302D2F8AD
:1061B0004CC004EB830396E8070084E807006946B7
:1061C0002948C3F800C0EEF763FF0028C9D1F2F7F1
:1061D0006BFD0028CDD0F0F749FD27492748F6F799
:1061E000EBFA274B274C1D682868EB686968AA689A
:1061F0000FC43B7828692060002BBDD000200BB075
:10620000F0BDF0F733FD1C491C48F6F7D5FA194CE0
:106210001D4BB4F89810587EFDF776FA4FF0FF301A
:10622000EAF7DAFFB4F8A03001788268C068FDF7B9
:1062300063FF94F8111111F0400196D1A878EAF7A4
:106240003DFEAB7807EE100A06EB8306D6ED007A2A
:1062500077EE877A69460548C6ED007AEEF718FFB3
:1062600083E700BFAC3C0020B4510020203D00205B
:10627000E8280020904B002074290020F8340020EA
:10628000AC3B00202C33002090340020854B1B6851
:10629000002B00F0FE80844A1B6912699A4200F0CC
:1062A000F6802DE9F047814D814E817904468EB00C
:1062B0002846EAF799FE337F7E4F012B97F8482056
:1062C00000F0A58002F00702072A40F0B480032BFB
:1062D00040F0A480DFF80892033B18BF01234FF081
:1062E000000A754ADFF8FC811370FDF761FFD8F8EA
:1062F000743050469847714B83F800A0D9F8AC3001
:106300002BB1337F013B022B8CBF00230123DFF82D
:10631000D8916B4A48466B491370F6F74DFA002145
:10632000A878EAF7CBFDAB7807EE100A09EB8303F8
:10633000D3ED007A77EEC77AC3ED007A0DF1040A47
:1063400099E807008AE8070004A8F0F765FD9DF8C2
:10635000243043F001038DF8243096F812315B07A6
:106360006DD4AB7807EB8307FA6C0DEB83035A60AF
:106370000023554F3B7004A8FFF7FCFD002842D0D6
:106380003B78002B69D02B78504E0DEB8302D2ED79
:10639000017A06EB8302D2ED006AF4EE676AF1EE51
:1063A00010FA6A784FEA83030DEB820191ED017ACE
:1063B0004FEA820207D1B118D1ED006AF4EE476AC4
:1063C000F1EE10FA0AD033443244404804A9C3ED38
:1063D000007A82ED007AEEF75BFEA0B1AB7806EBB7
:1063E00083060DEB8303D3ED017A96ED007AB4EECC
:1063F000677AF1EE10FA33D0344804A9C6ED007A7A
:10640000EEF746FE60BB12200EB0BDE8F087A9781B
:1064100003FA01F10A40C9B291420CD1DFF8C090F1
:106420002B49D9F8B4208A423FF456AFC9F8B410CA
:1064300028490A6050E72E200EB0BDE8F08797F893
:10644000483003F00703072B8BD101231E4F514621
:106450000A203B70F4F76CFB8DE7337F022B1AD0D8
:10646000F2F722FCF0F702FC16491B48F6F7A4F9F4
:1064700001224FF48061D8F8403084F8802017481A
:106480009847F2F7C3F800200EB0BDE8F08700206F
:1064900070472F20704704A8FFF796FD0028DFD132
:1064A000B1E700BFAC3B00202C330020AC3C002007
:1064B000904B0020E82800200D590020135900209F
:1064C0001F590020742900200F590020B4510020CA
:1064D00025650110E43B0020F83400202429002029
:1064E0002825002048260020203D0020094B10B51B
:1064F0001B68044603B19847074B1B7DA34200D09D
:1065000010BD064B1A78002AFAD0054A12781A7084
:1065100010BD00BFF03B0020903400200D5900203A
:106520000F5900200C4B1A7A910703D40B4B132000
:10653000DB6818470A4993F870208978CA40D20767
:1065400000D4704703EB81021346D26A5B6F0220CE
:10655000D21AEAF7EBBC00BFE8280020282500206B
:10656000AC3C002010B50B490B48F6F725F9FFF7B6
:10657000CDFD0446FFF778FB084B0020DB68984709
:1065800034B1BDE81040064B02211B6C054818478A
:1065900010BD00BF74290020B45100202825002020
:1065A00048260020242900201B4B1C4903EB8003B4
:1065B000D3ED007A91ED0B7A77EEC77A10B4184CD0
:1065C000C3ED007A94F84820C240D20708D501EB09
:1065D000401191ED0F7AB5EEC07AF1EE10FA02D4C7
:1065E0005DF8044B704704EB8002D2ED196AF4EEBB
:1065F000E67AF1EE10FA92ED167A58BFF0EE667A6E
:10660000F4EEC77AF1EE10FA77FE877AC3ED007ADE
:106610005DF8044B704700BFB4510020904B002040
:10662000E82800202DE9F0438FB001A90820F4F7F5
:106630007FFA04A8F0F7F0FB7C4B4FF000051A78C6
:106640009DF8243043F001038DF82430002A44D112
:10665000774C784E227863780DEB8201496806EB1F
:10666000820211600DEB83025268734F06EB8303C5
:106670001A603B7893B14FF00108704B0022186804
:106680006F4B6C49D3F8AC900123C847B8F1000FA9
:1066900004D1FFF7E9FA0FB0BDE8F083654804A91B
:1066A000EEF7F6FC0028F4D0A37804A90DEB8302E2
:1066B000526806EB83035F481A60EEF7E9FC00219D
:1066C000DFF890810991D8F824308DF814100493E4
:1066D00008BBA078FFF768FFDBE704A8FFF74AFCD8
:1066E000534C544E22786378534F06EB820E06EBE0
:1066F000830C0DEB82020DEB830352685B683978E3
:10670000CEF800208046CCF800300029B5D1B8F191
:10671000000FBED0C2E73B78002B53D1A078FFF723
:1067200043FF4FF00002434804A9EFF7DDFB0128C7
:10673000AFD144493F48F6F73FF8A378B0EE007A6E
:1067400006EB8303D3ED007A77EE877A98F812216F
:10675000C3ED007A1307C2F3C00745D5D8F820303F
:10676000049367F3C3052A46324804A9EFF7BCFB3C
:1067700001288ED1344BA17893F8704003EB81024D
:1067800024FA01F5ED07D26A47D48840044303EBAD
:1067900081014FF4004083F870404A67F6F7B4F87F
:1067A000274B0F20DB689847FFF7B0FC0446FFF744
:1067B0005BFA002C3FF46FAF244B02211B6C244882
:1067C000984768E701231D4A10681D4AD2F8AC704B
:1067D0001A46B8479DF8253060F3C3038DF825307D
:1067E000A078FFF7E1FE9CE7D8F82830114804A90B
:1067F0000493EEF74DFC00283FF44BAFD8F820305F
:10680000B1EE007A0493A37806EB8303D3ED007A0C
:1068100077EEC77AC3ED007AA3E703EB81035B6FE2
:106820000220D21AEAF782FBBEE700BF0F59002010
:10683000AC3C0020B45100201F590020AC3B00208C
:106840002825002014290020E828002048260020C0
:1068500024290020904B002038B5214CD4F8243155
:10686000984700282DD1D4F8E03053B34FF40040BE
:10687000F6F74AF81B4B1B7F13F0FB0322D01A4993
:106880001A4A1B4B1B48C3F8D0101178C4F82001DA
:10689000A1B90120D4F81C51174910700D60174997
:1068A000D3F8A850C4F81C111549986C0D6015490F
:1068B000154AC3F8A81015499A640860144B1A6861
:1068C00032B138BD0A4AC4F82031C2F8D03038BDE0
:1068D000D4F878110F4A1960C4F8782138BD00BF88
:1068E00048260020904B0020495D01101D590020D2
:1068F000282500208D620110B0540020E55D0110B4
:10690000D83B0020295E0110ED640110F03B00200F
:1069100074330020795D0110F0B55C4C8BB0237F9F
:10692000013B012B28D85A4B1B682BB3594B1D78C0
:10693000DDB9594B1B7813BB4FF010055749584828
:10694000F5F73AFF574E6846F0F766FA636AB07893
:106950000093FFF729FE2A4669465148EFF7C4FA2B
:10696000012821D02F200BB0F0BD4F4B1720DB6842
:10697000984700200BB0F0BD03200BB0F0BD4A4A91
:106980004A4B4B490820D2F8AC601F68F5F72AFF44
:106990000123024629463846B0479DF8153060F37A
:1069A000C3038DF81530C7E73D484249F5F704FFAA
:1069B0003B4AB378B0EE007A02EB8303D3ED007A62
:1069C00077EE877A94F81221C3ED007A1307C2F3A9
:1069D000C00743D5236A009367F3C3052A46694677
:1069E0002F48EFF781FA0128BCD132492C48F5F73E
:1069F000E3FEB2782A48F1EE006A00EB820393EDE1
:106A0000007A2D4D37EE267A05EB8202D2ED137A0D
:106A1000B4EEE77AF1EE10FA666A77FE877A694695
:106A2000C3ED007A0096EEF733FB00289AD0F2F718
:106A30003BF900289DD0F0F719F905F18C011F48AA
:106A4000F5F7BAFE0020227F1D49174B022A087075
:106A5000DB6814BF1220112098478AE7A36A6946B1
:106A60000F480093EEF714FB00283FF47BAF0C4A6D
:106A7000B378B1EE007A02EB8303D3ED007A77EEC0
:106A8000C77A226AC3ED007A0092A5E7904B0020F6
:106A9000843300200F5900201F5900207429002042
:106AA000B4510020AC3C002028250020AC3B002045
:106AB0000000A04014290020E8280020F83400201D
:106AC0000D59002000487047841A00200048704784
:106AD000901A00200023084901E0182B09D011F872
:106AE000332001EBC30C824203F10103F5D1604670
:106AF00070470020704700BF789B021008B5044B18
:106B00000449D3F8802109F0C5FF012008BD00BF6A
:106B10004826002000801F1038B5144D1449D5F8C0
:106B20008021044609F014FA08B9012038BD72B674
:106B30004FF480514FF4FC100AF0E6F9D5F88021AB
:106B40004FF4FC10D3B2120A002B18BF01322146B9
:106B500012020AF0ADF962B605492046D5F8802147
:106B600009F0F6F9B0FA80F0400938BD4826002057
:106B700000801F100020704708B5884700200021C2
:106B800008BD00BF044B0C2293F8FB304340C3F315
:106B9000000343EC40207047904B0020002382B05C
:106BA000009310EE183010EE181010EE1820C1F3FC
:106BB0004041C3F3C03343EA4103C2F3804243EA96
:106BC00082038DF80030009802B07047C36893F8D4
:106BD000202061F3861283F820207047C0680022CD
:106BE000836E18474FF000034268127A62F3000385
:106BF00018467047704700BF024B93F8960000F0AC
:106C000001007047904B002072B603681943016081
:106C100062B67047034672B600681A6822EA01013C
:106C2000196062B6704700BF034672B6006819600B
:106C300062B67047014B1868704700BF8033002070
:106C40002DE9F0470026884691462E4C2E4D237F95
:106C500043F001032377EF68627FA7F1010CBCFAD0
:106C60008CFCA87A2978AB694FEA5C1C6CF304129F
:106C700026716061617120464946A7602361627791
:106C80000136C047042E05F11C05E4D102231F4D37
:106C90001F4FDFF884A0A3830EE0272B0CBF5246C2
:106CA00000226B694946C4E9032316480136C047F0
:106CB000122E05F11C050BD0EB68287A29786A683A
:106CC000252B267160616171A260E6D13A46E8E742
:106CD000104B1D680023E3608DB1EB682671636182
:106CE0002B782F8A63716B686A6949460548A360EF
:106CF000A7832261C047AD690136002DEDD1BDE803
:106D0000F08700BF40280020341C0020AC1A00206F
:106D1000B86F0210583C0020BC6F02100D4B1B686E
:106D200013B970479B69A3B193F800C08445F9D1AA
:106D300010B45C688C4208D09B693BB193F800C0EA
:106D40008445F9D15C688C42F6D15A615DF8044BF8
:106D500070477047583C00200349044B044A0B44D9
:106D600004489B1A181A7047245900200000082074
:106D70002459002000000820A0F58C70B0FA80F0A3
:106D800040094000704700BF70B504461C2004F065
:106D9000C9FDA8B184460546002620686168A2683E
:106DA000E368ACE80F00084A206961691368ACE841
:106DB0000300AE612BB11A469B69002BFBD1956194
:106DC00070BD156070BD00BF583C0020064C08B572
:106DD0000648D4F8C030984700216420E36B9847F8
:106DE0000021084603F0D0F848260020C46F0210A6
:106DF00002F0CABF2DE9F0472B4C4FF001084FF0CD
:106E0000000A814604F5C47502E01C34AC422CD063
:106E1000E368242BF9D163680B2BF6D0207A02F0BB
:106E2000AFF80428F1D0207A02F05AF92378207ABA
:106E3000062B33D0C02B31D0A0F1200CC0F12001A3
:106E400008FA0CFC28FA01F15746534608FA00F6F6
:106E50004CEA010242EC24606368012BD5D1042185
:106E60001C3402F06FF8AC42D2D199F800300F4ACE
:106E7000A3F11703B3FA83F30D4C5B0948464FF0B7
:106E80000001D2F808212370904710EE103003F073
:106E9000A80320EE10302078BDE8F0874FF0010302
:106EA00043EC4000C8E700BFAC1A00204826002091
:106EB0000959002088B170B5054600244FF0000341
:106EC000E2B262F3070362F30F2363F30F06304667
:106ED0000134A847032CF1D170BD7047002110B5D3
:106EE0000446112002F030F901210B4A0B4B1068C7
:106EF0001A68814022EA01021A60D3F8702122F454
:106F00008072C3F870212CB110EE103003F0A8038A
:106F100020EE103010BD00BF245100200000305082
:106F200000B1704701490248F6F748BFF06F021000
:106F3000F86F021038B51B4C00214FF00700D4F851
:106F40008C309847184B194A1968236A1848A2FBD5
:106F500003230268B2EB131F0FD01C09154B164D0B
:106F60001A6801EB4103046002F01F0205EBC30342
:106F7000081D45F82040C3F8D82001230E4A8B4055
:106F80001068034208D111680B431360D2F87031C6
:106F900043F48073C2F870310121BDE838401120FC
:106FA00002F0D2B848260020245100201F85EB5162
:106FB000543C002028510020000030502DE9F041C1
:106FC0000D4684B010B3044631B302F091FD06467D
:106FD00002F0DAFE0B4602464FF47A704FF0FF3CA7
:106FE0006FF00047E4FB0023944577EB03014FF07B
:106FF0000001154C3CBF62463B463046019500946B
:10700000029102F0DDFD04B0BDE8F0810029FAD064
:1070100004B0BDE8F04108474FF47A720B4E02FB12
:1070200004F4B76AB36ADB1BA342ECD2DFF820801A
:10703000D8F85450FBF7F2F9A847B36ADB1B9C421F
:10704000F6D804B0BDE8F081796B011000000B4068
:1070500028250020F8B50446002832D0294B9FEDA2
:107060002A7AD3ED2D7AF4EEC77AF1EE10FA29DC04
:107070009FED267AF4EEC77AF1EE10FACCBF0C251C
:107080003225052001F05AFE214AB0FBF5F32149D3
:107090002046FDF7B3F8B8B9E36893F820305B06F3
:1070A00004D5014600222046636A98471A4B636262
:1070B000A17A204611F0010118BF1649FCF77EFDA8
:1070C0000120F8BD0125DCE700210120134A144B03
:1070D0006262104AD3F89870168992892D017A401D
:1070E000104F92B2C7F89820C3F88C10C3F89410D0
:1070F000C3F89810C3F89C60C3F89050C3F88C0094
:10710000D6E700BF904B00200000FA44000048433F
:10711000384C00205C4D0020CD6B0110297101100E
:1071200000800A4000900A4038B50446C06807EE67
:10713000902A90F82030C9B25D0720D5890720D564
:10714000F5EE407AF1EE10FA08D11B0706D590F85B
:10715000203023F0400380F8203038BD90F82030F4
:1071600017EE901A43F04003856E80F8203000221D
:10717000A84701462046BDE8384009F0ADBECA0721
:10718000DED490F82030828923F0400380F820304C
:10719000044B0549D3F8983053409BB2C1F898305E
:1071A00038BD00BF00800A4000900A4010290AD86C
:1071B000DFE801F00A0F1409190909091E09090974
:1071C000090909092300704700220F21807A01F084
:1071D00015BF01220821807A01F010BF012204218D
:1071E000807A01F00BBF01220C21807A01F006BFEA
:1071F00001220221807A01F001BF0122807A11462A
:1072000001F0FCBEBB4B1B78002B00F00C812DE97C
:10721000F04FCB07804683B000F1B781B64CDFED6D
:10722000B75AD4ED087AB0EE006AF8EE676A98EDC6
:10723000407AC6EEA57A37EE067A67EE877AFAFECE
:10724000677AFCEEE77A98F8F810AD4B022001F06F
:107250000101C3ED027A01F0C1FE98F8F910032094
:1072600001F0010101F0BAFE98F8F8100420C1F312
:10727000400101F0B3FE98F8F9100520C1F3400178
:1072800001F0ACFE98F8F8100620C1F3800101F07F
:10729000A5FE98F8F9100720C1F3800101F09EFEC9
:1072A000D4F88830012098470022DFF8689204263D
:1072B0004C464FF00F0B11461046924B01F0E2FE88
:1072C0000021152001F040FF98F81C2198F81B318F
:1072D0008D4F5340019394F85E0001F001FF94F844
:1072E0005430013E3D2B25D81E2B2FD91F3B1E2B82
:1072F0002CD8DFE813F0EF00EF00EF002B002B009D
:10730000DC00DC00DC002B002B00C300C300C3004A
:107310002B002B00110111012B00370137012B002D
:10732000240124012B002B002B002B002B002B0011
:107330002B002100C32B09D1C6EBC60209EB820248
:10734000138923F47E7343F048031381F500236E01
:1073500013F4C06F0CD0AB1B09EB83035A7A12F005
:10736000040F0CBF012102211A8961F349121A810D
:10737000AD1B09EB85052B7A94F85E0003F018032A
:10738000082B0DBF012100210122002201F002FE85
:10739000697A94F85E00C1F3800101F00FFE236E5C
:1073A0001F4231D094F85E30584903F00702920032
:1073B000DB080BFA02F28C331C3C41F82320002E30
:1073C00089D1534E0E25344601E01C3C25B3D4F838
:1073D0007831013D242BF8D194F86C318A3B072B8E
:1073E000F3D801A252F823F06F7401105D740110FC
:1073F000CB730110CB730110CB730110CB73011051
:107400004B74011029740110298904F15400C1F34F
:107410004411FFF7CBFEC5E70121152003B0BDE8FD
:10742000F04F01F091BE7047C5EBC50398F8962068
:1074300006EB8303597C62F38201597494F874015A
:10744000C1F3800101F0CAFDBFE798F89620C5EBB3
:10745000C50306EB8303C2F34002EBE798F8A820CC
:10746000C5EBC50306EB8303C2F34002E2E7C5EBBD
:10747000C50398F8A82006EB8303DBE798F81C21E6
:10748000C6EBC60109EB81010889019B42F380022A
:1074900002F0030282F0010220F48360C3F3800350
:1074A0009B0243EAC20303430B81F5004FE798F8C0
:1074B0001C21C6EBC60109EB81010889019B42F33F
:1074C000400202F0030282F0010220F48360C3F361
:1074D0004003E5E7C6EBC60198F81C2109EB8101E2
:1074E0000889019B02F00102013220F4836003F05D
:1074F0000103D5E7095900204826002000247449DB
:107500001051002079020020000610000080024087
:10751000AC1A0020341C002098F81C21C6EBC601D0
:1075200009EB81010889019B42F3C00202F00302CA
:1075300082F0010220F48360C3F3C003B0E798F83F
:107540001C21C6EBC60109EB81010889019B42F3AE
:10755000401202F0030282F0010220F48360C3F3C0
:1075600040139DE798F81C21C6EBC60109EB810189
:107570000889019B42F3001202F0030282F001022B
:1075800020F48360C3F300138AE7094C012194F9C6
:107590000000FCF7BFFAFFF75DFDFCF7E3FA94F992
:1075A000003098427FF43AAEFCF79AFB36E600BF13
:1075B000A41C00202DE9F043214F064683B0084665
:1075C00088463C78FBF706FD86F00105019026B160
:1075D0001C4B93F81A6106F001065FFA88F87A6886
:1075E000013CC4EBC4034FEA830902EB830016B1EC
:1075F000B8F1000F0BD105BB00250189C1F344117F
:10760000FFF7D4FD002CEAD103B0BDE8F08312F8F7
:107610002300FBF773FC7B68C5B203EB0900C3686A
:10762000B3F5007F0CBF9DF804309DF805301D4078
:10763000003D18BF0125002DDED00021E0E700BF8E
:10764000543A0020904B002010B50189044601F403
:107650007872802A82B015D010EE1830403A18BFE8
:107660000122807AC340607A83EA900303F0010329
:10767000934207D02046C1F3441102B0BDE8104048
:10768000FFF794BDE368B3F5007F02D0B3F5806FD8
:10769000F0D10023009310EE183010EE181010EE09
:1076A0001820C1F34041C3F3C03343EA4103C2F39E
:1076B000804243EA820303F007038DF8003000980C
:1076C000F9F728FFC0B218B1024B00981B6E98471B
:1076D0002189CFE74826002010B50F2001F000FDDA
:1076E0004FF000040F2044EC44000121002201F07F
:1076F00051FC112001F0F4FC112044EC4400012164
:10770000002201F047FC122001F0EAFC122044ECB8
:107710004400BDE810400121002201F03BBC00BF45
:107720002DE9F04F2DED028B00254FF0E0230326CD
:1077300040F2E7327D4C7E498FB061607D49052083
:10774000A1607D49AB46E1605A619D617B4A1E6143
:107750007B4BDFF878A2C4E904237A4B7A4AA3630F
:107760007A4BA261236201F0E9FA794BB2EE047A16
:10777000A3FB0030800C07EE900A4FF07E53F8EE2A
:10778000E76AE361734B4FF48062C4F80831724BCF
:10779000C6EE877AC4F88430704BA262C4F8883091
:1077A0006F4B704AC4F88C306F4B6263C4F89430EE
:1077B0006E4B6F4AC4F898306E4BE263C4F8AC303D
:1077C0006D4B6E4AA3656E4BC2ED007AE3656D4B5F
:1077D000606263676C4BDFF8F891A3676B4BDFF86F
:1077E000F481E3666A4BC4F8B4316A4BC4F8B03133
:1077F000694B2364694B6364694BA364694BC4F8A8
:10780000A831694BC4F87031684BC4F8743100F08A
:1078100087FB00F0ADFDFBF75FFF4FF48053644A38
:10782000C4F88431634BC4F8A021C4F8A43184F8AF
:107830007C61FDF739F860496048FCF713F90723CC
:107840005F4ADFF894C1107061462A46DAF8046096
:107850000A930593C4F8E03194F8D431019623F0EB
:107860006F03D9F8046043F06F039AF800E099F8C9
:1078700000700096ADF81050A4F8E451ADF828500F
:1078800084F8D43103950295C2EBC2030CEB830359
:107890001879D60020F0190040F009001871187A04
:1078A00020F0190040F0090018728B7A48F8231074
:1078B000CB68B3F5801F00F0648113F4C06F08D06B
:1078C000019B002B00F0838101250EF1010E5FFA70
:1078D0008EFE0132042A01F11C01D5D10DB18AF8C6
:1078E00000E0039B002B40F06A81BBF1000F01D048
:1078F00089F80070029B13B1009BC9F80430314B2A
:107900000027D3F80480DFF8D4B042462E4EB946A3
:10791000B84693F800C001973B460097304617469B
:10792000DBF804A09BF800E062E000BF48260020DE
:107930000C700210147002101C70021028700210DB
:107940004C700210F56D01106C700210809698005A
:1079500083DE1B4305720110356F0110DD6E0110CF
:10796000856B0110596D0110F101002011010020FB
:10797000BD6F0110B56E0110B5750110883C002077
:107980009D6B0110F56B0110F96B0110590100207E
:10799000F16D0110356C0110096C0110156C0110AE
:1079A000296C0110416C0110896D01101D6D0110D1
:1079B000FD6A0110196B0110E0540210489C02107E
:1079C000A41C0020D0300020AC1A0020543A002023
:1079D000BC3000208C390020341C0020D83000201E
:1079E0000B2D00F0B58001330E2B00F11C001DD0D3
:1079F000C3EBC30206EB8202117C456841F0020131
:107A0000092D11744FEAC302EAD1ACF16E020CF1F8
:107A1000010C002F00F0B18001330E2B02704FF0EB
:107A200001095FFA8CFC00F11C00E1D13B4647469E
:107A300098460FB18BF800E0019B0BB1CBF804A086
:107A4000B9F1000F02D0644B83F800C0009B13B162
:107A5000614BC3F80480614B614A62496248C3F8D4
:107A6000F420D965F4F7DCFC0021604805F060FAE9
:107A700003465F4D5F495D482B6005F075FA0023B2
:107A800009935D4B5D4A93ED008A4FF440234FEA22
:107A9000C01E0893431D10604EEA033E4FF480322F
:107AA0004FF4F8338446CDE9062306AE0AAF96E8D4
:107AB0000F0087E80F002D68CDF82CE097E80F0045
:107AC00086E80F00334662462946484805F066FAC4
:107AD000DFED4B7A78EE277ABCEEE77A17EE103AB4
:107AE0009AB2002A69D007EE102AB8EE477ADFED85
:107AF000456A77EEC77A67EEA67AFCEEE77ACDEDB7
:107B0000007A9DF800301B0205EB4505ED0005F1FC
:107B1000A04543EA024305F54015C5F8C8301120D9
:107B2000394901F033FB0021112001F04DFDFFF731
:107B3000D3FD00F0C1FD00F01FFF2068A0F10A0096
:107B4000B0FA80F040090FB0BDEC028BBDE8F08FB9
:107B5000BAF1000F2DD0D21A06EB8202517C4FF001
:107B6000010841F0080151740EF10102AEF1560E08
:107B700080F800E05FFA82FE35E7012107460091B8
:107B80004AE7009BB61A0CEB8606E3B107F13F0308
:107B9000CF720B70B388013723F478735B045B0CEE
:107BA00043F4034343F0E0034FF0010BFFB2B38013
:107BB0008FE6012182460191CDE71346A4E7019BA0
:107BC000CAF8043091E6012300910293DEE7012315
:107BD0000191039378E600BFD030002028250020D3
:107BE000796D0110216F01109C1A002000003050A7
:107BF000245100208C9C0210883C00202851002039
:107C00000000003B0000804365010020054B1A681E
:107C10005B6890B29A4299B238BF00F58060401A12
:107C200080B2704768410020074B1A685B6890B2C9
:107C30009A4299B238BF00F58060401A80B2C0F510
:107C40007F70033080B2704768410020074A536854
:107C50001168994206D0591CC1F309011344D87A1E
:107C6000516070474FF0FF30704700BF68410020FF
:107C70002021034A034B91631A685A60704700BF82
:107C800000300740B4540020084A82B09369D906F6
:107C900005D41368DBB201939369DB06F9D50022A2
:107CA000034B19685A72596002B0704700000740D0
:107CB00068410020F8B5104B06469A6B910605D432
:107CC0009A69920616D520220C4B9A630C4D0D4FE3
:107CD0002C680134C4F3080403E0D7F8D031984786
:107CE00038B16B68A342F8D02B682C601D442E720B
:107CF0000120F8BD1860FBE70000074000200740A6
:107D0000B45400204826002010B5044614F8010B96
:107D100028B1FFF7CFFF14F8010B0028F9D110BDEF
:107D200061B138B504464D1EADB20135054414F8B5
:107D3000010BFFF7BFFFAC42F9D138BD704700BF60
:107D4000084B1A685B6890B299B29A42064B38BFEA
:107D500000F500709B69401AC3F3C00380B2184459
:107D600080B27047B454002000000740502210B188
:107D7000024B9A637047024B9A637047003007408A
:107D800000200740014B1B68184700BFBC1C0020A7
:107D90000346024A106803B113607047BC1C002000
:107DA000F8B5224D2F6C17F0500F0AD0204E05E089
:107DB0002C683368E4B22046984718B3AB69DB06F9
:107DC000F6D5BA060AD51B4A18495368886984064D
:107DD0000CD5536051681368994220D0F8BD287AB9
:107DE000C4F30803086088698006F2D41068D518C7
:107DF000984203F10104F2D153605168136899422B
:107E0000ECD10CE00C4A136851680133C3F3090349
:107E1000994208D0116813600A44D472CEE7202238
:107E2000064B9A63F8BD01235372C7E70000074071
:107E3000BC1C0020B45400206841002000300740E2
:107E400008B5034603F00C0213F0030F14BF07211B
:107E50000821082A14BF012202220348C3F3021397
:107E600002F06CF9012008BD0000074008B501468A
:107E7000024802F0D5F8012008BD00BF000007400D
:107E800001460148FBF7D6B96841002070B51E4D88
:107E9000697809B1002070BDAA78044612F001008B
:107EA000F9D09307C2F3400601D5084670BD42F0F1
:107EB0000202AA703046154D022101F043F802215A
:107EC000012001F03FF82146284602F0F7F8286B20
:107ED0000F4C00F44040334601222063082128461D
:107EE00002F02CF92846012102F060F9212009490D
:107EF00001F04CF90121212001F026F95022064B16
:107F000006489A6370BD00BFB41C00200000074003
:107F100000100740A17D011000200740A09C021026
:107F200010B5074C0748D4F8703198470648D4F884
:107F300070319847BDE810400448FBF75DB900BFB9
:107F4000482600200C9D0210F49C0210A81C002062
:107F5000054B5A681B6891B298B29A4288BF00F5E7
:107F60008060401A80B2704774450020064B5A6802
:107F70001B6890B29A4299B294BF00F2FF3000F1B0
:107F8000FF30401A80B2704774450020014B1A68D8
:107F90005A607047744500201820064B19681A680B
:107FA00019445A601A68C8720132C2F309021A6091
:107FB000704700BF74450020074A53681168994212
:107FC00006D0591CC1F309011344D87A5160704797
:107FD0004FF0FF30704700BF74450020014B1B6815
:107FE000184700BFC01C00200346024A106803B1B6
:107FF00013607047C01C002008B51F2001F0BAF8BC
:108000004FF47A70002108BD01460148FBF712B910
:1080100074450020002006F003BA00BF08B5002117
:10802000074808F085FF00B908BD4FF0FF30002178
:1080300005F040FCBDE80840014808F059BF00BF0A
:10804000D45700202DE9F84380460F4601F09CFEEE
:108050004FF0FF356FF00044334A821841F10003BE
:10806000954274EB03013CBF2A4623462F4808F093
:1080700053FF08B9BDE8F88305F092FB48B900202A
:1080800000212B4BC3E90001BDE8F843274808F065
:108090002FBF05F08DFB05460028F0D1002FF3DD42
:1080A000DFF88C90234E13E02246002006F036FACB
:1080B000002104464FF0FF3005F0FCFB002006F0E5
:1080C000E7F901F061FEC9E900012544AF42DBDDBB
:1080D000002006F043FA7C1B8442A8BF044608EB4C
:1080E0000501002CE0D121464FF0FF3005F0E2FB06
:1080F000204606F0CDF905F053FB0028C4D005F06A
:1081000057FB0028C0D106F029FA0028DED101F083
:108110003BFED9F80030D9F804209B1942F1000247
:1081200083428A41D2D2AFE740420F00D4570020A9
:108130003828002020A1070008B503460348012184
:108140000370FFF77FFF012008BD00BF4832002009
:10815000474B2DE9F047474C1B68984723780BB1F4
:10816000BDE8F0870123237005F01AFB18B900233E
:108170002370BDE8F08705F01BFB0028F7D106F05F
:1081800065F906460028F2D03B4D69682A688BB233
:10819000914294BF03F2FF3703F1FF3790B23F1AC9
:1081A000BFB205F0FDFA0028E1D005F001FB002880
:1081B000DDD106F04BF90028D9D001F0E5FD4FF0F4
:1081C000FF3E6FF0004C2D4A821841F100039645A6
:1081D0007CEB03013CBF72466346294808F09CFED5
:1081E0000028C4D005F0DCFA40B900214FF0FF3080
:1081F00005F060FB224808F07BFEB8E705F0D8FAEE
:1082000080460028F1D106F021F90028EDD0142E87
:108210003246A8BF14221B4EBA42A8BF3A46314686
:10822000404606F01DF90746154808F061FE002F8C
:108230009DD09CDDB1464FF001083E44124F06E050
:108240002A682B60AB1883F80BA0B1458FD019F8C2
:1082500001AB3B68504698470028F6D12B686A6806
:108260000133C3F309039342EAD185F80980ECE7AF
:10827000D03B0020195900207445002040420F00D7
:10828000D457002070540020C01C002070B5144D3D
:1082900005F10C06AE602B6833B1002006F05EF9E4
:1082A0000A282B6803D893B90120AE6070BD9842AC
:1082B00028BF18460446A8682146FFF7C3FE2B686E
:1082C000AA681B1B22442B60AA60002BECD0054B34
:1082D000D3F8D03198470028DDD12860E5E700BF0A
:1082E000BC5600204826002038B5074B04461B68C2
:1082F0000D4613B1FFF7CAFF28B129462046BDE855
:108300003840FFF79FBE38BDBC56002003785BB3F2
:1083100070B5044608F034FC144E05463368C218A4
:10832000FF2A16D802462146B06808F0B3FB33682E
:10833000B2682B442A443360B260254415F8012CFE
:108340000A2A02D0726893420DD9BDE87040FFF747
:108350009DBF13B1FFF79AFF28B12046A9B2BDE82F
:108360007040FFF76FBE70BD704700BFBC56002065
:10837000002130B5084685B006F0AEFB1F201B4932
:1083800000F004FF01211F2000F0DEFE184801F07C
:10839000B1F901F0ADFB044601F0F6FC4FF0FF3EF1
:1083A0006FF0004C10F57A7241F1000396457CEBBA
:1083B00003014FF001054FF0000120460D4CCDE9BF
:1083C00001153CBF72466346009401F0F9FB2C2175
:1083D000094A0A48146D0A4B04600A4C0A4803F122
:1083E0000C059D601465596005B030BD1D800110FD
:1083F000D4570020F97F011028250020D03B002011
:10840000BC56002051810110249D0210B0F58C7FD4
:1084100003D0044B1B6813B118470120704718465E
:10842000704700BFF057002010B50446054B1B688D
:10843000984704B110BD04490448BDE81040F5F761
:10844000BDBC00BFE83B0020B8700210C070021035
:108450004388B3F58C7F03D0274B5B6873B3184711
:1084600010B590F8CA30044613F0010082B027D14D
:108470001B071BD5D4ED1B7AFCEEE77A17EE903A7A
:108480001E4A03EB430302EBC30394ED1E7AD3EDC4
:10849000017AB4EEE77AF1EE10FA29D4D3ED027A3C
:1084A000B4EE677AF1EE10FAC8BF272094F8CA300C
:1084B00023F0090384F8CA3002B010BDFF207047D2
:1084C000E06EF8F763F994F8CA3098B113F0010040
:1084D000CED0D4ED1B7AFCEEE77ACDED017A084AD6
:1084E0009DF80400127890422CBF27200020BFE79F
:1084F0002720DBE70220BBE7F05700207028002090
:108500001B5900200000000010B5294C00EB400072
:1085100004EBC004D4ED016A07EE901A94ED027AE0
:1085200077EEE67A37EE667AC7EE877AE16017EE85
:10853000900A08F0D5FC1AA3D3E9002301F0ACFEA1
:1085400019A3D3E9002301F07FFE01F019FFD4E95C
:10855000043107EE900A9FED176ADFED176A67EEA8
:10856000867A9FED167A67EEA67A67EE877AFCEE3A
:10857000E77A134A03EB83039B001A4417EE903A01
:108580009BB241B10F481B04116802F580524B4069
:108590000340136010BD4FF6FF70F5E7AFF30080A6
:1085A0008FBE49D3A0685E3F664CC11A67D3413F76
:1085B00070280020000048420000C84200FF7F47AA
:1085C0000C800A400000FFFF4A88B2F58C7F04D07F
:1085D000324B9B6803B118477047D1ED1B7A30B519
:1085E0002DED028BFCEEE77A8DB0CDED017A0B46D6
:1085F00091F8CA102A4A090710789DF8042011D46E
:1086000082420BD2274B02EB420103EBC10393EDF5
:10861000038AB5EEC08AF1EE10FA0EDA0DB0BDECA9
:10862000028B30BD8242F9D21046996F0DB0BDEC7D
:10863000028BBDE83040FFF767BF1B4B02AC93E8ED
:10864000030084E803001046F7F702FF05462046C2
:1086500008F096FA2946204408F092F80346134D94
:1086600007CD186059609A60022118EE100AF7F7DA
:1086700013FF0546204608F083FA2946204408F0F7
:108680007FF803460A4D07CD0A4D186059609A607D
:108690002046D5F8C0309847C0E700BFF05700200B
:1086A0001B59002070280020CC700210D4700210DA
:1086B000E0700210482600202DE9F04F2DED048BCC
:1086C0009FED499ADFED498A9FED498A494E4A4B11
:1086D00006F1F40207CA83B083E807004749484A15
:1086E000484D494B494CC6E93D1295F80090DFF8DA
:1086F0002881C6F8FC30E71C14F8010B09EB490B84
:1087000008EBCB030421C3ED028A83ED018A83EDDC
:10871000038A08F83B0000F015FC4FF6FF7118F8CB
:108720003B304FEA490A5A081F2B8ABF02F0030266
:1087300002F00702083202EB820C4FEA8C0CCA44AA
:108740000CF1804903F0010309F5282908EBCA0A56
:10875000CAE904230520C9F8101000F0EFFA07EE6B
:10876000100AB8EE477AC7EE097ABCEEE77A8DEDCB
:10877000017A9DF80410F3EE006A07EE101AB8EEC5
:10878000C77A77EEC77A67EEA67AFCEEE77ACDED88
:10879000017ADAF810309DF8042003EB83039B0084
:1087A00003F1804342EA0112C9F8042003F52820AE
:1087B000026895F80090D24309F1010903F52923D5
:1087C0005FFA89F902F00102A74285F800901A6069
:1087D00092D1F16D0E4A0F4B1160F36503B0BDEC01
:1087E000048BBDE8F08F00BF38FF474A00003443D8
:1087F0000000000028250020F05700200D84011003
:10880000518401101B590020C9850110789D021068
:10881000E83B00202984011070280020F0B50646AE
:108820008BB0D8B90546134C134FA3788BB162783F
:10883000124BDAB12021124A009302A82B4604F011
:1088400093FAD7F8C03002A89847D7F8C0300D483F
:1088500098470135032D04F10304E6D10A4B1B6848
:1088600033B130460BB0BDE8F0401847074BE1E7A5
:108870000BB0F0BDC430002048260020EC70021080
:10888000F4700210BC490210EC3B0020F0700210A2
:1088900043880246D23B9BB2052B07D890F8CA30DA
:1088A000002023F0090382F8CA307047024B5B684E
:1088B00003B11847FF207047FC570020A0F1D203F6
:1088C000052B03D9034B1B6813B1184701207047D0
:1088D00018467047FC5700204B88D23B052B41D8E7
:1088E000DFE803F008121C263003214B1A7A002A15
:1088F00032D170471E4B9A78002AFAD0012219789B
:108900005A7042EC40107047194B9A78002AF0D008
:10891000002219785A7042EC40107047144B5A7973
:10892000002AE6D00122D9781A7142EC4010704733
:108930000F4B5A79002ADCD00022D9781A7142EC08
:10894000401070470A4B1A7A002AD2D00122997936
:10895000DA7142EC4010704700229979DA7142ECEA
:1089600040107047034B9B68002BC2D0184700BFD4
:10897000C4300020FC5700202DE9F0414FF00108E1
:108980004FF480771A4C1B4D04F1090614F8010CC2
:1089900000F0A6FB14F8013C48EC44304FF0000214
:1089A00042EC403015F8013B04F8013C24F8037B0D
:1089B000B442EBD1104B114C03F1F40207CADD6D48
:1089C00084E807000E4A0F4C15600F480F49104A03
:1089D000C3E93D40C3F8FC10DA650E4B0E48D3F8EE
:1089E000C0309847BDE8F0410020FFF717BF00BF37
:1089F000C53000207C9D021028250020FC57002057
:108A0000EC3B0020BD88011091880110D98801102D
:108A10001D88011048260020007102100FB400B517
:108A200083B0049C074804F021FC3CB105A9204612
:108A3000019104F0AFF9044804F018FC012004F09F
:108A4000C1F900BF28710210BC490210704700BF75
:108A500008B50148FFF7E2FF3871021038B5054C40
:108A6000054DAC4204D254F8043B9847AC42FAD3CB
:108A700038BD00BF380F0210780F021010B407483D
:108A8000074C084B084A094904601A608B6832EAAF
:108A90000303FBD15DF8044B704700BF0020024088
:108AA0007F3BEFEF00300240F6FFF303000002408F
:108AB000044BDB6CB3F5004F03D14FF48022024B23
:108AC000DA64704700001150002011504FF0E0228E
:108AD000044BD2F8881D0B43C2F8883D10EE3004D9
:108AE000704700BF030330006FF06041044B054A3C
:108AF00019609368DB4333F06043FAD1704700BFDD
:108B0000003002400000024010B545F2532001F051
:108B10002FFABDE8104003460420184710B545F26F
:108B2000532001F025FABDE8104003460120184704
:108B300000F0B6B970B50D490D4D0E4E6D1AAC1062
:108B4000442C224628BF44223046920007F0A2FF60
:108B5000B5F5867F07D82B1F074A33440134442CD0
:108B600043F8042FFAD1054B9E6070BD0000001041
:108B700010010010000000201101001000ED00E0C5
:108B8000002370B52B4C82B0C4F8843001F030FA69
:108B90000122294BDA63636C012BFCD10321264AA5
:108BA000244B11639C6B012CFCD102260525214628
:108BB0000523224A2248009601F022F921462B463D
:108BC000204A2148009501F01BF90022042031467B
:108BD0001E4B00F0A9F82146284600221C4B00F04D
:108BE000A3F80022082011461A4B00F09DF800223D
:108BF00009201146174B00F097F800220620114675
:108C0000134B00F091F80022114B0720114600F0A1
:108C10008BF8042000F092F800240F4BA3FB0035E2
:108C2000AD0CE0B22946013401F07CF9062CF8D1F4
:108C300002B070BD0000014000300140002F6859B3
:108C400000000540008C864700800540001BB700EF
:108C500080D1F008006CDC0283DE1B4300EB400C8B
:108C60004FEA8C0C0CF1804C2DE9F0410CF5803C66
:108C7000069D9046DCF80420041FAA42E4B238BFE7
:108C8000CCF80450012C2AD94FF4006E254E0CF577
:108C90004052C2F800E056F82020AAB9DCF80020C3
:108CA0000CF5805782EA481202F0E002012C3A608B
:108CB00029D94FF4006246F820300CF500531A60B1
:108CC000CCF80450BDE8F0817769B7FBF2FE0EF1F5
:108CD000010E0EEB4E0EBEF1030EFCD2DEE70129B3
:108CE000D2D103240CF540521460DCF80820D207DE
:108CF000FBD5DCF800200CF5805782EA481202F020
:108D0000E002084E3A600122DCF800404C4004F0DA
:108D100003043C6002FA01F1DCF808200A42FBD0AF
:108D2000C7E700BFE832002010B54FF4803482B0AE
:108D30000094FFF793FF02B010BD00BF014B53F842
:108D400020007047E8320020EFF3108072B6064B27
:108D5000D3E8CF1F01220029FAD1C3E8412F00290F
:108D6000F6D1BFF35F8F7047A32C00200023034A86
:108D7000C2E88F3F80F31088704700BFA32C00200B
:108D800070B58646EFF3108572B6124CD4E8CF6FFB
:108D90000120002EFAD1C4E8460F002EF6D1BFF311
:108DA0005F8F4FF0010CC80801F007030CFA03F3C2
:108DB0001EF800C01CEA030608D14CEA030C0EF8AA
:108DC00000C0C4E88F6F85F3108870BD1046FFF7B0
:108DD00025FE00BFA32C0020F8B5EFF3108772B674
:108DE0001C4ED6E8CF5F0124002DFAD1C6E8454FCE
:108DF000002DF6D1BFF35F8F9A421BD8012502E008
:108E00000132934222D3D40810F804E002F0070C98
:108E100005FA0CFC1EEA0C0FF2D14EEA0C0E00F81B
:108E200004E010460023C6E88F3F87F3108898427D
:108E300007DBF8BD0023C6E88F3F87F310884FF0AB
:108E4000FF300029F5D00698FFF7E8FD4FF0FF301E
:108E5000E8E700BFA32C0020044A1078431CDBB2D3
:108E6000182B28BF10231370704700BFC41C0020AC
:108E700010B5054C82B001461F2318220094034808
:108E8000FFF7AAFF02B010BD44710210DC320020CF
:108E90004FF0E022936843F000539360704700BFA7
:108EA0000021044B03F12002C3E88F1F01339342DA
:108EB000FAD17047982C00204FF050422DE9F84F1E
:108EC0001B4B176853F827B07FB3DFF86890002674
:108ED000DFF864A0DFF86480F3080C3359F82350FE
:108EE00034460836EDB105F00F0120462D09013456
:108EF000A9B15AF8272000F0070322FA00FC9B00D2
:108F0000C2081CF0010F01FA03F302F18C0205D133
:108F100048F82230BBF1000F00D0D8470DB1B44261
:108F2000E1D3202ED8D1BDE8F88FDFF81490CEE73A
:108F3000D032002090820240303D0020008002406C
:108F40004882024010B44FF480740C4B53F8202038
:108F500003EB8003C00082F0400200F1804003F583
:108F6000805C02F0C00200F5203003F54053CCF8DD
:108F7000002041601C605DF8044B70470480034092
:108F8000C00000F1804000F52030406800F01F0074
:108F9000704700BF10B4084CC90041EA820154F880
:108FA000202004EB8003514003F5805301F00C01B5
:108FB0005DF8044B1960704704800340C00000F165
:108FC0008040043000F520331B6800F5243083EA2C
:108FD000014303F440330360704700BFC00000F159
:108FE0008040043000F520331B6800F5243083EA0C
:108FF000013303F440530360704700BF4FF0504308
:109000001B6893B10C4B4FEAD00C00F007008000B6
:1090100081400A4803EB8C030CF18C0C40F82C10B7
:109020002AB103F5005319607047054BEBE703F5D0
:1090300040531960704700BF908202400080024098
:10904000488202404FF0504370B50C4D1E680446F4
:1090500055F826201AB160B145F8264070BD0028A9
:10906000FCD045F826401520BDE87040044900F0CA
:10907000BDB81520024900F0ADF9EDE7D03200206F
:10908000B98E011070B5044618460D461646FFF716
:10909000D9FF4FF050431B68B3B10E49E00804F00C
:1090A00007040D4AA40005FA04F401EB80018C309A
:1090B00042F8204056B101F5005214600121BDE88C
:1090C0007040152000F040B80449E7E701F5405131
:1090D0000C6070BD908202400080024048820240D5
:1090E00030B44FF0000343EC440043EC400005254E
:1090F0004FF480740B4BC20053F8201003EB800038
:1091000081F0400102F1804303F5203301F0C002F9
:1091100000F5805100F540500A605D60046030BC8D
:10912000704700BF048003404FF08030044B054976
:109130001A4604338B421060FAD162B6704700BF02
:1091400000E400E034E400E0012300F01F0293405B
:10915000400941B1800000F1604000F56140C0F875
:10916000803103607047024A203042F82030704757
:1091700000E100E001224309034900F01F008240A2
:10918000403341F82320704700E100E0F8B50D4678
:10919000EFF3108772B6124ED6E8CF2F0123002AC4
:1091A000FAD1C6E8423F002AF6D1BFF35F8F0D4BDC
:1091B00000F110049B680C4A53F82430934203D00A
:1091C000994201D0FFF744FC064B9B6843F82450BA
:1091D000BFF35F8F0023C6E88F3F87F31088F8BD89
:1091E000A12C002000ED00E0110100102DE9F04F4E
:1091F00081468B46164683B0EFF3108372B6DFF8D4
:10920000D0A10093DAE8CF1F01230029FAD1CAE8E0
:10921000413F0029F6D1BFF35F8F664B93F90040C1
:10922000002CC0F2A080644D04EB440705EB8708D6
:1092300098F8061009F110091970604BBF009B687F
:1092400053F829006300411B2F292FD95C4988421C
:1092500040F0A4801C445B4B02372F44043BDB1BD3
:10926000C3F34A036FEAC3434FF421416FEAD34388
:1092700025F8241005EB840463804BF60153A3808A
:10928000FF2348F00100E671C4F808B0A3714B4B0E
:109290009B6843F82900BFF35F8F0023CAE88F3F24
:1092A000009B83F3108803B0BDE8F08F20F0010E1F
:1092B0009EF80710B1422ED84FF42143EB53414B97
:1092C000B91C2944043B04375B1A2F44AEF1040156
:1092D000C91BC1F34A043C49C3F34A030B4321436E
:1092E000A8F804103949A8F802304AF6AA207346B3
:1092F0005B1B5B415843000D88F8076088F8060047
:10930000C8F808B048F00100CEF80010BFE7D179E6
:10931000B1422ED996469EF906C00CEB4C02BCF128
:10932000000F05EB8202F2DA4BF601510EF1040256
:10933000A8F10407BF1AC7F34A076FEAC7476FEAE5
:10934000D7478EF8064003EB0408204C05EB880352
:10935000AEF8047045F82840998083F806C0DE71A5
:10936000C3F808B093E7FFF773FB124B93F9004083
:1093700059E7724632F8041F490514D449150231E1
:1093800002EB410101916FF00701C91B019F491BCD
:109390003944C1F34A0141F46041C9E70193FFF741
:1093A00057FB019B56E701F5FF1101F5FF511F31F6
:1093B000E4E700BF16590020C81C002000ED00E0C3
:1093C00011010010F81C002000E0FFFF0148804759
:1093D000A12C00202DE9F04F83B0EFF3108A72B674
:1093E000714ED6E8CF2F0123002AFAD1C6E8423FBA
:1093F000002AF6D1BFF35F8F6C4B00F110089B6819
:109400006B4A53F82850954245D08D420C4650D0B7
:10941000684FEB1B2F2B3ED801214FEA50194FEA22
:10942000890909F1604909F5614900F01F0301FA52
:1094300003F0D9F80030C9F8800000EA030BBFF34D
:109440005F8FEFF30581C9B2002934D0884505D07C
:10945000CDE90010FFF7FCFADDE9001025F0010E60
:10946000DEF808C0644505D189E0D3F808C064453A
:1094700031D09E469EF9062002EB4203002A07EBFC
:109480008303F2DA644561D0BBF1000F20D0C9F844
:109490008001C9F80000454B9B6843F82850BFF392
:1094A0005F8F0023C6E88F3F8AF3108803B0BDE8C2
:1094B000F08F1546EFE725F0010EDEF808C0644591
:1094C000D8D19EF906407346002C08DA154646E0CE
:1094D000C9F88000DFE793F90640002C37DB04EB86
:1094E000440C07EB8C0C9CF80710DCF80820D971B1
:1094F0009A609CF906206100002A9A713DDBBCF855
:1095000004E05FEA4E5E05D50EF5FF1E0EF5FF5E28
:109510000EF11F0E6FF0070C0A194FEA6E5E9200F3
:1095200002EB4E0208323A44ACEB030C6244C2F345
:109530004A026FEAC2426FEAD2429A801E4B21442D
:109540001A7807EB81011C708A719DE77346D9B9BF
:10955000FF228EF806204BF60152AEF80420164C7E
:109560004AF6AA2294F800C01946C91B49414A4349
:10957000120D83F806C0227086E7104ADDE79EF9D7
:1095800006407346002CAADA0D4A0E4CD21A083A4D
:10959000C2F30A316FEA01516FEA115144EA5202F3
:1095A000DA80998070E700BFA12C002000ED00E078
:1095B00011010010C81C00201659002001BDFFFF3A
:1095C000021D002000F8FFFF4FF0FF0C20F0030306
:1095D00003F1604303F5644300F003001A68C00020
:1095E0000CFA00FC22EA0C0281400A431A60704720
:1095F0002DE9F041EFF30586F6B2EFF3108E72B667
:10960000204DD5E8CF2F0123002AFAD1C5E8423FEB
:10961000002AF6D1BFF35F8F1B4F40F0010CBA68F0
:109620004AF6AA2352F82680184C0246121B5241D1
:1096300053431B0DE04559B214D02246002392F942
:1096400006C00C328C4512D00133042BF7D1104BDD
:1096500000221C7819708471C5E88F2F8EF3108852
:10966000BDE8F081BB680B4A43F82620EFE703EB27
:10967000430304EB8304FF23A3714BF60153A38040
:10968000E5E700BFA12C002000ED00E0C81C002091
:109690001659002011010010014B0B440360704764
:1096A000982C002070B5114C114DAC421CD2FF26F5
:1096B0000BE0FFF7D1FB01462046FFF7EDFFA68048
:1096C000BFF35F8F0834AC420ED22368002BF0D179
:1096D000FFF7C2FB01462046FFF7DEFF2671BFF30E
:1096E0005F8F0834AC42F0D370BD00BF6023002010
:1096F0007023002010B50446FFF7AEFB014620465C
:10970000FFF7CAFFFF232371BFF35F8F10BD00BFB8
:1097100010B504460120FFF7ABFB034B0344236065
:10972000BFF35F8F10BD00BF982C00200D4B1A684F
:10973000EFF3108172B6D2E8CFCF0120BCF1000F59
:10974000F9D1C2E84C0FBCF1000FF4D1BFF35F8F29
:1097500000221B68C3E88F2F81F3108840BF0020D0
:10976000002170473C4D00202DE9F04F2DED028B7C
:1097700085B0EFF30583DBB2103B9A0818BF0122D6
:109780004FF0010103F0030018BFAD4DAD4B08BF12
:10979000AD4D00EB820201FA00FB53F8226005F5A3
:1097A00041539FEDA58B0190C3F804B0CDF800B0F4
:1097B0002FE0B388190440F19180B379002B40F079
:1097C000DA80B6F90840002CC0F21881736904EB06
:1097D000440403EBC403D3E90247B7F1FF3F08BFDA
:1097E000B4F1FF3F0ED00198AB6A05EB80010A6926
:1097F000D21AE31A934204D301232A6A8340134204
:1098000000D10C61284600F0B7FAA042B941C0F27D
:10981000F580B6F90840009B002CEB63C9DBD6F855
:10982000148004EB4409284608EBC907D7E902BABB
:1098300000F0A2FA584571EB0A01BADBBAF1000F49
:10984000C0F2BF80D7E90431804A934200F0E8803B
:109850007A88B6F9080092B242EA00409847024678
:109860000B4652EA030100F0AC80002B80F2CC8062
:10987000BBEB020B6AEB030A38F93930C7E902BACD
:10988000002B96DB716903EB430201EBC202D2E9C4
:109890000270BB457AEB000C4FEA430289DBB44609
:1098A0002CF8083F06E003EB430001EBC0005A0030
:1098B000D0E90270BB451A447AEB000001EBC20EFE
:1098C00004DB31F93230F446002BECDA28F8393079
:1098D000ACF80040B38819043FF56FAF3369EFF37C
:1098E000108272B6D3E8CF0F01210028FAD1C3E865
:1098F000401F0028F6D1BFF35F8F4FF6FF74B0888A
:109900000023316900B2B480C1E88F3F82F3108830
:109910009842FFF652AF0746A946746906F1080857
:1099200007EB470E04EBCE03D3E90250B6F908303B
:10993000C446002BA8BFB34605DA0FE034F93A302D
:109940009446002B09DB03EB430A04EBCA02D2E97D
:109950000261B54270EB0101F0DA5E46ACF80070CE
:1099600034F93E7024F83E30002FD9DAB3794D46F1
:10997000002B3FF426AF0023B371B6F9084006F17F
:10998000080E621C234639D0706903E08E465A1CCB
:109990003FF419AF03EB430200EBC2014F889C4632
:1099A0003F0430F93230F1D5644581ED028BEED0C1
:1099B000AEF800303189644620F83210A6F808C0AD
:1099C000E5E738F8393033813369EFF3108272B646
:1099D000D3E8CF0F01210028FAD1C3E8401F0028A7
:1099E000F6D1BFF35F8F7388316928F839300023CF
:1099F0007480C1E88F3F82F31088DAE640BF05B07B
:109A0000BDEC028BBDE8F08F2846CDE9022300F0C3
:109A1000B3F9029A039B10EB020B43EB010A2BE70D
:109A200008460B69029198470028CAD00299D1E9EB
:109A3000002316E7AFF30080FFFFFFFFFFFFFFFFEC
:109A400000800B40B03C002000000B4069970110E3
:109A500070B51F4D2C692CB1BDE870400A211D481E
:109A6000FFF71ABE1C4E0321304600F073F9EE607A
:109A7000FFF7F2F90321194B4FF0504618444FF607
:109A8000FF7223460F24297015492861A9603068A8
:109A90006969AA806C80687021F813200C33013248
:109AA000C02B92B2F8D108240B4B0E4A0320D5608C
:109AB0000D491C62FFF76AFB01210320FFF744FBFD
:109AC0000A4B0A211C640348BDE87040FFF7E4BD5F
:109AD000101D00203C4D002000000B40982C002061
:109AE000FFFF1000B03C00206997011000200B40E0
:109AF00000487047101D00200146F0B50069EFF3E3
:109B0000108772B6D0E8CF5F0124002DFAD1C0E8EB
:109B1000454F002DF6D1BFF35F8FB1F902E04C69DC
:109B20000EEB4E0CBEF1000F4FEACC05086904EBBA
:109B3000CC0C3CDB665B4E800026C0E88F6F87F361
:109B40001088BCF80200CCE902230130C0F30E00FB
:109B5000012838BF0120059BACF80200CCF810307A
:109B6000069B40EA0E40CCF814300B69EFF31082EC
:109B700072B6D3E8CFCF0127BCF1000FF9D1C3E80B
:109B80004C7FBCF1000FF4D1BFF35F8F8B88635320
:109B9000A1F804E00B69C3E88F6F82F310880122FB
:109BA000CB68097803F501538A405A60F0BD002361
:109BB000C0E88F3F87F310884FF0FF30F0BD00BF43
:109BC0002DE9F0479DF828900546DDE908679046A5
:109BD0001C46B9F1000F06D100F0D6F8804564EBC1
:109BE0000101002908DB424623462846CDE90867E3
:109BF000BDE8F047FFF780BF4846BDE8F08700BFEB
:109C000003464089B0EB214F37DD58690A1402EB57
:109C1000420210B500EBC2001C69EFF3108C72B663
:109C2000D4E8CFEF0122BEF1000FF9D1C4E84E2FE6
:109C3000BEF1000FF4D1BFF35F8F428889B292B2B8
:109C40008A4207D000221B69C3E88F2F8CF310884B
:109C5000002010BD42F40042428001210022186918
:109C60009971C0E88F2F8CF310881C78DA68084649
:109C700002F50153A140596010BD0020704700BF9C
:109C80002DE9F04306460D4683B0EFF30584E4B2B8
:109C90003CB12D4B5A6AAA421CD2002003B0BDE849
:109CA000F0832A4FD7F80C9097F80080484600F0D0
:109CB00063F808F1040859F828301B1A301A65EBCC
:109CC0000101984271F1000110DB20BF1E4B5A6A5E
:109CD000AA42E2D314BF012400249B6AB34234BFDA
:109CE000204644F0010003B0BDE8F08300F04CF8DA
:109CF000864265EB0101002914DB154B3846CDE99E
:109D0000003432462B46FFF7F7FE011E0ADD0E4BEC
:109D10005A6AAA4216D39B6AB34211D30B48FFF783
:109D20006FFFB6E7084B5C6AAC42B6D3641B18BF42
:109D300001249B6AB34234BF204644F00100ADE7E2
:109D4000AA42EBD120BFE9E700000B40101D002024
:109D50002D97011010B4054B054C064AA04214BFC4
:109D60001846581C5DF8044BFFF70AB8E032002093
:109D700000800B40607102100346416A0A46986AEF
:109D8000596A8A42FAD17047034B596A0A46986A5F
:109D9000596A9142FAD1704700000B4010B4174A3B
:109DA000536A9C46946A536A6345FAD10019594133
:109DB0004FF0000228BF01220346CAB10F4B596A77
:109DC0004B1C08BF0B4608D04FF0FF310B460B4829
:109DD000426A8A42FCD38A4207D1084A02E0506AAA
:109DE000884202D1906A9842F9D35DF8044B7047DB
:109DF000024A526A9142EAD8EDE700BF00000B40E8
:109E000070B4039D04682D0345EA03451B4B002CE9
:109E1000B3FBF1F3B2FBF3F61FDB194A194B904287
:109E200014BF4FF480424FF40042174C1A6003F500
:109E300080531A60A36832EA0303FBD1212200F5A4
:109E400040530433016086601A600268002AFCDA1D
:109E50000822C5601A6070BC7047036803F03F03B6
:109E60008B42DAD18368C3F30B03B342D5D1C36805
:109E700003F4EE23AB42D0D1EDE700BF001BB700E7
:109E800000800540002002400000024030B44FF046
:109E900080441C4B1C60E0B11B4CA3F54053DC61BB
:109EA0001A4C40F0010044401C62596298624FF025
:109EB00080454FF0E061134B1548164C1D608460DF
:109EC00019604AB930BC4FF00042A3F580531A60C4
:109ED0007047114BD861EAE74FF47A7303FB02F243
:109EE000B2F1807F2ABF6FF07F4313461A464FF0CE
:109EF00080410A4C08482360094B426030BC19601D
:109F0000704700BF00B00D40D3C007B02D3FF84FE1
:109F100000A00140F3FFFF0100800D40603B0020E6
:109F200000A00D40012300EB4000800000F18040C4
:109F300000F5841041600360704700BF002370B5D6
:109F4000DB8A04460D46002242E800F2520254BF6A
:109F50001021042144F25220984786462B4622467F
:109F6000F446BDE870400A214FF48170604700BF9D
:109F70000023DB8A002242E800F2520201D41021C1
:109F800018470421184700BF08B5034608462BB1FF
:109F900093FAA3F3B3FA83F341F020001946FFF7D5
:109FA000CDFF00BF08B503460846191E02DB1AB1F3
:109FB00040F03000FFF7C2FF40F02000FAE700BF9A
:109FC000034AD2F82838002BFBD0BFF35F8F7047CD
:109FD00000000E400021044B044ABFF35F8F43F89A
:109FE000041B9342F9D170470C080E402C080E4018
:109FF00010B44FF48D704FF42A64064A064B07499B
:10A000001460D06019605368002BFCDA5DF8044BD3
:10A01000704700BF0080044000A0044000B0FA0078
:10A02000F8B5044606200D46FEF788FEC300B3FBD4
:10A03000F5F30133DA0908D04FF6FE718A421AD9D6
:10A0400000224FF6FF711B4D01E0402501216162A6
:10A05000A262266BF30715D42346002253F82C1F67
:10A06000062003F580531A602663FEF767FE800022
:10A07000B0FBF5F0F8BDC3F34503114603EB8215C1
:10A080001A46E4E740F2013204F540531A63636A6A
:10A09000A76A062007EB8317FEF750FE064BBF02A8
:10A0A000A3FB0030C00A0021B7FBF0F0FFF776FEFB
:10A0B000D2E700BFC0FF3F00757B2B8F38B5044649
:10A0C00006200D46FEF73AFE60B3174A1748944241
:10A0D00014BF4FF080624FF00062154B15490260CB
:10A0E0001A608B6832EA0303FBD10F4B4FF4807088
:10A0F000E31AB3FA83F3104A5B0922F813002946E6
:10A100002046FFF78DFF234640F20135032153F827
:10A110002C2F82F0700202F07E0203F580531A6049
:10A120002563A16438BD00BF0080074000200240C5
:10A130000030024000000240C8570020013A0539B3
:10A14000D200F8B5054642EA411443B1A3F1010338
:10A15000B3FA83F35B0944EA830343F002042E6BF2
:10A16000F3070AD42B4653F82C2F624002F06E02FC
:10A1700003F580531A602E63F8BD40F2013205F5F5
:10A1800040531A636B6AAF6A062007EB8317FEF72A
:10A19000D5FD054BBF02A3FB0030C00A0021B7FB71
:10A1A000F0F0FFF7FBFDDDE7757B2B8FF8B5066B55
:10A1B0000546F3074FEA01140AD42B4653F82C2F17
:10A1C000544004F0100403F580531C602E63F8BD66
:10A1D00040F2013200F540531A636B6AAF6A062001
:10A1E00007EB8317FEF7AAFD054BBF02A3FB003068
:10A1F000C00A0021B7FBF0F0FFF7D0FDDDE700BF9C
:10A20000757B2B8F86B003B451FC0804CDE90201A5
:10A2100051FC0904CDE9040151EC0A04CDE9060121
:10A2200003BCF047BDE800504EEC00C4BDE8005050
:10A230004EEC01C4BDE800504EEC02C400BD00006D
:10A2400000B5FFF7DFFF02E010FE30F4F8D441EC78
:10A25000100443EC112400EE010410EE010480EE22
:10A26000200451EC1004704700B5FFF7CBFF02E06B
:10A2700010FE30F4F8D441EC100443EC112400EE4D
:10A28000010410EE210480EE200451EC30047047EC
:10A2900000B5FFF7B7FF02E010FE30F4F8D410B5B8
:10A2A00041EC100443EC112451EC040453EC05245C
:10A2B000A0FB024C5FF0000EE0FB03CEE1FB02CE00
:10A2C0004CEC20440024E1FB03E444EC30E480EE59
:10A2D000200451EC5004BDE81040704700B5FFF772
:10A2E00091FF02E010FE30F4F8D441EC100443EC8E
:10A2F000112451EC2104A0FB01126FEA820252FBEF
:10A30000100052FB12F252FB1000A0EBD07C53EC79
:10A3100004245CFB13F153EC1524A1FB022001FB88
:10A32000030053EC4424A2EB000050FB1CF24FEA64
:10A33000111312EB017043EBE27140EA515020EA35
:10A34000915020F0070053EC7524A0FB023C53EC25
:10A35000752400FB03CC01FB02CC53EC0424ACEBD2
:10A36000824C40EA5C70A0F1010041EC400480EEB8
:10A37000200451EC7004704700B5FFF743FF02E082
:10A3800010FE30F4F8D441EC100480EE220410EEFC
:10A39000B204704700B5FFF735FF02E010FE30F45D
:10A3A000F8D440EC700400EE010410EE210480EEBD
:10A3B000200451EC3004704700B5FFF723FF02E0A2
:10A3C00010FE30F4F8D440EC600400EE010410EE0E
:10A3D000210480EE200451EC3004704700B5FFF7F3
:10A3E00011FF02E010FE30F4F8D441EC800400EEDE
:10A3F000010410EE010480EE400410EE13047047D7
:10A4000000B5FFF7FFFE02E010FE30F4F8D441EC97
:10A41000800400EE010410EE010480EE400410EE12
:10A420003304704700B5FFF7EDFE02E010FE30F494
:10A43000F8D441EC100443EC112400EE010410EEBA
:10A440003004C0F30070704700B5FFF7DBFE02E098
:10A4500010FE30F4F8D443EC102441EC110400EE6B
:10A46000010410EE30F48CBF01200020704700BFC3
:10A4700000B5FFF7C7FE02E010FE30F4F8D443EC5D
:10A48000102441EC110400EE010410EE30F42CBF56
:10A4900001200020704700BF00B5FFF7B3FE02E0C7
:10A4A00010FE30F4F8D441EC100443EC112400EE1B
:10A4B000010410EE30F42CBF01200020704700BFD3
:10A4C00000B5FFF79FFE02E010FE30F4F8D441EC37
:10A4D000100443EC112400EE010410EE30F48CBFA4
:10A4E00001200020704700BF404261EB410140F273
:10A4F000F334B1FA81F20C2A0CD2153211FA02F3BC
:10A50000C2F12002D04021FA02F12244584141EB2D
:10A510000251704769B1C2F12B0230FA02F3C2F165
:10A520002002914090401943A4EB020201EB02513A
:10A53000704701004FF00000A4F12004D9D170470A
:10A54000012767F31F5117FA03F817D0A0FB08077C
:10A5500001FB0871A1FB06785FEAD8469219A6FBB9
:10A56000047806FB0588090351EA1051D7EB003047
:10A5700061EB0801A94238BF70470BE00C3301279B
:10A5800017FA03F80FD0A0FB080701FB0871A942D6
:10A5900038BF704708BFA04238BF7047001B61EB4F
:10A5A00005010132704703F1200311FA03F6D3F1DC
:10A5B0002003D840D940304370470000000000001D
:10A5C000000000000453B1086018850FC8E5F22AA6
:10A5D0006E07271E0D12B2210412572F12557CBC94
:10A5E000DA30723F17A717A55531994E9D0DBF0A56
:10A5F000EEE0AB5FE3EF6D9C7636AD6F697BCCE34D
:10A600003D62BD7EF0810682F3FA428F37D5B78A6C
:10A610005313C89E7FABB320491570AF00000000F4
:10A6200000000000025E88155580FF00907806B19A
:10A63000A602FE01DC4E21F0EB88FB027A7C801F33
:10A640001615F8033C5DA9D110A9F304AA466CF5D0
:10A65000C146EE05FF65E4EB09F0E70613C00C9E6A
:10A66000C3A6E007E1BFEC91C46CD808D5AF5EFF8C
:10A67000DC43CF09466A72E4D72DC50A237E6E19E2
:10A680007B2CBA0BBFF571648741AE0C61DFB88CCF
:10A69000B86EA10D09A9856DC5B5930E3153B108EA
:10A6A0006018850F3071E498359875105915550567
:10A6B00080FF0F0009C3EB8F80FB2F00B1910E9A32
:10A6C00082F34F001FE7FD2287E76F00C3A09A299E
:10A6D0008FD78F004F4366AC9BC3AF00412A83A93D
:10A6E000ADABCF004FB7B41EC68FEF00B6815F0988
:10A6F000E66F0F01678589660E4C2F011A52DA3218
:10A7000040244F01483A9B6A7CF86E01FF81B709EB
:10A71000C4C88E019C8DBC0B1895AE017010DA6B0D
:10A72000795DCE013A3BE224E921EE01387395339D
:10A73000427FECA03114FAF5BD8689916B02FAE6EE
:10A74000E0F29183E682120713A85177212621684F
:10A750006AB2736A9D0DBF0AEEE0AB5F19B4E0B751
:10A760001CB66A549596E53DEF07A548D1CBE55553
:10A77000DC0E4E3CCE68ADE839B5A432CB3CFA963F
:10A78000D9569A28C9B21CA1F9FCAE21864B6BE5BB
:10A790008AD2F0160453B1086018850F02C00C9ECF
:10A7A000C3A6E0070000000000000000AC79CFD194
:10A7B000F71772B1293BAAB84FEAC12040F0004018
:10A7C000490043F1200340F20001C3F6F071C3F1E8
:10A7D0000B0320FA03F038BF7047404261F10001DB
:10A7E00070475FEAD17CC1F30A53A3F2FF330C2B0D
:10A7F00062DA13F1200FDFDD2DE9F0413C4C70CC23
:10A800004FF00002FFF79CFE1CF0010F04D06FEA2E
:10A810000202201A65EB010102F2FE3C40F2FE73D7
:10A820009C455CD20A0F334B03EBC2030CCB02F006
:10A830003F0545F04005801A99410A0E2E4B03EB67
:10A84000C20318CB02F580725543C01AA1414A0DCC
:10A850002A4B03EBC20318CB124402F5805205FBCE
:10A860000255C01AA1418A0252EA905242F10002F6
:10A8700082FB02345B0D53EAC423C01841EB5451F0
:10A8800084FB02344FF0553383FB043454FB11F343
:10A8900004EB930410EB440241EBE473E900A1FBE9
:10A8A0000240C1FB0301400A50EBC1504FEA512165
:10A8B00051EB0C51BDE8F081B3F5806F07D150EA40
:10A8C00001320CBF21EAE17141F400217047002000
:10A8D00000211CF0010F08BFC7F6F07170474FF060
:10A8E00000004FF00001A8BFC7F6F071BDE8F0818D
:10A8F000ACA70110BCA501101CA60110ACA601104C
:10A9000040F20001CFF6F0710020704750EA0132AA
:10A9100018BF41F4002170477FEAA65540F0198125
:10A920004FF4805420E18CEA11331B0640F0EE8096
:10A93000BCF1000F67D1C90451EA5031C004B1FA2B
:10A9400081F4202C4BD20125A540A0FB052301FB5F
:10A950000533A0FB03C5A1FB02C6E1FB6356B2EBC6
:10A96000152263F10003B2EB066273EB1623A0FB22
:10A9700006C7A1FB05C8E1FB66784FF05535A7FB7C
:10A9800005C65FF0000CE8FB056C16EB0C064CF1FD
:10A99000000C12EB963243F1000312EB8C4243EBB6
:10A9A0009C3358FB11F55FF0333755FB11F656FB1E
:10A9B00017F8A5EB581756FB11F5C2F6802656FB83
:10A9C00015F507EB1537B2EB472063EBD751C4F50C
:10A9D0008064A4F11504FFF78CFDBDE8F081B0FAA6
:10A9E00080F410FA04F1A0FB01234FF00000B0EB5B
:10A9F000132061F10001C4F58064A4F13504FFF770
:10AA000078FDBDE8F081890451EA9031800440422C
:10AA100061EB4101B1FA81F4202C4ED2013C0125B9
:10AA2000A540A0FB052301FB0533A0FB03C5A1FB4B
:10AA300002C6E1FB635612EB152243F1000312EB51
:10AA4000066253EB1623A0FB06C7A1FB05C8E1FB7A
:10AA500066784FF05535A7FB05C65FF0000CE8FBA4
:10AA6000056C16EB0C064CF1000C12EB963243F120
:10AA7000000312EB8C4243EB9C3358FB11F55FF063
:10AA8000333755FB11F656FB17F805EB581756FBF5
:10AA900011F5C2F6802656FB15F507EB153712EBBC
:10AAA000472043EBD751C4F58064A4F11504FFF7A8
:10AAB00020FD41F00041BDE8F081B0FA80F410FAC9
:10AAC00004F1A0FB01234FEA1320C4F58064A4F134
:10AAD0003504FFF70EFD91F00041BDE8F0815FEA1B
:10AAE000410CBFF40DAF5FEA5C5C3FF409AFACF220
:10AAF000FF3CBCF5806F3FF409AF012262F31F51A8
:10AB00002DE9F041BCEBEC7F3FF40DAF0C0C4E4D4A
:10AB100005EBC40595E80C0002F03F0505F1400582
:10AB2000A5FB000605FB01616FEAE14404F01F0488
:10AB3000464D05EBC40560CD521943EB060304F501
:10AB40008074A4FB000604FB01667FEA26643FF4E0
:10AB5000E3AE3F4D05EBC40522CD521843EB050390
:10AB600041F2010505EB44046404A4FB0050C4EB6E
:10AB7000C401E4FB060180EAE17481EAE175A5FB0A
:10AB80000567A4FB05487F084FEA360616EB080662
:10AB900047F100078C0254EA905444F10004801BF2
:10ABA00061EB070154FB14F555FB14F655FB15F743
:10ABB0004FF0553456FB14F6B6EB173610EB860003
:10ABC00041EBA671101A63EB0101224A24CA1CF161
:10ABD000010C0BDDA2FB0C230024E5FB0C34121A44
:10ABE0008B4164F100045FF080410CE0DCF1000C6B
:10ABF000A2FB0C230024E5FB0C3482184B4144F1EA
:10AC000000045FF040414CB91C0013000022B1F178
:10AC100000711CB91C000023B1F10071B4FA84F575
:10AC2000A5F11D06A1EB0651AC4013FA05F0C5F1E4
:10AC30002005EB401C43EA401043C00A50EB44504F
:10AC400041EBD421BDE8F081ACA601101CA6011097
:10AC5000ACA60110ACA701100B5C7325A974F50319
:10AC600029B5FA010015FC7FEB2FAA0054D9440C3A
:10AC7000C8D221061F60DA7F3663E842CFD3D913EA
:10AC80003C5EEA09F0889D7F2FC46D04D9860A1CBA
:10AC90001F17FE0DD09E3B7FA79B50EC3EF5EB238C
:10ACA000BCE7E611C7EFBD7ED21C9C03B212F12BAC
:10ACB00046F5DC1549771E7ECA057A3DF493F233DA
:10ACC00014C0CB199CAC5F7DA0A0EF7A1D32193C5B
:10ACD0001D22C61D2F2F7D7CB50FFB1270EF504437
:10ACE000530CC1213522787B5C8D6B4745A0F14B1D
:10ACF00018DC6A2516AD687AC14069576DD9EA53E8
:10AD0000391636293C2D2F79DFEA4ED38942B35BC1
:10AD1000D639E02C2526E0776950EA31D90711644D
:10AD2000C0D3C43070625876CB5667F3B3A2FD6BC4
:10AD30001C7E6834227AC7740EED7A2F3175E07369
:10AD4000CCE7FA3727111C73C08EC4FC0E79147C33
:10AD50000EA7A33B8ECD417113B7043B8F7B548369
:10AD6000D489D23EEBD8856F9A365B13D96F0B8CA2
:10AD7000D4EA9442A3EF516D5F52CA4A26D3399464
:10AD8000706E0A464005236B8340C441340B0E9C11
:10AD90003DB0484907EFF168BF086DA3FD6179A494
:10ADA00085F2B14C9D847A663616F8C8D247E5AB79
:10ADB0001E22A24F2F623664ADC9C8D0E1ADFEB3EA
:10ADC0002470C35286AFA461730E73646A35FEBBF0
:10ADD00028F0C555A3A3025FC6A58CB055B912C40F
:10ADE0000892BA58A394415C90005354372DB0CBCD
:10ADF00019F46E5BD88E9359367C8DA16E3CAAD324
:10AE000025022E5EFC32AF56D0C7A248F619FFDBF2
:10AE10003253F3607EED9253949AAD7AE1AD22E421
:10AE2000CADF8E63C72B7350FF15EF19BD85FBEB8F
:10AE3000BB18FA65C7615C4DBD960F7E494B4CF45B
:10AE4000F7816F68E617024AEB09EF1DFDBD4DFC67
:10AE5000C4D2B26A13E4B446D2F1000CBCF1200AA9
:10AE60004ADA63F31F51042F3CD2DAF1000A21FAC7
:10AE70000CF320FA0CF201FA0AF942EA0902C902BB
:10AE800051EA5051C002A2FB0394A2FB0395E3FBDD
:10AE90006345A0FB0592A1FB0493E1FB6523A2FBA4
:10AEA0000596A3FB0498E3FB65684FF0AA39A2FB63
:10AEB00009A40025E3FB0945641955F100054FF08D
:10AEC0003339A6FB0923B4EBC30465F10005B0EBED
:10AED000440061EB4501A1EBD471CCF58064A4F191
:10AEE000180441E1DAF1000A11FA0AF430FA0CF020
:10AEF00031FA0CF1204371E0042F03D291EAC771BB
:10AF0000BDE8F08F63F31F518AF3060A31FA0AF0A5
:10AF1000002110E149085FEA3000002200230026EA
:10AF20004FF0804786E041F30A540020002114F1DD
:10AF3000010F43D1C3F6F07140E0C3F30A5400207F
:10AF40000021DCBB17F0040F38D017F0020F0CBF44
:10AF50000637063F32E01000190051F40021704717
:10AF6000012A43EB030C1CF5001FF4D8012841EB28
:10AF7000010C1CF5001FF0D82DE9F04FCF0F21F088
:10AF800000411B0006D50A3723F000438B420AD844
:10AF9000063F02E08B4206D8063714001D0002006F
:10AFA0000B002000290043F30A5414F1010FBAD01A
:10AFB000C1F30A54002CC0D0FFF794F94FEA1152A4
:10AFC0000123B2F57D723FF547AF63F31F510123B3
:10AFD00003FA02F3A0FB030401FB034180B40A0C53
:10AFE000B2F5807F96D302FB02F348F65C1462430D
:10AFF00041F227259B0B03FB1522B2F54C12520E92
:10B000005C4B03EB02133CCB5B085FEA3202A4FB10
:10B0100000C60027E4FB016716EBC57647EB550732
:10B02000A5FB00C05FF00008E5FB0108B0EBC470B1
:10B0300068EB54018C0144EA9064FD0B94FBF5F439
:10B0400004FB04F503EB842384FB05894FEA094ADA
:10B050004AEA184A5AFB15FA4FF0663C5AFB15FBB0
:10B060005AFB1CFA44F6251CC0F2120C5BFB1CFBBD
:10B070004FF0553CABEB2B3BAAEB0B0A12EB4A1201
:10B0800043EBEA63A8FB0C5A4FF0000BC9FB0CAB77
:10B090001AEB0B0A4BEBEB7BB2EB0A0263EB0B03F5
:10B0A000E402A4FB005848BFA8EB00084FEAE87987
:10B0B000C4FB0189A4FB065A48BFAAEB060A4FEA63
:10B0C000EA7BC4FB07AB16EB080647EB0907B0EBBE
:10B0D0000A0061EB0B014FF0FF34BD0BB4FBF5F43C
:10B0E000C50A55EA415554FB05F54FEAD60646EA2E
:10B0F0004776A5FB06B84FEAD70A48BFA8EB060873
:10B1000005FB0A8812EB057243EB2513A0EB080040
:10B1100080FB04895FEA983848EA894868FB170091
:10B1200012EB680243EBE87304FB00F412EBE4302B
:10B1300043EBE47180BC49085FEA30004FEA877650
:10B1400080EAE67081EAE67146F21A12C1F2B402B0
:10B150004EF65153C6F287434FEA9706E6FB0201CB
:10B1600006FB03114FF47D74FFF7C3F991EAC77131
:10B17000BDE8F08F58AC01102DE9F84301292DED01
:10B18000028B08EE100A50D001EBD1756D10012D25
:10B190000C463CD00E460029B8BFCE1CB610012E7E
:10B1A0005AD00F460029B8BFCF1DFF10012F44D041
:10B1B00088460029B8BF01F10F084FEA2818B8F1F6
:10B1C000010F4CD089460029B8BF01F11F094FEA91
:10B1D0006919B9F1010F48D00029B8BF3F31891171
:10B1E000FFF7CAFF07EE900A19F0010F67EEA77A82
:10B1F00038D118F0010F67EEA77A01D067EE887A90
:10B20000F80767EEA77A1AD567EE887A17E0F0EEAE
:10B21000487AE30767EEA77A01D567EE887ABDEC36
:10B22000028B17EE900ABDE8F883F0EE487ABDEC89
:10B23000028B17EE900ABDE8F883F0EE487AF1072A
:10B2400067EEA77A01D567EE887AEA0767EEA77AF4
:10B25000DFD567EE887ADCE7F0EE487AF5E7F0EEC6
:10B26000487ACDE767EE887AC3E7F0EE487AC0E720
:10B27000021E38B50C4618DAC1F3C7537F3B0846A7
:10B2800010D4D3F117030DD44FF0010C0CFA03FCCA
:10B290000CF1FF3C1CEA010F04D1172B2CD0D84035
:10B2A000C30729D402F10042104607EE904AFDEE92
:10B2B000E77A12F0FF4317EE901A05D0B3F1FF4F73
:10B2C00002D0C2F3160373B3E1B301F12003402BA4
:10B2D0001AD905F005FEFFF702FC02460D4620468E
:10B2E000144605F0FDFD22462B46FEF7D5FFFFF77D
:10B2F00078FAFFF745F838BD214602F10040FFF724
:10B30000B7FF00F1004038BD002908DA07EE100A47
:10B31000F7EE007AC7EE877A17EE900A4942BDE849
:10B320003840FFF729BFD20D7F3A01F3080101FB36
:10B3300002F303F17F02002A0BDDFE2A05DD4FF048
:10B34000FF4038BD4FF07E5038BDDB0503F17E5025
:10B3500038BD002038BD00BFB7EE007A07EE900A76
:10B36000F4EE477AF1EE10FA32D011F0FF4238B520
:10B370000C460B4629D0FFEE006AF4EE667AF1EE39
:10B3800010FA26D1B2F1FF4F1FD040F27F1055497D
:10B39000E20DFF2A73D040F2FF1C624554D012F038
:10B3A000FF020BD07F3A53D4C2F11702002A05DD09
:10B3B000012000FA02F2013A1A4249D12146BDE8C1
:10B3C000384017EE900AFFF753BF17EE100A38BD4A
:10B3D000704710F0FF4F014616D1002C4FEAD452AF
:10B3E00019DB7F3A15D4D2F1170212D40121914012
:10B3F000013921420DD1172A03D024FA02F2D407D1
:10B4000007D517EE900A38BDC00DFF283BD1002CA0
:10B410000CDA002038BDD2B27F3A07D4D2F117023D
:10B4200004D4012090400138204202D04FF0FF4068
:10B4300038BD172A03D024FA02F2D007F6D501F05E
:10B44000004040F0FF4038BDC0B27E28EED9E0E7B2
:10B450000029EBDB17EE900A05F042FDFFF73FFBFA
:10B4600002460D462046144605F03AFD22462B467C
:10B47000FEF712FFFFF7B5F9FEF782FF38BDC0B245
:10B480007E28C6D9D2E740F2FF15A8424FEAD4522F
:10B490007FF47FAF002C11DB7F3AC7D4D2F11702C3
:10B4A000C4D40121914001392142BFD1172A03D0D0
:10B4B00024FA02F2D207B9D50B4838BDD2B27F3A8E
:10B4C000A7D4D2F11702A4D401219140013921421D
:10B4D0009FD1172A03D024FA02F2D30799D54FF04F
:10B4E000004038BD000080BF000080FF0000000069
:10B4F0000000000000000000DB60BE284A059193B8
:10B50000F4D5097F70374D7D66A5D83610E4104F0D
:10B51000AFF224024B1102EB830201F01F034FF044
:10B5200001049C40A4FB0034D568A5FB0456956833
:10B5300005FB0466E5FB0356556805FB036670478B
:10B54000410201D150F0004050F480007047F0B546
:10B55000012363F3DF50C1F109014FF07E07FFF7CC
:10B56000D7FFB30F53F100039C44B6EB8376B200D0
:10B5700028BF5242B2F1805F0BD20231FFF7C8FF01
:10B5800096EA260242F10002B2F1805F01D2023F48
:10B59000F3D50A4CA2FB0424B4FA84F29440240AA2
:10B5A000A7EB020244EBC250C10DD1F17F01F60FAF
:10B5B00000EBC673BDE8F04073E00000A2DA0FC9EB
:10B5C00011F1800FBCD030EACC7248BF0CF1020CF4
:10B5D00020F0004000EE100A0DA2F2EC032A22EE49
:10B5E000802A11F1080FB9FE422AB0DDA2EE630AEB
:10B5F000A2EE430A10EE103AFDEEC21AC3F3C75290
:10B60000782AA4D3D2F17F0111EE902A944448E025
:10B6100083F9223F7A7795B60010C93F07B5C0F38A
:10B62000C751FF2925D000F032F8BDE80640CEF81A
:10B6300000000ED2C9438CEAD17C63EEA02AE1EE71
:10B64000032A73EE622A12EE900A80EACC70106030
:10B6500000BD8CEAD17C21EE232AA3EE602A8CEA7D
:10B66000D37133EEC22A12EE100A80EAC170106064
:10B6700000BD4102BDE80E4001D150F0004050F441
:10B6800080001060186070475FF0000C01E05FF010
:10B69000010CC0F3C751A1B3D1F17F0190D920EAC9
:10B6A000CC7323F0004000EE100AC0F38440203039
:10B6B00030FA01F1834A51F10001B2EC024A02EB87
:10B6C000810202EBC102D2EC032A70EE620A20EE84
:10B6D000A01A5FEA5C0C61EE201A15D221EE041A62
:10B6E00061EEA41A70EEE10A21EE232AA3EE602A8D
:10B6F0008CEAD37133EEC22A12EE100A80EAC170CE
:10B70000704700F00040C7E761EEA41A70EEE10A4E
:10B7100021EE041A63EEA02AE1EE032A73EE622AF8
:10B7200012EE900A80EACC70704700BFAFF3008041
:10B73000C1FEFF3E25AA2A3E000000000000803F17
:10B740000000000061C9FC3CCDE07F3F1CBFFC3C19
:10B750007605813DFE7D7F3F9EEF803D090CBF3D1C
:10B760000FE37E3F22C5BE3DB624FF3D14047E3F5D
:10B77000E27BFE3D13071F3E48EB7C3FA0631E3E6D
:10B780006D30403E1D817B3F15103F3EA2AD603EB7
:10B79000CFDC793F3EE15E3E7B0D803EFA08783F8C
:10B7A00096717D3E6E988F3E65FF753F68B88D3E01
:10B7B000F4E19F3E939E733FFD4B9D3EC654B03EC9
:10B7C000AEF7703FB3DDAC3EC589BF3E604B6E3F08
:10B7D0000A1ABB3E26C4CF3ECA356B3F631CCA3E25
:10B7E000F254E03E66D1673F0739D93EDDF0EF3EC7
:10B7F0004B66643F1641E73E312B003F8894603F23
:10B800000FC3F53E07E4073FA2C55C3F2B99013FFC
:10B81000C51F103F8F7D583F65A1083F8AF6173F2F
:10B82000B534543FCA310F3FE2FF1F3F599B4F3F92
:10B83000D7C8153F4606283F6BCF4A3FC4371C3F49
:10B840004130303FE0B9453FE49A223FA71D383FE1
:10B85000CA98403F20A6283F2FC73F3FAC763B3FCA
:10B860004A562E3FDB13483FCCB6353F6B52343F30
:10B8700079C74F3F2F35303FD0B4393F52DD573F66
:10B8800070412A3F912D3F3F26CE5F3F9F3E243F90
:10B89000C35D443FF125683F50C21D3F1C9D493F99
:10B8A000E13B703F4150173FBF7E4E3F7810783FDD
:10B8B00071ED103FAF06533FD4F47F3FA75A0A3FC4
:10B8C0009B64573F30B7011001B5C0F3C751FF2942
:10B8D00021D0FFF7DCFE00990ED263EEA02AE1EE44
:10B8E000032A594073EE622A82EE820A10EE100A91
:10B8F00058BF80F0004002BD21EE232AA3EE602A4B
:10B90000594033EEC22A82EE220A10EE100A48BFD6
:10B9100080F0004002BD410201D150F0004050F4DF
:10B92000800008BD38B50446094805F0E5FA204610
:10B9300004F036F80546064805F0DAFA2DB1054B55
:10B940002C449C4201D8284638BD0348FDF766F8D0
:10B9500060230020000008208471021070B50446A6
:10B960000E460B4805F0C8FA3146204603F0ECFCC1
:10B970000546074805F0BCFA06FB04F42DB1054B5B
:10B980002C449C4201D8284670BD0348FDF746F878
:10B9900060230020000008208471021010B50446C6
:10B9A000054805F0A9FA204604F002F8BDE8104069
:10B9B000014805F09DBA00BF602300209A4238BFBD
:10B9C00088547047704700BF2DE9F04F83B0994607
:10B9D000DDE90DAB0F9B884611469A07074616D145
:10B9E000DA453AD20C460D46ABEB0A060E44224627
:10B9F0004B46414620200134B847B442F7D129468E
:10BA0000BAF1000F08D1204603B0BDE8F08F0C4614
:10BA1000BAF1000F10D00E4655460C9B2E449A44A6
:10BA20000191721B4B46013D41461AF8010D344607
:10BA3000B847002DF5D101990F9B9B07E3D5651AF7
:10BA4000AB45E0D922464B46414620200135B84758
:10BA50005D4504F10104F5D3D5E70C46BAF1000FBA
:10BA6000D9D1D0E72DE9F04F0F9FDDF8248017F0F2
:10BA7000020F0A9C9DF82CA00E9DDDE90C9644D186
:10BA8000F5BBB44241D207F0010B04F1FF3C4FF08B
:10BA9000300EC44404E00134A6420CF801EF01D991
:10BAA000202CF8D1BBF1000F00F08880A5422CD9E2
:10BAB00004F1FF3C4FF0300EC44404E00134AC42CA
:10BAC0000CF801EF21D0202CF8D117F0100F0ED078
:10BAD00017F4806F54D1A64263D0A54261D0B9F16A
:10BAE000100F50D0B9F1020F56D0202C29D12024AC
:10BAF000CDE90B57CDE90984BDE8F04FFFF764BFEE
:10BB000017F0010B34D1B442BFD317F0100F1ED081
:10BB100017F4806FE3D1002CDDD1B9F1100F63D0A1
:10BB2000B9F1020F77D0302488F800400124BAF12F
:10BB3000000F11D17E0748D52B2608F80460013488
:10BB4000D6E7264601344FF0300C08F806C0202C0A
:10BB5000CDD0BAF1000FEDD02D2608F804600134E5
:10BB6000CDE90B57CDE90984BDE8F04FFFF72CBFB5
:10BB7000BAF1000F30D0B44205F1FF3585D395E717
:10BB8000B9F1100FB3D1BE063BD5202CAFD058264B
:10BB900008F804600134A8E7202CA8D02646013418
:10BBA00007E0661EB9D0B9F1100F36D0B9F1020F17
:10BBB000C9D14FF0620C08F806C096E717F0100FD5
:10BBC000C5D017F4806F86D089E73E0790D5202630
:10BBD00008F8046001348BE717F00C0F00D0013D2A
:10BBE000B442FFF452AF61E7BC0612D4782488F85F
:10BBF0000040302488F801400224BAF1000F99D0A7
:10BC0000AAE7202C3FF473AF782608F804600134CB
:10BC10006BE75824EBE76224E9E717F0200FA4F163
:10BC2000020C04D04FF0580E08F80CE08BE74FF0F0
:10BC3000780E08F80CE086E72DE9F04F93B01C9CD5
:10BC40009DF874B01E9DDDF884E02CB92EF010062E
:10BC50001EF4806FB64635D11EF0200F14BF4FF092
:10BC600041094FF061090AAFB8460026A9F10A0957
:10BC7000099002E0202E15D05446B4FBF5FA05FBDE
:10BC80001A4C5FFA8CF0BCF1090F00F1300C8ABF3E
:10BC900048445FFA8CF0C0B2AC4208F8010B06F1E0
:10BCA0000106E7D20998209CCDE9016B05941F9C01
:10BCB000CDF818E0CDE903540097FFF7D3FE13B099
:10BCC000BDE8F08F26460AAFEDE700BF2DE9F04F43
:10BCD00097B08E46DDE92064DDE9247856EA040158
:10BCE0009DF888C006D12899289D21F0100128913F
:10BCF000690545D428990DF1380B11F0200F14BFB8
:10BD00004FF0410A4FF0610AD9460025CDE9090EEE
:10BD1000CDE90B23AAF10A0ACDF834C003E0202DA7
:10BD200017D006460C4621463A464346304605F0B3
:10BD3000DBF8D2B2092A02F130038ABF5244DAB2E8
:10BD4000D2B2BE4274EB080409F8012B05F10105DB
:10BD5000E5D2DDF834C0DDE9090EDDE90B232899D1
:10BD6000CDE9015C06912799CDF800B0059126999F
:10BD7000CDE903717146FFF775FE17B0BDE8F08F8E
:10BD800000250DF1380BEAE72DE9F04F95B0209C26
:10BD9000DDE91EAB0894219C0D461E4609900B92CE
:10BDA0005B46524650465946229F0A94FEF73EFB98
:10BDB000002840F09780504659464FF0FF32664BBE
:10BDC000FEF782FB002840F08D80504659464FF028
:10BDD000FF326FF48013FEF73BFB002840F08280B7
:10BDE0005046594600220023FEF732FB002840F05F
:10BDF0008881CDE906ABDDE9063407F40062994697
:10BE000017F48063A046129213937BD159EA04037E
:10BE100040F0A480002A40F08E810623089317F09A
:10BE200002020E9240F08A810A9B0421042B38BF43
:10BE30000423043B10910C92129350465946002261
:10BE40000023FEF705FB002840F0C9819DED067B2D
:10BE5000129B0B9A0393089B8DED007B029327F4B2
:10BE60000063049329463346099800F021FA0246FC
:10BE700017F0200F0CBF6520452033462946099C4A
:10BE8000571CA04705230593109B0020013B0493FA
:10BE90000A230C99CDE9023081EAE173A3EBE17347
:10BEA000C90FCDE900313A46334629462046FFF70F
:10BEB000C3FE0E9B07468BB10B9BA0EB03080A9BAE
:10BEC00043450BD999463A4633462946202008F186
:10BED0000108A047C14507F10107F4D8384615B05D
:10BEE000BDE8F08F0A9B2946DDE9084021933346DF
:10BEF000CDE91EAB0B9A2297209415B0BDE8F04F08
:10BF000000F0D6B959EA04032AD1129B002B86D03F
:10BF100000230C93089B0C9A934200F3BA814FF0D4
:10BF200000085046594600220023FEF791FA0028E7
:10BF300040F0ED809DED067B0A9B8DED1E7BCDE9EB
:10BF4000208327F4006343F4806322932946334619
:10BF50000B9A0998D1E700BFFFFFEF7F06230893F4
:10BF6000C8F30A50A0F2FF30FEF718FAC0A3D3E9D5
:10BF70000023FEF791F9C0A3D3E90023FEF764F98B
:10BF8000C8F31303CDE90C0143F07F51484600226A
:10BF9000B14B41F44011FEF76BF9A3A3D3E90023A1
:10BFA000FEF77AF902460B46DDE90C01FEF74CF983
:10BFB000FEF718FA0C90FEF7F1F99DA3D3E90023E0
:10BFC00080468946FEF768F90022A44BFEF73CF94B
:10BFD000FEF708FA034649461C4697A3D3E9002317
:10BFE0004046FEF759F9804620468946FEF7D6F9C5
:10BFF00093A3D3E90023FEF74FF902460B464046D0
:10C000004946FEF735F902460B4680468946FEF75B
:10C0100043F942464B46CDE90E0140464946FEF7FC
:10C0200013F90022CDE91001DDE90E018C4BFEF77A
:10C0300059F900228B4BFEF707F902460B46DDE962
:10C040000E01FEF74FF90022874BFEF7FDF802467E
:10C050000B46DDE90E01FEF745F942464B468046A8
:10C06000894600204FF08041FEF702F902460B4658
:10C0700040464946FEF7E8F802460B46DDE9100166
:10C08000FEF730F90022794BFEF7DEF804F2FF3CB0
:10C0900000224FEA0C53FEF7FFF8DDE90623804645
:10C0A0008946FEF711FA50B10C9B4046013B4946C8
:10C0B0000C9300226B4BFEF715F9804689460C9BCA
:10C0C000129A6333C62B07F002030E930CD8002A92
:10C0D00067D10A9A042A7FD9002B00F0D480042368
:10C0E000109302230E936AE0002A2FD10A9A052AA0
:10C0F00004D9002B00F0D28002230E930523109365
:10C1000061E00BF10043CDF818A0079373E60A9B9A
:10C110002946CDE9208327F4006343F4806322930A
:10C120003346DDE90667344607F10045CDE91E4593
:10C130000B9A0998E1E64FF00508F2E60422002385
:10C140001092022212930E920C9376E6052310931E
:10C1500058EA09033FF4DEAEDDE906013AA3D3E96C
:10C160000023FEF79DF948B1DDE9060138A3D3E9C4
:10C170000023FEF76DF900287FF4CCAE089B9BB13D
:10C18000139A002A41D0013B109A08930A9B9342CC
:10C1900004D90E99002943D002230E930023129351
:10C1A0000DE004231093D3E70A9B109A934267D9BA
:10C1B0000E99002934D0089B129302230E930C9BF6
:10C1C000002B3FF43AAEDDE9060142464B46FEF74E
:10C1D00089F8CDE9060130E604231093EFE7DDE9A5
:10C1E00006ABD046129B0BF100490393089B0B9AB8
:10C1F000029327F40063049329463346CDE900896E
:10C20000099800F055F8024632E60A9B109A9342CC
:10C210004AD90E9921B1139B129302230E93CEE7B4
:10C220009B1A1293CBE700BF61436F63A787D23F8E
:10C2300071A379094F930A401655B5BBB16B024003
:10C24000EF39FAFE422EE63F2D431CEBE2361A3F51
:10C250000000000080842E410000F83F0000E03F15
:10C2600000002C4000002440000018400000F03F77
:10C27000FB799F501344D33FB3C8608B288AC63FD5
:10C28000089B12939BE7042310930A9B043B129391
:10C2900095E7A3EB020808F1FF3842E60523109367
:10C2A0000A9B053B12938EE7139B129387E700BF0F
:10C2B0002DE9F04F97B0DDE92067CDE90501DDE913
:10C2C000225807920C9332463B4630463946DDF8F9
:10C2D0009090FEF7ABF8002840F0BD81304639461B
:10C2E0004FF0FF326FF48013FEF7B2F8002840F0F1
:10C2F0001081304639464FF0FF32C14BFEF7E4F86B
:10C30000002840F0E680BAA3D3E90023304639463E
:10C31000FEF7DAF8002840F0CE80B7A3D3E9002377
:10C3200030463946FEF794F8002840F0C480304685
:10C33000394600220023FEF78BF8002840F0DE800B
:10C340000D9019F4806F08BF062530212B460EAAE8
:10C35000A5F1200A05E0013B534502F8011B00F05E
:10C360004281092BF7D89A46ED1A39463046FEF736
:10C3700039F8A44B044603EBCA0393ED007B8DED23
:10C38000087BFEF70BF802460B4630463946FDF7B0
:10C390006FFFDDE90823FDF77FFF02460B46CDE97D
:10C3A0000A23FEF731F88346FEF70AF802460B46E9
:10C3B000DDE90A01FDF75CFF02460B46CDE90A23E1
:10C3C0000022914BFEF780F8002800F0B3800BF1BB
:10C3D000010B5846FDF7F4FF02460B46DDE9080164
:10C3E000FEF74AF810B14FF0000B0134BAF1000F1C
:10C3F00000F0B280681E0EAB844E18440FE0A6FB1E
:10C400000B21C90801EB8102ABEB42023032BBF1D8
:10C41000090F00F8012F40F2CF808B461D46202DDA
:10C4200005F101030AF1FF3AE9D12025691E0EAB9F
:10C430007748194410E080FB0462C3EBA20303EBCE
:10C440008302A4EB420404F1300201351C4601F8DA
:10C45000012F002B00F09F80202D4FEAE473EAD1DA
:10C4600009F00303012B18D1B8F1000F15D00D9B73
:10C47000002B00F0D58008F1FF38B8F1200F0CD95F
:10C480006B1E0EA930220B4405E00135454503F82B
:10C49000012F80F08480202DF7D10EACCDE90289E8
:10C4A000DDE906120C9B059801950094FFF78CFAC4
:10C4B00017B0BDE8F08F0C9B0598CDE92067DDE94A
:10C4C0000612CDE92389229517B0BDE8F04FFFF79A
:10C4D0005BBC19F0040F18BF0423DDE906120ABF84
:10C4E00003234C4C4C4C219305980C9BCDE922899D
:10C4F000209417B0BDE8F04FFFF766BA3B463246CE
:10C5000000200021FDF7B4FE012306460F460D93DF
:10C5100017E70424DDE906120C9B05983F4DCDF882
:10C520008C90CDF88880CDE9205417B0BDE8F04F4D
:10C53000FFF74ABA0022DDE90A01334BFDF788FF15
:10C5400000287FF453AFBBF1000F7FD10BF1010B3B
:10C55000BAF1000F7FF44EAF2046FDF71FFF0246F1
:10C560000B4630463946FDF783FE0022264B064631
:10C570000F46FDF76DFF00287FF458AF304639466F
:10C580000022214BFDF7A0FF00287FF44FAF0134BC
:10C5900024F001044AE709F00303012B6AD0202D9F
:10C5A0003FF47BAF0D9B002B45D02D220DEB0503F7
:10C5B00083F83820013570E7202B3FF436AF0EAA00
:10C5C00015449A44302205E00133202B05F8012F51
:10C5D0003FF42BAF5345F7D12E210DEB030282F828
:10C5E00038105D1C22E72025BFE600BFAFF30080B6
:10C5F0000000000065CDCD410000000065CDCDC13B
:10C60000FFFFEF7FD89D02100000E03FCDCCCCCCE7
:10C6100067666666D4710210DC710210E471021064
:10C6200019F00C0F22D008F1FF384545FFF428AF70
:10C63000202D3FF432AF19F0040F01D02B22B5E7C3
:10C6400019F0080F3FF429AF2022AFE71BF0010FCC
:10C650003FF4CCAE7AE70324DDE906120C9B059883
:10C660000B4DCDF88C90CDF888805CE74545FFF404
:10C6700007AF12E7B8F1000F91D00D9B002BCFD080
:10C6800008F1FF384545FFF4FBAE202D8DD104E7BE
:10C69000E071021000B9704700F0D8BD0000000042
:10C6A0002DE9F04F9E4D9F4CB1F1000B8FB018BF9C
:10C6B0008146256018789C4D904608BFA946DDF854
:10C6C00060A0002800F034821C46002508E02A46BD
:10C6D000434659460135C8472078002800F0C780F6
:10C6E000252804F10104F2D10023224612F8010B9F
:10C6F000A0F1200110290AD8DFE801F03F09093B29
:10C700000909090909090937093309092F00A0F1A5
:10C710003001092940F289802A2800F0DE800026B5
:10C720002E2800F094800021A0F16807122F2CD849
:10C73000DFE817F039012B0034012B002B012B000F
:10C740002B002B002B002B002B002B0027002B0095
:10C750002B002B002B002B002700144643F0010375
:10C76000C3E7144643F00203BFE7144643F0040353
:10C77000BBE7144643F01003B7E7144643F0080341
:10C78000B3E7607843F480730132672814467CD89D
:10C79000242840F2AD80A0F12502422A00F2A880B0
:10C7A000DFE812F03C01A600A600A600A600A60045
:10C7B000A600A600A600A600A600A600A600A60049
:10C7C000A600A600A600A600A600A600A600A60039
:10C7D000A600A600A600A600A600A600A600A60029
:10C7E000A600A600090125010901A600A600A600D1
:10C7F000A600A600A600A600A600A600A600A60009
:10C80000A600A600A600A600A6008301A600A6001A
:10C81000A600A600A600A600A600A600A60083010A
:10C8200043018301090125010901002606EB860663
:10C8300000EB460610781446A0F130010929A6F154
:10C84000300602F10102F1D92E287FF46CAF607836
:10C850001746A0F13001092943F4806340F20381B7
:10C860002A2800F01A811446002101325CE72C4688
:10C87000A84501D808F1FF3543462A46594600200D
:10C88000C84720460FB0BDE8F08FA0F16902D2B2D0
:10C890000F2A2DD84FF0010C49F241070CFA02FC87
:10C8A0001CEA070C40F0EE800A2A27D0072A1FD185
:10C8B00043F0210305930823049310230391CDF83B
:10C8C00004C002935AF8043B2A4600935946434653
:10C8D0004846FFF7B1F90546FEE65AF8046B607862
:10C8E000002E1446BCBF43F002037642013217E724
:10C8F0002A46434659460135C847EDE6524652F8A6
:10C9000004EB00299EF8000014BF8A464FF0FF3A5E
:10C910000B92002800F007827246F2440BE000BF41
:10C92000A1C60110503A0020C5B9011012F8017FCC
:10C93000002F00F0F4809245F8D1AAEB0E020A9283
:10C9400013F4806704D00A9A8A4228BF0A460A92E2
:10C9500013F0020300F011814FF0020C0C96F24626
:10C960002A460E46CDF834C027B1731E002E00F0C3
:10C97000C9801E4643465946C8471AF8010F01357B
:10C98000002800F0BF802A46EEE760786C287FF42C
:10C99000F9AEA07843F44073E21CF6E6607843F405
:10C9A00000730132F1E66078682800F0BC8043F043
:10C9B00080030132E9E6672800F09F80472800F0F5
:10C9C000A980452800F0A880CDE903630AF1070A91
:10C9D00002912AF0070A2A46FAE8026743465946B6
:10C9E0004846CDE90067FFF7CFF9054674E64628CB
:10C9F00008BF43F02003CDE903630AF1070A02915F
:10CA00002AF0070A2A46FAE802674346594648468A
:10CA1000CDE90067FFF74CFC05465DE62A46434634
:10CA2000594625200135C84756E60AF104029B07FE
:10CA300005F101070A9240F182802A464346594691
:10CA40009AF80000C847012E88BFAD1940F22A812C
:10CA50003A464346594620200137C847BD42F7D1E0
:10CA6000DDF828A038E6002101EB810100EB41014F
:10CA700017F8010F3039A0F13002092AF4D93C46E9
:10CA80007A1C51E66F283BD040F22581782800F0CF
:10CA9000F7800A2223F010030EE05AF8041BA07856
:10CAA0000234621C21EAE1713EE6582843D0622834
:10CAB00008BF022240F09880580540F1BC8023F066
:10CAC0000D0313F4007040F0EF8013F4807F0AF13F
:10CAD000040740F01781580600F1D78018064CBFB4
:10CAE000BAF80000DAF80000CDE904630023CDE9CC
:10CAF000022100902A46019395E043F4006363E726
:10CB00000822D9E7DDE90C6CBCF1000F5DD1DDF83E
:10CB10002CA0E1E543F4006343F0200354E7A2EBCB
:10CB20000E020A920CE7A07843F0C003E21C2CE648
:10CB3000044605469CE6102243F02003BCE7012E84
:10CB400040F2AA806B1E3344CDF82CA02F469A46A3
:10CB50003A464346594620200137C847BA45F7D1DF
:10CB60005346DDF82CA01A469AF800004346594671
:10CB7000C8473544DDF828A0AEE50A9A964240F24F
:10CB8000E7800A9B06EB050ACDE90CE60A970E46FC
:10CB90006746AAEB030A2A46434659462020013538
:10CBA000C847AA45F7D1DDF830E031460D9E9EF822
:10CBB0000000731CBC460A9F0A9300287FF4CEAE87
:10CBC000A5E713F0020700F0BD802F460A9B9E42A6
:10CBD0009DD93544ED1A3A4643465946202001373F
:10CBE000C847BD42F7D192E75F054BD523F011024C
:10CBF000900523D4D3050AF1040773D450063BD41F
:10CC0000130640F18980BAF9003083EAE370A0EBA3
:10CC1000E37080B2DB0F01930A23CDE904622A4658
:10CC2000039100900293434659464846FFF704F8A3
:10CC3000BA46054650E523F00C0342E79FED487BDA
:10CC40000AF1070A2AF0070ADAF804305AF8080B42
:10CC5000DF0F002BCDE907628DED047B02460691C4
:10CC6000029715DBCDE9002359462A46434648463C
:10CC7000FFF72CF805462FE59AF800301846C9E76B
:10CC8000102219E723F01002B2E79AF800002BE710
:10CC9000424263EB4303E5E72A46434659469AF886
:10CCA0000000C8473D46DBE604922A460025CDE950
:10CCB00007630AF1070A0691059502952AF0070A0B
:10CCC000FAE80267434659464846CDE90067FEF751
:10CCD000FDFF054600E5692823F010022DD15F0510
:10CCE00086D583E7DAF8003003910A21029183EABE
:10CCF000E371A1EBE371DB0FCDE90462CDE9001331
:10CD00002A4690E7CDE90221CDE904630190DAF8E3
:10CD100000302A46009386E7DAF8003083EAE370B1
:10CD2000A0EBE37076E713F480620A923FF449AF18
:10CD30009F0705D52F460A9048E713460A22BBE60F
:10CD40004FF48067002E3FF4E2AE00230A9318E709
:10CD50009C46134601330A9300E600BFAFF3008000
:10CD60000A0000000000000084460CB410B584B036
:10CD700006AC54F8043B0A46009461460448039408
:10CD8000FFF78EFC04B0BDE8104002B0704700BF52
:10CD9000BDB9011010B5094B84B01C684CB10346F5
:10CDA00000914FF0FF3203A90548A047012004B0CD
:10CDB00010BD00F05BFA204604B010BD503A0020D0
:10CDC00095C6011000BEFDE7074A0346106838B15A
:10CDD000064903448B428CBF4FF0FF30136070470D
:10CDE000034908461160F3E774350020000008206D
:10CDF0002459002008B5FFF7E5FF00BF38B5064C01
:10CE0000064DFBF72BFEAC4204D254F8043B984786
:10CE1000AC42FAD338BD00BF780F0210800F021069
:10CE200010B4D0F86841CB7934B1DC0706D56FF087
:10CE30000A005DF8044B70475B07F8D491F90530A0
:10CE4000002B01DB9342F2D101230C7900F12F403A
:10CE5000084900F56000000DA34051F82010013B87
:10CE600003FA02F20A420CBF00206FF008005DF8DE
:10CE7000044B7047E02D0020F8B505460F461646D6
:10CE8000FFF7CEFF18BB3B79ABB13A68023A32F8F4
:10CE9000024F3318B4F5005F03F1120338BFA41931
:10CEA00045F823403B7901309842F0D3012202FA41
:10CEB00003F3013BB340304605F12F45044905F526
:10CEC00060052D0D51F825201A4341F82520F8BDA5
:10CED000E02D0020012300F12F4010B400F5600088
:10CEE000124C000D8B40002A54F8204003F1FF3310
:10CEF000C1F120000ADB824215DC934023420CBFC3
:10CF000010464FF0FF305DF8044B7047002805DBFA
:10CF100003FA00F22242F6D00138F9D26FF008008D
:10CF20005DF8044B70474FF0FF30ECE7E02D002038
:10CF300010B5044604F12F4404F56004084B240D99
:10CF400082B0A40000932246E31C0648FBF744FF8E
:10CF50008442CCBF4FF0FF30001B02B010BD00BFB9
:10CF6000EC710210E4320020F8B50D460646FBF7DE
:10CF7000EBFE95F90520074629793046FFF7AAFF11
:10CF8000041E05DB224629463046FFF775FF04469E
:10CF90003846FBF7EBFE2046F8BD00BFF0B5012593
:10CFA00004688D4024EA05040460B3B31C6801EBF7
:10CFB000410C00EBCC0CCCF8C8409C68CCF8D040BD
:10CFC0005C68CCF8CC40DB68CCF8DC304FEA410C34
:10CFD0000CEB01034FF0013500EBC30C4FF00046A2
:10CFE00000EBC30E01230EF5865E0C1D01F1080750
:10CFF0008D40CEF8106003FA04F4CEF8106002F011
:10D000001F028560BB4000F5005004600EF1100E59
:10D0100003600020CCF8D820F0BD4FF480374FF4E7
:10D0200040264FF4F83501EB410400EBC404C4F88A
:10D03000C8704FEA410CC4F8D060C4F8CC50C4F8B2
:10D04000DC30C5E700B545F247308BB0FCF790FF08
:10D0500001220346092101A89847064A05AB03A807
:10D0600013F8011D834202F8011FF9D10BB05DF8DE
:10D0700004FB00BF4B3D0020012924D010B501F175
:10D08000FF3E0021114C00F1FF3CCA434B08E35C1A
:10D0900002F001029200134103F00F021346092A25
:10D0A00001F10101D4BF3033373371450CF8013F32
:10D0B00005D01029E9D100231030037010BD0023E2
:10D0C0000844037010BD0023037070474C3D0020DE
:10D0D0000368084611461847437D2DE9F04780460E
:10D0E00089461746002B43D0002A32DD00244D1E0E
:10D0F000A24606E06B780A2B2DD0A74205F1010568
:10D1000015D026460134002EF4D199F800300A2BB0
:10D11000F3D198F81430002BEFD102211848D8F839
:10D1200000309847A742A24605F10105E9D15745CD
:10D1300006DDD8F80030A7EB0A0109EB0A00984792
:10D1400019F80630A3F10D03B3FA83F35B0988F8ED
:10D150001430BDE8F0872B780D2BCED0B245DCDA49
:10D16000D8F80030A6EB0A0109EB0A009847D4E78B
:10D170004846D8F800301146BDE8F047184700BFD0
:10D18000289E02102DE9F04F83B00D4691461C46B3
:10D190000746FCF7F9FD4FF0FF3C6FF00046254ACB
:10D1A000821841F10003944576EB03013CBF6246CF
:10D1B0003346214803F0B0FE6B1C82462DD04CB3A1
:10D1C000DFF880801D4B1C68ECB14FF00A0B1C4E41
:10D1D00001E02469BCB12368002BFAD033680BB19D
:10D1E000A342F6D12A4639462046C047B9F1000F7E
:10D1F000EFD0204601220DF107018DF807B0C0479E
:10D200002469002CE7D1BAF1000F0BD1284603B0F6
:10D21000BDE8F08FDFF83080D4E7384603F0B0FC8B
:10D220000546CCE7044803F063FE284603B0BDE89A
:10D23000F08F00BF40420F006823002078330020A9
:10D24000A8330020D9D00110D1D00110012310B58E
:10D25000044682B0002219460DF107008DF8074000
:10D26000FFF790FF204602B010BD00BF38B504465E
:10D2700003F086FC012305461A4620462946FFF79F
:10D2800081FF054B1C682CB1636803B19847246982
:10D29000002CF9D1284638BD78330020704700BFF4
:10D2A0000022014B1A707047175900204B79FF2B51
:10D2B0000BD1887948B9CB79012B07D1082A05D938
:10D2C000034B8A7809201A7070470020704700BF0E
:10D2D0001759002001207047012901D00120704713
:10D2E00008B5104B91881B78994201D0002008BDE9
:10D2F0005378012B08D0022BF8D100216422084674
:10D30000FCF7C4FD012008BD5188CB0548BF480A81
:10D31000C1F3402258BF4FF0FF3001F07F01FCF70E
:10D3200041FE00BF1759002000487047F49E0210CC
:10D33000012907D15378012B02D19388072B03D001
:10D3400000207047012070471146A623014A00F0D3
:10D3500081BF00BF4C9E02100346012201481A7093
:10D36000704700BF2C9E021008B50B68B3F5966F8E
:10D3700000D008BD00224FF0FF301146FCF712FE2E
:10D3800000487047849F021000487047309F021089
:10D3900038B5184B04461A780AB344B940F209422A
:10D3A0004FF44173144D6A8013482B8038BD052C0F
:10D3B0001DD8124B104D53F8241028460023013974
:10D3C00003E0132B20F8022F0ED011F8012F0133A8
:10D3D000DBB2002AF5D15B0043F44073E4E711218E
:10D3E0001846FFF749FED8E74FF44A73DCE7002000
:10D3F00038BD00BFDC57002048330020189F0210C2
:10D40000F0B4002600F07F041B4D630003EBD01343
:10D4100005EB43139870C009DA7680F00102198396
:10D42000DE705A70E300A8B9144A043305EB841186
:10D430009F188F609E503CB90023114A05EB4010A5
:10D44000C2604360F0BC70470E4BE40023444B6065
:10D45000F0BC7047094A05EB841113448B6242F813
:10D460003460002CE8D0E40004F1A04404F58014FA
:10D470004C62F0BC704700BF88350020800010501F
:10D48000000110500400105070B500F0F3F80C23A8
:10D490004026194CFF22A3670E201849FBF7A6FE71
:10D4A00032460021164802F081FD0125002380212B
:10D4B0001348144A4184457006830687826043609E
:10D4C000136042F8043C80F8213080F83B3043621E
:10D4D0000D4B4FF00056C360C362803B836203F084
:10D4E000F7FC4FF480320949094B25642846E6646D
:10D4F000C4F89010DA6470BD00001150AD0800202F
:10D5000088350020840010500001105010D0010018
:10D510000020115001210E20FBF716BE0022024808
:10D52000114600F0C7B800BFA8350020044B1970A1
:10D5300021B14FF40032034BC3F89020704700BF75
:10D540000B590020002011500B785B0602D14B785C
:10D55000052B00D070474B88014ADBB2136070473F
:10D5600000001150CA7802F00302012A36D0F8B543
:10D570008C78898804F07F052046C1F30A01FFF703
:10D580003FFF0DB90120F8BD174E6D0005EBD41318
:10D5900006EB43131A8B1549DB7E3F32022B22F038
:10D5A0003F020B6808BF52001A44E4090A601049A0
:10D5B0002F1906EB47178A42FB6011D8254406EB6A
:10D5C0004515E97E83F0A04383F480136A6843EA3B
:10D5D000816343F0004301201360F8BD00207047D1
:10D5E000FBF736FAFB68E9E788350020A43B00200A
:10D5F000FF0F105003F06CBC8C4608B5114607486D
:10D600001A460CF07F034FEADC1C0CEB430C00EBDA
:10D610004C1000F04FF8012008BD00BF88350020F5
:10D6200011F07F0205D100290CBF02200120064B1A
:10D630009866C909054B01EB420003EB40104FF41B
:10D640000062002103F064BC0020115088350020E6
:10D6500011F07F0300D17047002205485B0003EB07
:10D66000D11300EB43106FF40061C27003F050BCA3
:10D67000883500204FF0805209480A4908B50A4B06
:10D6800002600A609968C94311F08051FAD14FF4E1
:10D690008052064802F08AFC0922054B5A6708BDF1
:10D6A0000020024000300240000002400000105004
:10D6B0000000115000234FF0010C10B580F81AC083
:10D6C0008282C3820161044603F01AFC20B14FF448
:10D6D0000032074BC3F89020204603F025FC10B120
:10D6E0000123237710BD2046BDE8104003F0ECBBBA
:10D6F000002011502DE9F04100241D4E054623461F
:10D700003278DFF878801B4F0DE03B6813EB441351
:10D7100024D0DB682846984732780134E4B2511CA3
:10D72000A142234606DBA242A3EB0203EDD808EB9D
:10D730004313EEE7542200210F4802F037FC4FF06C
:10D74000FF330D482022041D4360C4E90133E36028
:10D75000FF21BDE8F041143002F028BC4FF0E02377
:10D76000D3F8F03DDB0700D500BEBDE8F08100BF77
:10D770000A590020F42A0020C42C0020989F02108F
:10D78000704700BF704700BF0020704700207047FF
:10D79000704700BF704700BF704700BF704700BFB1
:10D7A000024B5878003818BF01207047C42C002065
:10D7B000024B1878C0F38000704700BFC42C0020D3
:10D7C0002DE9F047DFF8E4A09AF80030FF2B56D19E
:10D7D0000E4600293ED0002154220746294802F077
:10D7E000E5FB0022284C294B20461A70FBF782FFEC
:10D7F000274B28481C60284CFBF78AFF204601F085
:10D8000069FD264A264B146023B12648FFF7A4FD84
:10D81000254B18600024234D23462A78DFF890908A
:10D82000DFF884800EE0D8F8003013EB441311D0F9
:10D830005B687BB198472A780134E4B2511CA1425D
:10D84000234611DBA242EED89B1A09EB43135B6817
:10D85000002BEFD14FF0E023D3F8F03DDB0700D5EC
:10D8600000BE0020BDE8F087314638468AF80070D7
:10D87000FFF70AFE0028EDD03846FFF74BFE0120E7
:10D88000BDE8F087C42C0020BC2C00200C590020DF
:10D89000182D00203C1D0020281D00201C2D0020DC
:10D8A00059D301100A590020F42A0020441D0020F9
:10D8B000989F02102DE9F04FDFF8C8928BB099F8CD
:10D8C0000030FF2B00F0F180A84CA94DDFF8B0A28A
:10D8D000DFF8B4B226687369EFF3108272B6D3E84A
:10D8E000CF0F01210028FAD1C3E8401F0028F6D14C
:10D8F000BFF35F8FB261304607A901F091FB0023AF
:10D900007269C2E88F3FB36983F31088002800F082
:10D91000CC809DF81D30013B072B00F27D83DFE8B2
:10D9200003F0A7B1959D8E350A04089B002BD1D03A
:10D9300009989847CEE79DF8201001F07F0605EB87
:10D94000460000EBD11090F8343023F0010380F84A
:10D95000343090F8343023F0040380F83430002E53
:10D9600000F0A680037D9AF80020934280F0938017
:10D97000804A126812EB431300F090809E699DF874
:10D980002120099B9DF81C00B047A3E79BF80030BD
:10D99000002B00F083809BF80030013BDBB28BF85A
:10D9A00000309BF8003003F0FF00002B92D1704F45
:10D9B0009DF81C803B7843F001033B7097F83430AE
:10D9C00060F3000387F8343097F8343060F3820353
:10D9D00087F8343097F8353060F3000387F8353036
:10D9E00097F8353060F3820387F8353000F06EFC2D
:10D9F0009DF8203003F06002602A6CD0402A7CD071
:10DA000003F01F03012B00F0C180022B00F0818086
:10DA1000002B60D1202A00F0E981002A5BD19DF81B
:10DA20002130092B57D8DFE813F0B001A2015600CE
:10DA3000C101560095016B0156006001F4002B787E
:10DA4000D9077FF547AFFFF7A9FE43E7EB78DA0781
:10DA50007FF540AF0898FFF795FE3BE72B78D80796
:10DA60007FF538AF2878C0F3C000FFF795FE31E7A7
:10DA70009DF81C00FFF73EFE00F01EFC9DF82030D4
:10DA8000AB7027E79DF81C00FFF734FE00F014FC94
:10DA9000FFF780FE1EE7501C984211DA4FF0E0239A
:10DAA000D3F8F03DDC0700D500BE0BB0BDE8F08F29
:10DAB000099B9DF821209DF81C0000F01BFC09E744
:10DAC0009B1A2D4A02EB431358E7FFF75DFC024611
:10DAD000002840F082814FF0E023D3F8F03DDE07CC
:10DAE00000D500BE9DF81C000021FFF799FD8021A4
:10DAF0009DF81C00FFF794FDECE6204800F0E6FBE3
:10DB00000121404608AAFFF713FC00287FF4E2AE8B
:10DB1000E8E79DF8241011F0700FDCD101F07F06CA
:10DB200007EB4600164B00EBD1101B78007D76000A
:10DB3000019698424FEAD116009659D35E1C864250
:10DB4000C0F26681C01A0C4B03EB4016002A00F0AD
:10DB50006381706900F0BAFB01214046736908AA2D
:10DB6000984700287FF4B6AEBCE700BF1C2D00200C
:10DB7000C42C0020F42A0020989F021031D30110F9
:10DB80000A590020441D00200C5900209DF8243023
:10DB90000F2BA7D8AE4A3B441B791278934232D35D
:10DBA000511C99429EDBAB4E9B1A06EB43167069E3
:10DBB00000F08CFB01214046736908AA98470028B1
:10DBC0007FF488AE9DF8203013F060068AD19DF86E
:10DBD00021300A3B012B85D800F078FB9DF82130DD
:10DBE0000A2B00F0F281404608A900F019FB71E60B
:10DBF000994B1B6803EB4016002A00F00D81002EA4
:10DC00003FF470AFA5E7944A166816EB4316CED1E1
:10DC100068E77B789DF822609E4200F04F817B7818
:10DC2000002B40F0BE817E70002E00F04581701EFA
:10DC3000C0B2FFF7A9FB0346002800F05F814278DD
:10DC4000022A40F05B81C17903F10906C1F3401259
:10DC50001201C1F3801142EA41123146387820F0B6
:10DC6000300002433A705A88CDF80C809A1801921D
:10DC7000019B8B4240F2A4814A780B2A00F0AF81CD
:10DC80000123042A40F03A810026019A0096521A94
:10DC900092B202926E4A049312781DE06E4B1B689A
:10DCA00013EB461800F02A81029AD8F81030039836
:10DCB0000591984708280246059906F1010303D902
:10DCC0000298904280F0FF80DEB2614B00961A7895
:10DCD000531C9E4200F31281009BB242A3EB02024E
:10DCE000DCD85C4B03EB4218DEE77B7840468DF8CE
:10DCF0001A300DF11A02012308A900F0ABFAE9E588
:10DD0000BDF82200030A013B020AC0B20E2B3FF607
:10DD1000E9AE01A151F823F02DDF0110C9DD01109A
:10DD200069DF0110E5DA0110E5DA01104BDF0110BF
:10DD3000C9DD0110E5DA0110E5DA0110E5DA0110BC
:10DD4000E5DA0110E5DA0110E5DA0110E5DA011093
:10DD50001FDF011008A800F0BFFA40469DF822100E
:10DD6000FFF7DCFB3B7843F002033B70B2E5BDF804
:10DD70002230012B7FF4B6AE3B78404623F00803F7
:10DD800008A93B7000F04CFAA4E540463B789A089D
:10DD900002F00202C3F340131343ADF81A300DF141
:10DDA0001A02022308A900F055FA93E5BDF82230C3
:10DDB000012B7FF497AE3B78404643F0080308A957
:10DDC0003B7000F02DFA85E5022A3FF47EAEFFF7A6
:10DDD000DDFC024600283FF485AE4046538808A982
:10DDE00000F038FA00287FF475AD7BE69DF824300A
:10DDF0000F2B3FF677AE164A3B441B7912789342BD
:10DE00001DD2154A166816EB43167FF4A2AE69E6DA
:10DE1000002A7FF467AE00269DF8212002F0FD0362
:10DE2000012B1BD0002A7FF456AE019B009A3B4485
:10DE3000134493F834304046C3F34003ADE7511C1C
:10DE40009942FFF64FAE034E9B1A06EB431680E64F
:10DE50000A590020989F0210F42A0020BDF82230B1
:10DE6000B3B9012A99F8000000F08680FFF7D8FBCB
:10DE7000019B009A3B44134493F8342042F0020281
:10DE800083F8342093F8342042F0010283F83420E0
:10DE9000002E3FF41FAD706900F018FA736901217C
:10DEA00008AA40469847002000F010FA97F835304D
:10DEB000DF073FF50FAD96E6FFF76CFC404608A97B
:10DEC00000F0AEF906E5049B012B00F09E80002BCC
:10DED00000F08A80002091F8028005E08CF8046050
:10DEE0005FFA80FC9C457FD208EB000C57FA8CFC53
:10DEF0009CF804E00130BEF1FF0FEFD04FF0E023BB
:10DF0000D3F8F03DDA0700D500BE4FF0E023D3F898
:10DF1000F03DDB0700D500BE00237B70E2E5FFF794
:10DF200003FA024600287FF458AFDBE5FFF728FA32
:10DF3000024600283FF4CFAD4046122308A900F066
:10DF400089F900287FF4C6ACCCE5FFF71DFC02463A
:10DF500000283FF4C7AD4046137808A900F07AF9CD
:10DF600000287FF4B7ACBDE5BDF82410FFF710FA28
:10DF700002460028EFD1B5E50293FFF769FB019A4D
:10DF8000009B3A441A4492F83410029B63F3410117
:10DF900082F8341092F8341063F3000182F83410E0
:10DFA00076E700214046FFF7C1FA4046FFF722FB23
:10DFB000BB7840460093FFF79DFB009BBB7032E6A9
:10DFC000DDF80C80FFF7E4FB78E74046012308A961
:10DFD0000DF11A028DF81A6000F03CF97AE40A7823
:10DFE000CB7811444A784CE63346104804920291AB
:10DFF00000F01AFE0E4B049A02991B781144009A05
:10E0000001339342BFF634AE78E7D8F810C0094820
:10E01000844508BF02235DE74FF0E023D3F8F03DCD
:10E02000DB077FF557AC00BE54E400BFD82C0020BE
:10E030000A59002051E6011038B58B7813F0700FA3
:10E0400008D04FF0E023D3F8F03DDB0700D500BE49
:10E05000002038BD074A084B0C46084691781D78C9
:10E0600000F0B2FD0028ECD021462846BDE838403B
:10E07000FFF778BAC42C0020441D00202DE9F0479A
:10E08000DDE908895AB307460C461E4615464FF08F
:10E09000000A16E0E17801F00301B14214D12146F3
:10E0A0003846FFF7C9FF78B1A3780AF1010ADA0907
:10E0B00014BF89F8003088F800302378AA451C4442
:10E0C0000DD06378052BE5D04FF0E023D3F8F03D79
:10E0D000DB0702D40020BDE8F08700BEFAE701208C
:10E0E000BDE8F0870B46064A06481168DA09343263
:10E0F00003F07F0302EB4303184400F01FBD00BF91
:10E10000182D0020C42C00200B46064A0648116832
:10E11000DA09343203F07F0302EB4303184400F0C2
:10E1200037BD00BF182D0020C42C002010B51948A1
:10E1300001F07F0C00EB4C0000EBD11090F834C0E4
:10E140001CF0010F08D04FF0E023D3F8F03DDA07C0
:10E1500000D500BE002010BD00F1300494F804C0CA
:10E160000D484CF0010C007884F804C0FFF744FA25
:10E170000028F0D14FF0E021227960F300022271F3
:10E18000227960F382022271D1F8F03DDB07E1D5FC
:10E1900000BEDFE7C42C0020441D00201E4910B53E
:10E1A000B1F80CC0CA8991F900E0ACEB02039BB254
:10E1B000402B28BF4023BEF1000F044682B00ADB8B
:10E1C00094454FF000011FD02046144A02B0BDE82C
:10E1D0001040FFF7ABBF94450ED01A4689680F4830
:10E1E000019302F057FC802120460C4A019B02B0AB
:10E1F000BDE81040FFF79ABF80210022204602B000
:10E20000BDE81040FFF792BF0A46204602B0BDE8C5
:10E210001040FFF78BBF00BF842C0020442C00204F
:10E2200030B50B4C8C46A646054608684968002365
:10E23000AEE803009CF800102846C943C4E9023345
:10E24000BDE830401A4601F08001FFF76FBF00BF04
:10E25000842C002070B5174C0025A6468C46064637
:10E2600008684968E581AEE80300A260BCF8065082
:10E27000AB4228BF2B46A3813DB103B18AB13046E2
:10E28000FFF78CFF68B1012070BD9CF800102B4691
:10E29000C9432A46304601F08001FFF747FF0028B6
:10E2A000F1D14FF0E023D3F8F03DDB0700D500BEFD
:10E2B000002070BD842C00200022034BC3E9002203
:10E2C000C3E902221A617047842C0020014B1861B7
:10E2D000704700BF842C002030B40246044C002557
:10E2E000234600685168C4E9025530BC03C3704737
:10E2F000842C002070B52B4CC90922780646B1EB5E
:10E30000D21F1D4614D043B14FF0E023D3F8F03DA7
:10E31000DB0700D500BE002070BD2146FFF714F9D1
:10E3200023691BB12246032130469847012070BD66
:10E3300094F90030002B06DBA0680028EBD02A46B9
:10E34000194902F0A7FBA268E3892A442B44A26082
:10E35000E2889BB29A42E38107D03F2D05D930462F
:10E36000FFF71CFF0028E1D1CEE7236923B102218A
:10E3700030460C4A984760B121780023C9433046A3
:10E380001A4601F08001FFF7D1FE0028BCD0012021
:10E39000CDE701463046FFF743F980213046FFF7CD
:10E3A0003FF9C3E7842C0020442C00202DE9F041E4
:10E3B0000446FFF7F5F908B9BDE8F081FFF7F8F971
:10E3C00005460028F8D1C82304FB03F3124EF718C2
:10E3D000F9780029F0D010331E44304600F00EFECC
:10E3E0003F28E9D92846F978FFF77CFE0028E3D0DA
:10E3F000304600F003FE3F28F97808D9074A28463E
:10E4000002EBC4124023BDE8F041FFF78FBE28465F
:10E41000BDE8F041FFF778BE7C2B0020F82A0020F1
:10E4200010B50446FFF7BCF908B9002010BDFFF78E
:10E43000BFF90028F9D1C822034B02FB0433187935
:10E4400000F0010010BD00BF7C2B0020C82208B5E1
:10E45000024B02FB003000F0B7FD08BD8C2B002002
:10E4600010B54FF6FF7E72454FF0C80C28BF7246BC
:10E47000064B044692B20CFB003000F0F9FD034657
:10E4800020461C46FFF792FF204610BD8C2B002033
:10E490002DE9F0410446FFF783F910B90020BDE8EB
:10E4A000F081FFF785F905460028F7D1C82604FB5F
:10E4B00006F6DFF8648006F124074744384600F08A
:10E4C00083FD0028EAD0B044284698F80210FFF7F0
:10E4D00009FE0028E2D00F4E384606EBC41631463E
:10E4E000402200F0C5FD98F80210044668B10346CA
:10E4F00032462846FFF71AFE50B94FF0E023D3F812
:10E50000F03DDB07CAD500BEC8E7FFF7FDFDC5E754
:10E510002046C4E7382B00207C2B002038B54FF66E
:10E52000FF75C823AA4228BF2A460B4C92B203FBB0
:10E5300000440546204600F01BFE034620461C46CC
:10E5400000F042FD3F2801D8204638BD2846FFF79D
:10E550009FFF204638BD00BFA02B0020C82208B571
:10E56000024B02FB003000F049FD08BDA02B00204B
:10E57000F0B5002483B0C8220021174801F016FD31
:10E58000FF234FF4E131082214480470124800942C
:10E59000074643718160827300F1380101234022F4
:10E5A000103000F0E1FC0123402207F178010093D4
:10E5B00007F1B80607F1240000F0D6FC07F1C0050A
:10E5C0003046FBF797F82846FBF794F8C7E907466B
:10E5D000C7E90C5403B0F0BD7C2B0020782B002041
:10E5E000074A116A106B11B100230121D36110B1E8
:10E5F0000023C2E90C3309B10023136201207047E4
:10E600007C2B0020002210B50E4C0F4823780260AE
:10E610000271DA0707D59B070BD5BDE81040012131
:10E620000A4800F073BE103000F054FE23789B07B8
:10E63000F3D4064800F04EFEBDE810400121034827
:10E6400000F064BE782B00207C2B0020A02B002043
:10E65000F0B54B7983B0022B02D18B79022B03D01A
:10E660000025284603B0F0BD254FBB783BB14FF0E5
:10E67000E023D3F8F03DDB07F2D500BEF0E78B785E
:10E6800006463B700B780925CC186178242907D001
:10E6900014E023781C4461782B4424299DB20DD1C9
:10E6A000AA42F6D26378042B02D163790A2B14D0E4
:10E6B0000020FFF77BFE284603B0F0BD0529F1D10D
:10E6C00021463046FFF7B8FC0028D0D0A3787B70F5
:10E6D00023781D44ADB21C44E4E70A4B277801932C
:10E6E00001330093022330461A46E119FFF7C6FCB6
:10E6F0000028BCD00E3517FA85F5ADB2D8E700BFBB
:10E700007C2B00207E2B0020137803F06003202B4D
:10E7100008D170B5264C938894F800C09C4503D06E
:10E72000002070BD002070475378203B032BF7D8A2
:10E73000DFE803F027230D0201292ED003291ED183
:10E740001C4BE3B100205188AFF3008017E0012992
:10E7500023D0032913D15588174805F0010686F008
:10E760000101257100F0D2FD144B43B13146002068
:10E77000C5F34002AFF3008001E0012911D0012070
:10E7800070BD01290DD00329F9D10D4B002BF6D016
:10E7900000200C49FEF7E8FDF1E71146FFF740FDC8
:10E7A000EDE711460723074AFFF754FDE7E700BFEF
:10E7B0007C2B002000000000A02B002000000000A7
:10E7C00069D30110842B00202DE9F843354E0C4607
:10E7D000F27807468A421D463DD0B3788B4212D06C
:10E7E0004FF0E023D3F8F03DDB0732D40020BDE842
:10E7F000F8832D4B23B12D4800F0F6FB00284DD0B7
:10E800000020FFF7D3FDB378A34201D00120EEE74B
:10E81000274B13B10020AFF300800020FFF738FE34
:10E820000028F3D1234800F0CFFB0028EED1002DC3
:10E83000ECD015F03F05E9D13846B178FFF752FC2E
:10E840000028E3D02B462A463846B178FFF76EFC05
:10E85000DCE700BECAE79AB2174906F1100000F0E3
:10E8600087FC164B002BC4D07379FF2BC1D0002D31
:10E87000BFD0DFF8448008EB050902E0C845B8D0F6
:10E88000737918F8012B9A42F8D1084800F0ACFBD4
:10E890000028F3D17179AFF30080EFE7AFF3008088
:10E8A000AEE700BF7C2B0020000000008C2B002076
:10E8B00000000000A02B0020F82A0020000000002B
:10E8C000F0B54FF4137285B00021124801F06EFBD1
:10E8D000402600234FF480750E4F0F4C07F5A672AB
:10E8E0001946CDE90246009201951A4607F5947043
:10E8F00000F0C6F90023384607F12801344400919E
:10E9000001221946CDE902460195043000F0B8F91C
:10E9100005B0F0BD6C2E0020EC2D002008B5054898
:10E9200000F0DAF9034BA3F5927000F0D5F901205D
:10E9300008BD00BF942F002038B50025064C04F513
:10E940009870257000F0C6FC04F10C0000F0C2FCC9
:10E9500084F82951657138BD6C2E00202DE9F843EB
:10E960004B79FF2B51D1354E96F82931002B4CD1E4
:10E9700096F80580B8F1000F47D18B780C7833708A
:10E980000B790F460C44ABB38146A51803E0A542B2
:10E9900030D923781C446378052BF8D1AC4229D2B6
:10E9A00021464846FFF748FB40B3A378DB092FD147
:10E9B000234800F08FFCA37896F8282186F82931A7
:10E9C000A3884846C3F30A03A3F50073B3FA83F39D
:10E9D0005B0963F341021B4986F8282100F0EAF93C
:10E9E00060B123783A7908F101081C445FFA88F392
:10E9F0009A42D0D8E11B88B2BDE8F8834FF0E023FB
:10EA0000D3F8F03DDB0700D500BE0020BDE8F88359
:10EA10000D4800F05FFCA37832797371A3880B492D
:10EA2000C3F30A03A3F50073B3FA83F35B0963F33B
:10EA300041020020327100F085F9D2E76C2E0020EF
:10EA40009C2F0020942F0020782E0020702E002074
:10EA500070B51B4C064694F829C11D468C4511D053
:10EA600063798B4201D0002070BD164B1BB1002092
:10EA7000A9B2AFF300803046134900F063F9C8B182
:10EA8000012070BDB4F8343163B9104B23B10020BC
:10EA90000F49AAB2AFF3008030460E4900F08AF960
:10EAA0000120EEE7D4F82C11AAB204F5987000F01A
:10EAB0005FFBEAE72A463046034900F00FF9DFE73B
:10EAC0006C2E002000000000702E002000000000CE
:10EAD000EC2D0020942F002010B582B0C9B1012880
:10EAE0000CD80B7853B1144C012B235402D00120C5
:10EAF00002B010BDFEF764FE0028F8D14FF0E0230D
:10EB0000D3F8F03DDB0702D4002002B010BD00BEF8
:10EB1000FAE70124084601A9ADF80440FEF750FECB
:10EB200038B94FF0E023D3F8F03DDA07EDD500BE59
:10EB3000EBE7014B1C70E8E7B82C0020F8B5037830
:10EB400013F001041AD1037805465A07C3F380076E
:10EB500001D52046F8BD0E464FF0FF31304602F099
:10EB6000AFF92B7813F001040BD12B785B0709D494
:10EB70002B78012443F004032B7003E0002420468B
:10EB8000F8BD3C46304602F0B3F92046F8BD00BF60
:10EB900070B50C4605464FF0FF31204602F090F963
:10EBA0002B78C3F380065B0708D52B7813F001039D
:10EBB00011BF00262A7863F382022A70204602F0F1
:10EBC00097F9304670BD00BFC378828803F0030018
:10EBD0000228C2F30A0215D003280AD001281CD14A
:10EBE000022940F2FF3308BF4FF4806393420DD3F4
:10EBF0007047022914BF40234FF48063934205D32A
:10EC00000120704702290AD0402AF9D94FF0E023A9
:10EC1000D3F8F03DDB0700D500BE00207047B2F509
:10EC2000007FEDD0F2E700BF0A44914205D3704760
:10EC300091F800C061448A4220D991F801C0BCF12A
:10EC4000050FF5D100B591F802C00CF07F0E00EB76
:10EC50004E0E4FEADC1C0EF80C3091F800C06144F7
:10EC60008A4209D991F801C0BCF1050FEBD091F8A7
:10EC700000C061448A42F5D85DF804FB704700BFCC
:10EC80002DE9F0418E4682B0009390F800C0089EB6
:10EC9000BDF824706EF3000C04461546012331467E
:10ECA0003A4600F808CBBDF82C8000F05DF906B1BB
:10ECB0003FB901200A9BA4F80280636002B0BDE85E
:10ECC000F08104F11C063046FAF714FD0DB135460B
:10ECD0000026C4E90556ECE701207047F8B5064662
:10ECE000084610F8083B0C4613F0020F0CBF4027F3
:10ECF0004FF40077154600F067F930B92DB1013FA8
:10ED00002F4202D12378DA0701D50020F8BD304622
:10ED10006178FFF7E7F90028F7D0237813F00103B3
:10ED200007D04FF0E023D3F8F03DDB07EDD500BE70
:10ED3000EBE71A4630466178FFF7F8F90028F0D083
:10ED4000F8BD00BF70B501F10805064628460C461F
:10ED500000F03AF910B12378DA0701D5002070BD30
:10ED600030466178FFF7BEF90028F7D02846628860
:10ED7000616800F07DF92378054603F0010340B196
:10ED800073B14FF0E023D3F8F03DDB07E6D500BECA
:10ED9000E4E7002BE2D130466178FFF7B5F9DDE713
:10EDA0000346626830466178FFF7C0F90028E8D072
:10EDB000284670BD8A89F8B50C4605460B781AB905
:10EDC000DE0732D50020F8BD01F1080713F0020F6D
:10EDD00038460CBF40264FF4007600F00FF986420B
:10EDE000F0D82378DA07EDD428466178FFF77AF96E
:10EDF0000028E7D0384600F001F92378864203F076
:10EE000001032FD8CBB976426388304080B2984254
:10EE100028BF18466178064658B3626833462846CC
:10EE2000FFF784F948B13046F8BD4978FFF75AF941
:10EE30000028C7D02378D90707D54FF0E023D3F8AF
:10EE4000F03DDB07BED500BEBCE7638861783BB10F
:10EE500062682846FFF76AF90028EED06088F8BD9E
:10EE60001A46F6E7002BADD128466178FFF74CF93A
:10EE7000A8E70246D2E700BF10B58646D41ABEF80E
:10EE800004C0A4B29A423CBF04EB4C04A4B20846AE
:10EE9000E4B1A4450CD2944594BFA2EB0C026244A9
:10EEA00093B29C45AEF80A3004D8A3EB0C039BB296
:10EEB0009C45FAD9BEF80620DEF80010C2F30E0217
:10EEC00002FB031101F0E6FD012010BD204610BD3C
:10EED0002DE9F047BDF8204085881E1BB6B2A3423D
:10EEE0003CBF06EB4506B6B207468846DEB1B542E2
:10EEF00031D3964228BF1646A54203D8641BA4B25C
:10EF0000A542FBD9B7F806902B1B39689BB2C9F311
:10EF10000E029E42914602FB041107D8404606FBB2
:10EF200002F201F0B7FD3046BDE8F08713FB02F3B3
:10EF30001FFA83FA5246404601F0ACFD731BE218FB
:10EF400012FB09F2396808EB0A0092B201F0A2FD47
:10EF50003046BDE8F0879D4294BF5B1B5B199CB2B5
:10EF60002E464481C5E700BF2DE9F041B2F5004FC0
:10EF70009DF8188024D80446C06817460E461D46E2
:10EF800018B14FF0FF3101F09BFF206918B14FF02D
:10EF9000FF3101F095FF0022C5F30E03E06843EA5C
:10EFA000C83362812660A780E380228108B101F026
:10EFB0009FFF206908B101F09BFF0120BDE8F081AF
:10EFC0000020BDE8F08100BF038942899BB292B264
:10EFD0008088934236BFC2EB40029B1A9B189BB2BB
:10EFE000984228BF184670470289438990B29BB265
:10EFF000C01AB0FA80F04009704700BF0389428907
:10F000009BB2808892B2934236BFC2EB40029B1AF9
:10F010009B189BB2984286BFC01A80B200207047EE
:10F0200038B5044600690D4618B14FF0FF3101F0C4
:10F0300047FF2289638929469BB292B22046FFF797
:10F040001BFF6289A18892B283189BB29A4205463F
:10F050004FEA410209D8B3EB410F06DA2069638118
:10F0600008B101F045FF284638BD9B1A9BB2F5E771
:10F0700070B5044600690D46164682B018B14FF0CF
:10F08000FF3101F01DFF23896089294680B2324695
:10F0900000909BB22046FFF71BFF6289A18892B2C5
:10F0A00083189BB29A4205464FEA41020AD8B3EB55
:10F0B000410F07DA2069638108B101F019FF284682
:10F0C00002B070BD9B1A9BB2F4E700BFF8B50446CE
:10F0D000C0680E4618B14FF0FF3101F0F1FE2589EE
:10F0E000238961899BB289B2A2888B4236BFC1EB6A
:10F0F00042015B1A5B189BB29A42ADB208D8E7791D
:10F10000FF0905D1E06808B101F0F2FE3846F8BD0C
:10F11000954228BF2B4618D39B1A9BB29342FBD231
:10F12000E2882068C2F30E0202FB0300314601F0C0
:10F13000B1FC6B1C9BB29D42A28812D900235100E6
:10F140005B1A9BB201272381DCE7E2882068C2F3C7
:10F150000E0205FB0200314601F09CFC0135A2883D
:10F16000ABB2B3EB420F4FEA4201EBDBE8E700BF83
:10F170002DE9F04F174683B0002A75D00646C068C7
:10F18000894618B14FF0FF3101F09AFEF379B6F8D5
:10F1900008807289DB09B5881FFA88F892B23DD1E0
:10F1A000904536BFC2EB4502A8EB0202424492B240
:10F1B000AA425ED2AA1A92B2BA4228BF3A4697B27F
:10F1C000A7EB050B08EB070AF3881FFA8BFB1FFA66
:10F1D0008AFAA845444603D3641BA4B2AC42FBD2CE
:10F1E0002D1B3068ADB2C3F30E02BD4202FB04001A
:10F1F0005AD3494607FB02F201F04CFCB288D045D5
:10F200004FEA420302D8BAEB420F03DBAAEB030337
:10F210001FFA83FA3D46A6F808A02BE0AF4232D28F
:10F22000904536BFC2EB4503A8EB020343449BB2B3
:10F2300069003B44A7EB050B8B421FFA8BFB0DDBF0
:10F2400002EB050A1FFA8AFAAAEB07081FFA88F8E8
:10F2500042453CD9A8EB01011FFA81F807EB080AE7
:10F260001FFA8AFAF388B4E71546284603B0BDE8CA
:10F27000F08F0025F0680028F7D001F039FE28460D
:10F2800003B0BDE8F08F002DF4D0F3887F1B02EBB4
:10F29000050A9046C3F30E0202FB07994FF0000BDC
:10F2A0002F461FFA8AFA94E715FB02F5ADB24946DC
:10F2B00001922A4601F0EEFB019B5C4414FB03F42F
:10F2C000306809EB0501A2B201F0E4FB96E7414585
:10F2D000C0DDC7E710B50446C06818B14FF0FF3174
:10F2E00001F0EEFD206918B14FF0FF3101F0E8FDAB
:10F2F0000023E0686381238108B101F0F9FD2069F2
:10F3000008B101F0F5FD012010BD00BF38B504467D
:10F31000C0680D4618B14FF0FF3101F0D1FD2069F2
:10F3200018B14FF0FF3101F0CBFDE379E06865F3F0
:10F33000C713E37108B101F0DBFD206908B101F0EA
:10F34000D7FD012038BD00BF024B0A4601461868B0
:10F3500000F002B85821002038B5A1FB021434BBDC
:10F3600000F02EFB054630B350F8042C22F00302C7
:10F37000043A242A0CD8132A0FD91B2AC0E90044C6
:10F3800012D9242AC0E9024418D000F1100205E085
:10F39000214600F00BFE284638BD024600232846D1
:10F3A000C2E90033936038BD00F10802F6E701F0CE
:10F3B0001DFA0C2303600025284638BD00F1180211
:10F3C000C0E90444EAE700BF2DE9F04F1D4640EADA
:10F3D000020399B083469B07009240F0DF82171F1B
:10F3E00018BF012700230493009B5B000793009A3A
:10F3F000062902FB01F35A440BEB03000692059227
:10F40000029040F26781009A4FEA51090729A3EB65
:10F41000020302FB09B90BEB03040FD0282900F209
:10F42000F4812646DA4649465046A8470028314628
:10F430004846C0F2DE81A84700284ADD002F51D19E
:10F44000DBF80030D9F80020CBF80020C9F80030F4
:10F45000059B4FF000099A460393009BC3F10008F7
:10F460004B46A1461E46A24552465FD859465046D5
:10F47000CDF804A0A8470028019A40F3FB804B4632
:10F480000192A1461C460BE0D9F800202168C9F87A
:10F490000010226044440126C144CA4500F28F8016
:10F4A00059464846A84700282CDBF5D1002FEBD061
:10F4B000012F76D0009B21464A4609EB03061378BC
:10F4C000087802F8010B01F8013BB31A002BF6DCB7
:10F4D000E0E731465046A8470028C0F29481B14683
:10F4E000002FADD0012F00F0FC815B4605981A7803
:10F4F00099F8001003F8011B09F8012BC21A002A21
:10F50000F5DCA5E72346019A4C469946002F40F0CA
:10F51000A180DAF800302268CAF800202360009B3E
:10F520009A44444401265246A2459FD933464E464A
:10F530009946B9F1000F4AD0039BAAEB0300A3EB55
:10F540000B018142A8BF0146002940F02581029BA2
:10F55000341B991B009BC91AA14228BF21460029D0
:10F5600040F09D81029B8442A3EB040605D822460D
:10F57000334604465E4610469B46009B984240F246
:10F58000F280049A072A00F27A81B4FBF3F4B0FB0C
:10F59000F3F118AB03EBC20343E91064531C04936B
:10F5A00025E7009B20464A469E08013E13680168F5
:10F5B000002E42F8041B40F8043BF6DC6AE73346B1
:10F5C00026464C46019A9946B9F1000FB4D1029BE8
:10F5D000059A934231D9009B069E5C429846DDF81D
:10F5E0001C90B34525D2019607E0DAF80020316877
:10F5F000CAF8001032605E451AD9B2462644514618
:10F600003046A847002813DD002FEED0012F53D03D
:10F61000324606EB090C9AF8003011780AF8011B03
:10F6200002F8013BACEB0A03002BF4DC5E45E4D8A6
:10F63000019E4644029BB342D3D8049B002B00F0AA
:10F640008180049B18AA013B049302EBC30353E996
:10F6500010B1CCE6012F009B20D09A4423461178AC
:10F66000187802F8010B03F8011BAAEB020100292C
:10F67000F5DC56E702D0009B9A44F4E6002F7BD1DC
:10F680000399DAF800200B680A60CAF80030009B82
:10F690001944009B012603919A44E4E69808234606
:10F6A000013811681E68002842F8046B43F8041BF7
:10F6B000F6DC009B9A4434E74FEA98003246013862
:10F6C000DAF80030116800284AF8041B42F8043BBD
:10F6D000F5DC90E790421646AFD9009BDDF81C9010
:10F6E0005C429846B34525D2019607E0DAF800203F
:10F6F0003168CAF8001032605E451AD9B246264415
:10F7000051463046A847002813DD002FEED0012FC8
:10F710001BD0324606EB090C9AF8003011780AF833
:10F72000011B02F8013BACEB0A03002BF4DC5E4545
:10F73000E4D8019E4644029BB342D3D8049B002BDD
:10F740007FF47FAF19B0BDE8F08F4FEA98003246E2
:10F750000138DAF80030116800284AF8041B42F832
:10F76000043BF5DCC8E7009B9C427FF666AF009B3C
:10F77000B346B4FBF3F13AE6012F00F0A280039BFD
:10F78000009959181878167803F8016B02F8010BE4
:10F79000C81A0028F6DC7CE7022FAAEB010C40F027
:10F7A000C7805944DE469EF800309CF800800EF871
:10F7B000018B0CF8013BA1EB0E03002BF3DC029B49
:10F7C000341B991B009BC91AA14228BF214600295E
:10F7D0003FF4C8AE029B5E1A01EB0A03117896F85B
:10F7E00000C002F801CB06F8011B991A0029F5DCCC
:10F7F000B8E6A8470028FFF621AE31465046A84794
:10F800000028FFF66CAED14618E6C908584602FB40
:10F8100001F60BEB060A73000BEB46085146019309
:10F82000A847002841465046C0F2A180A8470028BA
:10F830006CDDA9EB0603494609EB0608184601935F
:10F84000A847002841464846C0F29C80A8470028A7
:10F8500055DD7300A4EB0308464440463146A847F3
:10F8600000282146304658DBA84700283FF7DBAD8B
:10F8700021464046A847002858DB2646D3E5009A93
:10F880002B469046B0FBF2F15846FFF79DFD4445EC
:10F890007FF6D7AE009BB346B4FBF3F1A7E5029B1E
:10F8A000022FA3EB010697D08B088446013B116819
:10F8B0003068002B42F8040B46F8041BF6DC604667
:10F8C00050E6009B9808039B0138196816680028C9
:10F8D00043F8046B42F8041BF6DC0399009B1944BF
:10F8E000D7E6009B99085B4601391A68D9F80000F1
:10F8F000002943F8040B49F8042BF5DCA8E5414640
:10F900000198A847002846DBC146A2E74146584671
:10F91000A847002834DBC2468BE7A8470028FFF63B
:10F9200082AD21464046A8470028A6DB46467AE538
:10F930008B08804659469646013B0A68DCF8000071
:10F94000002B41F8040B4CF8042BF5DC029B341B14
:10F95000009940469B1B72465B1AA34228BF234670
:10F960001946002B3FF4FEAD029B5E1A9CE7A847A8
:10F970000028FFF65EAF41465846A8470028CADB7C
:10F98000DA4656E7A8470028FFF663AF41460198DC
:10F99000A8470028B8DBDDF804905AE7022721E5E4
:10F9A000024B0146186800F00BB800BF5821002038
:10F9B000024B0146186801F06DB900BF58210020C4
:10F9C00001F10B03162B2DE9F04F074683B023D826
:10F9D000102900F2AF8000F0AFFA102518230220A2
:10F9E000BA4E33445C68A3F10802944200F0568199
:10F9F0006368384623F00303D4E902122344CA6043
:10FA000091605A68083442F001025A6000F09AFA94
:10FA1000204603B0BDE8F08F002B23F00705C0F2AD
:10FA20008980A94200F2868000F086FAB5F5FC7F55
:10FA3000C0F07B826B0A00F08480042B00F26281AC
:10FA4000AB0903F1390003F1380EC3009F4E334474
:10FA5000A3F1080C5C68A44507D10DE0002AE16819
:10FA600080F216818C450C4606D0636823F00303B0
:10FA70005A1B0F2AF2DD7046DFF86882346944456C
:10FA800000F0F280636823F0030CACEB05030F2B4E
:10FA900000F37481002BC6E9048880F26381BCF511
:10FAA000007FD6F804E080F0FF804FEADC030122FB
:10FAB0004FEA5C1C013302FA0CF256F833104EEA9E
:10FAC000020E06EBC302083AC6F804E0C4E90212CB
:10FAD00046F83340CC6083104FF0010C0CFA03FC65
:10FAE000F44534D81CEA0E0F07D120F003004FEA8A
:10FAF0004C0C04301CEA0E0FF9D006EBC00A81460C
:10FB0000D646DEF80C300BE05A681C46DB6822F063
:10FB10000302511B0F2900F30181002980F2158196
:10FB20009E45F1D109F101090EF1080E19F0030FFC
:10FB3000E7D158E10C233B600024204603B0BDE828
:10FB4000F08F4FF4007340204FF03F0E7EE7B46813
:10FB5000636823F00309A945A9EB050302D30F2B22
:10FB600000F385805A4B08201B6803F1100804EB52
:10FB70000903009300F040FE564AA84483461368E8
:10FB8000013305D008F1FF384342804403EA0808F6
:10FB90004146384600F018FEB0F1FF3F82464D4A1C
:10FBA00000F0078104EB0903834200F200814A4B15
:10FBB0000BF1FF3C18684044186000F06481116844
:10FBC000013100F06C8104EB0902AAEB020202444D
:10FBD0001A601AF00702CDE9002300F02781C2F174
:10FBE0000802384692445A44D04408EA0C01521A9A
:10FBF00002EA0C0B594600F0E7FD421C019B00F0A5
:10FC00006A81A0EB0A0000EB0B08186848F00102BB
:10FC1000B442C6F808A05844CAF80420186017D0A7
:10FC2000B9F10F0F40F23E816168A9F10C024FF06B
:10FC3000050C22F0070201F0010111430F2A616057
:10FC400004EB0201C1E901CC00F24D81DAF8042095
:10FC5000224B54461968814238BF1860204B1968FE
:10FC6000814238BF1860A6E0D6F804E033E7621995
:10FC700045F0010543F00103083444F8045C3846BC
:10FC8000B260536000F05EF9204603B0BDE8F08F2B
:10FC9000A26823443846D1608A60B2E6DC68A34299
:10FCA0007FF4A6AE0230E7E6BCF5206F4FEA5C2297
:10FCB00076D3142A00F2CD8002F15C035B32DB00C4
:10FCC000F118F3580839994211D1A5E0501D0020D0
:10FCD000B8290020481D002088290020B0290020D4
:10FCE000B4290020581D00209B68994204D05A680E
:10FCF00022F003026245F7D8D968C4E902318C606A
:10FD0000DC60E8E6142B63D9542B00F2AB802B0B9C
:10FD100003F16F0003F16E0EC30097E6D4F808C03C
:10FD20003846671945F001056560CCF80C30C3F81A
:10FD300008C041F00103C6E90477C7E902887B6087
:10FD4000A150083400F0FEF8F7E622443846516826
:10FD500041F00101516054F8082FD3609A6000F01F
:10FD6000F1F8EAE6A44438460834DCF8043043F0FD
:10FD70000103CCF8043000F0E5F8DEE6621943F048
:10FD8000010145F0010538466560C6E90422C2E973
:10FD90000288516044F80C30083400F0D3F8CCE607
:10FDA0004FEA9C1202F139033832DB0088E7B44293
:10FDB00062D0B468626822F00308A845A8EB050386
:10FDC00002D30F2B3FF753AF384600F0BBF8B3E632
:10FDD00003F15C0003F15B0EC30037E65AF8083903
:10FDE000534540F0A08010F0030F00F1FF30F5D133
:10FDF000736823EA0C0373604FEA4C0C0CF1FF327A
:10FE00009A4204D3A3E64FEA4C0C09F104091CEA18
:10FE1000030FF8D0484670E692104FF0010C0CFA30
:10FE200002F24EEA020EC6F804E066E70AEB0802A8
:10FE3000384602EA0C02ABEB020B0BEA0C0B5946FC
:10FE400000F0C2FC431C019B7FF4DBAEDDF800B088
:10FE5000DBE6542A2AD84FEA1C3202F16F036E32D5
:10FE6000DB002DE7B3F5AA7F2AD8EB0B03F178006E
:10FE700003F1770EC300E9E52E4B0BF1FF3C186848
:10FE8000404418609BE61AEA0C0F7FF498AEC84411
:10FE9000D6F808A048F00102CAF80420D8E6C2F853
:10FEA00000A096E60123CAF804308DE7B2F5AA7FD8
:10FEB00024D84FEADC3202F178037732DB00FFE628
:10FEC00040F25452934224D8AB0C03F17D0003F16D
:10FED0007C0EC300BAE5009A4FF0000B083A90443C
:10FEE000A8EB0A0891E6384604F10801009300F0F7
:10FEF000D1FE009BD6F808A01868A7E640F254533C
:10FF00009A420CD84FEA9C4202F17D037C32DB001E
:10FF1000D6E64FF47E737F204FF07E0E96E54FF4C9
:10FF20007E737E22CCE6736866E7E80805F1080375
:10FF300056E500BF88290020014800F0A7BD00BF9A
:10FF400084290020014800F0A3BD00BF84290020BF
:10FF5000032A30B412D941EA000484460B46A407B0
:10FF600021D11946604653F8044B5CF8045BA54266
:10FF700019D1043A032AF4D860461946541E7AB1BE
:10FF8000431E0139021901E09A4209D013F8010F0A
:10FF900011F801CF6045F7D0A0EB0C0030BC7047E2
:10FFA000002030BC7047541EEAE700BF830730B51D
:10FFB00046D08418844604E003F8011B9D0704D052
:10FFC0009C46A4456346F7D130BD013A0244A2EBFA
:10FFD0000C02032A29D9CCB20F2A04EB042404EB27
:10FFE00004442FD9A2F1100C03F110052CF00F0CD2
:10FFF000AC44C3E90044C3E9024410336345F8D17B
:020000041002E8
:1000000012F00C0F02F00F0E18D02EF0030CAEF110
:1000100004051A469C4442F8044B6245FBD125F086
:10002000030404330EF003022344002ACCD0C9B2E7
:100030001A4403F8011B9342FBD130BD7246F4E72A
:100040000346C6E79646E0E738B50546034680070F
:1000500002D12BE09A0708D0184601330278002A13
:10006000F8D100F0B5FC284638BD4278E2B11868F6
:10007000A0F1013222EA000212F0803F0BD11846B3
:1000800053F8044FA4F1013222EA040212F0803F37
:10009000F5D0027942B1184610F8013F002BFBD190
:1000A00000F096FC284638BD1846DAE72A78DDE7E6
:1000B00011F0FF01034600F0030239D08ABB10B5EE
:1000C00001EB012E02680EEB0E4EA2F101338EEA17
:1000D000020423EA0203A4F1013222EA04021343D8
:1000E00013F0803F0FD150F8044F84EA0E0CA4F1B6
:1000F0000133ACF1013223EA040322EA0C02134378
:1001000013F0803FEFD0037823B936E010F8013FB9
:10011000002B32D09942F9D110BD8A4228D09A07DB
:1001200029D01A7818460133002AF6D110467047B4
:10013000CAB90268A2F1013323EA020313F0803F37
:1001400008D150F8042FA2F1013323EA020313F07F
:10015000803FF6D003785BB110F8013F002BFBD154
:100160007047990705D0184613F8012B002AF8D1DB
:1001700070471846DDE71846A1E7184610BD00BFD6
:1001800022B310B584188646114A04E01B1A1BD10D
:10019000B8B1A64516D01EF8013B11F8010B12F8B4
:1001A00003C00CF0030CBCF1010F12F800C00CF0FE
:1001B000030C08BF2033BCF1010FE7D12030181A1F
:1001C000E7D010BD002010BD184610BD1046704786
:1001D000D99F021082B30B4630B540EA010486462F
:1001E000A40717D1032A07D814E0043A22D01CF040
:1001F000803F1FD1032A23D9DEF80040194653F867
:10020000045B7046A4F1013C0EF1040EAC422CEAF2
:10021000040CEAD00378013A0C78A3420ED10244D0
:1002200006E03BB110F8013F11F8014FA34205D1A0
:100230009042F6D1002030BD10467047181B30BDEB
:1002400070461946E6E700BF40EA01039B0730B558
:1002500001D1032A17D8844601F1FF3E07E01EF8BA
:10026000011F541E03F8011B29B122469C46634618
:10027000002AF4D130BD002CFCD0944403F8011BBB
:100280006345FBD130BD0C468446256821460434C5
:10029000A5F1013323EA050313F0803FDCD1043AD2
:1002A0004CF8045B032AF0D82146D5E738B511F0A5
:1002B000FF040CD00346002501E0431C05462146FF
:1002C0001846FFF7F5FE0028F7D1284638BD21462D
:1002D000BDE83840FFF7ECBE024A012312685032F5
:1002E00000F002B85821002018B370B586468C463D
:1002F0001EF8015B01E0A54214D01CF8014B002C54
:10030000F9D1DDB176460C4616F8015B00E063B129
:1003100014F8013B9D42FAD14DB100238EF8003014
:10032000166070BD6BB17046E0E7B646EAE72E4650
:10033000F6E710680028D8D100207047002015602B
:1003400070BDC2F800E0037070BD00BF01292DE947
:10035000F0415DD94FF0010800244FF0FF35C6464B
:10036000434608E0A3EB05081C464FF0010E04EBE2
:100370000E03994210D900EB050CC75C1CF80E6007
:10038000B742EFD332D04FF001082546C646444469
:1003900004EB0E039942EED8012700244FF0FF36FC
:1003A000C2F80080BE463B4607E09F1B1C464FF04C
:1003B000010E04EB0E03994210D900EB060C10F865
:1003C00003801CF80EC0E045EFD814D00127264664
:1003D000BE463C4404EB0E039942EED80136681C3D
:1003E000864201D330461760BDE8F081C64507D08C
:1003F0000EF1010EBBE7BE4506D00EF1010ED8E7A7
:1004000074444FF0010EB2E774444FF0010ED0E790
:1004100001270026E6E700BF2DE9F04FADF21C4DA5
:10042000934680468A4605AD194658461C462A46DC
:10043000FFF78CFF2B4681460DF2144243F8044F20
:100440009342FBD174B1601E0BF1FF32584412F895
:10045000011F06AEA31A824203F1FF335B4446F844
:100460002130F4D12B684A4658460BEB0301019327
:10047000FFF76EFD002877D144F400630746AAEB2E
:10048000040E661E05460293AE4510D308EB050C1C
:1004900006AA1CF8063052F82330BBB11FB1019AEE
:1004A0009A4288BFA31A1D440027AE45EED208EB3E
:1004B0000A00029900F0E2FC8244AAEB040EAE4569
:1004C000E4D200200DF21C4DBDE8F08F4F453B46B5
:1004D00038BF4B469E4218D9591EEA180095594418
:1004E000424402E001339E420ED012F8010B11F893
:1004F000015F8542F6D09E42009D06D9C9F10102F6
:1005000000272A44D518BFE7009D4F4509F1FF3366
:1005100080F0818005EB09020BEB09010095424454
:10052000CDF80C9002E09F4213D04B4611F8015DCC
:1005300003F1FF3912F8010D8542F4D0009D01331B
:10054000DDF80C9001379F4209D8019B1D44E71A42
:100550009AE70137009DDDF80C909F42F5D960467F
:100560000DF21C4DBDE8F08FA4EB0903AAEB040EBD
:10057000661E4B4538BF4B4601332B600025019367
:1005800044F400630093AE4509D308EB050006AAC6
:10059000835D52F823306BB11D44AE45F5D208EBB4
:1005A0000A00009900F06AFC8244AAEB040EAE45F2
:1005B000EBD286E7B14517D209F1FF3105EB09020D
:1005C0004B465944424402E00133B3420CD012F886
:1005D000017B11F801CFBC45F6D09E4204D9C9F188
:1005E00001022A44D518CEE7B9F1000F3FF46AAFF3
:1005F00005EB09010BEB0902414402E05B453FF4C6
:1006000061AF12F801CD11F8017D1346BC45F5D05C
:10061000019B1D44C1E74B4694E700BF2DE9F04123
:100620000D46097890B0044600294AD06A78002A1D
:100630006BD0AB78002B48D0E878002879D02B79A4
:10064000002B67D0284600F09BFA0646204646F469
:10065000007100F013FC864246D8FE2E00F287801F
:10066000801B4022711C27186846FFF79FFC6EB163
:100670006A1E5FFA86FC901912F8013F03F03F03EF
:10068000A91A90426B4461441970F5D1013CA35DF5
:1006900003F03F036B441B781C44A74203D228E0BD
:1006A0004444A74225D314F806C0324629462046C2
:1006B0000CF03F0CEC449CF80080FFF749FC00284C
:1006C000EED1204610B0BDE8F081007842EA014248
:1006D00050B140EA0343214614F8010F9A4241D039
:1006E0000028F6D19A423DD00024204610B0BDE843
:1006F000F081BB5DB819002BF6D04FF4006100F01B
:10070000BDFB0744A742C1D2EEE710B0BDE8F041FF
:10071000FFF7CEBC2278002AE6D0296809BA42EA5F
:100720000323204614F8012FF2B19942F7D1C41ED9
:10073000C7E7120442EA0162217842EA0323002952
:10074000D2D0024600E049B141EA0200254614F841
:10075000011FB3EB002F4FEA0022F4D19342C3D123
:10076000AC1EAEE74C1EACE79942BDD1DFE70146B7
:1007700033462A46204610B0BDE8F041FFF74CBE94
:1007800041EA00020346920715D10A68A2F101303E
:1007900020EA020010F0803F0DD101F1040C614607
:1007A00043F8042B5CF8042BA2F1013020EA02008C
:1007B00010F0803FF3D011F8012B184603F8012BFD
:1007C000002AF8D1704700BF38B50022064D044614
:1007D00008462A60FCF7F8FA431C00D038BD2B68A5
:1007E000002BFBD0236038BD88330020014B1868F4
:1007F000704700BF58210020082802D14FF48050D4
:10080000704708B5FFF7F2FF162203464FF0FF309E
:100810001A6008BD80EA010C1CF0030F37D110F0FC
:10082000030C20F0030021F0030150F8042B08BF53
:1008300051F8043B0ED08CF0030C6FF07F434FEA6D
:10084000CC0C23FA0CFC51F8043B42EA0C0243EABC
:100850000C0300BFA2F1013C9A4201BF2CEA020C3A
:100860001CF0803F50F8042B51F8043BF2D04FEAC3
:1008700002604FEA1222012828BFB0EB036F08BFC5
:100880001B0AF4D003F0FF03000EC01A704710F0EB
:10089000030F0AD010F8012B11F8013B012A28BFE1
:1008A0009A42F4D0A2EB0300704720B450F8042B16
:1008B00001F0030521F0030151F8043B022D27D07C
:1008C0004ED800BF22F07F45B5EB132FA2F1013CBB
:1008D0002CEA020C0DD11CF0803C08BF51F8043BFF
:1008E0000AD185EA0205B5EB036F0CD150F8042B51
:1008F000E8E74FEA13235BE03CF07F4C54D10B78E0
:100900004FEA126554E04FEA126503F0FF034FE02F
:100910004FEA0245A2F1013C4FEA15452CEA020CD0
:10092000B5EB134F18D11CF0803C08BF51F8043BC5
:1009300007D185EA0205B5EB034F09D150F8042B26
:10094000E6E75FEA0C4C2FD10B884FEA12452FE007
:100950004FEA03434FEA12454FEA134328E000BF32
:1009600002F0FF05B5EB136FA2F1013C2CEA020C7B
:100970000DD11CF0803C08BF51F8043B0AD185EA38
:100980000205B5EB032F0AD150F8042BE8E74FEA34
:1009900013630DE012F0FF0F06D051F8043B4FEA4D
:1009A000122523F07F4303E04FF0000020BC704786
:1009B00005F0FF0203F0FF00012828BF904204BFAA
:1009C0002D0A1B0AF4D0A2EB000020BC704700BF28
:1009D00080EA0102844612F0030F4FD111F0030F99
:1009E00032D14DF8044D11F0040F51F8043B0BD0F7
:1009F000A3F101329A4312F0803F04BF4CF8043B4C
:100A000051F8043B16D100BF51F8044BA3F1013259
:100A10009A4312F0803FA4F101320BD14CF8043B11
:100A2000A24312F0803F04BF51F8043B4CF8044B42
:100A3000EAD023460CF8013B13F0FF0F4FEA3323B3
:100A4000F8D15DF8044B704711F0010F06D011F892
:100A5000012B0CF8012B002A08BF704711F0020F80
:100A6000BFD031F8022B12F0FF0F16BF2CF8022B6B
:100A70008CF8002012F47F4FB3D1704711F8012B8E
:100A80000CF8012B002AF9D1704700BF704700BF56
:100A9000704700BF844641EA000313F0030349D1C5
:100AA000403A23D30B6803604B6843608B688360D4
:100AB000CB68C3600B6903614B6943618B698361D8
:100AC000CB69C3610B6A03624B6A43628B6A8362C0
:100AD000CB6AC3620B6B03634B6B43638B6B8363A8
:100AE000CB6BC36340304031403ADBD230320BD362
:100AF0000B6803604B6843608B688360CB68C3609E
:100B000010301031103AF3D20C3205D351F8043BB7
:100B100040F8043B043AF9D2043208D0D2071CBF93
:100B200011F8013B00F8013B01D30B8803806046BC
:100B3000704700BF082A13D38B07B1D010F003030E
:100B4000AED0C3F10403D21ADB071CBF11F8013B7E
:100B500000F8013BA4D331F8023B20F8023B9FE7A9
:100B6000043AD9D3013A11F8013B00F8013BF9D21C
:100B70000B7803704B7843708B78837060467047B6
:100B800020F0030110F00300C0F1000051F8043B15
:100B900000F1040C4FEACC0C6FF000021CBF22FAEB
:100BA0000CF213434FF0010C4CEA0C2C4CEA0C4CA9
:100BB000A3EB0C0222EA030212EACC1204BF51F8A2
:100BC000043B0430F4D0C2F1000102EA0102B2FA9F
:100BD00082F2C2F11F0200EBD20070472DE9F84308
:100BE0000646DFF8AC8008208946FFF705FE05467B
:100BF0003046FFF7A1F9D8F808305F6827F00307FF
:100C0000A7F11104A4EB09042C44B4FBF5F4013C56
:100C100005FB04F4A54208DC00213046FFF7D4FDB3
:100C2000D8F808303B44984205D03046FFF78AF99F
:100C30000020BDE8F88361423046FFF7C5FD013072
:100C40000FD03F1B104AD8F80830304647F0010754
:100C50005F6013681B1B1360FFF774F90120BDE888
:100C6000F88300213046FFF7AFFDD8F80820831A3B
:100C70000F2BDADD43F0010303495360034B1B687C
:100C8000C01A0860D1E700BF88290020481D002055
:100C9000501D002000295AD0F8B50C460746FFF732
:100CA0004BF9734D54F804CCA4F10802A8682CF059
:100CB00001030CF0010ED1184E68884226F003069D
:100CC0007CD088194E60406800F00100BEF1000F32
:100CD0002ED154F8084C05F1080C121B23449468DB
:100CE000644560D0D2F80CE0C4F80CE0CEF80840BF
:100CF00000287DD043F0010050600B60B3F5007F09
:100D00002ED25809D9080123834068680131034372
:100D100055F831006B6005EBC103083BC2E90203E3
:100D200045F83120C2603846BDE8F840FFF70AB9FF
:100D300070B9334405F1080C886843F0010460453C
:100D40006ED0C968C16088605460D350D6E77047E0
:100D50004CF00101B3F5007F44F8041CD350D0D30C
:100D6000B3F5206F4FEA532144D2990901F13900BC
:100D700001F13804C100681869580838884203D165
:100D800055E08968884204D04C6824F003049C42F2
:100D9000F7D8C868C2E9021082603846CA60BDE868
:100DA000F840FFF7CFB880BB1E44D1E90213CB60F7
:100DB000996046F0010353609651B4E71E44BEF1BA
:100DC000000F07D154F8083CD21A1E44D2E902138E
:100DD000CB60996046F001035360264BAA601B6804
:100DE000B342A0D8244B38461968FFF7F7FE9AE7BC
:100DF0003344A1E714290DD954291FD8190B01F147
:100E00006F0001F16E04C100B5E743F001005060CE
:100E10000B6088E701F15C0001F15B04C100AAE707
:100E2000C5E90422C2E902CC5460D3507BE7A41088
:100E30000123A3406C6823436B60ABE7B1F5AA7F45
:100E400006D8D90B01F1780001F17704C10092E7CF
:100E500040F25450814206D8990C01F17D0001F115
:100E60007C04C10087E74FF47E717E2483E700BFD6
:100E7000501D00204C1D0020B829002099B10346C8
:100E800001EB000C10B401E09C4508D01A46013378
:100E90001478002CF8D1101A5DF8044B70470846FE
:100EA0005DF8044B70470846704700BFF8B500BFB7
:100EB0005FF800F0050700205FF800F0710F0020D8
:100EC0005FF800F0E50400205FF800F0510C00200E
:100ED0005FF800F0E10700205FF800F081010020DA
:100EE0005FF800F0A11200205FF800F0511300201D
:100EF0005FF800F01D0500205FF800F041030020BE
:100F00005FF800F0B10B00205FF800F059060020F8
:100F10005FF800F00D0C00205FF800F07D04002069
:100F20005FF800F0190F00205FF800F0D90B0020E7
:100F30005FF800F0C1030020098B01107D8A0110C9
:100F4000B18A0110818B0110E98A0110318B0110E7
:100F5000D59F0110C19F0110A5960110358B01107E
:100F6000519A01104D8A01101D8B0110CD8A01107C
:100F7000918E01102991011045D00110110200102D
:100F8000466174616C3A20496E636F6D706174697B
:100F9000626C65206472697665722028000000002A
:100FA000290000004D53472C000000005F76616C63
:100FB000756500005F76616C75655F72657475724A
:100FC0006E656400506C616E6E6572206275666657
:100FD00065722073697A6520776173207265647524
:100FE00063656421000000002A2A2A2A2A2A2A2A64
:100FF000000000002C4E2F4100000000537465706B
:101000002070756C7365206C656E67746820696EFE
:10101000206D6963726F7365636F6E64732E5C6EAF
:101020004D696E696D756D20646570656E647320C1
:101030006F6E207468652070726F636573736F7272
:1010400020616E64206973207479706963616C6CCF
:101050007920696E207468652072616E6765206F03
:10106000662031202D20322E352E5C6E5C6E546849
:1010700065206C656E6774682068617320746F20EA
:10108000626520726564756365642066726F6D20A9
:101090007468652064656661756C742076616C7532
:1010A00065206F662035207768656E206D61782E2B
:1010B000207374657020726174652065786365655E
:1010C0006420617070726F78696D6174656C7920ED
:1010D000313430206B487A2E000000005365747361
:1010E00020612073686F727420686F6C642064657F
:1010F0006C6179207768656E2073746F7070696EAB
:101100006720746F206C65742064796E616D69630B
:101110007320736574746C65206265666F726520F8
:1011200064697361626C696E672073746570706561
:1011300072732E2056616C756520323535206B65D3
:10114000657073206D6F746F727320656E61626C71
:1011500065642E00496E766572747320746865202C
:1011600073746570207369676E616C7320286163A6
:1011700074697665206C6F77292E0000496E76655C
:101180007274732074686520646972656374696F32
:101190006E207369676E616C732028616374697671
:1011A00065206C6F77292E00496E76657274732006
:1011B00074686520737465707065722064726976F6
:1011C000657220656E61626C65207369676E616C23
:1011D000732E204D6F73742064726976657273206C
:1011E0007573657320616374697665206C6F772011
:1011F000656E61626C6520726571756972696E6792
:1012000020696E76657273696F6E2E5C6E5C6E4ED1
:101210004F54453A204966207468652073746570A0
:10122000706572206472697665727320736861728A
:101230006573207468652073616D6520656E6162F9
:101240006C65207369676E616C206F6E6C792058D5
:1012500020697320757365642E000000496E766501
:10126000727473207468652061786973206C696D8D
:10127000697420696E707574207369676E616C7330
:101280002E000000496E76657274732074686520C4
:1012900070726F626520696E707574207369676E15
:1012A000616C2873292E0000456E61626C652063B5
:1012B0006F6E74726F6C732050574D206F75747021
:1012C000757420617661696C6162696C6974792EEC
:1012D0005C6E5768656E206052504D20636F6E746F
:1012E000726F6C73207370696E646C6520656E61DB
:1012F000626C65207369676E616C6020697320633E
:101300006865636B656420616E64204D33206F7285
:10131000204D3420697320616374697665205330F1
:10132000207377697463686573206974206F6666DB
:1013300020616E642053203E2030207377697463EF
:10134000686573206974206F6E2E0000496E7665A3
:101350007274732074686520646972656374696F60
:101360006E207369676E616C7320666F722074689B
:1013700065207365636F6E64206D6F746F72207586
:1013800073656420666F722067616E6765642061B3
:101390007865732E5C6E5C6E4E4F54453A205468EF
:1013A000697320696E76657273696F6E2077696CF8
:1013B0006C206265206170706C69656420696E20C4
:1013C0006164646974696F6E20746F20746865204D
:1013D000696E76657273696F6E2066726F6D2073C9
:1013E000657474696E672024332E00005370656342
:1013F0006966696573206F7074696F6E616C2064D3
:1014000061746120696E636C7564656420696E2027
:10141000737461747573207265706F727473206178
:101420006E64206966207265706F72742069732023
:1014300073656E74207768656E20686F6D696E677E
:101440002E5C6E49662052756E20737562737461EE
:1014500074757320697320656E61626C65642069C0
:1014600074206D6179206265207573656420666FF4
:10147000722073696D706C652070726F6265207088
:10148000726F74656374696F6E2E5C6E5C6E4E4F26
:1014900054453A20506172736572207374617465AB
:1014A0002077696C6C2062652073656E74207365AB
:1014B0007061726174656C79206166746572207404
:1014C000686520737461747573207265706F7274CF
:1014D00020616E64206F6E6C79206F6E206368618E
:1014E0006E6765732E0000005365747320686F7714
:1014F0002066617374206772626C48414C2074727C
:101500006176656C73207468726F75676820636FAD
:101510006E7365637574697665206D6F74696F6E3F
:10152000732E204C6F7765722076616C7565207321
:101530006C6F777320697420646F776E2E000000E3
:10154000536574732074686520473220616E64208F
:101550004733206172632074726163696E67206132
:1015600063637572616379206261736564206F6E75
:101570002072616469616C206572726F722E204204
:1015800065776172653A2041207665727920736DC6
:10159000616C6C2076616C7565206D617920656683
:1015A0006665637420706572666F726D616E6365E7
:1015B0002E000000456E61626C657320696E636881
:1015C00020756E697473207768656E207265747516
:1015D000726E696E6720616E7920706F73697469CD
:1015E0006F6E20616E6420726174652076616C7527
:1015F000652074686174206973206E6F74206120A7
:1016000073657474696E67732076616C75652E00FE
:10161000496E76657274732074686520636F6E74AA
:10162000726F6C207369676E616C732028616374DC
:10163000697665206C6F77292E5C6E4E4F54453A63
:1016400020426C6F636B2064656C6574652C204F61
:101650007074696F6E616C2073746F702C204553C9
:10166000746F7020616E642050726F626520636FCA
:101670006E6E656374656420617265206F70746955
:101680006F6E616C207369676E616C732C2061767C
:1016900061696C6162696C69747920697320647234
:1016A0006976657220646570656E64656E742E007F
:1016B000496E76657274732074686520636F6F6C11
:1016C000616E7420616E64206D6973742073696744
:1016D0006E616C732028616374697665206C6F7726
:1016E000292E0000496E7665727473207468652037
:1016F0007370696E646C65206F6E2C20636F756EFD
:10170000746572636C6F636B7769736520616E6477
:101710002050574D207369676E616C732028616398
:1017200074697665206C6F77292E000044697361B7
:10173000626C652074686520636F6E74726F6C20D4
:101740007369676E616C732070756C6C7570207254
:1017500065736973746F72732E20506F74656E7445
:1017600069616C6C7920656E61626C65732070755F
:101770006C6C646F776E207265736973746F72201E
:10178000696620617661696C61626C652E5C6E4E83
:101790004F54453A20426C6F636B2064656C6574EE
:1017A000652C204F7074696F6E616C2073746F705C
:1017B00020616E64204553746F7020617265206FE4
:1017C0007074696F6E616C207369676E616C732CE5
:1017D00020617661696C6162696C697479206973F2
:1017E0002064726976657220646570656E64656EEA
:1017F000742E000044697361626C65207468652012
:101800006C696D6974207369676E616C73207075A3
:101810006C6C7570207265736973746F72732E20AF
:10182000506F74656E7469616C6C7920656E61626D
:101830006C65732070756C6C646F776E2072657365
:101840006973746F727320696620617661696C6177
:10185000626C652E0000000044697361626C652053
:101860007468652070726F6265207369676E616C61
:101870002070756C6C7570207265736973746F720B
:101880002873292E20506F74656E7469616C6C79B1
:1018900020656E61626C65732070756C6C646F7727
:1018A0006E207265736973746F722873292069667C
:1018B00020617661696C61626C652E00456E6162C3
:1018C0006C657320736F6674206C696D6974732026
:1018D000636865636B732077697468696E206D61F6
:1018E0006368696E652074726176656C20616E64F0
:1018F000207365747320616C61726D207768656E0A
:101900002065786365656465642E2052657175692C
:1019100072657320686F6D696E672E005768656E1B
:1019200020656E61626C656420696D6D65646961D6
:1019300074656C792068616C7473206D6F74696F65
:101940006E20616E64207468726F777320616E2000
:10195000616C61726D207768656E2061206C696DC5
:10196000697420737769746368206973207472697D
:101970006767657265642E20496E207374726963AF
:1019800074206D6F6465206F6E6C7920686F6D696F
:101990006E6720697320706F737369626C6520775E
:1019A00068656E20612073776974636820697320AD
:1019B000656E67616765642E00000000456E6162B8
:1019C0006C657320686F6D696E67206379636C6501
:1019D0002E205265717569726573206C696D69742A
:1019E000207377697463686573206F6E2061786512
:1019F0007320746F206265206175746F6D61746906
:101A000063616C6C7920686F6D65642E5C6E5C6ED2
:101A10005768656E2060456E61626C652073696E03
:101A2000676C65206178697320636F6D6D616E64AA
:101A3000736020697320636865636B65642C207331
:101A4000696E676C65206178697320686F6D696E77
:101A5000672063616E20626520706572666F726DCB
:101A600065642062792024483C61786973206C6544
:101A7000747465723E20636F6D6D616E64732E5C6D
:101A80006E5C6E5768656E2060416C6C6F77206D80
:101A9000616E75616C6020697320636865636B6556
:101AA000642C2061786573206E6F7420686F6D659B
:101AB00064206175746F6D61746963616C6C792009
:101AC0006D617920626520686F6D6564206D616E5F
:101AD00075616C6C79206279202448206F72202413
:101AE000483C61786973206C65747465723E20634C
:101AF0006F6D6D616E64732E5C6E5C6E604F7665AB
:101B00007272696465206C6F636B73602069732007
:101B1000666F7220616C6C6F77696E6720612073ED
:101B20006F667420726573657420746F20646973C6
:101B300061626C652060486F6D696E67206F6E2012
:101B40007374617274757020726571756972656401
:101B5000602E0000486F6D696E6720736561726367
:101B600068657320666F722061207377697463689B
:101B700020696E2074686520706F7369746976657A
:101B800020646972656374696F6E2E2053657420DA
:101B9000617869732062697420746F207365617263
:101BA000636820696E206E6567617469766520647C
:101BB0006972656374696F6E2E0000004665656426
:101BC000207261746520746F20736C6F776C79205C
:101BD000656E67616765206C696D697420737769EC
:101BE00074636820746F2064657465726D696E65D6
:101BF00020697473206C6F636174696F6E20616318
:101C00006375726174656C792E0000005365656BB5
:101C1000207261746520746F20717569636B6C79D3
:101C20002066696E6420746865206C696D69742033
:101C3000737769746368206265666F726520746883
:101C40006520736C6F776572206C6F636174696E69
:101C5000672070686173652E00000000536574731F
:101C600020612073686F72742064656C61792062F2
:101C700065747765656E20706861736573206F6643
:101C800020686F6D696E67206379636C6520746F7F
:101C9000206C6574206120737769746368206465C3
:101CA000626F756E63652E00526574726163742095
:101CB00064697374616E6365206166746572207413
:101CC000726967676572696E6720737769746368A4
:101CD00020746F20646973656E676167652069743D
:101CE0002E20486F6D696E672077696C6C20666185
:101CF000696C206966207377697463682069736E04
:101D0000277420636C65617265642E004737332049
:101D1000726574726163742064697374616E636563
:101D20002028666F72206368697020627265616B3B
:101D3000696E67206472696C6C696E67292E000099
:101D4000537465702070756C73652064656C61797F
:101D50002E5C6E5C6E5768656E20736574203E2045
:101D60003020616E64206C657373207468616E202E
:101D700032207468652076616C7565206973207205
:101D80006F756E64656420757020746F2032206DED
:101D90006963726F7365636F6E64732E0000000079
:101DA0004D6178696D756D207370696E646C652026
:101DB00073706565642C2063616E206265206F76A8
:101DC000657272696464656E206279207370696EF1
:101DD000646C6520706C7567696E732E000000007E
:101DE0004D696E696D756D207370696E646C6520E8
:101DF00073706565642C2063616E206265206F7668
:101E0000657272696464656E206279207370696EB0
:101E1000646C6520706C7567696E732E5C6E5C6EA9
:101E20005768656E20736574203E2030202433355A
:101E3000202850574D206D696E2076616C7565299C
:101E4000206D6179206861766520746F206265205D
:101E500073657420746F20676574207468652063EF
:101E60006F6E666967757265642052504D2E000072
:101E70004C61736572206D6F64653A20636F6E7399
:101E8000656375746976652047312F322F3320637F
:101E90006F6D6D616E64732077696C6C206E6F740A
:101EA0002068616C74207768656E207370696E6459
:101EB0006C65207370656564206973206368616E6A
:101EC0006765642E5C6E4C61746865206D6F646537
:101ED0003A20616C6C6F777320757365206F662094
:101EE00047372C2047382C2047393620616E642034
:101EF0004739372E000000005370696E646C65200E
:101F000050574D206672657175656E63792E0000BD
:101F10005370696E646C652050574D206F66662063
:101F200076616C756520696E2070657263656E748C
:101F3000202864757479206379636C65292E00000C
:101F40005370696E646C652050574D206D696E202A
:101F500076616C756520696E2070657263656E745C
:101F6000202864757479206379636C65292E0000DC
:101F70005370696E646C652050574D206D617820F8
:101F800076616C756520696E2070657263656E742C
:101F9000202864757479206379636C65292E0000AC
:101FA0005370656369666965732077686963682043
:101FB0007374657070657273206E6F7420746F2017
:101FC00064697361626C65207768656E2073746FF5
:101FD000707065642E0000005370696E646C65203B
:101FE000656E636F6465722070756C7365732070C5
:101FF0006572207265766F6C7574696F6E2E000065
:10200000456E61626C657320226E6F726D616C2229
:102010002070726F63657373696E67206F66203F0F
:102020002C202120616E64207E20636861726163D0
:1020300074657273207768656E2070617274206FAA
:102040006620242D73657474696E67206F72206337
:102050006F6D6D656E742E204966206469736162D0
:102060006C6564207468656E20746865792061729F
:102070006520616464656420746F207468652069FC
:102080006E70757420737472696E6720696E7374F4
:102090006561642E000000004C696D6974206A6FF0
:1020A0006720636F6D6D616E647320746F206D6166
:1020B0006368696E6520776F726B7370616365200A
:1020C000666F7220686F6D656420617865732E009D
:1020D000456E61626C6573207061726B696E67201A
:1020E0006379636C652C2072657175697265732004
:1020F0007061726B696E67206178697320686F6DBB
:1021000065642E00446566696E652077686963685A
:102110002061786973207468617420706572666FDD
:10212000726D7320746865207061726B696E6720D0
:102130006D6F74696F6E2E004E756D626572206FE3
:102140006620686F6D696E67207061737365732EAA
:10215000204D696E696D756D20312C206D61786937
:102160006D756D203132382E0000000041786573A6
:1021700020746F20686F6D6520696E2066697273C8
:102180007420706173732E004178657320746F2022
:10219000686F6D6520696E207365636F6E64207073
:1021A0006173732E000000004178657320746F2006
:1021B000686F6D6520696E20746869726420706153
:1021C00073732E0053746570206A6F6767696E675A
:1021D00020737065656420696E206D696C6C696D33
:1021E000657465727320706572206D696E757465B3
:1021F0002E000000536C6F77206A6F6767696E6707
:1022000020737065656420696E206D696C6C696D02
:10221000657465727320706572206D696E75746582
:102220002E00000046617374206A6F6767696E67ED
:1022300020737065656420696E206D696C6C696DD2
:10224000657465727320706572206D696E75746552
:102250002E0000004A6F672064697374616E6365C5
:1022600020666F722073696E676C65207374657089
:10227000206A6F6767696E672E0000004A6F6720EB
:1022800064697374616E6365206265666F72652050
:102290006175746F6D617469632073746F702E0063
:1022A0005370696E646C652070756C6C2D6F7574FD
:1022B00020616E6420706C756E676520646973744C
:1022C000616E636520696E206D6D2E496E63726567
:1022D0006D656E74616C2064697374616E63652EE4
:1022E000000000005370696E646C652070756C6C42
:1022F0002D6F75742F706C756E676520736C6F77BA
:102300002066656564207261746520696E206D6D5C
:102310002F6D696E2E0000005061726B696E672030
:1023200061786973207461726765742E20496E202C
:102330006D6D2C206173206D616368696E6520632B
:102340006F6F7264696E617465205B2D6D61785F7B
:1023500074726176656C2C20305D2E005061726B5A
:10236000696E672066617374207261746520746F92
:10237000207461726765742061667465722070757F
:102380006C6C2D6F757420696E206D6D2F6D696E8C
:102390002E000000526573746F7265206F7665724F
:1023A000726964657320746F2064656661756C740E
:1023B0002076616C7565732061742070726F67722E
:1023C000616D20656E642E00456E61626C652074DF
:1023D0006869732069662069742069732064657375
:1023E000697261626C6520746F206F70656E207415
:1023F00068652073616665747920646F6F722077F9
:1024000068656E20696E2049444C45206D6F646597
:10241000202865672E20666F72206A6F6767696E75
:1024200067292E00456E61626C6520736C6565706E
:10243000206D6F64652E0000416374696F6E7320B8
:1024400074616B656E20647572696E672066656580
:102450006420686F6C6420616E64206F6E2072650A
:1024600073756D652066726F6D20666565642068A2
:102470006F6C642E00000000537461727420696EEA
:1024800020616C61726D206D6F646520616674659A
:1024900072206120636F6C642072657365742E0016
:1024A000416C6C6F772066656564206F766572722B
:1024B00069646520647572696E672070726F626905
:1024C0006E6720616E642F6F72206C696D69742075
:1024D00070726F62696E6720636F6D6D616E647399
:1024E00020746F206D616368696E6520776F726B11
:1024F000737061636520666F7220686F6D6564201C
:10250000617865732E0000005370696E646C6520FD
:1025100073796E6320504944206D617820696E7430
:1025200065677261746F72206572726F722E00003F
:1025300054726176656C207265736F6C7574696F27
:102540006E20696E20737465707320706572206DE3
:10255000696C6C696D657465722E000054726176E9
:10256000656C207265736F6C7574696F6E20696E2F
:10257000207374657073207065722064656772657E
:10258000652E00004D6178696D756D20726174650E
:102590002E2055736564206173204730207261706E
:1025A000696420726174652E0000000041636365F8
:1025B0006C65726174696F6E2E2055736564206658
:1025C0006F72206D6F74696F6E20706C616E6E69D2
:1025D0006E6720746F206E6F742065786365656424
:1025E000206D6F746F7220746F7271756520616EEB
:1025F00064206C6F73652073746570732E00000027
:102600004D6178696D756D206178697320747261B0
:1026100076656C2064697374616E63652066726FA1
:102620006D20686F6D696E67207377697463682EBB
:102630002044657465726D696E65732076616C699E
:1026400064206D616368696E6520737061636520E5
:10265000666F7220736F66742D6C696D6974732078
:10266000616E6420686F6D696E6720736561726367
:10267000682064697374616E6365732E00000000E6
:102680004F6666736574206265747765656E207346
:102690006964657320746F20636F6D70656E73611C
:1026A000746520666F7220686F6D696E672073773E
:1026B00069746368657320696E61636375726163D1
:1026C0006965732E000000005370696E646C6520AC
:1026D000617420737065656420746F6C6572616EDF
:1026E00063652061732070657263656E74616765F0
:1026F00020646576696174696F6E2066726F6D2003
:1027000070726F6772616D6D65642073706565646A
:102710002C2073657420746F203020746F206469DE
:102720007361626C652E5C6E4966206E6F742077F3
:10273000697468696E20746F6C6572616E63652080
:1027400061667465722074696D656F757420736558
:1027500074206279207370696E646C65206F6E20DE
:1027600064656C61792028243339342920616C61D7
:10277000726D203134206973207261697365642E33
:102780005C6E4E4F54453A2069662074686520732C
:1027900070696E646C65206F6E2064656C61792071
:1027A00069732073657420746F203020746865200D
:1027B00074696D656F75742064656661756C74739A
:1027C00020746F206F6E65206D696E7574652E00C4
:1027D0004E6F726D616C3A20616C6C6F7773206A1A
:1027E0006F6767696E6720666F72206D616E7561D5
:1027F0006C20746F756368206F66662E2053657455
:10280000206E657720706F736974696F6E206D61DB
:102810006E75616C6C792E5C6E5C6E4D616E75616F
:102820006C20746F756368206F66663A2072617001
:1028300069647320746F20746F6F6C206368616EBD
:10284000676520706F736974696F6E2C207573658E
:10285000206A6F6767696E67206F72202454505733
:1028600020666F7220746F756368206F66662E5CD9
:102870006E5C6E4D616E75616C20746F756368205F
:102880006F66662040204735392E333A20726170DA
:1028900069647320746F20746F6F6C206368616E5D
:1028A000676520706F736974696F6E2C2061667440
:1028B0006572206368616E676520746F20473539E3
:1028C0002E3320706F736974696F6E20666F72208B
:1028D0006D616E75616C20746F756368206F6666DC
:1028E0002E20557365206A6F6767696E67206F7267
:1028F000202454505720666F7220746F75636820CF
:102900006F66662E5C6E5C6E4175746F6D61746986
:102910006320746F756368206F66662040204735BA
:10292000392E333A2072617069647320746F207499
:102930006F6F6C206368616E676520706F73697478
:10294000696F6E2C206166746572206368616E67C2
:102950006520746F204735392E3320706F7369748A
:10296000696F6E20666F72206175746F6D61746936
:102970006320746F756368206F66662E5C6E5C6E94
:10298000446570656E64696E67206F6E2073657450
:1029900074696E67732074686520746F6F6C20288B
:1029A000636F6E74726F6C6C656420706F696E74A7
:1029B000292077696C6C206265206D6F76656420D4
:1029C0006261636B20746F2074686520746F206F80
:1029D000726967696E616C20706F736974696F6E7C
:1029E00020616674657220746F756368206F666617
:1029F0002E2022746F6F6C206368616E6765207093
:102A00006F736974696F6E222069732065697468D9
:102A1000657220746F6F6C206178697320686F6DC8
:102A2000652C204735392E33206F722047333020F4
:102A3000706F736974696F6E20646570656E646928
:102A40006E67206F6E2073657474696E67732E00F5
:102A50004D6178696D756D2070726F62696E672067
:102A600064697374616E636520666F72206175744A
:102A70006F6D61746963206F722024545057207405
:102A80006F756368206F66662E000000466565649A
:102A9000207261746520746F20736C6F776C79207D
:102AA000656E6761676520746F6F6C206368616E27
:102AB00067652073656E736F7220746F2064657430
:102AC00065726D696E652074686520746F6F6C2027
:102AD0006F66667365742061636375726174656C9B
:102AE000792E00005365656B207261746520746FE8
:102AF00020717569636B6C792066696E64207468F7
:102B00006520746F6F6C206368616E676520736504
:102B10006E736F72206265666F72652074686520DF
:102B2000736C6F776572206C6F636174696E672078
:102B300070686173652E000050756C6C2D6F666651
:102B4000207261746520666F7220746865207265FA
:102B50007472616374206D6F7665206265666F7252
:102B6000652074686520736C6F776572206C6F6385
:102B70006174696E672070686173652E00000000E3
:102B8000526573746F726520706F736974696F6ECC
:102B9000206166746572204D363A207768656E2034
:102BA00073657420746865207370696E646C652049
:102BB0006973206D6F76656420736F20746861742B
:102BC0002074686520636F6E74726F6C6C6564202E
:102BD000706F696E742028746F6F6C20746970292F
:102BE000206973207468652073616D6520617320AE
:102BF0006265666F726520746865204D3620636F6C
:102C00006D6D616E642C6966206E6F7420746865EA
:102C1000207370696E646C65206973206F6E6C79C7
:102C2000206D6F76656420746F20746865205A206B
:102C3000686F6D6520706F736974696F6E2E5C6E5E
:102C40005C6E4368616E676520746F6F6C206174A1
:102C5000204733303A207768656E207365742072A0
:102C6000617069647320746F207468652047333025
:102C700020706F736974696F6E2076696120746F5C
:102C80006F6C206178697320686F6D652E205265C6
:102C9000717569726573206178657320746F206245
:102CA0006520686F6D65642E5C6E5C6E4661737442
:102CB0002070726F62652070756C6C6F66663A206A
:102CC000757365204733382E34207374796C652012
:102CD00070726F62696E6720666F722066617374CE
:102CE000657220746F756368206F66662E00000041
:102CF0004475616C2061786973206C656E677468D7
:102D0000206661696C20696E2070657263656E74FF
:102D1000206F662061786973206D6178207472611C
:102D200076656C2E000000004475616C2061786946
:102D300073206C656E677468206661696C206D69CC
:102D40006E696D756D2064697374616E63652E00C4
:102D50004475616C2061786973206C656E67746876
:102D6000206661696C206D6178696D756D2064699C
:102D70007374616E63652E0044697361626C657380
:102D800020736176652F726573746F7265206F664C
:102D900020473932206F666673657420746F206E29
:102DA0006F6E2D766F6C6174696C652073746F72D1
:102DB00061676520284E5653292E000044656C61DA
:102DC0007920746F20616C6C6F77207370696E640A
:102DD0006C6520746F207370696E20757020616659
:102DE0007465722073616665747920646F6F7220F8
:102DF0006973206F70656E65642E000044656C61B8
:102E00007920746F20616C6C6F7720636F6F6C61D9
:102E10006E7420746F2072657374617274206166C1
:102E20007465722073616665747920646F6F7220B7
:102E30006973206F70656E65642E000044656C6177
:102E40007920746F20616C6C6F77207370696E6489
:102E50006C6520746F207370696E2075702E203041
:102E6000206F7220302E35202D203230735C6E4959
:102E700066207370696E646C6520737570706F7214
:102E800074732022617420737065656422206675F6
:102E90006E6374696F6E616C6974792069742069FE
:102EA00073207468652074696D6520746F20776184
:102EB0006974206265666F726520616C61726D2055
:102EC0003134206973207261697365642E000000DB
:102ED0005370696E646C652073656C6563746564BA
:102EE000206F6E20737461727475702E0000000084
:102EF0004E756D626572206F6620626C6F636B73D6
:102F000020696E2074686520706C616E6E65722039
:102F10006275666665722E00496E74657276616CC4
:102F200020746865207265616C2074696D6520721B
:102F300065706F72742077696C6C206265207365B0
:102F40006E742C2073657420746F203020746F2091
:102F500064697361626C652E000000004F666673E1
:102F6000657420696E20686F7572732066726F6D6C
:102F7000205554432E000000496620736574207567
:102F80006E6C6F636B202862792073656E64696E66
:102F900067202458292069732072657175697265EC
:102FA0006420616674657220726573657474696EFD
:102FB00067206120636C656172656420452D5374E0
:102FC0006F7020636F6E646974696F6E2E0000000D
:102FD0004C6F636B20636F6F7264696E6174652000
:102FE00073797374656D7320616761696E737420A2
:102FF0006163636964656E74616C206368616E67A8
:1030000065732E0044656C617920746F20616C6C6F
:103010006F77207370696E646C6520746F207370B5
:10302000696E20646F776E2E2030206F7220302EF4
:1030300035202D203230735C6E4966207370696EC6
:10304000646C6520737570706F7274732022617484
:10305000207370656564222066756E6374696F6E97
:10306000616C6974792069742069732074686520C3
:1030700074696D6520746F2077616974206265667C
:103080006F726520616C61726D203134206973202C
:103090007261697365642E00537065636966696562
:1030A00073207768696368207370696E646C65204B
:1030B0006861732074686520656E636F6465722053
:1030C00061747461636865642E0000004175746FFB
:1030D000206D6F756E742053442063617264206F9D
:1030E0006E20737461727475702E0000496E76657F
:1030F00072747320746865206178697320686F6DDD
:103100006520696E707574207369676E616C732ECB
:103110000000000044656C617920746F20616C6C64
:103120006F7720636F6F6C616E7420746F2073749F
:103130006172742E2030206F7220302E35202D20A9
:103140003230732E00000000436F6E74726F6C7328
:1031500020616374696F6E732074616B656E206F9C
:103160006E206120736F66742072657365742E0023
:1031700044656C61792066726F6D20737465707040
:10318000657220656E61626C6520746F206669727D
:1031900073742073746570206F75747075742E204D
:1031A0005468652064726976657220747970696309
:1031B000616C6C792061646473207E326D7320745D
:1031C0006F20746869732E00537465702070756C7D
:1031D00073652074696D65006D6963726F736563F3
:1031E0006F6E647300000000537465702069646C36
:1031F000652064656C6179006D696C6C69736563E9
:103200006F6E64730000000023232323300000004E
:103210003635353335000000537465702070756C99
:10322000736520696E766572740000005374657072
:1032300020646972656374696F6E20696E76657269
:1032400074000000496E7665727420737465707046
:10325000657220656E61626C65206F75747075743F
:1032600028732900496E76657274206C696D6974E3
:1032700020696E7075747300496E76657274207083
:10328000726F626520696E70757473004465707248
:10329000656361746564000047616E676564206101
:1032A00078657320646972656374696F6E20696EF6
:1032B000766572740000000050574D207370696E7F
:1032C000646C65206F7074696F6E7300456E616227
:1032D0006C652C52504D20636F6E74726F6C73204E
:1032E0007370696E646C6520656E61626C652073D5
:1032F00069676E616C2C44697361626C65206C61F6
:10330000736572206D6F6465206361706162696CC2
:1033100069747900537461747573207265706F728B
:1033200074206F7074696F6E73000000506F736962
:1033300074696F6E20696E206D616368696E6520C7
:10334000636F6F7264696E6174652C427566666541
:10335000722073746174652C4C696E65206E756D96
:10336000626572732C4665656420262073706565FE
:10337000642C50696E2073746174652C576F726B86
:1033800020636F6F7264696E617465206F66667327
:1033900065742C4F76657272696465732C50726F18
:1033A000626520636F6F7264696E617465732C422D
:1033B00075666665722073796E63206F6E20574361
:1033C0004F206368616E67652C506172736572206F
:1033D00073746174652C416C61726D2073756273D6
:1033E00074617475732C52756E2073756273746199
:1033F0007475732C456E61626C65207768656E200C
:10340000686F6D696E6700004A756E6374696F6EF0
:1034100020646576696174696F6E00006D6D0000EF
:103420002323232323302E303030000041726320C9
:10343000746F6C6572616E63650000005265706F39
:10344000727420696E20696E636865730000000005
:10345000496E7665727420636F6E74726F6C20694A
:103460006E70757473000000496E76657274206327
:103470006F6F6C616E74206F75747075747300007B
:10348000496E76657274207370696E646C65207322
:1034900069676E616C73000050756C6C75702064A8
:1034A000697361626C6520636F6E74726F6C206902
:1034B0006E7075747300000050756C6C75702064CC
:1034C000697361626C65206C696D697420696E70E6
:1034D0007574730050756C6C7570206469736162EB
:1034E0006C652070726F626520696E707574730010
:1034F000536F6674206C696D69747320656E6162C8
:103500006C65000048617264206C696D6974732099
:10351000656E61626C650000456E61626C652C537E
:103520007472696374206D6F64650000486F6D6923
:103530006E67206379636C6500000000486F6D69F9
:103540006E6720646972656374696F6E20696E7658
:1035500065727400486F6D696E67206C6F6361748B
:103560006520666565642072617465006D6D2F6D00
:10357000696E00002323232323302E300000000037
:10358000486F6D696E67207365617263682073654B
:10359000656B207261746500486F6D696E6720739A
:1035A0007769746368206465626F756E6365206413
:1035B000656C61790000000023233000486F6D695D
:1035C0006E67207377697463682070756C6C2D6FFB
:1035D00066662064697374616E63650047373320E3
:1035E000526574726163742064697374616E63659B
:1035F0000000000050756C73652064656C61790093
:103600004D6178696D756D207370696E646C6520AD
:10361000737065656400000052504D004D696E691D
:103620006D756D207370696E646C6520737065656F
:10363000640000004D6F6465206F66206F706572D6
:103640006174696F6E0000004E6F726D616C2C4C7E
:1036500061736572206D6F64652C4C6174686520C0
:103660006D6F6465000000005370696E646C6520C6
:1036700050574D206672657175656E637900000064
:10368000487A000023232323233000005370696EFF
:10369000646C652050574D206F66662076616C75AE
:1036A0006500000070657263656E74002323302E20
:1036B00030000000313030005370696E646C65205A
:1036C00050574D206D696E2076616C756500000065
:1036D0005370696E646C652050574D206D61782081
:1036E00076616C7565000000537465707065727367
:1036F00020746F206B65657020656E61626C656417
:10370000000000005370696E646C652070756C7306
:10371000657320706572207265766F6C7574696F61
:103720006E2028505052290023232330000000002F
:10373000456E61626C65206C6567616379205254E7
:1037400020636F6D6D616E64730000004C696D697C
:1037500074206A6F6720636F6D6D616E6473000023
:103760005061726B696E67206379636C650000005D
:10377000456E61626C652C456E61626C652070619E
:10378000726B696E67206F7665727269646520631B
:103790006F6E74726F6C2C446561637469766174CA
:1037A000652075706F6E20696E6974005061726B70
:1037B000696E67206178697300000000582C592CED
:1037C0005A000000486F6D696E6720706173736501
:1037D00073000000313238004178657320686F6DE6
:1037E000696E672C20666972737420706173730050
:1037F0004178657320686F6D696E672C207365630F
:103800006F6E64207061737300000000417865730F
:1038100020686F6D696E672C20746869726420700F
:10382000617373005061726B696E672070756C6CA8
:103830002D6F75742064697374616E636500000098
:10384000232323302E3000005061726B696E672095
:1038500070756C6C2D6F757420726174650000005A
:103860005061726B696E67207461726765740000E5
:103870002D232323302E30002D31303030303000D6
:103880005061726B696E6720666173742072617437
:1038900065000000526573746F7265206F76657203
:1038A0007269646573000000536166657479206411
:1038B0006F6F72206F7074696F6E730049676E6FFF
:1038C0007265207768656E2069646C652C4B656550
:1038D0007020636F6F6C616E742073746174652007
:1038E0006F6E206F70656E00536C65657020656E3D
:1038F00061626C65000000004665656420686F6C5D
:103900006420616374696F6E7300000044697361C1
:10391000626C65206C6173657220647572696E6794
:1039200020686F6C642C526573746F7265207370BD
:10393000696E646C6520616E6420636F6F6C616E8C
:1039400074207374617465206F6E20726573756D79
:1039500065000000466F72636520696E69742061BE
:103960006C61726D0000000050726F62696E6720BA
:103970006F7074696F6E73005370696E646C65204C
:1039800073796E6320502D6761696E0023232330A5
:103990002E303030000000005370696E646C65207A
:1039A00073796E6320492D6761696E005370696E8B
:1039B000646C652073796E6320442D6761696E00C5
:1039C0005370696E646C652073796E63205049444E
:1039D000206D61782049206572726F7200000000CE
:1039E0002D617869732074726176656C20726573DD
:1039F0006F6C7574696F6E002323232323302E3080
:103A000030302323000000002D61786973206D6140
:103A100078696D756D207261746500002D6178693B
:103A20007320616363656C65726174696F6E000019
:103A30002D61786973206D6178696D756D20747280
:103A40006176656C000000002D61786973206475F3
:103A5000616C2061786973206F666673657400001D
:103A60002D302E30303000002D3130002D6178693E
:103A70007320686F6D696E67206C6F636174652079
:103A80006665656420726174650000002D61786967
:103A90007320686F6D696E6720736561726368205B
:103AA0007365656B20726174650000005370696E08
:103AB000646C6520617420737065656420746F6C3C
:103AC0006572616E63650000546F6F6C206368619E
:103AD0006E6765206D6F6465000000004E6F726D4B
:103AE000616C2C4D616E75616C20746F756368201C
:103AF0006F66662C4D616E75616C20746F756368BE
:103B0000206F66662040204735392E332C4175746E
:103B10006F6D6174696320746F756368206F66668A
:103B20002040204735392E332C49676E6F7265204F
:103B30004D360000546F6F6C206368616E676520BE
:103B400070726F62696E672064697374616E636519
:103B500000000000546F6F6C206368616E67652021
:103B60006C6F63617465206665656420726174655D
:103B700000000000546F6F6C206368616E67652001
:103B8000736561726368207365656B20726174652B
:103B900000000000546F6F6C206368616E676520E1
:103BA00070726F62652070756C6C2D6F6666207226
:103BB00061746500546F6F6C206368616E67652087
:103BC0006F7074696F6E7300526573746F726520E5
:103BD000706F736974696F6E206166746572204DD1
:103BE000362C4368616E676520746F6F6C2061745A
:103BF000204733302C466173742070726F626520E9
:103C000070756C6C206F6666000000004475616C16
:103C10002061786973206C656E67746820666169DD
:103C20006C0000004475616C2061786973206C65DC
:103C30006E677468206661696C206D696E000000B3
:103C40004475616C2061786973206C656E67746877
:103C5000206661696C206D617800000044697361C1
:103C6000626C6520473932207065727369737465C0
:103C70006E6365005370696E646C65206F6E2064BE
:103C8000656C617900000000302E3500436F6F6C69
:103C9000616E74206F6E2064656C617900000000B5
:103CA00044656661756C74207370696E646C650040
:103CB000506C616E6E657220627566666572206218
:103CC0006C6F636B730000003330000031303030B4
:103CD000000000004175746F7265706F7274206926
:103CE0006E74657276616C006D730000556E6C6F5A
:103CF000636B2072657175697265642061667465B5
:103D00007220452D53746F70000000004B65657084
:103D100020746F6F6C206E756D626572206F7665B2
:103D200072207265626F6F74000000004C6F636BED
:103D300020636F6F7264696E617465207379737448
:103D4000656D73004735392E312C4735392E322CAD
:103D50004735392E33000000456E636F646572206D
:103D60007370696E646C65005370696E646C652075
:103D70006F66662064656C617900000046696C6559
:103D80002073797374656D73206F7074696F6E73CF
:103D900000000000496E7665727420686F6D6520C2
:103DA000696E7075747300004D6F746F7220776167
:103DB000726E696E6720696E7075747320656E61CE
:103DC000626C6500496E76657274206D6F746F72F7
:103DD000207761726E696E6720696E70757473000A
:103DE0004D6F746F72206661756C7420696E7075AA
:103DF000747320656E61626C65000000496E7665C3
:103E00007274206D6F746F72206661756C742069B6
:103E10006E70757473000000526573657420616381
:103E200074696F6E73000000436C65617220686F87
:103E30006D65642073746174757320696620706F9A
:103E4000736974696F6E20776173206C6F73742C63
:103E5000436C656172206F666673657473202865B4
:103E60007863657074204739322900005374657097
:103E700070657220656E61626C652064656C617945
:103E80000000000032353000526F6F7400000000F7
:103E900047656E6572616C00436F6E74726F6C2063
:103EA0007369676E616C73004C696D6974730000AF
:103EB0004475616C2061786973000000436F6F6C1A
:103EC000616E74005370696E646C65005370696E46
:103ED000646C652073796E6300000000546F6F6C32
:103EE000206368616E676500486F6D696E670000EA
:103EF00050726F62696E6700536166657479206401
:103F00006F6F72004A6F6767696E67005374657000
:103F100070657200537465707065722064726976A2
:103F2000657200004178697300000000582D6178C7
:103F300069730000592D6178697300005A2D61780A
:103F4000697300006F757470757420737465707098
:103F5000657220647269766572207374617475731A
:103F600000000000656E756D657261746520706992
:103F70006E2062696E64696E67730000746F6767B4
:103F80006C6520626C6F636B2064656C6574652082
:103F90007377697463680000746F67676C65206F7E
:103FA0007074696F6E616C2073746F7020737769C1
:103FB00074636820284D312900000000746F676722
:103FC0006C652073696E676C6520737465707069C9
:103FD0006E6720737769746368000000245253543D
:103FE0003D2A202D20726573746F72652F72657380
:103FF000657420616C6C2073657474696E67732ED0
:104000000D0A0000245253543D24202D2072657364
:10401000746F72652064656661756C742073657475
:1040200074696E67732E0D0A000000002452535409
:104030003D26202D20726573746F7265206472694D
:1040400076657220616E6420706C7567696E20649D
:10405000656661756C742073657474696E67732E20
:104060000D0A0000245253543D23202D2072657305
:104070006574206F66667365747320616E64207466
:104080006F6F6C20646174612E0D0A0024525354CA
:104090003D23202D207265736574206F66667365FD
:1040A00074732E0D0A0000007C000000245254435B
:1040B000202D206F75747075742063757272656E33
:1040C000742074696D652E0D0A000000245254435B
:1040D0003D3C49534F383630312064617465746912
:1040E0006D653E202D207365742063757272656E58
:1040F000742074696D652E0D0A0000002448202D7F
:1041000020686F6D6520636F6E66696775726564A0
:1041100020617865732E0D0A0000000024483C6180
:104120007869736C65747465723E202D20686F6DBC
:10413000652073696E676C6520617869732E0D0A5E
:1041400000000000245352202D20726573657420F6
:104150007370696E646C6520656E636F6465722050
:10416000646174612E0D0A00245344202D206F7564
:1041700074707574207370696E646C6520656E630D
:104180006F64657220646174612E0D0A0000000086
:10419000202D200048454C50000000006F757470C1
:1041A0007574207061727365722073746174650038
:1041B0004A000000244A3D3C67636F64653E202D41
:1041C000206A6F67206D616368696E65000000009A
:1041D000230000006F7574707574206F66667365D8
:1041E00074732C20746F6F6C207461626C652C206A
:1041F00070726F62696E6720616E6420686F6D65B2
:1042000020706F736974696F6E0D0A24233D3C6ED4
:104210003E202D206F75747075742076616C756505
:1042200020666F7220706172616D65746572203CEA
:104230006E3E000024000000243C6E3E202D206FC6
:1042400075747075742073657474696E67203C6E44
:104250003E2076616C75650D0A243C6E3E3D3C76D1
:10426000616C75653E202D2061737369676E203C1B
:1042700076616C75653E20746F2073657474696E29
:104280006773203C6E3E0D0A2424202D206F757428
:1042900070757420616C6C2073657474696E67202E
:1042A00076616C7565730D0A24243D3C6E3E202DAD
:1042B000206F75747075742073657474696E6720EF
:1042C00064657461696C7320666F722073657474C1
:1042D000696E67203C6E3E002B0000006F757470A5
:1042E000757420616C6C2073657474696E672076D8
:1042F000616C7565730000005345440024534544C8
:104300003D3C6E3E202D206F757470757420736572
:104310007474696E6773206465736372697074691D
:104320006F6E20666F722073657474696E67203CCF
:104330006E3E0000530000004F000000656E616299
:104340006C6520636865636B206D6F64652C203C31
:1043500052657365743E20746F206578697400003F
:10436000756E6C6F636B206D616368696E650000CC
:104370004858000048590000485A0000485353006C
:104380007265706F727420686F6D696E67207377E5
:1043900069746368657320737461747573000000D9
:1043A0002448454C50202D206F757470757420681A
:1043B000656C7020746F706963730D0A2448454CF6
:1043C00050203C746F7069633E202D206F757470AF
:1043D00075742068656C7020666F72203C746F7015
:1043E00069633E005350494E444C45530000000061
:1043F000656E756D6572617465207370696E646C4D
:1044000065732C2068756D616E20726561646162F0
:104410006C6500005350494E444C45534800000021
:10442000656E756D6572617465207370696E646C1C
:1044300065732C206D616368696E652072656164C7
:1044400061626C6500000000534C5000656E74653D
:104450007220736C656570206D6F646500000000EC
:10446000544C520073657420746F6F6C206F6666D5
:10447000736574207265666572656E636500000021
:104480005450570070726F626520746F6F6C2070AB
:104490006C61746500000000490000006F75747065
:1044A00075742073797374656D20696E666F726DB3
:1044B0006174696F6E0D0A24493D3C737472696EB4
:1044C000673E202D20736574206275696C642069D5
:1044D0006E666F20737472696E670000492B00006E
:1044E0006F757470757420657874656E646564208A
:1044F00073797374656D20696E666F726D6174692E
:104500006F6E0000525354004E0000006F757470BF
:1045100075742073746172747570206C696E657344
:10452000000000004E3000004E303D3C67636F6479
:10453000653E202D207365742073746172747570EC
:10454000206C696E652030004E3100004E313D3CDC
:1045500067636F64653E202D2073657420737461FA
:1045600072747570206C696E6520310045410000E1
:10457000656E756D657261746520616C61726D73D5
:104580000000000045414700656E756D65726174FD
:104590006520616C61726D732C204772626C2066BD
:1045A0006F726D6174746564000000004545000021
:1045B000656E756D65726174652073746174757371
:1045C00020636F646573000045454700656E756D37
:1045D00065726174652073746174757320636F64B0
:1045E00065732C204772626C20666F726D61747403
:1045F0006564000045470000656E756D6572617405
:10460000652073657474696E672067726F75707367
:104610000000000045530000656E756D65726174A1
:10462000652073657474696E6773000045534700B5
:10463000656E756D65726174652073657474696EFD
:1046400067732C204772626C20666F726D617474A0
:104650006564000045534800656E756D6572617450
:10466000652073657474696E67732C206772626C61
:1046700048414C20666F726D61747465640000007F
:10468000452A0000656E756D657261746520616C08
:1046900061726D732C2073746174757320636F6421
:1046A000657320616E642073657474696E6773004E
:1046B00050494E530000000050494E535441544558
:1046C000000000004C4556006F7574707574206CC6
:1046D00061737420636F6E74726F6C207369676EA0
:1046E000616C206576656E74730000004C494D0066
:1046F0006F75747075742063757272656E74206C5A
:10470000696D69742070696E730000005344000085
:1047100053520000534453005254430044574E47F1
:1047200052440000746F67676C6520736574746928
:104730006E6720666C61677320666F7220646F77A6
:104740006E677261646500000D0A4772626C4841D1
:104750004C20312E3166205B272427206F722027C2
:104760002448454C502720666F722068656C705D48
:104770000D0A00005B484C503A24242024232024B6
:104780004720244920244E2024783D76616C202443
:104790004E783D6C696E6520244A3D6C696E6520DB
:1047A00024534C50202443202458202448202442C1
:1047B000207E2021203F206374726C2D785D0D0ACD
:1047C00000000000220000002D0000005B53504953
:1047D0004E444C453A000000414C41524D3A0000D5
:1047E0004E2F410020202020000000002028000043
:1047F0000D0A0D0A5265626F6F74207265717569DA
:104800007265642E000000002C207265626F6F7468
:104810002072657175697265640000005C6E5C6E83
:104820004E4F54453A20412068617264207265738E
:104830006574206F662074686520636F6E74726F94
:104840006C6C65722069732072657175697265643C
:10485000206166746572206368616E67696E6720A7
:10486000746869732073657474696E672E00000044
:104870000D0A240020617320617869736D61736B88
:104880000000000020617320626F6F6C65616E0034
:10489000206173206269746669656C643A00000087
:1048A000206173206269746669656C64207768654D
:1048B00072652073657474696E6720626974203054
:1048C00020656E61626C6573207468652072657323
:1048D000743A00002061732049502061646472655D
:1048E0007373000020696E20000000002C207261AC
:1048F0006E67653A200000002C206D696E3A20003A
:104900002C206D61783A20005C6E00000D0A0D0AC3
:10491000000000005B53455454494E473A000000E4
:104920005D000000222C000009000000696E746523
:1049300067657200666C6F6174000000626F6F6C77
:10494000000000006269746669656C640000000024
:10495000786269746669656C6400000072616469FC
:104960006F627574746F6E73000000006970763446
:104970000000000070617373776F726400000000C4
:10498000617865730000000022242D436F64652266
:104990002C222053657474696E67222C2220556E78
:1049A000697473222C222053657474696E672044E5
:1049B00065736372697074696F6E220D0A0000007E
:1049C000242D436F64650953657474696E670955D6
:1049D0006E69747309446174617479706509446126
:1049E000746120666F726D61740953657474696EC9
:1049F00067204465736372697074696F6E094D69ED
:104A00006E094D61780D0A000D0A2D2D2D2D200007
:104A10003A0D0A005B50494E3A0000003D0000008C
:104A20003D4E2F410D0A00006F6B0D0A0000000083
:104A30006572726F723A00005B53455454494E4799
:104A400047524F55503A00005B4D53473A00000023
:104A5000496E666F3A2000005761726E696E673A60
:104A6000200000004572726F723A20004465627542
:104A7000673A20005B414C41524D434F44453A0058
:104A80005B4552524F52434F44453A005B504C55A0
:104A900047494E3A00000000207600005B50524229
:104AA0003A0000005B484F4D453A00005B544C4FC4
:104AB0003A0000005B504152414D3A003D4E2F41BB
:104AC000000000005B4735313A0000005B47000002
:104AD00039323A00323800005B543A005B544C5291
:104AE0003A00000020473700204738002047323086
:104AF000000000002047323100000000204739311B
:104B000000000000204739300000000020473937FE
:104B10000000000020473936000000002E31000060
:104B20002E32000020473939000000002047393874
:104B3000000000005B47433A4700000033382E0076
:104B40002047393200000000204700002047343958
:104B500000000000204734330000000020473531BA
:104B60003A0000002047353000000000204D3000A2
:104B7000204D3100204D3200204D33300000000028
:104B8000204D363000000000204D3800204D390007
:104B9000204D353000000000204D35310000000070
:104BA000204D353300000000204D35360000000058
:104BB000205400002046000020530000244E000036
:104BC0003E0000002B2C00002D2C00004154433DE2
:104BD000302C000054432C004154433D312C000044
:104BE000454550524F4D0000464C4153480000008F
:104BF0004652414D000000005B5645523A312E317D
:104C0000662E00005B4F50543A0000005B41585341
:104C10003A0000005B4E45574F50543A454E554DB3
:104C2000532C525400000000484F4D452C0000000A
:104C30004E4F50524F42452C0000000050524F4200
:104C400045533D0050432C004F532C0042442C0050
:104C500045532C004D50472C000000004C41544857
:104C6000452C00005050492C000000005245424F96
:104C70004F542C0053532C005345442C000000008B
:104C80005254432C0000000043414E2C0000000011
:104C90005B4649524D574152453A6772626C4841F2
:104CA0004C5D0D0A000000005B5349474E414C53D8
:104CB0003A0000005B4E56532053544F5241474533
:104CC0003A0000002A0000004B0000005B465245FD
:104CD00045204D454D4F52593A0000004B5D0D0A9D
:104CE000000000005B4452495645523A0000000063
:104CF0005B4452495645522056455253494F4E3A0D
:104D0000000000005B445249564552204F50544920
:104D10004F4E533A000000005B424F4152443A006C
:104D20005B4D4158205354455020524154453A0060
:104D300020487A5D0D0A00007C4D506F733A0000E8
:104D40007C57506F733A00007C41523A00000000DB
:104D50007C4152007C4D50473A3100007C4D504719
:104D60003A3000007C443A31000000007C443A3084
:104D7000000000003C00000049646C650000000079
:104D800052756E003A320000486F6C643A000000C1
:104D90004A6F6700486F6D6500000000416C6172EA
:104DA0006D3A0000416C61726D00000043686563FC
:104DB0006B000000446F6F723A000000536C656531
:104DC00070000000546F6F6C000000007C42663A77
:104DD000000000007C4C6E3A000000007C46533A14
:104DE000000000007C463A007C506E3A0000000053
:104DF0007C57434F3A0000007C5743533A00000071
:104E00007C4F763A000000007C53633A00000000BB
:104E10007C483A007C543A007C503A007C544C5216
:104E20003A0000007C496E3A000000007C496E3A6E
:104E30002D3100007C46573A6772626C48414C0045
:104E40007C24433A310000003E0D0A005B53455478
:104E500054494E4744455343523A000022416C6145
:104E6000726D20436F646520696E2076312E312B80
:104E7000222C2220416C61726D204D657373616735
:104E80006520696E2076312E302D222C2220416C37
:104E900061726D204465736372697074696F6E220C
:104EA0000D0A0000224572726F7220436F64652004
:104EB000696E2076312E312B222C224572726F7250
:104EC000204D65737361676520696E2076312E30E1
:104ED0002D222C224572726F7220446573637269B1
:104EE0007074696F6E220D0A0000000048656C70D6
:104EF00020746F706963733A0D0A000020436F6D70
:104F00006D616E64730D0A002053657474696E6779
:104F1000730D0A00434F4D4D414E445300000000B5
:104F200053455454494E4753000000000D0A4E2F7C
:104F3000410D0A005B4C4153544556454E54533A7B
:104F4000000000005B4C494D4954533A00000000FA
:104F50003A4800003A4C00005B484F4D45533A0038
:104F60005B5350494E444C45454E434F4445523A9D
:104F7000000000005B5254433A000000540000005F
:104F80004E6F207370696E646C657320726567691B
:104F90007374657265642E0D0A0000005B4D4F54FA
:104FA0004F525741524E494E473A00005B4D4F54C5
:104FB0004F524641554C543A00000000526573650B
:104FC000740000004665656420686F6C6400000032
:104FD0004379636C6520737461727400426C6F6313
:104FE0006B2064656C6574650000000053746F701D
:104FF0002064697361626C6500000000456D657234
:1050000067656E63792073746F70000050726F6211
:105010006520646973636F6E6E65637400000000E1
:105020004D6F746F72206661756C74004D6F746F94
:1050300072207761726E696E670000004C696D695D
:105040007473206F766572726964650053696E6768
:105050006C6520626C6F636B0000000050726F62C1
:1050600065206F76657274726176656C0000000071
:1050700050726F626500000058206D6F746F72206F
:105080006661756C7400000059206D6F746F72203A
:105090006661756C740000005A206D6F746F722029
:1050A0006661756C7400000058206D6F746F72201B
:1050B0006661756C7420320059206D6F746F7220B8
:1050C0006661756C742032005A206D6F746F7220A7
:1050D0006661756C7420320050726F626520320018
:1050E00050726F62652032206F76657274726176DD
:1050F000656C0000546F6F6C7365747465720000AA
:10510000546F6F6C736574746572206F766572741A
:10511000726176656C0000004D5047206D6F6465CC
:105120002073656C6563740058206C696D69742028
:105130006D696E0058206C696D6974206D696E2010
:105140003200000058206C696D6974206D61780030
:105150005820686F6D6500005820686F6D652032BB
:105160000000000059206C696D6974206D696E0043
:1051700059206C696D6974206D696E2032000000E1
:1051800059206C696D6974206D6178005920686FD1
:105190006D6500005920686F6D65203200000000C9
:1051A0005A206C696D6974206D696E005A206C69B3
:1051B0006D6974206D696E20320000005A206C69A0
:1051C0006D6974206D6178005A20686F6D6500000C
:1051D0005A20686F6D652032000000005370696EC0
:1051E000646C6520696E6465780000005370696EB8
:1051F000646C652070756C736500000041757820E3
:10520000696E20300000000041757820696E203101
:105210000000000041757820696E20320000000017
:1052200041757820696E20330000000041757820B8
:10523000696E20340000000041757820696E2035C9
:105240000000000041757820696E203600000000E3
:1052500041757820696E2037000000004175782084
:10526000696E20380000000041757820696E203991
:105270000000000041757820696E20313000000088
:1052800041757820696E2031310000004175782029
:10529000696E20313200000041757820696E20313E
:1052A0003300000041757820696E20313400000021
:1052B00041757820696E20313500000041757820F5
:1052C000696E20313600000041757820696E20310A
:1052D0003700000041757820696E203138000000E9
:1052E00041757820696E20313900000041757820C1
:1052F000696E20323000000041757820696E2032DE
:105300003100000041757820696E203232000000C3
:1053100041757820696E2032330000004175782095
:10532000616E616C6F6720696E2030004175782076
:10533000616E616C6F6720696E2031004175782065
:10534000616E616C6F6720696E2032004175782054
:10535000616E616C6F6720696E2033004175782043
:10536000616E616C6F6720696E2034004175782032
:10537000616E616C6F6720696E2035004175782021
:10538000616E616C6F6720696E2036004175782010
:10539000616E616C6F6720696E20370058207374EE
:1053A0006570000058322073746570005920737462
:1053B0006570000059322073746570005A20737450
:1053C000657000005A32207374657000582064695B
:1053D000720000005832206469720000592064692C
:1053E0007200000059322064697200005A2064691A
:1053F000720000005A3220646972000053746570B4
:1054000070657220706F776572000000537465706C
:105410007065727320656E61626C65005820656E00
:1054200061626C65000000005920656E61626C6508
:10543000000000005A20656E61626C65000000008B
:10544000585920656E61626C650000004D6F746F85
:1054500072204353000000004D6F746F722043535D
:10546000580000004D6F746F7220435359000000C4
:105470004D6F746F722043535A0000004D6F746F6C
:10548000722043534D3300004D6F746F72204353AD
:105490004D3400004D6F746F722043534D35000042
:1054A0004D6F746F722043534D3600004D6F746F13
:1054B000722043534D3700005370696E646C652051
:1054C0006F6E00005370696E646C6520646972656C
:1054D0006374696F6E0000005370696E646C6520C0
:1054E00050574D005370696E646C652032206F6EAA
:1054F000000000005370696E646C6520322064699E
:1055000072656374696F6E005370696E646C6520B8
:10551000322050574D0000004D69737400000000A8
:10552000466C6F6F64000000417578206F757420C1
:1055300030000000417578206F7574203100000044
:10554000417578206F757420320000004175782015
:105550006F75742033000000417578206F757420DA
:1055600034000000417578206F757420350000000C
:10557000417578206F7574203600000041757820E1
:105580006F75742037000000417578206F757420A6
:1055900038000000417578206F75742039000000D4
:1055A000417578206F757420313000004175782086
:1055B0006F75742031310000417578206F7574204B
:1055C00031320000417578206F757420313300004E
:1055D000417578206F757420313400004175782052
:1055E0006F75742031350000417578206F75742017
:1055F00031360000417578206F7574203137000016
:10560000417578206F75742031380000417578201D
:105610006F75742031390000417578206F757420E2
:1056200032300000417578206F75742032310000EF
:10563000417578206F7574203232000041757820F2
:105640006F7574203233000041757820616E616C93
:105650006F67206F7574203000000000417578205E
:10566000616E616C6F67206F7574203100000000FF
:1056700041757820616E616C6F67206F75742032A0
:105680000000000041757820616E616C6F67206FCB
:10569000757420330000000041757820616E616CE4
:1056A0006F67206F7574203400000000417578200A
:1056B000616E616C6F67206F7574203500000000AB
:1056C00041757820616E616C6F67206F757420364C
:1056D0000000000041757820616E616C6F67206F7B
:1056E00075742037000000004C4544004C454420B0
:1056F000520000004C454420470000004C45442027
:10570000420000004C454420570000004C45442016
:1057100061647265737361626C6500004C4544207E
:1057200061647265737361626C6520310000000012
:10573000436F50726F632052657365740000000000
:10574000436F50726F6320426F6F7430000000002F
:105750004D49534F000000004D4F534900000000D9
:1057600053504920434C4B005350492043530000B1
:10577000466C61736820435300000000534420636B
:1057800061726420435300005344206361726420BB
:1057900064657465637400005350492072657365D5
:1057A00074000000535049204952510049324320AF
:1057B00053434B0049324320534441004B657970B9
:1057C0006164207374726F62650000004932432087
:1057D0007374726F626500005258000054580000E4
:1057E0005254530051454920410000005145492081
:1057F000420000005145492073656C6563740000E8
:1058000051454920696E64657800000056697274DC
:1058100075616C0055415254205800005541525456
:105820002059000055415254205A0000554152540D
:10583000204D330055415254204D340055415254AF
:10584000204D350055415254204D3600554152549B
:10585000204D370053455249414C20535452454145
:105860004D204143544956450000000054454C4EDC
:1058700045542053545245414D20414354495645C7
:1058800000000000574542534F434B4554205354AA
:105890005245414D2041435449564500424C5545DF
:1058A000544F4F54482053545245414D2041435486
:1058B000495645005072696D6172792055415254C4
:1058C000000000004E554C4C0000000053657474FD
:1058D000696E6773207772697465206661696C65AB
:1058E000642100004E6F7420656E6F7567682068D4
:1058F00065617020666F72204E5653206275666631
:10590000657221005F766D616A6F72005F766D6906
:105910006E6F72005F6C696E650000005F6D6F7482
:10592000696F6E5F6D6F6465000000005F706C6191
:105930006E6500005F63636F6D7000005F6D65747E
:10594000726963005F696D70657269616C00000067
:105950005F6162736F6C7574650000005F696E63F0
:1059600072656D656E74616C000000005F696E7633
:10597000657273655F74696D650000005F756E69BF
:1059800074735F7065725F6D696E75746500000099
:105990005F756E6974735F7065725F726576000023
:1059A0005F636F6F72645F73797374656D0000007D
:1059B0005F746F6F6C5F6F666673657400000000E4
:1059C0005F726574726163745F725F706C616E6543
:1059D000000000005F726574726163745F6F6C64D5
:1059E0005F7A00005F7370696E646C655F72706DE2
:1059F0005F6D6F64650000005F7370696E646C6555
:105A00005F6373735F6D6F64650000005F696A6B4D
:105A10005F6162736F6C7574655F6D6F64650000C4
:105A20005F6C617468655F6469616D657465725F00
:105A30006D6F6465000000005F6C617468655F7283
:105A400061646975735F6D6F646500005F73706991
:105A50006E646C655F6F6E005F7370696E646C6519
:105A60005F6377005F6D6973740000005F666C6F41
:105A70006F6400005F73706565645F6F7665727256
:105A8000696465005F666565645F6F7665727269FB
:105A9000646500005F61646170746976655F666566
:105AA000656400005F666565645F686F6C64000034
:105AB0005F666565640000005F72706D0000000045
:105AC0005F6162735F7800005F6162735F790000FD
:105AD0005F6162735F7A00005F6162735F61000003
:105AE0005F6162735F6200005F6162735F63000009
:105AF0005F6162735F7500005F6162735F760000D3
:105B00005F6162735F7700005F63757272656E74C8
:105B10005F746F6F6C0000005F63757272656E7406
:105B20005F706F636B6574005F73656C656374654C
:105B3000645F746F6F6C00005F73656C65637465A0
:105B4000645F706F636B6574000000005F63616C7D
:105B50006C5F6C6576656C005F70726F62655F7319
:105B600074617465000000005F746F6F6C7365741E
:105B70007465725F73746174650000005F686F6DB7
:105B800065645F7374617465000000005F686F6D29
:105B900065645F6178657300472D636F6465207786
:105BA0006F72647320636F6E73697374206F662005
:105BB00061206C657474657220616E64206120766A
:105BC000616C75652E204C65747465722077617305
:105BD000206E6F7420666F756E642E004D6973734E
:105BE000696E6720746865206578706563746564A4
:105BF00020472D636F646520776F72642076616C37
:105C00007565206F72206E756D65726963207661AF
:105C10006C756520666F726D6174206973206E6F9C
:105C2000742076616C69642E000000002724272010
:105C300073797374656D20636F6D6D616E64207729
:105C40006173206E6F74207265636F676E697A6529
:105C500064206F7220737570706F727465642E00AB
:105C60004E656761746976652076616C7565207232
:105C70006563656976656420666F7220616E206574
:105C80007870656374656420706F73697469766594
:105C90002076616C75652E00486F6D696E672063B4
:105CA00079636C65206661696C7572652E20486F3A
:105CB0006D696E67206973206E6F7420636F6E6606
:105CC00069677572656420766961207365747469AB
:105CD0006E67732E00000000537465702070756C41
:105CE00073652074696D65206D757374206265201D
:105CF00067726561746572206F7220657175616C81
:105D000020746F2032206D6963726F7365636F6EEC
:105D100064732E00412073657474696E677320721A
:105D2000656164206661696C65642E204175746FDD
:105D30002D726573746F72696E6720616666656344
:105D40007465642073657474696E677320746F2062
:105D500064656661756C742076616C7565732E0080
:105D600027242720636F6D6D616E642063616E6E02
:105D70006F74206265207573656420756E6C657341
:105D80007320636F6E74726F6C6C657220737461D4
:105D900074652069732049444C452E20456E737507
:105DA00072657320736D6F6F7468206F70657261B8
:105DB00074696F6E20647572696E672061206A6F06
:105DC000622E0000472D636F646520636F6D6D6107
:105DD0006E647320617265206C6F636B6564206F05
:105DE000757420647572696E6720616C61726D20D4
:105DF0006F72206A6F672073746174652E000000F3
:105E0000536F6674206C696D6974732063616E6E84
:105E10006F7420626520656E61626C6564207769CD
:105E200074686F757420686F6D696E6720616C733C
:105E30006F20656E61626C65642E00004D61782094
:105E40006368617261637465727320706572206C3F
:105E5000696E652065786365656465642E205265AA
:105E600063656976656420636F6D6D616E64206C37
:105E7000696E6520776173206E6F74206578656345
:105E8000757465642E0000002724272073657474E0
:105E9000696E672076616C75652063617573652036
:105EA0007468652073746570207261746520746F06
:105EB0002065786365656420746865206D61786924
:105EC0006D756D20737570706F727465642E00004F
:105ED00053616665747920646F6F722064657465C0
:105EE00063746564206173206F70656E6564206102
:105EF0006E6420646F6F7220737461746520696EC4
:105F0000697469617465642E000000004275696CF3
:105F10006420696E666F206F72207374617274758D
:105F200070206C696E6520657863656564656420C2
:105F30006C696E65206C656E677468206C696D694C
:105F4000742E204C696E65206E6F742073746F72AE
:105F500065642E004A6F67207461726765742065FE
:105F6000786365656473206D616368696E6520742C
:105F7000726176656C2E204A6F6720636F6D6D616C
:105F80006E6420686173206265656E2069676E6F5C
:105F90007265642E000000004A6F6720636F6D6DAC
:105FA000616E6420686173206E6F20273D27206F2B
:105FB0007220636F6E7461696E732070726F6869AE
:105FC000626974656420672D636F64652E0000004C
:105FD0004C61736572206D6F6465207265717569BF
:105FE0007265732050574D206F75747075742E0054
:105FF0005265736574206173736572746564000023
:106000004E6F6E20706F7369746976652076616C6F
:1060100075650000556E737570706F7274656420DD
:106020006F7220696E76616C696420672D636F649E
:106030006520636F6D6D616E6420666F756E6420A0
:10604000696E20626C6F636B2E0000004D6F72658D
:10605000207468616E206F6E6520672D636F6465C4
:1060600020636F6D6D616E642066726F6D20736169
:106070006D65206D6F64616C2067726F757020664E
:106080006F756E6420696E20626C6F636B2E00000A
:1060900046656564207261746520686173206E6F67
:1060A0007420796574206265656E20736574206F55
:1060B0007220697320756E646566696E65642E0072
:1060C000472D636F646520636F6D6D616E64206939
:1060D0006E20626C6F636B20726571756972657397
:1060E00020616E20696E74656765722076616C75DB
:1060F000652E00004D6F7265207468616E206F6EB2
:106100006520672D636F646520636F6D6D616E64DC
:10611000207468617420726571756972657320619D
:1061200078697320776F72647320666F756E642070
:10613000696E20626C6F636B2E00000052657065A3
:106140006174656420672D636F646520776F726486
:1061500020666F756E6420696E20626C6F636B2EB3
:10616000000000004E6F206178697320776F7264C1
:106170007320666F756E6420696E20626C6F636B4E
:1061800020666F7220672D636F646520636F6D6D8D
:10619000616E64206F722063757272656E74206D1B
:1061A0006F64616C207374617465207768696368DB
:1061B000207265717569726573207468656D2E0053
:1061C0004C696E65206E756D6265722076616C75C6
:1061D0006520697320696E76616C69642E00000029
:1061E000472D636F646520636F6D6D616E64206918
:1061F00073206D697373696E6720612072657175B4
:10620000697265642076616C756520776F72642EA3
:10621000000000004735392E7820776F726B2063BD
:106220006F6F7264696E6174652073797374656DE4
:106230007320617265206E6F7420737570706F7259
:106240007465642E00000000473533206F6E6C7952
:1062500020616C6C6F7765642077697468204730C3
:1062600020616E64204731206D6F74696F6E206D00
:106270006F6465732E0000004178697320776F7238
:10628000647320666F756E6420696E20626C6F6344
:106290006B207768656E206E6F20636F6D6D616E29
:1062A00064206F722063757272656E74206D6F6406
:1062B000616C2073746174652075736573207468F4
:1062C000656D2E00473220616E6420473320617275
:1062D00063732072657175697265206174206C65E5
:1062E000617374206F6E6520696E2D706C616E65D0
:1062F000206178697320776F72642E004D6F746926
:106300006F6E20636F6D6D616E642074617267657E
:106310007420697320696E76616C69642E000000D8
:10632000417263207261646975732076616C756572
:1063300020697320696E76616C69642E000000002C
:10634000473220616E64204733206172637320728C
:10635000657175697265206174206C656173742064
:106360006F6E6520696E2D706C616E65206F66665C
:1063700073657420776F72642E000000556E75731C
:1063800065642076616C756520776F726473206632
:106390006F756E6420696E20626C6F636B2E0000F7
:1063A0004734332E312064796E616D696320746FD8
:1063B0006F6C206C656E677468206F6666736574B9
:1063C000206973206E6F742061737369676E6564F2
:1063D00020746F20636F6E666967757265642074E0
:1063E0006F6F6C206C656E67746820617869732EBE
:1063F00000000000546F6F6C206E756D6265722036
:1064000067726561746572207468616E206D617871
:1064100020737570706F727465642076616C756539
:10642000206F7220756E646566696E656420746F96
:106430006F6C2073656C65637465642E00000000EA
:1064400056616C7565206F7574206F662072616E81
:1064500067652E00472D636F646520636F6D6D6106
:106460006E64206E6F7420616C6C6F77656420774A
:1064700068656E20746F6F6C206368616E6765205D
:1064800069732070656E64696E672E005370696E63
:10649000646C65206E6F742072756E6E696E672015
:1064A0007768656E206D6F74696F6E20636F6D6DB8
:1064B000616E64656420696E20435353206F7220BF
:1064C0007370696E646C652073796E63206D6F64A0
:1064D000652E0000506C616E65206D7573742062CE
:1064E00065205A5820666F7220746872656164690D
:1064F0006E672E004D61782E20666565642072619E
:1065000074652065786365656465642E000000002D
:1065100052504D206F7574206F662072616E6765F2
:106520002E0000004F6E6C7920686F6D696E6720D9
:10653000697320616C6C6F776564207768656E2085
:1065400061206C696D697420737769746368206970
:106550007320656E67616765642E0000486F6D6526
:10656000206D616368696E6520746F20636F6E745F
:10657000696E75652E0000004154433A20637572C0
:1065800072656E7420746F6F6C206973206E6F7407
:10659000207365742E205365742063757272656E66
:1065A0007420746F6F6C2077697468204D36312EBB
:1065B0000000000056616C756520776F726420637F
:1065C0006F6E666C6963742E00000000506F776513
:1065D00072206F6E2073656C66207465737420661C
:1065E00061696C65642E2041206861726420726567
:1065F0007365742069732072657175697265642EA4
:1066000000000000456D657267656E6379207374E4
:106610006F70206163746976652E00004D6F746F32
:1066200072206661756C742E0000000053657474EE
:10663000696E672076616C7565206973206F75746B
:10664000206F662072616E67652E0000536574745A
:10665000696E67206973206E6F7420617661696C62
:1066600061626C652C20706F737369626C79206451
:10667000756520746F206C696D697465642064723F
:106680006976657220737570706F72742E000000E9
:106690005265747261637420706F736974696F6E90
:1066A000206973206C657373207468616E20647256
:1066B000696C6C2064657074682E000041747465A8
:1066C0006D707420746F20686F6D652074776F2013
:1066D0006175746F2073717561726564206178658E
:1066E00073206174207468652073616D652074691E
:1066F0006D652E00436F6F7264696E6174652073FF
:10670000797374656D206973206C6F636B65642E9B
:1067100000000000556E65787065637465642066DE
:10672000696C652064656D6172636174696F6E2E5A
:106730000000000041757468656E74696361746976
:106740006F6E2072657175697265642E00000000BD
:106750004163636573732064656E6965642E000030
:106760004E6F7420616C6C6F776564207768696C1C
:106770006520637269746963616C206576656E7407
:10678000206973206163746976652E00436F756CB0
:1067900064206E6F74206F70656E2066696C652E64
:1067A000000000005573657220646566696E65645B
:1067B000206572726F72206F6363757265642E005C
:1067C00048617264206C696D69742068617320622D
:1067D00065656E207472696767657265642E204D09
:1067E000616368696E6520706F736974696F6E208C
:1067F0006973206C696B656C79206C6F73742064AD
:10680000756520746F2073756464656E2068616CB3
:10681000742E2052652D686F6D696E672069732034
:10682000686967686C79207265636F6D6D656E6409
:1068300065642E00536F6674206C696D6974206105
:106840006C61726D2E20472D636F6465206D6F74CF
:10685000696F6E2074617267657420657863656521
:106860006473206D616368696E652074726176651A
:106870006C2E204D616368696E6520706F7369745A
:10688000696F6E2072657461696E65642E20416C5B
:1068900061726D206D617920626520736166656C3F
:1068A0007920756E6C6F636B65642E00526573653D
:1068B000742F452D73746F70207768696C6520693B
:1068C0006E206D6F74696F6E2E204D616368696E06
:1068D0006520706F736974696F6E206973206C69CD
:1068E0006B656C79206C6F73742064756520746FB0
:1068F0002073756464656E2068616C742E20526527
:106900002D686F6D696E6720697320686967686CB0
:1069100079207265636F6D6D656E6465642E00002D
:1069200050726F6265206661696C2E2050726F62D2
:1069300065206973206E6F7420696E20746865200D
:10694000657870656374656420696E697469616CEB
:10695000207374617465206265666F72652073745C
:10696000617274696E672070726F6265206379630B
:106970006C65207768656E204733382E3220616E53
:1069800064204733382E33206973206E6F7420746F
:10699000726967676572656420616E642047333889
:1069A0002E3420616E64204733382E3520697320E1
:1069B0007472696767657265642E000050726F6259
:1069C00065206661696C2E2050726F626520646973
:1069D00064206E6F7420636F6E74616374207468DA
:1069E0006520776F726B706965636520776974687D
:1069F000696E207468652070726F6772616D6D6575
:106A0000642074726176656C20666F72204733383B
:106A10002E3220616E64204733382E342E00000061
:106A2000486F6D696E67206661696C2E20546865D9
:106A30002061637469766520686F6D696E67206395
:106A400079636C65207761732072657365742E00BD
:106A5000486F6D696E67206661696C2E20536166B0
:106A600065747920646F6F7220776173206F706531
:106A70006E656420647572696E6720686F6D696EFB
:106A800067206379636C652E00000000486F6D69B4
:106A90006E67206661696C2E2050756C6C206F6685
:106AA000662074726176656C206661696C6564202D
:106AB000746F20636C656172206C696D69742073FA
:106AC00077697463682E2054727920696E637265E9
:106AD0006173696E672070756C6C2D6F66662073CC
:106AE000657474696E67206F7220636865636B20DC
:106AF000776972696E672E00486F6D696E672066F0
:106B000061696C2E20436F756C64206E6F74206613
:106B1000696E64206C696D69742073776974636849
:106B20002077697468696E20736561726368206498
:106B3000697374616E6365732E2054727920696E77
:106B40006372656173696E67206D6178207472612C
:106B500076656C2C2064656372656173696E67206D
:106B600070756C6C2D6F66662064697374616E63FA
:106B7000652C206F7220636865636B20776972698A
:106B80006E672E004553746F702061737365727465
:106B900065642E20436C65617220616E64207265AD
:106BA00073657400486F6D696E67207265717569F1
:106BB0007265642E204578656375746520686F6D15
:106BC000696E6720636F6D6D616E642028244829AB
:106BD00020746F20636F6E74696E75652E000000FF
:106BE0004C696D69742073776974636820656E679A
:106BF000616765642E20436C656172206265666F13
:106C0000726520636F6E74696E75696E672E000021
:106C100050726F62652070726F74656374696F6E15
:106C2000207472696767657265642E20436C6561C4
:106C300072206265666F726520636F6E74696E752F
:106C4000696E672E000000005370696E646C6520E9
:106C500061742073706565642074696D656F757407
:106C60002E20436C656172206265666F72652063D9
:106C70006F6E74696E75696E672E0000486F6D697E
:106C80006E67206661696C2E20436F756C64206EA0
:106C90006F742066696E64207365636F6E64206C28
:106CA000696D69742073776974636820666F7220F8
:106CB0006175746F207371756172656420617869A4
:106CC000732077697468696E2073656172636820E8
:106CD00064697374616E6365732E205472792069E0
:106CE0006E6372656173696E67206D61782074727E
:106CF0006176656C2C2064656372656173696E678B
:106D00002070756C6C2D6F66662064697374616E9B
:106D100063652C206F7220636865636B20776972EE
:106D2000696E672E00000000506F776572206F6EED
:106D30002073656C66746573742028504F53292046
:106D40006661696C65642E00486F6D696E672066C8
:106D500061696C2E2042616420636F6E666967759D
:106D6000726174696F6E2E00526573657420746F62
:106D700020636F6E74696E756500000027244827D4
:106D80007C2724582720746F20756E6C6F636B000E
:106D900043617574696F6E3A20556E6C6F636B65F5
:106DA00064000000456E61626C6564004469736153
:106DB000626C656400000000436865636B20446F8B
:106DC0006F720000436865636B204C696D69747372
:106DD0000000000050676D20456E640052657374BA
:106DE0006F72696E672064656661756C747300000C
:106DF000526573746F72696E67207370696E646C2C
:106E000065000000536C656570696E6700000000E6
:106E1000456D657267656E63792073746F70202DA0
:106E200020636C6561722C207468656E20726573D6
:106E3000657420746F20636F6E74696E75650000F1
:106E4000486F6D696E67206379636C652072657148
:106E50007569726564000000507265737320637910
:106E6000636C6520737461727420746F2072657234
:106E7000756E206A6F6200005265666572656E63AA
:106E80006520746F6F6C206C656E677468206F6628
:106E9000667365742065737461626C697368656498
:106EA000000000004D6F746F72206661756C742075
:106EB0002D20636C6561722C207468656E2072658C
:106EC00073657420746F20636F6E74696E756500EE
:106ED0005072657373206379636C6520737461729B
:106EE0007420746F20636F6E74696E75652E000078
:106EF00052656D6F766520616E7920746F75636879
:106F000020706C61746520616E64207072657373AB
:106F1000206379636C6520737461727420746F20D0
:106F2000636F6E74696E75652E00000050726F623B
:106F300065206661696C65642C20747279206167D4
:106F400061696E2E00000000506572666F726D20E0
:106F5000612070726F6265207769746820245450D4
:106F600057206669727374210000000050726F62CE
:106F7000652070726F74656374696F6E20616374ED
:106F80006976617465642E0050726573732063794D
:106F9000636C6520737461727420746F20706F73FA
:106FA0006974696F6E20666F7220746F7563682DE7
:106FB0006F66662E0000000050494F005352382E75
:106FC000000000005B4D53473A5761726E696E676F
:106FD0003A20456E746572696E67205546322042CC
:106FE0006F6F746C6F616465725D0D0A0000000064
:106FF000302E303100000000426F6F746C6F61649E
:10700000657220456E747279000000005250323370
:1070100035300000323530373036000053444B5F96
:10702000322E322E3000000068747470733A2F2FA5
:107030006769746875622E636F6D2F6772626C4842
:10704000414C2F52503230343000000045784172AC
:107050006D205069636F32427265616B6F75742089
:1070600028332D417869732900000000687474701A
:10707000733A2F2F6769746875622E636F6D2F796D
:107080006F75722D7265706F2F726F626F745F61B2
:10709000726D5F636F6E74726F6C000055463200E4
:1070A000656E7465722055463220626F6F746C6F26
:1070B0006164657200000000302E30340000000072
:1070C00050574D20736572766F0000005B536572F8
:1070D000766F200020706F736974696F6E3A2000BC
:1070E00020646567726565735D0D0A004F4E000090
:1070F0004F46460041757825643A2573000000002C
:10710000417578696C69617279204F757470757416
:1071100020506C7567696E20696E697469616C696D
:107120007A65640A000000000A2A2A2A2050414E8B
:107130004943202A2A2A0A00486172642061737335
:10714000657274004E6F207370696E6C6F636B7341
:107150002061726520617661696C61626C65000016
:10716000486172647761726520616C61726D20257F
:107170006420616C726561647920636C61696D651E
:10718000640000004F7574206F66206D656D6F722E
:107190007900000052656C6561736500626F6F7401
:1071A000325F773235713038300000007069636FBC
:1071B000320000006772626C68616C5F726F626FB0
:1071C000745F61726D0000004175672032352032B6
:1071D00030323500666E692B00000000666E690073
:1071E0006E616E00666E692D000000004E6F2050CB
:1071F000494F207374617465206D616368696E65C1
:10720000732061726520617661696C61626C6500F2
:1072100052617370626572727920506900000000DB
:107220005069636F00000000426F61726420434444
:1072300043000000556E68616E646C6564204952BD
:107240005120307825780A0065702025303258208A
:1072500077617320616C7265616479206176616920
:107260006C61626C6500000043616E277420636F7F
:107270006E74696E75652078666572206F6E206920
:107280006E61637469766520657020253032580020
:1072900000000000000000000000000000000000EE
:1072A00000000000000000000000000000000000DE
:1072B00008340020040000000C340020040000000A
:1072C0001034002004000000FC3300200400000003
:1072D00000340020040000000434002004000000FA
:1072E00000000000000000006C34002002000000DC
:1072F000000000000000000018340020040000001E
:10730000000000000000000000000000000000007D
:1073100000000000000000002034002004000000F5
:107320002434002004000000283400200400000061
:107330007034002002000000000000000000000087
:10734000000000000000000000000000000000003D
:1073500044340020040000004834002004000000F1
:107360004C3400200400000000000000FC0F02105C
:1073700001000000DC100210020000005411021095
:10738000030000007C11021004000000A81102108C
:10739000050000005C1202100600000084120210BA
:1073A00009000000A8120210080000004C1302108F
:1073B0000A000000EC1302100B000000E814021099
:1073C0000C000000401502100D000000B415021062
:1073D0000E000000101602100F000000B016021080
:1073E00010000000E4160210110000002C1702101B
:1073F00012000000F41702101300000058180210C9
:1074000014000000BC180210150000001C19021026
:1074100016000000BC19021017000000541B0210D7
:1074200018000000BC1B0210190000000C1C021008
:107430001A0000005C1C02101B000000A81C0210B7
:107440001C0000000C1D02101D000000401D021059
:107450001E000000A01D02101F000000E01D021011
:1074600020000000701E021021000000F81E021013
:1074700022000000101F021023000000401F021015
:1074800024000000701F021025000000A01F021041
:1074900026000000D81F0210270000000020021064
:1074A000280000009820021029000000D0200210BF
:1074B0002A000000042102102B00000038210210D5
:1074C0002C0000006C2102102D0000008821021009
:1074D0002E000000A821021032000000C42102107A
:1074E00033000000F42102103400000024220210B6
:1074F0003500000054220210360000007C220210E9
:10750000370000007C22021038000000A022021088
:1075100039000000E42202103A0000001823021093
:107520003B0000005C2302103C000000942302108A
:107530003D000000C82302103E0000002424021079
:107540003F000000382402104000000078240210A0
:1075500041000000A02402105A000000104902104F
:107560005B000000104902105C000000104902108E
:107570005F000000082502106400000030250210A2
:10758000650000005C2502106E00000084250210DA
:1075900078000000AC2502108200000000260210D6
:1075A000AA00000080260210B4000000BC1B0210DC
:1075B000BE0000000C1C021054010000C82602107E
:1075C00055010000D027021056010000502A021079
:1075D000570100008C2A021058010000E42A021012
:1075E00059010000382B02105A010000802B0210B4
:1075F0005B010000F02C02105C010000282D02103D
:107600005D010000502D021080010000782D021055
:1076100088010000BC2D021089010000FC2D021021
:107620008A0100003C2E02108B010000D02E0210B7
:107630008E010000F02E0210E1010000182F021050
:10764000E20100005C2F0210E4010000782F02101C
:10765000E6010000D02F02101B02000004300210CF
:1076600007020000983002108A020000CC3002109D
:107670009F020000EC300210A10200001431021041
:10768000A402000048310210A8020000703102106C
:1076900000002300C8310210D8310210060000009B
:1076A0007835021020510020000000000500000085
:1076B0000591001011A5001000000000000000005E
:1076C00001002300E8310210F83102100B00000025
:1076D0000832021000000000103202100400000006
:1076E000984C002000000000000000000000000096
:1076F0000200230018320210000000000400000005
:107700000000000000000000000000000400000075
:10771000884C002000000000000000000000000075
:10772000030023002C3202100000000004000000BF
:107730000000000000000000000000000400000045
:10774000894C002000000000000000000000000044
:107750000400230044320210000000000400000076
:107760000000000000000000000000000400000015
:107770008B4C002000000000000000000000000012
:107780000500030064320210000000000400000045
:1077900000000000000000000000000004000000E5
:1077A000AB4C0020000000000000000000000000C2
:1077B00006000C00783202100000000001000000FA
:1077C000DC1900200000000000000000050000009F
:1077D00015910010519D00108D99001000000000BF
:1077E000070006008C3202100000000000000000BC
:1077F0000000000000000000000000000500000084
:10780000F5910010519D00108D99001000000000AE
:107810000800230098320210000000000100000060
:10782000B817002000000000000000000300000066
:1078300075910010519D00108D99001000000000FE
:1078400009000600B832021000000000020000002B
:10785000CC32021000000000000000000300000015
:1078600011920010519D00108D9900100000000031
:107870000A000100143302100000000001000000A3
:107880002C33021000000000000000000300000084
:10789000E5910010519D0010000000000000000064
:1078A0000B000100083402101C3402100600000016
:1078B000203402100000000000000000040000005E
:1078C000944B0020000000000000000000000000B9
:1078D0000C0001002C3402101C34021006000000C1
:1078E000203402100000000000000000040000002E
:1078F000984B002000000000000000000000000085
:107900000D0001003C3402100000000000000000E7
:107910000000000000000000000000000500000062
:1079200065990010519D001000000000000000004B
:107930000E000200503402100000000001000000A0
:1079400004180020000000000000000007000000F4
:1079500041990010519D00108D9900100000000009
:107960000F00050068340210000000000100000054
:10797000D0170020000000000000000002000000FE
:10798000264C002000000000000000000000000065
:10799000100006008034021000000000010000000A
:1079A000DC170020000000000000000003000000C1
:1079B000E1970010519D00108D990010010000000A
:1079C00011000200983402100000000001000000C5
:1079D0000418002000000000000000000300000068
:1079E00071920010519D00108D9900100000000050
:1079F00012000300B8340210000000000400000070
:107A00000000000000000000000000000200000074
:107A1000AC4C00200000000000000000000000004E
:107A200013000C00D434021000000000010000001C
:107A3000DC1900200000000000000000050000002C
:107A400091920010519D00108D99001000000000CF
:107A500014000300F03402100000000000000000D9
:107A60000000000000000000000000000500000011
:107A700025A80010519D001000000000000000002B
:107A80001500030004350210000000000200000091
:107A90001835021000000000000000000700000080
:107AA00079930010519D00100000000000000000BC
:107AB00016000B002C350210000000000200000030
:107AC000F418002000000000000000000700000083
:107AD00085A70010519D001000000000000000006C
:107AE00017000B003C3502100000000004000000ED
:107AF0000000000000000000000000000400000082
:107B0000144D0020000000000000000000000000F4
:107B100018000B00543502106C35021006000000EE
:107B20007435021000000000000000000500000095
:107B30005994001011A50010000000000000000082
:107B400019000B00803502106C3502100600000091
:107B50007435021000000000000000000500000065
:107B60005994001011A50010000000000000000052
:107B70001A000B0098350210F83102100B000000BB
:107B8000B8350210000000000000000004000000F2
:107B9000104D002000000000000000000000000068
:107BA0001B000B00BC3502101C3402100600000044
:107BB000203402100000000000000000050000005A
:107BC000EDA4001011A5001000000000000000004E
:107BD0001C000100DC3502101C34021006000000FD
:107BE000203402100000000000000000020000002D
:107BF0009C4B00200000000000000000000000007E
:107C00001D002300F4350210D831021006000000D8
:107C1000783502100000000020560210020000001B
:107C2000944C002000000000000000000000000054
:107C30001E00060000360210183602100600000072
:107C400020340210000000000000000004000000CA
:107C50003C4C0020000000008D9900100000000046
:107C60001F0006001C360210183602100600000025
:107C7000203402100000000000000000040000009A
:107C8000404C0020000000008D9900100000000012
:107C90002000010034360210000000000300000044
:107CA000483602100000000000000000050000003F
:107CB00099970010519D0010000000000000000086
:107CC000210006006836021080360210060000000F
:107CD00084360210000000000000000002000000D6
:107CE000444C0020000000008D99001000000000AE
:107CF000220006008C360210A43602100600000096
:107D0000AC36021000000000B43602100200000081
:107D1000484C0020000000008D9900100000000079
:107D200023000600B8360210A43602100600000038
:107D3000AC36021000000000B43602100200000051
:107D40004C4C0020000000008D9900100000000045
:107D500024000600D0360210A436021006000000EF
:107D6000AC36021000000000B43602100200000021
:107D7000504C0020000000008D9900100000000011
:107D800025002300E8360210000000000400000077
:107D900000000000000000000000000003000000E0
:107DA000A1910010519D0010000000000000000093
:107DB0002600060004370210000000000B0000003F
:107DC0002837021000000000000000000200000040
:107DD0002E4C0020000000008D99001001000000D2
:107DE00027000100303702100000000000000000F2
:107DF0000000000000000000000000000300000080
:107E000009940010519D00100000000000000000C7
:107E100028000E004C370210000000000000000097
:107E2000000000000000000000000000030000004F
:107E3000DD930010519D00100000000000000000C4
:107E400029000D0060370210000000000200000051
:107E50007037021000000000000000000300000066
:107E600025940010519D00108D9900100000000015
:107E70002A000D00AC3702100000000003000000D3
:107E8000BC370210000000000000000002000000EB
:107E9000B14C0020000000008D990010000000008F
:107EA0002B000B00C4370210000000000A00000085
:107EB000B83502103C550210D43702100200000001
:107EC000154D002000000000000000000000000030
:107ED0002C000B00D8370210000000000400000046
:107EE000000000000000000000000000030000008F
:107EF00081970010519D001000000000000000005C
:107F00002D000B00F03702100000000004000000FC
:107F1000000000000000000000000000030000005E
:107F200081970010519D001000000000000000002B
:107F30002E000B000C3802100000000004000000AE
:107F4000000000000000000000000000030000002E
:107F500081970010519D00100000000000000000FB
:107F600038000D00243802101C34021006000000F6
:107F70004038021000000000000000000200000075
:107F8000C04C0020000000008D990010000000008F
:107F900039000D00483802106C3502100600000050
:107FA0004038021000000000000000000200000045
:107FB000BC4C0020000000008D9900100000000063
:107FC0003A000D00603802101C3402100600000058
:107FD0007038021078380210000000000200000023
:107FE000B44C0020000000008D990010000000003B
:107FF0003B000D00803802106C35021006000000B6
:1080000040380210000000000000000002000000E4
:10801000B84C0020000000008D9900100000000006
:108020003C00010094380210000000000000000035
:10803000000000000000000000000000030000003D
:108040003D940010519D00108D990010000000001B
:108050003D000D00A83802100000000001000000E3
:10806000BC38021000000000000000000200000008
:10807000C44C0020000000008D990010000000009A
:108080003E000100E838021000000000000000007F
:1080900000000000000000000000000003000000DD
:1080A00099940010519D00108D990010000000005F
:1080B0003F000100F838021000000000010000003D
:1080C0000C39021000000000000000000300000056
:1080D000B5940010519D0010000000000000000049
:1080E00040000100543902100000000000000000B0
:1080F000000000000000000000000000030000007D
:1081000031950010519D001000000000000000009B
:1081100041000C006839021000000000010000005E
:108120009C18002000000000000000000300000078
:108130004D950010519D00108D9900100000000019
:108140005A00070078390210000000000600000005
:108150008C39021000000000000000000200000046
:10816000D04C002000000000A1AE00100000000074
:108170005B000700983902100000000006000000B4
:108180008C39021000000000000000000200000016
:10819000D44C002000000000A1AE00100000000040
:1081A0005C000700AC39021000000000060000006F
:1081B0008C390210000000000000000002000000E6
:1081C000D84C002000000000A1AE0010000000000C
:1081D0005F000700C0390210000000000600000028
:1081E0008C390210000000000000000002000000B6
:1081F000E04C002000000000A1AE001000000000D4
:1082000064002B00E0390210701700200600000007
:10821000F839021000000000000000000500000016
:10822000C5A1001011A50010000000000C00000006
:108230006E002B00083A021088170020060000008C
:1082400020340210000000000000000005000000C3
:10825000C5A1001011A50010000000000C000000D6
:1082600078002B001C3A02107C170020060000004A
:108270002034021000000000000000000500000093
:10828000C5A1001011A50010000000000C000000A6
:1082900082002B00303A02109017002006000000E8
:1082A0002034021000000000000000000500000063
:1082B000C5A1001011A50010000000000C00000076
:1082C000AA002B00483A02101C34021006000000DD
:1082D000603A0210683A0210A8550210030000002C
:1082E000C5A1001011A500108D9900100C00000010
:1082F000B4002B006C3A0210881700200600000022
:1083000028370210000000000000000001000000FB
:10831000C5A1001011A500108D9900100C000000DF
:10832000BE002B008C3A02108817002006000000C7
:1083300028370210000000000000000001000000CB
:10834000C5A1001011A500108D9900100C000000AF
:1083500054010600AC3A0210A436021006000000D8
:10836000AC36021000000000000000000300000016
:108370003996001011A500108D9900100000000022
:1083800055010900C83A0210000000000300000077
:10839000DC3A0210000000000000000003000000B2
:1083A0004D970010519D00108D99001000000000A5
:1083B00056010900343B02101C3402100600000074
:1083C00074350210000000000000000003000000EF
:1083D000D595001011A500108D9900100000000027
:1083E00057010900543B02106C35021006000000D2
:1083F00074350210000000000000000002000000C0
:10840000B04B0020000000008D990010000000001B
:1084100058010900743B02106C3502100600000080
:10842000743502100000000000000000020000008F
:10843000B44B0020000000008D99001000000000E7
:1084400059010900943B02106C350210060000002F
:10845000743502100000000000000000020000005F
:10846000B84B0020000000008D99001000000000B3
:108470005A010900B43B0210000000000100000096
:10848000C83B0210000000000000000003000000D4
:10849000F1950010519D00108D9900100000000012
:1084A0005B0104000C3C0210A43602100600000020
:1084B000AC36021030550210B43602100200000033
:1084C000044D0020000000008D9900100000000005
:1084D0005C010400243C02101C3402100600000061
:1084E0002034021000000000000000000200000024
:1084F0000C4D0020000000008D99001000000000CD
:108500005D010400403C02101C3402100600000013
:1085100020340210000000000000000002000000F3
:10852000084D0020000000008D99001000000000A0
:10853000800101005C3C021000000000000000000F
:108540000000000000000000000000000300000028
:1085500015950010519D0010000000000000000063
:1085600088010D00743C021048370210060000001C
:1085700078350210883C02102056021002000000DC
:10858000C84C0020000000008D990010020000007F
:1085900089010D008C3C02104837021006000000D3
:1085A00078350210883C02102056021002000000AC
:1085B000CC4C0020000000008D990010020000004B
:1085C0008A010600743C02104837021006000000C1
:1085D00078350210883C021020560210030000007B
:1085E0003996001011A500108D99001002000000AE
:1085F0008B010600A03C02100000000003000000F8
:10860000284E0020000000000000000003000000D1
:108610000D970010519D00108D9900100000000072
:108620008E010100B03C0210000000000B000000B1
:1086300008320210C83C0210CC3C021002000000BC
:10864000A64B002000000000000000000100000018
:10865000E1010100D43C0210E83C02100B000000D4
:1086600028370210B4360210CC3C02100300000080
:10867000C5910010519D0010000000000300000093
:10868000E4010100EC3C02100000000000000000CA
:1086900000000000000000000000000003000000D7
:1086A0002D930010519D00108D99001000000000C6
:1086B000E50109000C3D0210000000000000000070
:1086C00000000000000000000000000003000000A7
:1086D0005D930010519D001000000000000000009C
:1086E000E60101002C3D0210000000000100000026
:1086F000443D0210000000000000000002000000E5
:10870000A84C002000000000000000000000000055
:1087100007020600583D02100000000003000000A0
:10872000284E0020000000000000000003000000B0
:10873000D5960010519D00108D990010000000008A
:108740001B020600683D02104837021006000000B8
:1087500078350210883C02102056021003000000F9
:108760003996001011A500108D990010020000002C
:108770008A0201007C3D02100000000001000000A0
:10878000941700200000000000000000020000001C
:10879000A94C0020000000008D990010000000008E
:1087A0009F020300943D021000000000040000003E
:1087B00000000000000000000000000002000000B7
:1087C000244C0020000000008D99001000000000E3
:1087D000A10205008C3C0210483702100600000080
:1087E00078350210883C0210205602100300000069
:1087F0003996001011A500108D990010020000009C
:10880000E6022300A83D0210000000000400000062
:108810000000000000000000000000000200000056
:108820001C4D0020000000008D9900100000000089
:10883000E7022300C43D0210000000000400000015
:108840000000000000000000000000000200000026
:108850001D4D0020000000008D9900100000000058
:10886000E8022300E03D02100000000004000000C8
:1088700000000000000000000000000002000000F6
:108880001E4D0020000000008D9900100000000027
:10889000E9022300FC3D021000000000040000007B
:1088A00000000000000000000000000002000000C6
:1088B0001F4D0020000000008D99001000000000F6
:1088C000A4020100183E0210000000000100000098
:1088D000283E02100000000000000000030000001D
:1088E000E1940010519D0010000000000000000005
:1088F000A80223006C3E0210E83C02100B000000AE
:10890000B835021000000000843E02100200000092
:10891000224D0020000000000000000000000000C8
:1089200000000000883E02100191001000010000CC
:10893000903E02100191001000020000983E0210CB
:108940000000000000030000A83E0210000000002C
:1089500003040000B03E021000000000000500000B
:10896000BC3E02100000000000060000C43E0210E1
:108970000000000006070000CC3E021000000000CE
:1089800000090000DC3E021000000000000B0000A7
:10899000E83E021000000000000C0000F03E021053
:1089A00000000000000D0000F83E02100000000072
:1089B000000E0000043F0210000000000023000031
:1089C0000C3F02100000000000240000143F0210C1
:1089D00000000000002A0000243F02100191001056
:1089E0002A2B00002C3F0210019100102A2C0000BD
:1089F000343F0210019100102A2D00003C3F02106C
:108A00000191001017878D4D0AD7233C6F12033B4D
:108A1000CDCCCC3D00000000000064000000000050
:108A2000000000000000C841000048430000484327
:108A30000000F04100007A430000FA4300A00C4718
:108A4000000048C3000000000000FA430000C841D5
:108A500080CBA44B00007A430000FA4300A00C47EF
:108A6000000048C3000000000000FA430000C841B5
:108A700080CBA44B00007A430000FA4300A00C47CF
:108A8000000048C3000000000000FA430000C84195
:108A900080CBA44B00000000000000000000030099
:108AA0000B0B0000000000000000000000000000B0
:108AB00000007A440000000000409C4500000000D7
:108AC000000000000000C842000000000000C07F5D
:108AD00000000000000000000000C07F0000000057
:108AE000000000000000C07F000000000000000047
:108AF0000000C07F00000000000000000000000730
:108B0000000000000000A04000000000190000006C
:108B1000FF010000D0000000000000000000000085
:108B200000000000000200000000A0C00000FA43A6
:108B30000000C8420000A04000000000000080408B
:108B40000000803F00000000000000000000000066
:108B50000000000000000000000000000000000015
:108B60000000000000000000000000000000000005
:108B7000000000000000803F0000A0400000C8414D
:108B800000002040FA000000000104030000000083
:108B900000000000000000000000000000000000D5
:108BA00000000000000000001F000000F856021046
:108BB0003DC10010030000009C410210B0410210B2
:108BC000A9BD001000000000B4410210D041021005
:108BD000E1C0001002000000D44102103442021033
:108BE00065C100100200000038420210D842021095
:108BF00075C0001002000000DC420210F8420210B2
:108C000019C0001002000000FC42021000570210C0
:108C100061B80010050000002DB9001034430210A7
:108C200019B80010050000002DB9001038430210DB
:108C3000ADB80010050000002DB900103072021010
:108C4000DDBC0010010000003C4302106054021023
:108C500019BE00100000000060430210EC4B02102F
:108C6000F9BF0010040000006DBD00107043021039
:108C700001C000100000000000000000744302105A
:108C800009C000100000000000000000784302103E
:108C900011C0001000000000000000007C43021022
:108CA00039000110030000008043021094410210BB
:108CB000D5BC001002000000A0430210E4430210E3
:108CC000CDBC001003000000F04302101444021059
:108CD000C5BC0010030000002044021048440210EC
:108CE0000DBD0010010000004C4402106044021051
:108CF000D1C1001001000000644402108044021041
:108D0000C1BC00100100000084440210984402100D
:108D10007DBC0010020000009C440210DC440210E4
:108D200061BC001003000000E04402100445021082
:108D300001BC00100600000085B9001008450210B3
:108D4000A5BB0010030000000C45021024450210D2
:108D50009DBB00100000000028450210484502108D
:108D600095BB0010000000004C4502106C4502103D
:108D70008DBA0010030000007045021084450210F7
:108D800085BA00100300000088450210AC450210AF
:108D90009DBA001003000000B0450210C845021043
:108DA00095BA001003000000CC450210F4450210F3
:108DB000A5BA001003000000F84502101446021086
:108DC000EDBA001003000000184602102C460210F5
:108DD000E1BA0010030000003046021054460210B1
:108DE000D5BA001003000000584602108046021059
:108DF000ADBA00100300000084460210B046021015
:108E000081BA00100700000011B90010B846021026
:108E10007DBA00100700000029B90010C4460210F6
:108E200061FF001003000000C8460210EC4602106B
:108E3000F1FF001003000000F04602100C47021082
:108E4000ED00011004000000C9BD00101047021021
:108E5000E1B9001004000000C9BD00101447021061
:108E6000DD02011007000000F9B8001018470210D9
:108E700041BA00100600000041BD00101C4702105E
:108E800005BA001003000000244702105248534462
:108E90004C54454F464D20512020502000000000EA
:108EA00071C9001095C9001025D90010A1DA001071
:108EB0001DCE001089D800107C0000001F1C1F1E52
:108EC0001F1E1F1F1E1F1E1F605402106C54021015
:108ED000C03702100000003FCDCC4C3D0AD7A33B69
:108EE0006F12033A17B75138ACC5A736BD370635F0
:108EF00095BF563377CCAB315F700930FFE65B2E00
:108F000000000000BC4F021001000000C44F02101E
:108F100002000000D04F021003000000F83E0210D3
:108F200004000000DC4F021005000000EC4F0210AE
:108F300006000000FC4F0210070000000C50021059
:108F40000800000020500210090000002C50021000
:108F50000A0000003C5002100B0000004C500210B0
:108F60000D0000005C5002100E0000007050021056
:108F70000F0000007850021010000000885002100E
:108F8000110000009850021017000000A8500210B5
:108F900018000000B850021019000000C85002105C
:108FA0001A000000D85002101B000000E050021010
:108FB0001C000000F45002101D00000000510210BF
:108FC0001E000000185102101F000000285102105E
:108FD0002000000034510210210000004451021012
:108FE00022000000505102102300000058510210CE
:108FF000240000006451021025000000705102108E
:109000002600000080510210270000008C51021041
:10901000280000009451021029000000A051021005
:109020002A000000AC5102102B000000BC510210BD
:109030002C000000C85102102D000000D051021079
:109040003D000000DC5102103E000000EC51021017
:109050003F000000FC5102104000000008520210C6
:109060004100000014520210420000002052021081
:10907000430000002C52021044000000385202103D
:1090800045000000445202104600000050520210F9
:10909000470000005C5202104800000068520210B5
:1090A00049000000745202104A0000008052021071
:1090B0004B0000008C5202104C000000985202102D
:1090C0004D000000A45202104E000000B0520210E9
:1090D0004F000000BC52021050000000C8520210A5
:1090E00051000000D452021052000000E052021061
:1090F00053000000EC52021054000000F85202101D
:1091000055000000045302105600000010530210D6
:10911000570000001C530210580000002C5302108E
:10912000590000003C5302105A0000004C5302103A
:109130005B0000005C5302105C0000006C530210E6
:109140005D0000007C5302105E0000008C53021092
:109150005F0000009C53021060000000A453021046
:1091600061000000AC53021062000000B453021012
:1091700063000000BC53021064000000C4530210DE
:109180006A000000CC5302106B000000D4530210A0
:109190006C000000DC5302106D000000E45302106C
:1091A0006E000000EC5302106F000000F453021038
:1091B0007E000000FC5302107F0000000C540210DF
:1091C000800000001C54021081000000285402108E
:1091D0008200000034540210880000004054021045
:1091E000750000004C540210760000005854021024
:1091F00077000000645402107800000070540210E0
:10920000790000007C5402107A000000885402109B
:109210007B000000945402107C000000A054021057
:109220007D000000AC5402108A000000B854021007
:109230008B000000C45402108C000000D8540210AF
:109240008D000000E45402108E000000F45402105F
:109250008F00000008550210900000001855021001
:1092600091000000205502109200000028550210C5
:109270009300000034550210940000004055021085
:10928000950000004C550210960000005855021041
:1092900097000000645502109800000070550210FD
:1092A000990000007C5502109A00000088550210B9
:1092B0009B000000945502109C000000A055021075
:1092C0009D000000AC5502109E000000B855021031
:1092D0009F000000C4550210A0000000D0550210ED
:1092E000A1000000DC550210A1000000E8550210AA
:1092F000A2000000F4550210A30000000056021066
:10930000A40000000C560210A50000001856021020
:10931000A600000024560210A700000030560210DC
:10932000A80000003C560210AA0000004856021097
:10933000AB0000005C560210AC000000705602103A
:10934000AD00000084560210AE00000098560210D6
:10935000AF000000AC560210B0000000C056021072
:10936000B1000000D4560210B2000000E85602100E
:10937000B3000000EC560210B4000000F4560210D6
:10938000B5000000FC560210B600000004570210A1
:10939000B70000000C570210B80000001C57021064
:1093A000B900000030570210BA0000004057021008
:1093B000BB00000050570210BC00000058570210BC
:1093C000BD00000060570210BE0000006857021088
:1093D000BF00000070570210C00000007C57021050
:1093E000C100000088570210C20000009857021008
:1093F000C3000000A4570210C4000000AC570210C4
:10940000C5000000B4570210C6000000BC5702108F
:10941000C7000000CC570210C8000000D857021047
:10942000C9000000DC570210CA000000E05702101B
:10943000CB000000E4570210CC000000EC570210F3
:10944000CD000000F4570210CE00000000580210BA
:10945000CF0000000C580210D00000001458021079
:10946000D10000001C580210D20000002458021045
:10947000D30000002C580210D40000003458021011
:10948000D50000003C580210D600000044580210DD
:10949000D70000004C580210070000007D3001107A
:1094A000A5300110B530011000000000B1300110EE
:1094B000C530011075300110390C0110390C011044
:1094C000D1300110BD300110B9300110BD30011094
:1094D000AD300110AD300110390C0110C130011058
:1094E0000000000000000000000000000700050070
:1094F000E130011000000000000000000500000045
:10950000000000000000000000000000000000005B
:109510000000000000000000DD370110E1370110FD
:10952000ED370110E9370110F1370110000000009C
:109530000000000000000000010000000002020026
:109540000E0202011C0202022A0202033802020475
:109550004602020554020206620202077002020875
:109560007E0202098C02020A9A02020B2603030001
:109570006E030301B7030400000000000459021049
:1095800000000000000000000C5902100100000063
:10959000000000001459021002000000000000004A
:1095A0001C59021003000000000000002C5902109A
:1095B0000400000000000000345902100500000003
:1095C000000000003C5902100600000000000000EE
:1095D000445902100700000000000000505902101A
:1095E00008000000000000005C59021009000000A3
:1095F000000000006C5902100A000000000000008A
:109600007C5902100B00000000000000905902106D
:109610000C00000000000000A05902100D00000026
:1096200000000000B05902100E0000000000000011
:10963000C05902100F00000000000000D4590210B1
:109640001000000000000000E459021011000000AA
:1096500000000000F8590210120000000000000095
:109660000C5A02101300000000000000205A0210E3
:109670001400000000000000385A0210150000001D
:10968000000000004C5A021016000000000000000C
:10969000585A02101700000000000000645A02101F
:1096A00018000000000000006C5A021019000000B1
:1096B00000000000745A02101A00000000000000B0
:1096C000845A02101B00000000000000945A02108F
:1096D0001C00000000000000A45A02101D00000041
:1096E00000000000B05A02101E0000000000000040
:1096F000B85A02101F00000000000000C45A0210F7
:109700002000000000000000CC5A021021000000E0
:1097100000000000E05902102200000000000000DC
:10972000DC5A02102300000000000000E45A02107E
:109730002400000000000000EC5A02102500000088
:1097400000000000F45A0210260000000000000093
:10975000FC5A02102700000000000000045B021009
:109760002800000000000000C05A0210290000007C
:1097700000000000C85A02102A000000000000008B
:10978000D05A02102B00000000000000D85A02102E
:109790002C00000000000000E05A02102D00000024
:1097A00000000000E85A02102E0000000000000037
:1097B000F05A02102F00000000000000F85A0210BA
:1097C0003000000000000000005B021031000000CB
:1097D00000000000085B02103200000000000000E2
:1097E000185B02103300000000000000285B02102C
:1097F0003400000000000000385B0210350000005B
:10980000000000004C5B0210360000000000000069
:10981000585B02103700000000000000685B021077
:1098200038000000000000007C5B021039000000DE
:10983000000000008C5B02103A00000000000000F5
:10984000C513CD13694C0110CE13CE13AD4A0110D0
:10985000291431142D4C01103D144514F14B011005
:1098600047144F14294D01105A145A14414B01103A
:109870005B146314594B011064146414214B0110E0
:1098800065146E14A14B011079148214A14B0110C0
:109890008D149614A14B0110A114AA14A14B011010
:1098A000B514BE14A14B0110C9146E14A14B0110C4
:1098B000DD14E614A14B0110F114FA14A14B0110B0
:1098C00005150E15A14B011017151715C14A0110EA
:1098D00018151815D94A011019152115F54A011046
:1098E0002C153415594D0110DF15DF15854B01106E
:1098F000000000000000000001000000985B021062
:1099000002000000DC5B0210030000002C5C02106F
:1099100004000000605C021005000000985C02106A
:1099200006000000D85C021007000000145D021061
:1099300008000000605D021009000000C45D021014
:109940000A000000005E02100B0000003C5E0210E6
:109950000C000000885E02100D000000D05E0210B6
:109960000E0000000C5F02100F000000545F021098
:1099700010000000985F021011000000D05F02107C
:1099800012000000F05F02101300000000600210DF
:109990001400000014600210150000004C6002105A
:1099A000160000009060021017000000C060021056
:1099B00018000000F4600210190000003C61021061
:1099C0001A000000646102101B000000C061021058
:1099D0001C000000E06102101D0000001462021073
:1099E0001E000000486202101F0000007862021092
:1099F00020000000C462021021000000FC6202107E
:109A000022000000206302102300000040630210C7
:109A1000240000007C63021025000000A0630210F7
:109A200026000000F46302102700000040640210CA
:109A30002800000054640210290000008C64021009
:109A40002A000000D46402102B000000F46402100D
:109A50002C000000106502102D000000246502108B
:109A60002E0000005C6502102F00000078650210D7
:109A700030000000B465021031000000CC65021017
:109A80003200000004660210330000001C66021061
:109A9000340000002C660210350000004C660210F5
:109AA000360000009066021037000000BC6602100D
:109AB00038000000F466021039000000146702103C
:109AC0004D000000346702104E0000005067021085
:109AD0004F00000060670210540000008C67021005
:109AE000FD000000A467021001000000C067021022
:109AF000020000003468021003000000AC6802108D
:109B0000040000002069021005000000BC6902107A
:109B100006000000206A021007000000506A0210D0
:109B2000080000008C6A021009000000F86A0210A8
:109B30000A000000846B02100B000000A46B0210EE
:109B40000C000000E06B02100D000000106C021011
:109B50000E000000486C02100F0000007C6C021028
:109B600010000000286D0210110000001C66021099
:109B700012000000486D02100000000010490210A1
:109B800001000000686D0210020000007C6D0210F0
:109B900003000000906D021004000000A46D02108C
:109BA00005000000AC6D021006000000B86D021048
:109BB00007000000C46D021008000000D46D021000
:109BC00009000000DC6D02100A000000F06D0210B8
:109BD0000B000000046E02100C000000106E02105A
:109BE0000D000000406E02100E000000586E0210C2
:109BF0000F000000786E021010000000A46E02102A
:109C000011000000D06E021012000000F06E021071
:109C1000130000002C6F021014020000486F0210A5
:109C2000150000006C6F021016000000043D0210C9
:109C300017000000886F02109C700210CD6D01109B
:109C400001000000A0700210000B000000000000E6
:109C500000001B01000000000000000000000000E8
:109C60000000000000000000557001102971011073
:109C7000E56B0110DD6B0110810100200000000088
:109C8000000000000000000000000000949C021092
:109C900006FF0100808027A041A04020840000C072
:109CA000000000007D300110297C0110097D0110A9
:109CB00000000000B57C0110857D01104D7C011075
:109CC000897C011019030020917D0110817E011013
:109CD000217D01106D7D01100D7C0110417D011071
:109CE000717C01106D7E0110417E011000000000AA
:109CF00000000000C900000010000000000000008B
:109D00000000000002000000B4580210C80000006B
:109D10001000000000000000010000000000000032
:109D2000B458021000000200158001106D7F011070
:109D30000D8301100000000039810110DD7F01104A
:109D4000B97F01108D7F0110997F0110E97F01100B
:109D500009800110E982011000000000517F01100C
:109D600000000000000000000000000000000000F3
:109D700000000000000000000D0E10001A1B1C0067
:109D800006005250D3F075429471021006005250F2
:109D9000E182887F9C71021006005250ABB3605381
:109DA0002070021006005250BBFF3CB6AC7102108E
:109DB00006005250861C0302B47102100600525075
:109DC0005422A29DC871021005005250DE65F4684D
:109DD00074C3021000000000000000000000F03F0B
:109DE0000000000000002440000000000000594076
:109DF0000000000000408F40000000000088C340C9
:109E000000000000006AF8400000000080842E413D
:109E100000000000D01263410000000084D7974189
:109E20000000000065CDCD410D0A000000000000DB
:109E30009DD2011000000000A1D20110ADD201108E
:109E4000D9D20110D5D20110000000000A00000094
:109E500000000306A6000800020002009C00140097
:109E6000030057494E555342000000000000000017
:109E70000000800004000100280044006500760016
:109E800069006300650049006E007400650072009F
:109E9000660061006300650047005500490044000A
:109EA00000004E007B006200630037003300390081
:109EB0003800630031002D00370033006300640078
:109EC0002D0034006300620037002D003900380097
:109ED000620038002D003900310033006100380085
:109EE00066006300610037006200660036007D0096
:109EF00000000000050F2100011C100500DF60DDDF
:109F0000D88945C74C9CD2659D9E648A9F000003FA
:109F100006A6000100000000000000001072021000
:109F200020720210DC57002028720210BC4F021071
:109F300009025400030100807D080B0002020200A8
:109F400000090400000102020004052400200105AC
:109F500024010001042402060524060001070581EE
:109F60000308001009040100020A000000070502AE
:109F700002400000070582024000000904020000C0
:109F8000FF00010512011002EF0201408A2E0900B4
:109F900000010102030100000000000071E5011052
:109FA000E1E5011005E6011051E6011009E7011095
:109FB000C9E701100000000000000000C1E8011026
:109FC0001DE9011039E901105DE9011031D30110DB
:109FD00051EA011000000000002020202020202055
:109FE0002020282828282820202020202020202049
:109FF0002020202020202020208810101010101059
:10A0000010101010101010101004040404040404A4
:10A01000040404101010101010104141414141413E
:10A020000101010101010101010101010101010120
:10A030000101010110101010101042424242424230
:10A0400002020202020202020202020202020202F0
:10A050000202020210101010200000000000000098
:10A0600000000000000000000000000000000000F0
:10A0700000000000000000000000000000000000E0
:10A0800000000000000000000000000000000000D0
:10A0900000000000000000000000000000000000C0
:10A0A00000000000000000000000000000000000B0
:10A0B00000000000000000000000000000000000A0
:10A0C0000000000000000000000000000000000090
:0CA0D00000000000000000000000000084
:08A0DC003867FF7F010000005E
:10A0E400809D02108C9D0210989D0210A49D021068
:0CA0F400B09D0210BC9D0210C89D02101F
:10A1000043784BB10023437010EE1020C3785340C6
:10A1100003F0A80320EE10308378A3B1D90704D54B
:10A1200002224FF0010141EC40209A0704D504229D
:10A130004FF0010141EC40205B0704D506234FF0AE
:10A14000010242EC4030704710EE1800C0F380501E
:10A150008001704708B5044BD3F89C309847012222
:10A16000024B1A6308BD00BF482600200000305093
:10A17000C268D06892F82030884210D003F04800BE
:10A18000082804BF43F0400382F82030124B134AE2
:10A19000D3F898304B409BB2C2F8983070471907FB
:10A1A0000FD523F0400382F820309B06F6D50A49EC
:10A1B000938BD1F89810094A4B409BB2C2F8983063
:10A1C0007047054A80B2D2F89820044B504080B2C4
:10A1D000C3F89800704700BF00800A4000900A4012
:10A1E0001A4B1B4A984210B411682DD8194B9B6822
:10A1F000984238BF18460E2888BF0E38164B1A688A
:10A2000082420FD0154A164C1268186001EB4103C8
:10A2100002F01F0204EBC30301F1040C44F82C000C
:10A22000C3F8D82001230E4A8B401068034208D19E
:10A2300011680B431360D2F8703143F48073C2F895
:10A2400070315DF8044B70470648D7E73F420F0076
:10A250002451002010510020543C0020285100209F
:10A260000000305032420F0030B5204B83B053F81D
:10A27000205055B195F90930002B26DBEB68B3F57A
:10A28000007F04D0B3F5806F01D003B030BD002350
:10A29000174A0093146E10EE183010EE181010EEDE
:10A2A0001820C1F34041C3F3C03343EA4103C2F372
:10A2B000804243EA820303F007038DF8003023460F
:10A2C000009803B0BDE830401847044628222946CC
:10A2D000084801F019FA0028D0D000220F212046AA
:10A2E00003B0BDE8304001F00BBA00BF8C3900204C
:10A2F0004826002049760110024A13680133136092
:10A30000704700BF803300204FF0000C1820074B2F
:10A310001A6883F809C05A6019681A68194401322A
:10A32000C2F309021A60C872704700BF684100207A
:10A330004FF0504310B5026893F90040EFF31083DB
:10A3400072B6D2E8CFCF0121BCF1000FF9D1C2E83B
:10A350004C1FBCF1000FF4D1BFF35F8F90F90420C4
:10A36000002A1CDB00210268C2E88F1F83F31088DB
:10A3700020BF0268EFF3108372B6D2E8CFEF5FF030
:10A38000010CBEF1000FF8D1C2E84ECFBEF1000FB4
:10A39000F3D1BFF35F8F90F90420002AE3DA0022A3
:10A3A00001680471C1E88F2F83F3108810BD00BFCE
:10A3B000034600B50268EFF3108C72B6D2E8CFEF17
:10A3C0000120BEF1000FF9D1C2E84E0FBEF1000F1F
:10A3D000F4D1BFF35F8F93F90420002A0ADB01B1A7
:10A3E0000A60002000221B68C3E88F2F8CF31088BE
:10A3F0005DF804FB4FF05042126801201A71F1E73A
:10A400004FF050412DE9F0410027044616461D4605
:10A41000D1F8008008E0C1E88F7F8CF310883046C7
:10A42000294601F05DF9E8B92168EFF3108C72B6A6
:10A43000D1E8CF2F0123002AFAD1C1E8423F002AF8
:10A44000F6D1BFF35F8F94F904302168002BE2DA74
:10A45000002384F80480C1E88F3F8CF3108801202A
:10A46000BDE8F0810020BDE8F08100BF30B5046890
:10A47000EFF3108C72B6D4E8CFEF0125BEF1000FD8
:10A48000F9D1C4E84E5FBEF1000FF4D1BFF35F8F86
:10A4900090F904400568002C10DB0021C5E88F1FEF
:10A4A0008CF310884FF0504595F90050A54201D12A
:10A4B000084630BDBDE83040FFF7A2BF4FF0504224
:10A4C000126800230271C5E88F3F8CF310880120C9
:10A4D00030BD00BF70B505460C4601F0F1F80246EC
:10A4E0000B464FF47A704FF0FF3E6FF0004CE4FBE8
:10A4F000002396457CEB030138BF72462846BDE831
:10A50000704038BF6346FFF77BBF00BF0368EFF3BF
:10A51000108272B6D3E8CFCF0121BCF1000FF9D180
:10A52000C3E84C1FBCF1000FF4D1BFF35F8F4FF0B5
:10A53000FF0C0023016880F804C0C1E88F3F82F35C
:10A54000108840BF704700BF10B40A4C23786BB925
:10A55000094BC3F1804103F5807001F56021CA58B1
:10A5600043F8042F8342FAD1012323705DF8044B92
:10A57000704700BF0E59002004310020004B1847DF
:10A5800009310020034B1A6A02609A6A42605B6AD2
:10A590008360704700000D4008B500234021DB8A2E
:10A5A00044F246409847006808BD00BF38B50546EC
:10A5B00000F006F90023084C05F1080204EB8301C2
:10A5C00049680133062B42F8041FF7D12846BDE83D
:10A5D0003840FFF7D7BF00BF0000044010B5044665
:10A5E000FFF7DAFF1CB10088C0F3033010BD0A206A
:10A5F00010BD00BF10B504460120FFF7EFFF38B9CA
:10A600002268074B1A6262689A62A2685A6210BD99
:10A610004FF480514AF20202014BD9621A6310BD15
:10A6200000000D40002330B4064D00F1080205EB98
:10A63000830152F8044F0133062B4C60F7D130BC34
:10A64000FFF7D8BF000004402DE9F0434318B3F5ED
:10A65000800F04460D468BB049D80023DB8A0022C8
:10A6600042E800F2560254BF1021042144F249602E
:10A67000984700238146DB8A002242E800F250021C
:10A6800054BF1021042145F6450098470023804619
:10A69000DB8A002242E800F2510254BF102104215B
:10A6A00044F25250984700230746DB8A002242E8D2
:10A6B00000F2520254BF1021042144F24630984760
:10A6C0000646FFF741FF01A8FFF770FFC847C047E4
:10A6D000D8234FF4803229462046B847B047FFF7C9
:10A6E0004DFF01A8FFF79EFF0BB0BDE8F08300F01F
:10A6F000FBFFB2E72DE9F0478318B3F5800F04465E
:10A70000154688468AB047D80023DB8A002242E8F3
:10A7100000F2560254BF1021042144F249609847C8
:10A7200000238246DB8A002242E800F2500254BF36
:10A730001021042145F64500984700238146DB8A15
:10A74000002242E800F2510254BF1021042145F2D8
:10A750005200984700230746DB8A002242E800F2B5
:10A76000520254BF1021042144F246309847064655
:10A77000FFF7EAFE01A8FFF719FFD047C8472A46AE
:10A7800041462046B847B047FFF7F8FE01A8FFF75B
:10A7900049FF0AB0BDE8F08700F0A6FFB4E700BFAC
:10A7A0000144884206D2002302F1C052835408308B
:10A7B0008142FBD8BFF34F8FBFF36F8F704700BF4D
:10A7C00001224FF480410148FFF7EABF00C0FF03B8
:10A7D0000022114608B5D30003F1A043013203F56E
:10A7E00080130F2A9960D960F5D14FF4707200215F
:10A7F000034800F069FF034B034A1A6008BD00BF1D
:10A80000C8350020A43B0020800110502DE9F04FF6
:10A810001F4B85B0D3F858A0BAF1000F22D0002406
:10A8200001254FF4E069DFF870801A4F01E0202C19
:10A8300018D00AEA0502611C2346AB46CCB26D0073
:10A84000002AF4D004F0010203F0FE06164407EBE0
:10A8500046163046C8F858B000F024FA28B93AEA4B
:10A860000B0AE4D105B0BDE8F08F00238DF8093064
:10A87000B37801A88DF80830F38A0121ADF804906F
:10A88000039300F02DFA304600F0B2F9E7E700BF7D
:10A89000000011508835002000301150F0B56E4B8B
:10A8A00085B0D3F8985015F4003430D06B496C4B18
:10A8B000896A6C4C0022196004F5806602E040341D
:10A8C000A6420CD0E37E022BF9D1A77E002FF6D052
:10A8D000237F002B4AD13A464034A642F2D13AB9FE
:10A8E000614B1B7823B94FF40032604BC3F89020C2
:10A8F0004FF44072584B01219B6C01A8C3F30A032B
:10A900000293ADF804204FF4003400F0E9F9EA06B0
:10A9100033D4EB0320D5564E44F48034B37E002B61
:10A9200078D1012396F83A20F370002A5DD10123F3
:10A930004FF4C0614F4AADF8041086F8233092E816
:10A94000030004AA02E90300194601A800F0C8F9AF
:10A950004FF40032454B1A65E90430D46A0420D420
:10A960002B040FD4AC4271D105B0F0BD00232046BA
:10A97000237700F065F93A46AEE744F01004FFF79C
:10A9800045FFC6E74FF4A063012101A8ADF80430EC
:10A9900000F0A6F94FF40062344B44F400441A6509
:10A9A000E0E74FF48063012101A8ADF8043000F026
:10A9B00097F910222D4B44F480441A65D0E7002605
:10A9C000254B44F480541E60FFF702FF4FF4807360
:10A9D000012101A8ADF804308DF8086000F080F97D
:10A9E0004FF40022214B1A65B8E7234A1366A2F5FB
:10A9F0000052536ED807FCD54FF44052002119483D
:10AA000000F0FCF8174800F0F3F80122174B5A66E3
:10AA10001A668CE70221184B0F4A1966536E9F077E
:10AA2000FCD54FF440520021114800F0E7F81048DF
:10AA300000F0DEF802220D4B5A661A66012396F8E2
:10AA40003A20F370002A3FF472AFCEE70B4884EA55
:10AA5000050100F041FE00BF0000115000000B4056
:10AA60007C330020A83500200B5900200030115005
:10AA70008835002000001050002011503472021060
:10AA800070B4858A068BC378AE4228BF2E46B3F1D8
:10AA9000000C18BF4FF0010CAD1B447883F001038C
:10AAA000ADB20246C370858246F4806040EA4C3005
:10AAB000A4B9D2E903434FEA811C5EB10CF1FF3C1B
:10AAC000A4449D1913F8014BAB420CF8014FF9D186
:10AAD0001369958A3344136140F400400DB940F482
:10AAE000804001B1000470BC704700BF8368844699
:10AAF000186801B1000C9CF80130C0F3090063B97B
:10AB0000BCF816300344ACF81630BCF81830834259
:10AB100084BF0023ACF814307047DCE9033203EB48
:10AB20008113E8B100B5013A03EB000E13F8011BE5
:10AB3000734502F8011FF9D1BCF81630DCF810207B
:10AB40000344ACF81630BCF818300244834288BF86
:10AB50000023CCF8102088BFACF814305DF804FB5B
:10AB6000BCF8163002440344ACF81630CCF8102080
:10AB7000CBE700BF10B50446836800211B68FFF7D0
:10AB8000B5FF63681B685B0002D5238B834200D04E
:10AB900010BD2046BDE810400121FFF7A7BF00BF50
:10ABA000084B1B6C13F0020302D18278D20901D149
:10ABB00000207047C07EA0F10200B0FA80F040098A
:10ABC000704700BF0000115008B5FFF7E9FF50B112
:10ABD000054A064B906A1B68A0F54870C01AC62843
:10ABE0008CBF0020012008BD00000B407C330020FA
:10ABF0000023C0E904338376704700BF10B5836833
:10AC000009B11C68214082B1114352050DD51A6863
:10AC100054050CD4084A21F480641C60126C92071D
:10AC200003D40C23033BFDD28368196010BD8178E7
:10AC3000024800F051FD00BF0000115048720210A0
:10AC400030B54368002183B004461D68FFF718FF44
:10AC5000134B40F48052196CA37889070ED55B061C
:10AC60000ED025F0A04545F0005500212046636830
:10AC70001D6003B0BDE83040FFF7C0BFDB09F0D076
:10AC8000A38A002BEDD0012120460192FFF7F8FEA8
:10AC9000019A25F00055024345F0A045E5E700BFC5
:10ACA0000000115038B5857E044695B1FFF762FF6C
:10ACB000A38A0BB9284638BD2046FFF785FF20B18F
:10ACC000012323770025284638BD2046FFF7B8FF2B
:10ACD000F8E78178014800F0FFFC00BF68720210BD
:10ACE0002DE9F04343788046023B0D4685B0042BA6
:10ACF00013D8DFE803F0034A6C75440000217C4B55
:10AD00001A7822F001021A701A7822F002021A70E0
:10AD100059701A7861F382021A70764B1C68636965
:10AD2000EFF3108272B6D3E8CF0F01210028FAD1D9
:10AD3000C3E8401F0028F6D1BFF35F8FA2614146F0
:10AD4000204600F0D5FC00236269C2E88F3FA3696A
:10AD500083F3108848B94FF0E023D3F8F03DDB07C8
:10AD60000AD500BE05B0BDE8F0832A4698F8011068
:10AD700098F8000000F0C0FC05B0BDE8F0835E4A22
:10AD800013780133DBB21370C7E70024DFF8749146
:10AD9000234699F80020594F594E12E0336813EBBF
:10ADA000441306D0DB6923B1D8F8041098F80000EA
:10ADB000984799F800200134E4B2511CA14223467F
:10ADC00017DBA242EAD89B1A07EB4313EAE7484B8A
:10ADD0001A78D607D0D51A7842F004021A709CE788
:10ADE000434B1A78D407C7D51A7822F004021A7098
:10ADF00093E73F4C237858073AD4E378DA07BBD57A
:10AE0000032300263B4A98F800101468D8F8042061
:10AE10008DF804108DF805306369CDF80660CDF823
:10AE20000A60ADF80E600292EFF3108272B6D3E8BA
:10AE3000CF0F01210028FAD1C3E8401F0028F6D126
:10AE4000BFF35F8F2046A26101A900F051FC636946
:10AE5000C3E88F6FA36983F3108800283FF47BAFAA
:10AE60002A469DF805109DF8040000F045FC83E794
:10AE70002378002723F00403237005231D4A8DF84F
:10AE80000530166898F80020ADF80E708DF8042093
:10AE90007369CDF80670CDF80A70EFF3108272B6C0
:10AEA000D3E8CF0F01210028FAD1C3E8401F0028C2
:10AEB000F6D1BFF35F8F3046B26101A900F018FCF4
:10AEC0007369C3E88F7FB36983F3108838B94FF093
:10AED000E023D3F8F03DD9078FD500BE8DE72A4691
:10AEE0009DF805109DF8040000F006FC85E700BF02
:10AEF000C42C00201C2D00200C590020989F02100B
:10AF0000F42A00200A59002008B52DED028B08EE26
:10AF1000100A00F01DF8B4EE488AF1EE10FA06D6D9
:10AF2000DFED0A8AB4EEE88AF1EE10FA02D4BDEC45
:10AF3000028B08BD00F0CCFBC8EEA87A03462122A4
:10AF40001A60BDEC028B17EE900A08BD00000000ED
:10AF500007EE900AF1EEE77A17EE900A704700BF0D
:10AF6000C0F3C75200280146A2F17F0CACBF0120FC
:10AF70004FF0FF30BCF11E0F0FDCBCF1000F1EDBE9
:10AF8000C1F31603BCF1160F43F400030CDD963A2F
:10AF900003FA02F202FB00F0704707EE901AFDEE92
:10AFA000E77A17EE900A70474FF48002CCF1170150
:10AFB00042FA0CF21A44CA4002FB00F07047BCF19E
:10AFC000FF3F18BF0020704781F0004102E000BF42
:10AFD00083F0004330B54FEA41044FEA430594EA59
:10AFE000050F08BF90EA020F1FBF54EA000C55EA94
:10AFF000020C7FEA645C7FEA655C00F0E2804FEA65
:10B000005454D4EB5555B8BF6D420CDD2C4480EA46
:10B01000020281EA030382EA000083EA010180EA76
:10B02000020281EA0303362D88BF30BD11F0004FC4
:10B030004FEA01314FF4801C4CEA113102D04042FA
:10B0400061EB410113F0004F4FEA03334CEA133335
:10B0500002D0524263EB430394EA050F00F0A7804D
:10B06000A4F10104D5F1200E0DDB02FA0EFC22FA48
:10B0700005F2801841F1000103FA0EF2801843FA3C
:10B0800005F359410EE0A5F120050EF1200E012A2D
:10B0900003FA0EFC28BF4CF0020C43FA05F3C0186B
:10B0A00051EBE37101F0004507D54FF0000EDCF1E4
:10B0B000000C7EEB00006EEB0101B1F5801F1BD38D
:10B0C000B1F5001F0CD349085FEA30004FEA3C0C91
:10B0D00004F101044FEA445212F5800F80F09A8087
:10B0E000BCF1004F08BF5FEA500C50F1000041EB8B
:10B0F000045141EA050130BD5FEA4C0C404141EB8F
:10B100000101013C28BFB1F5801FE9D291F0000F89
:10B1100004BF01460020B1FA81F308BF2033A3F138
:10B120000B03B3F120020CDA0C3208DD02F1140C2F
:10B13000C2F10C0201FA0CF021FA02F10CE002F16A
:10B140001402D8BFC2F1200C01FA02F120FA0CFC63
:10B15000DCBF41EA0C019040E41AA2BF01EB0451AC
:10B16000294330BD6FEA04041F3C1CDA0C340EDCAA
:10B1700004F11404C4F1200220FA04F001FA02F3ED
:10B1800040EA030021FA04F345EA030130BDC4F1AB
:10B190000C04C4F1200220FA02F001FA04F340EAA0
:10B1A0000300294630BD21FA04F0294630BD94F051
:10B1B000000F83F4801306BF81F480110134013D38
:10B1C0004EE77FEA645C18BF7FEA655C29D094EAA9
:10B1D000050F08BF90EA020F05D054EA000C04BF27
:10B1E0001946104630BD91EA030F1EBF0021002012
:10B1F00030BD5FEA545C05D14000494128BF41F0B1
:10B20000004130BD14F580043CBF01F5801130BD14
:10B2100001F0004545F0FE4141F470014FF000009F
:10B2200030BD7FEA645C1ABF194610467FEA655C50
:10B230001CBF0B46024650EA013406BF52EA0335F2
:10B2400091EA030F41F4002130BD00BF90F0000FE0
:10B2500004BF0021704730B54FF4806404F132041C
:10B260004FF000054FF0000150E700BF90F0000FD5
:10B2700004BF0021704730B54FF4806404F13204FC
:10B2800010F0004548BF40424FF000013EE700BFCC
:10B2900042004FEAE2014FEA31014FEA02701FBF5C
:10B2A00012F07F4393F07F4F81F06051704732F08E
:10B2B0007F4208BF704793F07F4F04BF41F40021E5
:10B2C000704730B54FF4607401F0004521F0004143
:10B2D0001CE700BF50EA010208BF704730B54FF0CD
:10B2E00000050AE050EA010208BF704730B511F0CE
:10B2F000004502D5404261EB41014FF4806404F106
:10B3000032045FEA915C3FF4D8AE4FF003025FEA8B
:10B31000DC0C18BF03325FEADC0C18BF033202EB0F
:10B32000DC02C2F1200300FA03FC20FA02F001FA69
:10B3300003FE40EA0E0021FA02F11444BDE600BF0C
:10B3400053B94AB9002908BF00281CBF4FF0FF318C
:10B350004FF0FF3000F0B2B9ADF1080C6DE904CE4A
:10B3600000F006F8DDF804E0DDE9022304B07047E0
:10B370002DE9F04F8C46099E04460F46002B48D11C
:10B380008A4215465ED9B2FA82F33BB1C3F120027C
:10B390009F409D409C4020FA02F217434FEA154E11
:10B3A0001FFA85FC220CB7FBFEF10EFB117701FBA7
:10B3B0000CF042EA0742904207D9AA1801F1FF3780
:10B3C00002D2904200F258813946121AA4B2B2FB5E
:10B3D000FEF00EFB102200FB0CFC44EA0244A445E4
:10B3E0000BD92C1900F1FF322CBF01270027A445EF
:10B3F00002D9002F00F04381104640EA0140A4EB3F
:10B400000C0400211EB1DC400023C6E90043BDE866
:10B41000F08F8B4206D90EB1C6E900010021084623
:10B42000BDE8F08FB3FA83F1002951D16345C0F034
:10B430001681824240F213810846002EE7D0C6E909
:10B440000047E4E7002A00F0AF80B2FA82F3002B55
:10B4500040F0C2808A1A4FEA154EAFB20121200C8B
:10B46000B2FBFEFC0EFB1C2240EA024207FB0CF082
:10B4700090420ED9AA180CF1FF382CBF4FF00109E9
:10B480004FF00009904203D9B9F1000F00F0F080AD
:10B49000C446121AA4B2B2FBFEF00EFB102200FB4F
:10B4A00007F744EA0244A7420ED92C1900F1FF32F3
:10B4B0002CBF4FF0010E4FF0000EA74203D9BEF192
:10B4C000000F00F0D2801046E41B40EA0C4099E7E0
:10B4D000C1F120058B400CFA01F400FA01F922FABF
:10B4E00005F72CFA05FC8A401F4320FA05F3380CB7
:10B4F00023431FFA87FE1C0CBCFBF0F800FB18CCA2
:10B5000044EA0C4408FB0EFCA4450ED93C1908F192
:10B51000FF3A2CBF4FF0010B4FF0000BA44503D9AD
:10B52000BBF1000F00F0B880D046A4EB0C041FFA6A
:10B5300083FCB4FBF0F300FB134403FB0EFE4CEA68
:10B540000444A6450ED93C1903F1FF302CBF4FF03F
:10B55000010C4FF0000CA64503D9BCF1000F00F020
:10B560009F80034643EA0840A4EB0E04A0FB02ECD4
:10B5700064457346E04602D307D1F14505D2BEEBE0
:10B5800002036CEB070C0138E0465EB1B9EB030235
:10B5900064EB080404FA05F522FA01F3CC401D43DC
:10B5A000C6E90054002132E742082F464B08AC465A
:10B5B00042EAC172AE46C407110C92B241EA03419D
:10B5C00042EA0142B1FBF5F1B3FBF5F01F23A2EB18
:10B5D0000C0241EA004142E79D40C3F1200299403C
:10B5E0009C402CFA02FC4FEA154E20FA02F2AFB250
:10B5F000BCFBFEF80A430EFB18CC110C41EA0C41CF
:10B6000008FB07FC8C4550D9691808F1FF302CBFA6
:10B610004FF001094FF000098C4502D9B9F1000F34
:10B6200030D0A1EB0C01B1FBFEF808FB07FC0EFBD0
:10B63000181192B242EA0142624534D2AA1808F1C6
:10B64000FF312CBF4FF001094FF000096245BED217
:10B65000B9F1000FBBD1A8F102012A44B7E7841A5F
:10B660006CEB030201201746E7E62C4402382BE777
:10B67000ACF1020C2A440CE702392A44A5E62C441A
:10B680000238BAE6A5EB0C0CA8F102006144B1FB4C
:10B69000FEF808FB07FCCAE7A8F102083C4444E7AF
:10B6A000023B3C445EE7414691E7A1EB0C0140467A
:10B6B000B1FBFEF808FB07FCB9E700BF704700BF0D
:10B6C0005FF800F0899D01105FF800F0ADFF0110F8
:10B6D0005FF800F0ED0702105FF800F01D8A01101E
:10B6E0005FF800F0819C01105FF800F0518A0110B2
:10B6F0005FF800F0CDF001105FF800F081D7011085
:10B700005FF800F0FD8F01105FF800F0B904001041
:10B71000FF0000000000000000000000000000002A
:10B720000000803F0000803F0000803F4017002065
:10B7300001130000208902106300000090760210BF
:10B7400065000000687302100000000000000000A7
:10B7500095A40010000000000000000000000000A0
:10B76000737465702F6D6D00000000006D6D2F7398
:10B7700065635E32000000006D6D2F6D696E000024
:10B780006D6D00004175746F206D6F756E74205380
:10B790004420636172642C48696465204C69747448
:10B7A0006C65465300000000582D417869732C5990
:10B7B0002D417869732C5A2D41786973000000007F
:10B7C000466C6F6F642C4D69737400005370696E22
:10B7D000646C6520656E61626C652C5370696E6483
:10B7E0006C6520646972656374696F6E2C50574D87
:10B7F0000000000052657365742C4665656420681E
:10B800006F6C642C4379636C652073746172742C63
:10B8100053616665747920646F6F722C426C6F633C
:10B820006B2064656C6574652C4F7074696F6E6114
:10B830006C2073746F702C4553746F702C50726F42
:10B84000626520636F6E6E65637465642C4D6F7402
:10B850006F72206661756C742C4D6F746F722077F7
:10B8600061726E696E672C4C696D697473206F76B6
:10B870006572726964652C53696E676C65207374B8
:10B88000657020626C6F636B73000000416C6C6FBD
:10B89000772066656564206F766572726964652CD1
:10B8A0004170706C7920736F6674206C696D697477
:10B8B000732C4E2F412C4175746F2073656C65633A
:10B8C0007420746F6F6C7365747465722C41757439
:10B8D0006F2073656C6563742070726F62652032CF
:10B8E00000000000456E61626C652C456E61626C03
:10B8F000652073696E676C65206178697320636F7A
:10B900006D6D616E64732C486F6D696E67206F6E2C
:10B9100020737461727475702072657175697265D7
:10B92000642C536574206D616368696E65206F7265
:10B930006967696E20746F20302C54776F2073779D
:10B9400069746368657320736861726573206F6ED4
:10B950006520696E7075742C416C6C6F77206D6119
:10B960006E75616C2C4F76657272696465206C6FC0
:10B97000636B732C4E2F412C557365206C696D6978
:10B98000742073776974636865732C5065722061E5
:10B99000786973206665656472617465732C52758D
:10B9A0006E20737461727475702073637269707441
:10B9B00073206F6E6C79206F6E20686F6D696E6793
:10B9C00020636F6D706C65746564000050726F6207
:10B9D000652C546F6F6C7365747465722C50726F44
:10B9E0006265203200000000FC1900202E000000DB
:10B9F000AC8B02100000000000000000F9270110CD
:10BA00000600000000000000000000000000000030
:10BA10000000000000000000000000000000000026
:10BA20000000000000000000000000000000000016
:10BA30000000000000000000000000000000000006
:10BA400000000000000000000000000000000000F6
:10BA500000000000F58C00106C1A002001000000AE
:10BA6000EC94021000000000000800000008000034
:10BA7000FFFFFFFF3F000000F098021000000000F1
:10BA800012000000E89A021000000000010000000F
:10BA9000389C021000000000000000005F00000061
:10BAA0000700000002000000240000000200000067
:10BAB000000000000000000061000000070000001E
:10BAC000040000002400000002000000000000004C
:10BAD00000000000630000000700000006000000F6
:10BAE0002400000002000000000000000000000030
:10BAF0006A000000070000000300000024000000AE
:10BB00000200000000000000000000006C000000C7
:10BB100007000000050000002400000002000000F3
:10BB200000000000000000006E00000007000000A0
:10BB300007000000240000000200000000000000D8
:10BB4000000000007F000000060000000C00000064
:10BB500024000000000000000000000000000000C1
:10BB60008C000000010000000E0000002400000016
:10BB7000000000000000000000000000BE00000007
:10BB80000F00000029000000240000000000000059
:10BB9000000000000000000092000000090000000A
:10BBA0001A00000024000000000000000000000057
:10BBB0000000000093000000090000001B000000CE
:10BBC0002400000000000000000000000000000051
:10BBD00094000000090000001C0000002400000088
:10BBE000000000000000000000000000AA000000AB
:10BBF0000B0000000D0000002400000000100000F9
:10BC00000000000000000000AB0000000B0000007E
:10BC100010000000240000000010000000000000E0
:10BC2000000000001F0000000000000000000F00E6
:10BC300000020000230000000000000000000000DF
:10BC400024000000000000000000110000020000BD
:10BC50002300000000000000000000002900000098
:10BC6000000000000000120000020000230000009D
:10BC700000000000000000003F0000000000000085
:10BC8000000015000000100023000000000000006C
:10BC900000000000FF00000001000000B41C0020B4
:10BCA00000000000000015008D7E0110F58C0010D2
:10BCB000F58C0010100000000000000000000100E2
:10BCC0000000000000000000000002000000000072
:10BCD0000000000000000300000000000000000061
:10BCE0000000FF000000000001B5486801318E46E9
:10BCF0000047704609380149884701BDF195011098
:10BD00000000000000000000000000000000000033
:10BD10000000000080230020202D002010000C00D7
:10BD20000000000000000000000000000000000013
:10BD300000000000FF000000FFFFFFFF0000020006
:10BD40000000000000000000501D0020501D0020D9
:10BD5000581D0020581D0020601D0020601D00207F
:10BD6000681D0020681D0020701D0020701D00202F
:10BD7000781D0020781D0020801D0020801D0020DF
:10BD8000881D0020881D0020901D0020901D00208F
:10BD9000981D0020981D0020A01D0020A01D00203F
:10BDA000A81D0020A81D0020B01D0020B01D0020EF
:10BDB000B81D0020B81D0020C01D0020C01D00209F
:10BDC000C81D0020C81D0020D01D0020D01D00204F
:10BDD000D81D0020D81D0020E01D0020E01D0020FF
:10BDE000E81D0020E81D0020F01D0020F01D0020AF
:10BDF000F81D0020F81D0020001E0020001E00205D
:10BE0000081E0020081E0020101E0020101E00200A
:10BE1000181E0020181E0020201E0020201E0020BA
:10BE2000281E0020281E0020301E0020301E00206A
:10BE3000381E0020381E0020401E0020401E00201A
:10BE4000481E0020481E0020501E0020501E0020CA
:10BE5000581E0020581E0020601E0020601E00207A
:10BE6000681E0020681E0020701E0020701E00202A
:10BE7000781E0020781E0020801E0020801E0020DA
:10BE8000881E0020881E0020901E0020901E00208A
:10BE9000981E0020981E0020A01E0020A01E00203A
:10BEA000A81E0020A81E0020B01E0020B01E0020EA
:10BEB000B81E0020B81E0020C01E0020C01E00209A
:10BEC000C81E0020C81E0020D01E0020D01E00204A
:10BED000D81E0020D81E0020E01E0020E01E0020FA
:10BEE000E81E0020E81E0020F01E0020F01E0020AA
:10BEF000F81E0020F81E0020001F0020001F002058
:10BF0000081F0020081F0020101F0020101F002005
:10BF1000181F0020181F0020201F0020201F0020B5
:10BF2000281F0020281F0020301F0020301F002065
:10BF3000381F0020381F0020401F0020401F002015
:10BF4000481F0020481F0020501F0020501F0020C5
:10BF5000581F0020581F0020601F0020601F002075
:10BF6000681F0020681F0020701F0020701F002025
:10BF7000781F0020781F0020801F0020801F0020D5
:10BF8000881F0020881F0020901F0020901F002085
:10BF9000981F0020981F0020A01F0020A01F002035
:10BFA000A81F0020A81F0020B01F0020B01F0020E5
:10BFB000B81F0020B81F0020C01F0020C01F002095
:10BFC000C81F0020C81F0020D01F0020D01F002045
:10BFD000D81F0020D81F0020E01F0020E01F0020F5
:10BFE000E81F0020E81F0020F01F0020F01F0020A5
:10BFF000F81F0020F81F0020002000200020002053
:10C000000820002008200020102000201020002000
:10C0100018200020182000202020002020200020B0
:10C020002820002028200020302000203020002060
:10C030003820002038200020402000204020002010
:10C0400048200020482000205020002050200020C0
:10C050005820002058200020602000206020002070
:10C060006820002068200020702000207020002020
:10C0700078200020782000208020002080200020D0
:10C080008820002088200020902000209020002080
:10C090009820002098200020A0200020A020002030
:10C0A000A8200020A8200020B0200020B0200020E0
:10C0B000B8200020B8200020C0200020C020002090
:10C0C000C8200020C8200020D0200020D020002040
:10C0D000D8200020D8200020E0200020E0200020F0
:10C0E000E8200020E8200020F0200020F0200020A0
:10C0F000F8200020F820002000210020002100204E
:10C1000008210020082100201021002010210020FB
:10C1100018210020182100202021002020210020AB
:10C12000282100202821002030210020302100205B
:10C13000382100203821002040210020402100200B
:10C14000482100204821002060210020000000003C
:10C1500000000000BC290020242A00208C2A002096
:10C1600000000000000000000000000000000000CF
:10C1700000000000000000000000000000000000BF
:10C1800000000000000000000000000000000000AF
:10C19000000000000000000000000000000000009F
:10C1A000000000000000000000000000000000008F
:10C1B000000000000000000000000000000000007F
:10C1C000000000000000000000000000000000006F
:10C1D000000000000000000000000000000000005F
:10C1E000000000000000000001000000000000004E
:10C1F0000E33CDAB34126DE6ECDE05000B00000013
:10C20000000000000000000000000000000000002E
:10C21000000000000000000000000000000000001E
:10C22000000000000000000000000000000000000E
:10C2300000000000000000000000000000000000FE
:10C2400000000000000000000000000000000000EE
:10C2500000000000000000000000000000000000DE
:10C2600000000000000000000000000000000000CE
:10C2700000000000000000000000000000000000BE
:10C2800000000000000000000000000000000000AE
:10C29000000000000000000000000000000000009E
:10C2A000000000000000000000000000000000008E
:10C2B000000000000000000000000000000000007E
:10C2C000000000000000000000000000000000006E
:10C2D000000000000000000000000000000000005E
:10C2E000000000000000000000000000000000004E
:10C2F000000000000000000000000000000000003E
:10C30000000000000000000000000000000000002D
:10C31000000000000000000000000000000000001D
:10C32000000000000000000000000000000000000D
:10C3300000000000000000000000000000000000FD
:10C3400000000000000000000000000000000000ED
:10C3500000000000000000000000000000000000DD
:10C36000D3DEFFFFFE010000FF010000D83DFDFF0E
:04C37000793512AB5E
:040000051000014D99
:00000001FF
