ISO-10303-21;
HEADER;
FILE_DESCRIPTION (( 'STEP AP214' ),
    '1' );
FILE_NAME ('436500328.STEP',
    '2024-03-24T14:47:06',
    ( 'LENOVO' ),
    ( '' ),
    'SwSTEP 2.0',
    'SolidWorks 2021',
    '' );
FILE_SCHEMA (( 'AUTOMOTIVE_DESIGN' ));
ENDSEC;

DATA;
#1 =( NAMED_UNIT ( * ) SI_UNIT ( $, .STERADIAN. ) SOLID_ANGLE_UNIT ( ) );
#2 = LINE ( 'NONE', #3444, #4190 ) ;
#3 = ORIENTED_EDGE ( 'NONE', *, *, #2728, .F. ) ;
#4 = FILL_AREA_STYLE ('',( #3821 ) ) ;
#5 = VECTOR ( 'NONE', #2411, 1000.000000000000000 ) ;
#6 = MECHANICAL_DESIGN_GEOMETRIC_PRESENTATION_REPRESENTATION (  '', ( #796 ), #2104 ) ;
#7 = ORIENTED_EDGE ( 'NONE', *, *, #1342, .F. ) ;
#8 = EDGE_CURVE ( 'NONE', #2673, #5948, #754, .T. ) ;
#9 = AXIS2_PLACEMENT_3D ( 'NONE', #2865, #3352, #5873 ) ;
#10 = ORIENTED_EDGE ( 'NONE', *, *, #5236, .F. ) ;
#11 = FACE_OUTER_BOUND ( 'NONE', #2073, .T. ) ;
#12 = PRESENTATION_LAYER_ASSIGNMENT (  '', '', ( #2956 ) ) ;
#13 = UNCERTAINTY_MEASURE_WITH_UNIT (LENGTH_MEASURE( 1.000000000000000082E-05 ), #1350, 'distance_accuracy_value', 'NONE');
#14 = DIRECTION ( 'NONE',  ( -0.000000000000000000, 1.000000000000000000, 1.801998070613027504E-16 ) ) ;
#15 = VECTOR ( 'NONE', #382, 1000.000000000000000 ) ;
#16 = ORIENTED_EDGE ( 'NONE', *, *, #2412, .T. ) ;
#17 = CARTESIAN_POINT ( 'NONE',  ( -6.325000000000003730, -3.252606517456513302E-16, -0.9549999999999924105 ) ) ;
#18 = DIRECTION ( 'NONE',  ( 1.000000000000000000, 0.000000000000000000, 0.000000000000000000 ) ) ;
#19 = PLANE ( 'NONE',  #174 ) ;
#20 = PLANE ( 'NONE',  #4298 ) ;
#21 = VERTEX_POINT ( 'NONE', #2812 ) ;
#22 = ORIENTED_EDGE ( 'NONE', *, *, #3856, .F. ) ;
#23 = EDGE_CURVE ( 'NONE', #1509, #1991, #2816, .T. ) ;
#24 = PRESENTATION_LAYER_ASSIGNMENT (  '', '', ( #4135 ) ) ;
#25 = EDGE_CURVE ( 'NONE', #5581, #2965, #4956, .T. ) ;
#26 = DIRECTION ( 'NONE',  ( 0.000000000000000000, -2.995465716473997569E-16, -1.000000000000000000 ) ) ;
#27 = VECTOR ( 'NONE', #1170, 1000.000000000000000 ) ;
#28 = ORIENTED_EDGE ( 'NONE', *, *, #3952, .F. ) ;
#29 = DIRECTION ( 'NONE',  ( 1.000000000000000000, -0.000000000000000000, -4.494102269369967741E-16 ) ) ;
#30 = LINE ( 'NONE', #205, #2094 ) ;
#31 = ORIENTED_EDGE ( 'NONE', *, *, #3778, .F. ) ;
#32 = DIRECTION ( 'NONE',  ( -0.000000000000000000, -0.000000000000000000, 1.000000000000000000 ) ) ;
#33 = DIRECTION ( 'NONE',  ( -1.233548213626064722E-31, 1.000000000000000000, -2.744815626545581052E-16 ) ) ;
#34 = VERTEX_POINT ( 'NONE', #1824 ) ;
#35 = CARTESIAN_POINT ( 'NONE',  ( -6.325000000000001066, 0.000000000000000000, -1.584999999999999964 ) ) ;
#36 = PLANE ( 'NONE',  #3033 ) ;
#37 = EDGE_CURVE ( 'NONE', #3694, #5434, #794, .T. ) ;
#38 = DIRECTION ( 'NONE',  ( 0.000000000000000000, 0.000000000000000000, -1.000000000000000000 ) ) ;
#39 = LINE ( 'NONE', #4878, #4248 ) ;
#40 = EDGE_LOOP ( 'NONE', ( #2060, #2093, #1783, #1968 ) ) ;
#41 = LINE ( 'NONE', #1818, #4112 ) ;
#42 = ORIENTED_EDGE ( 'NONE', *, *, #2682, .T. ) ;
#43 = VERTEX_POINT ( 'NONE', #5615 ) ;
#44 = CARTESIAN_POINT ( 'NONE',  ( 0.3199999999999991185, 0.6699999999999998179, -0.5599999999999930589 ) ) ;
#45 = CARTESIAN_POINT ( 'NONE',  ( 5.389999999999999680, 0.000000000000000000, -1.584999999999999964 ) ) ;
#46 = LINE ( 'NONE', #5920, #2119 ) ;
#47 = ORIENTED_EDGE ( 'NONE', *, *, #969, .F. ) ;
#48 = LINE ( 'NONE', #5494, #4228 ) ;
#49 = ORIENTED_EDGE ( 'NONE', *, *, #1863, .T. ) ;
#50 = VERTEX_POINT ( 'NONE', #4763 ) ;
#51 = ADVANCED_FACE ( 'NONE', ( #4963 ), #1196, .F. ) ;
#52 = CARTESIAN_POINT ( 'NONE',  ( 6.000000000000000000, 3.300000000000000711, 0.000000000000000000 ) ) ;
#53 = EDGE_CURVE ( 'NONE', #2694, #72, #5066, .T. ) ;
#54 = CARTESIAN_POINT ( 'NONE',  ( 2.679999999999999272, 3.300000000000000711, 0.6349999999999988987 ) ) ;
#55 = VECTOR ( 'NONE', #904, 1000.000000000000000 ) ;
#56 = ORIENTED_EDGE ( 'NONE', *, *, #1452, .F. ) ;
#57 = CARTESIAN_POINT ( 'NONE',  ( 1.269999999999999130, 3.300000000000000711, -0.9550000000000011813 ) ) ;
#58 = EDGE_CURVE ( 'NONE', #3849, #1610, #5047, .T. ) ;
#59 = CARTESIAN_POINT ( 'NONE',  ( -5.389999999999997904, 1.849999999999999201, 2.274999999999999023 ) ) ;
#60 = ORIENTED_EDGE ( 'NONE', *, *, #897, .F. ) ;
#61 = ORIENTED_EDGE ( 'NONE', *, *, #3917, .F. ) ;
#62 = LINE ( 'NONE', #1557, #4219 ) ;
#63 = CARTESIAN_POINT ( 'NONE',  ( -6.325000000000002842, 1.269999999999999796, 1.190000000000007718 ) ) ;
#64 =( LENGTH_UNIT ( ) NAMED_UNIT ( * ) SI_UNIT ( .MILLI., .METRE. ) );
#65 = VECTOR ( 'NONE', #531, 1000.000000000000000 ) ;
#66 = ORIENTED_EDGE ( 'NONE', *, *, #5222, .F. ) ;
#67 =( NAMED_UNIT ( * ) PLANE_ANGLE_UNIT ( ) SI_UNIT ( $, .RADIAN. ) );
#68 = LINE ( 'NONE', #2706, #4287 ) ;
#69 = ORIENTED_EDGE ( 'NONE', *, *, #636, .T. ) ;
#70 = DIRECTION ( 'NONE',  ( -0.000000000000000000, -0.000000000000000000, 1.000000000000000000 ) ) ;
#71 = CARTESIAN_POINT ( 'NONE',  ( -6.325000000000003730, 0.6699999999999997069, -0.9549999999999922995 ) ) ;
#72 = VERTEX_POINT ( 'NONE', #5561 ) ;
#73 = LINE ( 'NONE', #4868, #2321 ) ;
#74 = CARTESIAN_POINT ( 'NONE',  ( 0.3199999999999991185, 1.349999999999999867, -0.005000000000001448598 ) ) ;
#75 = CARTESIAN_POINT ( 'NONE',  ( -1.270000000000001128, 3.300000000000000711, -0.9550000000000008482 ) ) ;
#76 = CARTESIAN_POINT ( 'NONE',  ( 1.729999999999998872, 9.900000000000000355, 1.584999999999999076 ) ) ;
#77 = EDGE_CURVE ( 'NONE', #4913, #2758, #2985, .T. ) ;
#78 = DIRECTION ( 'NONE',  ( 0.000000000000000000, 1.000000000000000000, 2.017120320903263949E-16 ) ) ;
#79 = VECTOR ( 'NONE', #6057, 1000.000000000000000 ) ;
#80 = ORIENTED_EDGE ( 'NONE', *, *, #3777, .F. ) ;
#81 = LINE ( 'NONE', #1333, #167 ) ;
#82 = CARTESIAN_POINT ( 'NONE',  ( 0.3199999999999991185, 7.500000000000001776, -0.005000000000001097317 ) ) ;
#83 = ADVANCED_FACE ( 'NONE', ( #5007 ), #4020, .F. ) ;
#84 = ORIENTED_EDGE ( 'NONE', *, *, #5285, .F. ) ;
#85 = ORIENTED_EDGE ( 'NONE', *, *, #2270, .F. ) ;
#86 = LINE ( 'NONE', #4023, #4399 ) ;
#87 = DIRECTION ( 'NONE',  ( 1.000000000000000000, -0.000000000000000000, -4.494102269369967741E-16 ) ) ;
#88 = AXIS2_PLACEMENT_3D ( 'NONE', #2604, #175, #2898 ) ;
#89 = EDGE_CURVE ( 'NONE', #1409, #2902, #2997, .T. ) ;
#90 = DIRECTION ( 'NONE',  ( 0.000000000000000000, 3.388131789017201849E-16, -1.000000000000000000 ) ) ;
#91 = AXIS2_PLACEMENT_3D ( 'NONE', #2657, #2296, #3633 ) ;
#92 = DIRECTION ( 'NONE',  ( 0.000000000000000000, 0.000000000000000000, 1.000000000000000000 ) ) ;
#93 = LINE ( 'NONE', #3138, #2162 ) ;
#94 = ORIENTED_EDGE ( 'NONE', *, *, #441, .T. ) ;
#95 = PRESENTATION_LAYER_ASSIGNMENT (  '', '', ( #5450 ) ) ;
#96 = VECTOR ( 'NONE', #3143, 1000.000000000000000 ) ;
#97 = ORIENTED_EDGE ( 'NONE', *, *, #4921, .T. ) ;
#98 = ORIENTED_EDGE ( 'NONE', *, *, #1008, .F. ) ;
#99 = VECTOR ( 'NONE', #1917, 1000.000000000000000 ) ;
#100 = DIRECTION ( 'NONE',  ( -4.494102269369967741E-16, 0.000000000000000000, -1.000000000000000000 ) ) ;
#101 = VECTOR ( 'NONE', #4638, 1000.000000000000000 ) ;
#102 = ORIENTED_EDGE ( 'NONE', *, *, #1944, .F. ) ;
#103 = PLANE ( 'NONE',  #2343 ) ;
#104 = DIRECTION ( 'NONE',  ( 1.000000000000000000, -0.000000000000000000, -4.494102269369967741E-16 ) ) ;
#105 = DIRECTION ( 'NONE',  ( 0.000000000000000000, 0.000000000000000000, 1.000000000000000000 ) ) ;
#106 = FACE_OUTER_BOUND ( 'NONE', #1351, .T. ) ;
#107 = PRESENTATION_LAYER_ASSIGNMENT (  '', '', ( #3971 ) ) ;
#108 = ORIENTED_EDGE ( 'NONE', *, *, #4213, .T. ) ;
#109 = EDGE_CURVE ( 'NONE', #3766, #2259, #935, .T. ) ;
#111 = VERTEX_POINT ( 'NONE', #5309 ) ;
#110 = DIRECTION ( 'NONE',  ( 0.000000000000000000, 1.000000000000000000, -3.236424395479117765E-16 ) ) ;
#112 = ADVANCED_FACE ( 'NONE', ( #2863 ), #3514, .F. ) ;
#113 = LINE ( 'NONE', #610, #4264 ) ;
#114 = CARTESIAN_POINT ( 'NONE',  ( -0.3200000000000008393, 6.899999999999995026, -0.005000000000001097317 ) ) ;
#115 = LINE ( 'NONE', #1856, #2048 ) ;
#116 = ORIENTED_EDGE ( 'NONE', *, *, #3202, .F. ) ;
#117 = DIRECTION ( 'NONE',  ( 1.000000000000000000, 0.000000000000000000, 0.000000000000000000 ) ) ;
#118 = ORIENTED_EDGE ( 'NONE', *, *, #2628, .T. ) ;
#119 = CARTESIAN_POINT ( 'NONE',  ( 4.924999999999998934, 8.499999999999996447, -0.9550000000000011813 ) ) ;
#120 = VERTEX_POINT ( 'NONE', #991 ) ;
#121 = EDGE_CURVE ( 'NONE', #1841, #264, #3178, .T. ) ;
#122 = COLOUR_RGB ( '',1.000000000000000000, 0.8117647058823529438, 0.5019607843137254832 ) ;
#123 = CARTESIAN_POINT ( 'NONE',  ( 3.319999999999998952, 3.300000000000000711, 0.6349999999999988987 ) ) ;
#124 = DIRECTION ( 'NONE',  ( 0.000000000000000000, -0.000000000000000000, 1.000000000000000000 ) ) ;
#125 = PLANE ( 'NONE',  #6052 ) ;
#126 = FILL_AREA_STYLE_COLOUR ( '', #990 ) ;
#127 = DIRECTION ( 'NONE',  ( 0.000000000000000000, 1.000000000000000000, 1.801998070613027504E-16 ) ) ;
#128 = LINE ( 'NONE', #361, #2059 ) ;
#129 = VERTEX_POINT ( 'NONE', #3011 ) ;
#130 = LINE ( 'NONE', #5233, #4506 ) ;
#131 = DIRECTION ( 'NONE',  ( 0.000000000000000000, -2.995465716473997569E-16, -1.000000000000000000 ) ) ;
#132 = ORIENTED_EDGE ( 'NONE', *, *, #5428, .T. ) ;
#133 = ORIENTED_EDGE ( 'NONE', *, *, #2659, .F. ) ;
#134 = VECTOR ( 'NONE', #2782, 999.9999999999998863 ) ;
#135 = EDGE_CURVE ( 'NONE', #402, #5774, #1138, .T. ) ;
#136 = LINE ( 'NONE', #428, #144 ) ;
#137 = VERTEX_POINT ( 'NONE', #3421 ) ;
#138 = LINE ( 'NONE', #3227, #2076 ) ;
#139 = ADVANCED_FACE ( 'NONE', ( #5122 ), #3995, .F. ) ;
#140 = ORIENTED_EDGE ( 'NONE', *, *, #4668, .T. ) ;
#141 = EDGE_CURVE ( 'NONE', #1411, #6159, #967, .T. ) ;
#142 = ORIENTED_EDGE ( 'NONE', *, *, #2618, .F. ) ;
#143 = CARTESIAN_POINT ( 'NONE',  ( 5.390000000000000568, 0.6699999999999998179, 1.190000000000002611 ) ) ;
#144 = VECTOR ( 'NONE', #316, 1000.000000000000000 ) ;
#145 = EDGE_LOOP ( 'NONE', ( #1719, #2255, #770, #1963, #4171, #616, #6020, #2224, #97, #4742, #2433, #237 ) ) ;
#146 = PLANE ( 'NONE',  #5971 ) ;
#147 = DIRECTION ( 'NONE',  ( -4.494102269369967741E-16, -0.000000000000000000, 1.000000000000000000 ) ) ;
#148 = CARTESIAN_POINT ( 'NONE',  ( 5.389999999999999680, 1.849999999999999201, 2.024999999999999023 ) ) ;
#149 = CARTESIAN_POINT ( 'NONE',  ( -6.325000000000002842, 1.269999999999999796, 1.190000000000007718 ) ) ;
#150 = ORIENTED_EDGE ( 'NONE', *, *, #4668, .F. ) ;
#151 = ORIENTED_EDGE ( 'NONE', *, *, #4300, .T. ) ;
#152 = DIRECTION ( 'NONE',  ( -1.000000000000000000, -0.000000000000000000, -0.000000000000000000 ) ) ;
#153 = DIRECTION ( 'NONE',  ( -1.000000000000000000, 0.000000000000000000, 0.000000000000000000 ) ) ;
#154 = VECTOR ( 'NONE', #942, 1000.000000000000000 ) ;
#155 = ORIENTED_EDGE ( 'NONE', *, *, #2857, .T. ) ;
#156 = COLOUR_RGB ( '',1.000000000000000000, 0.8117647058823529438, 0.5019607843137254832 ) ;
#157 = ORIENTED_EDGE ( 'NONE', *, *, #1369, .T. ) ;
#158 = EDGE_CURVE ( 'NONE', #1881, #5882, #3147, .T. ) ;
#159 = EDGE_CURVE ( 'NONE', #456, #6069, #3038, .T. ) ;
#160 = CARTESIAN_POINT ( 'NONE',  ( 2.679999999999999272, 0.6699999999999998179, -0.5599999999999930589 ) ) ;
#161 = CARTESIAN_POINT ( 'NONE',  ( 2.679999999999999272, 1.349999999999999867, -0.005000000000001448598 ) ) ;
#162 = VERTEX_POINT ( 'NONE', #5886 ) ;
#163 = ADVANCED_FACE ( 'NONE', ( #3134 ), #1531, .F. ) ;
#164 = DIRECTION ( 'NONE',  ( -0.000000000000000000, 1.000000000000000000, -0.000000000000000000 ) ) ;
#165 = DIRECTION ( 'NONE',  ( 0.000000000000000000, 0.000000000000000000, 1.000000000000000000 ) ) ;
#166 = VERTEX_POINT ( 'NONE', #5408 ) ;
#167 = VECTOR ( 'NONE', #4998, 1000.000000000000000 ) ;
#168 = CARTESIAN_POINT ( 'NONE',  ( 2.679999999999999272, -8.926487835092499482E-16, -0.9549999999999966294 ) ) ;
#169 = ORIENTED_EDGE ( 'NONE', *, *, #3290, .F. ) ;
#170 = ORIENTED_EDGE ( 'NONE', *, *, #2618, .T. ) ;
#171 = STYLED_ITEM ( 'NONE', ( #342 ), #537 ) ;
#172 = AXIS2_PLACEMENT_3D ( 'NONE', #3257, #2465, #5253 ) ;
#173 = CARTESIAN_POINT ( 'NONE',  ( 3.319999999999998952, 1.350000000000000089, -1.585000000000000409 ) ) ;
#174 = AXIS2_PLACEMENT_3D ( 'NONE', #4918, #1616, #105 ) ;
#175 = DIRECTION ( 'NONE',  ( 4.494102269369967741E-16, 3.236424395479117765E-16, 1.000000000000000000 ) ) ;
#176 = DIRECTION ( 'NONE',  ( -1.000000000000000000, 0.000000000000000000, 4.494102269369967741E-16 ) ) ;
#177 = ORIENTED_EDGE ( 'NONE', *, *, #1633, .T. ) ;
#178 = VECTOR ( 'NONE', #6154, 1000.000000000000000 ) ;
#179 = ORIENTED_EDGE ( 'NONE', *, *, #1577, .F. ) ;
#180 = VERTEX_POINT ( 'NONE', #280 ) ;
#181 = STYLED_ITEM ( 'NONE', ( #5530 ), #3017 ) ;
#182 = CARTESIAN_POINT ( 'NONE',  ( -4.939999999999999503, 1.699999999999998623, -1.584999999999999964 ) ) ;
#183 = LINE ( 'NONE', #119, #195 ) ;
#184 = DIRECTION ( 'NONE',  ( -1.000000000000000000, 0.000000000000000000, -0.000000000000000000 ) ) ;
#185 = ORIENTED_EDGE ( 'NONE', *, *, #1705, .T. ) ;
#186 =( LENGTH_UNIT ( ) NAMED_UNIT ( * ) SI_UNIT ( .MILLI., .METRE. ) );
#187 = DIRECTION ( 'NONE',  ( 0.000000000000000000, -1.000000000000000000, 0.000000000000000000 ) ) ;
#188 = VECTOR ( 'NONE', #4667, 1000.000000000000000 ) ;
#189 = DIRECTION ( 'NONE',  ( 0.000000000000000000, 0.000000000000000000, -1.000000000000000000 ) ) ;
#190 = VERTEX_POINT ( 'NONE', #1674 ) ;
#191 = ORIENTED_EDGE ( 'NONE', *, *, #5281, .F. ) ;
#192 = EDGE_CURVE ( 'NONE', #1153, #682, #3078, .T. ) ;
#193 = EDGE_CURVE ( 'NONE', #111, #1226, #3199, .T. ) ;
#194 = DIRECTION ( 'NONE',  ( 0.000000000000000000, -2.744815626545581052E-16, 1.000000000000000000 ) ) ;
#195 = VECTOR ( 'NONE', #539, 1000.000000000000000 ) ;
#196 = EDGE_LOOP ( 'NONE', ( #3515, #1367, #4680, #4263, #3999, #548, #1956, #5234, #4883, #3213, #5221, #3280, #3182, #5479, #5493, #2021, #3376, #2996, #5564, #5865 ) ) ;
#197 = ADVANCED_FACE ( 'NONE', ( #1079 ), #6018, .F. ) ;
#198 = FACE_OUTER_BOUND ( 'NONE', #4891, .T. ) ;
#199 = DIRECTION ( 'NONE',  ( 0.000000000000000000, 1.000000000000000000, -3.236424395479117765E-16 ) ) ;
#200 = ORIENTED_EDGE ( 'NONE', *, *, #192, .F. ) ;
#201 = CARTESIAN_POINT ( 'NONE',  ( -0.3200000000000008948, 0.000000000000000000, 2.024999999999999023 ) ) ;
#202 = ORIENTED_EDGE ( 'NONE', *, *, #628, .T. ) ;
#203 = CARTESIAN_POINT ( 'NONE',  ( 3.319999999999998952, 1.349999999999999645, 0.6349999999999985656 ) ) ;
#204 =( NAMED_UNIT ( * ) SI_UNIT ( $, .STERADIAN. ) SOLID_ANGLE_UNIT ( ) );
#205 = CARTESIAN_POINT ( 'NONE',  ( -6.324999999999999289, -1.199999999999997957, 2.784999999999999254 ) ) ;
#206 = DIRECTION ( 'NONE',  ( 0.000000000000000000, 1.000000000000000000, 0.000000000000000000 ) ) ;
#207 = LINE ( 'NONE', #5938, #304 ) ;
#208 = ORIENTED_EDGE ( 'NONE', *, *, #433, .T. ) ;
#209 = EDGE_CURVE ( 'NONE', #162, #5826, #1010, .T. ) ;
#210 = ORIENTED_EDGE ( 'NONE', *, *, #689, .T. ) ;
#211 = ORIENTED_EDGE ( 'NONE', *, *, #2460, .T. ) ;
#212 = ADVANCED_FACE ( 'NONE', ( #1018 ), #4157, .F. ) ;
#213 = DIRECTION ( 'NONE',  ( 1.000000000000000000, 0.000000000000000000, 0.000000000000000000 ) ) ;
#214 = CARTESIAN_POINT ( 'NONE',  ( -6.325000000000003730, 1.269999999999999796, -0.5599999999999922817 ) ) ;
#215 = FACE_OUTER_BOUND ( 'NONE', #3326, .T. ) ;
#216 = ORIENTED_EDGE ( 'NONE', *, *, #5069, .T. ) ;
#217 = VECTOR ( 'NONE', #3523, 1000.000000000000000 ) ;
#218 = ORIENTED_EDGE ( 'NONE', *, *, #5522, .T. ) ;
#219 = ORIENTED_EDGE ( 'NONE', *, *, #2810, .T. ) ;
#220 = VECTOR ( 'NONE', #3426, 1000.000000000000000 ) ;
#221 = EDGE_CURVE ( 'NONE', #1307, #3933, #1152, .T. ) ;
#222 = CARTESIAN_POINT ( 'NONE',  ( -6.325000000000003730, 1.269999999999999796, -0.5599999999999922817 ) ) ;
#223 = LINE ( 'NONE', #5187, #2380 ) ;
#224 = DIRECTION ( 'NONE',  ( 1.000000000000000000, -0.000000000000000000, -4.494102269369967741E-16 ) ) ;
#225 = ORIENTED_EDGE ( 'NONE', *, *, #3493, .F. ) ;
#226 = DIRECTION ( 'NONE',  ( 1.000000000000000000, -0.000000000000000000, -4.494102269369967741E-16 ) ) ;
#227 = CARTESIAN_POINT ( 'NONE',  ( -3.320000000000000728, 1.349999999999999645, 0.6349999999999985656 ) ) ;
#228 = DIRECTION ( 'NONE',  ( 0.000000000000000000, 1.000000000000000000, 0.000000000000000000 ) ) ;
#229 = VECTOR ( 'NONE', #778, 1000.000000000000000 ) ;
#230 = ORIENTED_EDGE ( 'NONE', *, *, #4938, .F. ) ;
#231 = VERTEX_POINT ( 'NONE', #4486 ) ;
#232 = LINE ( 'NONE', #2488, #134 ) ;
#233 = ADVANCED_FACE ( 'NONE', ( #3084 ), #5043, .F. ) ;
#234 = EDGE_CURVE ( 'NONE', #5355, #1499, #5151, .T. ) ;
#235 = AXIS2_PLACEMENT_3D ( 'NONE', #3533, #4079, #2889 ) ;
#236 = LINE ( 'NONE', #71, #267 ) ;
#237 = ORIENTED_EDGE ( 'NONE', *, *, #3749, .F. ) ;
#238 = VECTOR ( 'NONE', #4969, 1000.000000000000000 ) ;
#239 = CARTESIAN_POINT ( 'NONE',  ( -1.300000000000000044, 6.899999999999999467, -2.085000000000000853 ) ) ;
#240 = ORIENTED_EDGE ( 'NONE', *, *, #4812, .F. ) ;
#241 = ORIENTED_EDGE ( 'NONE', *, *, #3825, .T. ) ;
#242 = DIRECTION ( 'NONE',  ( 0.7071067811865467956, -0.7071067811865483499, 0.000000000000000000 ) ) ;
#243 = DIRECTION ( 'NONE',  ( 1.000000000000000000, 0.000000000000000000, 0.000000000000000000 ) ) ;
#244 = CARTESIAN_POINT ( 'NONE',  ( 6.000000000000000000, 7.500000000000001776, 0.4349999999999983324 ) ) ;
#245 = LINE ( 'NONE', #1500, #2346 ) ;
#246 = UNCERTAINTY_MEASURE_WITH_UNIT (LENGTH_MEASURE( 1.000000000000000082E-05 ), #5271, 'distance_accuracy_value', 'NONE');
#247 = CARTESIAN_POINT ( 'NONE',  ( -0.3200000000000008393, 1.349999999999999645, 0.6349999999999985656 ) ) ;
#248 = LINE ( 'NONE', #3320, #4452 ) ;
#249 = ORIENTED_EDGE ( 'NONE', *, *, #5480, .T. ) ;
#250 = ADVANCED_FACE ( 'NONE', ( #3157 ), #2678, .F. ) ;
#251 = LINE ( 'NONE', #4617, #217 ) ;
#252 = EDGE_CURVE ( 'NONE', #1926, #5250, #975, .T. ) ;
#253 = DIRECTION ( 'NONE',  ( 0.000000000000000000, 0.000000000000000000, -1.000000000000000000 ) ) ;
#254 = PRESENTATION_LAYER_ASSIGNMENT (  '', '', ( #3888 ) ) ;
#255 = ORIENTED_EDGE ( 'NONE', *, *, #3630, .F. ) ;
#256 = EDGE_CURVE ( 'NONE', #1303, #2744, #5159, .T. ) ;
#257 = ORIENTED_EDGE ( 'NONE', *, *, #4310, .T. ) ;
#258 = LINE ( 'NONE', #970, #2188 ) ;
#259 = CARTESIAN_POINT ( 'NONE',  ( -2.680000000000001048, -7.265096679918780609, -0.005000000000003001176 ) ) ;
#260 = PLANE ( 'NONE',  #2024 ) ;
#261 = ORIENTED_EDGE ( 'NONE', *, *, #5021, .F. ) ;
#262 = LINE ( 'NONE', #1784, #319 ) ;
#263 = ORIENTED_EDGE ( 'NONE', *, *, #3477, .T. ) ;
#264 = VERTEX_POINT ( 'NONE', #3380 ) ;
#265 = VECTOR ( 'NONE', #4943, 1000.000000000000114 ) ;
#266 = DIRECTION ( 'NONE',  ( 0.000000000000000000, -1.000000000000000000, -1.618212197739558882E-16 ) ) ;
#267 = VECTOR ( 'NONE', #919, 1000.000000000000000 ) ;
#268 = PLANE ( 'NONE',  #5369 ) ;
#269 = ORIENTED_EDGE ( 'NONE', *, *, #4799, .F. ) ;
#270 = DIRECTION ( 'NONE',  ( 1.000000000000000000, -0.000000000000000000, -1.707404996040164018E-16 ) ) ;
#271 = EDGE_CURVE ( 'NONE', #4870, #4067, #5231, .T. ) ;
#272 = SURFACE_STYLE_FILL_AREA ( #3957 ) ;
#273 = DIRECTION ( 'NONE',  ( 0.000000000000000000, 1.000000000000000000, -3.614007241618347785E-16 ) ) ;
#274 = ORIENTED_EDGE ( 'NONE', *, *, #1603, .T. ) ;
#275 = VERTEX_POINT ( 'NONE', #1439 ) ;
#276 = EDGE_CURVE ( 'NONE', #4564, #3109, #1129, .T. ) ;
#277 = ADVANCED_FACE ( 'NONE', ( #1028 ), #2928, .F. ) ;
#278 = LINE ( 'NONE', #1343, #99 ) ;
#279 = DIRECTION ( 'NONE',  ( -1.000000000000000000, 0.000000000000000000, 4.494102269369967741E-16 ) ) ;
#280 = CARTESIAN_POINT ( 'NONE',  ( -1.250000000000001110, 1.849999999999999201, 2.274999999999999023 ) ) ;
#281 = LINE ( 'NONE', #1901, #4315 ) ;
#282 = ORIENTED_EDGE ( 'NONE', *, *, #5795, .F. ) ;
#283 = VECTOR ( 'NONE', #3675, 1000.000000000000000 ) ;
#284 = ORIENTED_EDGE ( 'NONE', *, *, #2443, .F. ) ;
#285 = EDGE_CURVE ( 'NONE', #1646, #3599, #3166, .T. ) ;
#286 = CARTESIAN_POINT ( 'NONE',  ( -2.680000000000001048, 3.300000000000000711, -0.005000000000001097317 ) ) ;
#287 = EDGE_CURVE ( 'NONE', #6004, #4008, #3106, .T. ) ;
#288 = ORIENTED_EDGE ( 'NONE', *, *, #3627, .T. ) ;
#289 = CARTESIAN_POINT ( 'NONE',  ( -5.674999999999999822, -1.199999999999997957, 1.884999999999999343 ) ) ;
#290 = CARTESIAN_POINT ( 'NONE',  ( -3.320000000000000728, -2.579999999999992966, 0.6349999999999970113 ) ) ;
#291 = DIRECTION ( 'NONE',  ( 0.000000000000000000, 0.000000000000000000, 1.000000000000000000 ) ) ;
#292 = FACE_OUTER_BOUND ( 'NONE', #1433, .T. ) ;
#293 = EDGE_CURVE ( 'NONE', #1908, #4271, #5178, .T. ) ;
#294 = ADVANCED_FACE ( 'NONE', ( #5260 ), #5497, .F. ) ;
#295 = DIRECTION ( 'NONE',  ( 1.000000000000000000, -0.000000000000000000, -4.494102269369967741E-16 ) ) ;
#296 = LINE ( 'NONE', #878, #369 ) ;
#297 = ORIENTED_EDGE ( 'NONE', *, *, #4468, .T. ) ;
#298 = LINE ( 'NONE', #5417, #4362 ) ;
#299 = CARTESIAN_POINT ( 'NONE',  ( 3.319999999999998952, -2.579999999999992966, -0.005000000000002157233 ) ) ;
#300 = VERTEX_POINT ( 'NONE', #4103 ) ;
#301 = ORIENTED_EDGE ( 'NONE', *, *, #5028, .T. ) ;
#302 = VECTOR ( 'NONE', #5380, 1000.000000000000000 ) ;
#303 = DIRECTION ( 'NONE',  ( 0.000000000000000000, 1.000000000000000000, 0.000000000000000000 ) ) ;
#304 = VECTOR ( 'NONE', #4930, 1000.000000000000000 ) ;
#305 = ORIENTED_EDGE ( 'NONE', *, *, #2213, .T. ) ;
#306 = ADVANCED_FACE ( 'NONE', ( #5274 ), #6013, .F. ) ;
#307 = FACE_OUTER_BOUND ( 'NONE', #5077, .T. ) ;
#308 = EDGE_LOOP ( 'NONE', ( #4113, #2788, #2170, #3915 ) ) ;
#309 = AXIS2_PLACEMENT_3D ( 'NONE', #4684, #1415, #4349 ) ;
#310 = ORIENTED_EDGE ( 'NONE', *, *, #4463, .F. ) ;
#311 = VECTOR ( 'NONE', #1201, 1000.000000000000000 ) ;
#312 = DIRECTION ( 'NONE',  ( -0.000000000000000000, -1.000000000000000000, -0.000000000000000000 ) ) ;
#313 = PLANE ( 'NONE',  #2193 ) ;
#314 = CARTESIAN_POINT ( 'NONE',  ( 0.000000000000000000, 8.499999999999996447, 0.000000000000000000 ) ) ;
#315 = EDGE_LOOP ( 'NONE', ( #1927, #3724, #2376, #5584 ) ) ;
#316 = DIRECTION ( 'NONE',  ( 4.494102269369967741E-16, 0.000000000000000000, 1.000000000000000000 ) ) ;
#317 = CARTESIAN_POINT ( 'NONE',  ( -3.120000000000000551, 7.500000000000001776, 0.1949999999999994238 ) ) ;
#318 = CARTESIAN_POINT ( 'NONE',  ( -6.325000000000002842, 0.6699999999999997069, 1.585000000000007736 ) ) ;
#319 = VECTOR ( 'NONE', #291, 1000.000000000000000 ) ;
#320 = CARTESIAN_POINT ( 'NONE',  ( -2.680000000000001048, 1.349999999999999423, 2.024999999999999023 ) ) ;
#321 = EDGE_LOOP ( 'NONE', ( #4294, #2018, #2847, #4259 ) ) ;
#322 = ORIENTED_EDGE ( 'NONE', *, *, #2878, .F. ) ;
#323 = AXIS2_PLACEMENT_3D ( 'NONE', #2466, #2101, #1057 ) ;
#324 = EDGE_CURVE ( 'NONE', #3947, #34, #1047, .T. ) ;
#325 = PRESENTATION_LAYER_ASSIGNMENT (  '', '', ( #608 ) ) ;
#326 = CARTESIAN_POINT ( 'NONE',  ( 4.939999999999999503, 1.285879139104722704E-16, -1.584999999999999964 ) ) ;
#327 = STYLED_ITEM ( 'NONE', ( #2455 ), #4502 ) ;
#328 = DIRECTION ( 'NONE',  ( 1.000000000000000000, 0.000000000000000000, -0.000000000000000000 ) ) ;
#329 = DIRECTION ( 'NONE',  ( 1.000000000000000000, -0.000000000000000000, -0.000000000000000000 ) ) ;
#330 = LINE ( 'NONE', #5412, #2334 ) ;
#331 = EDGE_LOOP ( 'NONE', ( #5044, #2375, #4547, #5248, #890 ) ) ;
#332 = VECTOR ( 'NONE', #2164, 1000.000000000000000 ) ;
#333 = DIRECTION ( 'NONE',  ( -1.000000000000000000, 0.000000000000000000, 0.000000000000000000 ) ) ;
#334 = EDGE_LOOP ( 'NONE', ( #1817, #1848, #1671, #3554 ) ) ;
#335 = DIRECTION ( 'NONE',  ( 4.494102269369967741E-16, 0.000000000000000000, 1.000000000000000000 ) ) ;
#336 = CARTESIAN_POINT ( 'NONE',  ( -6.325000000000002842, 0.6699999999999997069, 1.585000000000007736 ) ) ;
#337 = EDGE_CURVE ( 'NONE', #6045, #6156, #5288, .T. ) ;
#338 = AXIS2_PLACEMENT_3D ( 'NONE', #2765, #1228, #6189 ) ;
#339 = EDGE_CURVE ( 'NONE', #1091, #5319, #3016, .T. ) ;
#340 = LINE ( 'NONE', #516, #2232 ) ;
#341 = VERTEX_POINT ( 'NONE', #4780 ) ;
#342 = PRESENTATION_STYLE_ASSIGNMENT (( #4767 ) ) ;
#343 = VERTEX_POINT ( 'NONE', #5785 ) ;
#344 = CARTESIAN_POINT ( 'NONE',  ( 5.389999999999999680, 0.000000000000000000, -1.584999999999999964 ) ) ;
#345 = ADVANCED_FACE ( 'NONE', ( #3059 ), #2499, .F. ) ;
#346 = CARTESIAN_POINT ( 'NONE',  ( -5.389999999999997904, 1.850000000000000089, 2.785000000000000586 ) ) ;
#347 = CARTESIAN_POINT ( 'NONE',  ( 0.3199999999999991185, 0.6699999999999997069, 1.585000000000007292 ) ) ;
#348 = EDGE_CURVE ( 'NONE', #3469, #3501, #5133, .T. ) ;
#349 = DIRECTION ( 'NONE',  ( -1.000000000000000000, 0.000000000000000000, -0.000000000000000000 ) ) ;
#350 = LINE ( 'NONE', #372, #359 ) ;
#351 = ORIENTED_EDGE ( 'NONE', *, *, #6176, .T. ) ;
#352 = LINE ( 'NONE', #1733, #2313 ) ;
#353 = ADVANCED_FACE ( 'NONE', ( #3069 ), #2115, .F. ) ;
#354 = EDGE_LOOP ( 'NONE', ( #4582, #5180, #5438, #2555 ) ) ;
#355 = DIRECTION ( 'NONE',  ( -4.638298064109109804E-16, 0.000000000000000000, -1.000000000000000000 ) ) ;
#356 = LINE ( 'NONE', #6042, #476 ) ;
#357 = CARTESIAN_POINT ( 'NONE',  ( -5.389999999999999680, 0.6699999999999998179, 1.190000000000007496 ) ) ;
#358 = DIRECTION ( 'NONE',  ( 1.000000000000000000, 0.000000000000000000, -4.494102269369967741E-16 ) ) ;
#359 = VECTOR ( 'NONE', #4857, 1000.000000000000000 ) ;
#360 = ORIENTED_EDGE ( 'NONE', *, *, #1253, .F. ) ;
#361 = CARTESIAN_POINT ( 'NONE',  ( -6.324999999999999289, 9.900000000000000355, 1.774999999999998357 ) ) ;
#362 = EDGE_CURVE ( 'NONE', #2799, #3344, #1207, .T. ) ;
#363 = PLANE ( 'NONE',  #4436 ) ;
#364 = DIRECTION ( 'NONE',  ( 0.000000000000000000, -0.000000000000000000, 1.000000000000000000 ) ) ;
#365 = CARTESIAN_POINT ( 'NONE',  ( 0.000000000000000000, -1.449999999999999956, 0.000000000000000000 ) ) ;
#366 = ORIENTED_EDGE ( 'NONE', *, *, #4514, .F. ) ;
#367 = DIRECTION ( 'NONE',  ( 0.000000000000000000, 1.000000000000000000, -0.000000000000000000 ) ) ;
#368 = CARTESIAN_POINT ( 'NONE',  ( 2.919545454545453556, 7.618636363636364095, 0.3954545454545445593 ) ) ;
#369 = VECTOR ( 'NONE', #2406, 1000.000000000000000 ) ;
#370 = VERTEX_POINT ( 'NONE', #4641 ) ;
#371 = FACE_OUTER_BOUND ( 'NONE', #3127, .T. ) ;
#372 = CARTESIAN_POINT ( 'NONE',  ( -4.939999999999999503, 0.000000000000000000, 2.024999999999999023 ) ) ;
#373 = CARTESIAN_POINT ( 'NONE',  ( -3.120000000000000551, -3.180000000000000160, 0.1949999999999981470 ) ) ;
#374 = CARTESIAN_POINT ( 'NONE',  ( 3.319999999999998952, -1.318004915248545490E-16, 1.585000000000003517 ) ) ;
#375 = PLANE ( 'NONE',  #668 ) ;
#376 = VECTOR ( 'NONE', #1559, 1000.000000000000000 ) ;
#377 = DIRECTION ( 'NONE',  ( 2.969366061636602772E-16, -0.7682212795973770714, 0.6401843996644783763 ) ) ;
#378 = ORIENTED_EDGE ( 'NONE', *, *, #5052, .T. ) ;
#379 = LINE ( 'NONE', #1202, #4484 ) ;
#380 = DIRECTION ( 'NONE',  ( -0.000000000000000000, 1.000000000000000000, 1.801998070613027504E-16 ) ) ;
#381 = LINE ( 'NONE', #1605, #2439 ) ;
#382 = DIRECTION ( 'NONE',  ( -0.000000000000000000, 1.000000000000000000, 1.801998070613027504E-16 ) ) ;
#383 = PLANE ( 'NONE',  #2747 ) ;
#384 = EDGE_CURVE ( 'NONE', #1610, #3694, #5387, .T. ) ;
#385 = DIRECTION ( 'NONE',  ( -1.000000000000000000, 0.000000000000000000, 0.000000000000000000 ) ) ;
#386 = DIRECTION ( 'NONE',  ( -1.000000000000000000, -0.000000000000000000, -0.000000000000000000 ) ) ;
#387 = ORIENTED_EDGE ( 'NONE', *, *, #499, .T. ) ;
#388 = VECTOR ( 'NONE', #6027, 1000.000000000000000 ) ;
#389 = VECTOR ( 'NONE', #5023, 1000.000000000000000 ) ;
#390 = ADVANCED_FACE ( 'NONE', ( #1366 ), #1598, .F. ) ;
#391 = PLANE ( 'NONE',  #4355 ) ;
#392 = PRESENTATION_LAYER_ASSIGNMENT (  '', '', ( #2187 ) ) ;
#393 = EDGE_CURVE ( 'NONE', #3459, #3481, #1268, .T. ) ;
#394 = AXIS2_PLACEMENT_3D ( 'NONE', #477, #1931, #4707 ) ;
#395 = DIRECTION ( 'NONE',  ( 0.000000000000000000, 0.000000000000000000, -1.000000000000000000 ) ) ;
#396 = ORIENTED_EDGE ( 'NONE', *, *, #3360, .F. ) ;
#397 = DIRECTION ( 'NONE',  ( -1.000000000000000000, 0.000000000000000000, 4.494102269369967741E-16 ) ) ;
#398 = AXIS2_PLACEMENT_3D ( 'NONE', #1277, #598, #1478 ) ;
#399 = CARTESIAN_POINT ( 'NONE',  ( 2.879999999999999893, -3.180000000000000160, 0.000000000000000000 ) ) ;
#400 = DIRECTION ( 'NONE',  ( -0.000000000000000000, 0.000000000000000000, 1.000000000000000000 ) ) ;
#401 = CARTESIAN_POINT ( 'NONE',  ( -0.3200000000000008393, 1.349999999999999867, -0.005000000000001448598 ) ) ;
#402 = VERTEX_POINT ( 'NONE', #168 ) ;
#403 = ADVANCED_FACE ( 'NONE', ( #5363 ), #5950, .F. ) ;
#404 = LINE ( 'NONE', #3008, #332 ) ;
#405 = CARTESIAN_POINT ( 'NONE',  ( 6.000000000000000000, -3.180000000000000160, 0.4349999999999975553 ) ) ;
#406 = DIRECTION ( 'NONE',  ( -0.3015113445777614087, 0.9045340337332923308, 0.3015113445777614087 ) ) ;
#407 = AXIS2_PLACEMENT_3D ( 'NONE', #4725, #5152, #124 ) ;
#408 = EDGE_CURVE ( 'NONE', #5882, #2363, #3342, .T. ) ;
#409 = DIRECTION ( 'NONE',  ( 0.7071067811865426878, -0.000000000000000000, -0.7071067811865522357 ) ) ;
#410 = VERTEX_POINT ( 'NONE', #1549 ) ;
#411 = EDGE_CURVE ( 'NONE', #3368, #5289, #3405, .T. ) ;
#412 = CARTESIAN_POINT ( 'NONE',  ( 0.000000000000000000, 7.500000000000001776, 0.4349999999999983324 ) ) ;
#413 = LINE ( 'NONE', #4312, #4631 ) ;
#414 = CARTESIAN_POINT ( 'NONE',  ( -4.939999999999999503, 1.269999999999999796, -0.5599999999999929479 ) ) ;
#415 = DIRECTION ( 'NONE',  ( 0.000000000000000000, -1.000000000000000000, 0.000000000000000000 ) ) ;
#416 = DIRECTION ( 'NONE',  ( 1.000000000000000000, 0.000000000000000000, 0.000000000000000000 ) ) ;
#417 = CARTESIAN_POINT ( 'NONE',  ( -3.320000000000000728, 6.899999999999995026, 0.6349999999999988987 ) ) ;
#418 = EDGE_LOOP ( 'NONE', ( #772, #5389, #1194, #914, #3149 ) ) ;
#419 = EDGE_CURVE ( 'NONE', #1779, #1026, #3243, .T. ) ;
#420 = SURFACE_STYLE_USAGE ( .BOTH. , #4184 ) ;
#421 = EDGE_CURVE ( 'NONE', #1509, #4328, #5424, .T. ) ;
#422 = CARTESIAN_POINT ( 'NONE',  ( -5.499240397477539233, 9.325759602522458280, 2.205083126313776454 ) ) ;
#423 = FACE_OUTER_BOUND ( 'NONE', #2563, .T. ) ;
#424 = EDGE_CURVE ( 'NONE', #2799, #6030, #5452, .T. ) ;
#425 = CARTESIAN_POINT ( 'NONE',  ( 2.679999999999999272, -7.265096679918780609, -0.005000000000003001176 ) ) ;
#426 = DIRECTION ( 'NONE',  ( -4.494102269369967741E-16, 1.807003620809173892E-16, -1.000000000000000000 ) ) ;
#427 = EDGE_LOOP ( 'NONE', ( #1580, #1630, #1590, #5675 ) ) ;
#428 = CARTESIAN_POINT ( 'NONE',  ( -6.325000000000001066, 0.000000000000000000, -1.584999999999999964 ) ) ;
#429 = CARTESIAN_POINT ( 'NONE',  ( -4.924999999999998934, 9.900000000000000355, -0.9550000000000011813 ) ) ;
#430 = PLANE ( 'NONE',  #733 ) ;
#431 = DIRECTION ( 'NONE',  ( 0.000000000000000000, -0.000000000000000000, -1.000000000000000000 ) ) ;
#432 = FILL_AREA_STYLE ('',( #4150 ) ) ;
#433 = EDGE_CURVE ( 'NONE', #4071, #4946, #3431, .T. ) ;
#434 = ORIENTED_EDGE ( 'NONE', *, *, #2474, .T. ) ;
#435 = PLANE ( 'NONE',  #1085 ) ;
#436 = CARTESIAN_POINT ( 'NONE',  ( 2.679999999999999272, 1.349999999999999645, 0.6349999999999985656 ) ) ;
#437 = FACE_OUTER_BOUND ( 'NONE', #2479, .T. ) ;
#438 = ORIENTED_EDGE ( 'NONE', *, *, #5753, .F. ) ;
#439 = ADVANCED_FACE ( 'NONE', ( #5351 ), #6098, .F. ) ;
#440 = EDGE_LOOP ( 'NONE', ( #2975, #1798, #854, #3025 ) ) ;
#441 = EDGE_CURVE ( 'NONE', #6045, #5607, #1220, .T. ) ;
#442 = EDGE_CURVE ( 'NONE', #4245, #3947, #1294, .T. ) ;
#443 = COLOUR_RGB ( '',1.000000000000000000, 0.8117647058823529438, 0.5019607843137254832 ) ;
#444 = CARTESIAN_POINT ( 'NONE',  ( -3.320000000000000728, 1.349999999999999423, 2.024999999999999023 ) ) ;
#445 = DIRECTION ( 'NONE',  ( 0.000000000000000000, -2.744815626545581052E-16, -1.000000000000000000 ) ) ;
#446 = CARTESIAN_POINT ( 'NONE',  ( 2.680000000000000160, 0.6699999999999997069, 1.585000000000003739 ) ) ;
#447 =( NAMED_UNIT ( * ) SI_UNIT ( $, .STERADIAN. ) SOLID_ANGLE_UNIT ( ) );
#448 = ORIENTED_EDGE ( 'NONE', *, *, #1959, .T. ) ;
#449 = VERTEX_POINT ( 'NONE', #2180 ) ;
#450 = DIRECTION ( 'NONE',  ( 0.000000000000000000, 0.000000000000000000, -1.000000000000000000 ) ) ;
#451 = AXIS2_PLACEMENT_3D ( 'NONE', #6175, #4178, #713 ) ;
#452 = AXIS2_PLACEMENT_3D ( 'NONE', #4900, #5804, #2625 ) ;
#453 = DIRECTION ( 'NONE',  ( -1.000000000000000000, 0.000000000000000000, -0.000000000000000000 ) ) ;
#454 = PRESENTATION_LAYER_ASSIGNMENT (  '', '', ( #950 ) ) ;
#455 = PLANE ( 'NONE',  #5972 ) ;
#456 = VERTEX_POINT ( 'NONE', #5029 ) ;
#457 = CARTESIAN_POINT ( 'NONE',  ( 4.924999999999998934, 8.499999999999996447, -0.9550000000000011813 ) ) ;
#458 = CARTESIAN_POINT ( 'NONE',  ( 6.325000000000000178, -1.199999999999999734, 2.784999999999999254 ) ) ;
#459 = DIRECTION ( 'NONE',  ( 1.000000000000000000, -0.000000000000000000, -1.707404996040164018E-16 ) ) ;
#460 = VERTEX_POINT ( 'NONE', #5535 ) ;
#461 =( LENGTH_UNIT ( ) NAMED_UNIT ( * ) SI_UNIT ( .MILLI., .METRE. ) );
#462 = ADVANCED_FACE ( 'NONE', ( #1313 ), #3544, .F. ) ;
#463 = FACE_OUTER_BOUND ( 'NONE', #5241, .T. ) ;
#464 =( NAMED_UNIT ( * ) SI_UNIT ( $, .STERADIAN. ) SOLID_ANGLE_UNIT ( ) );
#465 = DIRECTION ( 'NONE',  ( -1.000000000000000000, 0.000000000000000000, 0.000000000000000000 ) ) ;
#466 = EDGE_LOOP ( 'NONE', ( #1951, #2051, #2767, #1874 ) ) ;
#467 = CARTESIAN_POINT ( 'NONE',  ( 1.300000000000000044, 7.400000000000000355, -2.085000000000000853 ) ) ;
#468 = CARTESIAN_POINT ( 'NONE',  ( -5.674999999999999822, -1.449999999999999956, 2.784999999999999254 ) ) ;
#469 = MANIFOLD_SOLID_BREP ( 'LPattern4[2]', #3961 ) ;
#470 = FILL_AREA_STYLE_COLOUR ( '', #4472 ) ;
#471 = SURFACE_STYLE_FILL_AREA ( #5173 ) ;
#472 = SURFACE_STYLE_USAGE ( .BOTH. , #2384 ) ;
#473 = CARTESIAN_POINT ( 'NONE',  ( 0.000000000000000000, 0.000000000000000000, 0.000000000000000000 ) ) ;
#474 = ORIENTED_EDGE ( 'NONE', *, *, #1007, .F. ) ;
#475 = CARTESIAN_POINT ( 'NONE',  ( -5.389999999999999680, 1.699999999999998623, -1.584999999999999964 ) ) ;
#476 = VECTOR ( 'NONE', #2520, 1000.000000000000000 ) ;
#477 = CARTESIAN_POINT ( 'NONE',  ( -4.924999999999998934, 9.900000000000000355, 1.044999999999998819 ) ) ;
#478 = EDGE_CURVE ( 'NONE', #1432, #2799, #1326, .T. ) ;
#479 = CARTESIAN_POINT ( 'NONE',  ( -3.619999999999993001, 3.300000000000000711, 1.584999999999998854 ) ) ;
#480 = EDGE_CURVE ( 'NONE', #4333, #6156, #3393, .T. ) ;
#481 = SURFACE_STYLE_USAGE ( .BOTH. , #3693 ) ;
#482 = ADVANCED_FACE ( 'NONE', ( #5481 ), #6048, .F. ) ;
#483 = ORIENTED_EDGE ( 'NONE', *, *, #797, .T. ) ;
#484 = EDGE_CURVE ( 'NONE', #1850, #4138, #3314, .T. ) ;
#485 = DIRECTION ( 'NONE',  ( 0.000000000000000000, 0.000000000000000000, -1.000000000000000000 ) ) ;
#486 = CARTESIAN_POINT ( 'NONE',  ( -6.325000000000003730, 0.6699999999999997069, -0.9549999999999922995 ) ) ;
#487 = CARTESIAN_POINT ( 'NONE',  ( 4.939999999999999503, 0.6699999999999997069, 1.585000000000002851 ) ) ;
#488 = PLANE ( 'NONE',  #4625 ) ;
#489 = CARTESIAN_POINT ( 'NONE',  ( -4.939999999999999503, 0.6699999999999998179, -0.5599999999999923928 ) ) ;
#490 = DIRECTION ( 'NONE',  ( -0.3015113445777614087, 0.9045340337332923308, 0.3015113445777614087 ) ) ;
#491 = DIRECTION ( 'NONE',  ( -0.000000000000000000, 1.000000000000000000, 1.801998070613027504E-16 ) ) ;
#492 = ORIENTED_EDGE ( 'NONE', *, *, #4196, .T. ) ;
#493 =( NAMED_UNIT ( * ) PLANE_ANGLE_UNIT ( ) SI_UNIT ( $, .RADIAN. ) );
#494 = LINE ( 'NONE', #1045, #2431 ) ;
#495 = EDGE_CURVE ( 'NONE', #5289, #137, #5326, .T. ) ;
#496 = DIRECTION ( 'NONE',  ( 0.000000000000000000, 1.000000000000000000, 0.000000000000000000 ) ) ;
#497 = ORIENTED_EDGE ( 'NONE', *, *, #1007, .T. ) ;
#498 = CARTESIAN_POINT ( 'NONE',  ( -6.325000000000001066, 9.900000000000000355, -1.584999999999999964 ) ) ;
#499 = EDGE_CURVE ( 'NONE', #3593, #2813, #1197, .T. ) ;
#500 = EDGE_CURVE ( 'NONE', #2676, #5817, #3442, .T. ) ;
#501 = DIRECTION ( 'NONE',  ( 0.000000000000000000, -2.744815626545581052E-16, -1.000000000000000000 ) ) ;
#502 = AXIS2_PLACEMENT_3D ( 'NONE', #839, #3321, #1948 ) ;
#503 = ORIENTED_EDGE ( 'NONE', *, *, #3265, .F. ) ;
#504 = DIRECTION ( 'NONE',  ( -0.3015113445777613532, -0.9045340337332925529, 0.3015113445777610757 ) ) ;
#505 = DIRECTION ( 'NONE',  ( -0.6092076990801711389, 0.5076730825668098745, -0.6092076990801714720 ) ) ;
#506 = FILL_AREA_STYLE_COLOUR ( '', #3737 ) ;
#507 = DIRECTION ( 'NONE',  ( 1.000000000000000000, 0.000000000000000000, -0.000000000000000000 ) ) ;
#508 = CARTESIAN_POINT ( 'NONE',  ( -2.680000000000001048, 0.6699999999999997069, -0.9549999999999939648 ) ) ;
#509 = ORIENTED_EDGE ( 'NONE', *, *, #4300, .F. ) ;
#510 = EDGE_CURVE ( 'NONE', #111, #2896, #1390, .T. ) ;
#511 = MECHANICAL_DESIGN_GEOMETRIC_PRESENTATION_REPRESENTATION (  '', ( #4135 ), #5200 ) ;
#512 = PLANE ( 'NONE',  #4964 ) ;
#513 = EDGE_CURVE ( 'NONE', #264, #5338, #5538, .T. ) ;
#514 = CARTESIAN_POINT ( 'NONE',  ( 0.000000000000000000, 0.000000000000000000, 0.000000000000000000 ) ) ;
#515 = CARTESIAN_POINT ( 'NONE',  ( 6.000000000000000000, 7.500000000000001776, 0.1949999999999994238 ) ) ;
#516 = CARTESIAN_POINT ( 'NONE',  ( -3.320000000000000728, -7.265096679918780609, -0.005000000000003001176 ) ) ;
#517 = ADVANCED_FACE ( 'NONE', ( #3473 ), #4273, .F. ) ;
#518 = DIRECTION ( 'NONE',  ( 0.000000000000000000, 0.000000000000000000, -1.000000000000000000 ) ) ;
#519 = DIRECTION ( 'NONE',  ( 1.000000000000000000, 0.000000000000000000, -0.000000000000000000 ) ) ;
#520 = ORIENTED_EDGE ( 'NONE', *, *, #1735, .F. ) ;
#521 = CARTESIAN_POINT ( 'NONE',  ( 3.119999999999998774, 7.500000000000001776, 0.000000000000000000 ) ) ;
#522 = CARTESIAN_POINT ( 'NONE',  ( 3.319999999999998952, 1.269999999999999796, -0.5599999999999966116 ) ) ;
#523 = DIRECTION ( 'NONE',  ( -0.000000000000000000, -1.000000000000000000, -0.000000000000000000 ) ) ;
#524 = ORIENTED_EDGE ( 'NONE', *, *, #4906, .T. ) ;
#525 = EDGE_CURVE ( 'NONE', #449, #5355, #3577, .T. ) ;
#526 = DIRECTION ( 'NONE',  ( 0.000000000000000000, 0.000000000000000000, -1.000000000000000000 ) ) ;
#527 = DIRECTION ( 'NONE',  ( 0.000000000000000000, 0.000000000000000000, 1.000000000000000000 ) ) ;
#528 = VERTEX_POINT ( 'NONE', #2837 ) ;
#529 = EDGE_CURVE ( 'NONE', #1392, #4077, #3668, .T. ) ;
#530 = DIRECTION ( 'NONE',  ( 0.000000000000000000, -1.000000000000000000, 0.000000000000000000 ) ) ;
#531 = DIRECTION ( 'NONE',  ( 0.000000000000000000, 0.000000000000000000, -1.000000000000000000 ) ) ;
#532 = PLANE ( 'NONE',  #323 ) ;
#533 = CARTESIAN_POINT ( 'NONE',  ( 3.319999999999998952, -2.579999999999992966, 0.6349999999999978995 ) ) ;
#534 = EDGE_CURVE ( 'NONE', #3588, #5763, #5569, .T. ) ;
#535 = VERTEX_POINT ( 'NONE', #114 ) ;
#536 = CARTESIAN_POINT ( 'NONE',  ( -1.300000000000000044, 7.400000000000000355, -2.785000000000001030 ) ) ;
#537 = ADVANCED_BREP_SHAPE_REPRESENTATION ( '436500328', ( #5709, #4509, #2229, #1955, #2872, #469, #2492, #3247 ), #2890 ) ;
#538 = DIRECTION ( 'NONE',  ( 0.000000000000000000, -1.000000000000000000, 0.000000000000000000 ) ) ;
#539 = DIRECTION ( 'NONE',  ( -1.000000000000000000, -0.000000000000000000, -0.000000000000000000 ) ) ;
#540 = DIRECTION ( 'NONE',  ( 0.000000000000000000, -1.000000000000000000, 0.000000000000000000 ) ) ;
#541 = VERTEX_POINT ( 'NONE', #5220 ) ;
#542 = CARTESIAN_POINT ( 'NONE',  ( 3.000000000000000000, 1.349999999999999867, 4.573977915173221831E-16 ) ) ;
#543 =( NAMED_UNIT ( * ) PLANE_ANGLE_UNIT ( ) SI_UNIT ( $, .RADIAN. ) );
#544 = AXIS2_PLACEMENT_3D ( 'NONE', #1701, #679, #790 ) ;
#545 = DIRECTION ( 'NONE',  ( -1.000000000000000000, 0.000000000000000000, 0.000000000000000000 ) ) ;
#546 = DIRECTION ( 'NONE',  ( -0.000000000000000000, -1.000000000000000000, -0.000000000000000000 ) ) ;
#547 = ADVANCED_FACE ( 'NONE', ( #1523 ), #5179, .F. ) ;
#548 = ORIENTED_EDGE ( 'NONE', *, *, #2981, .F. ) ;
#549 = DIRECTION ( 'NONE',  ( -1.000000000000000000, -0.000000000000000000, -0.000000000000000000 ) ) ;
#550 = AXIS2_PLACEMENT_3D ( 'NONE', #1769, #4727, #1718 ) ;
#551 = EDGE_CURVE ( 'NONE', #4984, #1646, #5685, .T. ) ;
#552 = DIRECTION ( 'NONE',  ( 0.000000000000000000, 0.000000000000000000, 1.000000000000000000 ) ) ;
#553 = MECHANICAL_DESIGN_GEOMETRIC_PRESENTATION_REPRESENTATION (  '', ( #3340 ), #5265 ) ;
#554 = AXIS2_PLACEMENT_3D ( 'NONE', #631, #4819, #3726 ) ;
#555 = ORIENTED_EDGE ( 'NONE', *, *, #2487, .T. ) ;
#556 = DIRECTION ( 'NONE',  ( 0.000000000000000000, -1.000000000000000000, -1.618212197739558882E-16 ) ) ;
#557 = CARTESIAN_POINT ( 'NONE',  ( 4.269999999999999574, 3.300000000000000711, -0.9550000000000011813 ) ) ;
#558 = PLANE ( 'NONE',  #3423 ) ;
#559 = DIRECTION ( 'NONE',  ( 1.000000000000000000, -0.000000000000000000, 0.000000000000000000 ) ) ;
#560 = EDGE_CURVE ( 'NONE', #5898, #6080, #1429, .T. ) ;
#561 =( GEOMETRIC_REPRESENTATION_CONTEXT ( 3 ) GLOBAL_UNCERTAINTY_ASSIGNED_CONTEXT ( ( #2237 ) ) GLOBAL_UNIT_ASSIGNED_CONTEXT ( ( #4179, #5532, #447 ) ) REPRESENTATION_CONTEXT ( 'NONE', 'WORKASPACE' ) );
#562 = EDGE_CURVE ( 'NONE', #2064, #5192, #3653, .T. ) ;
#563 = EDGE_LOOP ( 'NONE', ( #155, #4863, #3870, #1683 ) ) ;
#564 = ORIENTED_EDGE ( 'NONE', *, *, #4153, .F. ) ;
#565 = DIRECTION ( 'NONE',  ( 0.000000000000000000, -1.000000000000000000, 3.614007241618347785E-16 ) ) ;
#566 = DIRECTION ( 'NONE',  ( 0.000000000000000000, 0.000000000000000000, -1.000000000000000000 ) ) ;
#567 = DIRECTION ( 'NONE',  ( 1.000000000000000000, 0.000000000000000000, 0.000000000000000000 ) ) ;
#568 = CARTESIAN_POINT ( 'NONE',  ( 6.325000000000000178, 1.850000000000000089, 2.784999999999999254 ) ) ;
#569 = EDGE_CURVE ( 'NONE', #1432, #3109, #3632, .T. ) ;
#570 = DIRECTION ( 'NONE',  ( 0.7071067811865467956, -0.7071067811865483499, 0.000000000000000000 ) ) ;
#571 =( NAMED_UNIT ( * ) PLANE_ANGLE_UNIT ( ) SI_UNIT ( $, .RADIAN. ) );
#572 = VERTEX_POINT ( 'NONE', #536 ) ;
#573 = DIRECTION ( 'NONE',  ( 0.000000000000000000, 0.000000000000000000, -1.000000000000000000 ) ) ;
#574 = EDGE_LOOP ( 'NONE', ( #2152, #6200, #602, #4821 ) ) ;
#575 = CARTESIAN_POINT ( 'NONE',  ( -0.3200000000000008393, 1.269999999999999796, 1.190000000000007718 ) ) ;
#576 = EDGE_CURVE ( 'NONE', #2248, #572, #3540, .T. ) ;
#577 = DIRECTION ( 'NONE',  ( 0.000000000000000000, 0.3162277660168349991, 0.9486832980505148782 ) ) ;
#578 = EDGE_LOOP ( 'NONE', ( #2727, #3045, #4443 ) ) ;
#579 = DIRECTION ( 'NONE',  ( -0.000000000000000000, -0.000000000000000000, 1.000000000000000000 ) ) ;
#580 = ORIENTED_EDGE ( 'NONE', *, *, #1049, .T. ) ;
#581 =( LENGTH_UNIT ( ) NAMED_UNIT ( * ) SI_UNIT ( .MILLI., .METRE. ) );
#582 = CARTESIAN_POINT ( 'NONE',  ( 0.3199999999999991185, 3.300000000000000711, 0.6349999999999988987 ) ) ;
#583 = EDGE_CURVE ( 'NONE', #1423, #4910, #1608, .T. ) ;
#584 = ADVANCED_FACE ( 'NONE', ( #3590, #3678, #3498, #1497 ), #1472, .T. ) ;
#585 = VERTEX_POINT ( 'NONE', #3364 ) ;
#586 = VERTEX_POINT ( 'NONE', #2061 ) ;
#587 = CARTESIAN_POINT ( 'NONE',  ( -0.3200000000000008393, -7.265096679918780609, -0.005000000000003001176 ) ) ;
#588 = DIRECTION ( 'NONE',  ( 0.000000000000000000, 1.000000000000000000, 0.000000000000000000 ) ) ;
#589 = CARTESIAN_POINT ( 'NONE',  ( -5.674999999999999822, 0.000000000000000000, 2.785000000000000586 ) ) ;
#590 = DIRECTION ( 'NONE',  ( 0.000000000000000000, 0.000000000000000000, 1.000000000000000000 ) ) ;
#591 = DIRECTION ( 'NONE',  ( 0.000000000000000000, -1.000000000000000000, 0.000000000000000000 ) ) ;
#592 = ORIENTED_EDGE ( 'NONE', *, *, #4949, .F. ) ;
#593 = DIRECTION ( 'NONE',  ( -0.000000000000000000, 0.000000000000000000, -1.000000000000000000 ) ) ;
#594 = ORIENTED_EDGE ( 'NONE', *, *, #4699, .T. ) ;
#595 = CARTESIAN_POINT ( 'NONE',  ( -3.320000000000000728, 7.500000000000001776, -0.005000000000001097317 ) ) ;
#596 = DIRECTION ( 'NONE',  ( -0.000000000000000000, 1.000000000000000000, 1.801998070613027504E-16 ) ) ;
#597 = AXIS2_PLACEMENT_3D ( 'NONE', #1721, #2234, #3560 ) ;
#598 = DIRECTION ( 'NONE',  ( -4.494102269369967741E-16, 1.807003620809173892E-16, -1.000000000000000000 ) ) ;
#599 = CARTESIAN_POINT ( 'NONE',  ( -1.270000000000001128, 9.900000000000000355, 1.584999999999999076 ) ) ;
#600 = DIRECTION ( 'NONE',  ( -1.000000000000000000, 0.000000000000000000, 0.000000000000000000 ) ) ;
#601 = FILL_AREA_STYLE_COLOUR ( '', #5744 ) ;
#602 = ORIENTED_EDGE ( 'NONE', *, *, #2309, .T. ) ;
#603 = DIRECTION ( 'NONE',  ( 1.000000000000000000, 0.000000000000000000, 0.000000000000000000 ) ) ;
#604 = ORIENTED_EDGE ( 'NONE', *, *, #4168, .T. ) ;
#605 = DIRECTION ( 'NONE',  ( -0.000000000000000000, -0.7682212795973757391, -0.6401843996644799306 ) ) ;
#606 = DIRECTION ( 'NONE',  ( 0.000000000000000000, -2.995465716473997569E-16, -1.000000000000000000 ) ) ;
#607 = AXIS2_PLACEMENT_3D ( 'NONE', #3445, #906, #2012 ) ;
#608 = STYLED_ITEM ( 'NONE', ( #5465 ), #838 ) ;
#609 = EDGE_LOOP ( 'NONE', ( #1915, #3741, #1938, #1446 ) ) ;
#610 = CARTESIAN_POINT ( 'NONE',  ( 5.389999999999999680, 1.849999999999999201, 2.024999999999999023 ) ) ;
#611 = AXIS2_PLACEMENT_3D ( 'NONE', #2314, #2268, #3495 ) ;
#612 = ORIENTED_EDGE ( 'NONE', *, *, #4426, .T. ) ;
#613 = CARTESIAN_POINT ( 'NONE',  ( -3.320000000000000728, 3.300000000000000711, 0.6349999999999988987 ) ) ;
#614 = CARTESIAN_POINT ( 'NONE',  ( -2.680000000000001048, 1.269999999999999796, -0.5599999999999938360 ) ) ;
#615 = ADVANCED_FACE ( 'NONE', ( #5760 ), #512, .T. ) ;
#616 = ORIENTED_EDGE ( 'NONE', *, *, #3825, .F. ) ;
#617 = ORIENTED_EDGE ( 'NONE', *, *, #6111, .T. ) ;
#618 = PRESENTATION_LAYER_ASSIGNMENT (  '', '', ( #181 ) ) ;
#619 = DIRECTION ( 'NONE',  ( -0.000000000000000000, -1.000000000000000000, -0.000000000000000000 ) ) ;
#620 = CARTESIAN_POINT ( 'NONE',  ( -3.320000000000000728, -2.579999999999992966, -0.005000000000002157233 ) ) ;
#621 = CARTESIAN_POINT ( 'NONE',  ( -0.3200000000000008393, 6.899999999999995026, -0.005000000000001097317 ) ) ;
#622 = CARTESIAN_POINT ( 'NONE',  ( -4.924999999999998934, 9.900000000000000355, 2.274999999999998135 ) ) ;
#623 = CARTESIAN_POINT ( 'NONE',  ( 3.319999999999998952, -2.579999999999992966, 0.6349999999999978995 ) ) ;
#624 = ORIENTED_EDGE ( 'NONE', *, *, #6039, .T. ) ;
#625 = EDGE_CURVE ( 'NONE', #3959, #3647, #5582, .T. ) ;
#626 = CARTESIAN_POINT ( 'NONE',  ( 5.389999999999999680, 1.699999999999999956, 2.024999999999999023 ) ) ;
#627 = ORIENTED_EDGE ( 'NONE', *, *, #3300, .T. ) ;
#628 = EDGE_CURVE ( 'NONE', #6030, #6046, #5699, .T. ) ;
#629 = DIRECTION ( 'NONE',  ( -1.000000000000000000, -0.000000000000000000, -0.000000000000000000 ) ) ;
#630 = CARTESIAN_POINT ( 'NONE',  ( -0.3200000000000008393, 6.899999999999995026, 0.6349999999999988987 ) ) ;
#631 = CARTESIAN_POINT ( 'NONE',  ( -6.324999999999999289, 9.900000000000000355, 2.274999999999999023 ) ) ;
#632 = CARTESIAN_POINT ( 'NONE',  ( 1.300000000000000044, 6.899999999999999467, -1.585000000000000187 ) ) ;
#633 = ORIENTED_EDGE ( 'NONE', *, *, #2994, .T. ) ;
#634 = DIRECTION ( 'NONE',  ( -4.494102269369967741E-16, 1.618212197739558882E-16, -1.000000000000000000 ) ) ;
#635 = LINE ( 'NONE', #2286, #2797 ) ;
#636 = EDGE_CURVE ( 'NONE', #1389, #1860, #1621, .T. ) ;
#637 = ORIENTED_EDGE ( 'NONE', *, *, #3820, .F. ) ;
#638 = DIRECTION ( 'NONE',  ( 1.000000000000000000, -0.000000000000000000, -0.000000000000000000 ) ) ;
#639 = EDGE_CURVE ( 'NONE', #5454, #1679, #3692, .T. ) ;
#640 = DIRECTION ( 'NONE',  ( 0.000000000000000000, -1.000000000000000000, 3.614007241618347785E-16 ) ) ;
#641 = ORIENTED_EDGE ( 'NONE', *, *, #3281, .T. ) ;
#642 = ORIENTED_EDGE ( 'NONE', *, *, #2911, .F. ) ;
#643 = ADVANCED_FACE ( 'NONE', ( #1444 ), #1316, .F. ) ;
#644 = DIRECTION ( 'NONE',  ( -0.6401843996644802637, -0.7682212795973755171, 0.000000000000000000 ) ) ;
#645 = EDGE_CURVE ( 'NONE', #4593, #5607, #1564, .T. ) ;
#646 = DIRECTION ( 'NONE',  ( 0.6092076990801716940, 0.5076730825668080982, -0.6092076990801722491 ) ) ;
#647 = ORIENTED_EDGE ( 'NONE', *, *, #5663, .T. ) ;
#648 = FACE_OUTER_BOUND ( 'NONE', #1647, .T. ) ;
#649 = ORIENTED_EDGE ( 'NONE', *, *, #918, .T. ) ;
#650 = DIRECTION ( 'NONE',  ( 0.9486832980505146562, -0.3162277660168354432, 0.000000000000000000 ) ) ;
#651 = CARTESIAN_POINT ( 'NONE',  ( 2.679999999999999272, 7.500000000000001776, 0.6349999999999988987 ) ) ;
#652 = PLANE ( 'NONE',  #1417 ) ;
#653 = CARTESIAN_POINT ( 'NONE',  ( 3.319999999999998952, 7.500000000000001776, -0.005000000000001097317 ) ) ;
#654 = ORIENTED_EDGE ( 'NONE', *, *, #2857, .F. ) ;
#655 = FILL_AREA_STYLE_COLOUR ( '', #1631 ) ;
#656 = VECTOR ( 'NONE', #6184, 1000.000000000000227 ) ;
#657 = VERTEX_POINT ( 'NONE', #4712 ) ;
#658 = EDGE_CURVE ( 'NONE', #1167, #5701, #3617, .T. ) ;
#659 = AXIS2_PLACEMENT_3D ( 'NONE', #6157, #1776, #2285 ) ;
#660 = DIRECTION ( 'NONE',  ( 0.000000000000000000, 0.000000000000000000, -1.000000000000000000 ) ) ;
#661 = DIRECTION ( 'NONE',  ( 0.000000000000000000, -1.000000000000000000, 0.000000000000000000 ) ) ;
#662 = CARTESIAN_POINT ( 'NONE',  ( 0.3199999999999991185, -2.579999999999992966, -0.005000000000003001176 ) ) ;
#663 = CARTESIAN_POINT ( 'NONE',  ( -1.270000000000001128, 3.300000000000000711, 1.584999999999999076 ) ) ;
#664 = DIRECTION ( 'NONE',  ( 0.9486832980505147672, 0.3162277660168352766, -0.000000000000000000 ) ) ;
#665 = ORIENTED_EDGE ( 'NONE', *, *, #4824, .F. ) ;
#666 = VECTOR ( 'NONE', #5167, 1000.000000000000000 ) ;
#667 = ORIENTED_EDGE ( 'NONE', *, *, #252, .F. ) ;
#668 = AXIS2_PLACEMENT_3D ( 'NONE', #4933, #634, #4116 ) ;
#669 = CARTESIAN_POINT ( 'NONE',  ( 5.364999999999991331, 9.900000000000000355, 2.274999999999999023 ) ) ;
#670 = AXIS2_PLACEMENT_3D ( 'NONE', #2241, #2650, #3074 ) ;
#671 = CARTESIAN_POINT ( 'NONE',  ( 5.389999999999999680, 1.849999999999999201, 2.024999999999999023 ) ) ;
#672 = AXIS2_PLACEMENT_3D ( 'NONE', #4234, #4635, #4661 ) ;
#673 = ORIENTED_EDGE ( 'NONE', *, *, #5198, .F. ) ;
#674 = ADVANCED_FACE ( 'NONE', ( #5771 ), #5973, .F. ) ;
#675 = ORIENTED_EDGE ( 'NONE', *, *, #3145, .T. ) ;
#676 = DIRECTION ( 'NONE',  ( 1.000000000000000000, -0.000000000000000000, -4.494102269369967741E-16 ) ) ;
#677 = DIRECTION ( 'NONE',  ( -1.000000000000000000, 0.000000000000000000, 1.280553747030123075E-16 ) ) ;
#678 = UNCERTAINTY_MEASURE_WITH_UNIT (LENGTH_MEASURE( 1.000000000000000082E-05 ), #1363, 'distance_accuracy_value', 'NONE');
#679 = DIRECTION ( 'NONE',  ( 0.000000000000000000, 1.000000000000000000, 1.801998070613027504E-16 ) ) ;
#680 = VERTEX_POINT ( 'NONE', #4156 ) ;
#681 = FACE_OUTER_BOUND ( 'NONE', #3631, .T. ) ;
#682 = VERTEX_POINT ( 'NONE', #4519 ) ;
#683 = ADVANCED_FACE ( 'NONE', ( #3513 ), #4064, .F. ) ;
#684 = CARTESIAN_POINT ( 'NONE',  ( -2.680000000000001048, 6.899999999999995026, -0.005000000000001097317 ) ) ;
#685 = CARTESIAN_POINT ( 'NONE',  ( -6.325000000000002842, 1.269999999999999796, 1.190000000000007718 ) ) ;
#686 = PLANE ( 'NONE',  #1876 ) ;
#687 = CARTESIAN_POINT ( 'NONE',  ( 1.300000000000000044, 9.350000000000001421, -1.585000000000000187 ) ) ;
#688 = DIRECTION ( 'NONE',  ( -0.9486832980505147672, 0.3162277660168352766, 0.000000000000000000 ) ) ;
#689 = EDGE_CURVE ( 'NONE', #2156, #4067, #1063, .T. ) ;
#690 = DIRECTION ( 'NONE',  ( 0.000000000000000000, 0.000000000000000000, -1.000000000000000000 ) ) ;
#691 = EDGE_LOOP ( 'NONE', ( #4047, #4786, #3861, #2083 ) ) ;
#692 = VECTOR ( 'NONE', #1247, 1000.000000000000000 ) ;
#693 = ORIENTED_EDGE ( 'NONE', *, *, #2551, .T. ) ;
#694 = CARTESIAN_POINT ( 'NONE',  ( -3.320000000000000728, -7.265096679918780609, -0.005000000000003001176 ) ) ;
#695 = ADVANCED_FACE ( 'NONE', ( #1262 ), #4548, .F. ) ;
#696 = EDGE_CURVE ( 'NONE', #6058, #586, #3335, .T. ) ;
#697 = EDGE_CURVE ( 'NONE', #231, #3906, #1309, .T. ) ;
#698 = CARTESIAN_POINT ( 'NONE',  ( -1.730000000000000870, 3.300000000000000711, 1.584999999999998632 ) ) ;
#699 = CARTESIAN_POINT ( 'NONE',  ( -6.024999999999995914, -1.449999999999999956, 1.884999999999999343 ) ) ;
#700 = ORIENTED_EDGE ( 'NONE', *, *, #2661, .F. ) ;
#701 = CARTESIAN_POINT ( 'NONE',  ( 0.000000000000000000, 0.000000000000000000, 0.000000000000000000 ) ) ;
#702 = VECTOR ( 'NONE', #6073, 1000.000000000000000 ) ;
#703 = ORIENTED_EDGE ( 'NONE', *, *, #716, .T. ) ;
#704 = ORIENTED_EDGE ( 'NONE', *, *, #6087, .F. ) ;
#705 = EDGE_CURVE ( 'NONE', #5701, #5245, #5280, .T. ) ;
#706 = CARTESIAN_POINT ( 'NONE',  ( 4.924999999999998934, 9.900000000000000355, 2.274999999999999023 ) ) ;
#707 =( NAMED_UNIT ( * ) SI_UNIT ( $, .STERADIAN. ) SOLID_ANGLE_UNIT ( ) );
#708 = ORIENTED_EDGE ( 'NONE', *, *, #5485, .F. ) ;
#709 = FACE_OUTER_BOUND ( 'NONE', #2336, .T. ) ;
#710 = VERTEX_POINT ( 'NONE', #5930 ) ;
#711 = DIRECTION ( 'NONE',  ( 1.000000000000000000, 0.000000000000000000, 0.000000000000000000 ) ) ;
#712 = ORIENTED_EDGE ( 'NONE', *, *, #193, .F. ) ;
#713 = DIRECTION ( 'NONE',  ( 1.000000000000000000, 0.000000000000000000, -4.494102269369967741E-16 ) ) ;
#714 =( NAMED_UNIT ( * ) SI_UNIT ( $, .STERADIAN. ) SOLID_ANGLE_UNIT ( ) );
#715 = CARTESIAN_POINT ( 'NONE',  ( -5.389999999999997904, 0.000000000000000000, 2.785000000000000586 ) ) ;
#716 = EDGE_CURVE ( 'NONE', #3344, #111, #5448, .T. ) ;
#717 = DIRECTION ( 'NONE',  ( 0.000000000000000000, 1.000000000000000000, 1.807003620809173892E-16 ) ) ;
#718 = ORIENTED_EDGE ( 'NONE', *, *, #4084, .F. ) ;
#719 = ADVANCED_FACE ( 'NONE', ( #1193 ), #4924, .F. ) ;
#720 = VECTOR ( 'NONE', #26, 1000.000000000000000 ) ;
#721 = EDGE_LOOP ( 'NONE', ( #5994, #5818, #3826, #5900 ) ) ;
#722 = EDGE_LOOP ( 'NONE', ( #4488, #2300, #6136, #66 ) ) ;
#723 = CARTESIAN_POINT ( 'NONE',  ( -2.680000000000001048, 1.269999999999999796, -0.5599999999999938360 ) ) ;
#724 = CARTESIAN_POINT ( 'NONE',  ( 2.680000000000000160, 1.269999999999999796, 1.190000000000007052 ) ) ;
#725 = CARTESIAN_POINT ( 'NONE',  ( -5.674999999999999822, 0.000000000000000000, 1.884999999999999343 ) ) ;
#726 = CARTESIAN_POINT ( 'NONE',  ( -0.1200000000000003147, -3.180000000000000160, 0.1949999999999981470 ) ) ;
#727 = CARTESIAN_POINT ( 'NONE',  ( 0.3199999999999991185, 1.349999999999999645, 0.6349999999999985656 ) ) ;
#728 = SURFACE_STYLE_USAGE ( .BOTH. , #4923 ) ;
#729 = DIRECTION ( 'NONE',  ( 0.000000000000000000, 2.744815626545581052E-16, 1.000000000000000000 ) ) ;
#730 = EDGE_CURVE ( 'NONE', #1882, #300, #1290, .T. ) ;
#731 = EDGE_CURVE ( 'NONE', #1586, #1096, #5422, .T. ) ;
#732 = VERTEX_POINT ( 'NONE', #626 ) ;
#733 = AXIS2_PLACEMENT_3D ( 'NONE', #4605, #6061, #364 ) ;
#734 = FACE_OUTER_BOUND ( 'NONE', #1037, .T. ) ;
#735 = ORIENTED_EDGE ( 'NONE', *, *, #421, .T. ) ;
#736 = ORIENTED_EDGE ( 'NONE', *, *, #4732, .T. ) ;
#737 = ADVANCED_FACE ( 'NONE', ( #1320 ), #5555, .T. ) ;
#738 = CARTESIAN_POINT ( 'NONE',  ( -6.325000000000003730, -3.252606517456513302E-16, -0.9549999999999924105 ) ) ;
#739 = EDGE_LOOP ( 'NONE', ( #5556, #4091, #3284, #5366 ) ) ;
#740 = DIRECTION ( 'NONE',  ( 0.000000000000000000, -0.000000000000000000, 1.000000000000000000 ) ) ;
#741 = LINE ( 'NONE', #2471, #792 ) ;
#742 = EDGE_LOOP ( 'NONE', ( #3948, #5354, #1122, #5534 ) ) ;
#743 = ORIENTED_EDGE ( 'NONE', *, *, #5523, .F. ) ;
#744 = EDGE_CURVE ( 'NONE', #5328, #1499, #3208, .T. ) ;
#745 = AXIS2_PLACEMENT_3D ( 'NONE', #2948, #3924, #1977 ) ;
#746 = EDGE_CURVE ( 'NONE', #2519, #162, #3362, .T. ) ;
#747 = DIRECTION ( 'NONE',  ( 0.000000000000000000, -2.744815626545581052E-16, -1.000000000000000000 ) ) ;
#748 = ADVANCED_FACE ( 'NONE', ( #5433 ), #1624, .F. ) ;
#749 =( NAMED_UNIT ( * ) PLANE_ANGLE_UNIT ( ) SI_UNIT ( $, .RADIAN. ) );
#750 = ORIENTED_EDGE ( 'NONE', *, *, #857, .F. ) ;
#751 = LINE ( 'NONE', #4445, #2814 ) ;
#752 = ORIENTED_EDGE ( 'NONE', *, *, #5466, .F. ) ;
#753 = DIRECTION ( 'NONE',  ( -0.000000000000000000, 1.000000000000000000, 1.344746880602175966E-16 ) ) ;
#754 = LINE ( 'NONE', #1912, #4920 ) ;
#755 = DIRECTION ( 'NONE',  ( 1.000000000000000000, -0.000000000000000000, -4.494102269369967741E-16 ) ) ;
#756 =( NAMED_UNIT ( * ) PLANE_ANGLE_UNIT ( ) SI_UNIT ( $, .RADIAN. ) );
#757 = EDGE_CURVE ( 'NONE', #4653, #1881, #1252, .T. ) ;
#758 = FILL_AREA_STYLE ('',( #2307 ) ) ;
#759 = CARTESIAN_POINT ( 'NONE',  ( 3.757474226804124129, 0.3979381443298981025, 4.702525773195874059 ) ) ;
#760 = ORIENTED_EDGE ( 'NONE', *, *, #1083, .F. ) ;
#761 = ORIENTED_EDGE ( 'NONE', *, *, #2879, .F. ) ;
#762 = EDGE_CURVE ( 'NONE', #966, #6125, #1349, .T. ) ;
#763 = VECTOR ( 'NONE', #2680, 1000.000000000000000 ) ;
#764 = CARTESIAN_POINT ( 'NONE',  ( -6.325000000000001066, 0.000000000000000000, -1.584999999999999964 ) ) ;
#765 = EDGE_CURVE ( 'NONE', #129, #1830, #3298, .T. ) ;
#766 = CARTESIAN_POINT ( 'NONE',  ( -5.389999999999999680, 0.6699999999999998179, 1.190000000000007940 ) ) ;
#767 = CARTESIAN_POINT ( 'NONE',  ( -6.325000000000003730, 0.6699999999999997069, -0.9549999999999922995 ) ) ;
#768 = DIRECTION ( 'NONE',  ( -0.000000000000000000, 1.000000000000000000, -0.000000000000000000 ) ) ;
#769 = SURFACE_STYLE_USAGE ( .BOTH. , #2739 ) ;
#770 = ORIENTED_EDGE ( 'NONE', *, *, #4839, .F. ) ;
#771 = ORIENTED_EDGE ( 'NONE', *, *, #5575, .T. ) ;
#772 = ORIENTED_EDGE ( 'NONE', *, *, #5544, .F. ) ;
#773 = EDGE_CURVE ( 'NONE', #4090, #2316, #3436, .T. ) ;
#774 = DIRECTION ( 'NONE',  ( 1.000000000000000000, -0.000000000000000000, -4.494102269369967741E-16 ) ) ;
#775 = EDGE_CURVE ( 'NONE', #6159, #2262, #5333, .T. ) ;
#776 = DIRECTION ( 'NONE',  ( -1.000000000000000000, 0.000000000000000000, 0.000000000000000000 ) ) ;
#777 = ORIENTED_EDGE ( 'NONE', *, *, #4700, .F. ) ;
#778 = DIRECTION ( 'NONE',  ( 0.000000000000000000, 0.000000000000000000, 1.000000000000000000 ) ) ;
#779 = ORIENTED_EDGE ( 'NONE', *, *, #569, .F. ) ;
#780 = VERTEX_POINT ( 'NONE', #5609 ) ;
#781 = CARTESIAN_POINT ( 'NONE',  ( 3.000000000000000000, 7.500000000000001776, 0.4349999999999983324 ) ) ;
#782 = ORIENTED_EDGE ( 'NONE', *, *, #5428, .F. ) ;
#783 = LINE ( 'NONE', #911, #2710 ) ;
#784 = ORIENTED_EDGE ( 'NONE', *, *, #1902, .F. ) ;
#785 = ORIENTED_EDGE ( 'NONE', *, *, #8, .F. ) ;
#786 = CARTESIAN_POINT ( 'NONE',  ( -4.939999999999999503, 0.6699999999999998179, 1.190000000000007274 ) ) ;
#787 = PRESENTATION_LAYER_ASSIGNMENT (  '', '', ( #4267 ) ) ;
#788 = CARTESIAN_POINT ( 'NONE',  ( -6.325000000000002842, 1.269999999999999796, 1.190000000000007718 ) ) ;
#789 = CARTESIAN_POINT ( 'NONE',  ( -6.325000000000001066, 0.000000000000000000, -1.584999999999999964 ) ) ;
#790 = DIRECTION ( 'NONE',  ( 0.000000000000000000, -1.801998070613027504E-16, 1.000000000000000000 ) ) ;
#791 = ORIENTED_EDGE ( 'NONE', *, *, #1569, .F. ) ;
#792 = VECTOR ( 'NONE', #5700, 1000.000000000000000 ) ;
#793 = EDGE_LOOP ( 'NONE', ( #1048, #5377, #1995, #1255 ) ) ;
#794 = LINE ( 'NONE', #2330, #4892 ) ;
#795 = DIRECTION ( 'NONE',  ( 0.000000000000000000, -1.801998070613027504E-16, 1.000000000000000000 ) ) ;
#796 = STYLED_ITEM ( 'NONE', ( #1738 ), #5486 ) ;
#797 = EDGE_CURVE ( 'NONE', #3800, #4339, #5519, .T. ) ;
#798 = PRESENTATION_LAYER_ASSIGNMENT (  '', '', ( #3340 ) ) ;
#799 = CARTESIAN_POINT ( 'NONE',  ( -6.325000000000002842, 1.269999999999999796, 1.190000000000007718 ) ) ;
#800 = CARTESIAN_POINT ( 'NONE',  ( -6.325000000000003730, 1.269999999999999796, -0.5599999999999922817 ) ) ;
#801 = AXIS2_PLACEMENT_3D ( 'NONE', #3386, #2133, #2549 ) ;
#802 = CARTESIAN_POINT ( 'NONE',  ( -6.324999999999998401, 1.850000000000000089, 2.785000000000001030 ) ) ;
#803 = CARTESIAN_POINT ( 'NONE',  ( 0.000000000000000000, 0.000000000000000000, 2.024999999999999023 ) ) ;
#804 = ORIENTED_EDGE ( 'NONE', *, *, #4596, .F. ) ;
#805 = DIRECTION ( 'NONE',  ( 0.000000000000000000, -0.000000000000000000, 1.000000000000000000 ) ) ;
#806 = PRESENTATION_STYLE_ASSIGNMENT (( #4354 ) ) ;
#807 = ORIENTED_EDGE ( 'NONE', *, *, #8, .T. ) ;
#808 = ORIENTED_EDGE ( 'NONE', *, *, #1556, .F. ) ;
#809 = CARTESIAN_POINT ( 'NONE',  ( -5.389999999999999680, -1.320169249480846743E-15, -1.584999999999999964 ) ) ;
#810 = DIRECTION ( 'NONE',  ( -0.000000000000000000, 0.000000000000000000, 1.000000000000000000 ) ) ;
#811 = MECHANICAL_DESIGN_GEOMETRIC_PRESENTATION_REPRESENTATION (  '', ( #4632 ), #3811 ) ;
#812 = EDGE_CURVE ( 'NONE', #2470, #6117, #3374, .T. ) ;
#813 = VERTEX_POINT ( 'NONE', #4292 ) ;
#814 = DIRECTION ( 'NONE',  ( 1.000000000000000000, 0.000000000000000000, -0.000000000000000000 ) ) ;
#815 = APPLICATION_CONTEXT ( 'automotive_design' ) ;
#816 = LINE ( 'NONE', #5565, #4830 ) ;
#817 = ORIENTED_EDGE ( 'NONE', *, *, #2606, .F. ) ;
#818 = ORIENTED_EDGE ( 'NONE', *, *, #5647, .T. ) ;
#819 = CARTESIAN_POINT ( 'NONE',  ( 6.000000000000000000, 3.300000000000000711, 0.000000000000000000 ) ) ;
#820 = EDGE_CURVE ( 'NONE', #1336, #4589, #5311, .T. ) ;
#821 = ORIENTED_EDGE ( 'NONE', *, *, #37, .T. ) ;
#822 = VECTOR ( 'NONE', #32, 1000.000000000000000 ) ;
#823 = EDGE_LOOP ( 'NONE', ( #1496, #85, #2167, #5665, #5908 ) ) ;
#824 = DIRECTION ( 'NONE',  ( 0.000000000000000000, -1.000000000000000000, 0.000000000000000000 ) ) ;
#825 = VECTOR ( 'NONE', #928, 1000.000000000000000 ) ;
#826 = CARTESIAN_POINT ( 'NONE',  ( 2.250000000000001332, 8.300000000000000711, 2.274999999999999467 ) ) ;
#827 = CARTESIAN_POINT ( 'NONE',  ( 0.6200000000000032152, 3.300000000000000711, 1.584999999999998854 ) ) ;
#828 = DIRECTION ( 'NONE',  ( 0.3015113445777613532, -0.9045340337332925529, 0.3015113445777610757 ) ) ;
#829 = EDGE_CURVE ( 'NONE', #3487, #4790, #3231, .T. ) ;
#830 = DIRECTION ( 'NONE',  ( 0.000000000000000000, 0.000000000000000000, -1.000000000000000000 ) ) ;
#831 = ORIENTED_EDGE ( 'NONE', *, *, #2443, .T. ) ;
#832 = PLANE ( 'NONE',  #1961 ) ;
#833 = FACE_OUTER_BOUND ( 'NONE', #3634, .T. ) ;
#834 = ORIENTED_EDGE ( 'NONE', *, *, #4758, .T. ) ;
#835 = COLOUR_RGB ( '',1.000000000000000000, 0.8117647058823529438, 0.5019607843137254832 ) ;
#836 = DIRECTION ( 'NONE',  ( 0.000000000000000000, -0.000000000000000000, 1.000000000000000000 ) ) ;
#837 = DIRECTION ( 'NONE',  ( 0.000000000000000000, 2.744815626545581052E-16, 1.000000000000000000 ) ) ;
#838 = ADVANCED_FACE ( 'NONE', ( #3451 ), #3720, .F. ) ;
#839 = CARTESIAN_POINT ( 'NONE',  ( -2.680000000000001048, -7.265096679918780609, 0.6349999999999970113 ) ) ;
#840 = CARTESIAN_POINT ( 'NONE',  ( -6.324999999999998401, 0.000000000000000000, 2.785000000000001030 ) ) ;
#841 = CARTESIAN_POINT ( 'NONE',  ( -2.880000000000001670, 7.500000000000001776, 0.4349999999999983324 ) ) ;
#842 = EDGE_CURVE ( 'NONE', #3567, #4751, #3252, .T. ) ;
#843 = EDGE_LOOP ( 'NONE', ( #821, #3089, #4645, #4866 ) ) ;
#844 = DIRECTION ( 'NONE',  ( 0.000000000000000000, -1.801998070613027504E-16, 1.000000000000000000 ) ) ;
#845 = LINE ( 'NONE', #3171, #3037 ) ;
#846 = ORIENTED_EDGE ( 'NONE', *, *, #2723, .F. ) ;
#847 = EDGE_LOOP ( 'NONE', ( #4973, #784, #2910, #3926 ) ) ;
#848 = PLANE ( 'NONE',  #4678 ) ;
#849 = VECTOR ( 'NONE', #3881, 1000.000000000000000 ) ;
#850 = VERTEX_POINT ( 'NONE', #5714 ) ;
#851 = CARTESIAN_POINT ( 'NONE',  ( -6.325000000000002842, -3.252606517456513302E-16, 1.585000000000007958 ) ) ;
#852 =( LENGTH_UNIT ( ) NAMED_UNIT ( * ) SI_UNIT ( .MILLI., .METRE. ) );
#853 = ORIENTED_EDGE ( 'NONE', *, *, #2530, .F. ) ;
#854 = ORIENTED_EDGE ( 'NONE', *, *, #4772, .T. ) ;
#855 =( NAMED_UNIT ( * ) SI_UNIT ( $, .STERADIAN. ) SOLID_ANGLE_UNIT ( ) );
#856 = PLANE ( 'NONE',  #2638 ) ;
#857 = EDGE_CURVE ( 'NONE', #3469, #275, #1169, .T. ) ;
#858 = LINE ( 'NONE', #533, #849 ) ;
#859 = ORIENTED_EDGE ( 'NONE', *, *, #6129, .F. ) ;
#860 = CARTESIAN_POINT ( 'NONE',  ( -2.738181818181818272, -2.754545454545446415, 0.05318181818181508258 ) ) ;
#861 = VECTOR ( 'NONE', #6135, 1000.000000000000000 ) ;
#862 = ORIENTED_EDGE ( 'NONE', *, *, #4748, .F. ) ;
#863 = PLANE ( 'NONE',  #3036 ) ;
#864 = ORIENTED_EDGE ( 'NONE', *, *, #1021, .F. ) ;
#865 = CARTESIAN_POINT ( 'NONE',  ( -4.924999999999998934, 9.900000000000000355, 2.274999999999999023 ) ) ;
#866 = CARTESIAN_POINT ( 'NONE',  ( 3.000000000000000000, 7.500000000000001776, 0.1949999999999994238 ) ) ;
#867 = LINE ( 'NONE', #827, #3081 ) ;
#868 = PRESENTATION_LAYER_ASSIGNMENT (  '', '', ( #796 ) ) ;
#869 = ORIENTED_EDGE ( 'NONE', *, *, #3609, .T. ) ;
#870 = AXIS2_PLACEMENT_3D ( 'NONE', #2998, #1240, #805 ) ;
#871 = DIRECTION ( 'NONE',  ( 0.000000000000000000, 1.000000000000000000, 1.344746880602175966E-16 ) ) ;
#872 = LINE ( 'NONE', #2840, #940 ) ;
#873 = ORIENTED_EDGE ( 'NONE', *, *, #2774, .F. ) ;
#874 = VECTOR ( 'NONE', #4201, 1000.000000000000114 ) ;
#875 =( GEOMETRIC_REPRESENTATION_CONTEXT ( 3 ) GLOBAL_UNCERTAINTY_ASSIGNED_CONTEXT ( ( #3982 ) ) GLOBAL_UNIT_ASSIGNED_CONTEXT ( ( #2764, #67, #4752 ) ) REPRESENTATION_CONTEXT ( 'NONE', 'WORKASPACE' ) );
#876 = CARTESIAN_POINT ( 'NONE',  ( -1.300000000000000044, 8.149999999999998579, -2.785000000000001030 ) ) ;
#877 = CARTESIAN_POINT ( 'NONE',  ( -6.325000000000003730, -3.252606517456513302E-16, -0.9549999999999924105 ) ) ;
#878 = CARTESIAN_POINT ( 'NONE',  ( -5.364999999999991331, 9.900000000000000355, 2.274999999999999023 ) ) ;
#879 = CARTESIAN_POINT ( 'NONE',  ( -3.320000000000000728, 1.269999999999999796, 1.190000000000007718 ) ) ;
#880 = ADVANCED_FACE ( 'NONE', ( #1204 ), #4671, .T. ) ;
#881 = PLANE ( 'NONE',  #5809 ) ;
#882 = VECTOR ( 'NONE', #1265, 1000.000000000000000 ) ;
#883 = ORIENTED_EDGE ( 'NONE', *, *, #4948, .F. ) ;
#884 = FACE_OUTER_BOUND ( 'NONE', #2952, .T. ) ;
#885 = ORIENTED_EDGE ( 'NONE', *, *, #5480, .F. ) ;
#886 = PRESENTATION_STYLE_ASSIGNMENT (( #2619 ) ) ;
#887 = AXIS2_PLACEMENT_3D ( 'NONE', #2692, #3128, #4224 ) ;
#888 = ADVANCED_FACE ( 'NONE', ( #5344 ), #3283, .F. ) ;
#889 = CARTESIAN_POINT ( 'NONE',  ( -0.3200000000000008393, 7.500000000000001776, -0.005000000000001097317 ) ) ;
#890 = ORIENTED_EDGE ( 'NONE', *, *, #2699, .T. ) ;
#891 = DIRECTION ( 'NONE',  ( 0.000000000000000000, 0.000000000000000000, 1.000000000000000000 ) ) ;
#892 = FACE_OUTER_BOUND ( 'NONE', #3006, .T. ) ;
#893 = ORIENTED_EDGE ( 'NONE', *, *, #857, .T. ) ;
#894 = EDGE_CURVE ( 'NONE', #5192, #1411, #1212, .T. ) ;
#895 = EDGE_LOOP ( 'NONE', ( #4569, #2938, #4396, #448 ) ) ;
#896 = UNCERTAINTY_MEASURE_WITH_UNIT (LENGTH_MEASURE( 1.000000000000000082E-05 ), #1281, 'distance_accuracy_value', 'NONE');
#897 = EDGE_CURVE ( 'NONE', #3566, #34, #5357, .T. ) ;
#898 = CARTESIAN_POINT ( 'NONE',  ( 3.319999999999998508, 0.6699999999999997069, 1.585000000000007292 ) ) ;
#899 = VECTOR ( 'NONE', #3922, 1000.000000000000000 ) ;
#900 = ORIENTED_EDGE ( 'NONE', *, *, #4473, .F. ) ;
#901 = PLANE ( 'NONE',  #3100 ) ;
#902 = LINE ( 'NONE', #5653, #2939 ) ;
#903 = ORIENTED_EDGE ( 'NONE', *, *, #121, .F. ) ;
#904 = DIRECTION ( 'NONE',  ( 1.000000000000000000, 0.000000000000000000, 0.000000000000000000 ) ) ;
#905 = VECTOR ( 'NONE', #2776, 1000.000000000000000 ) ;
#906 = DIRECTION ( 'NONE',  ( 0.9486832980505146562, -0.3162277660168354432, 0.000000000000000000 ) ) ;
#907 = CARTESIAN_POINT ( 'NONE',  ( -6.325000000000003730, 0.6699999999999998179, -0.5599999999999923928 ) ) ;
#908 = DIRECTION ( 'NONE',  ( 1.000000000000000000, -0.000000000000000000, -4.494102269369967741E-16 ) ) ;
#909 = VECTOR ( 'NONE', #3186, 1000.000000000000000 ) ;
#910 = ORIENTED_EDGE ( 'NONE', *, *, #5884, .F. ) ;
#911 = CARTESIAN_POINT ( 'NONE',  ( -6.325000000000002842, 0.6699999999999997069, 1.585000000000007736 ) ) ;
#912 = FACE_OUTER_BOUND ( 'NONE', #2626, .T. ) ;
#913 = ORIENTED_EDGE ( 'NONE', *, *, #2057, .F. ) ;
#914 = ORIENTED_EDGE ( 'NONE', *, *, #2291, .T. ) ;
#915 = DIRECTION ( 'NONE',  ( 0.000000000000000000, -0.3162277660168354432, 0.9486832980505146562 ) ) ;
#916 = CARTESIAN_POINT ( 'NONE',  ( 4.924999999999999822, 9.900000000000000355, 2.213345367664709038E-15 ) ) ;
#917 = PLANE ( 'NONE',  #4862 ) ;
#918 = EDGE_CURVE ( 'NONE', #3209, #1864, #3612, .T. ) ;
#919 = DIRECTION ( 'NONE',  ( 1.000000000000000000, -0.000000000000000000, -4.494102269369967741E-16 ) ) ;
#920 = CARTESIAN_POINT ( 'NONE',  ( 0.3199999999999991740, -1.318004915248541546E-16, 1.585000000000004849 ) ) ;
#921 = DIRECTION ( 'NONE',  ( -0.6092076990801714720, -0.5076730825668097635, 0.6092076990801712499 ) ) ;
#922 = DIRECTION ( 'NONE',  ( 0.000000000000000000, -1.000000000000000000, -1.618212197739558882E-16 ) ) ;
#923 = ORIENTED_EDGE ( 'NONE', *, *, #135, .T. ) ;
#924 = DIRECTION ( 'NONE',  ( 0.000000000000000000, -1.000000000000000000, -1.807003620809173892E-16 ) ) ;
#925 = LINE ( 'NONE', #6056, #980 ) ;
#926 = EDGE_LOOP ( 'NONE', ( #210, #1315, #5378, #4531 ) ) ;
#927 = ORIENTED_EDGE ( 'NONE', *, *, #3009, .F. ) ;
#928 = DIRECTION ( 'NONE',  ( -0.000000000000000000, -0.000000000000000000, 1.000000000000000000 ) ) ;
#929 = ADVANCED_FACE ( 'NONE', ( #3718 ), #3902, .F. ) ;
#930 = CARTESIAN_POINT ( 'NONE',  ( 0.3199999999999991185, 1.349999999999999867, -0.005000000000001448598 ) ) ;
#931 = ORIENTED_EDGE ( 'NONE', *, *, #1200, .T. ) ;
#932 = DIRECTION ( 'NONE',  ( 1.000000000000000000, -0.000000000000000000, -4.494102269369967741E-16 ) ) ;
#933 = LINE ( 'NONE', #620, #3077 ) ;
#934 = ORIENTED_EDGE ( 'NONE', *, *, #3901, .F. ) ;
#935 = LINE ( 'NONE', #4066, #2912 ) ;
#936 = EDGE_CURVE ( 'NONE', #5554, #1586, #5755, .T. ) ;
#937 = EDGE_CURVE ( 'NONE', #2514, #1096, #3537, .T. ) ;
#938 = ADVANCED_FACE ( 'NONE', ( #1643 ), #5850, .T. ) ;
#939 = ORIENTED_EDGE ( 'NONE', *, *, #2774, .T. ) ;
#940 = VECTOR ( 'NONE', #5110, 1000.000000000000000 ) ;
#941 = ORIENTED_EDGE ( 'NONE', *, *, #4824, .T. ) ;
#942 = DIRECTION ( 'NONE',  ( 4.494102269369967741E-16, 0.000000000000000000, -1.000000000000000000 ) ) ;
#943 = VECTOR ( 'NONE', #1391, 1000.000000000000000 ) ;
#944 = CARTESIAN_POINT ( 'NONE',  ( -5.389999999999999680, 1.699999999999998623, -1.584999999999999964 ) ) ;
#945 = CARTESIAN_POINT ( 'NONE',  ( -5.389999999999997904, 1.850000000000000089, 2.785000000000000586 ) ) ;
#946 = CARTESIAN_POINT ( 'NONE',  ( -4.939999999999999503, -1.081363123647112731E-15, -1.584999999999999964 ) ) ;
#947 = AXIS2_PLACEMENT_3D ( 'NONE', #2598, #4557, #2623 ) ;
#948 = AXIS2_PLACEMENT_3D ( 'NONE', #4966, #4161, #4024 ) ;
#949 = EDGE_CURVE ( 'NONE', #1991, #535, #3559, .T. ) ;
#950 = STYLED_ITEM ( 'NONE', ( #4603 ), #4509 ) ;
#951 = DIRECTION ( 'NONE',  ( -1.000000000000000000, -0.000000000000000000, -0.000000000000000000 ) ) ;
#952 = LINE ( 'NONE', #2305, #5146 ) ;
#953 = VERTEX_POINT ( 'NONE', #4118 ) ;
#954 = PLANE ( 'NONE',  #1176 ) ;
#955 = VECTOR ( 'NONE', #4688, 1000.000000000000000 ) ;
#956 = ORIENTED_EDGE ( 'NONE', *, *, #1298, .F. ) ;
#957 = DIRECTION ( 'NONE',  ( 0.000000000000000000, 1.000000000000000000, 1.618212197739558882E-16 ) ) ;
#958 = CARTESIAN_POINT ( 'NONE',  ( -2.680000000000001048, 1.349999999999999867, -0.005000000000001448598 ) ) ;
#959 = FILL_AREA_STYLE ('',( #5800 ) ) ;
#960 = DIRECTION ( 'NONE',  ( 0.000000000000000000, 0.000000000000000000, 1.000000000000000000 ) ) ;
#961 = SURFACE_STYLE_USAGE ( .BOTH. , #5801 ) ;
#962 = VECTOR ( 'NONE', #2990, 1000.000000000000000 ) ;
#963 = ORIENTED_EDGE ( 'NONE', *, *, #3216, .F. ) ;
#964 = CARTESIAN_POINT ( 'NONE',  ( -1.730000000000000870, 9.900000000000000355, 1.584999999999998632 ) ) ;
#965 = VECTOR ( 'NONE', #386, 1000.000000000000000 ) ;
#966 = VERTEX_POINT ( 'NONE', #5320 ) ;
#967 = LINE ( 'NONE', #2968, #5207 ) ;
#968 = CARTESIAN_POINT ( 'NONE',  ( 6.325000000000000178, -1.199999999999999734, 2.784999999999999254 ) ) ;
#969 = EDGE_CURVE ( 'NONE', #5423, #3487, #5657, .T. ) ;
#970 = CARTESIAN_POINT ( 'NONE',  ( 0.3199999999999991185, 3.300000000000000711, 0.6349999999999988987 ) ) ;
#971 = VECTOR ( 'NONE', #3503, 1000.000000000000000 ) ;
#972 = ORIENTED_EDGE ( 'NONE', *, *, #2927, .F. ) ;
#973 = SURFACE_SIDE_STYLE ('',( #3381 ) ) ;
#974 = CARTESIAN_POINT ( 'NONE',  ( -3.120000000000000551, 7.500000000000001776, 0.4349999999999983324 ) ) ;
#975 = LINE ( 'NONE', #4999, #1090 ) ;
#976 = EDGE_CURVE ( 'NONE', #1043, #1361, #1652, .T. ) ;
#977 = FACE_OUTER_BOUND ( 'NONE', #1171, .T. ) ;
#978 = ORIENTED_EDGE ( 'NONE', *, *, #393, .F. ) ;
#979 = CARTESIAN_POINT ( 'NONE',  ( 5.389999999999999680, 1.850000000000000089, 2.784999999999999254 ) ) ;
#980 = VECTOR ( 'NONE', #5299, 999.9999999999998863 ) ;
#981 = CARTESIAN_POINT ( 'NONE',  ( -6.325000000000001066, 0.000000000000000000, -1.584999999999999964 ) ) ;
#982 = VECTOR ( 'NONE', #2279, 1000.000000000000000 ) ;
#983 = CARTESIAN_POINT ( 'NONE',  ( 2.250000000000001332, 1.849999999999999201, 2.774999999999998135 ) ) ;
#984 = EDGE_CURVE ( 'NONE', #585, #5937, #3699, .T. ) ;
#985 = DIRECTION ( 'NONE',  ( -1.000000000000000000, -0.000000000000000000, -0.000000000000000000 ) ) ;
#986 = ADVANCED_FACE ( 'NONE', ( #3480 ), #1038, .F. ) ;
#987 = CARTESIAN_POINT ( 'NONE',  ( -1.250000000000001110, 1.849999999999999201, 2.774999999999998135 ) ) ;
#988 = COLOUR_RGB ( '',1.000000000000000000, 0.8117647058823529438, 0.5019607843137254832 ) ;
#989 = ORIENTED_EDGE ( 'NONE', *, *, #1633, .F. ) ;
#990 = COLOUR_RGB ( '',0.7921568627450980005, 0.8196078431372548767, 0.9333333333333333481 ) ;
#991 = CARTESIAN_POINT ( 'NONE',  ( -2.680000000000001048, 0.6699999999999998179, 1.190000000000006164 ) ) ;
#992 = PRESENTATION_STYLE_ASSIGNMENT (( #481 ) ) ;
#993 = VECTOR ( 'NONE', #5282, 1000.000000000000000 ) ;
#994 = DIRECTION ( 'NONE',  ( -1.000000000000000000, 0.000000000000000000, 0.000000000000000000 ) ) ;
#995 = DIRECTION ( 'NONE',  ( -1.000000000000000000, 0.000000000000000000, 0.000000000000000000 ) ) ;
#996 =( NAMED_UNIT ( * ) SI_UNIT ( $, .STERADIAN. ) SOLID_ANGLE_UNIT ( ) );
#997 = CARTESIAN_POINT ( 'NONE',  ( -1.270000000000001128, 9.900000000000000355, -0.9550000000000008482 ) ) ;
#998 = FACE_OUTER_BOUND ( 'NONE', #5951, .T. ) ;
#999 = ORIENTED_EDGE ( 'NONE', *, *, #4748, .T. ) ;
#1000 = CARTESIAN_POINT ( 'NONE',  ( -4.939999999999999503, 1.269999999999999796, 1.190000000000007718 ) ) ;
#1001 = VECTOR ( 'NONE', #596, 1000.000000000000000 ) ;
#1002 = DIRECTION ( 'NONE',  ( -0.8869140841669809205, 0.000000000000000000, -0.4619344188369658433 ) ) ;
#1003 = CARTESIAN_POINT ( 'NONE',  ( -5.364999999999991331, 9.460000000000006182, 2.274999999999999023 ) ) ;
#1004 = SURFACE_STYLE_FILL_AREA ( #5114 ) ;
#1005 = MECHANICAL_DESIGN_GEOMETRIC_PRESENTATION_REPRESENTATION (  '', ( #171 ), #4717 ) ;
#1006 = ORIENTED_EDGE ( 'NONE', *, *, #6129, .T. ) ;
#1007 = EDGE_CURVE ( 'NONE', #5898, #1296, #1516, .T. ) ;
#1008 = EDGE_CURVE ( 'NONE', #5192, #6125, #5680, .T. ) ;
#1009 = DIRECTION ( 'NONE',  ( 0.000000000000000000, 0.000000000000000000, -1.000000000000000000 ) ) ;
#1010 = LINE ( 'NONE', #595, #5115 ) ;
#1011 =( GEOMETRIC_REPRESENTATION_CONTEXT ( 3 ) GLOBAL_UNCERTAINTY_ASSIGNED_CONTEXT ( ( #4887 ) ) GLOBAL_UNIT_ASSIGNED_CONTEXT ( ( #3030, #1184, #1766 ) ) REPRESENTATION_CONTEXT ( 'NONE', 'WORKASPACE' ) );
#1012 = LINE ( 'NONE', #767, #3056 ) ;
#1013 = VERTEX_POINT ( 'NONE', #1686 ) ;
#1014 = DIRECTION ( 'NONE',  ( -0.000000000000000000, -0.000000000000000000, 1.000000000000000000 ) ) ;
#1015 = DIRECTION ( 'NONE',  ( 0.000000000000000000, -0.000000000000000000, 1.000000000000000000 ) ) ;
#1016 = VECTOR ( 'NONE', #2724, 1000.000000000000000 ) ;
#1017 = CARTESIAN_POINT ( 'NONE',  ( 5.164072164948454002, -0.7742268041237110321, 1.374072164948452857 ) ) ;
#1018 = FACE_OUTER_BOUND ( 'NONE', #1180, .T. ) ;
#1019 = ADVANCED_FACE ( 'NONE', ( #3467 ), #5899, .F. ) ;
#1020 = CARTESIAN_POINT ( 'NONE',  ( 2.250000000000001332, 0.000000000000000000, -0.000000000000000000 ) ) ;
#1021 = EDGE_CURVE ( 'NONE', #4564, #3567, #1584, .T. ) ;
#1022 = PRESENTATION_LAYER_ASSIGNMENT (  '', '', ( #3357 ) ) ;
#1023 = DIRECTION ( 'NONE',  ( 1.000000000000000000, 0.000000000000000000, -4.494102269369967741E-16 ) ) ;
#1024 = EDGE_CURVE ( 'NONE', #953, #6080, #5628, .T. ) ;
#1025 = PRESENTATION_STYLE_ASSIGNMENT (( #2736 ) ) ;
#1026 = VERTEX_POINT ( 'NONE', #1641 ) ;
#1027 = VECTOR ( 'NONE', #5589, 1000.000000000000000 ) ;
#1028 = FACE_OUTER_BOUND ( 'NONE', #3580, .T. ) ;
#1029 = CARTESIAN_POINT ( 'NONE',  ( -4.939999999999999503, 0.6699999999999997069, -0.9549999999999929656 ) ) ;
#1030 = DIRECTION ( 'NONE',  ( 0.000000000000000000, 0.000000000000000000, 1.000000000000000000 ) ) ;
#1031 = ADVANCED_FACE ( 'NONE', ( #5563 ), #4590, .F. ) ;
#1032 = EDGE_CURVE ( 'NONE', #3885, #2836, #1505, .T. ) ;
#1033 = DIRECTION ( 'NONE',  ( 0.000000000000000000, -0.000000000000000000, 1.000000000000000000 ) ) ;
#1034 = DIRECTION ( 'NONE',  ( -0.000000000000000000, -1.000000000000000000, -0.000000000000000000 ) ) ;
#1035 = DIRECTION ( 'NONE',  ( 0.000000000000000000, 3.388131789017201849E-16, -1.000000000000000000 ) ) ;
#1036 = LINE ( 'NONE', #1519, #3042 ) ;
#1037 = EDGE_LOOP ( 'NONE', ( #1148, #3433, #564, #3369, #2711, #3115, #1199, #3007, #5515, #3189, #5270, #3460 ) ) ;
#1038 = PLANE ( 'NONE',  #5626 ) ;
#1039 = VECTOR ( 'NONE', #5742, 1000.000000000000000 ) ;
#1040 = VECTOR ( 'NONE', #3406, 1000.000000000000000 ) ;
#1041 = CARTESIAN_POINT ( 'NONE',  ( -2.680000000000001048, -7.265096679918780609, -0.005000000000003001176 ) ) ;
#1042 = VECTOR ( 'NONE', #4434, 1000.000000000000000 ) ;
#1043 = VERTEX_POINT ( 'NONE', #2035 ) ;
#1044 = DIRECTION ( 'NONE',  ( 1.000000000000000000, 0.000000000000000000, 0.000000000000000000 ) ) ;
#1045 = CARTESIAN_POINT ( 'NONE',  ( -3.619999999999993001, 9.900000000000000355, 1.584999999999998854 ) ) ;
#1046 = LINE ( 'NONE', #3591, #1108 ) ;
#1047 = LINE ( 'NONE', #3237, #3211 ) ;
#1048 = ORIENTED_EDGE ( 'NONE', *, *, #1200, .F. ) ;
#1049 = EDGE_CURVE ( 'NONE', #5948, #3743, #3574, .T. ) ;
#1050 = EDGE_CURVE ( 'NONE', #4870, #2249, #3584, .T. ) ;
#1051 = ADVANCED_FACE ( 'NONE', ( #1533 ), #4829, .F. ) ;
#1052 = ORIENTED_EDGE ( 'NONE', *, *, #2225, .F. ) ;
#1053 = CARTESIAN_POINT ( 'NONE',  ( -3.120000000000000551, 7.500000000000001776, 0.000000000000000000 ) ) ;
#1054 = DIRECTION ( 'NONE',  ( -1.000000000000000000, 0.000000000000000000, 0.000000000000000000 ) ) ;
#1055 = LINE ( 'NONE', #3358, #3146 ) ;
#1056 = DIRECTION ( 'NONE',  ( 0.000000000000000000, 0.000000000000000000, -1.000000000000000000 ) ) ;
#1057 = DIRECTION ( 'NONE',  ( 0.000000000000000000, 0.000000000000000000, -1.000000000000000000 ) ) ;
#1058 = PLANE ( 'NONE',  #4850 ) ;
#1059 = DIRECTION ( 'NONE',  ( -1.000000000000000000, -0.000000000000000000, -0.000000000000000000 ) ) ;
#1060 = ORIENTED_EDGE ( 'NONE', *, *, #2715, .F. ) ;
#1061 = VECTOR ( 'NONE', #1667, 1000.000000000000000 ) ;
#1062 = ORIENTED_EDGE ( 'NONE', *, *, #4463, .T. ) ;
#1063 = LINE ( 'NONE', #368, #5410 ) ;
#1064 = DIRECTION ( 'NONE',  ( 0.000000000000000000, 1.000000000000000000, -3.212450881438528789E-16 ) ) ;
#1065 = CARTESIAN_POINT ( 'NONE',  ( -6.325000000000002842, 0.6699999999999997069, 1.585000000000007736 ) ) ;
#1066 = SURFACE_STYLE_FILL_AREA ( #4606 ) ;
#1067 = VECTOR ( 'NONE', #1107, 1000.000000000000000 ) ;
#1068 = ADVANCED_FACE ( 'NONE', ( #5787 ), #4169, .T. ) ;
#1069 = ORIENTED_EDGE ( 'NONE', *, *, #3887, .F. ) ;
#1070 = EDGE_CURVE ( 'NONE', #4077, #4696, #3596, .T. ) ;
#1071 = DIRECTION ( 'NONE',  ( 0.000000000000000000, 0.000000000000000000, -1.000000000000000000 ) ) ;
#1072 = CARTESIAN_POINT ( 'NONE',  ( 4.924999999999999822, 9.900000000000000355, -1.584999999999999964 ) ) ;
#1073 = DIRECTION ( 'NONE',  ( 0.3015113445777613532, 0.9045340337332925529, 0.3015113445777610757 ) ) ;
#1074 = CARTESIAN_POINT ( 'NONE',  ( 6.324999999999999289, 1.269999999999999796, 1.190000000000001945 ) ) ;
#1075 = CARTESIAN_POINT ( 'NONE',  ( 3.319999999999998952, 0.6699999999999997069, -0.9549999999999966294 ) ) ;
#1076 = LINE ( 'NONE', #5076, #3217 ) ;
#1077 = EDGE_LOOP ( 'NONE', ( #5196, #1368, #978, #2860 ) ) ;
#1078 = DIRECTION ( 'NONE',  ( 0.000000000000000000, 1.000000000000000000, 0.000000000000000000 ) ) ;
#1079 = FACE_OUTER_BOUND ( 'NONE', #4351, .T. ) ;
#1080 = CARTESIAN_POINT ( 'NONE',  ( -3.320000000000000728, -2.579999999999992966, -0.005000000000002157233 ) ) ;
#1081 = ORIENTED_EDGE ( 'NONE', *, *, #2542, .T. ) ;
#1082 = STYLED_ITEM ( 'NONE', ( #4183 ), #5820 ) ;
#1083 = EDGE_CURVE ( 'NONE', #2316, #3378, #3625, .T. ) ;
#1084 = AXIS2_PLACEMENT_3D ( 'NONE', #3080, #2627, #5098 ) ;
#1085 = AXIS2_PLACEMENT_3D ( 'NONE', #4497, #5327, #5907 ) ;
#1086 = VECTOR ( 'NONE', #5273, 1000.000000000000000 ) ;
#1087 = CLOSED_SHELL ( 'NONE', ( #212, #1051, #390, #250, #1412, #3764, #2090, #3686, #2203, #1121 ) ) ;
#1088 = CARTESIAN_POINT ( 'NONE',  ( -4.939999999999999503, 0.6699999999999998179, -0.5599999999999923928 ) ) ;
#1089 = VECTOR ( 'NONE', #4481, 1000.000000000000000 ) ;
#1090 = VECTOR ( 'NONE', #6067, 1000.000000000000000 ) ;
#1091 = VERTEX_POINT ( 'NONE', #6029 ) ;
#1092 = DIRECTION ( 'NONE',  ( 1.000000000000000000, -0.000000000000000000, -1.707404996040164018E-16 ) ) ;
#1093 = ADVANCED_FACE ( 'NONE', ( #1574 ), #3079, .F. ) ;
#1094 = VECTOR ( 'NONE', #490, 1000.000000000000114 ) ;
#1095 = STYLED_ITEM ( 'NONE', ( #992 ), #2492 ) ;
#1096 = VERTEX_POINT ( 'NONE', #706 ) ;
#1097 = DIRECTION ( 'NONE',  ( -0.000000000000000000, 1.000000000000000000, 1.807003620809173892E-16 ) ) ;
#1098 = EDGE_CURVE ( 'NONE', #5339, #5898, #3638, .T. ) ;
#1099 = CARTESIAN_POINT ( 'NONE',  ( 0.3199999999999991185, 7.500000000000001776, 0.6349999999999988987 ) ) ;
#1100 = LINE ( 'NONE', #5346, #3165 ) ;
#1101 =( LENGTH_UNIT ( ) NAMED_UNIT ( * ) SI_UNIT ( .MILLI., .METRE. ) );
#1102 = EDGE_LOOP ( 'NONE', ( #2602, #2573, #5201, #3193 ) ) ;
#1103 = SURFACE_SIDE_STYLE ('',( #5608 ) ) ;
#1104 = VECTOR ( 'NONE', #2192, 1000.000000000000000 ) ;
#1105 = ADVANCED_FACE ( 'NONE', ( #5768 ), #6035, .F. ) ;
#1106 = ORIENTED_EDGE ( 'NONE', *, *, #2695, .T. ) ;
#1107 = DIRECTION ( 'NONE',  ( -0.000000000000000000, 1.000000000000000000, -0.000000000000000000 ) ) ;
#1108 = VECTOR ( 'NONE', #4132, 1000.000000000000000 ) ;
#1109 = ADVANCED_FACE ( 'NONE', ( #3650 ), #4216, .F. ) ;
#1110 = ORIENTED_EDGE ( 'NONE', *, *, #1253, .T. ) ;
#1111 = PLANE ( 'NONE',  #3610 ) ;
#1112 = CARTESIAN_POINT ( 'NONE',  ( -0.3200000000000008948, -1.081363123647112731E-15, -1.584999999999999964 ) ) ;
#1113 = CARTESIAN_POINT ( 'NONE',  ( -3.320000000000000728, 1.350000000000000089, -1.585000000000000409 ) ) ;
#1114 = PLANE ( 'NONE',  #5440 ) ;
#1115 = VECTOR ( 'NONE', #4324, 1000.000000000000000 ) ;
#1116 = EDGE_CURVE ( 'NONE', #72, #3635, #3522, .T. ) ;
#1117 = ORIENTED_EDGE ( 'NONE', *, *, #5522, .F. ) ;
#1118 = DIRECTION ( 'NONE',  ( 0.000000000000000000, 1.000000000000000000, 0.000000000000000000 ) ) ;
#1119 = VECTOR ( 'NONE', #5139, 1000.000000000000000 ) ;
#1120 = VECTOR ( 'NONE', #4609, 1000.000000000000000 ) ;
#1121 = ADVANCED_FACE ( 'NONE', ( #3507 ), #3121, .F. ) ;
#1122 = ORIENTED_EDGE ( 'NONE', *, *, #3569, .T. ) ;
#1123 = VECTOR ( 'NONE', #2117, 1000.000000000000000 ) ;
#1124 = ORIENTED_EDGE ( 'NONE', *, *, #276, .F. ) ;
#1125 = DIRECTION ( 'NONE',  ( 1.984809469081015402E-16, -0.000000000000000000, 1.000000000000000000 ) ) ;
#1126 = EDGE_CURVE ( 'NONE', #129, #2525, #1451, .T. ) ;
#1127 = PLANE ( 'NONE',  #801 ) ;
#1128 = LINE ( 'NONE', #2013, #5296 ) ;
#1129 = LINE ( 'NONE', #2483, #3091 ) ;
#1130 = VERTEX_POINT ( 'NONE', #1165 ) ;
#1131 = FILL_AREA_STYLE_COLOUR ( '', #5297 ) ;
#1132 = LINE ( 'NONE', #1588, #5310 ) ;
#1133 = ORIENTED_EDGE ( 'NONE', *, *, #5753, .T. ) ;
#1134 = CARTESIAN_POINT ( 'NONE',  ( 1.300000000000000044, 6.899999999999999467, -2.085000000000000853 ) ) ;
#1135 = CARTESIAN_POINT ( 'NONE',  ( -0.3200000000000008393, -2.579999999999992966, -0.005000000000002157233 ) ) ;
#1136 = FACE_OUTER_BOUND ( 'NONE', #4192, .T. ) ;
#1137 = CARTESIAN_POINT ( 'NONE',  ( -5.389999999999997904, 0.000000000000000000, 2.024999999999999023 ) ) ;
#1138 = LINE ( 'NONE', #3945, #5097 ) ;
#1139 = DIRECTION ( 'NONE',  ( 1.000000000000000000, -0.000000000000000000, 0.000000000000000000 ) ) ;
#1140 = DIRECTION ( 'NONE',  ( 1.000000000000000000, 0.000000000000000000, 0.000000000000000000 ) ) ;
#1141 = PLANE ( 'NONE',  #6075 ) ;
#1142 = ORIENTED_EDGE ( 'NONE', *, *, #3120, .T. ) ;
#1143 = DIRECTION ( 'NONE',  ( 1.000000000000000000, 0.000000000000000000, -1.707404996040164265E-16 ) ) ;
#1144 = CARTESIAN_POINT ( 'NONE',  ( -6.325000000000003730, 0.6699999999999998179, -0.5599999999999923928 ) ) ;
#1145 = CARTESIAN_POINT ( 'NONE',  ( 4.924999999999998934, 9.900000000000000355, -0.9550000000000011813 ) ) ;
#1146 = VECTOR ( 'NONE', #5189, 1000.000000000000000 ) ;
#1147 = VECTOR ( 'NONE', #1722, 1000.000000000000000 ) ;
#1148 = ORIENTED_EDGE ( 'NONE', *, *, #25, .F. ) ;
#1149 = EDGE_CURVE ( 'NONE', #275, #4790, #1461, .T. ) ;
#1150 = EDGE_CURVE ( 'NONE', #5623, #162, #3955, .T. ) ;
#1151 = FILL_AREA_STYLE_COLOUR ( '', #835 ) ;
#1152 = LINE ( 'NONE', #5835, #1040 ) ;
#1153 = VERTEX_POINT ( 'NONE', #2250 ) ;
#1154 = DIRECTION ( 'NONE',  ( -0.000000000000000000, -0.000000000000000000, 1.000000000000000000 ) ) ;
#1155 = CARTESIAN_POINT ( 'NONE',  ( -0.3200000000000008393, -2.579999999999992966, 0.6349999999999978995 ) ) ;
#1156 =( LENGTH_UNIT ( ) NAMED_UNIT ( * ) SI_UNIT ( .MILLI., .METRE. ) );
#1157 = DIRECTION ( 'NONE',  ( 1.000000000000000000, -0.000000000000000000, -0.000000000000000000 ) ) ;
#1158 = LINE ( 'NONE', #3464, #3194 ) ;
#1159 = ADVANCED_FACE ( 'NONE', ( #1763 ), #5520, .F. ) ;
#1160 = ORIENTED_EDGE ( 'NONE', *, *, #478, .F. ) ;
#1161 = MECHANICAL_DESIGN_GEOMETRIC_PRESENTATION_REPRESENTATION (  '', ( #2187 ), #4561 ) ;
#1162 = DIRECTION ( 'NONE',  ( 0.000000000000000000, 1.000000000000000000, -3.614007241618347785E-16 ) ) ;
#1163 = MECHANICAL_DESIGN_GEOMETRIC_PRESENTATION_REPRESENTATION (  '', ( #4784 ), #6141 ) ;
#1164 = SURFACE_STYLE_FILL_AREA ( #6183 ) ;
#1165 = CARTESIAN_POINT ( 'NONE',  ( -1.270000000000001128, 3.300000000000000711, 1.584999999999999076 ) ) ;
#1166 = AXIS2_PLACEMENT_3D ( 'NONE', #2557, #5398, #4545 ) ;
#1167 = VERTEX_POINT ( 'NONE', #5578 ) ;
#1168 = FACE_OUTER_BOUND ( 'NONE', #1310, .T. ) ;
#1169 = LINE ( 'NONE', #2454, #1179 ) ;
#1170 = DIRECTION ( 'NONE',  ( 0.000000000000000000, 1.000000000000000000, 0.000000000000000000 ) ) ;
#1171 = EDGE_LOOP ( 'NONE', ( #5324, #5205, #2635, #5063 ) ) ;
#1172 = SURFACE_STYLE_USAGE ( .BOTH. , #6177 ) ;
#1173 = DIRECTION ( 'NONE',  ( -1.984809469081015402E-16, 0.000000000000000000, -1.000000000000000000 ) ) ;
#1174 = VECTOR ( 'NONE', #1173, 1000.000000000000000 ) ;
#1175 = EDGE_LOOP ( 'NONE', ( #3305, #169, #5147, #5406 ) ) ;
#1176 = AXIS2_PLACEMENT_3D ( 'NONE', #1318, #1474, #5266 ) ;
#1177 =( NAMED_UNIT ( * ) SI_UNIT ( $, .STERADIAN. ) SOLID_ANGLE_UNIT ( ) );
#1178 = LINE ( 'NONE', #800, #1061 ) ;
#1179 = VECTOR ( 'NONE', #38, 1000.000000000000000 ) ;
#1180 = EDGE_LOOP ( 'NONE', ( #5984, #1658, #5748, #1637 ) ) ;
#1181 = CARTESIAN_POINT ( 'NONE',  ( -0.3200000000000008393, 7.500000000000001776, 0.6349999999999988987 ) ) ;
#1182 = DIRECTION ( 'NONE',  ( 1.000000000000000000, 0.000000000000000000, 0.000000000000000000 ) ) ;
#1183 = FILL_AREA_STYLE ('',( #2702 ) ) ;
#1184 =( NAMED_UNIT ( * ) PLANE_ANGLE_UNIT ( ) SI_UNIT ( $, .RADIAN. ) );
#1185 = DIRECTION ( 'NONE',  ( 0.000000000000000000, 2.744815626545581052E-16, -1.000000000000000000 ) ) ;
#1186 = EDGE_CURVE ( 'NONE', #6106, #1793, #1813, .T. ) ;
#1187 = ORIENTED_EDGE ( 'NONE', *, *, #5777, .F. ) ;
#1188 = VERTEX_POINT ( 'NONE', #1258 ) ;
#1189 = DIRECTION ( 'NONE',  ( 1.707404996040164265E-16, 0.000000000000000000, 1.000000000000000000 ) ) ;
#1190 = EDGE_CURVE ( 'NONE', #4706, #6058, #1825, .T. ) ;
#1191 = DIRECTION ( 'NONE',  ( 0.000000000000000000, 1.000000000000000000, 0.000000000000000000 ) ) ;
#1192 = LINE ( 'NONE', #3555, #5224 ) ;
#1193 = FACE_OUTER_BOUND ( 'NONE', #1702, .T. ) ;
#1194 = ORIENTED_EDGE ( 'NONE', *, *, #3389, .F. ) ;
#1195 = UNCERTAINTY_MEASURE_WITH_UNIT (LENGTH_MEASURE( 1.000000000000000082E-05 ), #1656, 'distance_accuracy_value', 'NONE');
#1196 = PLANE ( 'NONE',  #659 ) ;
#1197 = LINE ( 'NONE', #2310, #5511 ) ;
#1198 = VERTEX_POINT ( 'NONE', #2344 ) ;
#1199 = ORIENTED_EDGE ( 'NONE', *, *, #141, .F. ) ;
#1200 = EDGE_CURVE ( 'NONE', #4271, #1779, #1726, .T. ) ;
#1201 = DIRECTION ( 'NONE',  ( 1.000000000000000000, -0.000000000000000000, -4.494102269369967741E-16 ) ) ;
#1202 = CARTESIAN_POINT ( 'NONE',  ( 2.602499999999984936, 3.300000000000000711, -0.3975000000000097344 ) ) ;
#1203 = VECTOR ( 'NONE', #4454, 1000.000000000000000 ) ;
#1204 = FACE_OUTER_BOUND ( 'NONE', #1806, .T. ) ;
#1205 = EDGE_CURVE ( 'NONE', #4333, #1688, #1789, .T. ) ;
#1206 = ORIENTED_EDGE ( 'NONE', *, *, #1569, .T. ) ;
#1207 = LINE ( 'NONE', #4414, #1257 ) ;
#1208 = DIRECTION ( 'NONE',  ( 0.000000000000000000, 1.000000000000000000, 1.618212197739558882E-16 ) ) ;
#1209 = ORIENTED_EDGE ( 'NONE', *, *, #5117, .T. ) ;
#1210 = ORIENTED_EDGE ( 'NONE', *, *, #569, .T. ) ;
#1211 = LINE ( 'NONE', #203, #3334 ) ;
#1212 = LINE ( 'NONE', #522, #3289 ) ;
#1213 = PLANE ( 'NONE',  #4437 ) ;
#1214 = ADVANCED_FACE ( 'NONE', ( #3738 ), #856, .T. ) ;
#1215 = VERTEX_POINT ( 'NONE', #2786 ) ;
#1216 = CARTESIAN_POINT ( 'NONE',  ( 3.119999999999998774, 7.500000000000001776, 0.1949999999999994238 ) ) ;
#1217 = FILL_AREA_STYLE ('',( #5638 ) ) ;
#1218 = PLANE ( 'NONE',  #887 ) ;
#1219 = LINE ( 'NONE', #149, #1039 ) ;
#1220 = LINE ( 'NONE', #3058, #5415 ) ;
#1221 = ORIENTED_EDGE ( 'NONE', *, *, #1464, .T. ) ;
#1222 = VERTEX_POINT ( 'NONE', #898 ) ;
#1223 = EDGE_CURVE ( 'NONE', #5308, #586, #5811, .T. ) ;
#1224 = VECTOR ( 'NONE', #2477, 1000.000000000000000 ) ;
#1225 = VECTOR ( 'NONE', #1996, 1000.000000000000114 ) ;
#1226 = VERTEX_POINT ( 'NONE', #3333 ) ;
#1227 = PLANE ( 'NONE',  #611 ) ;
#1228 = DIRECTION ( 'NONE',  ( 0.6401843996644784873, -0.7682212795973769603, 0.000000000000000000 ) ) ;
#1229 = LINE ( 'NONE', #3556, #1244 ) ;
#1230 = CARTESIAN_POINT ( 'NONE',  ( -6.325000000000001066, 0.000000000000000000, 1.884999999999999343 ) ) ;
#1231 = ADVANCED_FACE ( 'NONE', ( #3854 ), #2125, .T. ) ;
#1232 = DIRECTION ( 'NONE',  ( 0.000000000000000000, -2.744815626545581052E-16, 1.000000000000000000 ) ) ;
#1233 = PLANE ( 'NONE',  #4724 ) ;
#1234 = VERTEX_POINT ( 'NONE', #1645 ) ;
#1235 = ORIENTED_EDGE ( 'NONE', *, *, #696, .F. ) ;
#1236 = CARTESIAN_POINT ( 'NONE',  ( -2.250000000000001332, 8.300000000000000711, 2.774999999999999467 ) ) ;
#1237 = EDGE_CURVE ( 'NONE', #4121, #4090, #3919, .T. ) ;
#1238 = EDGE_CURVE ( 'NONE', #2687, #5539, #5906, .T. ) ;
#1239 = DIRECTION ( 'NONE',  ( 0.000000000000000000, 3.388131789017201849E-16, -1.000000000000000000 ) ) ;
#1240 = DIRECTION ( 'NONE',  ( -0.000000000000000000, 1.000000000000000000, 0.000000000000000000 ) ) ;
#1241 = LINE ( 'NONE', #2408, #5194 ) ;
#1242 = VECTOR ( 'NONE', #1821, 1000.000000000000000 ) ;
#1243 = EDGE_LOOP ( 'NONE', ( #4194, #3162, #5175, #4730 ) ) ;
#1244 = VECTOR ( 'NONE', #273, 1000.000000000000000 ) ;
#1245 = EDGE_LOOP ( 'NONE', ( #3475, #4650, #4175, #6149 ) ) ;
#1246 = ORIENTED_EDGE ( 'NONE', *, *, #731, .F. ) ;
#1247 = DIRECTION ( 'NONE',  ( -1.000000000000000000, 0.000000000000000000, 0.000000000000000000 ) ) ;
#1248 = CARTESIAN_POINT ( 'NONE',  ( -4.939999999999999503, 1.699999999999998623, -1.584999999999999964 ) ) ;
#1249 = DIRECTION ( 'NONE',  ( -4.494102269369967741E-16, 0.000000000000000000, 1.000000000000000000 ) ) ;
#1250 = CARTESIAN_POINT ( 'NONE',  ( 0.6200000000000032152, 3.300000000000000711, 1.584999999999998854 ) ) ;
#1251 = VECTOR ( 'NONE', #3605, 1000.000000000000000 ) ;
#1252 = LINE ( 'NONE', #5761, #3390 ) ;
#1253 = EDGE_CURVE ( 'NONE', #4174, #3800, #1879, .T. ) ;
#1254 = AXIS2_PLACEMENT_3D ( 'NONE', #5162, #5199, #2379 ) ;
#1255 = ORIENTED_EDGE ( 'NONE', *, *, #3868, .T. ) ;
#1256 = LINE ( 'NONE', #3101, #5374 ) ;
#1257 = VECTOR ( 'NONE', #1185, 1000.000000000000000 ) ;
#1258 = CARTESIAN_POINT ( 'NONE',  ( 2.680000000000000160, 0.6699999999999997069, 1.585000000000007292 ) ) ;
#1259 = EDGE_LOOP ( 'NONE', ( #4939, #5373, #3259, #3403 ) ) ;
#1260 = EDGE_LOOP ( 'NONE', ( #2809, #1133, #1414, #5451 ) ) ;
#1261 = FACE_OUTER_BOUND ( 'NONE', #2583, .T. ) ;
#1262 = FACE_OUTER_BOUND ( 'NONE', #2924, .T. ) ;
#1263 = CARTESIAN_POINT ( 'NONE',  ( -2.250000000000001332, 1.849999999999999201, 2.774999999999998135 ) ) ;
#1264 = EDGE_LOOP ( 'NONE', ( #859, #2391, #4525, #4759 ) ) ;
#1265 = DIRECTION ( 'NONE',  ( 1.000000000000000000, -0.000000000000000000, -4.494102269369967741E-16 ) ) ;
#1266 = CARTESIAN_POINT ( 'NONE',  ( -6.325000000000001066, 8.499999999999996447, 1.044999999999998819 ) ) ;
#1267 = VECTOR ( 'NONE', #519, 1000.000000000000000 ) ;
#1268 = LINE ( 'NONE', #4494, #5375 ) ;
#1269 = ORIENTED_EDGE ( 'NONE', *, *, #3307, .F. ) ;
#1270 = VERTEX_POINT ( 'NONE', #968 ) ;
#1271 = DIRECTION ( 'NONE',  ( -1.000000000000000000, -0.000000000000000000, -0.000000000000000000 ) ) ;
#1272 = VECTOR ( 'NONE', #243, 1000.000000000000000 ) ;
#1273 = VECTOR ( 'NONE', #3040, 1000.000000000000000 ) ;
#1274 = EDGE_CURVE ( 'NONE', #2651, #850, #5940, .T. ) ;
#1275 = ORIENTED_EDGE ( 'NONE', *, *, #1775, .F. ) ;
#1276 = DIRECTION ( 'NONE',  ( 0.000000000000000000, -1.000000000000000000, -1.801998070613027504E-16 ) ) ;
#1277 = CARTESIAN_POINT ( 'NONE',  ( -6.325000000000003730, 1.269999999999999796, -0.5599999999999922817 ) ) ;
#1278 = VECTOR ( 'NONE', #4580, 1000.000000000000000 ) ;
#1279 = DIRECTION ( 'NONE',  ( -1.000000000000000000, 0.000000000000000000, 4.494102269369967741E-16 ) ) ;
#1280 = COLOUR_RGB ( '',0.7921568627450980005, 0.8196078431372548767, 0.9333333333333333481 ) ;
#1281 =( LENGTH_UNIT ( ) NAMED_UNIT ( * ) SI_UNIT ( .MILLI., .METRE. ) );
#1282 = DIRECTION ( 'NONE',  ( 1.000000000000000000, -0.000000000000000000, -0.000000000000000000 ) ) ;
#1283 = CARTESIAN_POINT ( 'NONE',  ( -6.325000000000002842, 0.6699999999999997069, 1.585000000000007736 ) ) ;
#1284 = ADVANCED_FACE ( 'NONE', ( #5867 ), #4260, .F. ) ;
#1285 = ORIENTED_EDGE ( 'NONE', *, *, #5011, .F. ) ;
#1286 = EDGE_LOOP ( 'NONE', ( #98, #5759, #4397, #5836 ) ) ;
#1287 = DIRECTION ( 'NONE',  ( -1.000000000000000000, -0.000000000000000000, -0.000000000000000000 ) ) ;
#1288 = FILL_AREA_STYLE_COLOUR ( '', #3382 ) ;
#1289 = LINE ( 'NONE', #4965, #3361 ) ;
#1290 = LINE ( 'NONE', #2153, #3348 ) ;
#1291 = VERTEX_POINT ( 'NONE', #299 ) ;
#1292 = EDGE_CURVE ( 'NONE', #732, #4653, #3877, .T. ) ;
#1293 = FACE_OUTER_BOUND ( 'NONE', #1541, .T. ) ;
#1294 = LINE ( 'NONE', #5644, #5437 ) ;
#1295 = ADVANCED_FACE ( 'NONE', ( #6025 ), #3126, .F. ) ;
#1296 = VERTEX_POINT ( 'NONE', #414 ) ;
#1297 = ORIENTED_EDGE ( 'NONE', *, *, #37, .F. ) ;
#1298 = EDGE_CURVE ( 'NONE', #5157, #3209, #1739, .T. ) ;
#1299 = CARTESIAN_POINT ( 'NONE',  ( 1.269999999999999130, 9.900000000000000355, 0.9349999999999940581 ) ) ;
#1300 = VECTOR ( 'NONE', #2458, 1000.000000000000000 ) ;
#1301 = VECTOR ( 'NONE', #1773, 1000.000000000000000 ) ;
#1302 = DIRECTION ( 'NONE',  ( 1.000000000000000000, 0.000000000000000000, 0.000000000000000000 ) ) ;
#1303 = VERTEX_POINT ( 'NONE', #444 ) ;
#1304 = FACE_OUTER_BOUND ( 'NONE', #5990, .T. ) ;
#1305 = DIRECTION ( 'NONE',  ( 4.494102269369967741E-16, 3.614007241618347785E-16, 1.000000000000000000 ) ) ;
#1306 = ORIENTED_EDGE ( 'NONE', *, *, #1835, .F. ) ;
#1307 = VERTEX_POINT ( 'NONE', #3085 ) ;
#1308 = VECTOR ( 'NONE', #4130, 1000.000000000000000 ) ;
#1309 = LINE ( 'NONE', #2617, #5372 ) ;
#1310 = EDGE_LOOP ( 'NONE', ( #6006, #6021, #509, #1209 ) ) ;
#1311 = AXIS2_PLACEMENT_3D ( 'NONE', #1370, #2913, #3404 ) ;
#1312 = CARTESIAN_POINT ( 'NONE',  ( 1.300000000000000044, 7.400000000000000355, -2.785000000000001030 ) ) ;
#1313 = FACE_OUTER_BOUND ( 'NONE', #427, .T. ) ;
#1314 = CLOSED_SHELL ( 'NONE', ( #1468, #3401, #3108, #5084, #1214, #3579, #2655, #462, #2195, #5033, #5758, #2293, #2308, #306, #695, #353, #4202, #547, #5019, #2795, #986, #3200, #4257, #2750, #1866, #2537, #139, #3119, #6150, #4764, #5471, #3561, #3072, #2842, #1019, #3710, #643, #1778, #3824, #5695, #2236, #6202, #4726, #163, #5502, #5336, #4087, #1354, #3287, #1640, #4571, #1990, #2730, #1093, #2000, #674, #719, #3996, #2624, #1823, #584, #345, #4651, #3346, #1947, #3494, #1484, #439, #4416, #1105, #929, #4858, #4129, #5219, #4806, #748, #4357, #5445, #5706, #5257, #1713, #5427, #6079, #4611, #5921, #2672, #4033, #3172, #1068, #2392, #4936, #5228, #2601, #938, #1231, #6033, #4291, #4075, #1653, #2708, #5767, #1891, #615, #2105, #4187, #2280, #5321, #482, #2461, #2183, #83, #2171, #4314, #2146, #3859, #2047, #4771, #2500, #6095, #880, #5492, #737, #2366, #4532, #3226, #5640, #1317, #4408, #5878, #888, #5382, #5962, #5368, #3927, #2130, #5131, #4600, #2633, #4622 ) ) ;
#1315 = ORIENTED_EDGE ( 'NONE', *, *, #271, .F. ) ;
#1316 = PLANE ( 'NONE',  #1311 ) ;
#1317 = ADVANCED_FACE ( 'NONE', ( #3930 ), #3585, .T. ) ;
#1318 = CARTESIAN_POINT ( 'NONE',  ( -0.3200000000000008948, 0.000000000000000000, 0.000000000000000000 ) ) ;
#1319 = PRESENTATION_STYLE_ASSIGNMENT (( #5995 ) ) ;
#1320 = FACE_OUTER_BOUND ( 'NONE', #3220, .T. ) ;
#1321 = EDGE_LOOP ( 'NONE', ( #4101, #2005, #5505, #5583 ) ) ;
#1322 = CARTESIAN_POINT ( 'NONE',  ( 1.250000000000001110, 1.849999999999999201, 2.774999999999998135 ) ) ;
#1323 = AXIS2_PLACEMENT_3D ( 'NONE', #5943, #4363, #960 ) ;
#1324 = EDGE_CURVE ( 'NONE', #5607, #1983, #3807, .T. ) ;
#1325 =( GEOMETRIC_REPRESENTATION_CONTEXT ( 3 ) GLOBAL_UNCERTAINTY_ASSIGNED_CONTEXT ( ( #1567 ) ) GLOBAL_UNIT_ASSIGNED_CONTEXT ( ( #4940, #749, #707 ) ) REPRESENTATION_CONTEXT ( 'NONE', 'WORKASPACE' ) );
#1326 = LINE ( 'NONE', #2608, #3282 ) ;
#1327 = DIRECTION ( 'NONE',  ( -1.000000000000000000, 0.000000000000000000, 0.000000000000000000 ) ) ;
#1328 = DIRECTION ( 'NONE',  ( 4.956352788505164254E-16, -0.000000000000000000, 1.000000000000000000 ) ) ;
#1329 = AXIS2_PLACEMENT_3D ( 'NONE', #5756, #4895, #2961 ) ;
#1330 = CARTESIAN_POINT ( 'NONE',  ( 2.679999999999999272, -7.265096679918780609, -0.005000000000003001176 ) ) ;
#1331 = ORIENTED_EDGE ( 'NONE', *, *, #697, .F. ) ;
#1332 = VERTEX_POINT ( 'NONE', #5135 ) ;
#1333 = CARTESIAN_POINT ( 'NONE',  ( -0.1200000000000003147, 7.500000000000001776, 0.000000000000000000 ) ) ;
#1334 = LINE ( 'NONE', #3225, #1383 ) ;
#1335 =( LENGTH_UNIT ( ) NAMED_UNIT ( * ) SI_UNIT ( .MILLI., .METRE. ) );
#1336 = VERTEX_POINT ( 'NONE', #3685 ) ;
#1337 = LINE ( 'NONE', #5232, #3587 ) ;
#1338 = PRESENTATION_STYLE_ASSIGNMENT (( #420 ) ) ;
#1339 = CARTESIAN_POINT ( 'NONE',  ( 5.674999999999999822, -1.199999999999999734, 2.784999999999999254 ) ) ;
#1340 = VERTEX_POINT ( 'NONE', #3639 ) ;
#1341 = ORIENTED_EDGE ( 'NONE', *, *, #2155, .F. ) ;
#1342 = EDGE_CURVE ( 'NONE', #5328, #5713, #6037, .T. ) ;
#1343 = CARTESIAN_POINT ( 'NONE',  ( 1.269999999999999130, 3.300000000000000711, 1.584999999999998632 ) ) ;
#1344 = AXIS2_PLACEMENT_3D ( 'NONE', #4647, #5048, #5088 ) ;
#1345 = FACE_OUTER_BOUND ( 'NONE', #2594, .T. ) ;
#1346 = EDGE_CURVE ( 'NONE', #5918, #3599, #3760, .T. ) ;
#1347 = CARTESIAN_POINT ( 'NONE',  ( 2.679999999999999272, 1.269999999999999796, -0.5599999999999962785 ) ) ;
#1348 = LINE ( 'NONE', #3242, #1460 ) ;
#1349 = LINE ( 'NONE', #1867, #3324 ) ;
#1350 =( LENGTH_UNIT ( ) NAMED_UNIT ( * ) SI_UNIT ( .MILLI., .METRE. ) );
#1351 = EDGE_LOOP ( 'NONE', ( #4901, #6028, #735, #3542 ) ) ;
#1352 = LINE ( 'NONE', #6153, #5458 ) ;
#1353 = SURFACE_STYLE_FILL_AREA ( #2668 ) ;
#1354 = ADVANCED_FACE ( 'NONE', ( #1914 ), #1213, .F. ) ;
#1355 = DIRECTION ( 'NONE',  ( 0.000000000000000000, -0.000000000000000000, 1.000000000000000000 ) ) ;
#1356 = VERTEX_POINT ( 'NONE', #4980 ) ;
#1357 = ORIENTED_EDGE ( 'NONE', *, *, #3778, .T. ) ;
#1358 = VECTOR ( 'NONE', #4448, 1000.000000000000000 ) ;
#1359 = EDGE_CURVE ( 'NONE', #4910, #1850, #1664, .T. ) ;
#1360 = LINE ( 'NONE', #2629, #1547 ) ;
#1361 = VERTEX_POINT ( 'NONE', #4594 ) ;
#1362 = CARTESIAN_POINT ( 'NONE',  ( -1.250000000000001110, 8.300000000000000711, 2.774999999999999467 ) ) ;
#1363 =( LENGTH_UNIT ( ) NAMED_UNIT ( * ) SI_UNIT ( .MILLI., .METRE. ) );
#1364 = DIRECTION ( 'NONE',  ( 0.000000000000000000, 0.000000000000000000, 1.000000000000000000 ) ) ;
#1365 = LINE ( 'NONE', #4361, #1441 ) ;
#1366 = FACE_OUTER_BOUND ( 'NONE', #334, .T. ) ;
#1367 = ORIENTED_EDGE ( 'NONE', *, *, #3145, .F. ) ;
#1368 = ORIENTED_EDGE ( 'NONE', *, *, #3214, .F. ) ;
#1369 = EDGE_CURVE ( 'NONE', #180, #5096, #5831, .T. ) ;
#1370 = CARTESIAN_POINT ( 'NONE',  ( -6.325000000000002842, 0.6699999999999997069, 1.585000000000007736 ) ) ;
#1371 = LINE ( 'NONE', #764, #5573 ) ;
#1372 = PLANE ( 'NONE',  #1804 ) ;
#1373 = EDGE_LOOP ( 'NONE', ( #5780, #2123, #4498, #5524, #1657 ) ) ;
#1374 = UNCERTAINTY_MEASURE_WITH_UNIT (LENGTH_MEASURE( 1.000000000000000082E-05 ), #2989, 'distance_accuracy_value', 'NONE');
#1375 = DIRECTION ( 'NONE',  ( -0.000000000000000000, -0.7682212795973771824, -0.6401843996644782653 ) ) ;
#1376 = EDGE_LOOP ( 'NONE', ( #3233, #3082, #5078, #5329 ) ) ;
#1377 = DIRECTION ( 'NONE',  ( 0.000000000000000000, -0.000000000000000000, 1.000000000000000000 ) ) ;
#1378 = VECTOR ( 'NONE', #1002, 1000.000000000000227 ) ;
#1379 = DIRECTION ( 'NONE',  ( 0.000000000000000000, -0.000000000000000000, 1.000000000000000000 ) ) ;
#1380 = ORIENTED_EDGE ( 'NONE', *, *, #89, .F. ) ;
#1381 = ORIENTED_EDGE ( 'NONE', *, *, #5884, .T. ) ;
#1382 = CARTESIAN_POINT ( 'NONE',  ( -6.325000000000002842, 0.6699999999999998179, 1.190000000000007940 ) ) ;
#1383 = VECTOR ( 'NONE', #5545, 1000.000000000000000 ) ;
#1384 = EDGE_CURVE ( 'NONE', #3838, #3763, #1753, .T. ) ;
#1385 = DIRECTION ( 'NONE',  ( 1.000000000000000000, 0.000000000000000000, 0.000000000000000000 ) ) ;
#1386 = LINE ( 'NONE', #3864, #1421 ) ;
#1387 = ORIENTED_EDGE ( 'NONE', *, *, #4425, .T. ) ;
#1388 = VECTOR ( 'NONE', #3715, 1000.000000000000000 ) ;
#1389 = VERTEX_POINT ( 'NONE', #5585 ) ;
#1390 = LINE ( 'NONE', #4136, #3457 ) ;
#1391 = DIRECTION ( 'NONE',  ( 0.000000000000000000, 0.000000000000000000, 1.000000000000000000 ) ) ;
#1392 = VERTEX_POINT ( 'NONE', #6131 ) ;
#1393 = ORIENTED_EDGE ( 'NONE', *, *, #500, .T. ) ;
#1394 = DIRECTION ( 'NONE',  ( 0.000000000000000000, 0.000000000000000000, 1.000000000000000000 ) ) ;
#1395 = LINE ( 'NONE', #5441, #1416 ) ;
#1396 = VECTOR ( 'NONE', #1491, 1000.000000000000000 ) ;
#1397 = ORIENTED_EDGE ( 'NONE', *, *, #2357, .T. ) ;
#1398 = FACE_OUTER_BOUND ( 'NONE', #2541, .T. ) ;
#1399 = ORIENTED_EDGE ( 'NONE', *, *, #1359, .T. ) ;
#1400 = VECTOR ( 'NONE', #3697, 1000.000000000000000 ) ;
#1401 = CARTESIAN_POINT ( 'NONE',  ( -4.270000000000001350, 3.300000000000000711, 1.584999999999999076 ) ) ;
#1402 = EDGE_LOOP ( 'NONE', ( #5072, #4299, #3379, #5051 ) ) ;
#1403 = ORIENTED_EDGE ( 'NONE', *, *, #4223, .T. ) ;
#1404 = STYLED_ITEM ( 'NONE', ( #886 ), #112 ) ;
#1405 = LINE ( 'NONE', #1853, #1501 ) ;
#1406 = DIRECTION ( 'NONE',  ( -0.3015113445777613532, -0.9045340337332925529, 0.3015113445777610757 ) ) ;
#1407 = FACE_OUTER_BOUND ( 'NONE', #3549, .T. ) ;
#1408 = CARTESIAN_POINT ( 'NONE',  ( -6.325000000000001066, 0.000000000000000000, -1.584999999999999964 ) ) ;
#1409 = VERTEX_POINT ( 'NONE', #4265 ) ;
#1410 = PLANE ( 'NONE',  #5526 ) ;
#1411 = VERTEX_POINT ( 'NONE', #3167 ) ;
#1412 = ADVANCED_FACE ( 'NONE', ( #5843 ), #863, .F. ) ;
#1413 = EDGE_LOOP ( 'NONE', ( #5215, #4778, #5540, #5557, #4710, #4796, #3332, #712, #4902, #3345, #1160, #1210, #1124, #5294, #3502 ) ) ;
#1414 = ORIENTED_EDGE ( 'NONE', *, *, #3000, .F. ) ;
#1415 = DIRECTION ( 'NONE',  ( 1.000000000000000000, -0.000000000000000000, 0.000000000000000000 ) ) ;
#1416 = VECTOR ( 'NONE', #3094, 1000.000000000000000 ) ;
#1417 = AXIS2_PLACEMENT_3D ( 'NONE', #429, #4097, #5655 ) ;
#1418 = EDGE_CURVE ( 'NONE', #6046, #2896, #1711, .T. ) ;
#1419 = AXIS2_PLACEMENT_3D ( 'NONE', #2281, #1191, #4583 ) ;
#1420 = PLANE ( 'NONE',  #4369 ) ;
#1421 = VECTOR ( 'NONE', #5772, 1000.000000000000000 ) ;
#1422 = AXIS2_PLACEMENT_3D ( 'NONE', #4585, #5980, #5566 ) ;
#1423 = VERTEX_POINT ( 'NONE', #3781 ) ;
#1424 = DIRECTION ( 'NONE',  ( -1.000000000000000000, 0.000000000000000000, 0.000000000000000000 ) ) ;
#1425 = CARTESIAN_POINT ( 'NONE',  ( -0.3200000000000008393, -7.265096679918780609, -0.005000000000003001176 ) ) ;
#1426 = VECTOR ( 'NONE', #4455, 1000.000000000000000 ) ;
#1427 = ORIENTED_EDGE ( 'NONE', *, *, #2859, .T. ) ;
#1428 = DIRECTION ( 'NONE',  ( -0.000000000000000000, -0.000000000000000000, 1.000000000000000000 ) ) ;
#1429 = LINE ( 'NONE', #3312, #1510 ) ;
#1430 = DIRECTION ( 'NONE',  ( -4.494102269369967741E-16, 1.807003620809173892E-16, -1.000000000000000000 ) ) ;
#1431 = DIRECTION ( 'NONE',  ( -1.233548213626064722E-31, 1.000000000000000000, -2.744815626545581052E-16 ) ) ;
#1432 = VERTEX_POINT ( 'NONE', #2791 ) ;
#1433 = EDGE_LOOP ( 'NONE', ( #1069, #5086, #5579, #956 ) ) ;
#1434 = DIRECTION ( 'NONE',  ( -1.000000000000000000, 0.000000000000000000, 1.280553747030123075E-16 ) ) ;
#1435 = LINE ( 'NONE', #5392, #3410 ) ;
#1436 = CARTESIAN_POINT ( 'NONE',  ( -6.835927835051544221, -0.7742268041237122533, 1.374072164948454411 ) ) ;
#1437 = LINE ( 'NONE', #2217, #1515 ) ;
#1438 = EDGE_LOOP ( 'NONE', ( #3712, #4021, #4145, #5806 ) ) ;
#1439 = CARTESIAN_POINT ( 'NONE',  ( 0.3199999999999991185, -2.579999999999992966, -0.005000000000002157233 ) ) ;
#1440 = AXIS2_PLACEMENT_3D ( 'NONE', #290, #664, #5512 ) ;
#1441 = VECTOR ( 'NONE', #921, 999.9999999999998863 ) ;
#1442 = EDGE_CURVE ( 'NONE', #1215, #3432, #5857, .T. ) ;
#1443 = ORIENTED_EDGE ( 'NONE', *, *, #4296, .T. ) ;
#1444 = FACE_OUTER_BOUND ( 'NONE', #739, .T. ) ;
#1445 = ORIENTED_EDGE ( 'NONE', *, *, #4884, .F. ) ;
#1446 = ORIENTED_EDGE ( 'NONE', *, *, #5848, .F. ) ;
#1447 = PLANE ( 'NONE',  #1254 ) ;
#1448 = VECTOR ( 'NONE', #4876, 1000.000000000000000 ) ;
#1449 = PLANE ( 'NONE',  #5263 ) ;
#1450 = FACE_OUTER_BOUND ( 'NONE', #5262, .T. ) ;
#1451 = LINE ( 'NONE', #1790, #5604 ) ;
#1452 = EDGE_CURVE ( 'NONE', #4589, #3656, #5894, .T. ) ;
#1453 = VECTOR ( 'NONE', #540, 1000.000000000000000 ) ;
#1454 = ORIENTED_EDGE ( 'NONE', *, *, #775, .T. ) ;
#1455 = VECTOR ( 'NONE', #2440, 1000.000000000000000 ) ;
#1456 = ORIENTED_EDGE ( 'NONE', *, *, #2038, .T. ) ;
#1457 = EDGE_LOOP ( 'NONE', ( #1720, #1831, #3895, #817 ) ) ;
#1458 = VECTOR ( 'NONE', #2272, 1000.000000000000000 ) ;
#1459 = CARTESIAN_POINT ( 'NONE',  ( -4.939999999999999503, 1.269999999999999796, -0.5599999999999929479 ) ) ;
#1460 = VECTOR ( 'NONE', #2746, 999.9999999999998863 ) ;
#1461 = LINE ( 'NONE', #2387, #5929 ) ;
#1462 = DIRECTION ( 'NONE',  ( 1.000000000000000000, -0.000000000000000000, -4.494102269369967741E-16 ) ) ;
#1463 = DIRECTION ( 'NONE',  ( 0.000000000000000000, -0.000000000000000000, 1.000000000000000000 ) ) ;
#1464 = EDGE_CURVE ( 'NONE', #5017, #3772, #2223, .T. ) ;
#1465 = CARTESIAN_POINT ( 'NONE',  ( 2.679999999999999272, -1.081363123647112731E-15, -1.584999999999999964 ) ) ;
#1466 = LINE ( 'NONE', #5550, #1388 ) ;
#1467 = EDGE_LOOP ( 'NONE', ( #913, #6071, #1387, #1275 ) ) ;
#1468 = ADVANCED_FACE ( 'NONE', ( #4293 ), #5782, .T. ) ;
#1469 = VERTEX_POINT ( 'NONE', #4432 ) ;
#1470 = ORIENTED_EDGE ( 'NONE', *, *, #4904, .F. ) ;
#1471 = EDGE_CURVE ( 'NONE', #1356, #3680, #2014, .T. ) ;
#1472 = PLANE ( 'NONE',  #3942 ) ;
#1473 = LINE ( 'NONE', #1585, #5739 ) ;
#1474 = DIRECTION ( 'NONE',  ( 1.000000000000000000, 0.000000000000000000, 0.000000000000000000 ) ) ;
#1475 = LINE ( 'NONE', #3953, #3506 ) ;
#1476 = VECTOR ( 'NONE', #4032, 1000.000000000000000 ) ;
#1477 = CARTESIAN_POINT ( 'NONE',  ( -6.325000000000003730, 0.6699999999999997069, -0.9549999999999922995 ) ) ;
#1478 = DIRECTION ( 'NONE',  ( -1.000000000000000000, 0.000000000000000000, 4.494102269369967741E-16 ) ) ;
#1479 = VECTOR ( 'NONE', #5275, 1000.000000000000000 ) ;
#1480 = EDGE_CURVE ( 'NONE', #2049, #1511, #6172, .T. ) ;
#1481 = ORIENTED_EDGE ( 'NONE', *, *, #1644, .T. ) ;
#1482 = DIRECTION ( 'NONE',  ( 0.000000000000000000, 0.000000000000000000, 1.000000000000000000 ) ) ;
#1483 = VECTOR ( 'NONE', #485, 1000.000000000000000 ) ;
#1484 = ADVANCED_FACE ( 'NONE', ( #2092 ), #103, .F. ) ;
#1485 = PLANE ( 'NONE',  #4199 ) ;
#1486 = SURFACE_SIDE_STYLE ('',( #3562 ) ) ;
#1487 = ORIENTED_EDGE ( 'NONE', *, *, #1008, .T. ) ;
#1488 = EDGE_LOOP ( 'NONE', ( #3773, #3786, #4319, #5851 ) ) ;
#1489 = CARTESIAN_POINT ( 'NONE',  ( 1.269999999999999130, 3.300000000000000711, -0.9550000000000011813 ) ) ;
#1490 = PLANE ( 'NONE',  #2818 ) ;
#1491 = DIRECTION ( 'NONE',  ( 0.000000000000000000, 0.000000000000000000, -1.000000000000000000 ) ) ;
#1492 = VECTOR ( 'NONE', #5203, 1000.000000000000000 ) ;
#1493 = VECTOR ( 'NONE', #2740, 1000.000000000000000 ) ;
#1494 = CARTESIAN_POINT ( 'NONE',  ( -2.680000000000001048, 0.6699999999999997069, -0.9549999999999939648 ) ) ;
#1495 = COLOUR_RGB ( '',1.000000000000000000, 0.8117647058823529438, 0.5019607843137254832 ) ;
#1496 = ORIENTED_EDGE ( 'NONE', *, *, #1190, .F. ) ;
#1497 = FACE_BOUND ( 'NONE', #5472, .T. ) ;
#1498 = VERTEX_POINT ( 'NONE', #4343 ) ;
#1499 = VERTEX_POINT ( 'NONE', #5738 ) ;
#1500 = CARTESIAN_POINT ( 'NONE',  ( -1.250000000000001110, 1.849999999999999201, 2.774999999999998135 ) ) ;
#1501 = VECTOR ( 'NONE', #5226, 1000.000000000000000 ) ;
#1502 = CARTESIAN_POINT ( 'NONE',  ( -0.3200000000000008393, 0.6699999999999998179, 1.190000000000005276 ) ) ;
#1503 = DIRECTION ( 'NONE',  ( 0.000000000000000000, 1.000000000000000000, 0.000000000000000000 ) ) ;
#1504 = LINE ( 'NONE', #6040, #1308 ) ;
#1505 = LINE ( 'NONE', #964, #1396 ) ;
#1506 = EDGE_CURVE ( 'NONE', #3652, #2796, #2137, .T. ) ;
#1507 = EDGE_CURVE ( 'NONE', #1270, #5032, #2169, .T. ) ;
#1508 = LINE ( 'NONE', #4756, #1426 ) ;
#1509 = VERTEX_POINT ( 'NONE', #2827 ) ;
#1510 = VECTOR ( 'NONE', #908, 1000.000000000000000 ) ;
#1511 = VERTEX_POINT ( 'NONE', #5827 ) ;
#1512 = ORIENTED_EDGE ( 'NONE', *, *, #4805, .F. ) ;
#1513 = LINE ( 'NONE', #1534, #5729 ) ;
#1514 = CARTESIAN_POINT ( 'NONE',  ( 1.269999999999999130, 9.900000000000000355, 0.9349999999999940581 ) ) ;
#1515 = VECTOR ( 'NONE', #2175, 1000.000000000000000 ) ;
#1516 = LINE ( 'NONE', #1000, #5617 ) ;
#1517 = DIRECTION ( 'NONE',  ( 0.000000000000000000, 0.000000000000000000, 1.000000000000000000 ) ) ;
#1518 = CARTESIAN_POINT ( 'NONE',  ( -6.324999999999998401, 1.850000000000000089, 2.785000000000001030 ) ) ;
#1519 = CARTESIAN_POINT ( 'NONE',  ( -4.924999999999998934, 8.499999999999996447, 1.044999999999998819 ) ) ;
#1520 = DIRECTION ( 'NONE',  ( -4.494102269369967741E-16, 0.000000000000000000, -1.000000000000000000 ) ) ;
#1521 = LINE ( 'NONE', #1989, #5509 ) ;
#1522 = ORIENTED_EDGE ( 'NONE', *, *, #583, .T. ) ;
#1523 = FACE_OUTER_BOUND ( 'NONE', #2721, .T. ) ;
#1524 = AXIS2_PLACEMENT_3D ( 'NONE', #3586, #644, #4981 ) ;
#1525 = AXIS2_PLACEMENT_3D ( 'NONE', #3664, #3107, #5498 ) ;
#1526 = ORIENTED_EDGE ( 'NONE', *, *, #4783, .T. ) ;
#1527 = ORIENTED_EDGE ( 'NONE', *, *, #2149, .F. ) ;
#1528 =( GEOMETRIC_REPRESENTATION_CONTEXT ( 3 ) GLOBAL_UNCERTAINTY_ASSIGNED_CONTEXT ( ( #678 ) ) GLOBAL_UNIT_ASSIGNED_CONTEXT ( ( #1363, #756, #1751 ) ) REPRESENTATION_CONTEXT ( 'NONE', 'WORKASPACE' ) );
#1529 = CARTESIAN_POINT ( 'NONE',  ( 5.389999999999999680, 0.000000000000000000, 2.784999999999999254 ) ) ;
#1530 = FACE_OUTER_BOUND ( 'NONE', #2649, .T. ) ;
#1531 = PLANE ( 'NONE',  #5185 ) ;
#1532 = FACE_OUTER_BOUND ( 'NONE', #5927, .T. ) ;
#1533 = FACE_OUTER_BOUND ( 'NONE', #6123, .T. ) ;
#1534 = CARTESIAN_POINT ( 'NONE',  ( 2.679999999999999272, -2.579999999999992966, -0.005000000000002157233 ) ) ;
#1535 = VECTOR ( 'NONE', #4932, 1000.000000000000000 ) ;
#1536 = EDGE_LOOP ( 'NONE', ( #5877, #5359, #3805, #1397 ) ) ;
#1537 = FILL_AREA_STYLE_COLOUR ( '', #2398 ) ;
#1538 = VECTOR ( 'NONE', #1893, 1000.000000000000000 ) ;
#1539 = CARTESIAN_POINT ( 'NONE',  ( -6.325000000000003730, 0.6699999999999997069, -0.9549999999999922995 ) ) ;
#1540 = CARTESIAN_POINT ( 'NONE',  ( -6.325000000000001066, 9.900000000000000355, -1.584999999999999964 ) ) ;
#1541 = EDGE_LOOP ( 'NONE', ( #5468, #3874, #4114, #4646 ) ) ;
#1542 = ORIENTED_EDGE ( 'NONE', *, *, #5202, .F. ) ;
#1543 = CARTESIAN_POINT ( 'NONE',  ( 6.324999999999999289, 0.6699999999999997069, 1.585000000000002185 ) ) ;
#1544 = VECTOR ( 'NONE', #5841, 1000.000000000000000 ) ;
#1545 = AXIS2_PLACEMENT_3D ( 'NONE', #2907, #3399, #3262 ) ;
#1546 = DIRECTION ( 'NONE',  ( 1.000000000000000000, 0.000000000000000000, 0.000000000000000000 ) ) ;
#1547 = VECTOR ( 'NONE', #2977, 1000.000000000000000 ) ;
#1548 = VECTOR ( 'NONE', #206, 1000.000000000000000 ) ;
#1549 = CARTESIAN_POINT ( 'NONE',  ( 1.250000000000001110, 8.300000000000000711, 2.274999999999999467 ) ) ;
#1550 = LINE ( 'NONE', #4028, #3615 ) ;
#1551 = ORIENTED_EDGE ( 'NONE', *, *, #5925, .T. ) ;
#1552 = VECTOR ( 'NONE', #4781, 1000.000000000000000 ) ;
#1553 = ADVANCED_FACE ( 'NONE', ( #4180 ), #146, .F. ) ;
#1554 = ORIENTED_EDGE ( 'NONE', *, *, #141, .T. ) ;
#1555 = EDGE_LOOP ( 'NONE', ( #5790, #3903, #1609, #5823 ) ) ;
#1556 = EDGE_CURVE ( 'NONE', #5774, #370, #2039, .T. ) ;
#1557 = CARTESIAN_POINT ( 'NONE',  ( 0.3199999999999991740, 0.000000000000000000, 2.024999999999999023 ) ) ;
#1558 = CIRCLE ( 'NONE', #4286, 0.5000000000000004441 ) ;
#1559 = DIRECTION ( 'NONE',  ( -0.000000000000000000, -0.000000000000000000, 1.000000000000000000 ) ) ;
#1560 = EDGE_CURVE ( 'NONE', #1972, #2064, #4170, .T. ) ;
#1561 = VECTOR ( 'NONE', #90, 1000.000000000000000 ) ;
#1562 = VECTOR ( 'NONE', #5517, 1000.000000000000000 ) ;
#1563 = ORIENTED_EDGE ( 'NONE', *, *, #1418, .T. ) ;
#1564 = LINE ( 'NONE', #4851, #3564 ) ;
#1565 = ORIENTED_EDGE ( 'NONE', *, *, #3389, .T. ) ;
#1566 = ORIENTED_EDGE ( 'NONE', *, *, #5997, .T. ) ;
#1567 = UNCERTAINTY_MEASURE_WITH_UNIT (LENGTH_MEASURE( 1.000000000000000082E-05 ), #4940, 'distance_accuracy_value', 'NONE');
#1568 = VECTOR ( 'NONE', #3411, 1000.000000000000000 ) ;
#1569 = EDGE_CURVE ( 'NONE', #120, #5482, #46, .T. ) ;
#1570 = EDGE_CURVE ( 'NONE', #2902, #4610, #4304, .T. ) ;
#1571 = CARTESIAN_POINT ( 'NONE',  ( -3.788917525773188189, -3.313402061855665437, 0.2489175257731888469 ) ) ;
#1572 = DIRECTION ( 'NONE',  ( 0.000000000000000000, -1.000000000000000000, -1.807003620809173892E-16 ) ) ;
#1573 = FACE_OUTER_BOUND ( 'NONE', #354, .T. ) ;
#1574 = FACE_OUTER_BOUND ( 'NONE', #2011, .T. ) ;
#1575 = DIRECTION ( 'NONE',  ( 1.984809469081015648E-16, 0.000000000000000000, 1.000000000000000000 ) ) ;
#1576 = DIRECTION ( 'NONE',  ( 0.000000000000000000, -1.000000000000000000, 0.000000000000000000 ) ) ;
#1577 = EDGE_CURVE ( 'NONE', #5933, #572, #2126, .T. ) ;
#1578 = PRESENTATION_STYLE_ASSIGNMENT (( #1730 ) ) ;
#1579 = EDGE_LOOP ( 'NONE', ( #633, #1954, #6051, #4110 ) ) ;
#1580 = ORIENTED_EDGE ( 'NONE', *, *, #1969, .T. ) ;
#1581 = ORIENTED_EDGE ( 'NONE', *, *, #4078, .F. ) ;
#1582 = CARTESIAN_POINT ( 'NONE',  ( -4.270000000000001350, 3.300000000000000711, 0.9349999999999978328 ) ) ;
#1583 = CARTESIAN_POINT ( 'NONE',  ( 1.729999999999998872, 3.300000000000000711, -0.9550000000000008482 ) ) ;
#1584 = LINE ( 'NONE', #5370, #3684 ) ;
#1585 = CARTESIAN_POINT ( 'NONE',  ( -0.3200000000000008948, 1.349999999999999423, 2.024999999999999023 ) ) ;
#1586 = VERTEX_POINT ( 'NONE', #3920 ) ;
#1587 = CARTESIAN_POINT ( 'NONE',  ( -4.939999999999999503, 0.6699999999999998179, 1.190000000000007940 ) ) ;
#1588 = CARTESIAN_POINT ( 'NONE',  ( -5.389999999999999680, 1.269999999999999796, 1.190000000000007718 ) ) ;
#1589 = FILL_AREA_STYLE ('',( #601 ) ) ;
#1590 = ORIENTED_EDGE ( 'NONE', *, *, #3923, .F. ) ;
#1591 = ORIENTED_EDGE ( 'NONE', *, *, #5905, .T. ) ;
#1592 = FACE_OUTER_BOUND ( 'NONE', #4217, .T. ) ;
#1593 = EDGE_CURVE ( 'NONE', #3344, #6046, #39, .T. ) ;
#1594 = CARTESIAN_POINT ( 'NONE',  ( -6.325000000000002842, 1.269999999999999796, 1.190000000000007718 ) ) ;
#1595 = LINE ( 'NONE', #6090, #1762 ) ;
#1596 = COLOUR_RGB ( '',1.000000000000000000, 0.8117647058823529438, 0.5019607843137254832 ) ;
#1597 = ADVANCED_FACE ( 'NONE', ( #6050 ), #5300, .F. ) ;
#1598 = PLANE ( 'NONE',  #2253 ) ;
#1599 = ORIENTED_EDGE ( 'NONE', *, *, #1660, .T. ) ;
#1600 = VERTEX_POINT ( 'NONE', #589 ) ;
#1601 = ORIENTED_EDGE ( 'NONE', *, *, #1593, .F. ) ;
#1602 = LINE ( 'NONE', #3061, #5516 ) ;
#1603 = EDGE_CURVE ( 'NONE', #1688, #6045, #2072, .T. ) ;
#1604 = EDGE_CURVE ( 'NONE', #5918, #5388, #6164, .T. ) ;
#1605 = CARTESIAN_POINT ( 'NONE',  ( 6.325000000000000178, 1.850000000000000089, 2.784999999999999254 ) ) ;
#1606 = FACE_OUTER_BOUND ( 'NONE', #6191, .T. ) ;
#1607 = ORIENTED_EDGE ( 'NONE', *, *, #5541, .T. ) ;
#1608 = LINE ( 'NONE', #987, #5734 ) ;
#1609 = ORIENTED_EDGE ( 'NONE', *, *, #1750, .T. ) ;
#1610 = VERTEX_POINT ( 'NONE', #2554 ) ;
#1611 = VECTOR ( 'NONE', #3301, 1000.000000000000000 ) ;
#1612 = DIRECTION ( 'NONE',  ( 0.000000000000000000, 0.000000000000000000, 1.000000000000000000 ) ) ;
#1613 = PLANE ( 'NONE',  #3714 ) ;
#1614 = CARTESIAN_POINT ( 'NONE',  ( -2.680000000000001048, -2.579999999999992966, -0.005000000000003001176 ) ) ;
#1615 = PLANE ( 'NONE',  #4674 ) ;
#1616 = DIRECTION ( 'NONE',  ( 0.9486832980505147672, 0.3162277660168352766, -0.000000000000000000 ) ) ;
#1617 = EDGE_CURVE ( 'NONE', #3800, #5948, #2, .T. ) ;
#1618 = PRESENTATION_LAYER_ASSIGNMENT (  '', '', ( #3628 ) ) ;
#1619 = EDGE_CURVE ( 'NONE', #535, #2687, #4109, .T. ) ;
#1620 = VERTEX_POINT ( 'NONE', #1408 ) ;
#1621 = LINE ( 'NONE', #2528, #3600 ) ;
#1622 = ORIENTED_EDGE ( 'NONE', *, *, #5749, .F. ) ;
#1623 = ORIENTED_EDGE ( 'NONE', *, *, #5523, .T. ) ;
#1624 = PLANE ( 'NONE',  #870 ) ;
#1625 = VECTOR ( 'NONE', #2986, 1000.000000000000000 ) ;
#1626 = SURFACE_SIDE_STYLE ('',( #2941 ) ) ;
#1627 = FACE_OUTER_BOUND ( 'NONE', #1457, .T. ) ;
#1628 = CARTESIAN_POINT ( 'NONE',  ( 0.3199999999999991185, 0.6699999999999997069, 1.585000000000004849 ) ) ;
#1629 = LINE ( 'NONE', #4896, #3701 ) ;
#1630 = ORIENTED_EDGE ( 'NONE', *, *, #159, .F. ) ;
#1631 = COLOUR_RGB ( '',1.000000000000000000, 0.8117647058823529438, 0.5019607843137254832 ) ;
#1632 = DIRECTION ( 'NONE',  ( 1.000000000000000000, 0.000000000000000000, 0.000000000000000000 ) ) ;
#1633 = EDGE_CURVE ( 'NONE', #6156, #4593, #4203, .T. ) ;
#1634 = CARTESIAN_POINT ( 'NONE',  ( -2.680000000000001048, -1.081363123647112731E-15, -1.584999999999999964 ) ) ;
#1635 = CARTESIAN_POINT ( 'NONE',  ( 2.679999999999999272, 1.350000000000000089, -1.585000000000000409 ) ) ;
#1636 = VERTEX_POINT ( 'NONE', #3878 ) ;
#1637 = ORIENTED_EDGE ( 'NONE', *, *, #3164, .T. ) ;
#1638 = DIRECTION ( 'NONE',  ( 0.000000000000000000, -0.000000000000000000, -1.000000000000000000 ) ) ;
#1639 = VECTOR ( 'NONE', #3700, 1000.000000000000000 ) ;
#1640 = ADVANCED_FACE ( 'NONE', ( #2030 ), #4576, .F. ) ;
#1641 = CARTESIAN_POINT ( 'NONE',  ( -3.320000000000000728, -8.926487835092489621E-16, -0.9549999999999936318 ) ) ;
#1642 = LINE ( 'NONE', #4628, #3717 ) ;
#1643 = FACE_OUTER_BOUND ( 'NONE', #3295, .T. ) ;
#1644 = EDGE_CURVE ( 'NONE', #43, #1340, #2082, .T. ) ;
#1645 = CARTESIAN_POINT ( 'NONE',  ( 2.679999999999999272, -2.579999999999992966, -0.005000000000002157233 ) ) ;
#1646 = VERTEX_POINT ( 'NONE', #3097 ) ;
#1647 = EDGE_LOOP ( 'NONE', ( #580, #2781, #5258, #5225, #693, #3355, #3274, #3318, #1106, #5140, #675, #807 ) ) ;
#1648 = ORIENTED_EDGE ( 'NONE', *, *, #5466, .T. ) ;
#1649 = LINE ( 'NONE', #1707, #4092 ) ;
#1650 = DIRECTION ( 'NONE',  ( -0.000000000000000000, -1.000000000000000000, -0.000000000000000000 ) ) ;
#1651 = LINE ( 'NONE', #2664, #5939 ) ;
#1652 = LINE ( 'NONE', #4935, #3546 ) ;
#1653 = ADVANCED_FACE ( 'NONE', ( #2107 ), #686, .F. ) ;
#1654 = UNCERTAINTY_MEASURE_WITH_UNIT (LENGTH_MEASURE( 1.000000000000000082E-05 ), #2793, 'distance_accuracy_value', 'NONE');
#1655 = ORIENTED_EDGE ( 'NONE', *, *, #2456, .T. ) ;
#1656 =( LENGTH_UNIT ( ) NAMED_UNIT ( * ) SI_UNIT ( .MILLI., .METRE. ) );
#1657 = ORIENTED_EDGE ( 'NONE', *, *, #433, .F. ) ;
#1658 = ORIENTED_EDGE ( 'NONE', *, *, #1506, .T. ) ;
#1659 = VECTOR ( 'NONE', #4009, 1000.000000000000000 ) ;
#1660 = EDGE_CURVE ( 'NONE', #2965, #1222, #115, .T. ) ;
#1661 = DIRECTION ( 'NONE',  ( 0.000000000000000000, 0.000000000000000000, 1.000000000000000000 ) ) ;
#1662 = DIRECTION ( 'NONE',  ( -0.000000000000000000, -1.000000000000000000, -0.000000000000000000 ) ) ;
#1663 = FACE_OUTER_BOUND ( 'NONE', #609, .T. ) ;
#1664 = LINE ( 'NONE', #1263, #3747 ) ;
#1665 = CARTESIAN_POINT ( 'NONE',  ( -6.325000000000003730, 1.269999999999999796, -0.5599999999999922817 ) ) ;
#1666 =( NAMED_UNIT ( * ) PLANE_ANGLE_UNIT ( ) SI_UNIT ( $, .RADIAN. ) );
#1667 = DIRECTION ( 'NONE',  ( 1.000000000000000000, -0.000000000000000000, -4.494102269369967741E-16 ) ) ;
#1668 =( NAMED_UNIT ( * ) SI_UNIT ( $, .STERADIAN. ) SOLID_ANGLE_UNIT ( ) );
#1669 = ORIENTED_EDGE ( 'NONE', *, *, #1933, .F. ) ;
#1670 = VERTEX_POINT ( 'NONE', #725 ) ;
#1671 = ORIENTED_EDGE ( 'NONE', *, *, #209, .T. ) ;
#1672 =( LENGTH_UNIT ( ) NAMED_UNIT ( * ) SI_UNIT ( .MILLI., .METRE. ) );
#1673 = LINE ( 'NONE', #4475, #3804 ) ;
#1674 = CARTESIAN_POINT ( 'NONE',  ( -5.389999999999999680, 0.6699999999999997069, 1.585000000000007736 ) ) ;
#1675 = VECTOR ( 'NONE', #3740, 1000.000000000000000 ) ;
#1676 = VECTOR ( 'NONE', #2603, 1000.000000000000000 ) ;
#1677 = PRESENTATION_LAYER_ASSIGNMENT (  '', '', ( #4552 ) ) ;
#1678 = LINE ( 'NONE', #6026, #3750 ) ;
#1679 = VERTEX_POINT ( 'NONE', #5073 ) ;
#1680 = CARTESIAN_POINT ( 'NONE',  ( 3.319999999999998952, 7.500000000000001776, 0.6349999999999988987 ) ) ;
#1681 = PLANE ( 'NONE',  #2590 ) ;
#1682 = ORIENTED_EDGE ( 'NONE', *, *, #4377, .T. ) ;
#1683 = ORIENTED_EDGE ( 'NONE', *, *, #3994, .F. ) ;
#1684 = CARTESIAN_POINT ( 'NONE',  ( 0.3199999999999991185, -7.265096679918780609, -0.005000000000003001176 ) ) ;
#1685 = FACE_OUTER_BOUND ( 'NONE', #1413, .T. ) ;
#1686 = CARTESIAN_POINT ( 'NONE',  ( 2.679999999999999272, 0.000000000000000000, 2.024999999999999023 ) ) ;
#1687 = VECTOR ( 'NONE', #3572, 1000.000000000000000 ) ;
#1688 = VERTEX_POINT ( 'NONE', #4236 ) ;
#1689 = MECHANICAL_DESIGN_GEOMETRIC_PRESENTATION_REPRESENTATION (  '', ( #1082 ), #5969 ) ;
#1690 = EDGE_CURVE ( 'NONE', #4245, #2316, #3992, .T. ) ;
#1691 = AXIS2_PLACEMENT_3D ( 'NONE', #1988, #33, #837 ) ;
#1692 = ORIENTED_EDGE ( 'NONE', *, *, #1237, .T. ) ;
#1693 = ORIENTED_EDGE ( 'NONE', *, *, #424, .F. ) ;
#1694 = MECHANICAL_DESIGN_GEOMETRIC_PRESENTATION_REPRESENTATION (  '', ( #5450 ), #2897 ) ;
#1695 = FACE_OUTER_BOUND ( 'NONE', #2789, .T. ) ;
#1696 = DIRECTION ( 'NONE',  ( -1.984809469081015402E-16, 0.000000000000000000, -1.000000000000000000 ) ) ;
#1697 = PLANE ( 'NONE',  #3343 ) ;
#1698 = VECTOR ( 'NONE', #445, 1000.000000000000000 ) ;
#1699 = VECTOR ( 'NONE', #753, 1000.000000000000000 ) ;
#1700 = VERTEX_POINT ( 'NONE', #5394 ) ;
#1701 = CARTESIAN_POINT ( 'NONE',  ( -0.3200000000000008948, 1.350000000000000089, -1.585000000000000409 ) ) ;
#1702 = EDGE_LOOP ( 'NONE', ( #2265, #4151, #5999, #2874 ) ) ;
#1703 = ORIENTED_EDGE ( 'NONE', *, *, #2291, .F. ) ;
#1704 = LINE ( 'NONE', #587, #5819 ) ;
#1705 = EDGE_CURVE ( 'NONE', #4090, #3947, #4270, .T. ) ;
#1706 = AXIS2_PLACEMENT_3D ( 'NONE', #2536, #2917, #1030 ) ;
#1707 = CARTESIAN_POINT ( 'NONE',  ( 4.939999999999999503, 1.285879139104722704E-16, -1.584999999999999964 ) ) ;
#1708 = EDGE_CURVE ( 'NONE', #370, #2470, #6066, .T. ) ;
#1709 = DIRECTION ( 'NONE',  ( -1.000000000000000000, 0.000000000000000000, 0.000000000000000000 ) ) ;
#1710 = LINE ( 'NONE', #5254, #3779 ) ;
#1711 = LINE ( 'NONE', #4681, #3780 ) ;
#1712 = DIRECTION ( 'NONE',  ( 1.000000000000000000, 0.000000000000000000, 0.000000000000000000 ) ) ;
#1713 = ADVANCED_FACE ( 'NONE', ( #4120 ), #2612, .F. ) ;
#1714 = CARTESIAN_POINT ( 'NONE',  ( 3.319999999999998952, 0.000000000000000000, 2.024999999999999023 ) ) ;
#1715 = CARTESIAN_POINT ( 'NONE',  ( 3.000000000000000000, 7.500000000000001776, 0.4349999999999983324 ) ) ;
#1716 = CARTESIAN_POINT ( 'NONE',  ( -5.389999999999999680, -1.320169249480846743E-15, -1.584999999999999964 ) ) ;
#1717 = ORIENTED_EDGE ( 'NONE', *, *, #4941, .F. ) ;
#1718 = DIRECTION ( 'NONE',  ( 0.000000000000000000, 0.000000000000000000, 1.000000000000000000 ) ) ;
#1719 = ORIENTED_EDGE ( 'NONE', *, *, #6182, .F. ) ;
#1720 = ORIENTED_EDGE ( 'NONE', *, *, #551, .T. ) ;
#1721 = CARTESIAN_POINT ( 'NONE',  ( -2.680000000000001048, -2.579999999999992966, 0.6349999999999978995 ) ) ;
#1722 = DIRECTION ( 'NONE',  ( 0.000000000000000000, 0.000000000000000000, 1.000000000000000000 ) ) ;
#1723 = VECTOR ( 'NONE', #504, 1000.000000000000000 ) ;
#1724 = DIRECTION ( 'NONE',  ( 0.000000000000000000, -1.801998070613027504E-16, 1.000000000000000000 ) ) ;
#1725 = LINE ( 'NONE', #4388, #1913 ) ;
#1726 = LINE ( 'NONE', #5681, #5915 ) ;
#1727 = ORIENTED_EDGE ( 'NONE', *, *, #159, .T. ) ;
#1728 = CARTESIAN_POINT ( 'NONE',  ( 5.389999999999999680, 0.6699999999999997069, -0.9549999999999976286 ) ) ;
#1729 = CARTESIAN_POINT ( 'NONE',  ( 3.319999999999998952, -2.579999999999992966, -0.005000000000003001176 ) ) ;
#1730 = SURFACE_STYLE_USAGE ( .BOTH. , #4860 ) ;
#1731 = ORIENTED_EDGE ( 'NONE', *, *, #1507, .T. ) ;
#1732 = ORIENTED_EDGE ( 'NONE', *, *, #3973, .T. ) ;
#1733 = CARTESIAN_POINT ( 'NONE',  ( -2.602499999999976499, 3.300000000000000711, 2.602500000000004476 ) ) ;
#1734 = VECTOR ( 'NONE', #530, 1000.000000000000000 ) ;
#1735 = EDGE_CURVE ( 'NONE', #1670, #1600, #4225, .T. ) ;
#1736 = VERTEX_POINT ( 'NONE', #2988 ) ;
#1737 = CARTESIAN_POINT ( 'NONE',  ( -6.325000000000000178, -1.449999999999999956, 2.484999999999997655 ) ) ;
#1738 = PRESENTATION_STYLE_ASSIGNMENT (( #4512 ) ) ;
#1739 = LINE ( 'NONE', #2690, #5982 ) ;
#1740 = CARTESIAN_POINT ( 'NONE',  ( -6.325000000000002842, 1.269999999999999796, 1.190000000000007718 ) ) ;
#1741 = LINE ( 'NONE', #1540, #3809 ) ;
#1742 = VERTEX_POINT ( 'NONE', #1230 ) ;
#1743 = ORIENTED_EDGE ( 'NONE', *, *, #513, .F. ) ;
#1744 = ORIENTED_EDGE ( 'NONE', *, *, #4106, .T. ) ;
#1745 = LINE ( 'NONE', #1459, #3757 ) ;
#1746 =( LENGTH_UNIT ( ) NAMED_UNIT ( * ) SI_UNIT ( .MILLI., .METRE. ) );
#1747 = UNCERTAINTY_MEASURE_WITH_UNIT (LENGTH_MEASURE( 1.000000000000000082E-05 ), #461, 'distance_accuracy_value', 'NONE');
#1748 = CARTESIAN_POINT ( 'NONE',  ( -4.924999999999998934, 9.900000000000000355, -0.9550000000000011813 ) ) ;
#1749 = ORIENTED_EDGE ( 'NONE', *, *, #4735, .T. ) ;
#1750 = EDGE_CURVE ( 'NONE', #1884, #5570, #93, .T. ) ;
#1751 =( NAMED_UNIT ( * ) SI_UNIT ( $, .STERADIAN. ) SOLID_ANGLE_UNIT ( ) );
#1752 = CARTESIAN_POINT ( 'NONE',  ( -0.3200000000000008948, 1.349999999999999423, 2.024999999999999023 ) ) ;
#1753 = LINE ( 'NONE', #17, #3770 ) ;
#1754 = ORIENTED_EDGE ( 'NONE', *, *, #2517, .F. ) ;
#1755 = ORIENTED_EDGE ( 'NONE', *, *, #4904, .T. ) ;
#1756 = EDGE_LOOP ( 'NONE', ( #5715, #5747, #1565, #4444, #3823, #5672, #3539, #4301, #257, #288, #1526, #5815, #4474, #5849, #4422, #3845, #1551, #3711 ) ) ;
#1757 = LINE ( 'NONE', #1970, #1795 ) ;
#1758 = CARTESIAN_POINT ( 'NONE',  ( 0.000000000000000000, 7.500000000000001776, 0.4349999999999983324 ) ) ;
#1759 = VERTEX_POINT ( 'NONE', #4951 ) ;
#1760 = CARTESIAN_POINT ( 'NONE',  ( -4.924999999999998934, 9.900000000000000355, 2.274999999999999023 ) ) ;
#1761 = CARTESIAN_POINT ( 'NONE',  ( -6.324999999999999289, 1.850000000000000089, 1.774999999999998357 ) ) ;
#1762 = VECTOR ( 'NONE', #755, 1000.000000000000000 ) ;
#1763 = FACE_OUTER_BOUND ( 'NONE', #2284, .T. ) ;
#1764 = CARTESIAN_POINT ( 'NONE',  ( -5.975000000000003197, -1.449999999999999956, 2.784999999999999254 ) ) ;
#1765 = DIRECTION ( 'NONE',  ( 0.000000000000000000, -1.000000000000000000, -1.618212197739558882E-16 ) ) ;
#1766 =( NAMED_UNIT ( * ) SI_UNIT ( $, .STERADIAN. ) SOLID_ANGLE_UNIT ( ) );
#1767 = LINE ( 'NONE', #5010, #3598 ) ;
#1768 = EDGE_LOOP ( 'NONE', ( #2960, #4318, #2667 ) ) ;
#1769 = CARTESIAN_POINT ( 'NONE',  ( 0.3199999999999991185, 7.500000000000001776, 0.6349999999999988987 ) ) ;
#1770 = ORIENTED_EDGE ( 'NONE', *, *, #5905, .F. ) ;
#1771 = ORIENTED_EDGE ( 'NONE', *, *, #1619, .T. ) ;
#1772 = CARTESIAN_POINT ( 'NONE',  ( -3.320000000000000728, 1.349999999999999423, 2.024999999999999023 ) ) ;
#1773 = DIRECTION ( 'NONE',  ( 0.000000000000000000, 1.000000000000000000, -3.614007241618347785E-16 ) ) ;
#1774 = LINE ( 'NONE', #4875, #5913 ) ;
#1775 = EDGE_CURVE ( 'NONE', #4016, #4992, #4238, .T. ) ;
#1776 = DIRECTION ( 'NONE',  ( 0.000000000000000000, 1.000000000000000000, 0.000000000000000000 ) ) ;
#1777 = VECTOR ( 'NONE', #131, 1000.000000000000000 ) ;
#1778 = ADVANCED_FACE ( 'NONE', ( #2181 ), #1814, .F. ) ;
#1779 = VERTEX_POINT ( 'NONE', #2365 ) ;
#1780 = PLANE ( 'NONE',  #1706 ) ;
#1781 = CARTESIAN_POINT ( 'NONE',  ( -2.880000000000001670, -3.180000000000000160, 0.1949999999999981470 ) ) ;
#1782 = ORIENTED_EDGE ( 'NONE', *, *, #645, .F. ) ;
#1783 = ORIENTED_EDGE ( 'NONE', *, *, #2953, .F. ) ;
#1784 = CARTESIAN_POINT ( 'NONE',  ( 2.679999999999999272, -2.579999999999992966, 0.6349999999999970113 ) ) ;
#1785 = LINE ( 'NONE', #3597, #3907 ) ;
#1786 = MECHANICAL_DESIGN_GEOMETRIC_PRESENTATION_REPRESENTATION (  '', ( #4036 ), #6140 ) ;
#1787 = CARTESIAN_POINT ( 'NONE',  ( 1.152617068931111338E-15, -1.449999999999999956, 2.484999999999994547 ) ) ;
#1788 = AXIS2_PLACEMENT_3D ( 'NONE', #412, #3636, #4624 ) ;
#1789 = LINE ( 'NONE', #5731, #6012 ) ;
#1790 = CARTESIAN_POINT ( 'NONE',  ( -6.325000000000001066, 8.499999999999996447, -0.9550000000000011813 ) ) ;
#1791 = MECHANICAL_DESIGN_GEOMETRIC_PRESENTATION_REPRESENTATION (  '', ( #3888 ), #875 ) ;
#1792 = ORIENTED_EDGE ( 'NONE', *, *, #5749, .T. ) ;
#1793 = VERTEX_POINT ( 'NONE', #2318 ) ;
#1794 = ORIENTED_EDGE ( 'NONE', *, *, #5376, .F. ) ;
#1795 = VECTOR ( 'NONE', #556, 1000.000000000000000 ) ;
#1796 = DIRECTION ( 'NONE',  ( 0.000000000000000000, 0.000000000000000000, -1.000000000000000000 ) ) ;
#1797 = DIRECTION ( 'NONE',  ( 1.000000000000000000, 0.000000000000000000, 0.000000000000000000 ) ) ;
#1798 = ORIENTED_EDGE ( 'NONE', *, *, #3202, .T. ) ;
#1799 = DIRECTION ( 'NONE',  ( 0.000000000000000000, -1.000000000000000000, 0.000000000000000000 ) ) ;
#1800 = DIRECTION ( 'NONE',  ( -1.000000000000000000, 0.000000000000000000, -0.000000000000000000 ) ) ;
#1801 = FACE_OUTER_BOUND ( 'NONE', #5944, .T. ) ;
#1802 = VECTOR ( 'NONE', #1837, 1000.000000000000000 ) ;
#1803 = ORIENTED_EDGE ( 'NONE', *, *, #3484, .T. ) ;
#1804 = AXIS2_PLACEMENT_3D ( 'NONE', #5143, #2442, #4750 ) ;
#1805 = DIRECTION ( 'NONE',  ( 1.000000000000000000, 0.000000000000000000, -4.638298064109109804E-16 ) ) ;
#1806 = EDGE_LOOP ( 'NONE', ( #2949, #4960, #4462, #2453, #2302 ) ) ;
#1807 = ORIENTED_EDGE ( 'NONE', *, *, #3248, .T. ) ;
#1808 = FACE_OUTER_BOUND ( 'NONE', #5026, .T. ) ;
#1809 = CARTESIAN_POINT ( 'NONE',  ( 3.319999999999998952, 6.899999999999995026, -0.005000000000001097317 ) ) ;
#1810 = EDGE_LOOP ( 'NONE', ( #5632, #5597, #2113, #241 ) ) ;
#1811 = CARTESIAN_POINT ( 'NONE',  ( -2.680000000000001048, 7.500000000000001776, -0.005000000000001097317 ) ) ;
#1812 = SURFACE_STYLE_FILL_AREA ( #5874 ) ;
#1813 = LINE ( 'NONE', #781, #1890 ) ;
#1814 = PLANE ( 'NONE',  #5349 ) ;
#1815 = CARTESIAN_POINT ( 'NONE',  ( 0.3199999999999991185, 0.6699999999999997069, -0.9549999999999952971 ) ) ;
#1816 = CARTESIAN_POINT ( 'NONE',  ( 0.3199999999999991185, 6.899999999999995026, -0.005000000000001097317 ) ) ;
#1817 = ORIENTED_EDGE ( 'NONE', *, *, #5381, .F. ) ;
#1818 = CARTESIAN_POINT ( 'NONE',  ( -5.389999999999999680, 0.6699999999999998179, -0.5599999999999923928 ) ) ;
#1819 = ORIENTED_EDGE ( 'NONE', *, *, #3164, .F. ) ;
#1820 = VERTEX_POINT ( 'NONE', #5444 ) ;
#1821 = DIRECTION ( 'NONE',  ( -0.6092076990801720271, -0.5076730825668082092, -0.6092076990801720271 ) ) ;
#1822 = VECTOR ( 'NONE', #1406, 1000.000000000000000 ) ;
#1823 = ADVANCED_FACE ( 'NONE', ( #4258 ), #4095, .F. ) ;
#1824 = CARTESIAN_POINT ( 'NONE',  ( -6.325000000000001066, -1.199999999999997957, 1.884999999999999343 ) ) ;
#1825 = LINE ( 'NONE', #4307, #1802 ) ;
#1826 = ORIENTED_EDGE ( 'NONE', *, *, #1150, .F. ) ;
#1827 = CARTESIAN_POINT ( 'NONE',  ( -5.364999999999991331, 9.900000000000000355, 2.274999999999999023 ) ) ;
#1828 = EDGE_CURVE ( 'NONE', #2363, #5083, #128, .T. ) ;
#1829 = CARTESIAN_POINT ( 'NONE',  ( -3.320000000000000728, -2.579999999999992966, 0.6349999999999970113 ) ) ;
#1830 = VERTEX_POINT ( 'NONE', #6148 ) ;
#1831 = ORIENTED_EDGE ( 'NONE', *, *, #285, .T. ) ;
#1832 = DIRECTION ( 'NONE',  ( 0.000000000000000000, 1.000000000000000000, -3.212450881438528789E-16 ) ) ;
#1833 = PLANE ( 'NONE',  #947 ) ;
#1834 = LINE ( 'NONE', #3875, #1822 ) ;
#1835 = EDGE_CURVE ( 'NONE', #3588, #1742, #136, .T. ) ;
#1836 = VECTOR ( 'NONE', #1232, 1000.000000000000000 ) ;
#1837 = DIRECTION ( 'NONE',  ( -0.000000000000000000, -0.000000000000000000, 1.000000000000000000 ) ) ;
#1838 = ORIENTED_EDGE ( 'NONE', *, *, #5848, .T. ) ;
#1839 = EDGE_CURVE ( 'NONE', #2045, #1498, #2214, .T. ) ;
#1840 = EDGE_LOOP ( 'NONE', ( #5770, #2200, #4384, #5619 ) ) ;
#1841 = VERTEX_POINT ( 'NONE', #3276 ) ;
#1842 = LINE ( 'NONE', #4540, #3886 ) ;
#1843 = CARTESIAN_POINT ( 'NONE',  ( 5.674999999999999822, 0.000000000000000000, 1.884999999999999343 ) ) ;
#1844 = DIRECTION ( 'NONE',  ( -0.000000000000000000, -1.000000000000000000, -0.000000000000000000 ) ) ;
#1845 = DIRECTION ( 'NONE',  ( -1.000000000000000000, -0.000000000000000000, -0.000000000000000000 ) ) ;
#1846 = CARTESIAN_POINT ( 'NONE',  ( -6.325000000000001066, 0.000000000000000000, -1.584999999999999964 ) ) ;
#1847 = LINE ( 'NONE', #3139, #1899 ) ;
#1848 = ORIENTED_EDGE ( 'NONE', *, *, #746, .T. ) ;
#1849 = SURFACE_SIDE_STYLE ('',( #1164 ) ) ;
#1850 = VERTEX_POINT ( 'NONE', #5111 ) ;
#1851 = ORIENTED_EDGE ( 'NONE', *, *, #3452, .F. ) ;
#1852 = LINE ( 'NONE', #1514, #5839 ) ;
#1853 = CARTESIAN_POINT ( 'NONE',  ( 0.3199999999999991185, 0.6699999999999998179, 1.190000000000007940 ) ) ;
#1854 = LINE ( 'NONE', #799, #6049 ) ;
#1855 = VECTOR ( 'NONE', #824, 1000.000000000000000 ) ;
#1856 = CARTESIAN_POINT ( 'NONE',  ( 3.319999999999998508, 0.6699999999999997069, 1.585000000000003517 ) ) ;
#1857 = DIRECTION ( 'NONE',  ( -1.000000000000000000, -0.000000000000000000, -0.000000000000000000 ) ) ;
#1858 = DIRECTION ( 'NONE',  ( -0.000000000000000000, -0.000000000000000000, 1.000000000000000000 ) ) ;
#1859 = CARTESIAN_POINT ( 'NONE',  ( -3.320000000000000728, -2.579999999999992966, -0.005000000000002157233 ) ) ;
#1860 = VERTEX_POINT ( 'NONE', #958 ) ;
#1861 = CARTESIAN_POINT ( 'NONE',  ( -4.939999999999999503, 1.269999999999999796, 1.190000000000007718 ) ) ;
#1862 = EDGE_CURVE ( 'NONE', #2875, #137, #2371, .T. ) ;
#1863 = EDGE_CURVE ( 'NONE', #4518, #1389, #340, .T. ) ;
#1864 = VERTEX_POINT ( 'NONE', #3934 ) ;
#1865 = ORIENTED_EDGE ( 'NONE', *, *, #4106, .F. ) ;
#1866 = ADVANCED_FACE ( 'NONE', ( #2311 ), #2803, .F. ) ;
#1867 = CARTESIAN_POINT ( 'NONE',  ( 4.940000000000000391, 1.269999999999999796, -0.5599999999999973888 ) ) ;
#1868 = LINE ( 'NONE', #4687, #1966 ) ;
#1869 = VECTOR ( 'NONE', #1765, 1000.000000000000000 ) ;
#1870 = PRESENTATION_STYLE_ASSIGNMENT (( #4975 ) ) ;
#1871 = EDGE_LOOP ( 'NONE', ( #255, #900, #2804, #2459 ) ) ;
#1872 = AXIS2_PLACEMENT_3D ( 'NONE', #1684, #6163, #5983 ) ;
#1873 = ORIENTED_EDGE ( 'NONE', *, *, #3484, .F. ) ;
#1874 = ORIENTED_EDGE ( 'NONE', *, *, #5313, .T. ) ;
#1875 = PLANE ( 'NONE',  #4848 ) ;
#1876 = AXIS2_PLACEMENT_3D ( 'NONE', #3062, #4602, #3601 ) ;
#1877 = LINE ( 'NONE', #1072, #6152 ) ;
#1878 = AXIS2_PLACEMENT_3D ( 'NONE', #1134, #5543, #2226 ) ;
#1879 = LINE ( 'NONE', #4797, #1777 ) ;
#1880 = CARTESIAN_POINT ( 'NONE',  ( -5.389999999999999680, 0.6699999999999997069, -0.9549999999999927436 ) ) ;
#1881 = VERTEX_POINT ( 'NONE', #3184 ) ;
#1882 = VERTEX_POINT ( 'NONE', #3798 ) ;
#1883 = ORIENTED_EDGE ( 'NONE', *, *, #2019, .T. ) ;
#1884 = VERTEX_POINT ( 'NONE', #5148 ) ;
#1885 = LINE ( 'NONE', #663, #1941 ) ;
#1886 = DIRECTION ( 'NONE',  ( 0.000000000000000000, 0.000000000000000000, -1.000000000000000000 ) ) ;
#1887 = PLANE ( 'NONE',  #5348 ) ;
#1888 = PLANE ( 'NONE',  #6145 ) ;
#1889 = VECTOR ( 'NONE', #3029, 1000.000000000000000 ) ;
#1890 = VECTOR ( 'NONE', #5991, 1000.000000000000000 ) ;
#1891 = ADVANCED_FACE ( 'NONE', ( #4487 ), #4451, .T. ) ;
#1892 = ORIENTED_EDGE ( 'NONE', *, *, #1116, .T. ) ;
#1893 = DIRECTION ( 'NONE',  ( -1.000000000000000000, 0.000000000000000000, 0.000000000000000000 ) ) ;
#1894 = ORIENTED_EDGE ( 'NONE', *, *, #411, .F. ) ;
#1895 = ORIENTED_EDGE ( 'NONE', *, *, #1933, .T. ) ;
#1896 = ORIENTED_EDGE ( 'NONE', *, *, #1570, .F. ) ;
#1897 = EDGE_CURVE ( 'NONE', #4339, #120, #248, .T. ) ;
#1898 = DIRECTION ( 'NONE',  ( 0.000000000000000000, -1.000000000000000000, 0.000000000000000000 ) ) ;
#1899 = VECTOR ( 'NONE', #3552, 1000.000000000000000 ) ;
#1900 = VECTOR ( 'NONE', #711, 1000.000000000000000 ) ;
#1901 = CARTESIAN_POINT ( 'NONE',  ( -0.3200000000000008393, 0.6699999999999998179, -0.5599999999999923928 ) ) ;
#1902 = EDGE_CURVE ( 'NONE', #2796, #2519, #2347, .T. ) ;
#1903 = CARTESIAN_POINT ( 'NONE',  ( -5.389999999999999680, 1.699999999999998623, -1.584999999999999964 ) ) ;
#1904 = CARTESIAN_POINT ( 'NONE',  ( 4.939999999999999503, 1.269999999999999796, 1.190000000000007718 ) ) ;
#1905 = CARTESIAN_POINT ( 'NONE',  ( 5.390000000000000568, 0.6699999999999997069, 1.585000000000007736 ) ) ;
#1906 = ORIENTED_EDGE ( 'NONE', *, *, #949, .T. ) ;
#1907 = ORIENTED_EDGE ( 'NONE', *, *, #2467, .T. ) ;
#1908 = VERTEX_POINT ( 'NONE', #489 ) ;
#1909 = ORIENTED_EDGE ( 'NONE', *, *, #1775, .T. ) ;
#1910 =( NAMED_UNIT ( * ) PLANE_ANGLE_UNIT ( ) SI_UNIT ( $, .RADIAN. ) );
#1911 = EDGE_CURVE ( 'NONE', #1356, #3154, #223, .T. ) ;
#1912 = CARTESIAN_POINT ( 'NONE',  ( -0.3200000000000008948, 0.000000000000000000, 2.024999999999999023 ) ) ;
#1913 = VECTOR ( 'NONE', #147, 1000.000000000000000 ) ;
#1914 = FACE_OUTER_BOUND ( 'NONE', #3616, .T. ) ;
#1915 = ORIENTED_EDGE ( 'NONE', *, *, #4252, .T. ) ;
#1916 = EDGE_CURVE ( 'NONE', #3679, #231, #281, .T. ) ;
#1917 = DIRECTION ( 'NONE',  ( 1.000000000000000000, -0.000000000000000000, -1.707404996040164018E-16 ) ) ;
#1918 = ORIENTED_EDGE ( 'NONE', *, *, #3269, .T. ) ;
#1919 = ORIENTED_EDGE ( 'NONE', *, *, #2358, .F. ) ;
#1920 = ORIENTED_EDGE ( 'NONE', *, *, #2762, .F. ) ;
#1921 = FACE_OUTER_BOUND ( 'NONE', #3317, .T. ) ;
#1922 =( NAMED_UNIT ( * ) PLANE_ANGLE_UNIT ( ) SI_UNIT ( $, .RADIAN. ) );
#1923 = LINE ( 'NONE', #622, #6121 ) ;
#1924 = VECTOR ( 'NONE', #505, 1000.000000000000000 ) ;
#1925 = DIRECTION ( 'NONE',  ( 0.000000000000000000, -0.000000000000000000, 1.000000000000000000 ) ) ;
#1926 = VERTEX_POINT ( 'NONE', #161 ) ;
#1927 = ORIENTED_EDGE ( 'NONE', *, *, #2342, .F. ) ;
#1928 = ORIENTED_EDGE ( 'NONE', *, *, #3627, .F. ) ;
#1929 = ORIENTED_EDGE ( 'NONE', *, *, #2970, .T. ) ;
#1930 = LINE ( 'NONE', #5268, #6203 ) ;
#1931 = DIRECTION ( 'NONE',  ( -0.000000000000000000, 0.000000000000000000, -1.000000000000000000 ) ) ;
#1932 = DIRECTION ( 'NONE',  ( 0.000000000000000000, -1.000000000000000000, 0.000000000000000000 ) ) ;
#1933 = EDGE_CURVE ( 'NONE', #657, #5338, #236, .T. ) ;
#1934 = CARTESIAN_POINT ( 'NONE',  ( 4.269999999999999574, 3.300000000000000711, 1.584999999999998632 ) ) ;
#1935 = DIRECTION ( 'NONE',  ( 4.494102269369967741E-16, 3.236424395479117765E-16, 1.000000000000000000 ) ) ;
#1936 = LINE ( 'NONE', #2674, #4010 ) ;
#1937 = ORIENTED_EDGE ( 'NONE', *, *, #1149, .F. ) ;
#1938 = ORIENTED_EDGE ( 'NONE', *, *, #2176, .F. ) ;
#1939 = ORIENTED_EDGE ( 'NONE', *, *, #1418, .F. ) ;
#1940 = CLOSED_SHELL ( 'NONE', ( #5977, #5176, #6171, #2420, #1284, #51, #1978, #4470, #4815, #4542 ) ) ;
#1941 = VECTOR ( 'NONE', #3622, 1000.000000000000000 ) ;
#1942 = CARTESIAN_POINT ( 'NONE',  ( 4.940000000000000391, 0.6699999999999997069, -0.9549999999999974065 ) ) ;
#1943 = PRODUCT_DEFINITION_FORMATION_WITH_SPECIFIED_SOURCE ( 'ANY', '', #5484, .NOT_KNOWN. ) ;
#1944 = EDGE_CURVE ( 'NONE', #4207, #4138, #296, .T. ) ;
#1945 = EDGE_CURVE ( 'NONE', #710, #5425, #2254, .T. ) ;
#1946 = PLANE ( 'NONE',  #5128 ) ;
#1947 = ADVANCED_FACE ( 'NONE', ( #2424 ), #2476, .F. ) ;
#1948 = DIRECTION ( 'NONE',  ( 0.000000000000000000, 1.000000000000000000, 1.801998070613027504E-16 ) ) ;
#1949 = AXIS2_PLACEMENT_3D ( 'NONE', #5549, #688, #4579 ) ;
#1950 = PLANE ( 'NONE',  #407 ) ;
#1951 = ORIENTED_EDGE ( 'NONE', *, *, #2682, .F. ) ;
#1952 = DIRECTION ( 'NONE',  ( 0.000000000000000000, -1.000000000000000000, -3.388131789017201849E-16 ) ) ;
#1953 = ORIENTED_EDGE ( 'NONE', *, *, #23, .T. ) ;
#1954 = ORIENTED_EDGE ( 'NONE', *, *, #4898, .F. ) ;
#1955 = MANIFOLD_SOLID_BREP ( 'LPattern4[1]', #1940 ) ;
#1956 = ORIENTED_EDGE ( 'NONE', *, *, #3035, .T. ) ;
#1957 = LINE ( 'NONE', #3571, #4017 ) ;
#1958 = ORIENTED_EDGE ( 'NONE', *, *, #5832, .F. ) ;
#1959 = EDGE_CURVE ( 'NONE', #541, #5713, #183, .T. ) ;
#1960 = DIRECTION ( 'NONE',  ( 0.000000000000000000, 0.000000000000000000, -1.000000000000000000 ) ) ;
#1961 = AXIS2_PLACEMENT_3D ( 'NONE', #2763, #3365, #3179 ) ;
#1962 = EDGE_CURVE ( 'NONE', #5713, #449, #4338, .T. ) ;
#1963 = ORIENTED_EDGE ( 'NONE', *, *, #762, .F. ) ;
#1964 = DIRECTION ( 'NONE',  ( -1.000000000000000000, 0.000000000000000000, 0.000000000000000000 ) ) ;
#1965 = EDGE_LOOP ( 'NONE', ( #989, #5439, #3241, #864, #3296, #999 ) ) ;
#1966 = VECTOR ( 'NONE', #3795, 1000.000000000000000 ) ;
#1967 = VECTOR ( 'NONE', #4664, 1000.000000000000000 ) ;
#1968 = ORIENTED_EDGE ( 'NONE', *, *, #1604, .F. ) ;
#1969 = EDGE_CURVE ( 'NONE', #1511, #6069, #2414, .T. ) ;
#1970 = CARTESIAN_POINT ( 'NONE',  ( 0.3199999999999991185, 0.6699999999999997069, -0.9549999999999952971 ) ) ;
#1971 = ORIENTED_EDGE ( 'NONE', *, *, #1690, .T. ) ;
#1972 = VERTEX_POINT ( 'NONE', #2734 ) ;
#1973 = LINE ( 'NONE', #1477, #4102 ) ;
#1974 = CARTESIAN_POINT ( 'NONE',  ( 5.674999999999999822, -1.449999999999999956, 2.784999999999999254 ) ) ;
#1975 = DIRECTION ( 'NONE',  ( 0.000000000000000000, 1.000000000000000000, 0.000000000000000000 ) ) ;
#1976 = CARTESIAN_POINT ( 'NONE',  ( -2.680000000000001048, 1.349999999999999867, -0.005000000000001448598 ) ) ;
#1977 = DIRECTION ( 'NONE',  ( 4.494102269369967741E-16, 0.000000000000000000, -1.000000000000000000 ) ) ;
#1978 = ADVANCED_FACE ( 'NONE', ( #2264 ), #4721, .F. ) ;
#1979 = ORIENTED_EDGE ( 'NONE', *, *, #4740, .F. ) ;
#1980 = EDGE_CURVE ( 'NONE', #1153, #3860, #207, .T. ) ;
#1981 = DIRECTION ( 'NONE',  ( 4.494102269369967741E-16, 3.614007241618347785E-16, 1.000000000000000000 ) ) ;
#1982 = ORIENTED_EDGE ( 'NONE', *, *, #1863, .F. ) ;
#1983 = VERTEX_POINT ( 'NONE', #3463 ) ;
#1984 = DIRECTION ( 'NONE',  ( -0.000000000000000000, 1.000000000000000000, 1.618212197739558882E-16 ) ) ;
#1985 = PRESENTATION_STYLE_ASSIGNMENT (( #3181 ) ) ;
#1986 = CARTESIAN_POINT ( 'NONE',  ( 6.325000000000001066, -1.449999999999999956, 1.884999999999999343 ) ) ;
#1987 = FACE_OUTER_BOUND ( 'NONE', #4465, .T. ) ;
#1988 = CARTESIAN_POINT ( 'NONE',  ( -6.325000000000003730, 0.6699999999999998179, -0.5599999999999923928 ) ) ;
#1989 = CARTESIAN_POINT ( 'NONE',  ( -1.730000000000000870, 3.300000000000000711, 1.584999999999998632 ) ) ;
#1990 = ADVANCED_FACE ( 'NONE', ( #2277 ), #1111, .F. ) ;
#1991 = VERTEX_POINT ( 'NONE', #630 ) ;
#1992 = PLANE ( 'NONE',  #1323 ) ;
#1993 = EDGE_CURVE ( 'NONE', #1336, #4061, #2390, .T. ) ;
#1994 = ORIENTED_EDGE ( 'NONE', *, *, #4517, .T. ) ;
#1995 = ORIENTED_EDGE ( 'NONE', *, *, #5239, .T. ) ;
#1996 = DIRECTION ( 'NONE',  ( -0.6092076990801721381, 0.5076730825668078761, -0.6092076990801720271 ) ) ;
#1997 = LINE ( 'NONE', #5070, #2023 ) ;
#1998 = EDGE_CURVE ( 'NONE', #5096, #4634, #330, .T. ) ;
#1999 = DIRECTION ( 'NONE',  ( -1.000000000000000000, 0.000000000000000000, 0.000000000000000000 ) ) ;
#2000 = ADVANCED_FACE ( 'NONE', ( #215 ), #5979, .F. ) ;
#2001 = ORIENTED_EDGE ( 'NONE', *, *, #4063, .F. ) ;
#2002 =( NAMED_UNIT ( * ) PLANE_ANGLE_UNIT ( ) SI_UNIT ( $, .RADIAN. ) );
#2003 = ORIENTED_EDGE ( 'NONE', *, *, #4898, .T. ) ;
#2004 = CARTESIAN_POINT ( 'NONE',  ( 3.319999999999998952, 6.899999999999995026, 0.6349999999999988987 ) ) ;
#2005 = ORIENTED_EDGE ( 'NONE', *, *, #4524, .F. ) ;
#2006 = VECTOR ( 'NONE', #117, 1000.000000000000000 ) ;
#2007 = EDGE_LOOP ( 'NONE', ( #4873, #5401, #1060, #934 ) ) ;
#2008 =( GEOMETRIC_REPRESENTATION_CONTEXT ( 3 ) GLOBAL_UNCERTAINTY_ASSIGNED_CONTEXT ( ( #4382 ) ) GLOBAL_UNIT_ASSIGNED_CONTEXT ( ( #2356, #2729, #1177 ) ) REPRESENTATION_CONTEXT ( 'NONE', 'WORKASPACE' ) );
#2009 = CARTESIAN_POINT ( 'NONE',  ( -5.389999999999997904, 0.000000000000000000, 2.024999999999999023 ) ) ;
#2010 = ORIENTED_EDGE ( 'NONE', *, *, #4921, .F. ) ;
#2011 = EDGE_LOOP ( 'NONE', ( #5869, #3880, #6044, #6053 ) ) ;
#2012 = DIRECTION ( 'NONE',  ( 0.000000000000000000, 0.000000000000000000, 1.000000000000000000 ) ) ;
#2013 = CARTESIAN_POINT ( 'NONE',  ( 3.319999999999998952, 1.349999999999999423, 2.024999999999999023 ) ) ;
#2014 = LINE ( 'NONE', #1614, #65 ) ;
#2015 = ORIENTED_EDGE ( 'NONE', *, *, #5399, .F. ) ;
#2016 = DIRECTION ( 'NONE',  ( 0.000000000000000000, 1.000000000000000000, 0.000000000000000000 ) ) ;
#2017 =( GEOMETRIC_REPRESENTATION_CONTEXT ( 3 ) GLOBAL_UNCERTAINTY_ASSIGNED_CONTEXT ( ( #3104 ) ) GLOBAL_UNIT_ASSIGNED_CONTEXT ( ( #581, #4833, #4083 ) ) REPRESENTATION_CONTEXT ( 'NONE', 'WORKASPACE' ) );
#2018 = ORIENTED_EDGE ( 'NONE', *, *, #2570, .F. ) ;
#2019 = EDGE_CURVE ( 'NONE', #5931, #4071, #4482, .T. ) ;
#2020 = PRESENTATION_LAYER_ASSIGNMENT (  '', '', ( #4784 ) ) ;
#2021 = ORIENTED_EDGE ( 'NONE', *, *, #2038, .F. ) ;
#2022 = DIRECTION ( 'NONE',  ( -0.3015113445777614087, -0.9045340337332923308, 0.3015113445777614087 ) ) ;
#2023 = VECTOR ( 'NONE', #5599, 1000.000000000000000 ) ;
#2024 = AXIS2_PLACEMENT_3D ( 'NONE', #4907, #1503, #4566 ) ;
#2025 = CARTESIAN_POINT ( 'NONE',  ( 4.939999999999999503, 0.000000000000000000, 2.024999999999999023 ) ) ;
#2026 = SURFACE_STYLE_FILL_AREA ( #1183 ) ;
#2027 = DIRECTION ( 'NONE',  ( 0.000000000000000000, 0.000000000000000000, -1.000000000000000000 ) ) ;
#2028 = DIRECTION ( 'NONE',  ( -1.000000000000000000, 0.000000000000000000, 4.494102269369967741E-16 ) ) ;
#2029 = DIRECTION ( 'NONE',  ( 0.000000000000000000, 2.744815626545581052E-16, 1.000000000000000000 ) ) ;
#2030 = FACE_OUTER_BOUND ( 'NONE', #4290, .T. ) ;
#2031 = VERTEX_POINT ( 'NONE', #286 ) ;
#2032 = CARTESIAN_POINT ( 'NONE',  ( 5.674999999999999822, -1.199999999999999734, 1.884999999999999343 ) ) ;
#2033 = EDGE_LOOP ( 'NONE', ( #3553, #1692, #4186, #219, #4342, #3525 ) ) ;
#2034 = ORIENTED_EDGE ( 'NONE', *, *, #293, .T. ) ;
#2035 = CARTESIAN_POINT ( 'NONE',  ( 2.879999999999999893, -3.180000000000000160, 0.4349999999999975553 ) ) ;
#2036 = STYLED_ITEM ( 'NONE', ( #5720 ), #2979 ) ;
#2038 = EDGE_CURVE ( 'NONE', #2045, #1882, #350, .T. ) ;
#2037 = EDGE_CURVE ( 'NONE', #4870, #4919, #2288, .T. ) ;
#2039 = LINE ( 'NONE', #981, #4282 ) ;
#2040 = ORIENTED_EDGE ( 'NONE', *, *, #3135, .F. ) ;
#2041 = LINE ( 'NONE', #2369, #178 ) ;
#2042 = ORIENTED_EDGE ( 'NONE', *, *, #441, .F. ) ;
#2043 = DIRECTION ( 'NONE',  ( 4.494102269369967741E-16, 0.000000000000000000, -1.000000000000000000 ) ) ;
#2044 = CARTESIAN_POINT ( 'NONE',  ( -3.320000000000000728, 1.350000000000000089, -1.585000000000000409 ) ) ;
#2045 = VERTEX_POINT ( 'NONE', #3043 ) ;
#2046 = VECTOR ( 'NONE', #4554, 1000.000000000000000 ) ;
#2047 = ADVANCED_FACE ( 'NONE', ( #2432 ), #4795, .F. ) ;
#2048 = VECTOR ( 'NONE', #3551, 1000.000000000000000 ) ;
#2049 = VERTEX_POINT ( 'NONE', #4894 ) ;
#2050 = CARTESIAN_POINT ( 'NONE',  ( 2.679999999999999272, 3.300000000000000711, -0.005000000000001097317 ) ) ;
#2051 = ORIENTED_EDGE ( 'NONE', *, *, #5154, .T. ) ;
#2052 = EDGE_LOOP ( 'NONE', ( #5957, #2403, #5762, #310, #142, #3690, #2429, #3497, #3592, #2436, #5825, #1427, #3646, #2396 ) ) ;
#2053 = FACE_OUTER_BOUND ( 'NONE', #2052, .T. ) ;
#2054 = DIRECTION ( 'NONE',  ( 0.000000000000000000, 1.000000000000000000, -3.614007241618347785E-16 ) ) ;
#2055 = CARTESIAN_POINT ( 'NONE',  ( -2.680000000000001048, 1.269999999999999796, 1.190000000000007052 ) ) ;
#2056 = PLANE ( 'NONE',  #1166 ) ;
#2057 = EDGE_CURVE ( 'NONE', #3906, #4016, #2743, .T. ) ;
#2058 = PLANE ( 'NONE',  #745 ) ;
#2059 = VECTOR ( 'NONE', #5601, 1000.000000000000000 ) ;
#2060 = ORIENTED_EDGE ( 'NONE', *, *, #1346, .T. ) ;
#2061 = CARTESIAN_POINT ( 'NONE',  ( -4.270000000000001350, 3.300000000000000711, 0.9349999999999978328 ) ) ;
#2062 = FACE_OUTER_BOUND ( 'NONE', #3946, .T. ) ;
#2063 = ORIENTED_EDGE ( 'NONE', *, *, #4480, .T. ) ;
#2064 = VERTEX_POINT ( 'NONE', #2159 ) ;
#2065 = DIRECTION ( 'NONE',  ( 0.000000000000000000, 0.000000000000000000, -1.000000000000000000 ) ) ;
#2066 = LINE ( 'NONE', #5652, #2006 ) ;
#2067 = DIRECTION ( 'NONE',  ( 0.3015113445777613532, -0.9045340337332925529, 0.3015113445777610757 ) ) ;
#2068 = EDGE_CURVE ( 'NONE', #657, #6078, #2778, .T. ) ;
#2069 = DIRECTION ( 'NONE',  ( 0.000000000000000000, 2.744815626545581052E-16, -1.000000000000000000 ) ) ;
#2070 = CARTESIAN_POINT ( 'NONE',  ( 0.3199999999999991740, 1.349999999999999423, 2.024999999999999023 ) ) ;
#2071 = DIRECTION ( 'NONE',  ( 0.000000000000000000, -1.000000000000000000, 0.000000000000000000 ) ) ;
#2072 = LINE ( 'NONE', #1017, #1924 ) ;
#2073 = EDGE_LOOP ( 'NONE', ( #2771, #4230, #4347, #4768, #2855 ) ) ;
#2074 = PLANE ( 'NONE',  #5123 ) ;
#2075 = UNCERTAINTY_MEASURE_WITH_UNIT (LENGTH_MEASURE( 1.000000000000000082E-05 ), #64, 'distance_accuracy_value', 'NONE');
#2076 = VECTOR ( 'NONE', #4322, 1000.000000000000000 ) ;
#2077 = ORIENTED_EDGE ( 'NONE', *, *, #645, .T. ) ;
#2078 = VERTEX_POINT ( 'NONE', #2621 ) ;
#2079 = DIRECTION ( 'NONE',  ( 0.000000000000000000, 1.000000000000000000, -3.614007241618347785E-16 ) ) ;
#2080 = SURFACE_STYLE_FILL_AREA ( #2732 ) ;
#2081 = DIRECTION ( 'NONE',  ( 1.000000000000000000, -0.000000000000000000, 0.000000000000000000 ) ) ;
#2082 = LINE ( 'NONE', #3499, #4096 ) ;
#2083 = ORIENTED_EDGE ( 'NONE', *, *, #2630, .T. ) ;
#2084 = DIRECTION ( 'NONE',  ( 0.000000000000000000, -2.995465716473997569E-16, -1.000000000000000000 ) ) ;
#2085 = VECTOR ( 'NONE', #4643, 1000.000000000000000 ) ;
#2086 = ORIENTED_EDGE ( 'NONE', *, *, #3470, .T. ) ;
#2087 = CARTESIAN_POINT ( 'NONE',  ( 6.325000000000001066, 0.000000000000000000, -1.584999999999999964 ) ) ;
#2088 = ORIENTED_EDGE ( 'NONE', *, *, #1274, .T. ) ;
#2089 = LINE ( 'NONE', #738, #311 ) ;
#2090 = ADVANCED_FACE ( 'NONE', ( #681 ), #6023, .F. ) ;
#2091 = AXIS2_PLACEMENT_3D ( 'NONE', #3719, #4608, #1239 ) ;
#2092 = FACE_OUTER_BOUND ( 'NONE', #3260, .T. ) ;
#2093 = ORIENTED_EDGE ( 'NONE', *, *, #5592, .T. ) ;
#2094 = VECTOR ( 'NONE', #3899, 1000.000000000000000 ) ;
#2095 = CARTESIAN_POINT ( 'NONE',  ( -4.924999999999998934, 9.900000000000000355, 1.044999999999998819 ) ) ;
#2096 = ORIENTED_EDGE ( 'NONE', *, *, #6084, .T. ) ;
#2097 = EDGE_LOOP ( 'NONE', ( #5803, #4983, #1894, #3797 ) ) ;
#2098 = LINE ( 'NONE', #1299, #4367 ) ;
#2099 = CARTESIAN_POINT ( 'NONE',  ( 4.940000000000000391, 0.6699999999999998179, -0.5599999999999923928 ) ) ;
#2100 = CARTESIAN_POINT ( 'NONE',  ( -6.325000000000002842, 0.6699999999999998179, 1.190000000000007940 ) ) ;
#2101 = DIRECTION ( 'NONE',  ( 1.000000000000000000, 0.000000000000000000, 0.000000000000000000 ) ) ;
#2102 = CARTESIAN_POINT ( 'NONE',  ( -1.250000000000001110, 8.300000000000000711, 2.774999999999999467 ) ) ;
#2103 = FILL_AREA_STYLE_COLOUR ( '', #3210 ) ;
#2104 =( GEOMETRIC_REPRESENTATION_CONTEXT ( 3 ) GLOBAL_UNCERTAINTY_ASSIGNED_CONTEXT ( ( #4757 ) ) GLOBAL_UNIT_ASSIGNED_CONTEXT ( ( #186, #4776, #5922 ) ) REPRESENTATION_CONTEXT ( 'NONE', 'WORKASPACE' ) );
#2105 = ADVANCED_FACE ( 'NONE', ( #734 ), #2959, .F. ) ;
#2106 = AXIS2_PLACEMENT_3D ( 'NONE', #2298, #3681, #5057 ) ;
#2107 = FACE_OUTER_BOUND ( 'NONE', #3492, .T. ) ;
#2108 = ORIENTED_EDGE ( 'NONE', *, *, #3265, .T. ) ;
#2109 = AXIS2_PLACEMENT_3D ( 'NONE', #4718, #4551, #2957 ) ;
#2110 = FILL_AREA_STYLE ('',( #655 ) ) ;
#2111 = FACE_OUTER_BOUND ( 'NONE', #4231, .T. ) ;
#2112 = VERTEX_POINT ( 'NONE', #5893 ) ;
#2113 = ORIENTED_EDGE ( 'NONE', *, *, #1384, .T. ) ;
#2114 = FACE_OUTER_BOUND ( 'NONE', #3733, .T. ) ;
#2115 = PLANE ( 'NONE',  #2328 ) ;
#2116 = DIRECTION ( 'NONE',  ( -0.000000000000000000, -1.000000000000000000, -0.000000000000000000 ) ) ;
#2117 = DIRECTION ( 'NONE',  ( -0.000000000000000000, 1.000000000000000000, -0.000000000000000000 ) ) ;
#2118 = SURFACE_SIDE_STYLE ('',( #3762 ) ) ;
#2119 = VECTOR ( 'NONE', #2054, 1000.000000000000000 ) ;
#2120 = ORIENTED_EDGE ( 'NONE', *, *, #6084, .F. ) ;
#2121 =( GEOMETRIC_REPRESENTATION_CONTEXT ( 3 ) GLOBAL_UNCERTAINTY_ASSIGNED_CONTEXT ( ( #6132 ) ) GLOBAL_UNIT_ASSIGNED_CONTEXT ( ( #4346, #4885, #5214 ) ) REPRESENTATION_CONTEXT ( 'NONE', 'WORKASPACE' ) );
#2122 = ORIENTED_EDGE ( 'NONE', *, *, #658, .T. ) ;
#2123 = ORIENTED_EDGE ( 'NONE', *, *, #4402, .F. ) ;
#2124 = FACE_OUTER_BOUND ( 'NONE', #4926, .T. ) ;
#2125 = PLANE ( 'NONE',  #5724 ) ;
#2126 = LINE ( 'NONE', #4476, #4143 ) ;
#2127 = ORIENTED_EDGE ( 'NONE', *, *, #3054, .F. ) ;
#2128 = EDGE_CURVE ( 'NONE', #1972, #2259, #2823, .T. ) ;
#2129 = LINE ( 'NONE', #6195, #6199 ) ;
#2130 = ADVANCED_FACE ( 'NONE', ( #2854 ), #1780, .T. ) ;
#2131 = ORIENTED_EDGE ( 'NONE', *, *, #442, .F. ) ;
#2132 = DIRECTION ( 'NONE',  ( 0.000000000000000000, 0.000000000000000000, 1.000000000000000000 ) ) ;
#2133 = DIRECTION ( 'NONE',  ( -1.000000000000000000, 0.000000000000000000, 0.000000000000000000 ) ) ;
#2134 = ORIENTED_EDGE ( 'NONE', *, *, #4168, .F. ) ;
#2135 = EDGE_CURVE ( 'NONE', #1820, #5339, #4880, .T. ) ;
#2136 = VECTOR ( 'NONE', #3816, 1000.000000000000000 ) ;
#2137 = LINE ( 'NONE', #2905, #4088 ) ;
#2138 = ORIENTED_EDGE ( 'NONE', *, *, #480, .F. ) ;
#2139 = EDGE_CURVE ( 'NONE', #850, #3906, #4853, .T. ) ;
#2140 = CARTESIAN_POINT ( 'NONE',  ( -3.320000000000000728, 1.349999999999999645, 0.6349999999999985656 ) ) ;
#2141 = ORIENTED_EDGE ( 'NONE', *, *, #4329, .T. ) ;
#2142 = EDGE_LOOP ( 'NONE', ( #3541, #4275, #1487, #5726 ) ) ;
#2143 = CARTESIAN_POINT ( 'NONE',  ( 2.679999999999999272, -2.579999999999992966, 0.6349999999999970113 ) ) ;
#2144 = LINE ( 'NONE', #2745, #2136 ) ;
#2145 = CARTESIAN_POINT ( 'NONE',  ( 6.324999999999999289, -1.199999999999999734, 1.884999999999999565 ) ) ;
#2146 = ADVANCED_FACE ( 'NONE', ( #4945 ), #3672, .F. ) ;
#2147 = CARTESIAN_POINT ( 'NONE',  ( 5.364999999999992220, 1.849999999999999201, 2.274999999999999023 ) ) ;
#2148 = CARTESIAN_POINT ( 'NONE',  ( 5.674999999999999822, 0.000000000000000000, 2.784999999999999254 ) ) ;
#2149 = EDGE_CURVE ( 'NONE', #162, #3652, #635, .T. ) ;
#2150 = CARTESIAN_POINT ( 'NONE',  ( 3.319999999999998952, 3.300000000000000711, -0.005000000000001097317 ) ) ;
#2151 = VECTOR ( 'NONE', #2945, 1000.000000000000000 ) ;
#2152 = ORIENTED_EDGE ( 'NONE', *, *, #2037, .F. ) ;
#2153 = CARTESIAN_POINT ( 'NONE',  ( 0.000000000000000000, 1.699999999999998623, 2.024999999999999023 ) ) ;
#2154 = ORIENTED_EDGE ( 'NONE', *, *, #5588, .F. ) ;
#2155 = EDGE_CURVE ( 'NONE', #1759, #1043, #2770, .T. ) ;
#2156 = VERTEX_POINT ( 'NONE', #4250 ) ;
#2157 = VECTOR ( 'NONE', #3950, 1000.000000000000000 ) ;
#2158 = UNCERTAINTY_MEASURE_WITH_UNIT (LENGTH_MEASURE( 1.000000000000000082E-05 ), #4587, 'distance_accuracy_value', 'NONE');
#2159 = CARTESIAN_POINT ( 'NONE',  ( 3.319999999999998508, 1.269999999999999796, 1.190000000000007052 ) ) ;
#2160 = CARTESIAN_POINT ( 'NONE',  ( -2.862272727272729078, 7.446818181818184001, 0.1772727272727269987 ) ) ;
#2161 = CARTESIAN_POINT ( 'NONE',  ( -2.738181818181818272, -2.754545454545446415, 0.5768181818181806753 ) ) ;
#2162 = VECTOR ( 'NONE', #3654, 1000.000000000000000 ) ;
#2163 = ORIENTED_EDGE ( 'NONE', *, *, #5285, .T. ) ;
#2164 = DIRECTION ( 'NONE',  ( 0.000000000000000000, 0.000000000000000000, -1.000000000000000000 ) ) ;
#2165 = VECTOR ( 'NONE', #573, 1000.000000000000000 ) ;
#2166 = ORIENTED_EDGE ( 'NONE', *, *, #337, .T. ) ;
#2167 = ORIENTED_EDGE ( 'NONE', *, *, #1032, .F. ) ;
#2168 = CARTESIAN_POINT ( 'NONE',  ( -5.674999999999999822, -1.199999999999997957, 2.785000000000000586 ) ) ;
#2169 = LINE ( 'NONE', #2145, #154 ) ;
#2170 = ORIENTED_EDGE ( 'NONE', *, *, #3706, .T. ) ;
#2171 = ADVANCED_FACE ( 'NONE', ( #2753 ), #4672, .F. ) ;
#2172 = FACE_OUTER_BOUND ( 'NONE', #5483, .T. ) ;
#2173 = ORIENTED_EDGE ( 'NONE', *, *, #221, .F. ) ;
#2174 = EDGE_CURVE ( 'NONE', #3034, #3885, #816, .T. ) ;
#2175 = DIRECTION ( 'NONE',  ( -1.000000000000000000, 0.000000000000000000, 0.000000000000000000 ) ) ;
#2176 = EDGE_CURVE ( 'NONE', #6106, #1991, #4811, .T. ) ;
#2177 = CARTESIAN_POINT ( 'NONE',  ( 5.974999999999999645, -1.449999999999999956, 2.484999999999999432 ) ) ;
#2178 = ORIENTED_EDGE ( 'NONE', *, *, #1098, .F. ) ;
#2179 = LINE ( 'NONE', #3195, #4176 ) ;
#2180 = CARTESIAN_POINT ( 'NONE',  ( 4.924999999999998934, 8.499999999999996447, 1.044999999999998819 ) ) ;
#2181 = FACE_OUTER_BOUND ( 'NONE', #1102, .T. ) ;
#2182 = ORIENTED_EDGE ( 'NONE', *, *, #1237, .F. ) ;
#2183 = ADVANCED_FACE ( 'NONE', ( #4843 ), #1372, .F. ) ;
#2184 = CARTESIAN_POINT ( 'NONE',  ( -0.2618181818181833931, -2.754545454545446415, 0.5768181818181806753 ) ) ;
#2185 = ORIENTED_EDGE ( 'NONE', *, *, #5987, .T. ) ;
#2186 = ORIENTED_EDGE ( 'NONE', *, *, #2252, .T. ) ;
#2187 = STYLED_ITEM ( 'NONE', ( #4065 ), #5574 ) ;
#2188 = VECTOR ( 'NONE', #1960, 1000.000000000000000 ) ;
#2189 = AXIS2_PLACEMENT_3D ( 'NONE', #662, #3570, #1071 ) ;
#2190 = DIRECTION ( 'NONE',  ( 0.000000000000000000, 0.000000000000000000, 1.000000000000000000 ) ) ;
#2191 = CARTESIAN_POINT ( 'NONE',  ( 1.300000000000000044, 6.899999999999999467, -1.585000000000000187 ) ) ;
#2192 = DIRECTION ( 'NONE',  ( -1.000000000000000000, 0.000000000000000000, 0.000000000000000000 ) ) ;
#2193 = AXIS2_PLACEMENT_3D ( 'NONE', #685, #4991, #358 ) ;
#2194 = DIRECTION ( 'NONE',  ( -0.3015113445777614087, 0.9045340337332923308, -0.3015113445777614087 ) ) ;
#2195 = ADVANCED_FACE ( 'NONE', ( #709 ), #1420, .F. ) ;
#2196 = VECTOR ( 'NONE', #3966, 1000.000000000000000 ) ;
#2197 = ORIENTED_EDGE ( 'NONE', *, *, #348, .F. ) ;
#2198 = DIRECTION ( 'NONE',  ( -0.3015113445777614087, -0.9045340337332923308, 0.3015113445777614087 ) ) ;
#2199 = ORIENTED_EDGE ( 'NONE', *, *, #4644, .T. ) ;
#2200 = ORIENTED_EDGE ( 'NONE', *, *, #1560, .T. ) ;
#2201 = CARTESIAN_POINT ( 'NONE',  ( 1.250000000000001110, 8.300000000000000711, 2.774999999999999467 ) ) ;
#2202 = VECTOR ( 'NONE', #2457, 1000.000000000000000 ) ;
#2203 = ADVANCED_FACE ( 'NONE', ( #4927 ), #832, .F. ) ;
#2204 = CARTESIAN_POINT ( 'NONE',  ( 1.300000000000000044, 6.899999999999999467, -2.085000000000000853 ) ) ;
#2205 = PLANE ( 'NONE',  #1422 ) ;
#2206 =( NAMED_UNIT ( * ) PLANE_ANGLE_UNIT ( ) SI_UNIT ( $, .RADIAN. ) );
#2207 = VECTOR ( 'NONE', #4386, 1000.000000000000000 ) ;
#2208 = VERTEX_POINT ( 'NONE', #3931 ) ;
#2209 = CARTESIAN_POINT ( 'NONE',  ( -3.320000000000000728, 1.269999999999999796, 1.190000000000007052 ) ) ;
#2210 = ORIENTED_EDGE ( 'NONE', *, *, #2780, .F. ) ;
#2211 = EDGE_LOOP ( 'NONE', ( #4737, #4405, #4793, #378 ) ) ;
#2212 = DIRECTION ( 'NONE',  ( 1.000000000000000000, 0.000000000000000000, -4.494102269369967741E-16 ) ) ;
#2213 = EDGE_CURVE ( 'NONE', #5096, #2078, #741, .T. ) ;
#2214 = LINE ( 'NONE', #1137, #3979 ) ;
#2215 = ORIENTED_EDGE ( 'NONE', *, *, #829, .F. ) ;
#2216 = ORIENTED_EDGE ( 'NONE', *, *, #5156, .T. ) ;
#2217 = CARTESIAN_POINT ( 'NONE',  ( 5.674999999999999822, -1.449999999999999956, 2.484999999999999432 ) ) ;
#2218 = DIRECTION ( 'NONE',  ( 4.494102269369967741E-16, -0.000000000000000000, -1.000000000000000000 ) ) ;
#2219 = ORIENTED_EDGE ( 'NONE', *, *, #3370, .T. ) ;
#2220 = EDGE_CURVE ( 'NONE', #1013, #3391, #2704, .T. ) ;
#2221 = EDGE_CURVE ( 'NONE', #2681, #1636, #2787, .T. ) ;
#2222 = CARTESIAN_POINT ( 'NONE',  ( 6.325000000000001066, 0.6700000000000004841, -1.584999999999997522 ) ) ;
#2223 = LINE ( 'NONE', #344, #27 ) ;
#2224 = ORIENTED_EDGE ( 'NONE', *, *, #3728, .F. ) ;
#2225 = EDGE_CURVE ( 'NONE', #6088, #410, #751, .T. ) ;
#2226 = DIRECTION ( 'NONE',  ( 0.000000000000000000, 0.000000000000000000, -1.000000000000000000 ) ) ;
#2227 = ORIENTED_EDGE ( 'NONE', *, *, #2762, .T. ) ;
#2228 = ORIENTED_EDGE ( 'NONE', *, *, #5796, .F. ) ;
#2229 = MANIFOLD_SOLID_BREP ( 'LPattern3[1]', #2848 ) ;
#2230 = CARTESIAN_POINT ( 'NONE',  ( -0.3200000000000008393, -7.265096679918780609, 0.6349999999999970113 ) ) ;
#2231 = DIRECTION ( 'NONE',  ( 0.000000000000000000, 1.000000000000000000, -3.212450881438528789E-16 ) ) ;
#2232 = VECTOR ( 'NONE', #6190, 1000.000000000000000 ) ;
#2233 = ORIENTED_EDGE ( 'NONE', *, *, #1705, .F. ) ;
#2234 = DIRECTION ( 'NONE',  ( 0.000000000000000000, 0.3162277660168349991, -0.9486832980505148782 ) ) ;
#2235 =( NAMED_UNIT ( * ) PLANE_ANGLE_UNIT ( ) SI_UNIT ( $, .RADIAN. ) );
#2236 = ADVANCED_FACE ( 'NONE', ( #2846 ), #2801, .F. ) ;
#2237 = UNCERTAINTY_MEASURE_WITH_UNIT (LENGTH_MEASURE( 1.000000000000000082E-05 ), #4179, 'distance_accuracy_value', 'NONE');
#2238 = EDGE_LOOP ( 'NONE', ( #5367, #5121, #3103, #736 ) ) ;
#2239 = EDGE_LOOP ( 'NONE', ( #4134, #5912, #2779, #4005 ) ) ;
#2240 = DIRECTION ( 'NONE',  ( 0.000000000000000000, -1.000000000000000000, -1.801998070613027504E-16 ) ) ;
#2241 = CARTESIAN_POINT ( 'NONE',  ( 3.319999999999998952, 0.000000000000000000, 0.000000000000000000 ) ) ;
#2242 = DIRECTION ( 'NONE',  ( 0.000000000000000000, 0.000000000000000000, -1.000000000000000000 ) ) ;
#2243 = CARTESIAN_POINT ( 'NONE',  ( 0.3199999999999991740, 0.000000000000000000, 2.024999999999999023 ) ) ;
#2244 = VECTOR ( 'NONE', #994, 1000.000000000000000 ) ;
#2245 = ORIENTED_EDGE ( 'NONE', *, *, #5625, .F. ) ;
#2246 = CARTESIAN_POINT ( 'NONE',  ( -0.1200000000000003147, 7.500000000000001776, 0.4349999999999983324 ) ) ;
#2247 = FACE_OUTER_BOUND ( 'NONE', #2903, .T. ) ;
#2248 = VERTEX_POINT ( 'NONE', #3271 ) ;
#2249 = VERTEX_POINT ( 'NONE', #3843 ) ;
#2250 = CARTESIAN_POINT ( 'NONE',  ( 1.250000000000001110, 8.300000000000000711, 2.774999999999999467 ) ) ;
#2251 = PRODUCT_DEFINITION ( 'UNKNOWN', '', #1943, #2718 ) ;
#2252 = EDGE_CURVE ( 'NONE', #1222, #2112, #783, .T. ) ;
#2253 = AXIS2_PLACEMENT_3D ( 'NONE', #5766, #2081, #5855 ) ;
#2254 = LINE ( 'NONE', #5654, #4417 ) ;
#2255 = ORIENTED_EDGE ( 'NONE', *, *, #109, .F. ) ;
#2256 = AXIS2_PLACEMENT_3D ( 'NONE', #1715, #4692, #5658 ) ;
#2257 =( NAMED_UNIT ( * ) PLANE_ANGLE_UNIT ( ) SI_UNIT ( $, .RADIAN. ) );
#2258 = LINE ( 'NONE', #4694, #4124 ) ;
#2259 = VERTEX_POINT ( 'NONE', #3315 ) ;
#2260 = PLANE ( 'NONE',  #451 ) ;
#2261 = DIRECTION ( 'NONE',  ( 0.000000000000000000, -2.995465716473997569E-16, -1.000000000000000000 ) ) ;
#2262 = VERTEX_POINT ( 'NONE', #2400 ) ;
#2263 = DIRECTION ( 'NONE',  ( -1.000000000000000000, 0.000000000000000000, 4.638298064109109804E-16 ) ) ;
#2264 = FACE_OUTER_BOUND ( 'NONE', #3960, .T. ) ;
#2265 = ORIENTED_EDGE ( 'NONE', *, *, #4720, .F. ) ;
#2266 = EDGE_CURVE ( 'NONE', #1026, #1409, #2873, .T. ) ;
#2267 = AXIS2_PLACEMENT_3D ( 'NONE', #819, #4616, #3413 ) ;
#2268 = DIRECTION ( 'NONE',  ( 1.707404996040164265E-16, 0.000000000000000000, 1.000000000000000000 ) ) ;
#2269 = ORIENTED_EDGE ( 'NONE', *, *, #4986, .T. ) ;
#2270 = EDGE_CURVE ( 'NONE', #2836, #4706, #4953, .T. ) ;
#2271 = ORIENTED_EDGE ( 'NONE', *, *, #5625, .T. ) ;
#2272 = DIRECTION ( 'NONE',  ( -0.7071067811865467956, -0.7071067811865483499, 0.000000000000000000 ) ) ;
#2273 = SURFACE_STYLE_USAGE ( .BOTH. , #6151 ) ;
#2274 = DIRECTION ( 'NONE',  ( 0.000000000000000000, 2.744815626545581052E-16, -1.000000000000000000 ) ) ;
#2275 = PLANE ( 'NONE',  #2969 ) ;
#2276 = PLANE ( 'NONE',  #4117 ) ;
#2277 = FACE_OUTER_BOUND ( 'NONE', #2097, .T. ) ;
#2278 = ORIENTED_EDGE ( 'NONE', *, *, #2942, .T. ) ;
#2279 = DIRECTION ( 'NONE',  ( 1.000000000000000000, -0.000000000000000000, -0.000000000000000000 ) ) ;
#2280 = ADVANCED_FACE ( 'NONE', ( #648 ), #954, .T. ) ;
#2281 = CARTESIAN_POINT ( 'NONE',  ( 0.000000000000000000, 0.000000000000000000, 0.000000000000000000 ) ) ;
#2282 = VECTOR ( 'NONE', #922, 1000.000000000000000 ) ;
#2283 = ORIENTED_EDGE ( 'NONE', *, *, #5069, .F. ) ;
#2284 = EDGE_LOOP ( 'NONE', ( #592, #6147, #225, #4164 ) ) ;
#2285 = DIRECTION ( 'NONE',  ( 0.000000000000000000, -0.000000000000000000, 1.000000000000000000 ) ) ;
#2286 = CARTESIAN_POINT ( 'NONE',  ( -3.320000000000000728, 6.899999999999995026, -0.005000000000001097317 ) ) ;
#2287 = DIRECTION ( 'NONE',  ( 0.000000000000000000, 0.000000000000000000, -1.000000000000000000 ) ) ;
#2288 = LINE ( 'NONE', #1680, #4370 ) ;
#2289 = ORIENTED_EDGE ( 'NONE', *, *, #4740, .T. ) ;
#2290 =( NAMED_UNIT ( * ) PLANE_ANGLE_UNIT ( ) SI_UNIT ( $, .RADIAN. ) );
#2291 = EDGE_CURVE ( 'NONE', #5083, #4207, #2720, .T. ) ;
#2292 = FACE_OUTER_BOUND ( 'NONE', #5837, .T. ) ;
#2293 = ADVANCED_FACE ( 'NONE', ( #2726 ), #4705, .F. ) ;
#2294 = ORIENTED_EDGE ( 'NONE', *, *, #1570, .T. ) ;
#2295 = ORIENTED_EDGE ( 'NONE', *, *, #2473, .T. ) ;
#2296 = DIRECTION ( 'NONE',  ( 4.494102269369967741E-16, 3.236424395479117765E-16, 1.000000000000000000 ) ) ;
#2297 = EDGE_CURVE ( 'NONE', #572, #3755, #4803, .T. ) ;
#2298 = CARTESIAN_POINT ( 'NONE',  ( -2.680000000000001048, -2.579999999999992966, -0.005000000000003001176 ) ) ;
#2299 = VECTOR ( 'NONE', #4449, 1000.000000000000000 ) ;
#2300 = ORIENTED_EDGE ( 'NONE', *, *, #4989, .F. ) ;
#2301 = LINE ( 'NONE', #3415, #4428 ) ;
#2302 = ORIENTED_EDGE ( 'NONE', *, *, #5670, .T. ) ;
#2303 = CARTESIAN_POINT ( 'NONE',  ( -0.3200000000000008393, 3.300000000000000711, 0.6349999999999988987 ) ) ;
#2304 = EDGE_CURVE ( 'NONE', #5319, #953, #2737, .T. ) ;
#2305 = CARTESIAN_POINT ( 'NONE',  ( -6.325000000000002842, 0.6699999999999997069, 1.585000000000007736 ) ) ;
#2306 = ORIENTED_EDGE ( 'NONE', *, *, #5903, .T. ) ;
#2307 = FILL_AREA_STYLE_COLOUR ( '', #5113 ) ;
#2308 = ADVANCED_FACE ( 'NONE', ( #912 ), #268, .F. ) ;
#2309 = EDGE_CURVE ( 'NONE', #4067, #3481, #5085, .T. ) ;
#2310 = CARTESIAN_POINT ( 'NONE',  ( 6.000000000000000000, -3.180000000000000160, 0.1949999999999981470 ) ) ;
#2311 = FACE_OUTER_BOUND ( 'NONE', #742, .T. ) ;
#2312 = ORIENTED_EDGE ( 'NONE', *, *, #5903, .F. ) ;
#2313 = VECTOR ( 'NONE', #2656, 1000.000000000000000 ) ;
#2314 = CARTESIAN_POINT ( 'NONE',  ( 4.269999999999999574, 3.300000000000000711, 1.584999999999998632 ) ) ;
#2315 = ORIENTED_EDGE ( 'NONE', *, *, #2304, .T. ) ;
#2316 = VERTEX_POINT ( 'NONE', #4575 ) ;
#2317 = CARTESIAN_POINT ( 'NONE',  ( 0.000000000000000000, -1.449999999999999956, 2.185000000000002718 ) ) ;
#2318 = CARTESIAN_POINT ( 'NONE',  ( 0.1199999999999985800, 7.500000000000001776, 0.4349999999999983324 ) ) ;
#2319 = CARTESIAN_POINT ( 'NONE',  ( 3.319999999999998952, 1.349999999999999645, 0.6349999999999985656 ) ) ;
#2320 = DIRECTION ( 'NONE',  ( 0.000000000000000000, 0.000000000000000000, -1.000000000000000000 ) ) ;
#2322 = FILL_AREA_STYLE_COLOUR ( '', #3328 ) ;
#2321 = VECTOR ( 'NONE', #213, 1000.000000000000000 ) ;
#2323 = VECTOR ( 'NONE', #1482, 1000.000000000000000 ) ;
#2324 = ORIENTED_EDGE ( 'NONE', *, *, #3746, .F. ) ;
#2325 = DIRECTION ( 'NONE',  ( 1.000000000000000000, -0.000000000000000000, -4.494102269369967741E-16 ) ) ;
#2326 = LINE ( 'NONE', #1489, #4372 ) ;
#2327 = ORIENTED_EDGE ( 'NONE', *, *, #2839, .F. ) ;
#2328 = AXIS2_PLACEMENT_3D ( 'NONE', #4698, #3943, #2482 ) ;
#2329 = EDGE_LOOP ( 'NONE', ( #4774, #2923, #108, #2163 ) ) ;
#2330 = CARTESIAN_POINT ( 'NONE',  ( 3.137727272727271366, 7.446818181818184001, 0.1772727272727269987 ) ) ;
#2331 = LINE ( 'NONE', #3462, #2299 ) ;
#2332 = DIRECTION ( 'NONE',  ( 0.4619344188369658988, 0.000000000000000000, -0.8869140841669810316 ) ) ;
#2333 = DIRECTION ( 'NONE',  ( -1.000000000000000000, 0.000000000000000000, 1.280553747030123075E-16 ) ) ;
#2334 = VECTOR ( 'NONE', #1154, 1000.000000000000000 ) ;
#2335 = PLANE ( 'NONE',  #4306 ) ;
#2336 = EDGE_LOOP ( 'NONE', ( #1566, #3925, #6003, #1727 ) ) ;
#2337 = CARTESIAN_POINT ( 'NONE',  ( 1.250000000000001110, 1.849999999999999201, 2.274999999999999023 ) ) ;
#2338 = LINE ( 'NONE', #3575, #388 ) ;
#2339 = ORIENTED_EDGE ( 'NONE', *, *, #4501, .T. ) ;
#2340 = ORIENTED_EDGE ( 'NONE', *, *, #3777, .T. ) ;
#2341 = PRESENTATION_LAYER_ASSIGNMENT (  '', '', ( #1082 ) ) ;
#2342 = EDGE_CURVE ( 'NONE', #2796, #50, #2983, .T. ) ;
#2343 = AXIS2_PLACEMENT_3D ( 'NONE', #4809, #4510, #1575 ) ;
#2344 = CARTESIAN_POINT ( 'NONE',  ( -2.250000000000001332, 8.300000000000000711, 2.774999999999999467 ) ) ;
#2345 = AXIS2_PLACEMENT_3D ( 'NONE', #214, #5431, #176 ) ;
#2346 = VECTOR ( 'NONE', #526, 1000.000000000000000 ) ;
#2347 = LINE ( 'NONE', #4754, #2244 ) ;
#2348 = ORIENTED_EDGE ( 'NONE', *, *, #1828, .F. ) ;
#2349 = CARTESIAN_POINT ( 'NONE',  ( 4.924999999999998934, 9.900000000000000355, -0.9550000000000011813 ) ) ;
#2350 = FACE_OUTER_BOUND ( 'NONE', #2329, .T. ) ;
#2351 = ORIENTED_EDGE ( 'NONE', *, *, #2270, .T. ) ;
#2352 = PLANE ( 'NONE',  #2484 ) ;
#2353 = CARTESIAN_POINT ( 'NONE',  ( 2.250000000000001332, 8.300000000000000711, 2.274999999999999467 ) ) ;
#2354 = VERTEX_POINT ( 'NONE', #4094 ) ;
#2355 = AXIS2_PLACEMENT_3D ( 'NONE', #1827, #2332, #6119 ) ;
#2356 =( LENGTH_UNIT ( ) NAMED_UNIT ( * ) SI_UNIT ( .MILLI., .METRE. ) );
#2358 = EDGE_CURVE ( 'NONE', #3642, #1884, #925, .T. ) ;
#2357 = EDGE_CURVE ( 'NONE', #5065, #3679, #5045, .T. ) ;
#2359 = ORIENTED_EDGE ( 'NONE', *, *, #4642, .T. ) ;
#2360 = FILL_AREA_STYLE ('',( #4817 ) ) ;
#2361 = LINE ( 'NONE', #76, #4348 ) ;
#2362 = FILL_AREA_STYLE_COLOUR ( '', #6126 ) ;
#2363 = VERTEX_POINT ( 'NONE', #1761 ) ;
#2364 = CLOSED_SHELL ( 'NONE', ( #233, #4890, #277, #197, #3935, #2834, #1159, #403, #294, #2891 ) ) ;
#2365 = CARTESIAN_POINT ( 'NONE',  ( -3.320000000000000728, 0.6699999999999997069, -0.9549999999999936318 ) ) ;
#2366 = ADVANCED_FACE ( 'NONE', ( #2995 ), #2611, .T. ) ;
#2367 = DIRECTION ( 'NONE',  ( 0.000000000000000000, -2.744815626545581052E-16, 1.000000000000000000 ) ) ;
#2368 = LINE ( 'NONE', #614, #4433 ) ;
#2369 = CARTESIAN_POINT ( 'NONE',  ( -0.3200000000000008393, 1.269999999999999796, 1.190000000000005054 ) ) ;
#2370 = EDGE_CURVE ( 'NONE', #2262, #966, #4972, .T. ) ;
#2371 = LINE ( 'NONE', #2507, #4404 ) ;
#2372 = ORIENTED_EDGE ( 'NONE', *, *, #419, .T. ) ;
#2373 = DIRECTION ( 'NONE',  ( 0.000000000000000000, 0.000000000000000000, -1.000000000000000000 ) ) ;
#2374 = LINE ( 'NONE', #4588, #4440 ) ;
#2375 = ORIENTED_EDGE ( 'NONE', *, *, #6128, .T. ) ;
#2376 = ORIENTED_EDGE ( 'NONE', *, *, #5381, .T. ) ;
#2377 = DIRECTION ( 'NONE',  ( -0.3015113445777614087, 0.9045340337332923308, 0.3015113445777614087 ) ) ;
#2378 = VECTOR ( 'NONE', #5812, 1000.000000000000000 ) ;
#2379 = DIRECTION ( 'NONE',  ( 0.000000000000000000, -0.000000000000000000, 1.000000000000000000 ) ) ;
#2380 = VECTOR ( 'NONE', #5752, 1000.000000000000000 ) ;
#2381 = DIRECTION ( 'NONE',  ( 0.7071067811865467956, 0.7071067811865483499, -0.000000000000000000 ) ) ;
#2382 = ORIENTED_EDGE ( 'NONE', *, *, #583, .F. ) ;
#2383 = FACE_OUTER_BOUND ( 'NONE', #5611, .T. ) ;
#2384 = SURFACE_SIDE_STYLE ('',( #5637 ) ) ;
#2385 = ORIENTED_EDGE ( 'NONE', *, *, #58, .F. ) ;
#2386 = VERTEX_POINT ( 'NONE', #5341 ) ;
#2387 = CARTESIAN_POINT ( 'NONE',  ( 0.3199999999999991185, -7.265096679918780609, -0.005000000000003001176 ) ) ;
#2388 = LINE ( 'NONE', #4522, #302 ) ;
#2389 = EDGE_CURVE ( 'NONE', #3680, #4518, #933, .T. ) ;
#2390 = LINE ( 'NONE', #5008, #4461 ) ;
#2391 = ORIENTED_EDGE ( 'NONE', *, *, #4948, .T. ) ;
#2392 = ADVANCED_FACE ( 'NONE', ( #3005 ), #5705, .T. ) ;
#2393 = DIRECTION ( 'NONE',  ( 0.000000000000000000, -0.000000000000000000, 1.000000000000000000 ) ) ;
#2394 = DIRECTION ( 'NONE',  ( -0.000000000000000000, 0.000000000000000000, 1.000000000000000000 ) ) ;
#2395 = DIRECTION ( 'NONE',  ( 1.000000000000000000, -0.000000000000000000, -0.000000000000000000 ) ) ;
#2396 = ORIENTED_EDGE ( 'NONE', *, *, #1369, .F. ) ;
#2397 = CARTESIAN_POINT ( 'NONE',  ( -6.325000000000002842, 0.6699999999999997069, 1.585000000000007736 ) ) ;
#2398 = COLOUR_RGB ( '',0.7921568627450980005, 0.8196078431372548767, 0.9333333333333333481 ) ;
#2399 = ORIENTED_EDGE ( 'NONE', *, *, #2669, .F. ) ;
#2400 = CARTESIAN_POINT ( 'NONE',  ( 4.940000000000000391, 0.6699999999999997069, -0.9549999999999974065 ) ) ;
#2401 = LINE ( 'NONE', #3158, #229 ) ;
#2402 = DIRECTION ( 'NONE',  ( 0.000000000000000000, -0.000000000000000000, -1.000000000000000000 ) ) ;
#2403 = ORIENTED_EDGE ( 'NONE', *, *, #2225, .T. ) ;
#2404 = DIRECTION ( 'NONE',  ( -4.494102269369967741E-16, 0.000000000000000000, 1.000000000000000000 ) ) ;
#2405 = DIRECTION ( 'NONE',  ( -1.000000000000000000, 0.000000000000000000, 0.000000000000000000 ) ) ;
#2406 = DIRECTION ( 'NONE',  ( 0.000000000000000000, -1.000000000000000000, 0.000000000000000000 ) ) ;
#2407 =( NAMED_UNIT ( * ) SI_UNIT ( $, .STERADIAN. ) SOLID_ANGLE_UNIT ( ) );
#2408 = CARTESIAN_POINT ( 'NONE',  ( 0.3199999999999991185, 1.269999999999999796, 1.190000000000007718 ) ) ;
#2410 = DIRECTION ( 'NONE',  ( 0.000000000000000000, 1.000000000000000000, 0.000000000000000000 ) ) ;
#2409 = VECTOR ( 'NONE', #87, 1000.000000000000000 ) ;
#2411 = DIRECTION ( 'NONE',  ( -0.7071067811865467956, -0.7071067811865483499, 0.000000000000000000 ) ) ;
#2412 = EDGE_CURVE ( 'NONE', #5027, #1130, #5141, .T. ) ;
#2413 = EDGE_CURVE ( 'NONE', #5385, #402, #5132, .T. ) ;
#2414 = LINE ( 'NONE', #2880, #4379 ) ;
#2415 = ORIENTED_EDGE ( 'NONE', *, *, #1024, .T. ) ;
#2416 = DIRECTION ( 'NONE',  ( 1.000000000000000000, 0.000000000000000000, 0.000000000000000000 ) ) ;
#2417 = LINE ( 'NONE', #6122, #283 ) ;
#2418 = ORIENTED_EDGE ( 'NONE', *, *, #2502, .F. ) ;
#2419 = CARTESIAN_POINT ( 'NONE',  ( -0.3200000000000008393, 6.899999999999995026, 0.6349999999999988987 ) ) ;
#2420 = ADVANCED_FACE ( 'NONE', ( #833 ), #917, .F. ) ;
#2421 = FACE_OUTER_BOUND ( 'NONE', #3913, .T. ) ;
#2422 = FILL_AREA_STYLE_COLOUR ( '', #122 ) ;
#2423 = PRESENTATION_LAYER_ASSIGNMENT (  '', '', ( #4352 ) ) ;
#2424 = FACE_OUTER_BOUND ( 'NONE', #1965, .T. ) ;
#2425 = CARTESIAN_POINT ( 'NONE',  ( -1.250000000000001110, 8.300000000000000711, 2.274999999999999467 ) ) ;
#2426 = AXIS2_PLACEMENT_3D ( 'NONE', #5237, #1078, #4493 ) ;
#2427 = ORIENTED_EDGE ( 'NONE', *, *, #4758, .F. ) ;
#2428 = AXIS2_PLACEMENT_3D ( 'NONE', #4058, #590, #507 ) ;
#2429 = ORIENTED_EDGE ( 'NONE', *, *, #731, .T. ) ;
#2430 = DIRECTION ( 'NONE',  ( 0.000000000000000000, 0.000000000000000000, -1.000000000000000000 ) ) ;
#2431 = VECTOR ( 'NONE', #3019, 1000.000000000000000 ) ;
#2432 = FACE_OUTER_BOUND ( 'NONE', #5745, .T. ) ;
#2433 = ORIENTED_EDGE ( 'NONE', *, *, #287, .F. ) ;
#2434 = CARTESIAN_POINT ( 'NONE',  ( -1.250000000000001110, 8.300000000000000711, 2.274999999999999467 ) ) ;
#2435 = SURFACE_SIDE_STYLE ('',( #471 ) ) ;
#2436 = ORIENTED_EDGE ( 'NONE', *, *, #1944, .T. ) ;
#2437 = MECHANICAL_DESIGN_GEOMETRIC_PRESENTATION_REPRESENTATION (  '', ( #3971 ), #5138 ) ;
#2438 = DIRECTION ( 'NONE',  ( 1.000000000000000000, -0.000000000000000000, -4.494102269369967741E-16 ) ) ;
#2439 = VECTOR ( 'NONE', #3956, 1000.000000000000000 ) ;
#2440 = DIRECTION ( 'NONE',  ( 0.000000000000000000, -1.000000000000000000, -1.807003620809173892E-16 ) ) ;
#2441 = ORIENTED_EDGE ( 'NONE', *, *, #4501, .F. ) ;
#2442 = DIRECTION ( 'NONE',  ( -1.280553747030123322E-16, 0.000000000000000000, -1.000000000000000000 ) ) ;
#2443 = EDGE_CURVE ( 'NONE', #343, #780, #5075, .T. ) ;
#2444 = CARTESIAN_POINT ( 'NONE',  ( 6.324999999999999289, 9.900000000000000355, 1.774999999999998357 ) ) ;
#2445 = CARTESIAN_POINT ( 'NONE',  ( 5.389999999999999680, 0.000000000000000000, 2.784999999999999254 ) ) ;
#2446 = CARTESIAN_POINT ( 'NONE',  ( -6.325000000000003730, 1.269999999999999796, -0.5599999999999922817 ) ) ;
#2447 = DIRECTION ( 'NONE',  ( 1.000000000000000000, -0.000000000000000000, -4.494102269369967741E-16 ) ) ;
#2448 = EDGE_CURVE ( 'NONE', #1620, #2681, #872, .T. ) ;
#2449 = DIRECTION ( 'NONE',  ( 0.000000000000000000, 1.000000000000000000, -3.236424395479117765E-16 ) ) ;
#2451 = PLANE ( 'NONE',  #3727 ) ;
#2450 = COLOUR_RGB ( '',1.000000000000000000, 0.8117647058823529438, 0.5019607843137254832 ) ;
#2452 = DIRECTION ( 'NONE',  ( 0.000000000000000000, -1.000000000000000000, 0.000000000000000000 ) ) ;
#2453 = ORIENTED_EDGE ( 'NONE', *, *, #2358, .T. ) ;
#2454 = CARTESIAN_POINT ( 'NONE',  ( 0.3199999999999991185, -2.579999999999992966, -0.005000000000003001176 ) ) ;
#2455 = PRESENTATION_STYLE_ASSIGNMENT (( #2665 ) ) ;
#2456 = EDGE_CURVE ( 'NONE', #2031, #5826, #902, .T. ) ;
#2457 = DIRECTION ( 'NONE',  ( -1.000000000000000000, -0.000000000000000000, -0.000000000000000000 ) ) ;
#2458 = DIRECTION ( 'NONE',  ( 4.494102269369967741E-16, 0.000000000000000000, -1.000000000000000000 ) ) ;
#2459 = ORIENTED_EDGE ( 'NONE', *, *, #192, .T. ) ;
#2460 = EDGE_CURVE ( 'NONE', #6088, #180, #3024, .T. ) ;
#2461 = ADVANCED_FACE ( 'NONE', ( #884 ), #4269, .F. ) ;
#2462 = VECTOR ( 'NONE', #1845, 1000.000000000000000 ) ;
#2463 = CARTESIAN_POINT ( 'NONE',  ( -1.250000000000001110, 8.300000000000000711, 2.774999999999999467 ) ) ;
#2464 = ORIENTED_EDGE ( 'NONE', *, *, #5407, .F. ) ;
#2465 = DIRECTION ( 'NONE',  ( -0.7071067811865483499, 0.7071067811865466846, 3.177810190017360389E-16 ) ) ;
#2466 = CARTESIAN_POINT ( 'NONE',  ( -1.300000000000000044, 6.899999999999999467, -2.085000000000000853 ) ) ;
#2467 = EDGE_CURVE ( 'NONE', #4057, #2208, #2901, .T. ) ;
#2468 = CARTESIAN_POINT ( 'NONE',  ( 1.250000000000001110, 1.849999999999999201, 2.774999999999998135 ) ) ;
#2469 = DIRECTION ( 'NONE',  ( 0.000000000000000000, 1.000000000000000000, -3.212450881438528789E-16 ) ) ;
#2470 = VERTEX_POINT ( 'NONE', #4711 ) ;
#2471 = CARTESIAN_POINT ( 'NONE',  ( -1.250000000000001110, 8.300000000000000711, 2.274999999999999467 ) ) ;
#2472 = CARTESIAN_POINT ( 'NONE',  ( 5.389999999999999680, 1.699999999999999956, -1.584999999999999964 ) ) ;
#2473 = EDGE_CURVE ( 'NONE', #1409, #4913, #2950, .T. ) ;
#2474 = EDGE_CURVE ( 'NONE', #1498, #1091, #845, .T. ) ;
#2475 = DIRECTION ( 'NONE',  ( 0.000000000000000000, -1.801998070613027504E-16, 1.000000000000000000 ) ) ;
#2476 = PLANE ( 'NONE',  #4978 ) ;
#2477 = DIRECTION ( 'NONE',  ( 1.000000000000000000, 0.000000000000000000, 0.000000000000000000 ) ) ;
#2478 = CARTESIAN_POINT ( 'NONE',  ( 5.389999999999999680, 0.000000000000000000, -0.9549999999999976286 ) ) ;
#2479 = EDGE_LOOP ( 'NONE', ( #2278, #4007, #853, #4239 ) ) ;
#2480 = PRODUCT_DEFINITION_SHAPE ( 'NONE', 'NONE',  #2251 ) ;
#2481 = CARTESIAN_POINT ( 'NONE',  ( 2.679999999999999272, 0.6699999999999998179, -0.5599999999999923928 ) ) ;
#2482 = DIRECTION ( 'NONE',  ( 0.000000000000000000, -2.744815626545581052E-16, 1.000000000000000000 ) ) ;
#2483 = CARTESIAN_POINT ( 'NONE',  ( 5.389999999999999680, 1.850000000000000089, 2.784999999999999254 ) ) ;
#2484 = AXIS2_PLACEMENT_3D ( 'NONE', #4708, #18, #5586 ) ;
#2485 = MECHANICAL_DESIGN_GEOMETRIC_PRESENTATION_REPRESENTATION (  '', ( #3327 ), #3707 ) ;
#2486 = FACE_OUTER_BOUND ( 'NONE', #4364, .T. ) ;
#2487 = EDGE_CURVE ( 'NONE', #2386, #2354, #2974, .T. ) ;
#2488 = CARTESIAN_POINT ( 'NONE',  ( 5.102731958762888098, -2.218556701030927059, 1.562731958762888063 ) ) ;
#2489 =( GEOMETRIC_REPRESENTATION_CONTEXT ( 3 ) GLOBAL_UNCERTAINTY_ASSIGNED_CONTEXT ( ( #1654 ) ) GLOBAL_UNIT_ASSIGNED_CONTEXT ( ( #2793, #5103, #714 ) ) REPRESENTATION_CONTEXT ( 'NONE', 'WORKASPACE' ) );
#2490 = PLANE ( 'NONE',  #4976 ) ;
#2491 = ORIENTED_EDGE ( 'NONE', *, *, #3047, .T. ) ;
#2492 = MANIFOLD_SOLID_BREP ( '3 ', #1314 ) ;
#2493 = FACE_OUTER_BOUND ( 'NONE', #2613, .T. ) ;
#2494 = ADVANCED_FACE ( 'NONE', ( #5149 ), #1218, .F. ) ;
#2495 = CARTESIAN_POINT ( 'NONE',  ( -4.924999999999999822, 9.900000000000000355, 2.213345367664709038E-15 ) ) ;
#2496 = ORIENTED_EDGE ( 'NONE', *, *, #2588, .T. ) ;
#2497 = DIRECTION ( 'NONE',  ( 0.000000000000000000, 1.000000000000000000, -3.614007241618347785E-16 ) ) ;
#2498 = CARTESIAN_POINT ( 'NONE',  ( 6.024999999999999467, -1.449999999999999956, 2.184999999999999609 ) ) ;
#2499 = PLANE ( 'NONE',  #3688 ) ;
#2500 = ADVANCED_FACE ( 'NONE', ( #892 ), #4657, .F. ) ;
#2501 = VECTOR ( 'NONE', #677, 1000.000000000000000 ) ;
#2502 = EDGE_CURVE ( 'NONE', #4197, #1340, #2922, .T. ) ;
#2503 = DIRECTION ( 'NONE',  ( 1.000000000000000000, 0.000000000000000000, -4.494102269369967741E-16 ) ) ;
#2504 = ORIENTED_EDGE ( 'NONE', *, *, #5304, .F. ) ;
#2505 = CARTESIAN_POINT ( 'NONE',  ( -0.08045454545454631956, 7.618636363636364095, 0.3954545454545445593 ) ) ;
#2506 = CARTESIAN_POINT ( 'NONE',  ( 4.939999999999999503, 1.285879139104722704E-16, -0.9549999999999975175 ) ) ;
#2507 = CARTESIAN_POINT ( 'NONE',  ( -6.325000000000003730, 1.269999999999999796, -0.5599999999999922817 ) ) ;
#2508 = PLANE ( 'NONE',  #502 ) ;
#2510 = SURFACE_STYLE_USAGE ( .BOTH. , #1486 ) ;
#2509 = VECTOR ( 'NONE', #2218, 1000.000000000000000 ) ;
#2511 = DIRECTION ( 'NONE',  ( 1.000000000000000000, 0.000000000000000000, 0.000000000000000000 ) ) ;
#2512 =( LENGTH_UNIT ( ) NAMED_UNIT ( * ) SI_UNIT ( .MILLI., .METRE. ) );
#2513 = EDGE_CURVE ( 'NONE', #5721, #2694, #3083, .T. ) ;
#2514 = VERTEX_POINT ( 'NONE', #865 ) ;
#2515 = DIRECTION ( 'NONE',  ( -0.3015113445777613532, 0.9045340337332925529, 0.3015113445777610757 ) ) ;
#2516 = ORIENTED_EDGE ( 'NONE', *, *, #77, .T. ) ;
#2517 = EDGE_CURVE ( 'NONE', #5737, #6030, #5158, .T. ) ;
#2518 = CARTESIAN_POINT ( 'NONE',  ( -2.680000000000001048, 0.000000000000000000, 2.024999999999999023 ) ) ;
#2519 = VERTEX_POINT ( 'NONE', #417 ) ;
#2520 = DIRECTION ( 'NONE',  ( -0.000000000000000000, 2.744815626545581052E-16, 1.000000000000000000 ) ) ;
#2521 = EDGE_LOOP ( 'NONE', ( #2042, #2166, #177, #2077 ) ) ;
#2522 = AXIS2_PLACEMENT_3D ( 'NONE', #5404, #3508, #279 ) ;
#2523 = CARTESIAN_POINT ( 'NONE',  ( 0.3199999999999991185, -2.579999999999992966, 0.6349999999999978995 ) ) ;
#2524 = DIRECTION ( 'NONE',  ( 0.000000000000000000, 1.000000000000000000, 0.000000000000000000 ) ) ;
#2525 = VERTEX_POINT ( 'NONE', #1266 ) ;
#2526 = CARTESIAN_POINT ( 'NONE',  ( 0.000000000000000000, 1.850000000000000089, 0.000000000000000000 ) ) ;
#2527 = FACE_OUTER_BOUND ( 'NONE', #5872, .T. ) ;
#2528 = CARTESIAN_POINT ( 'NONE',  ( -3.320000000000000728, 1.349999999999999867, -0.005000000000001448598 ) ) ;
#2529 = AXIS2_PLACEMENT_3D ( 'NONE', #1362, #1932, #5101 ) ;
#2530 = EDGE_CURVE ( 'NONE', #3735, #5701, #2931, .T. ) ;
#2531 = AXIS2_PLACEMENT_3D ( 'NONE', #4760, #3192, #2775 ) ;
#2532 = CARTESIAN_POINT ( 'NONE',  ( 2.679999999999999272, 7.500000000000001776, -0.005000000000001097317 ) ) ;
#2533 = AXIS2_PLACEMENT_3D ( 'NONE', #623, #2906, #559 ) ;
#2534 = ORIENTED_EDGE ( 'NONE', *, *, #484, .T. ) ;
#2535 = CARTESIAN_POINT ( 'NONE',  ( -3.320000000000000728, 1.269999999999999796, -0.5599999999999935030 ) ) ;
#2536 = CARTESIAN_POINT ( 'NONE',  ( 1.250000000000001110, 8.300000000000000711, 2.774999999999999467 ) ) ;
#2537 = ADVANCED_FACE ( 'NONE', ( #2963 ), #20, .F. ) ;
#2538 = PLANE ( 'NONE',  #4503 ) ;
#2539 = CARTESIAN_POINT ( 'NONE',  ( 5.389999999999999680, 1.699999999999999956, -1.584999999999999964 ) ) ;
#2540 = DIRECTION ( 'NONE',  ( 0.000000000000000000, 1.000000000000000000, -3.236424395479117765E-16 ) ) ;
#2541 = EDGE_LOOP ( 'NONE', ( #6054, #6070, #4955, #1754 ) ) ;
#2542 = EDGE_CURVE ( 'NONE', #3933, #3075, #5035, .T. ) ;
#2543 = CARTESIAN_POINT ( 'NONE',  ( -6.325000000000003730, 0.6699999999999998179, -0.5599999999999923928 ) ) ;
#2544 = MECHANICAL_DESIGN_GEOMETRIC_PRESENTATION_REPRESENTATION (  '', ( #3628 ), #2121 ) ;
#2545 = EDGE_CURVE ( 'NONE', #3154, #3656, #3190, .T. ) ;
#2546 = VECTOR ( 'NONE', #4268, 1000.000000000000000 ) ;
#2547 = CARTESIAN_POINT ( 'NONE',  ( 6.024999999999999467, -1.449999999999999956, 2.784999999999999254 ) ) ;
#2548 = PLANE ( 'NONE',  #4278 ) ;
#2549 = DIRECTION ( 'NONE',  ( 0.000000000000000000, 0.000000000000000000, 1.000000000000000000 ) ) ;
#2550 = ORIENTED_EDGE ( 'NONE', *, *, #2565, .F. ) ;
#2551 = EDGE_CURVE ( 'NONE', #5937, #3679, #1046, .T. ) ;
#2552 = LINE ( 'NONE', #2087, #2509 ) ;
#2553 = DIRECTION ( 'NONE',  ( 0.6092076990801718051, -0.5076730825668079872, -0.6092076990801722491 ) ) ;
#2554 = CARTESIAN_POINT ( 'NONE',  ( 2.679999999999999272, 6.899999999999995026, -0.005000000000001097317 ) ) ;
#2555 = ORIENTED_EDGE ( 'NONE', *, *, #2473, .F. ) ;
#2556 = DIRECTION ( 'NONE',  ( 4.494102269369967741E-16, 3.614007241618347785E-16, 1.000000000000000000 ) ) ;
#2557 = CARTESIAN_POINT ( 'NONE',  ( -6.325000000000003730, 0.6699999999999998179, -0.5599999999999923928 ) ) ;
#2558 = EDGE_CURVE ( 'NONE', #732, #2634, #3090, .T. ) ;
#2559 = FILL_AREA_STYLE ('',( #2103 ) ) ;
#2560 = LINE ( 'NONE', #446, #2546 ) ;
#2561 =( NAMED_UNIT ( * ) SI_UNIT ( $, .STERADIAN. ) SOLID_ANGLE_UNIT ( ) );
#2562 =( NAMED_UNIT ( * ) SI_UNIT ( $, .STERADIAN. ) SOLID_ANGLE_UNIT ( ) );
#2563 = EDGE_LOOP ( 'NONE', ( #1403, #2754, #2645, #627 ) ) ;
#2564 = CARTESIAN_POINT ( 'NONE',  ( 2.679999999999999272, 3.300000000000000711, 0.6349999999999988987 ) ) ;
#2565 = EDGE_CURVE ( 'NONE', #21, #5763, #5314, .T. ) ;
#2566 = DIRECTION ( 'NONE',  ( 0.000000000000000000, 2.744815626545581052E-16, -1.000000000000000000 ) ) ;
#2567 = CARTESIAN_POINT ( 'NONE',  ( -2.680000000000001048, -2.579999999999992966, 0.6349999999999978995 ) ) ;
#2568 = DIRECTION ( 'NONE',  ( -0.000000000000000000, -0.000000000000000000, -1.000000000000000000 ) ) ;
#2569 = DIRECTION ( 'NONE',  ( 0.000000000000000000, 0.000000000000000000, -1.000000000000000000 ) ) ;
#2570 = EDGE_CURVE ( 'NONE', #3432, #6117, #5242, .T. ) ;
#2571 = CARTESIAN_POINT ( 'NONE',  ( -0.3200000000000008393, 6.899999999999995026, 0.6349999999999988987 ) ) ;
#2572 = ORIENTED_EDGE ( 'NONE', *, *, #1998, .F. ) ;
#2573 = ORIENTED_EDGE ( 'NONE', *, *, #3868, .F. ) ;
#2574 = DIRECTION ( 'NONE',  ( 1.000000000000000000, 0.000000000000000000, 0.000000000000000000 ) ) ;
#2575 = DIRECTION ( 'NONE',  ( 0.000000000000000000, 1.000000000000000000, 1.801998070613027504E-16 ) ) ;
#2576 = CARTESIAN_POINT ( 'NONE',  ( -6.325000000000002842, 0.6699999999999998179, 1.190000000000007940 ) ) ;
#2577 = ORIENTED_EDGE ( 'NONE', *, *, #4053, .T. ) ;
#2578 = UNCERTAINTY_MEASURE_WITH_UNIT (LENGTH_MEASURE( 1.000000000000000082E-05 ), #3372, 'distance_accuracy_value', 'NONE');
#2579 = EDGE_CURVE ( 'NONE', #341, #5581, #1128, .T. ) ;
#2580 = DIRECTION ( 'NONE',  ( 1.000000000000000000, -0.000000000000000000, -4.494102269369967741E-16 ) ) ;
#2581 = DIRECTION ( 'NONE',  ( 0.000000000000000000, 0.000000000000000000, 1.000000000000000000 ) ) ;
#2582 = CARTESIAN_POINT ( 'NONE',  ( -3.320000000000000728, 0.6699999999999998179, 1.190000000000007940 ) ) ;
#2583 = EDGE_LOOP ( 'NONE', ( #718, #6103, #2138, #84 ) ) ;
#2584 = SURFACE_STYLE_USAGE ( .BOTH. , #5342 ) ;
#2585 = DIRECTION ( 'NONE',  ( -0.7071067811865523467, -0.000000000000000000, -0.7071067811865426878 ) ) ;
#2586 = CARTESIAN_POINT ( 'NONE',  ( -1.730000000000000870, 3.300000000000000711, -0.9550000000000011813 ) ) ;
#2587 = PRESENTATION_LAYER_ASSIGNMENT (  '', '', ( #5624 ) ) ;
#2588 = EDGE_CURVE ( 'NONE', #5774, #3419, #3270, .T. ) ;
#2589 = MECHANICAL_DESIGN_GEOMETRIC_PRESENTATION_REPRESENTATION (  '', ( #608 ), #2893 ) ;
#2590 = AXIS2_PLACEMENT_3D ( 'NONE', #4069, #3674, #335 ) ;
#2591 = DIRECTION ( 'NONE',  ( 0.000000000000000000, 0.000000000000000000, -1.000000000000000000 ) ) ;
#2592 = ADVANCED_FACE ( 'NONE', ( #3177 ), #3837, .F. ) ;
#2593 = CARTESIAN_POINT ( 'NONE',  ( -6.325000000000002842, 0.6699999999999998179, 1.190000000000007940 ) ) ;
#2594 = EDGE_LOOP ( 'NONE', ( #3744, #1953, #5775, #5975 ) ) ;
#2595 = DIRECTION ( 'NONE',  ( 0.000000000000000000, -1.000000000000000000, 0.000000000000000000 ) ) ;
#2596 = CARTESIAN_POINT ( 'NONE',  ( -4.270000000000001350, 3.300000000000000711, -0.9550000000000008482 ) ) ;
#2597 = CARTESIAN_POINT ( 'NONE',  ( 5.674999999999999822, -1.199999999999999734, 1.884999999999999343 ) ) ;
#2598 = CARTESIAN_POINT ( 'NONE',  ( 1.300000000000000044, 8.149999999999998579, -2.785000000000001030 ) ) ;
#2599 = AXIS2_PLACEMENT_3D ( 'NONE', #3448, #1023, #1520 ) ;
#2600 = EDGE_CURVE ( 'NONE', #5539, #710, #3116, .T. ) ;
#2601 = ADVANCED_FACE ( 'NONE', ( #5188 ), #2058, .T. ) ;
#2602 = ORIENTED_EDGE ( 'NONE', *, *, #419, .F. ) ;
#2603 = DIRECTION ( 'NONE',  ( 1.000000000000000000, 0.000000000000000000, -4.638298064109109804E-16 ) ) ;
#2604 = CARTESIAN_POINT ( 'NONE',  ( -6.325000000000002842, 0.6699999999999997069, 1.585000000000007736 ) ) ;
#2605 = PLANE ( 'NONE',  #3794 ) ;
#2606 = EDGE_CURVE ( 'NONE', #4984, #5918, #1219, .T. ) ;
#2607 = ORIENTED_EDGE ( 'NONE', *, *, #1049, .F. ) ;
#2608 = CARTESIAN_POINT ( 'NONE',  ( 5.390000000000000568, 0.6699999999999997069, 1.585000000000002629 ) ) ;
#2609 = CARTESIAN_POINT ( 'NONE',  ( 6.325000000000000178, 1.850000000000000089, 2.784999999999999254 ) ) ;
#2610 = DIRECTION ( 'NONE',  ( -0.000000000000000000, -1.000000000000000000, -0.000000000000000000 ) ) ;
#2611 = PLANE ( 'NONE',  #4515 ) ;
#2612 = PLANE ( 'NONE',  #3529 ) ;
#2613 = EDGE_LOOP ( 'NONE', ( #1744, #4845, #2808, #624, #16 ) ) ;
#2614 = CARTESIAN_POINT ( 'NONE',  ( 5.674999999999999822, 0.000000000000000000, 1.884999999999999343 ) ) ;
#2615 = EDGE_CURVE ( 'NONE', #1411, #966, #5350, .T. ) ;
#2616 = DIRECTION ( 'NONE',  ( 4.494102269369967741E-16, 3.236424395479117765E-16, 1.000000000000000000 ) ) ;
#2617 = CARTESIAN_POINT ( 'NONE',  ( -0.3200000000000008393, 0.6699999999999997069, -0.9549999999999950751 ) ) ;
#2618 = EDGE_CURVE ( 'NONE', #5554, #3530, #3105, .T. ) ;
#2619 = SURFACE_STYLE_USAGE ( .BOTH. , #1626 ) ;
#2620 = ORIENTED_EDGE ( 'NONE', *, *, #6118, .F. ) ;
#2621 = CARTESIAN_POINT ( 'NONE',  ( -2.250000000000001332, 8.300000000000000711, 2.274999999999999467 ) ) ;
#2622 = CARTESIAN_POINT ( 'NONE',  ( -6.325000000000003730, 1.269999999999999796, -0.5599999999999922817 ) ) ;
#2623 = DIRECTION ( 'NONE',  ( 0.000000000000000000, -0.7071067811865477948, -0.7071067811865473507 ) ) ;
#2624 = ADVANCED_FACE ( 'NONE', ( #5259 ), #4814, .F. ) ;
#2625 = DIRECTION ( 'NONE',  ( -1.000000000000000000, 0.000000000000000000, 4.494102269369967741E-16 ) ) ;
#2626 = EDGE_LOOP ( 'NONE', ( #4947, #3363, #5457, #4081 ) ) ;
#2627 = DIRECTION ( 'NONE',  ( 1.000000000000000000, 0.000000000000000000, 0.000000000000000000 ) ) ;
#2628 = EDGE_CURVE ( 'NONE', #1188, #5183, #1055, .T. ) ;
#2629 = CARTESIAN_POINT ( 'NONE',  ( -1.730000000000000870, 3.300000000000000711, 1.584999999999998632 ) ) ;
#2630 = EDGE_CURVE ( 'NONE', #5419, #1679, #5249, .T. ) ;
#2631 = CARTESIAN_POINT ( 'NONE',  ( -5.975000000000003197, -1.449999999999999956, 2.185000000000002718 ) ) ;
#2632 = CARTESIAN_POINT ( 'NONE',  ( -2.680000000000001048, 1.349999999999999645, 0.6349999999999985656 ) ) ;
#2633 = ADVANCED_FACE ( 'NONE', ( #5272 ), #2794, .T. ) ;
#2634 = VERTEX_POINT ( 'NONE', #3882 ) ;
#2635 = ORIENTED_EDGE ( 'NONE', *, *, #4076, .F. ) ;
#2636 = CARTESIAN_POINT ( 'NONE',  ( -6.324999999999998401, 1.850000000000000089, 2.785000000000001030 ) ) ;
#2637 = CARTESIAN_POINT ( 'NONE',  ( -0.3200000000000008393, 0.6699999999999997069, 1.585000000000007292 ) ) ;
#2638 = AXIS2_PLACEMENT_3D ( 'NONE', #52, #5134, #1925 ) ;
#2639 = DIRECTION ( 'NONE',  ( 4.494102269369967741E-16, -0.000000000000000000, -1.000000000000000000 ) ) ;
#2640 = EDGE_LOOP ( 'NONE', ( #1803, #4411, #1622, #5666 ) ) ;
#2641 = CARTESIAN_POINT ( 'NONE',  ( 0.000000000000000000, 0.000000000000000000, 0.000000000000000000 ) ) ;
#2642 = DIRECTION ( 'NONE',  ( 0.000000000000000000, -0.000000000000000000, 1.000000000000000000 ) ) ;
#2643 = AXIS2_PLACEMENT_3D ( 'NONE', #3215, #6134, #416 ) ;
#2644 = CARTESIAN_POINT ( 'NONE',  ( 0.000000000000000000, -3.180000000000000160, 0.1949999999999981470 ) ) ;
#2645 = ORIENTED_EDGE ( 'NONE', *, *, #5970, .T. ) ;
#2646 = CARTESIAN_POINT ( 'NONE',  ( -3.320000000000000728, 3.300000000000000711, -0.005000000000001097317 ) ) ;
#2647 = CARTESIAN_POINT ( 'NONE',  ( -3.320000000000000728, 6.899999999999995026, 0.6349999999999988987 ) ) ;
#2648 = DIRECTION ( 'NONE',  ( -0.000000000000000000, -1.000000000000000000, -0.000000000000000000 ) ) ;
#2649 = EDGE_LOOP ( 'NONE', ( #5305, #5312, #743, #1246, #5164 ) ) ;
#2650 = DIRECTION ( 'NONE',  ( 1.000000000000000000, 0.000000000000000000, 0.000000000000000000 ) ) ;
#2651 = VERTEX_POINT ( 'NONE', #508 ) ;
#2652 = CARTESIAN_POINT ( 'NONE',  ( -6.325000000000002842, 0.6699999999999997069, 1.585000000000007736 ) ) ;
#2653 = AXIS2_PLACEMENT_3D ( 'NONE', #244, #3989, #3004 ) ;
#2654 = SURFACE_STYLE_USAGE ( .BOTH. , #2118 ) ;
#2655 = ADVANCED_FACE ( 'NONE', ( #5287 ), #4390, .F. ) ;
#2656 = DIRECTION ( 'NONE',  ( 0.7071067811865513475, -0.000000000000000000, 0.7071067811865436870 ) ) ;
#2657 = CARTESIAN_POINT ( 'NONE',  ( -6.325000000000002842, 0.6699999999999997069, 1.585000000000007736 ) ) ;
#2658 = VERTEX_POINT ( 'NONE', #3972 ) ;
#2659 = EDGE_CURVE ( 'NONE', #4913, #3407, #3198, .T. ) ;
#2660 = ORIENTED_EDGE ( 'NONE', *, *, #2155, .T. ) ;
#2661 = EDGE_CURVE ( 'NONE', #3667, #5419, #1100, .T. ) ;
#2662 = DIRECTION ( 'NONE',  ( -0.9486832980505146562, -0.3162277660168354432, -0.000000000000000000 ) ) ;
#2663 = ADVANCED_FACE ( 'NONE', ( #1136 ), #3504, .F. ) ;
#2664 = CARTESIAN_POINT ( 'NONE',  ( 3.319999999999998952, 3.300000000000000711, 0.6349999999999988987 ) ) ;
#2665 = SURFACE_STYLE_USAGE ( .BOTH. , #2435 ) ;
#2666 = ORIENTED_EDGE ( 'NONE', *, *, #337, .F. ) ;
#2667 = ORIENTED_EDGE ( 'NONE', *, *, #234, .F. ) ;
#2668 = FILL_AREA_STYLE ('',( #5068 ) ) ;
#2669 = EDGE_CURVE ( 'NONE', #410, #1153, #1256, .T. ) ;
#2670 = CARTESIAN_POINT ( 'NONE',  ( -6.325000000000002842, 0.6699999999999998179, 1.190000000000007940 ) ) ;
#2671 = DIRECTION ( 'NONE',  ( 0.000000000000000000, 0.000000000000000000, -1.000000000000000000 ) ) ;
#2672 = ADVANCED_FACE ( 'NONE', ( #5217 ), #4546, .T. ) ;
#2673 = VERTEX_POINT ( 'NONE', #2703 ) ;
#2674 = CARTESIAN_POINT ( 'NONE',  ( 4.269999999999999574, 3.300000000000000711, 1.584999999999998632 ) ) ;
#2675 = DIRECTION ( 'NONE',  ( 0.9486832980505146562, -0.3162277660168354432, 0.000000000000000000 ) ) ;
#2676 = VERTEX_POINT ( 'NONE', #802 ) ;
#2677 = DIRECTION ( 'NONE',  ( 0.000000000000000000, 0.000000000000000000, 1.000000000000000000 ) ) ;
#2678 = PLANE ( 'NONE',  #2689 ) ;
#2679 = DIRECTION ( 'NONE',  ( 0.000000000000000000, -1.000000000000000000, 0.000000000000000000 ) ) ;
#2680 = DIRECTION ( 'NONE',  ( -0.000000000000000000, -0.000000000000000000, 1.000000000000000000 ) ) ;
#2681 = VERTEX_POINT ( 'NONE', #3606 ) ;
#2682 = EDGE_CURVE ( 'NONE', #3694, #2738, #5361, .T. ) ;
#2683 = ORIENTED_EDGE ( 'NONE', *, *, #4986, .F. ) ;
#2684 =( NAMED_UNIT ( * ) SI_UNIT ( $, .STERADIAN. ) SOLID_ANGLE_UNIT ( ) );
#2685 = ORIENTED_EDGE ( 'NONE', *, *, #5854, .T. ) ;
#2686 = FILL_AREA_STYLE ('',( #6085 ) ) ;
#2687 = VERTEX_POINT ( 'NONE', #1816 ) ;
#2688 = EDGE_CURVE ( 'NONE', #5183, #3075, #1229, .T. ) ;
#2689 = AXIS2_PLACEMENT_3D ( 'NONE', #3663, #4155, #6113 ) ;
#2690 = CARTESIAN_POINT ( 'NONE',  ( 2.679999999999999272, 1.269999999999999796, -0.5599999999999962785 ) ) ;
#2691 = DIRECTION ( 'NONE',  ( 1.000000000000000000, -0.000000000000000000, -4.494102269369967741E-16 ) ) ;
#2692 = CARTESIAN_POINT ( 'NONE',  ( 2.679999999999999272, -2.579999999999992966, -0.005000000000002157233 ) ) ;
#2693 = ORIENTED_EDGE ( 'NONE', *, *, #2723, .T. ) ;
#2694 = VERTEX_POINT ( 'NONE', #1716 ) ;
#2695 = EDGE_CURVE ( 'NONE', #4016, #1215, #3313, .T. ) ;
#2696 = ADVANCED_FACE ( 'NONE', ( #5386 ), #2275, .F. ) ;
#2697 = PRESENTATION_LAYER_ASSIGNMENT (  '', '', ( #327 ) ) ;
#2698 = CARTESIAN_POINT ( 'NONE',  ( -0.3200000000000008393, 0.6699999999999998179, -0.5599999999999930589 ) ) ;
#2699 = EDGE_CURVE ( 'NONE', #3236, #5308, #5436, .T. ) ;
#2700 = CARTESIAN_POINT ( 'NONE',  ( -5.674999999999999822, 0.000000000000000000, 2.784999999999999254 ) ) ;
#2701 = ORIENTED_EDGE ( 'NONE', *, *, #639, .T. ) ;
#2702 = FILL_AREA_STYLE_COLOUR ( '', #4052 ) ;
#2703 = CARTESIAN_POINT ( 'NONE',  ( -0.3200000000000008948, 0.000000000000000000, 2.024999999999999023 ) ) ;
#2704 = LINE ( 'NONE', #5649, #720 ) ;
#2705 = ORIENTED_EDGE ( 'NONE', *, *, #2174, .T. ) ;
#2706 = CARTESIAN_POINT ( 'NONE',  ( 2.679999999999999272, 3.300000000000000711, -0.005000000000001097317 ) ) ;
#2707 = CARTESIAN_POINT ( 'NONE',  ( -4.939999999999999503, -1.081363123647112731E-15, -1.584999999999999964 ) ) ;
#2708 = ADVANCED_FACE ( 'NONE', ( #5495 ), #1141, .F. ) ;
#2709 = ORIENTED_EDGE ( 'NONE', *, *, #2389, .F. ) ;
#2710 = VECTOR ( 'NONE', #2838, 1000.000000000000000 ) ;
#2711 = ORIENTED_EDGE ( 'NONE', *, *, #5986, .F. ) ;
#2712 = DIRECTION ( 'NONE',  ( 1.000000000000000000, -0.000000000000000000, -4.494102269369967741E-16 ) ) ;
#2713 = DIRECTION ( 'NONE',  ( -0.000000000000000000, 1.000000000000000000, -0.000000000000000000 ) ) ;
#2714 = DIRECTION ( 'NONE',  ( 0.000000000000000000, 0.000000000000000000, -1.000000000000000000 ) ) ;
#2715 = EDGE_CURVE ( 'NONE', #4197, #541, #1466, .T. ) ;
#2716 = EDGE_CURVE ( 'NONE', #1043, #3593, #3455, .T. ) ;
#2717 = ORIENTED_EDGE ( 'NONE', *, *, #3360, .T. ) ;
#2718 = PRODUCT_DEFINITION_CONTEXT ( 'detailed design', #815, 'design' ) ;
#2719 = DIRECTION ( 'NONE',  ( 0.000000000000000000, -1.000000000000000000, -1.618212197739558882E-16 ) ) ;
#2720 = LINE ( 'NONE', #422, #656 ) ;
#2721 = EDGE_LOOP ( 'NONE', ( #1187, #4027, #1206, #3336 ) ) ;
#2722 = PLANE ( 'NONE',  #2529 ) ;
#2723 = EDGE_CURVE ( 'NONE', #3947, #1670, #3483, .T. ) ;
#2724 = DIRECTION ( 'NONE',  ( -0.000000000000000000, -1.000000000000000000, -0.000000000000000000 ) ) ;
#2725 = ORIENTED_EDGE ( 'NONE', *, *, #4211, .F. ) ;
#2726 = FACE_OUTER_BOUND ( 'NONE', #2972, .T. ) ;
#2727 = ORIENTED_EDGE ( 'NONE', *, *, #1342, .T. ) ;
#2728 = EDGE_CURVE ( 'NONE', #2796, #5834, #1352, .T. ) ;
#2729 =( NAMED_UNIT ( * ) PLANE_ANGLE_UNIT ( ) SI_UNIT ( $, .RADIAN. ) );
#2730 = ADVANCED_FACE ( 'NONE', ( #1398 ), #5606, .F. ) ;
#2731 = DIRECTION ( 'NONE',  ( 1.000000000000000000, -0.000000000000000000, -1.707404996040164018E-16 ) ) ;
#2732 = FILL_AREA_STYLE ('',( #2362 ) ) ;
#2733 = DIRECTION ( 'NONE',  ( -0.000000000000000000, -1.000000000000000000, -0.000000000000000000 ) ) ;
#2734 = CARTESIAN_POINT ( 'NONE',  ( 3.319999999999998508, 0.6699999999999998179, 1.190000000000003499 ) ) ;
#2735 = ORIENTED_EDGE ( 'NONE', *, *, #773, .F. ) ;
#2736 = SURFACE_STYLE_USAGE ( .BOTH. , #4285 ) ;
#2737 = LINE ( 'NONE', #2582, #5054 ) ;
#2738 = VERTEX_POINT ( 'NONE', #2150 ) ;
#2739 = SURFACE_SIDE_STYLE ('',( #4251 ) ) ;
#2740 = DIRECTION ( 'NONE',  ( 0.000000000000000000, -2.744815626545581052E-16, -1.000000000000000000 ) ) ;
#2741 = MECHANICAL_DESIGN_GEOMETRIC_PRESENTATION_REPRESENTATION (  '', ( #4552 ), #2008 ) ;
#2742 = ORIENTED_EDGE ( 'NONE', *, *, #393, .T. ) ;
#2743 = LINE ( 'NONE', #201, #4820 ) ;
#2744 = VERTEX_POINT ( 'NONE', #320 ) ;
#2745 = CARTESIAN_POINT ( 'NONE',  ( -6.325000000000003730, 0.6699999999999997069, -0.9549999999999922995 ) ) ;
#2746 = DIRECTION ( 'NONE',  ( 0.000000000000000000, 0.7071067811865477948, 0.7071067811865473507 ) ) ;
#2747 = AXIS2_PLACEMENT_3D ( 'NONE', #4344, #2394, #5171 ) ;
#2748 = EDGE_CURVE ( 'NONE', #4061, #3921, #5402, .T. ) ;
#2749 = AXIS2_PLACEMENT_3D ( 'NONE', #1787, #377, #4620 ) ;
#2750 = ADVANCED_FACE ( 'NONE', ( #1293 ), #2451, .F. ) ;
#2751 = ORIENTED_EDGE ( 'NONE', *, *, #2942, .F. ) ;
#2752 = AXIS2_PLACEMENT_3D ( 'NONE', #4745, #4683, #385 ) ;
#2753 = FACE_OUTER_BOUND ( 'NONE', #5791, .T. ) ;
#2754 = ORIENTED_EDGE ( 'NONE', *, *, #5683, .T. ) ;
#2755 = PLANE ( 'NONE',  #2643 ) ;
#2756 = DIRECTION ( 'NONE',  ( 1.000000000000000000, 0.000000000000000000, -4.494102269369967741E-16 ) ) ;
#2757 = ORIENTED_EDGE ( 'NONE', *, *, #829, .T. ) ;
#2758 = VERTEX_POINT ( 'NONE', #3850 ) ;
#2759 = EDGE_CURVE ( 'NONE', #1234, #1926, #3341, .T. ) ;
#2760 = MECHANICAL_DESIGN_GEOMETRIC_PRESENTATION_REPRESENTATION (  '', ( #1095 ), #561 ) ;
#2761 = CARTESIAN_POINT ( 'NONE',  ( -6.325000000000002842, -3.252606517456513302E-16, 1.585000000000007958 ) ) ;
#2762 = EDGE_CURVE ( 'NONE', #6080, #2843, #3524, .T. ) ;
#2763 = CARTESIAN_POINT ( 'NONE',  ( -2.880000000000001670, 7.500000000000001776, 0.000000000000000000 ) ) ;
#2764 =( LENGTH_UNIT ( ) NAMED_UNIT ( * ) SI_UNIT ( .MILLI., .METRE. ) );
#2765 = CARTESIAN_POINT ( 'NONE',  ( -5.975000000000003197, -1.449999999999999956, 0.000000000000000000 ) ) ;
#2766 =( NAMED_UNIT ( * ) PLANE_ANGLE_UNIT ( ) SI_UNIT ( $, .RADIAN. ) );
#2767 = ORIENTED_EDGE ( 'NONE', *, *, #2037, .T. ) ;
#2768 = DIRECTION ( 'NONE',  ( 0.000000000000000000, 0.000000000000000000, 1.000000000000000000 ) ) ;
#2769 = CARTESIAN_POINT ( 'NONE',  ( 4.924999999999999822, 9.900000000000000355, -0.9550000000000011813 ) ) ;
#2770 = LINE ( 'NONE', #405, #692 ) ;
#2771 = ORIENTED_EDGE ( 'NONE', *, *, #5945, .F. ) ;
#2772 = ORIENTED_EDGE ( 'NONE', *, *, #5235, .F. ) ;
#2773 = CARTESIAN_POINT ( 'NONE',  ( -1.730000000000000870, 3.300000000000000711, 1.584999999999998632 ) ) ;
#2774 = EDGE_CURVE ( 'NONE', #5032, #5521, #1365, .T. ) ;
#2775 = DIRECTION ( 'NONE',  ( 0.000000000000000000, 0.000000000000000000, 1.000000000000000000 ) ) ;
#2776 = DIRECTION ( 'NONE',  ( -1.000000000000000000, 0.000000000000000000, 0.000000000000000000 ) ) ;
#2777 = ORIENTED_EDGE ( 'NONE', *, *, #969, .T. ) ;
#2778 = LINE ( 'NONE', #1728, #4917 ) ;
#2779 = ORIENTED_EDGE ( 'NONE', *, *, #4686, .F. ) ;
#2780 = EDGE_CURVE ( 'NONE', #4485, #3914, #1521, .T. ) ;
#2781 = ORIENTED_EDGE ( 'NONE', *, *, #4762, .T. ) ;
#2782 = DIRECTION ( 'NONE',  ( -0.6092076990801712499, -0.5076730825668098745, -0.6092076990801712499 ) ) ;
#2783 = CARTESIAN_POINT ( 'NONE',  ( -4.924999999999999822, 9.900000000000000355, -1.584999999999999964 ) ) ;
#2784 = DIRECTION ( 'NONE',  ( -1.000000000000000000, 0.000000000000000000, -0.000000000000000000 ) ) ;
#2785 = EDGE_LOOP ( 'NONE', ( #1693, #2835, #3812, #5859 ) ) ;
#2786 = CARTESIAN_POINT ( 'NONE',  ( -0.3200000000000008948, 1.350000000000000089, -1.585000000000000409 ) ) ;
#2787 = LINE ( 'NONE', #486, #4864 ) ;
#2788 = ORIENTED_EDGE ( 'NONE', *, *, #658, .F. ) ;
#2789 = EDGE_LOOP ( 'NONE', ( #752, #4098, #3981, #4034 ) ) ;
#2790 = CARTESIAN_POINT ( 'NONE',  ( 2.679999999999999272, -1.318004915248544257E-16, 1.585000000000003961 ) ) ;
#2791 = CARTESIAN_POINT ( 'NONE',  ( 5.389999999999999680, 0.000000000000000000, 1.585000000000003073 ) ) ;
#2792 = CARTESIAN_POINT ( 'NONE',  ( -2.680000000000001048, 0.6699999999999998179, -0.5599999999999923928 ) ) ;
#2793 =( LENGTH_UNIT ( ) NAMED_UNIT ( * ) SI_UNIT ( .MILLI., .METRE. ) );
#2794 = PLANE ( 'NONE',  #5741 ) ;
#2795 = ADVANCED_FACE ( 'NONE', ( #1304 ), #3322, .F. ) ;
#2796 = VERTEX_POINT ( 'NONE', #2845 ) ;
#2797 = VECTOR ( 'NONE', #3112, 1000.000000000000000 ) ;
#2798 = ORIENTED_EDGE ( 'NONE', *, *, #2600, .T. ) ;
#2799 = VERTEX_POINT ( 'NONE', #1905 ) ;
#2800 = CARTESIAN_POINT ( 'NONE',  ( 0.000000000000000000, 9.900000000000000355, 0.000000000000000000 ) ) ;
#2801 = PLANE ( 'NONE',  #5904 ) ;
#2802 = CARTESIAN_POINT ( 'NONE',  ( -2.680000000000001048, -1.318004915248537601E-16, 1.585000000000006182 ) ) ;
#2803 = PLANE ( 'NONE',  #1691 ) ;
#2804 = ORIENTED_EDGE ( 'NONE', *, *, #2669, .T. ) ;
#2805 = DIRECTION ( 'NONE',  ( -1.000000000000000000, -0.000000000000000000, -0.000000000000000000 ) ) ;
#2806 = DIRECTION ( 'NONE',  ( 0.000000000000000000, 0.000000000000000000, -1.000000000000000000 ) ) ;
#2807 = VECTOR ( 'NONE', #774, 1000.000000000000000 ) ;
#2808 = ORIENTED_EDGE ( 'NONE', *, *, #2661, .T. ) ;
#2809 = ORIENTED_EDGE ( 'NONE', *, *, #765, .F. ) ;
#2810 = EDGE_CURVE ( 'NONE', #1600, #21, #3471, .T. ) ;
#2811 = UNCERTAINTY_MEASURE_WITH_UNIT (LENGTH_MEASURE( 1.000000000000000082E-05 ), #2955, 'distance_accuracy_value', 'NONE');
#2812 = CARTESIAN_POINT ( 'NONE',  ( -5.389999999999997904, 0.000000000000000000, 2.785000000000000586 ) ) ;
#2813 = VERTEX_POINT ( 'NONE', #3229 ) ;
#2814 = VECTOR ( 'NONE', #871, 1000.000000000000000 ) ;
#2815 = ORIENTED_EDGE ( 'NONE', *, *, #5118, .T. ) ;
#2816 = LINE ( 'NONE', #2419, #905 ) ;
#2817 = CARTESIAN_POINT ( 'NONE',  ( -1.270000000000001128, 9.900000000000000355, 1.584999999999999076 ) ) ;
#2818 = AXIS2_PLACEMENT_3D ( 'NONE', #6192, #1327, #2768 ) ;
#2819 = DIRECTION ( 'NONE',  ( 1.000000000000000000, 0.000000000000000000, -4.494102269369967741E-16 ) ) ;
#2820 = AXIS2_PLACEMENT_3D ( 'NONE', #4663, #4915, #6005 ) ;
#2821 = AXIS2_PLACEMENT_3D ( 'NONE', #979, #2826, #4773 ) ;
#2822 = EDGE_LOOP ( 'NONE', ( #4808, #4316, #2141, #2742 ) ) ;
#2823 = LINE ( 'NONE', #5507, #702 ) ;
#2824 = ORIENTED_EDGE ( 'NONE', *, *, #2927, .T. ) ;
#2825 = VECTOR ( 'NONE', #1064, 1000.000000000000000 ) ;
#2826 = DIRECTION ( 'NONE',  ( 1.000000000000000000, 0.000000000000000000, -1.984809469081015648E-16 ) ) ;
#2827 = CARTESIAN_POINT ( 'NONE',  ( 0.3199999999999991185, 6.899999999999995026, 0.6349999999999988987 ) ) ;
#2828 = PLANE ( 'NONE',  #607 ) ;
#2829 = CARTESIAN_POINT ( 'NONE',  ( -2.680000000000001048, 1.350000000000000089, -1.585000000000000409 ) ) ;
#2830 = AXIS2_PLACEMENT_3D ( 'NONE', #5659, #2410, #1379 ) ;
#2831 = CARTESIAN_POINT ( 'NONE',  ( -3.619999999999993001, 3.300000000000000711, 1.584999999999998854 ) ) ;
#2832 = EDGE_CURVE ( 'NONE', #1700, #2658, #5567, .T. ) ;
#2833 = ORIENTED_EDGE ( 'NONE', *, *, #1359, .F. ) ;
#2834 = ADVANCED_FACE ( 'NONE', ( #3548 ), #1950, .F. ) ;
#2835 = ORIENTED_EDGE ( 'NONE', *, *, #362, .T. ) ;
#2836 = VERTEX_POINT ( 'NONE', #5845 ) ;
#2837 = CARTESIAN_POINT ( 'NONE',  ( 2.679999999999999272, 1.349999999999999423, 2.024999999999999023 ) ) ;
#2838 = DIRECTION ( 'NONE',  ( 1.000000000000000000, -0.000000000000000000, -4.494102269369967741E-16 ) ) ;
#2839 = EDGE_CURVE ( 'NONE', #780, #129, #1508, .T. ) ;
#2840 = CARTESIAN_POINT ( 'NONE',  ( -6.325000000000001066, 0.000000000000000000, -1.584999999999999964 ) ) ;
#2841 = DIRECTION ( 'NONE',  ( -1.000000000000000000, 0.000000000000000000, -0.000000000000000000 ) ) ;
#2842 = ADVANCED_FACE ( 'NONE', ( #3496 ), #4407, .F. ) ;
#2843 = VERTEX_POINT ( 'NONE', #5757 ) ;
#2844 = CARTESIAN_POINT ( 'NONE',  ( 3.319999999999998952, 6.899999999999995026, 0.6349999999999988987 ) ) ;
#2845 = CARTESIAN_POINT ( 'NONE',  ( -2.680000000000001048, 6.899999999999995026, 0.6349999999999988987 ) ) ;
#2846 = FACE_OUTER_BOUND ( 'NONE', #5334, .T. ) ;
#2847 = ORIENTED_EDGE ( 'NONE', *, *, #1442, .F. ) ;
#2848 = CLOSED_SHELL ( 'NONE', ( #5820, #4142, #5574, #3017, #2663, #5558, #5286, #5486, #1109, #4731 ) ) ;
#2849 = CARTESIAN_POINT ( 'NONE',  ( 0.000000000000000000, -1.449999999999999956, 0.000000000000000000 ) ) ;
#2850 = EDGE_CURVE ( 'NONE', #5027, #5931, #5580, .T. ) ;
#2851 = CARTESIAN_POINT ( 'NONE',  ( -5.364999999999991331, 1.849999999999999201, 2.274999999999999023 ) ) ;
#2852 = ORIENTED_EDGE ( 'NONE', *, *, #4426, .F. ) ;
#2853 = EDGE_CURVE ( 'NONE', #2744, #4174, #5594, .T. ) ;
#2854 = FACE_OUTER_BOUND ( 'NONE', #1871, .T. ) ;
#2855 = ORIENTED_EDGE ( 'NONE', *, *, #3984, .F. ) ;
#2856 = ORIENTED_EDGE ( 'NONE', *, *, #2688, .F. ) ;
#2857 = EDGE_CURVE ( 'NONE', #4518, #4061, #5618, .T. ) ;
#2858 = CARTESIAN_POINT ( 'NONE',  ( -5.674999999999999822, -1.199999999999997957, 2.784999999999999254 ) ) ;
#2859 = EDGE_CURVE ( 'NONE', #1850, #2078, #1337, .T. ) ;
#2860 = ORIENTED_EDGE ( 'NONE', *, *, #5765, .F. ) ;
#2861 = SURFACE_STYLE_FILL_AREA ( #2360 ) ;
#2862 = ORIENTED_EDGE ( 'NONE', *, *, #551, .F. ) ;
#2863 = FACE_OUTER_BOUND ( 'NONE', #3057, .T. ) ;
#2864 = DIRECTION ( 'NONE',  ( 0.000000000000000000, -0.000000000000000000, 1.000000000000000000 ) ) ;
#2865 = CARTESIAN_POINT ( 'NONE',  ( 6.000000000000000000, 1.349999999999999867, 4.573977915173221831E-16 ) ) ;
#2866 = CARTESIAN_POINT ( 'NONE',  ( 0.3199999999999991740, 0.000000000000000000, 2.024999999999999023 ) ) ;
#2867 = CARTESIAN_POINT ( 'NONE',  ( -1.300000000000000044, 9.350000000000001421, -1.585000000000000187 ) ) ;
#2868 = DIRECTION ( 'NONE',  ( 1.000000000000000000, 0.000000000000000000, 0.000000000000000000 ) ) ;
#2869 = ADVANCED_FACE ( 'NONE', ( #5631 ), #5364, .F. ) ;
#2870 = DIRECTION ( 'NONE',  ( 0.000000000000000000, 1.000000000000000000, 0.000000000000000000 ) ) ;
#2871 = ORIENTED_EDGE ( 'NONE', *, *, #2716, .T. ) ;
#2872 = MANIFOLD_SOLID_BREP ( 'LPattern3[2]', #3015 ) ;
#2873 = LINE ( 'NONE', #3891, #2883 ) ;
#2874 = ORIENTED_EDGE ( 'NONE', *, *, #287, .T. ) ;
#2875 = VERTEX_POINT ( 'NONE', #5942 ) ;
#2876 = DIRECTION ( 'NONE',  ( 0.000000000000000000, -0.000000000000000000, 1.000000000000000000 ) ) ;
#2877 = CARTESIAN_POINT ( 'NONE',  ( 0.000000000000000000, 0.000000000000000000, 0.000000000000000000 ) ) ;
#2878 = EDGE_CURVE ( 'NONE', #5355, #541, #3676, .T. ) ;
#2879 = EDGE_CURVE ( 'NONE', #3378, #3566, #3721, .T. ) ;
#2880 = CARTESIAN_POINT ( 'NONE',  ( 4.269999999999999574, 9.900000000000000355, -0.9550000000000011813 ) ) ;
#2881 = ORIENTED_EDGE ( 'NONE', *, *, #3047, .F. ) ;
#2882 = DIRECTION ( 'NONE',  ( 0.000000000000000000, 0.3162277660168349991, -0.9486832980505148782 ) ) ;
#2883 = VECTOR ( 'NONE', #4398, 1000.000000000000000 ) ;
#2884 = ORIENTED_EDGE ( 'NONE', *, *, #4805, .T. ) ;
#2885 = ORIENTED_EDGE ( 'NONE', *, *, #2542, .F. ) ;
#2886 = CARTESIAN_POINT ( 'NONE',  ( 5.499240397477539233, 9.325759602522458280, 2.205083126313776454 ) ) ;
#2887 = FILL_AREA_STYLE ('',( #126 ) ) ;
#2888 = CARTESIAN_POINT ( 'NONE',  ( -0.3200000000000008393, 0.6699999999999997069, 1.585000000000005294 ) ) ;
#2889 = DIRECTION ( 'NONE',  ( 1.000000000000000000, 0.000000000000000000, -4.494102269369967741E-16 ) ) ;
#2890 =( GEOMETRIC_REPRESENTATION_CONTEXT ( 3 ) GLOBAL_UNCERTAINTY_ASSIGNED_CONTEXT ( ( #5612 ) ) GLOBAL_UNIT_ASSIGNED_CONTEXT ( ( #4210, #2290, #2684 ) ) REPRESENTATION_CONTEXT ( 'NONE', 'WORKASPACE' ) );
#2891 = ADVANCED_FACE ( 'NONE', ( #5789 ), #5459, .F. ) ;
#2892 = EDGE_LOOP ( 'NONE', ( #10, #4048, #2577, #4165 ) ) ;
#2893 =( GEOMETRIC_REPRESENTATION_CONTEXT ( 3 ) GLOBAL_UNCERTAINTY_ASSIGNED_CONTEXT ( ( #4227 ) ) GLOBAL_UNIT_ASSIGNED_CONTEXT ( ( #1335, #1910, #464 ) ) REPRESENTATION_CONTEXT ( 'NONE', 'WORKASPACE' ) );
#2894 = VECTOR ( 'NONE', #4235, 1000.000000000000000 ) ;
#2895 = ORIENTED_EDGE ( 'NONE', *, *, #4377, .F. ) ;
#2896 = VERTEX_POINT ( 'NONE', #1074 ) ;
#2897 =( GEOMETRIC_REPRESENTATION_CONTEXT ( 3 ) GLOBAL_UNCERTAINTY_ASSIGNED_CONTEXT ( ( #5168 ) ) GLOBAL_UNIT_ASSIGNED_CONTEXT ( ( #3909, #2002, #5719 ) ) REPRESENTATION_CONTEXT ( 'NONE', 'WORKASPACE' ) );
#2898 = DIRECTION ( 'NONE',  ( 1.000000000000000000, 0.000000000000000000, -4.494102269369967741E-16 ) ) ;
#2899 = CARTESIAN_POINT ( 'NONE',  ( 1.269999999999999130, 9.900000000000000355, -0.9550000000000011813 ) ) ;
#2900 = ORIENTED_EDGE ( 'NONE', *, *, #4279, .F. ) ;
#2901 = LINE ( 'NONE', #3785, #5095 ) ;
#2902 = VERTEX_POINT ( 'NONE', #1113 ) ;
#2903 = EDGE_LOOP ( 'NONE', ( #4586, #4429, #140, #831 ) ) ;
#2904 = DIRECTION ( 'NONE',  ( 0.000000000000000000, -1.000000000000000000, -2.017120320903263949E-16 ) ) ;
#2905 = CARTESIAN_POINT ( 'NONE',  ( -2.680000000000001048, 6.899999999999995026, 0.6349999999999988987 ) ) ;
#2906 = DIRECTION ( 'NONE',  ( 0.000000000000000000, 0.3162277660168349991, -0.9486832980505148782 ) ) ;
#2907 = CARTESIAN_POINT ( 'NONE',  ( 4.269999999999999574, 3.300000000000000711, 1.584999999999998632 ) ) ;
#2908 = ORIENTED_EDGE ( 'NONE', *, *, #4812, .T. ) ;
#2909 = VECTOR ( 'NONE', #5639, 1000.000000000000000 ) ;
#2910 = ORIENTED_EDGE ( 'NONE', *, *, #2728, .T. ) ;
#2911 = EDGE_CURVE ( 'NONE', #3419, #528, #5868, .T. ) ;
#2912 = VECTOR ( 'NONE', #565, 1000.000000000000000 ) ;
#2913 = DIRECTION ( 'NONE',  ( 4.494102269369967741E-16, 3.236424395479117765E-16, 1.000000000000000000 ) ) ;
#2914 = DIRECTION ( 'NONE',  ( 1.000000000000000000, -0.000000000000000000, -4.494102269369967741E-16 ) ) ;
#2915 = CARTESIAN_POINT ( 'NONE',  ( -3.320000000000000728, 3.300000000000000711, 0.6349999999999988987 ) ) ;
#2916 = VECTOR ( 'NONE', #5213, 1000.000000000000227 ) ;
#2917 = DIRECTION ( 'NONE',  ( 0.000000000000000000, 1.000000000000000000, -0.000000000000000000 ) ) ;
#2918 = ORIENTED_EDGE ( 'NONE', *, *, #5769, .T. ) ;
#2919 = DIRECTION ( 'NONE',  ( -4.494102269369967741E-16, 1.618212197739558882E-16, -1.000000000000000000 ) ) ;
#2920 = SURFACE_STYLE_FILL_AREA ( #2887 ) ;
#2921 = DIRECTION ( 'NONE',  ( -1.000000000000000000, 0.000000000000000000, 0.000000000000000000 ) ) ;
#2922 = LINE ( 'NONE', #6043, #1016 ) ;
#2923 = ORIENTED_EDGE ( 'NONE', *, *, #3820, .T. ) ;
#2924 = EDGE_LOOP ( 'NONE', ( #3453, #3349, #808, #5038 ) ) ;
#2925 = CARTESIAN_POINT ( 'NONE',  ( 4.939999999999999503, 1.285879139104722704E-16, 1.585000000000003073 ) ) ;
#2926 = CARTESIAN_POINT ( 'NONE',  ( 3.080454545454544668, 7.618636363636364095, 0.3954545454545445593 ) ) ;
#2927 = EDGE_CURVE ( 'NONE', #5032, #6045, #3641, .T. ) ;
#2928 = PLANE ( 'NONE',  #5712 ) ;
#2929 = LINE ( 'NONE', #6009, #3111 ) ;
#2930 = ORIENTED_EDGE ( 'NONE', *, *, #5099, .T. ) ;
#2931 = LINE ( 'NONE', #6179, #5005 ) ;
#2932 = ORIENTED_EDGE ( 'NONE', *, *, #480, .T. ) ;
#2933 = EDGE_LOOP ( 'NONE', ( #2951, #4215, #834, #2777 ) ) ;
#2934 = CARTESIAN_POINT ( 'NONE',  ( 6.325000000000001066, 8.499999999999996447, -1.584999999999999964 ) ) ;
#2935 = DIRECTION ( 'NONE',  ( 0.000000000000000000, -0.3162277660168354432, 0.9486832980505146562 ) ) ;
#2936 = DIRECTION ( 'NONE',  ( 0.000000000000000000, -1.801998070613027504E-16, 1.000000000000000000 ) ) ;
#2937 = LINE ( 'NONE', #4012, #1042 ) ;
#2938 = ORIENTED_EDGE ( 'NONE', *, *, #525, .T. ) ;
#2939 = VECTOR ( 'NONE', #4791, 1000.000000000000000 ) ;
#2940 = VERTEX_POINT ( 'NONE', #2243 ) ;
#2941 = SURFACE_STYLE_FILL_AREA ( #4549 ) ;
#2942 = EDGE_CURVE ( 'NONE', #275, #5245, #1678, .T. ) ;
#2943 = CARTESIAN_POINT ( 'NONE',  ( 2.250000000000001332, 1.849999999999999201, 2.274999999999998579 ) ) ;
#2944 = CARTESIAN_POINT ( 'NONE',  ( -1.730000000000000870, 3.300000000000000711, -0.9550000000000011813 ) ) ;
#2945 = DIRECTION ( 'NONE',  ( 0.000000000000000000, -2.744815626545581052E-16, 1.000000000000000000 ) ) ;
#2946 = DIRECTION ( 'NONE',  ( 0.000000000000000000, 1.000000000000000000, 0.000000000000000000 ) ) ;
#2947 = DIRECTION ( 'NONE',  ( -1.000000000000000000, 0.000000000000000000, 0.000000000000000000 ) ) ;
#2948 = CARTESIAN_POINT ( 'NONE',  ( 6.025000000000000355, -1.449999999999999956, 2.707696617295405786E-15 ) ) ;
#2949 = ORIENTED_EDGE ( 'NONE', *, *, #3746, .T. ) ;
#2950 = LINE ( 'NONE', #789, #965 ) ;
#2951 = ORIENTED_EDGE ( 'NONE', *, *, #3470, .F. ) ;
#2952 = EDGE_LOOP ( 'NONE', ( #1883, #28, #3968, #4253 ) ) ;
#2953 = EDGE_CURVE ( 'NONE', #5388, #190, #5732, .T. ) ;
#2954 = EDGE_CURVE ( 'NONE', #1830, #1620, #1741, .T. ) ;
#2955 =( LENGTH_UNIT ( ) NAMED_UNIT ( * ) SI_UNIT ( .MILLI., .METRE. ) );
#2956 = STYLED_ITEM ( 'NONE', ( #1025 ), #4731 ) ;
#2957 = DIRECTION ( 'NONE',  ( -1.000000000000000000, 0.000000000000000000, 4.494102269369967741E-16 ) ) ;
#2958 = UNCERTAINTY_MEASURE_WITH_UNIT (LENGTH_MEASURE( 1.000000000000000082E-05 ), #1746, 'distance_accuracy_value', 'NONE');
#2959 = PLANE ( 'NONE',  #670 ) ;
#2960 = ORIENTED_EDGE ( 'NONE', *, *, #525, .F. ) ;
#2961 = DIRECTION ( 'NONE',  ( 1.000000000000000000, 0.000000000000000000, 0.000000000000000000 ) ) ;
#2962 =( NAMED_UNIT ( * ) SI_UNIT ( $, .STERADIAN. ) SOLID_ANGLE_UNIT ( ) );
#2963 = FACE_OUTER_BOUND ( 'NONE', #5727, .T. ) ;
#2964 = ORIENTED_EDGE ( 'NONE', *, *, #2879, .T. ) ;
#2965 = VERTEX_POINT ( 'NONE', #374 ) ;
#2966 = CARTESIAN_POINT ( 'NONE',  ( -6.325000000000003730, 1.269999999999999796, -0.5599999999999922817 ) ) ;
#2967 = EDGE_CURVE ( 'NONE', #5721, #300, #3822, .T. ) ;
#2968 = CARTESIAN_POINT ( 'NONE',  ( 3.319999999999998952, 0.6699999999999998179, -0.5599999999999923928 ) ) ;
#2969 = AXIS2_PLACEMENT_3D ( 'NONE', #2992, #2675, #5400 ) ;
#2970 = EDGE_CURVE ( 'NONE', #2354, #4204, #3665, .T. ) ;
#2971 = VECTOR ( 'NONE', #3306, 1000.000000000000000 ) ;
#2972 = EDGE_LOOP ( 'NONE', ( #785, #927, #1110, #3224 ) ) ;
#2973 = PRESENTATION_STYLE_ASSIGNMENT (( #961 ) ) ;
#2974 = LINE ( 'NONE', #1846, #2909 ) ;
#2975 = ORIENTED_EDGE ( 'NONE', *, *, #4053, .F. ) ;
#2976 = ORIENTED_EDGE ( 'NONE', *, *, #408, .T. ) ;
#2977 = DIRECTION ( 'NONE',  ( 0.000000000000000000, 0.000000000000000000, -1.000000000000000000 ) ) ;
#2978 = CARTESIAN_POINT ( 'NONE',  ( 2.679999999999999272, 7.500000000000001776, -0.005000000000001097317 ) ) ;
#2979 = ADVANCED_FACE ( 'NONE', ( #5847 ), #3076, .T. ) ;
#2980 = VECTOR ( 'NONE', #1140, 1000.000000000000000 ) ;
#2981 = EDGE_CURVE ( 'NONE', #528, #1013, #1767, .T. ) ;
#2982 = ORIENTED_EDGE ( 'NONE', *, *, #4394, .F. ) ;
#2983 = LINE ( 'NONE', #3183, #5015 ) ;
#2984 = EDGE_LOOP ( 'NONE', ( #1601, #703, #5974, #1939 ) ) ;
#2985 = LINE ( 'NONE', #2707, #825 ) ;
#2986 = DIRECTION ( 'NONE',  ( -0.000000000000000000, -1.000000000000000000, -0.000000000000000000 ) ) ;
#2987 = DIRECTION ( 'NONE',  ( 0.000000000000000000, 1.000000000000000000, 0.000000000000000000 ) ) ;
#2988 = CARTESIAN_POINT ( 'NONE',  ( 4.939999999999999503, 1.699999999999999956, -1.584999999999999964 ) ) ;
#2989 =( LENGTH_UNIT ( ) NAMED_UNIT ( * ) SI_UNIT ( .MILLI., .METRE. ) );
#2990 = DIRECTION ( 'NONE',  ( 0.000000000000000000, 0.000000000000000000, -1.000000000000000000 ) ) ;
#2991 = EDGE_CURVE ( 'NONE', #3772, #1736, #3629, .T. ) ;
#2992 = CARTESIAN_POINT ( 'NONE',  ( 2.879999999999999893, 7.500000000000001776, 0.000000000000000000 ) ) ;
#2993 = ORIENTED_EDGE ( 'NONE', *, *, #976, .F. ) ;
#2994 = EDGE_CURVE ( 'NONE', #4601, #3469, #1550, .T. ) ;
#2995 = FACE_OUTER_BOUND ( 'NONE', #1768, .T. ) ;
#2996 = ORIENTED_EDGE ( 'NONE', *, *, #4233, .F. ) ;
#2997 = LINE ( 'NONE', #4925, #2825 ) ;
#2998 = CARTESIAN_POINT ( 'NONE',  ( -5.389999999999997904, 1.849999999999999201, 2.024999999999999023 ) ) ;
#2999 = DIRECTION ( 'NONE',  ( 1.233548213626064722E-31, 1.000000000000000000, 2.744815626545581052E-16 ) ) ;
#3000 = EDGE_CURVE ( 'NONE', #813, #2658, #1629, .T. ) ;
#3001 = LINE ( 'NONE', #4240, #5071 ) ;
#3002 = DIRECTION ( 'NONE',  ( -1.000000000000000000, -0.000000000000000000, -0.000000000000000000 ) ) ;
#3003 = ORIENTED_EDGE ( 'NONE', *, *, #3477, .F. ) ;
#3004 = DIRECTION ( 'NONE',  ( 1.000000000000000000, 0.000000000000000000, 0.000000000000000000 ) ) ;
#3005 = FACE_OUTER_BOUND ( 'NONE', #3144, .T. ) ;
#3006 = EDGE_LOOP ( 'NONE', ( #4995, #2120, #3827, #4371 ) ) ;
#3007 = ORIENTED_EDGE ( 'NONE', *, *, #894, .F. ) ;
#3008 = CARTESIAN_POINT ( 'NONE',  ( -2.680000000000001048, 1.269999999999999796, 1.190000000000007718 ) ) ;
#3009 = EDGE_CURVE ( 'NONE', #4174, #2673, #3449, .T. ) ;
#3010 = CARTESIAN_POINT ( 'NONE',  ( 3.319999999999998952, -7.265096679918780609, 0.6349999999999970113 ) ) ;
#3011 = CARTESIAN_POINT ( 'NONE',  ( -6.325000000000001066, 8.499999999999996447, -0.9550000000000011813 ) ) ;
#3012 = LINE ( 'NONE', #945, #971 ) ;
#3013 = ORIENTED_EDGE ( 'NONE', *, *, #2688, .T. ) ;
#3014 = VECTOR ( 'NONE', #1662, 1000.000000000000000 ) ;
#3015 = CLOSED_SHELL ( 'NONE', ( #838, #112, #517, #683, #4502, #2979, #3883, #2696, #1295, #2869 ) ) ;
#3016 = LINE ( 'NONE', #3814, #5087 ) ;
#3017 = ADVANCED_FACE ( 'NONE', ( #1345 ), #3203, .F. ) ;
#3018 = CARTESIAN_POINT ( 'NONE',  ( 0.1199999999999985800, -3.180000000000000160, 0.1949999999999981470 ) ) ;
#3019 = DIRECTION ( 'NONE',  ( -0.7071067811865513475, 0.000000000000000000, -0.7071067811865436870 ) ) ;
#3020 = MECHANICAL_DESIGN_GEOMETRIC_PRESENTATION_REPRESENTATION (  '', ( #4267 ), #5251 ) ;
#3021 = FACE_OUTER_BOUND ( 'NONE', #4626, .T. ) ;
#3022 = ORIENTED_EDGE ( 'NONE', *, *, #4233, .T. ) ;
#3023 = DIRECTION ( 'NONE',  ( 0.000000000000000000, 1.000000000000000000, -3.236424395479117765E-16 ) ) ;
#3024 = LINE ( 'NONE', #4450, #4961 ) ;
#3025 = ORIENTED_EDGE ( 'NONE', *, *, #2628, .F. ) ;
#3026 = VECTOR ( 'NONE', #2914, 1000.000000000000000 ) ;
#3027 = CARTESIAN_POINT ( 'NONE',  ( -6.325000000000002842, -3.252606517456513302E-16, 1.585000000000007958 ) ) ;
#3028 = DIRECTION ( 'NONE',  ( 0.000000000000000000, 0.000000000000000000, -1.000000000000000000 ) ) ;
#3029 = DIRECTION ( 'NONE',  ( 1.000000000000000000, -0.000000000000000000, -4.494102269369967741E-16 ) ) ;
#3030 =( LENGTH_UNIT ( ) NAMED_UNIT ( * ) SI_UNIT ( .MILLI., .METRE. ) );
#3031 = CARTESIAN_POINT ( 'NONE',  ( 3.000000000000000000, 7.500000000000001776, 0.000000000000000000 ) ) ;
#3032 = FACE_OUTER_BOUND ( 'NONE', #4492, .T. ) ;
#3033 = AXIS2_PLACEMENT_3D ( 'NONE', #2773, #1189, #1143 ) ;
#3034 = VERTEX_POINT ( 'NONE', #4703 ) ;
#3035 = EDGE_CURVE ( 'NONE', #528, #341, #3505, .T. ) ;
#3036 = AXIS2_PLACEMENT_3D ( 'NONE', #3212, #3739, #5100 ) ;
#3037 = VECTOR ( 'NONE', #3088, 1000.000000000000000 ) ;
#3038 = LINE ( 'NONE', #1583, #1067 ) ;
#3039 = AXIS2_PLACEMENT_3D ( 'NONE', #425, #795, #1276 ) ;
#3040 = DIRECTION ( 'NONE',  ( 1.000000000000000000, 0.000000000000000000, -0.000000000000000000 ) ) ;
#3041 = CARTESIAN_POINT ( 'NONE',  ( 5.390000000000000568, 1.269999999999999796, 1.190000000000007718 ) ) ;
#3042 = VECTOR ( 'NONE', #3969, 1000.000000000000000 ) ;
#3043 = CARTESIAN_POINT ( 'NONE',  ( -4.939999999999999503, 0.000000000000000000, 2.024999999999999023 ) ) ;
#3044 = CARTESIAN_POINT ( 'NONE',  ( 3.000000000000000000, -3.180000000000000160, 0.4349999999999975553 ) ) ;
#3045 = ORIENTED_EDGE ( 'NONE', *, *, #1959, .F. ) ;
#3046 = CARTESIAN_POINT ( 'NONE',  ( 4.940000000000000391, 1.269999999999999796, -0.5599999999999973888 ) ) ;
#3047 = EDGE_CURVE ( 'NONE', #3236, #2836, #1395, .T. ) ;
#3048 =( GEOMETRIC_REPRESENTATION_CONTEXT ( 3 ) GLOBAL_UNCERTAINTY_ASSIGNED_CONTEXT ( ( #3900 ) ) GLOBAL_UNIT_ASSIGNED_CONTEXT ( ( #1156, #2206, #2962 ) ) REPRESENTATION_CONTEXT ( 'NONE', 'WORKASPACE' ) );
#3049 = EDGE_CURVE ( 'NONE', #1340, #5017, #1371, .T. ) ;
#3050 = LINE ( 'NONE', #2468, #2971 ) ;
#3051 = EDGE_LOOP ( 'NONE', ( #5911, #1906, #4089, #5954 ) ) ;
#3052 = PLANE ( 'NONE',  #1524 ) ;
#3053 = CARTESIAN_POINT ( 'NONE',  ( 1.729999999999998872, 3.300000000000000711, 1.584999999999999076 ) ) ;
#3054 = EDGE_CURVE ( 'NONE', #5245, #4601, #5691, .T. ) ;
#3055 = DIRECTION ( 'NONE',  ( -1.000000000000000000, 0.000000000000000000, 0.000000000000000000 ) ) ;
#3056 = VECTOR ( 'NONE', #5036, 1000.000000000000000 ) ;
#3057 = EDGE_LOOP ( 'NONE', ( #4852, #5934, #42, #4928 ) ) ;
#3058 = CARTESIAN_POINT ( 'NONE',  ( 5.674999999999999822, -1.449999999999999956, 1.884999999999999343 ) ) ;
#3059 = FACE_OUTER_BOUND ( 'NONE', #2238, .T. ) ;
#3060 = CARTESIAN_POINT ( 'NONE',  ( 2.250000000000001332, 8.300000000000000711, 2.774999999999999467 ) ) ;
#3061 = CARTESIAN_POINT ( 'NONE',  ( 5.389999999999999680, 1.269999999999999796, -0.5599999999999976108 ) ) ;
#3062 = CARTESIAN_POINT ( 'NONE',  ( -1.730000000000000870, 3.300000000000000711, -0.9550000000000011813 ) ) ;
#3063 = DIRECTION ( 'NONE',  ( 0.000000000000000000, 1.000000000000000000, 0.000000000000000000 ) ) ;
#3064 = CARTESIAN_POINT ( 'NONE',  ( -0.3200000000000008948, -1.081363123647112731E-15, -1.584999999999999964 ) ) ;
#3065 = ADVANCED_FACE ( 'NONE', ( #5667 ), #1613, .F. ) ;
#3066 = FACE_OUTER_BOUND ( 'NONE', #2785, .T. ) ;
#3067 = PLANE ( 'NONE',  #3704 ) ;
#3068 = EDGE_LOOP ( 'NONE', ( #771, #1892, #3986, #4872 ) ) ;
#3069 = FACE_OUTER_BOUND ( 'NONE', #1259, .T. ) ;
#3070 = DIRECTION ( 'NONE',  ( 0.000000000000000000, 0.000000000000000000, -1.000000000000000000 ) ) ;
#3071 = EDGE_CURVE ( 'NONE', #4751, #3695, #1435, .T. ) ;
#3072 = ADVANCED_FACE ( 'NONE', ( #3489 ), #313, .F. ) ;
#3073 = LINE ( 'NONE', #1976, #899 ) ;
#3074 = DIRECTION ( 'NONE',  ( 0.000000000000000000, 0.000000000000000000, -1.000000000000000000 ) ) ;
#3075 = VERTEX_POINT ( 'NONE', #724 ) ;
#3076 = PLANE ( 'NONE',  #2267 ) ;
#3077 = VECTOR ( 'NONE', #1054, 1000.000000000000000 ) ;
#3078 = LINE ( 'NONE', #2201, #5107 ) ;
#3079 = PLANE ( 'NONE',  #91 ) ;
#3080 = CARTESIAN_POINT ( 'NONE',  ( -0.3200000000000008393, -7.265096679918780609, 0.6349999999999970113 ) ) ;
#3081 = VECTOR ( 'NONE', #1799, 1000.000000000000000 ) ;
#3082 = ORIENTED_EDGE ( 'NONE', *, *, #3071, .T. ) ;
#3083 = LINE ( 'NONE', #5062, #861 ) ;
#3084 = FACE_OUTER_BOUND ( 'NONE', #5871, .T. ) ;
#3085 = CARTESIAN_POINT ( 'NONE',  ( 0.3199999999999991185, 0.6699999999999998179, 1.190000000000004832 ) ) ;
#3086 = EDGE_CURVE ( 'NONE', #2514, #4207, #5488, .T. ) ;
#3087 = FILL_AREA_STYLE_COLOUR ( '', #443 ) ;
#3088 = DIRECTION ( 'NONE',  ( 0.000000000000000000, -2.995465716473997569E-16, -1.000000000000000000 ) ) ;
#3089 = ORIENTED_EDGE ( 'NONE', *, *, #5970, .F. ) ;
#3090 = LINE ( 'NONE', #4597, #5165 ) ;
#3091 = VECTOR ( 'NONE', #546, 1000.000000000000000 ) ;
#3092 = DIRECTION ( 'NONE',  ( 1.000000000000000000, 0.000000000000000000, 0.000000000000000000 ) ) ;
#3093 = AXIS2_PLACEMENT_3D ( 'NONE', #4994, #1139, #6059 ) ;
#3094 = DIRECTION ( 'NONE',  ( -0.000000000000000000, 1.000000000000000000, -0.000000000000000000 ) ) ;
#3095 = AXIS2_PLACEMENT_3D ( 'NONE', #3010, #3528, #127 ) ;
#3096 = PLANE ( 'NONE',  #398 ) ;
#3097 = CARTESIAN_POINT ( 'NONE',  ( -5.389999999999999680, 1.269999999999999796, 1.190000000000007718 ) ) ;
#3098 = CARTESIAN_POINT ( 'NONE',  ( 6.000000000000000000, 7.500000000000001776, 0.4349999999999983324 ) ) ;
#3099 = CARTESIAN_POINT ( 'NONE',  ( -5.389999999999997904, 0.000000000000000000, 2.024999999999999023 ) ) ;
#3100 = AXIS2_PLACEMENT_3D ( 'NONE', #3254, #4385, #2864 ) ;
#3101 = CARTESIAN_POINT ( 'NONE',  ( 1.250000000000001110, 8.300000000000000711, 2.774999999999999467 ) ) ;
#3102 = CARTESIAN_POINT ( 'NONE',  ( 2.679999999999999272, -1.081363123647112731E-15, -1.584999999999999964 ) ) ;
#3103 = ORIENTED_EDGE ( 'NONE', *, *, #2487, .F. ) ;
#3104 = UNCERTAINTY_MEASURE_WITH_UNIT (LENGTH_MEASURE( 1.000000000000000082E-05 ), #581, 'distance_accuracy_value', 'NONE');
#3105 = LINE ( 'NONE', #59, #5229 ) ;
#3106 = LINE ( 'NONE', #326, #1120 ) ;
#3107 = DIRECTION ( 'NONE',  ( 0.000000000000000000, 1.000000000000000000, 0.000000000000000000 ) ) ;
#3108 = ADVANCED_FACE ( 'NONE', ( #1530 ), #488, .T. ) ;
#3109 = VERTEX_POINT ( 'NONE', #2445 ) ;
#3110 = CARTESIAN_POINT ( 'NONE',  ( 3.163636363636359139, 8.350909090909087951, 0.4786363636363589746 ) ) ;
#3111 = VECTOR ( 'NONE', #2320, 1000.000000000000000 ) ;
#3112 = DIRECTION ( 'NONE',  ( 1.000000000000000000, 0.000000000000000000, 0.000000000000000000 ) ) ;
#3113 = CARTESIAN_POINT ( 'NONE',  ( -1.730000000000000870, 9.900000000000000355, 1.584999999999998632 ) ) ;
#3114 = AXIS2_PLACEMENT_3D ( 'NONE', #365, #4059, #431 ) ;
#3115 = ORIENTED_EDGE ( 'NONE', *, *, #5560, .F. ) ;
#3116 = LINE ( 'NONE', #4435, #5337 ) ;
#3117 = VECTOR ( 'NONE', #2065, 1000.000000000000000 ) ;
#3118 = EDGE_LOOP ( 'NONE', ( #4841, #4505, #2131, #2154 ) ) ;
#3119 = ADVANCED_FACE ( 'NONE', ( #1592 ), #4321, .F. ) ;
#3120 = EDGE_CURVE ( 'NONE', #1296, #2843, #5587, .T. ) ;
#3121 = PLANE ( 'NONE',  #1788 ) ;
#3122 = FACE_OUTER_BOUND ( 'NONE', #4126, .T. ) ;
#3123 = EDGE_LOOP ( 'NONE', ( #4181, #3813, #1648, #5598 ) ) ;
#3124 = EDGE_CURVE ( 'NONE', #460, #5933, #1558, .T. ) ;
#3125 = VECTOR ( 'NONE', #4013, 1000.000000000000000 ) ;
#3126 = PLANE ( 'NONE',  #6055 ) ;
#3127 = EDGE_LOOP ( 'NONE', ( #2197, #893, #4249, #4889 ) ) ;
#3128 = DIRECTION ( 'NONE',  ( 0.000000000000000000, 0.3162277660168349991, 0.9486832980505148782 ) ) ;
#3129 = VECTOR ( 'NONE', #5230, 1000.000000000000000 ) ;
#3130 = EDGE_CURVE ( 'NONE', #5826, #6168, #3535, .T. ) ;
#3131 = ORIENTED_EDGE ( 'NONE', *, *, #285, .F. ) ;
#3132 = DIRECTION ( 'NONE',  ( 1.000000000000000000, -0.000000000000000000, -4.494102269369967741E-16 ) ) ;
#3133 = PRESENTATION_STYLE_ASSIGNMENT (( #728 ) ) ;
#3134 = FACE_OUTER_BOUND ( 'NONE', #40, .T. ) ;
#3135 = EDGE_CURVE ( 'NONE', #4846, #4330, #5678, .T. ) ;
#3136 = CARTESIAN_POINT ( 'NONE',  ( -0.1200000000000003147, 7.500000000000001776, 0.1949999999999994238 ) ) ;
#3137 = VERTEX_POINT ( 'NONE', #1029 ) ;
#3138 = CARTESIAN_POINT ( 'NONE',  ( 1.300000000000000044, 9.350000000000001421, -1.585000000000000187 ) ) ;
#3139 = CARTESIAN_POINT ( 'NONE',  ( 6.325000000000001066, 9.900000000000000355, -0.9549999999999965183 ) ) ;
#3140 = CARTESIAN_POINT ( 'NONE',  ( -4.270000000000001350, 9.900000000000000355, -0.9550000000000008482 ) ) ;
#3141 = DIRECTION ( 'NONE',  ( 1.000000000000000000, 0.000000000000000000, 0.000000000000000000 ) ) ;
#3142 = LINE ( 'NONE', #2230, #1251 ) ;
#3143 = DIRECTION ( 'NONE',  ( 0.000000000000000000, 0.000000000000000000, -1.000000000000000000 ) ) ;
#3144 = EDGE_LOOP ( 'NONE', ( #4080, #2233, #4125, #3839 ) ) ;
#3145 = EDGE_CURVE ( 'NONE', #3432, #2673, #1473, .T. ) ;
#3146 = VECTOR ( 'NONE', #5256, 1000.000000000000000 ) ;
#3147 = LINE ( 'NONE', #4035, #5166 ) ;
#3148 = CARTESIAN_POINT ( 'NONE',  ( -2.680000000000001048, 0.6699999999999997069, 1.585000000000006182 ) ) ;
#3149 = ORIENTED_EDGE ( 'NONE', *, *, #3086, .F. ) ;
#3150 = CARTESIAN_POINT ( 'NONE',  ( -4.924999999999999822, 9.900000000000000355, -0.9550000000000011813 ) ) ;
#3151 = VECTOR ( 'NONE', #570, 1000.000000000000000 ) ;
#3152 = CARTESIAN_POINT ( 'NONE',  ( -6.325000000000003730, -3.252606517456513302E-16, -0.9549999999999924105 ) ) ;
#3153 = CARTESIAN_POINT ( 'NONE',  ( -0.3200000000000008948, -8.926487835092493566E-16, -0.9549999999999949640 ) ) ;
#3154 = VERTEX_POINT ( 'NONE', #3319 ) ;
#3155 = CARTESIAN_POINT ( 'NONE',  ( 4.924999999999999822, 9.900000000000000355, 2.213345367664709038E-15 ) ) ;
#3156 = VECTOR ( 'NONE', #2469, 1000.000000000000000 ) ;
#3157 = FACE_OUTER_BOUND ( 'NONE', #315, .T. ) ;
#3158 = CARTESIAN_POINT ( 'NONE',  ( -0.3200000000000008393, -2.579999999999992966, 0.6349999999999970113 ) ) ;
#3159 = ORIENTED_EDGE ( 'NONE', *, *, #6087, .T. ) ;
#3160 = DIRECTION ( 'NONE',  ( -0.9486832980505146562, -0.3162277660168354432, -0.000000000000000000 ) ) ;
#3161 = LINE ( 'NONE', #5710, #1146 ) ;
#3162 = ORIENTED_EDGE ( 'NONE', *, *, #3758, .F. ) ;
#3163 = EDGE_CURVE ( 'NONE', #4339, #3743, #1334, .T. ) ;
#3164 = EDGE_CURVE ( 'NONE', #50, #2031, #3557, .T. ) ;
#3165 = VECTOR ( 'NONE', #189, 1000.000000000000000 ) ;
#3166 = LINE ( 'NONE', #4903, #5243 ) ;
#3167 = CARTESIAN_POINT ( 'NONE',  ( 3.319999999999998952, 0.6699999999999998179, -0.5599999999999930589 ) ) ;
#3168 = CARTESIAN_POINT ( 'NONE',  ( -6.325000000000002842, 0.6699999999999997069, 1.585000000000007736 ) ) ;
#3169 = ORIENTED_EDGE ( 'NONE', *, *, #3887, .T. ) ;
#3170 = CARTESIAN_POINT ( 'NONE',  ( 1.250000000000001110, 8.300000000000000711, 2.274999999999999467 ) ) ;
#3171 = CARTESIAN_POINT ( 'NONE',  ( -3.320000000000000728, 0.000000000000000000, 2.024999999999999023 ) ) ;
#3172 = ADVANCED_FACE ( 'NONE', ( #3461 ), #455, .T. ) ;
#3173 = VECTOR ( 'NONE', #2449, 1000.000000000000000 ) ;
#3174 = ORIENTED_EDGE ( 'NONE', *, *, #5099, .F. ) ;
#3175 = AXIS2_PLACEMENT_3D ( 'NONE', #5602, #4639, #4191 ) ;
#3176 = AXIS2_PLACEMENT_3D ( 'NONE', #4523, #5360, #333 ) ;
#3177 = FACE_OUTER_BOUND ( 'NONE', #6158, .T. ) ;
#3178 = LINE ( 'NONE', #3565, #3026 ) ;
#3179 = DIRECTION ( 'NONE',  ( 0.000000000000000000, 0.000000000000000000, -1.000000000000000000 ) ) ;
#3180 = AXIS2_PLACEMENT_3D ( 'NONE', #5145, #1898, #2402 ) ;
#3181 = SURFACE_STYLE_USAGE ( .BOTH. , #3844 ) ;
#3182 = ORIENTED_EDGE ( 'NONE', *, *, #757, .T. ) ;
#3183 = CARTESIAN_POINT ( 'NONE',  ( -2.680000000000001048, 7.500000000000001776, 0.6349999999999988987 ) ) ;
#3184 = CARTESIAN_POINT ( 'NONE',  ( -5.389999999999997904, 1.849999999999999201, 2.024999999999999023 ) ) ;
#3185 = CARTESIAN_POINT ( 'NONE',  ( -5.674999999999999822, -1.449999999999999956, 2.185000000000002718 ) ) ;
#3186 = DIRECTION ( 'NONE',  ( -0.000000000000000000, 1.000000000000000000, 1.801998070613027504E-16 ) ) ;
#3187 = LINE ( 'NONE', #2596, #1123 ) ;
#3188 = CARTESIAN_POINT ( 'NONE',  ( -4.924999999999999822, 9.900000000000000355, 1.044999999999998819 ) ) ;
#3189 = ORIENTED_EDGE ( 'NONE', *, *, #1560, .F. ) ;
#3190 = LINE ( 'NONE', #2632, #3255 ) ;
#3191 = VECTOR ( 'NONE', #5000, 1000.000000000000000 ) ;
#3192 = DIRECTION ( 'NONE',  ( -1.000000000000000000, 0.000000000000000000, 0.000000000000000000 ) ) ;
#3193 = ORIENTED_EDGE ( 'NONE', *, *, #5430, .T. ) ;
#3194 = VECTOR ( 'NONE', #4026, 1000.000000000000114 ) ;
#3195 = CARTESIAN_POINT ( 'NONE',  ( -6.325000000000001066, 9.900000000000000355, -1.584999999999999964 ) ) ;
#3196 = EDGE_LOOP ( 'NONE', ( #5109, #4837, #963, #883 ) ) ;
#3197 = CARTESIAN_POINT ( 'NONE',  ( -6.325000000000002842, -3.252606517456513302E-16, 1.585000000000007958 ) ) ;
#3198 = LINE ( 'NONE', #946, #5206 ) ;
#3199 = LINE ( 'NONE', #3041, #3117 ) ;
#3200 = ADVANCED_FACE ( 'NONE', ( #3422 ), #1946, .F. ) ;
#3201 = PRODUCT_CONTEXT ( 'NONE', #4376, 'mechanical' ) ;
#3202 = EDGE_CURVE ( 'NONE', #4330, #1307, #1405, .T. ) ;
#3203 = PLANE ( 'NONE',  #3427 ) ;
#3204 = ORIENTED_EDGE ( 'NONE', *, *, #4719, .F. ) ;
#3205 = EDGE_CURVE ( 'NONE', #2634, #4008, #3543, .T. ) ;
#3206 = DIRECTION ( 'NONE',  ( 0.000000000000000000, 0.000000000000000000, 1.000000000000000000 ) ) ;
#3207 = LINE ( 'NONE', #2769, #3151 ) ;
#3208 = LINE ( 'NONE', #1145, #1147 ) ;
#3209 = VERTEX_POINT ( 'NONE', #160 ) ;
#3210 = COLOUR_RGB ( '',1.000000000000000000, 0.8117647058823529438, 0.5019607843137254832 ) ;
#3211 = VECTOR ( 'NONE', #465, 1000.000000000000000 ) ;
#3212 = CARTESIAN_POINT ( 'NONE',  ( 0.000000000000000000, 7.500000000000001776, 0.000000000000000000 ) ) ;
#3213 = ORIENTED_EDGE ( 'NONE', *, *, #3205, .F. ) ;
#3214 = EDGE_CURVE ( 'NONE', #3481, #4919, #3607, .T. ) ;
#3215 = CARTESIAN_POINT ( 'NONE',  ( 4.924999999999998934, 9.900000000000000355, -0.9550000000000011813 ) ) ;
#3216 = EDGE_CURVE ( 'NONE', #1234, #3593, #1513, .T. ) ;
#3217 = VECTOR ( 'NONE', #1282, 1000.000000000000000 ) ;
#3218 = VECTOR ( 'NONE', #2325, 1000.000000000000000 ) ;
#3219 = EDGE_CURVE ( 'NONE', #2843, #4271, #3620, .T. ) ;
#3220 = EDGE_LOOP ( 'NONE', ( #4458, #7, #4495, #4335 ) ) ;
#3221 = DIRECTION ( 'NONE',  ( 1.000000000000000000, 0.000000000000000000, 0.000000000000000000 ) ) ;
#3222 = VECTOR ( 'NONE', #1805, 1000.000000000000000 ) ;
#3223 = DIRECTION ( 'NONE',  ( 0.000000000000000000, 1.000000000000000000, 0.000000000000000000 ) ) ;
#3224 = ORIENTED_EDGE ( 'NONE', *, *, #1617, .T. ) ;
#3225 = CARTESIAN_POINT ( 'NONE',  ( -6.325000000000002842, 0.6699999999999997069, 1.585000000000007736 ) ) ;
#3226 = ADVANCED_FACE ( 'NONE', ( #3637 ), #4856, .T. ) ;
#3227 = CARTESIAN_POINT ( 'NONE',  ( 4.269999999999999574, 3.300000000000000711, 1.584999999999998632 ) ) ;
#3228 = DIRECTION ( 'NONE',  ( 0.000000000000000000, -1.801998070613027504E-16, 1.000000000000000000 ) ) ;
#3229 = CARTESIAN_POINT ( 'NONE',  ( 3.119999999999998774, -3.180000000000000160, 0.1949999999999981470 ) ) ;
#3230 = LINE ( 'NONE', #3371, #1203 ) ;
#3231 = LINE ( 'NONE', #401, #5397 ) ;
#3232 = CARTESIAN_POINT ( 'NONE',  ( -2.880000000000001670, 7.500000000000001776, 0.000000000000000000 ) ) ;
#3233 = ORIENTED_EDGE ( 'NONE', *, *, #842, .T. ) ;
#3234 = SURFACE_STYLE_FILL_AREA ( #2559 ) ;
#3235 = PRESENTATION_STYLE_ASSIGNMENT (( #4229 ) ) ;
#3236 = VERTEX_POINT ( 'NONE', #2944 ) ;
#3237 = CARTESIAN_POINT ( 'NONE',  ( -6.325000000000001066, -1.199999999999997957, 1.884999999999999343 ) ) ;
#3238 = VECTOR ( 'NONE', #1073, 1000.000000000000000 ) ;
#3239 = VECTOR ( 'NONE', #4958, 1000.000000000000000 ) ;
#3240 = DIRECTION ( 'NONE',  ( -0.7071067811865426878, -0.000000000000000000, 0.7071067811865522357 ) ) ;
#3241 = ORIENTED_EDGE ( 'NONE', *, *, #4296, .F. ) ;
#3242 = CARTESIAN_POINT ( 'NONE',  ( -1.300000000000000044, 8.149999999999998579, -2.785000000000001030 ) ) ;
#3243 = LINE ( 'NONE', #4415, #5403 ) ;
#3244 = CARTESIAN_POINT ( 'NONE',  ( -5.389999999999997904, 0.000000000000000000, 2.024999999999999023 ) ) ;
#3245 = EDGE_LOOP ( 'NONE', ( #6116, #1971, #3993, #2964 ) ) ;
#3246 = ORIENTED_EDGE ( 'NONE', *, *, #4644, .F. ) ;
#3247 = AXIS2_PLACEMENT_3D ( 'NONE', #3912, #92, #4736 ) ;
#3248 = EDGE_CURVE ( 'NONE', #275, #3735, #5501, .T. ) ;
#3249 = EDGE_CURVE ( 'NONE', #1226, #1841, #1602, .T. ) ;
#3250 = AXIS2_PLACEMENT_3D ( 'NONE', #5605, #5449, #2642 ) ;
#3251 = LINE ( 'NONE', #2070, #1086 ) ;
#3252 = LINE ( 'NONE', #5193, #5302 ) ;
#3253 = ORIENTED_EDGE ( 'NONE', *, *, #2266, .T. ) ;
#3254 = CARTESIAN_POINT ( 'NONE',  ( 0.000000000000000000, 1.850000000000000089, 0.000000000000000000 ) ) ;
#3255 = VECTOR ( 'NONE', #3055, 1000.000000000000000 ) ;
#3256 = VECTOR ( 'NONE', #4439, 1000.000000000000000 ) ;
#3257 = CARTESIAN_POINT ( 'NONE',  ( -4.924999999999999822, 9.900000000000000355, 2.213345367664709038E-15 ) ) ;
#3258 = DIRECTION ( 'NONE',  ( 0.000000000000000000, 0.000000000000000000, -1.000000000000000000 ) ) ;
#3259 = ORIENTED_EDGE ( 'NONE', *, *, #1897, .T. ) ;
#3260 = EDGE_LOOP ( 'NONE', ( #5284, #4716, #2772, #3447, #3131, #5633, #5568, #2228, #3655, #5687, #3441, #5684, #3472, #3576, #191 ) ) ;
#3261 = CARTESIAN_POINT ( 'NONE',  ( 6.000000000000000000, 7.500000000000001776, 0.000000000000000000 ) ) ;
#3262 = DIRECTION ( 'NONE',  ( 0.000000000000000000, 0.000000000000000000, -1.000000000000000000 ) ) ;
#3263 = LINE ( 'NONE', #458, #1224 ) ;
#3264 = VECTOR ( 'NONE', #2679, 1000.000000000000000 ) ;
#3265 = EDGE_CURVE ( 'NONE', #1742, #1670, #3400, .T. ) ;
#3266 = PRESENTATION_LAYER_ASSIGNMENT (  '', '', ( #1095 ) ) ;
#3267 = ORIENTED_EDGE ( 'NONE', *, *, #3290, .T. ) ;
#3268 = DIRECTION ( 'NONE',  ( 1.000000000000000000, 0.000000000000000000, 0.000000000000000000 ) ) ;
#3269 = EDGE_CURVE ( 'NONE', #3652, #2031, #3725, .T. ) ;
#3270 = LINE ( 'NONE', #1465, #3156 ) ;
#3271 = CARTESIAN_POINT ( 'NONE',  ( 1.300000000000000044, 7.400000000000000355, -2.785000000000001030 ) ) ;
#3272 = DIRECTION ( 'NONE',  ( 0.000000000000000000, 1.000000000000000000, 0.000000000000000000 ) ) ;
#3273 = VERTEX_POINT ( 'NONE', #5186 ) ;
#3274 = ORIENTED_EDGE ( 'NONE', *, *, #697, .T. ) ;
#3275 = DIRECTION ( 'NONE',  ( -1.000000000000000000, 0.000000000000000000, 4.494102269369967741E-16 ) ) ;
#3276 = CARTESIAN_POINT ( 'NONE',  ( 5.389999999999999680, 0.6699999999999998179, -0.5599999999999923928 ) ) ;
#3277 = CARTESIAN_POINT ( 'NONE',  ( -2.250000000000001332, 1.849999999999999201, 2.774999999999998135 ) ) ;
#3278 = LINE ( 'NONE', #5362, #5269 ) ;
#3279 = DIRECTION ( 'NONE',  ( 0.000000000000000000, -1.000000000000000000, 0.000000000000000000 ) ) ;
#3280 = ORIENTED_EDGE ( 'NONE', *, *, #1292, .T. ) ;
#3281 = EDGE_CURVE ( 'NONE', #3772, #732, #3767, .T. ) ;
#3282 = VECTOR ( 'NONE', #3023, 1000.000000000000000 ) ;
#3283 = PLANE ( 'NONE',  #5810 ) ;
#3284 = ORIENTED_EDGE ( 'NONE', *, *, #4884, .T. ) ;
#3285 = EDGE_LOOP ( 'NONE', ( #2932, #2666, #5888, #3975 ) ) ;
#3286 = CARTESIAN_POINT ( 'NONE',  ( 3.319999999999998952, 0.000000000000000000, 2.024999999999999023 ) ) ;
#3287 = ADVANCED_FACE ( 'NONE', ( #1695 ), #3096, .F. ) ;
#3288 = LINE ( 'NONE', #1904, #5421 ) ;
#3289 = VECTOR ( 'NONE', #924, 1000.000000000000000 ) ;
#3290 = EDGE_CURVE ( 'NONE', #2813, #1759, #5751, .T. ) ;
#3291 = PLANE ( 'NONE',  #4922 ) ;
#3292 = EDGE_LOOP ( 'NONE', ( #503, #1306, #3396, #2550, #3939, #520 ) ) ;
#3293 = CARTESIAN_POINT ( 'NONE',  ( 6.325000000000001066, -1.199999999999999734, 1.884999999999999343 ) ) ;
#3294 = VECTOR ( 'NONE', #5240, 1000.000000000000000 ) ;
#3295 = EDGE_LOOP ( 'NONE', ( #274, #972, #939, #637 ) ) ;
#3296 = ORIENTED_EDGE ( 'NONE', *, *, #276, .T. ) ;
#3297 = FACE_OUTER_BOUND ( 'NONE', #1579, .T. ) ;
#3298 = LINE ( 'NONE', #4697, #5323 ) ;
#3299 = ORIENTED_EDGE ( 'NONE', *, *, #5572, .F. ) ;
#3300 = EDGE_CURVE ( 'NONE', #5434, #3849, #3671, .T. ) ;
#3301 = DIRECTION ( 'NONE',  ( -4.494102269369967741E-16, 0.000000000000000000, -1.000000000000000000 ) ) ;
#3302 = DIRECTION ( 'NONE',  ( -0.000000000000000000, 1.000000000000000000, -0.000000000000000000 ) ) ;
#3303 = DIRECTION ( 'NONE',  ( 4.494102269369967741E-16, 0.000000000000000000, -1.000000000000000000 ) ) ;
#3304 = ORIENTED_EDGE ( 'NONE', *, *, #1708, .T. ) ;
#3305 = ORIENTED_EDGE ( 'NONE', *, *, #5156, .F. ) ;
#3306 = DIRECTION ( 'NONE',  ( 0.000000000000000000, 0.000000000000000000, -1.000000000000000000 ) ) ;
#3307 = EDGE_CURVE ( 'NONE', #1296, #1908, #1745, .T. ) ;
#3308 = DIRECTION ( 'NONE',  ( 0.7071067811865436870, 0.000000000000000000, -0.7071067811865513475 ) ) ;
#3309 = FACE_OUTER_BOUND ( 'NONE', #3428, .T. ) ;
#3310 = VECTOR ( 'NONE', #844, 1000.000000000000000 ) ;
#3311 = ORIENTED_EDGE ( 'NONE', *, *, #3509, .T. ) ;
#3312 = CARTESIAN_POINT ( 'NONE',  ( -6.325000000000002842, 1.269999999999999796, 1.190000000000007718 ) ) ;
#3313 = LINE ( 'NONE', #3064, #5197 ) ;
#3314 = LINE ( 'NONE', #4568, #3417 ) ;
#3315 = CARTESIAN_POINT ( 'NONE',  ( 4.939999999999999503, 0.6699999999999998179, 1.190000000000002833 ) ) ;
#3316 = CARTESIAN_POINT ( 'NONE',  ( 4.939999999999999503, 1.269999999999999796, 1.190000000000007718 ) ) ;
#3317 = EDGE_LOOP ( 'NONE', ( #1982, #4877, #4185, #249 ) ) ;
#3318 = ORIENTED_EDGE ( 'NONE', *, *, #2057, .T. ) ;
#3319 = CARTESIAN_POINT ( 'NONE',  ( -2.680000000000001048, 1.349999999999999645, 0.6349999999999985656 ) ) ;
#3320 = CARTESIAN_POINT ( 'NONE',  ( -2.680000000000001048, 0.6699999999999998179, 1.190000000000007940 ) ) ;
#3321 = DIRECTION ( 'NONE',  ( 0.000000000000000000, 1.801998070613027504E-16, -1.000000000000000000 ) ) ;
#3322 = PLANE ( 'NONE',  #2830 ) ;
#3323 = VECTOR ( 'NONE', #995, 1000.000000000000000 ) ;
#3324 = VECTOR ( 'NONE', #5664, 1000.000000000000000 ) ;
#3325 = DIRECTION ( 'NONE',  ( 0.000000000000000000, 0.000000000000000000, -1.000000000000000000 ) ) ;
#3326 = EDGE_LOOP ( 'NONE', ( #1669, #4011, #5901, #2245 ) ) ;
#3327 = STYLED_ITEM ( 'NONE', ( #3703 ), #683 ) ;
#3328 = COLOUR_RGB ( '',1.000000000000000000, 0.8117647058823529438, 0.5019607843137254832 ) ;
#3329 = VECTOR ( 'NONE', #4108, 1000.000000000000000 ) ;
#3330 = DIRECTION ( 'NONE',  ( -4.494102269369967741E-16, 0.000000000000000000, -1.000000000000000000 ) ) ;
#3331 = ORIENTED_EDGE ( 'NONE', *, *, #5239, .F. ) ;
#3332 = ORIENTED_EDGE ( 'NONE', *, *, #3249, .F. ) ;
#3333 = CARTESIAN_POINT ( 'NONE',  ( 5.389999999999999680, 1.269999999999999796, -0.5599999999999976108 ) ) ;
#3334 = VECTOR ( 'NONE', #600, 1000.000000000000000 ) ;
#3335 = LINE ( 'NONE', #1582, #3264 ) ;
#3336 = ORIENTED_EDGE ( 'NONE', *, *, #5572, .T. ) ;
#3337 = MECHANICAL_DESIGN_GEOMETRIC_PRESENTATION_REPRESENTATION (  '', ( #5624 ), #2017 ) ;
#3338 = EDGE_CURVE ( 'NONE', #1291, #2813, #1834, .T. ) ;
#3339 = CARTESIAN_POINT ( 'NONE',  ( 0.3199999999999991185, -7.265096679918780609, 0.6349999999999970113 ) ) ;
#3340 = STYLED_ITEM ( 'NONE', ( #4391 ), #1955 ) ;
#3341 = LINE ( 'NONE', #1330, #3440 ) ;
#3342 = LINE ( 'NONE', #2851, #1378 ) ;
#3343 = AXIS2_PLACEMENT_3D ( 'NONE', #2044, #4834, #2936 ) ;
#3344 = VERTEX_POINT ( 'NONE', #143 ) ;
#3345 = ORIENTED_EDGE ( 'NONE', *, *, #362, .F. ) ;
#3346 = ADVANCED_FACE ( 'NONE', ( #1685 ), #4431, .F. ) ;
#3347 = VECTOR ( 'NONE', #3228, 1000.000000000000000 ) ;
#3348 = VECTOR ( 'NONE', #4104, 1000.000000000000000 ) ;
#3349 = ORIENTED_EDGE ( 'NONE', *, *, #5485, .T. ) ;
#3350 = CARTESIAN_POINT ( 'NONE',  ( 0.3199999999999991185, 1.349999999999999645, 0.6349999999999985656 ) ) ;
#3351 = VECTOR ( 'NONE', #3940, 1000.000000000000000 ) ;
#3352 = DIRECTION ( 'NONE',  ( 0.000000000000000000, -1.000000000000000000, -3.388131789017201849E-16 ) ) ;
#3353 = DIRECTION ( 'NONE',  ( 0.000000000000000000, -2.995465716473997569E-16, -1.000000000000000000 ) ) ;
#3354 = ORIENTED_EDGE ( 'NONE', *, *, #4648, .T. ) ;
#3355 = ORIENTED_EDGE ( 'NONE', *, *, #1916, .T. ) ;
#3356 = PLANE ( 'NONE',  #2428 ) ;
#3357 = STYLED_ITEM ( 'NONE', ( #1578 ), #2872 ) ;
#3358 = CARTESIAN_POINT ( 'NONE',  ( 2.680000000000000160, 0.6699999999999998179, 1.190000000000007940 ) ) ;
#3360 = EDGE_CURVE ( 'NONE', #1700, #343, #3788, .T. ) ;
#3359 = EDGE_CURVE ( 'NONE', #2940, #1013, #3776, .T. ) ;
#3361 = VECTOR ( 'NONE', #3817, 1000.000000000000000 ) ;
#3362 = LINE ( 'NONE', #2647, #5293 ) ;
#3363 = ORIENTED_EDGE ( 'NONE', *, *, #4211, .T. ) ;
#3364 = CARTESIAN_POINT ( 'NONE',  ( -0.3200000000000008393, 1.269999999999999796, 1.190000000000007052 ) ) ;
#3365 = DIRECTION ( 'NONE',  ( -0.9486832980505146562, -0.3162277660168354432, -0.000000000000000000 ) ) ;
#3366 = AXIS2_PLACEMENT_3D ( 'NONE', #4801, #5723, #2819 ) ;
#3367 = DIRECTION ( 'NONE',  ( -0.4619344188369658988, -0.000000000000000000, -0.8869140841669810316 ) ) ;
#3368 = VERTEX_POINT ( 'NONE', #5824 ) ;
#3369 = ORIENTED_EDGE ( 'NONE', *, *, #2970, .F. ) ;
#3370 = EDGE_CURVE ( 'NONE', #3407, #5721, #3898, .T. ) ;
#3371 = CARTESIAN_POINT ( 'NONE',  ( 4.939999999999999503, 1.699999999999999956, -1.584999999999999964 ) ) ;
#3372 =( LENGTH_UNIT ( ) NAMED_UNIT ( * ) SI_UNIT ( .MILLI., .METRE. ) );
#3373 = LINE ( 'NONE', #5246, #5627 ) ;
#3374 = LINE ( 'NONE', #6114, #3310 ) ;
#3375 = CARTESIAN_POINT ( 'NONE',  ( -2.680000000000001048, 0.000000000000000000, 0.000000000000000000 ) ) ;
#3376 = ORIENTED_EDGE ( 'NONE', *, *, #1839, .T. ) ;
#3377 = DIRECTION ( 'NONE',  ( -0.3015113445777614087, 0.9045340337332923308, -0.3015113445777614087 ) ) ;
#3378 = VERTEX_POINT ( 'NONE', #4807 ) ;
#3379 = ORIENTED_EDGE ( 'NONE', *, *, #1223, .F. ) ;
#3380 = CARTESIAN_POINT ( 'NONE',  ( 6.325000000000001954, 0.6699999999999998179, -0.5599999999999980549 ) ) ;
#3381 = SURFACE_STYLE_FILL_AREA ( #4534 ) ;
#3382 = COLOUR_RGB ( '',1.000000000000000000, 0.8117647058823529438, 0.5019607843137254832 ) ;
#3383 = CARTESIAN_POINT ( 'NONE',  ( 3.319999999999998952, 1.350000000000000089, -1.585000000000000409 ) ) ;
#3384 = EDGE_LOOP ( 'NONE', ( #3937, #4937, #873, #4410 ) ) ;
#3385 = DIRECTION ( 'NONE',  ( -0.000000000000000000, 1.000000000000000000, 1.801998070613027504E-16 ) ) ;
#3386 = CARTESIAN_POINT ( 'NONE',  ( -4.924999999999998934, 9.900000000000000355, -0.9550000000000011813 ) ) ;
#3387 = ORIENTED_EDGE ( 'NONE', *, *, #3163, .T. ) ;
#3388 = EDGE_LOOP ( 'NONE', ( #2660, #2871, #387, #3267 ) ) ;
#3389 = EDGE_CURVE ( 'NONE', #5083, #2525, #5935, .T. ) ;
#3390 = VECTOR ( 'NONE', #4794, 1000.000000000000000 ) ;
#3391 = VERTEX_POINT ( 'NONE', #2790 ) ;
#3392 = CARTESIAN_POINT ( 'NONE',  ( -0.3200000000000008393, 1.349999999999999867, -0.005000000000001448598 ) ) ;
#3393 = LINE ( 'NONE', #759, #5469 ) ;
#3394 = CARTESIAN_POINT ( 'NONE',  ( -3.320000000000000728, 1.350000000000000089, -1.585000000000000409 ) ) ;
#3395 = FILL_AREA_STYLE_COLOUR ( '', #3991 ) ;
#3396 = ORIENTED_EDGE ( 'NONE', *, *, #534, .T. ) ;
#3397 = ORIENTED_EDGE ( 'NONE', *, *, #6128, .F. ) ;
#3398 = DIRECTION ( 'NONE',  ( 0.000000000000000000, -0.000000000000000000, 1.000000000000000000 ) ) ;
#3399 = DIRECTION ( 'NONE',  ( 1.000000000000000000, 0.000000000000000000, 0.000000000000000000 ) ) ;
#3400 = LINE ( 'NONE', #5704, #5978 ) ;
#3401 = ADVANCED_FACE ( 'NONE', ( #5829 ), #5870, .T. ) ;
#3402 = VECTOR ( 'NONE', #2043, 1000.000000000000000 ) ;
#3403 = ORIENTED_EDGE ( 'NONE', *, *, #5646, .T. ) ;
#3404 = DIRECTION ( 'NONE',  ( 1.000000000000000000, 0.000000000000000000, -4.494102269369967741E-16 ) ) ;
#3405 = LINE ( 'NONE', #2543, #3294 ) ;
#3406 = DIRECTION ( 'NONE',  ( 0.000000000000000000, 1.000000000000000000, -3.614007241618347785E-16 ) ) ;
#3407 = VERTEX_POINT ( 'NONE', #182 ) ;
#3408 = ORIENTED_EDGE ( 'NONE', *, *, #5470, .T. ) ;
#3409 = MECHANICAL_DESIGN_GEOMETRIC_PRESENTATION_REPRESENTATION (  '', ( #1404 ), #6041 ) ;
#3410 = VECTOR ( 'NONE', #5963, 1000.000000000000227 ) ;
#3411 = DIRECTION ( 'NONE',  ( 0.000000000000000000, -1.000000000000000000, -1.807003620809173892E-16 ) ) ;
#3412 = DIRECTION ( 'NONE',  ( 0.000000000000000000, 0.000000000000000000, 1.000000000000000000 ) ) ;
#3413 = DIRECTION ( 'NONE',  ( 0.000000000000000000, -0.000000000000000000, -1.000000000000000000 ) ) ;
#3414 = FACE_OUTER_BOUND ( 'NONE', #2007, .T. ) ;
#3415 = CARTESIAN_POINT ( 'NONE',  ( -5.389999999999997904, 1.849999999999999201, 2.024999999999999023 ) ) ;
#3416 = ORIENTED_EDGE ( 'NONE', *, *, #560, .T. ) ;
#3417 = VECTOR ( 'NONE', #1271, 1000.000000000000000 ) ;
#3418 = DIRECTION ( 'NONE',  ( 1.000000000000000000, 0.000000000000000000, -0.000000000000000000 ) ) ;
#3419 = VERTEX_POINT ( 'NONE', #4741 ) ;
#3420 = ORIENTED_EDGE ( 'NONE', *, *, #2759, .F. ) ;
#3421 = CARTESIAN_POINT ( 'NONE',  ( -5.389999999999999680, 1.269999999999999796, -0.5599999999999927258 ) ) ;
#3422 = FACE_OUTER_BOUND ( 'NONE', #1536, .T. ) ;
#3423 = AXIS2_PLACEMENT_3D ( 'NONE', #5211, #1975, #1463 ) ;
#3424 = AXIS2_PLACEMENT_3D ( 'NONE', #4886, #3070, #3454 ) ;
#3425 = LINE ( 'NONE', #4595, #5707 ) ;
#3426 = DIRECTION ( 'NONE',  ( -4.494102269369967741E-16, 0.000000000000000000, 1.000000000000000000 ) ) ;
#3427 = AXIS2_PLACEMENT_3D ( 'NONE', #3771, #4303, #2784 ) ;
#3428 = EDGE_LOOP ( 'NONE', ( #56, #4060, #4037, #3774 ) ) ;
#3429 = DIRECTION ( 'NONE',  ( -1.000000000000000000, 0.000000000000000000, 0.000000000000000000 ) ) ;
#3430 = ORIENTED_EDGE ( 'NONE', *, *, #4699, .F. ) ;
#3431 = LINE ( 'NONE', #4637, #5525 ) ;
#3432 = VERTEX_POINT ( 'NONE', #4840 ) ;
#3433 = ORIENTED_EDGE ( 'NONE', *, *, #2579, .F. ) ;
#3434 = VECTOR ( 'NONE', #567, 1000.000000000000000 ) ;
#3435 = VECTOR ( 'NONE', #6162, 1000.000000000000000 ) ;
#3436 = LINE ( 'NONE', #3761, #1242 ) ;
#3437 = ORIENTED_EDGE ( 'NONE', *, *, #2716, .F. ) ;
#3438 =( GEOMETRIC_REPRESENTATION_CONTEXT ( 3 ) GLOBAL_UNCERTAINTY_ASSIGNED_CONTEXT ( ( #2158 ) ) GLOBAL_UNIT_ASSIGNED_CONTEXT ( ( #4587, #3520, #204 ) ) REPRESENTATION_CONTEXT ( 'NONE', 'WORKASPACE' ) );
#3439 = DIRECTION ( 'NONE',  ( 0.000000000000000000, -1.000000000000000000, -1.807003620809173892E-16 ) ) ;
#3440 = VECTOR ( 'NONE', #491, 1000.000000000000000 ) ;
#3441 = ORIENTED_EDGE ( 'NONE', *, *, #2513, .F. ) ;
#3442 = LINE ( 'NONE', #2636, #3222 ) ;
#3443 = CARTESIAN_POINT ( 'NONE',  ( 0.000000000000000000, 0.000000000000000000, 0.000000000000000000 ) ) ;
#3444 = CARTESIAN_POINT ( 'NONE',  ( -6.325000000000002842, -3.252606517456513302E-16, 1.585000000000007958 ) ) ;
#3445 = CARTESIAN_POINT ( 'NONE',  ( -0.1200000000000003147, 7.500000000000001776, 0.000000000000000000 ) ) ;
#3446 = ORIENTED_EDGE ( 'NONE', *, *, #3049, .T. ) ;
#3447 = ORIENTED_EDGE ( 'NONE', *, *, #5592, .F. ) ;
#3448 = CARTESIAN_POINT ( 'NONE',  ( -6.325000000000001066, 9.900000000000000355, -1.584999999999999964 ) ) ;
#3449 = LINE ( 'NONE', #3244, #5614 ) ;
#3450 = LINE ( 'NONE', #4375, #1492 ) ;
#3451 = FACE_OUTER_BOUND ( 'NONE', #466, .T. ) ;
#3452 = EDGE_CURVE ( 'NONE', #4696, #5385, #1757, .T. ) ;
#3453 = ORIENTED_EDGE ( 'NONE', *, *, #2413, .F. ) ;
#3454 = DIRECTION ( 'NONE',  ( -1.000000000000000000, 0.000000000000000000, -0.000000000000000000 ) ) ;
#3455 = LINE ( 'NONE', #399, #1278 ) ;
#3456 = ORIENTED_EDGE ( 'NONE', *, *, #2135, .F. ) ;
#3457 = VECTOR ( 'NONE', #3132, 1000.000000000000000 ) ;
#3458 = EDGE_CURVE ( 'NONE', #3667, #5454, #1852, .T. ) ;
#3459 = VERTEX_POINT ( 'NONE', #2050 ) ;
#3460 = ORIENTED_EDGE ( 'NONE', *, *, #1660, .F. ) ;
#3461 = FACE_OUTER_BOUND ( 'NONE', #3118, .T. ) ;
#3462 = CARTESIAN_POINT ( 'NONE',  ( 2.879999999999999893, 7.500000000000001776, 0.000000000000000000 ) ) ;
#3463 = CARTESIAN_POINT ( 'NONE',  ( 6.325000000000001066, 0.000000000000000000, 1.884999999999999343 ) ) ;
#3464 = CARTESIAN_POINT ( 'NONE',  ( 0.08045454545454458484, 7.618636363636364095, 0.3954545454545445593 ) ) ;
#3465 = DIRECTION ( 'NONE',  ( 0.000000000000000000, -1.801998070613027504E-16, 1.000000000000000000 ) ) ;
#3466 = LINE ( 'NONE', #468, #5576 ) ;
#3467 = FACE_OUTER_BOUND ( 'NONE', #5537, .T. ) ;
#3468 = DIRECTION ( 'NONE',  ( -0.000000000000000000, -0.000000000000000000, 1.000000000000000000 ) ) ;
#3469 = VERTEX_POINT ( 'NONE', #2523 ) ;
#3470 = EDGE_CURVE ( 'NONE', #3735, #3487, #1704, .T. ) ;
#3471 = LINE ( 'NONE', #840, #3351 ) ;
#3472 = ORIENTED_EDGE ( 'NONE', *, *, #6017, .F. ) ;
#3473 = FACE_OUTER_BOUND ( 'NONE', #2822, .T. ) ;
#3474 = DIRECTION ( 'NONE',  ( 0.000000000000000000, -0.000000000000000000, 1.000000000000000000 ) ) ;
#3475 = ORIENTED_EDGE ( 'NONE', *, *, #3569, .F. ) ;
#3476 = ORIENTED_EDGE ( 'NONE', *, *, #976, .T. ) ;
#3477 = EDGE_CURVE ( 'NONE', #4634, #1423, #3829, .T. ) ;
#3478 = DIRECTION ( 'NONE',  ( -1.000000000000000000, -0.000000000000000000, 0.000000000000000000 ) ) ;
#3479 = LINE ( 'NONE', #2004, #5641 ) ;
#3480 = FACE_OUTER_BOUND ( 'NONE', #5453, .T. ) ;
#3481 = VERTEX_POINT ( 'NONE', #54 ) ;
#3482 = PLANE ( 'NONE',  #3608 ) ;
#3483 = LINE ( 'NONE', #5079, #5536 ) ;
#3484 = EDGE_CURVE ( 'NONE', #2208, #1511, #5890, .T. ) ;
#3485 = EDGE_LOOP ( 'NONE', ( #3801, #1771, #6031, #2798 ) ) ;
#3486 = VECTOR ( 'NONE', #4395, 1000.000000000000000 ) ;
#3487 = VERTEX_POINT ( 'NONE', #3392 ) ;
#3488 = ORIENTED_EDGE ( 'NONE', *, *, #4652, .F. ) ;
#3489 = FACE_OUTER_BOUND ( 'NONE', #5648, .T. ) ;
#3490 = LINE ( 'NONE', #346, #3595 ) ;
#3491 = VECTOR ( 'NONE', #1162, 1000.000000000000000 ) ;
#3492 = EDGE_LOOP ( 'NONE', ( #2351, #230, #4761, #2491 ) ) ;
#3493 = EDGE_CURVE ( 'NONE', #3680, #3921, #5968, .T. ) ;
#3494 = ADVANCED_FACE ( 'NONE', ( #5864 ), #901, .T. ) ;
#3495 = DIRECTION ( 'NONE',  ( 1.000000000000000000, 0.000000000000000000, -1.707404996040164265E-16 ) ) ;
#3496 = FACE_OUTER_BOUND ( 'NONE', #5528, .T. ) ;
#3497 = ORIENTED_EDGE ( 'NONE', *, *, #937, .F. ) ;
#3498 = FACE_OUTER_BOUND ( 'NONE', #3563, .T. ) ;
#3499 = CARTESIAN_POINT ( 'NONE',  ( 6.325000000000001066, 0.000000000000000000, -1.584999999999999964 ) ) ;
#3500 = SURFACE_SIDE_STYLE ('',( #1812 ) ) ;
#3501 = VERTEX_POINT ( 'NONE', #3350 ) ;
#3502 = ORIENTED_EDGE ( 'NONE', *, *, #4196, .F. ) ;
#3503 = DIRECTION ( 'NONE',  ( -0.000000000000000000, -1.000000000000000000, -0.000000000000000000 ) ) ;
#3504 = PLANE ( 'NONE',  #5542 ) ;
#3505 = LINE ( 'NONE', #5127, #3517 ) ;
#3506 = VECTOR ( 'NONE', #676, 1000.000000000000000 ) ;
#3507 = FACE_OUTER_BOUND ( 'NONE', #847, .T. ) ;
#3508 = DIRECTION ( 'NONE',  ( -4.494102269369967741E-16, 1.618212197739558882E-16, -1.000000000000000000 ) ) ;
#3509 = EDGE_CURVE ( 'NONE', #456, #4340, #1673, .T. ) ;
#3510 = EDGE_CURVE ( 'NONE', #4121, #3378, #3745, .T. ) ;
#3511 = VECTOR ( 'NONE', #2806, 1000.000000000000000 ) ;
#3512 = ORIENTED_EDGE ( 'NONE', *, *, #4652, .T. ) ;
#3513 = FACE_OUTER_BOUND ( 'NONE', #574, .T. ) ;
#3514 = PLANE ( 'NONE',  #4612 ) ;
#3515 = ORIENTED_EDGE ( 'NONE', *, *, #3009, .T. ) ;
#3516 = EDGE_LOOP ( 'NONE', ( #2327, #782, #438 ) ) ;
#3517 = VECTOR ( 'NONE', #4054, 1000.000000000000000 ) ;
#3518 = DIRECTION ( 'NONE',  ( 0.000000000000000000, 0.000000000000000000, -1.000000000000000000 ) ) ;
#3519 = DIRECTION ( 'NONE',  ( 0.000000000000000000, 0.000000000000000000, 1.000000000000000000 ) ) ;
#3520 =( NAMED_UNIT ( * ) PLANE_ANGLE_UNIT ( ) SI_UNIT ( $, .RADIAN. ) );
#3521 = VECTOR ( 'NONE', #2381, 1000.000000000000000 ) ;
#3522 = LINE ( 'NONE', #1880, #5577 ) ;
#3523 = DIRECTION ( 'NONE',  ( 1.000000000000000000, -0.000000000000000000, -0.000000000000000000 ) ) ;
#3524 = LINE ( 'NONE', #879, #3511 ) ;
#3525 = ORIENTED_EDGE ( 'NONE', *, *, #500, .F. ) ;
#3526 = VECTOR ( 'NONE', #4816, 1000.000000000000000 ) ;
#3527 = AXIS2_PLACEMENT_3D ( 'NONE', #3375, #2511, #2569 ) ;
#3528 = DIRECTION ( 'NONE',  ( 0.000000000000000000, 1.801998070613027504E-16, -1.000000000000000000 ) ) ;
#3529 = AXIS2_PLACEMENT_3D ( 'NONE', #4055, #1182, #5489 ) ;
#3530 = VERTEX_POINT ( 'NONE', #2943 ) ;
#3531 = ORIENTED_EDGE ( 'NONE', *, *, #1186, .T. ) ;
#3532 = EDGE_CURVE ( 'NONE', #2248, #3642, #1774, .T. ) ;
#3533 = CARTESIAN_POINT ( 'NONE',  ( -6.325000000000002842, 0.6699999999999997069, 1.585000000000007736 ) ) ;
#3534 = AXIS2_PLACEMENT_3D ( 'NONE', #2670, #5917, #4988 ) ;
#3535 = LINE ( 'NONE', #2915, #3568 ) ;
#3536 = VECTOR ( 'NONE', #3385, 1000.000000000000000 ) ;
#3537 = LINE ( 'NONE', #4558, #5718 ) ;
#3538 = VECTOR ( 'NONE', #164, 1000.000000000000000 ) ;
#3539 = ORIENTED_EDGE ( 'NONE', *, *, #2448, .T. ) ;
#3540 = LINE ( 'NONE', #4317, #5673 ) ;
#3541 = ORIENTED_EDGE ( 'NONE', *, *, #4539, .F. ) ;
#3542 = ORIENTED_EDGE ( 'NONE', *, *, #4148, .T. ) ;
#3543 = LINE ( 'NONE', #2025, #1544 ) ;
#3544 = PLANE ( 'NONE',  #5959 ) ;
#3545 = VECTOR ( 'NONE', #4337, 1000.000000000000000 ) ;
#3546 = VECTOR ( 'NONE', #2515, 1000.000000000000000 ) ;
#3547 = CARTESIAN_POINT ( 'NONE',  ( 1.300000000000000044, 8.149999999999998579, -2.785000000000001030 ) ) ;
#3548 = FACE_OUTER_BOUND ( 'NONE', #2211, .T. ) ;
#3549 = EDGE_LOOP ( 'NONE', ( #5862, #1599, #2186, #4365 ) ) ;
#3550 = DIRECTION ( 'NONE',  ( 0.9486832980505147672, 0.3162277660168352766, -0.000000000000000000 ) ) ;
#3551 = DIRECTION ( 'NONE',  ( 0.000000000000000000, 1.000000000000000000, -3.236424395479117765E-16 ) ) ;
#3552 = DIRECTION ( 'NONE',  ( 7.272411110183514588E-32, -1.000000000000000000, -1.618212197739558882E-16 ) ) ;
#3553 = ORIENTED_EDGE ( 'NONE', *, *, #3673, .T. ) ;
#3554 = ORIENTED_EDGE ( 'NONE', *, *, #3130, .T. ) ;
#3555 = CARTESIAN_POINT ( 'NONE',  ( -0.3200000000000008393, 0.6699999999999998179, 1.190000000000007940 ) ) ;
#3556 = CARTESIAN_POINT ( 'NONE',  ( 2.680000000000000160, 1.269999999999999796, 1.190000000000003499 ) ) ;
#3557 = LINE ( 'NONE', #6104, #5476 ) ;
#3558 = LINE ( 'NONE', #4942, #3402 ) ;
#3559 = LINE ( 'NONE', #2571, #5708 ) ;
#3560 = DIRECTION ( 'NONE',  ( 1.000000000000000000, -0.000000000000000000, 0.000000000000000000 ) ) ;
#3561 = ADVANCED_FACE ( 'NONE', ( #3840 ), #5340, .F. ) ;
#3562 = SURFACE_STYLE_FILL_AREA ( #959 ) ;
#3563 = EDGE_LOOP ( 'NONE', ( #3734, #3619, #3848, #3754, #4430, #1623, #6001, #3604 ) ) ;
#3564 = VECTOR ( 'NONE', #5881, 1000.000000000000000 ) ;
#3565 = CARTESIAN_POINT ( 'NONE',  ( -6.325000000000003730, 0.6699999999999998179, -0.5599999999999923928 ) ) ;
#3566 = VERTEX_POINT ( 'NONE', #4911 ) ;
#3567 = VERTEX_POINT ( 'NONE', #2609 ) ;
#3568 = VECTOR ( 'NONE', #5891, 1000.000000000000000 ) ;
#3569 = EDGE_CURVE ( 'NONE', #4696, #1864, #1785, .T. ) ;
#3570 = DIRECTION ( 'NONE',  ( -0.9486832980505147672, 0.3162277660168352766, 0.000000000000000000 ) ) ;
#3571 = CARTESIAN_POINT ( 'NONE',  ( 6.324999999999999289, 9.900000000000000355, 1.774999999999998357 ) ) ;
#3572 = DIRECTION ( 'NONE',  ( 1.000000000000000000, -0.000000000000000000, -4.494102269369967741E-16 ) ) ;
#3573 = LINE ( 'NONE', #3197, #3583 ) ;
#3574 = LINE ( 'NONE', #2888, #3731 ) ;
#3575 = CARTESIAN_POINT ( 'NONE',  ( 4.939999999999999503, 0.6699999999999998179, 1.190000000000007940 ) ) ;
#3576 = ORIENTED_EDGE ( 'NONE', *, *, #158, .T. ) ;
#3577 = LINE ( 'NONE', #3841, #5662 ) ;
#3578 = CARTESIAN_POINT ( 'NONE',  ( -3.320000000000000728, 1.269999999999999796, 1.190000000000006386 ) ) ;
#3579 = ADVANCED_FACE ( 'NONE', ( #1808 ), #1227, .F. ) ;
#3580 = EDGE_LOOP ( 'NONE', ( #6038, #4289, #5024, #2359 ) ) ;
#3581 = ORIENTED_EDGE ( 'NONE', *, *, #2456, .F. ) ;
#3582 = FILL_AREA_STYLE_COLOUR ( '', #3890 ) ;
#3583 = VECTOR ( 'NONE', #932, 1000.000000000000000 ) ;
#3584 = LINE ( 'NONE', #2926, #5669 ) ;
#3585 = PLANE ( 'NONE',  #394 ) ;
#3586 = CARTESIAN_POINT ( 'NONE',  ( 5.974999999999999645, -1.449999999999999956, 0.000000000000000000 ) ) ;
#3587 = VECTOR ( 'NONE', #5116, 1000.000000000000000 ) ;
#3588 = VERTEX_POINT ( 'NONE', #3027 ) ;
#3589 = CARTESIAN_POINT ( 'NONE',  ( -3.320000000000000728, 0.6699999999999998179, -0.5599999999999930589 ) ) ;
#3590 = FACE_BOUND ( 'NONE', #1373, .T. ) ;
#3591 = CARTESIAN_POINT ( 'NONE',  ( -0.3200000000000008393, 1.269999999999999796, -0.5599999999999949463 ) ) ;
#3592 = ORIENTED_EDGE ( 'NONE', *, *, #3086, .T. ) ;
#3593 = VERTEX_POINT ( 'NONE', #5487 ) ;
#3594 = CARTESIAN_POINT ( 'NONE',  ( 4.269999999999999574, 3.300000000000000711, -0.9550000000000011813 ) ) ;
#3595 = VECTOR ( 'NONE', #1696, 1000.000000000000000 ) ;
#3596 = LINE ( 'NONE', #5014, #5694 ) ;
#3597 = CARTESIAN_POINT ( 'NONE',  ( -6.325000000000003730, 0.6699999999999997069, -0.9549999999999922995 ) ) ;
#3598 = VECTOR ( 'NONE', #2071, 1000.000000000000000 ) ;
#3599 = VERTEX_POINT ( 'NONE', #357 ) ;
#3600 = VECTOR ( 'NONE', #5261, 1000.000000000000000 ) ;
#3601 = DIRECTION ( 'NONE',  ( -1.000000000000000000, 0.000000000000000000, 1.280553747030123322E-16 ) ) ;
#3602 = DIRECTION ( 'NONE',  ( 1.000000000000000000, -0.000000000000000000, -4.494102269369967741E-16 ) ) ;
#3603 = ORIENTED_EDGE ( 'NONE', *, *, #2715, .T. ) ;
#3604 = ORIENTED_EDGE ( 'NONE', *, *, #5209, .T. ) ;
#3605 = DIRECTION ( 'NONE',  ( -0.000000000000000000, 1.000000000000000000, 1.801998070613027504E-16 ) ) ;
#3606 = CARTESIAN_POINT ( 'NONE',  ( -6.325000000000001066, 0.000000000000000000, -0.9549999999999924105 ) ) ;
#3607 = LINE ( 'NONE', #2564, #3434 ) ;
#3608 = AXIS2_PLACEMENT_3D ( 'NONE', #5429, #303, #5909 ) ;
#3609 = EDGE_CURVE ( 'NONE', #2078, #1198, #3851, .T. ) ;
#3610 = AXIS2_PLACEMENT_3D ( 'NONE', #4068, #4553, #3621 ) ;
#3611 = LINE ( 'NONE', #3910, #5590 ) ;
#3612 = LINE ( 'NONE', #2481, #1493 ) ;
#3613 = MECHANICAL_DESIGN_GEOMETRIC_PRESENTATION_REPRESENTATION (  '', ( #2956 ), #1011 ) ;
#3614 = SURFACE_STYLE_USAGE ( .BOTH. , #1103 ) ;
#3615 = VECTOR ( 'NONE', #4527, 1000.000000000000000 ) ;
#3616 = EDGE_LOOP ( 'NONE', ( #3905, #5863, #2862, #3670 ) ) ;
#3617 = LINE ( 'NONE', #5142, #1483 ) ;
#3618 = VERTEX_POINT ( 'NONE', #723 ) ;
#3619 = ORIENTED_EDGE ( 'NONE', *, *, #3000, .T. ) ;
#3620 = LINE ( 'NONE', #2535, #1568 ) ;
#3621 = DIRECTION ( 'NONE',  ( 0.000000000000000000, 2.744815626545581052E-16, 1.000000000000000000 ) ) ;
#3622 = DIRECTION ( 'NONE',  ( -0.000000000000000000, 1.000000000000000000, -0.000000000000000000 ) ) ;
#3623 = DIRECTION ( 'NONE',  ( 0.000000000000000000, 1.000000000000000000, -3.212450881438528789E-16 ) ) ;
#3624 = FACE_OUTER_BOUND ( 'NONE', #4746, .T. ) ;
#3625 = LINE ( 'NONE', #1737, #1562 ) ;
#3626 = CARTESIAN_POINT ( 'NONE',  ( -4.939999999999999503, -1.081363123647112731E-15, 1.585000000000007514 ) ) ;
#3627 = EDGE_CURVE ( 'NONE', #3368, #2875, #3916, .T. ) ;
#3628 = STYLED_ITEM ( 'NONE', ( #5325 ), #2663 ) ;
#3629 = LINE ( 'NONE', #2539, #5682 ) ;
#3630 = EDGE_CURVE ( 'NONE', #5426, #682, #5923, .T. ) ;
#3631 = EDGE_LOOP ( 'NONE', ( #3835, #1527, #1826, #1470 ) ) ;
#3632 = LINE ( 'NONE', #1529, #1552 ) ;
#3633 = DIRECTION ( 'NONE',  ( 1.000000000000000000, 0.000000000000000000, -4.494102269369967741E-16 ) ) ;
#3634 = EDGE_LOOP ( 'NONE', ( #1937, #1807, #2086, #2757 ) ) ;
#3635 = VERTEX_POINT ( 'NONE', #5391 ) ;
#3636 = DIRECTION ( 'NONE',  ( 0.000000000000000000, -0.3162277660168354432, -0.9486832980505146562 ) ) ;
#3637 = FACE_OUTER_BOUND ( 'NONE', #895, .T. ) ;
#3638 = LINE ( 'NONE', #5463, #3491 ) ;
#3639 = CARTESIAN_POINT ( 'NONE',  ( 6.325000000000001066, 0.000000000000000000, -1.584999999999999964 ) ) ;
#3640 = CARTESIAN_POINT ( 'NONE',  ( -2.250000000000001332, 0.000000000000000000, 0.000000000000000000 ) ) ;
#3641 = LINE ( 'NONE', #2597, #3689 ) ;
#3642 = VERTEX_POINT ( 'NONE', #3547 ) ;
#3643 = VECTOR ( 'NONE', #5307, 1000.000000000000000 ) ;
#3644 = EDGE_CURVE ( 'NONE', #1991, #5425, #3873, .T. ) ;
#3645 = DIRECTION ( 'NONE',  ( -0.000000000000000000, 0.000000000000000000, 1.000000000000000000 ) ) ;
#3646 = ORIENTED_EDGE ( 'NONE', *, *, #2213, .F. ) ;
#3647 = VERTEX_POINT ( 'NONE', #3136 ) ;
#3648 = DIRECTION ( 'NONE',  ( -1.280553747030123322E-16, 0.000000000000000000, -1.000000000000000000 ) ) ;
#3649 = VECTOR ( 'NONE', #415, 1000.000000000000000 ) ;
#3650 = FACE_OUTER_BOUND ( 'NONE', #5499, .T. ) ;
#3651 = COLOUR_RGB ( '',0.7921568627450980005, 0.8196078431372548767, 0.9333333333333333481 ) ;
#3652 = VERTEX_POINT ( 'NONE', #684 ) ;
#3653 = LINE ( 'NONE', #3889, #3486 ) ;
#3654 = DIRECTION ( 'NONE',  ( -1.000000000000000000, -0.000000000000000000, -0.000000000000000000 ) ) ;
#3655 = ORIENTED_EDGE ( 'NONE', *, *, #1116, .F. ) ;
#3656 = VERTEX_POINT ( 'NONE', #2140 ) ;
#3657 = DIRECTION ( 'NONE',  ( 1.233548213626064722E-31, 1.000000000000000000, 2.744815626545581052E-16 ) ) ;
#3658 = DIRECTION ( 'NONE',  ( -1.000000000000000000, 0.000000000000000000, 1.280553747030123075E-16 ) ) ;
#3659 = VECTOR ( 'NONE', #1709, 1000.000000000000000 ) ;
#3660 =( NAMED_UNIT ( * ) SI_UNIT ( $, .STERADIAN. ) SOLID_ANGLE_UNIT ( ) );
#3661 = VECTOR ( 'NONE', #3353, 1000.000000000000000 ) ;
#3662 = SURFACE_STYLE_FILL_AREA ( #2686 ) ;
#3663 = CARTESIAN_POINT ( 'NONE',  ( -3.320000000000000728, 7.500000000000001776, 0.6349999999999988987 ) ) ;
#3664 = CARTESIAN_POINT ( 'NONE',  ( 0.000000000000000000, 0.000000000000000000, 0.000000000000000000 ) ) ;
#3665 = LINE ( 'NONE', #4166, #5802 ) ;
#3666 = EDGE_CURVE ( 'NONE', #4374, #5834, #5958, .T. ) ;
#3667 = VERTEX_POINT ( 'NONE', #4188 ) ;
#3668 = LINE ( 'NONE', #4749, #1455 ) ;
#3669 = ORIENTED_EDGE ( 'NONE', *, *, #3984, .T. ) ;
#3670 = ORIENTED_EDGE ( 'NONE', *, *, #4783, .F. ) ;
#3671 = LINE ( 'NONE', #3918, #1659 ) ;
#3672 = PLANE ( 'NONE',  #2355 ) ;
#3673 = EDGE_CURVE ( 'NONE', #2676, #4121, #1842, .T. ) ;
#3674 = DIRECTION ( 'NONE',  ( -0.6401843996644783763, -0.7682212795973770714, 2.877054163347382867E-16 ) ) ;
#3675 = DIRECTION ( 'NONE',  ( -1.000000000000000000, -0.000000000000000000, -0.000000000000000000 ) ) ;
#3676 = LINE ( 'NONE', #5416, #5697 ) ;
#3677 = ORIENTED_EDGE ( 'NONE', *, *, #6182, .T. ) ;
#3678 = FACE_BOUND ( 'NONE', #823, .T. ) ;
#3679 = VERTEX_POINT ( 'NONE', #2698 ) ;
#3680 = VERTEX_POINT ( 'NONE', #6102 ) ;
#3681 = DIRECTION ( 'NONE',  ( -0.9486832980505147672, 0.3162277660168352766, 0.000000000000000000 ) ) ;
#3682 = VECTOR ( 'NONE', #70, 1000.000000000000000 ) ;
#3683 = LINE ( 'NONE', #1748, #3649 ) ;
#3684 = VECTOR ( 'NONE', #638, 1000.000000000000000 ) ;
#3685 = CARTESIAN_POINT ( 'NONE',  ( -3.120000000000000551, -3.180000000000000160, 0.4349999999999975553 ) ) ;
#3686 = ADVANCED_FACE ( 'NONE', ( #3696 ), #391, .F. ) ;
#3687 = DIRECTION ( 'NONE',  ( 0.000000000000000000, 0.000000000000000000, -1.000000000000000000 ) ) ;
#3688 = AXIS2_PLACEMENT_3D ( 'NONE', #5216, #2870, #4893 ) ;
#3689 = VECTOR ( 'NONE', #4072, 1000.000000000000000 ) ;
#3690 = ORIENTED_EDGE ( 'NONE', *, *, #936, .T. ) ;
#3691 = CARTESIAN_POINT ( 'NONE',  ( -3.320000000000000728, -2.579999999999992966, -0.005000000000002157233 ) ) ;
#3692 = LINE ( 'NONE', #5833, #5596 ) ;
#3693 = SURFACE_SIDE_STYLE ('',( #5106 ) ) ;
#3694 = VERTEX_POINT ( 'NONE', #1809 ) ;
#3695 = VERTEX_POINT ( 'NONE', #4093 ) ;
#3696 = FACE_OUTER_BOUND ( 'NONE', #4899, .T. ) ;
#3697 = DIRECTION ( 'NONE',  ( 4.494102269369967741E-16, -2.744815626545581052E-16, -1.000000000000000000 ) ) ;
#3698 = VECTOR ( 'NONE', #4916, 1000.000000000000000 ) ;
#3699 = LINE ( 'NONE', #575, #1476 ) ;
#3700 = DIRECTION ( 'NONE',  ( -0.3015113445777613532, 0.9045340337332925529, 0.3015113445777610757 ) ) ;
#3701 = VECTOR ( 'NONE', #5677, 1000.000000000000000 ) ;
#3702 = ORIENTED_EDGE ( 'NONE', *, *, #513, .T. ) ;
#3703 = PRESENTATION_STYLE_ASSIGNMENT (( #3614 ) ) ;
#3704 = AXIS2_PLACEMENT_3D ( 'NONE', #803, #400, #5080 ) ;
#3705 = CARTESIAN_POINT ( 'NONE',  ( 0.1199999999999985800, -3.180000000000000160, 0.000000000000000000 ) ) ;
#3706 = EDGE_CURVE ( 'NONE', #1167, #3988, #5776, .T. ) ;
#3707 =( GEOMETRIC_REPRESENTATION_CONTEXT ( 3 ) GLOBAL_UNCERTAINTY_ASSIGNED_CONTEXT ( ( #4469 ) ) GLOBAL_UNIT_ASSIGNED_CONTEXT ( ( #1672, #2235, #2561 ) ) REPRESENTATION_CONTEXT ( 'NONE', 'WORKASPACE' ) );
#3708 = CARTESIAN_POINT ( 'NONE',  ( 5.389999999999999680, 1.699999999999999956, -1.584999999999999964 ) ) ;
#3709 = CARTESIAN_POINT ( 'NONE',  ( -1.270000000000001128, 3.300000000000000711, 1.584999999999999076 ) ) ;
#3710 = ADVANCED_FACE ( 'NONE', ( #5784 ), #6002, .F. ) ;
#3711 = ORIENTED_EDGE ( 'NONE', *, *, #3673, .F. ) ;
#3712 = ORIENTED_EDGE ( 'NONE', *, *, #4906, .F. ) ;
#3713 = PLANE ( 'NONE',  #1949 ) ;
#3714 = AXIS2_PLACEMENT_3D ( 'NONE', #2143, #3550, #2581 ) ;
#3715 = DIRECTION ( 'NONE',  ( -4.494102269369967741E-16, -0.000000000000000000, 1.000000000000000000 ) ) ;
#3716 = VECTOR ( 'NONE', #5210, 1000.000000000000000 ) ;
#3717 = VECTOR ( 'NONE', #1844, 1000.000000000000000 ) ;
#3718 = FACE_OUTER_BOUND ( 'NONE', #2142, .T. ) ;
#3719 = CARTESIAN_POINT ( 'NONE',  ( 0.000000000000000000, 1.349999999999999867, 4.573977915173221831E-16 ) ) ;
#3720 = PLANE ( 'NONE',  #2531 ) ;
#3721 = LINE ( 'NONE', #699, #3783 ) ;
#3722 = ORIENTED_EDGE ( 'NONE', *, *, #4148, .F. ) ;
#3723 = ORIENTED_EDGE ( 'NONE', *, *, #158, .F. ) ;
#3724 = ORIENTED_EDGE ( 'NONE', *, *, #1902, .T. ) ;
#3725 = LINE ( 'NONE', #1811, #5875 ) ;
#3726 = DIRECTION ( 'NONE',  ( -1.000000000000000000, 0.000000000000000000, -0.000000000000000000 ) ) ;
#3727 = AXIS2_PLACEMENT_3D ( 'NONE', #6194, #1431, #2029 ) ;
#3728 = EDGE_CURVE ( 'NONE', #1736, #2386, #1649, .T. ) ;
#3729 = CARTESIAN_POINT ( 'NONE',  ( -1.270000000000001128, 3.300000000000000711, -0.9550000000000008482 ) ) ;
#3730 = LINE ( 'NONE', #4879, #3865 ) ;
#3731 = VECTOR ( 'NONE', #2540, 1000.000000000000000 ) ;
#3732 = CARTESIAN_POINT ( 'NONE',  ( -3.320000000000000728, 3.300000000000000711, 0.6349999999999988987 ) ) ;
#3733 = EDGE_LOOP ( 'NONE', ( #5571, #5130, #642, #5473 ) ) ;
#3734 = ORIENTED_EDGE ( 'NONE', *, *, #4078, .T. ) ;
#3735 = VERTEX_POINT ( 'NONE', #5030 ) ;
#3736 = VECTOR ( 'NONE', #4051, 1000.000000000000000 ) ;
#3737 = COLOUR_RGB ( '',1.000000000000000000, 0.8117647058823529438, 0.5019607843137254832 ) ;
#3738 = FACE_OUTER_BOUND ( 'NONE', #4323, .T. ) ;
#3739 = DIRECTION ( 'NONE',  ( 0.000000000000000000, -1.000000000000000000, 0.000000000000000000 ) ) ;
#3740 = DIRECTION ( 'NONE',  ( 1.000000000000000000, -0.000000000000000000, -4.494102269369967741E-16 ) ) ;
#3741 = ORIENTED_EDGE ( 'NONE', *, *, #949, .F. ) ;
#3742 = DIRECTION ( 'NONE',  ( 0.000000000000000000, -0.000000000000000000, -1.000000000000000000 ) ) ;
#3743 = VERTEX_POINT ( 'NONE', #2637 ) ;
#3744 = ORIENTED_EDGE ( 'NONE', *, *, #421, .F. ) ;
#3745 = LINE ( 'NONE', #1571, #5902 ) ;
#3746 = EDGE_CURVE ( 'NONE', #4974, #5778, #4127, .T. ) ;
#3747 = VECTOR ( 'NONE', #1796, 1000.000000000000000 ) ;
#3748 = CARTESIAN_POINT ( 'NONE',  ( 1.729999999999998872, 3.300000000000000711, 1.584999999999999076 ) ) ;
#3749 = EDGE_CURVE ( 'NONE', #2112, #6004, #6034, .T. ) ;
#3750 = VECTOR ( 'NONE', #6076, 1000.000000000000000 ) ;
#3751 = ORIENTED_EDGE ( 'NONE', *, *, #4252, .F. ) ;
#3752 = CARTESIAN_POINT ( 'NONE',  ( -4.924999999999998934, 8.499999999999996447, -0.9550000000000011813 ) ) ;
#3753 = CARTESIAN_POINT ( 'NONE',  ( -1.300000000000000044, 9.350000000000001421, -1.585000000000000187 ) ) ;
#3754 = ORIENTED_EDGE ( 'NONE', *, *, #5544, .T. ) ;
#3755 = VERTEX_POINT ( 'NONE', #876 ) ;
#3756 = DIRECTION ( 'NONE',  ( 0.000000000000000000, -1.000000000000000000, 3.236424395479117765E-16 ) ) ;
#3757 = VECTOR ( 'NONE', #3439, 1000.000000000000000 ) ;
#3758 = EDGE_CURVE ( 'NONE', #4067, #1610, #1868, .T. ) ;
#3759 = VECTOR ( 'NONE', #1044, 1000.000000000000000 ) ;
#3760 = LINE ( 'NONE', #4220, #5880 ) ;
#3761 = CARTESIAN_POINT ( 'NONE',  ( -3.757474226804121908, 0.3979381443298946053, 4.702525773195877612 ) ) ;
#3762 = SURFACE_STYLE_FILL_AREA ( #1589 ) ;
#3763 = VERTEX_POINT ( 'NONE', #2506 ) ;
#3764 = ADVANCED_FACE ( 'NONE', ( #6138 ), #4320, .T. ) ;
#3765 = VERTEX_POINT ( 'NONE', #4400 ) ;
#3766 = VERTEX_POINT ( 'NONE', #3316 ) ;
#3767 = LINE ( 'NONE', #3708, #3682 ) ;
#3768 = CARTESIAN_POINT ( 'NONE',  ( 1.250000000000001110, 0.000000000000000000, 0.000000000000000000 ) ) ;
#3769 = LINE ( 'NONE', #1518, #3698 ) ;
#3770 = VECTOR ( 'NONE', #5689, 1000.000000000000000 ) ;
#3771 = CARTESIAN_POINT ( 'NONE',  ( -0.3200000000000008393, 7.500000000000001776, 0.6349999999999988987 ) ) ;
#3772 = VERTEX_POINT ( 'NONE', #2472 ) ;
#3773 = ORIENTED_EDGE ( 'NONE', *, *, #730, .T. ) ;
#3774 = ORIENTED_EDGE ( 'NONE', *, *, #2545, .T. ) ;
#3775 = DIRECTION ( 'NONE',  ( -0.3015113445777614087, -0.9045340337332923308, -0.3015113445777614087 ) ) ;
#3776 = LINE ( 'NONE', #2009, #3815 ) ;
#3777 = EDGE_CURVE ( 'NONE', #5032, #1983, #6108, .T. ) ;
#3778 = EDGE_CURVE ( 'NONE', #682, #5551, #1997, .T. ) ;
#3779 = VECTOR ( 'NONE', #3303, 1000.000000000000000 ) ;
#3780 = VECTOR ( 'NONE', #6174, 1000.000000000000000 ) ;
#3781 = CARTESIAN_POINT ( 'NONE',  ( -1.250000000000001110, 1.849999999999999201, 2.774999999999998135 ) ) ;
#3782 = CARTESIAN_POINT ( 'NONE',  ( -2.680000000000001048, 1.350000000000000089, -1.585000000000000409 ) ) ;
#3783 = VECTOR ( 'NONE', #4968, 1000.000000000000000 ) ;
#3784 = EDGE_LOOP ( 'NONE', ( #5056, #2976, #3408, #1393 ) ) ;
#3785 = CARTESIAN_POINT ( 'NONE',  ( 4.269999999999999574, 9.900000000000000355, 1.584999999999998632 ) ) ;
#3786 = ORIENTED_EDGE ( 'NONE', *, *, #2967, .F. ) ;
#3787 = ORIENTED_EDGE ( 'NONE', *, *, #6097, .F. ) ;
#3788 = LINE ( 'NONE', #2095, #1734 ) ;
#3789 = CARTESIAN_POINT ( 'NONE',  ( -6.325000000000002842, 1.269999999999999796, 1.190000000000007718 ) ) ;
#3790 = EDGE_LOOP ( 'NONE', ( #2725, #269, #4100, #6180, #708, #1851, #4818, #5016, #665, #2173, #116, #2040 ) ) ;
#3791 = PRESENTATION_LAYER_ASSIGNMENT (  '', '', ( #171 ) ) ;
#3792 = AXIS2_PLACEMENT_3D ( 'NONE', #1665, #5967, #397 ) ;
#3793 = LINE ( 'NONE', #6133, #1675 ) ;
#3794 = AXIS2_PLACEMENT_3D ( 'NONE', #5291, #5861, #1009 ) ;
#3795 = DIRECTION ( 'NONE',  ( 0.000000000000000000, 0.000000000000000000, -1.000000000000000000 ) ) ;
#3796 = VECTOR ( 'NONE', #3465, 1000.000000000000000 ) ;
#3797 = ORIENTED_EDGE ( 'NONE', *, *, #4310, .F. ) ;
#3798 = CARTESIAN_POINT ( 'NONE',  ( -4.939999999999999503, 1.699999999999998623, 2.024999999999999023 ) ) ;
#3799 = CARTESIAN_POINT ( 'NONE',  ( 6.325000000000001066, -3.252606517456513302E-16, 1.585000000000002407 ) ) ;
#3800 = VERTEX_POINT ( 'NONE', #2802 ) ;
#3801 = ORIENTED_EDGE ( 'NONE', *, *, #4499, .F. ) ;
#3802 = CARTESIAN_POINT ( 'NONE',  ( -6.325000000000003730, 1.269999999999999796, -0.5599999999999922817 ) ) ;
#3803 = CARTESIAN_POINT ( 'NONE',  ( -4.924999999999998934, 9.900000000000000355, -0.9550000000000011813 ) ) ;
#3804 = VECTOR ( 'NONE', #1014, 1000.000000000000000 ) ;
#3805 = ORIENTED_EDGE ( 'NONE', *, *, #4279, .T. ) ;
#3806 = LINE ( 'NONE', #5136, #5866 ) ;
#3807 = LINE ( 'NONE', #1843, #1900 ) ;
#3808 = CARTESIAN_POINT ( 'NONE',  ( -6.325000000000003730, 0.6699999999999997069, -0.9549999999999922995 ) ) ;
#3809 = VECTOR ( 'NONE', #1034, 1000.000000000000000 ) ;
#3810 = ORIENTED_EDGE ( 'NONE', *, *, #2954, .F. ) ;
#3811 =( GEOMETRIC_REPRESENTATION_CONTEXT ( 3 ) GLOBAL_UNCERTAINTY_ASSIGNED_CONTEXT ( ( #2075 ) ) GLOBAL_UNIT_ASSIGNED_CONTEXT ( ( #64, #5108, #5181 ) ) REPRESENTATION_CONTEXT ( 'NONE', 'WORKASPACE' ) );
#3812 = ORIENTED_EDGE ( 'NONE', *, *, #1593, .T. ) ;
#3813 = ORIENTED_EDGE ( 'NONE', *, *, #193, .T. ) ;
#3814 = CARTESIAN_POINT ( 'NONE',  ( -3.320000000000000728, 0.6699999999999997069, 1.585000000000006626 ) ) ;
#3815 = VECTOR ( 'NONE', #3964, 1000.000000000000000 ) ;
#3816 = DIRECTION ( 'NONE',  ( 1.000000000000000000, -0.000000000000000000, -4.494102269369967741E-16 ) ) ;
#3817 = DIRECTION ( 'NONE',  ( 0.000000000000000000, -1.000000000000000000, -1.618212197739558882E-16 ) ) ;
#3818 = LINE ( 'NONE', #613, #3759 ) ;
#3819 = VECTOR ( 'NONE', #6089, 1000.000000000000000 ) ;
#3820 = EDGE_CURVE ( 'NONE', #1688, #5521, #2066, .T. ) ;
#3821 = FILL_AREA_STYLE_COLOUR ( '', #5600 ) ;
#3822 = LINE ( 'NONE', #4556, #1535 ) ;
#3823 = ORIENTED_EDGE ( 'NONE', *, *, #765, .T. ) ;
#3824 = ADVANCED_FACE ( 'NONE', ( #4049 ), #4447, .F. ) ;
#3825 = EDGE_CURVE ( 'NONE', #3763, #2262, #4139, .T. ) ;
#3826 = ORIENTED_EDGE ( 'NONE', *, *, #4941, .T. ) ;
#3827 = ORIENTED_EDGE ( 'NONE', *, *, #3532, .F. ) ;
#3828 = CARTESIAN_POINT ( 'NONE',  ( -1.300000000000000044, 7.400000000000000355, -2.785000000000001030 ) ) ;
#3829 = LINE ( 'NONE', #2463, #3862 ) ;
#3830 = CARTESIAN_POINT ( 'NONE',  ( 3.119999999999998774, -3.180000000000000160, 0.000000000000000000 ) ) ;
#3831 = VECTOR ( 'NONE', #5395, 1000.000000000000000 ) ;
#3832 = VECTOR ( 'NONE', #3904, 1000.000000000000000 ) ;
#3833 = CARTESIAN_POINT ( 'NONE',  ( 6.000000000000000000, -3.180000000000000160, 0.000000000000000000 ) ) ;
#3834 = CARTESIAN_POINT ( 'NONE',  ( -0.3200000000000008393, 1.349999999999999645, 0.6349999999999985656 ) ) ;
#3835 = ORIENTED_EDGE ( 'NONE', *, *, #3970, .F. ) ;
#3836 = CARTESIAN_POINT ( 'NONE',  ( -1.250000000000001110, 8.300000000000000711, 2.774999999999999467 ) ) ;
#3837 = PLANE ( 'NONE',  #5985 ) ;
#3838 = VERTEX_POINT ( 'NONE', #5703 ) ;
#3839 = ORIENTED_EDGE ( 'NONE', *, *, #1690, .F. ) ;
#3840 = FACE_OUTER_BOUND ( 'NONE', #1321, .T. ) ;
#3841 = CARTESIAN_POINT ( 'NONE',  ( 4.924999999999998934, 8.499999999999996447, 1.044999999999998819 ) ) ;
#3842 = FACE_OUTER_BOUND ( 'NONE', #5947, .T. ) ;
#3843 = CARTESIAN_POINT ( 'NONE',  ( 3.119999999999998774, 7.500000000000001776, 0.4349999999999983324 ) ) ;
#3844 = SURFACE_SIDE_STYLE ('',( #2080 ) ) ;
#3845 = ORIENTED_EDGE ( 'NONE', *, *, #5854, .F. ) ;
#3846 = DIRECTION ( 'NONE',  ( -0.000000000000000000, -1.000000000000000000, -0.000000000000000000 ) ) ;
#3847 = CARTESIAN_POINT ( 'NONE',  ( 0.000000000000000000, 3.300000000000000711, 0.000000000000000000 ) ) ;
#3848 = ORIENTED_EDGE ( 'NONE', *, *, #2832, .F. ) ;
#3849 = VERTEX_POINT ( 'NONE', #4788 ) ;
#3850 = CARTESIAN_POINT ( 'NONE',  ( -4.939999999999999503, -1.081363123647112731E-15, -0.9549999999999929656 ) ) ;
#3851 = LINE ( 'NONE', #4573, #3736 ) ;
#3852 = DIRECTION ( 'NONE',  ( -1.000000000000000000, 0.000000000000000000, -0.000000000000000000 ) ) ;
#3853 = FACE_OUTER_BOUND ( 'NONE', #6115, .T. ) ;
#3854 = FACE_OUTER_BOUND ( 'NONE', #5208, .T. ) ;
#3855 = CARTESIAN_POINT ( 'NONE',  ( -1.250000000000001110, 8.300000000000000711, 2.774999999999999467 ) ) ;
#3856 = EDGE_CURVE ( 'NONE', #5339, #953, #6169, .T. ) ;
#3857 = ORIENTED_EDGE ( 'NONE', *, *, #6097, .T. ) ;
#3858 = DIRECTION ( 'NONE',  ( 0.000000000000000000, -2.995465716473997569E-16, -1.000000000000000000 ) ) ;
#3859 = ADVANCED_FACE ( 'NONE', ( #11 ), #5793, .F. ) ;
#3860 = VERTEX_POINT ( 'NONE', #1322 ) ;
#3861 = ORIENTED_EDGE ( 'NONE', *, *, #6039, .F. ) ;
#3862 = VECTOR ( 'NONE', #2904, 1000.000000000000000 ) ;
#3863 = SURFACE_SIDE_STYLE ('',( #4167 ) ) ;
#3864 = CARTESIAN_POINT ( 'NONE',  ( 3.261818181818181728, -2.754545454545446415, 0.5768181818181806753 ) ) ;
#3865 = VECTOR ( 'NONE', #2946, 1000.000000000000000 ) ;
#3866 = VECTOR ( 'NONE', #523, 1000.000000000000000 ) ;
#3867 = ORIENTED_EDGE ( 'NONE', *, *, #3130, .F. ) ;
#3868 = EDGE_CURVE ( 'NONE', #3137, #1779, #1973, .T. ) ;
#3869 = AXIS2_PLACEMENT_3D ( 'NONE', #4599, #355, #2263 ) ;
#3870 = ORIENTED_EDGE ( 'NONE', *, *, #820, .T. ) ;
#3871 = ORIENTED_EDGE ( 'NONE', *, *, #1750, .F. ) ;
#3872 = ADVANCED_FACE ( 'NONE', ( #4041 ), #4356, .F. ) ;
#3873 = LINE ( 'NONE', #1181, #1625 ) ;
#3874 = ORIENTED_EDGE ( 'NONE', *, *, #2357, .F. ) ;
#3875 = CARTESIAN_POINT ( 'NONE',  ( 3.261818181818181728, -2.754545454545446415, 0.05318181818181508258 ) ) ;
#3876 = VECTOR ( 'NONE', #104, 1000.000000000000000 ) ;
#3877 = LINE ( 'NONE', #671, #5993 ) ;
#3878 = CARTESIAN_POINT ( 'NONE',  ( -6.325000000000003730, 0.6699999999999997069, -0.9549999999999922995 ) ) ;
#3879 = CARTESIAN_POINT ( 'NONE',  ( 1.269999999999999130, 9.900000000000000355, 0.9349999999999940581 ) ) ;
#3880 = ORIENTED_EDGE ( 'NONE', *, *, #5235, .T. ) ;
#3881 = DIRECTION ( 'NONE',  ( 1.000000000000000000, 0.000000000000000000, 0.000000000000000000 ) ) ;
#3882 = CARTESIAN_POINT ( 'NONE',  ( 4.939999999999999503, 1.699999999999999956, 2.024999999999999023 ) ) ;
#3883 = ADVANCED_FACE ( 'NONE', ( #3928 ), #5750, .F. ) ;
#3884 = ORIENTED_EDGE ( 'NONE', *, *, #1945, .F. ) ;
#3885 = VERTEX_POINT ( 'NONE', #3113 ) ;
#3886 = VECTOR ( 'NONE', #619, 1000.000000000000000 ) ;
#3887 = EDGE_CURVE ( 'NONE', #1392, #5157, #6083, .T. ) ;
#3888 = STYLED_ITEM ( 'NONE', ( #1985 ), #3883 ) ;
#3889 = CARTESIAN_POINT ( 'NONE',  ( 3.319999999999998508, 1.269999999999999796, 1.190000000000007718 ) ) ;
#3890 = COLOUR_RGB ( '',1.000000000000000000, 0.8117647058823529438, 0.5019607843137254832 ) ;
#3891 = CARTESIAN_POINT ( 'NONE',  ( -3.320000000000000728, 0.000000000000000000, 2.024999999999999023 ) ) ;
#3892 = EDGE_LOOP ( 'NONE', ( #3857, #4006, #5688, #1755 ) ) ;
#3893 = DIRECTION ( 'NONE',  ( 0.000000000000000000, -1.000000000000000000, -1.801998070613027504E-16 ) ) ;
#3894 = FILL_AREA_STYLE ('',( #1537 ) ) ;
#3895 = ORIENTED_EDGE ( 'NONE', *, *, #1346, .F. ) ;
#3896 = ORIENTED_EDGE ( 'NONE', *, *, #3970, .T. ) ;
#3897 = CARTESIAN_POINT ( 'NONE',  ( 0.3199999999999991185, -2.579999999999992966, 0.6349999999999978995 ) ) ;
#3898 = LINE ( 'NONE', #475, #5853 ) ;
#3899 = DIRECTION ( 'NONE',  ( 4.494102269369967741E-16, 0.000000000000000000, 1.000000000000000000 ) ) ;
#3900 = UNCERTAINTY_MEASURE_WITH_UNIT (LENGTH_MEASURE( 1.000000000000000082E-05 ), #1156, 'distance_accuracy_value', 'NONE');
#3901 = EDGE_CURVE ( 'NONE', #3273, #4197, #1877, .T. ) ;
#3902 = PLANE ( 'NONE',  #2426 ) ;
#3903 = ORIENTED_EDGE ( 'NONE', *, *, #5670, .F. ) ;
#3904 = DIRECTION ( 'NONE',  ( -0.000000000000000000, -0.000000000000000000, 1.000000000000000000 ) ) ;
#3905 = ORIENTED_EDGE ( 'NONE', *, *, #1862, .T. ) ;
#3906 = VERTEX_POINT ( 'NONE', #3153 ) ;
#3907 = VECTOR ( 'NONE', #2580, 1000.000000000000000 ) ;
#3908 = EDGE_CURVE ( 'NONE', #4340, #4057, #4000, .T. ) ;
#3909 =( LENGTH_UNIT ( ) NAMED_UNIT ( * ) SI_UNIT ( .MILLI., .METRE. ) );
#3910 = CARTESIAN_POINT ( 'NONE',  ( -2.680000000000001048, -1.081363123647112731E-15, -1.584999999999999964 ) ) ;
#3911 = VECTOR ( 'NONE', #1857, 1000.000000000000000 ) ;
#3912 = CARTESIAN_POINT ( 'NONE',  ( 0.000000000000000000, 0.000000000000000000, 0.000000000000000000 ) ) ;
#3913 = EDGE_LOOP ( 'NONE', ( #284, #396, #5094, #132 ) ) ;
#3914 = VERTEX_POINT ( 'NONE', #698 ) ;
#3915 = ORIENTED_EDGE ( 'NONE', *, *, #6166, .F. ) ;
#3916 = LINE ( 'NONE', #222, #5807 ) ;
#3917 = EDGE_CURVE ( 'NONE', #3407, #1882, #6008, .T. ) ;
#3918 = CARTESIAN_POINT ( 'NONE',  ( 6.000000000000000000, 7.500000000000001776, 0.1949999999999994238 ) ) ;
#3919 = LINE ( 'NONE', #2168, #1676 ) ;
#3920 = CARTESIAN_POINT ( 'NONE',  ( 5.364999999999991331, 9.460000000000006182, 2.274999999999999023 ) ) ;
#3921 = VERTEX_POINT ( 'NONE', #1781 ) ;
#3922 = DIRECTION ( 'NONE',  ( 0.000000000000000000, -3.388131789017201849E-16, 1.000000000000000000 ) ) ;
#3923 = EDGE_CURVE ( 'NONE', #2049, #456, #1930, .T. ) ;
#3924 = DIRECTION ( 'NONE',  ( 0.6401843996644801527, -0.7682212795973756281, 2.877054163347390756E-16 ) ) ;
#3925 = ORIENTED_EDGE ( 'NONE', *, *, #3908, .F. ) ;
#3926 = ORIENTED_EDGE ( 'NONE', *, *, #3666, .F. ) ;
#3927 = ADVANCED_FACE ( 'NONE', ( #6072 ), #2205, .T. ) ;
#3928 = FACE_OUTER_BOUND ( 'NONE', #5989, .T. ) ;
#3929 = SURFACE_STYLE_FILL_AREA ( #4478 ) ;
#3930 = FACE_OUTER_BOUND ( 'NONE', #5916, .T. ) ;
#3931 = CARTESIAN_POINT ( 'NONE',  ( 4.269999999999999574, 9.900000000000000355, 1.584999999999998632 ) ) ;
#3932 = DIRECTION ( 'NONE',  ( -0.000000000000000000, 1.000000000000000000, -0.000000000000000000 ) ) ;
#3933 = VERTEX_POINT ( 'NONE', #4163 ) ;
#3934 = CARTESIAN_POINT ( 'NONE',  ( 2.679999999999999272, 0.6699999999999997069, -0.9549999999999962963 ) ) ;
#3935 = ADVANCED_FACE ( 'NONE', ( #1921 ), #4931, .F. ) ;
#3936 = EDGE_LOOP ( 'NONE', ( #3810, #301, #1581, #5651, #5610, #3446, #1221, #5527, #6032, #555, #1929, #2620, #4670, #4714, #3304, #4685, #4677, #1909, #4309, #1896, #1380, #2295, #4618, #2219, #5514, #524 ) ) ;
#3937 = ORIENTED_EDGE ( 'NONE', *, *, #4084, .T. ) ;
#3938 = CARTESIAN_POINT ( 'NONE',  ( 0.1377272727272711439, 7.446818181818184001, 0.1772727272727269987 ) ) ;
#3939 = ORIENTED_EDGE ( 'NONE', *, *, #2810, .F. ) ;
#3940 = DIRECTION ( 'NONE',  ( 1.000000000000000000, 0.000000000000000000, -4.638298064109109804E-16 ) ) ;
#3941 = DIRECTION ( 'NONE',  ( 0.6635381078444697600, -0.6635381078444710923, -0.3455927645023255113 ) ) ;
#3942 = AXIS2_PLACEMENT_3D ( 'NONE', #2800, #2016, #2876 ) ;
#3943 = DIRECTION ( 'NONE',  ( 1.233548213626064722E-31, 1.000000000000000000, 2.744815626545581052E-16 ) ) ;
#3944 = ORIENTED_EDGE ( 'NONE', *, *, #1644, .F. ) ;
#3945 = CARTESIAN_POINT ( 'NONE',  ( 2.679999999999999272, 0.000000000000000000, 2.024999999999999023 ) ) ;
#3946 = EDGE_LOOP ( 'NONE', ( #261, #185, #2693, #4802 ) ) ;
#3947 = VERTEX_POINT ( 'NONE', #289 ) ;
#3948 = ORIENTED_EDGE ( 'NONE', *, *, #5390, .F. ) ;
#3949 = VECTOR ( 'NONE', #406, 1000.000000000000114 ) ;
#3950 = DIRECTION ( 'NONE',  ( 0.000000000000000000, -3.388131789017201849E-16, 1.000000000000000000 ) ) ;
#3951 = AXIS2_PLACEMENT_3D ( 'NONE', #4897, #603, #5846 ) ;
#3952 = EDGE_CURVE ( 'NONE', #1130, #4071, #1885, .T. ) ;
#3953 = CARTESIAN_POINT ( 'NONE',  ( -6.325000000000002842, -3.252606517456513302E-16, 1.585000000000007958 ) ) ;
#3954 = AXIS2_PLACEMENT_3D ( 'NONE', #1740, #1305, #2212 ) ;
#3955 = LINE ( 'NONE', #5467, #5953 ) ;
#3956 = DIRECTION ( 'NONE',  ( -0.000000000000000000, -1.000000000000000000, -0.000000000000000000 ) ) ;
#3957 = FILL_AREA_STYLE ('',( #470 ) ) ;
#3958 = MECHANICAL_DESIGN_GEOMETRIC_PRESENTATION_REPRESENTATION (  '', ( #327 ), #2489 ) ;
#3959 = VERTEX_POINT ( 'NONE', #6120 ) ;
#3960 = EDGE_LOOP ( 'NONE', ( #4137, #2127, #2751, #750 ) ) ;
#3961 = CLOSED_SHELL ( 'NONE', ( #1597, #1031, #6016, #3872, #2592, #1553, #4690, #2494, #4658, #3065 ) ) ;
#3962 = ORIENTED_EDGE ( 'NONE', *, *, #3120, .F. ) ;
#3963 = LINE ( 'NONE', #1829, #3990 ) ;
#3964 = DIRECTION ( 'NONE',  ( 1.000000000000000000, 0.000000000000000000, 0.000000000000000000 ) ) ;
#3965 = VECTOR ( 'NONE', #2719, 1000.000000000000000 ) ;
#3966 = DIRECTION ( 'NONE',  ( 1.000000000000000000, -0.000000000000000000, -0.000000000000000000 ) ) ;
#3967 = CARTESIAN_POINT ( 'NONE',  ( -6.325000000000003730, 1.269999999999999796, -0.5599999999999922817 ) ) ;
#3968 = ORIENTED_EDGE ( 'NONE', *, *, #2412, .F. ) ;
#3969 = DIRECTION ( 'NONE',  ( 1.000000000000000000, -0.000000000000000000, -0.000000000000000000 ) ) ;
#3970 = EDGE_CURVE ( 'NONE', #3652, #3765, #6022, .T. ) ;
#3971 = STYLED_ITEM ( 'NONE', ( #3133 ), #2696 ) ;
#3972 = CARTESIAN_POINT ( 'NONE',  ( -4.924999999999998934, 9.900000000000000355, -0.9550000000000011813 ) ) ;
#3973 = EDGE_CURVE ( 'NONE', #4601, #1167, #4115, .T. ) ;
#3974 = ORIENTED_EDGE ( 'NONE', *, *, #5997, .F. ) ;
#3975 = ORIENTED_EDGE ( 'NONE', *, *, #1205, .F. ) ;
#3976 = VERTEX_POINT ( 'NONE', #5508 ) ;
#3977 = LINE ( 'NONE', #1729, #6047 ) ;
#3978 = VECTOR ( 'NONE', #4578, 1000.000000000000000 ) ;
#3979 = VECTOR ( 'NONE', #1712, 1000.000000000000000 ) ;
#3980 = DIRECTION ( 'NONE',  ( 0.000000000000000000, 0.000000000000000000, 1.000000000000000000 ) ) ;
#3981 = ORIENTED_EDGE ( 'NONE', *, *, #121, .T. ) ;
#3982 = UNCERTAINTY_MEASURE_WITH_UNIT (LENGTH_MEASURE( 1.000000000000000082E-05 ), #2764, 'distance_accuracy_value', 'NONE');
#3983 = DIRECTION ( 'NONE',  ( -0.000000000000000000, -0.000000000000000000, 1.000000000000000000 ) ) ;
#3984 = EDGE_CURVE ( 'NONE', #5037, #4751, #1957, .T. ) ;
#3985 = ORIENTED_EDGE ( 'NONE', *, *, #2600, .F. ) ;
#3986 = ORIENTED_EDGE ( 'NONE', *, *, #4105, .F. ) ;
#3987 = CARTESIAN_POINT ( 'NONE',  ( 0.3199999999999991185, -2.579999999999992966, 0.6349999999999978995 ) ) ;
#3988 = VERTEX_POINT ( 'NONE', #1155 ) ;
#3989 = DIRECTION ( 'NONE',  ( 0.000000000000000000, -0.3162277660168354432, -0.9486832980505146562 ) ) ;
#3990 = VECTOR ( 'NONE', #3519, 1000.000000000000000 ) ;
#3991 = COLOUR_RGB ( '',1.000000000000000000, 0.8117647058823529438, 0.5019607843137254832 ) ;
#3992 = LINE ( 'NONE', #1764, #4158 ) ;
#3993 = ORIENTED_EDGE ( 'NONE', *, *, #1083, .T. ) ;
#3994 = EDGE_CURVE ( 'NONE', #4518, #4589, #3963, .T. ) ;
#3995 = PLANE ( 'NONE',  #235 ) ;
#3996 = ADVANCED_FACE ( 'NONE', ( #2053 ), #4615, .F. ) ;
#3997 = ORIENTED_EDGE ( 'NONE', *, *, #3923, .T. ) ;
#3998 = ORIENTED_EDGE ( 'NONE', *, *, #4642, .F. ) ;
#3999 = ORIENTED_EDGE ( 'NONE', *, *, #3359, .T. ) ;
#4000 = LINE ( 'NONE', #5413, #6160 ) ;
#4001 = PLANE ( 'NONE',  #4787 ) ;
#4002 = CARTESIAN_POINT ( 'NONE',  ( -5.389999999999999680, 0.6699999999999998179, -0.5599999999999923928 ) ) ;
#4003 = LINE ( 'NONE', #766, #1836 ) ;
#4004 = PLANE ( 'NONE',  #5630 ) ;
#4005 = ORIENTED_EDGE ( 'NONE', *, *, #4074, .T. ) ;
#4006 = ORIENTED_EDGE ( 'NONE', *, *, #3666, .T. ) ;
#4007 = ORIENTED_EDGE ( 'NONE', *, *, #705, .F. ) ;
#4008 = VERTEX_POINT ( 'NONE', #5009 ) ;
#4009 = DIRECTION ( 'NONE',  ( -1.000000000000000000, 0.000000000000000000, 0.000000000000000000 ) ) ;
#4010 = VECTOR ( 'NONE', #270, 1000.000000000000000 ) ;
#4011 = ORIENTED_EDGE ( 'NONE', *, *, #2068, .T. ) ;
#4012 = CARTESIAN_POINT ( 'NONE',  ( 2.679999999999999272, -7.265096679918780609, 0.6349999999999970113 ) ) ;
#4013 = DIRECTION ( 'NONE',  ( -0.000000000000000000, 1.000000000000000000, -0.000000000000000000 ) ) ;
#4014 = ORIENTED_EDGE ( 'NONE', *, *, #2149, .T. ) ;
#4015 = EDGE_LOOP ( 'NONE', ( #1782, #862, #779, #2815, #2895, #6081 ) ) ;
#4016 = VERTEX_POINT ( 'NONE', #1112 ) ;
#4017 = VECTOR ( 'NONE', #2595, 1000.000000000000000 ) ;
#4018 = CARTESIAN_POINT ( 'NONE',  ( 3.000000000000000000, -3.180000000000000160, 0.1949999999999981470 ) ) ;
#4019 = VECTOR ( 'NONE', #5446, 1000.000000000000000 ) ;
#4020 = PLANE ( 'NONE',  #5335 ) ;
#4021 = ORIENTED_EDGE ( 'NONE', *, *, #53, .T. ) ;
#4022 = AXIS2_PLACEMENT_3D ( 'NONE', #694, #1724, #2240 ) ;
#4023 = CARTESIAN_POINT ( 'NONE',  ( -3.320000000000000728, 1.349999999999999423, 2.024999999999999023 ) ) ;
#4024 = DIRECTION ( 'NONE',  ( -1.000000000000000000, 0.000000000000000000, 4.494102269369967741E-16 ) ) ;
#4025 = EDGE_LOOP ( 'NONE', ( #3397, #1235, #2982, #1117 ) ) ;
#4026 = DIRECTION ( 'NONE',  ( -0.3015113445777614087, 0.9045340337332923308, -0.3015113445777614087 ) ) ;
#4027 = ORIENTED_EDGE ( 'NONE', *, *, #5646, .F. ) ;
#4028 = CARTESIAN_POINT ( 'NONE',  ( 0.2618181818181816167, -2.754545454545446415, 0.5768181818181806753 ) ) ;
#4029 = VECTOR ( 'NONE', #957, 1000.000000000000000 ) ;
#4030 = CARTESIAN_POINT ( 'NONE',  ( 6.324999999999999289, 0.6699999999999998179, 1.190000000000002167 ) ) ;
#4031 = FACE_OUTER_BOUND ( 'NONE', #4015, .T. ) ;
#4032 = DIRECTION ( 'NONE',  ( 0.000000000000000000, 0.000000000000000000, -1.000000000000000000 ) ) ;
#4033 = ADVANCED_FACE ( 'NONE', ( #6096 ), #1681, .T. ) ;
#4034 = ORIENTED_EDGE ( 'NONE', *, *, #4874, .F. ) ;
#4035 = CARTESIAN_POINT ( 'NONE',  ( -5.389999999999997904, 1.849999999999999201, 2.024999999999999023 ) ) ;
#4036 = STYLED_ITEM ( 'NONE', ( #5992 ), #5558 ) ;
#4037 = ORIENTED_EDGE ( 'NONE', *, *, #1911, .T. ) ;
#4038 = EDGE_CURVE ( 'NONE', #166, #1291, #3977, .T. ) ;
#4039 = AXIS2_PLACEMENT_3D ( 'NONE', #3847, #4403, #1377 ) ;
#4040 = EDGE_LOOP ( 'NONE', ( #3246, #4855, #4753, #2269 ) ) ;
#4041 = FACE_OUTER_BOUND ( 'NONE', #1264, .T. ) ;
#4042 = AXIS2_PLACEMENT_3D ( 'NONE', #2877, #3272, #836 ) ;
#4043 = FILL_AREA_STYLE_COLOUR ( '', #5679 ) ;
#4044 = FACE_OUTER_BOUND ( 'NONE', #145, .T. ) ;
#4045 = DIRECTION ( 'NONE',  ( 1.233548213626064722E-31, 1.000000000000000000, 2.744815626545581052E-16 ) ) ;
#4046 = ORIENTED_EDGE ( 'NONE', *, *, #746, .F. ) ;
#4047 = ORIENTED_EDGE ( 'NONE', *, *, #4402, .T. ) ;
#4048 = ORIENTED_EDGE ( 'NONE', *, *, #3135, .T. ) ;
#4049 = FACE_OUTER_BOUND ( 'NONE', #3292, .T. ) ;
#4050 = AXIS2_PLACEMENT_3D ( 'NONE', #4826, #4792, #5190 ) ;
#4051 = DIRECTION ( 'NONE',  ( -0.000000000000000000, -0.000000000000000000, 1.000000000000000000 ) ) ;
#4052 = COLOUR_RGB ( '',1.000000000000000000, 0.8117647058823529438, 0.5019607843137254832 ) ;
#4053 = EDGE_CURVE ( 'NONE', #4330, #1188, #6060, .T. ) ;
#4054 = DIRECTION ( 'NONE',  ( 1.000000000000000000, -0.000000000000000000, -0.000000000000000000 ) ) ;
#4055 = CARTESIAN_POINT ( 'NONE',  ( 5.674999999999999822, -1.449999999999999956, 2.784999999999999254 ) ) ;
#4056 = DIRECTION ( 'NONE',  ( -0.000000000000000000, 1.000000000000000000, 0.000000000000000000 ) ) ;
#4057 = VERTEX_POINT ( 'NONE', #6074 ) ;
#4058 = CARTESIAN_POINT ( 'NONE',  ( -5.674999999999999822, -1.449999999999999956, 1.884999999999999343 ) ) ;
#4059 = DIRECTION ( 'NONE',  ( 0.000000000000000000, -1.000000000000000000, 0.000000000000000000 ) ) ;
#4060 = ORIENTED_EDGE ( 'NONE', *, *, #4989, .T. ) ;
#4061 = VERTEX_POINT ( 'NONE', #373 ) ;
#4062 = VECTOR ( 'NONE', #6187, 1000.000000000000000 ) ;
#4063 = EDGE_CURVE ( 'NONE', #6078, #43, #2089, .T. ) ;
#4064 = PLANE ( 'NONE',  #3424 ) ;
#4065 = PRESENTATION_STYLE_ASSIGNMENT (( #2273 ) ) ;
#4066 = CARTESIAN_POINT ( 'NONE',  ( 4.939999999999999503, 1.269999999999999796, 1.190000000000002611 ) ) ;
#4067 = VERTEX_POINT ( 'NONE', #4206 ) ;
#4068 = CARTESIAN_POINT ( 'NONE',  ( -6.325000000000003730, 0.6699999999999998179, -0.5599999999999923928 ) ) ;
#4069 = CARTESIAN_POINT ( 'NONE',  ( -6.024999999999996803, -1.449999999999999956, 2.707696617295404208E-15 ) ) ;
#4070 = ORIENTED_EDGE ( 'NONE', *, *, #2748, .F. ) ;
#4071 = VERTEX_POINT ( 'NONE', #2817 ) ;
#4072 = DIRECTION ( 'NONE',  ( -1.000000000000000000, 0.000000000000000000, -0.000000000000000000 ) ) ;
#4073 = VECTOR ( 'NONE', #2712, 1000.000000000000000 ) ;
#4074 = EDGE_CURVE ( 'NONE', #5778, #5933, #4413, .T. ) ;
#4075 = ADVANCED_FACE ( 'NONE', ( #4378 ), #848, .F. ) ;
#4076 = EDGE_CURVE ( 'NONE', #5454, #4946, #2098, .T. ) ;
#4077 = VERTEX_POINT ( 'NONE', #44 ) ;
#4078 = EDGE_CURVE ( 'NONE', #3273, #813, #2179, .T. ) ;
#4079 = DIRECTION ( 'NONE',  ( 4.494102269369967741E-16, 3.236424395479117765E-16, 1.000000000000000000 ) ) ;
#4080 = ORIENTED_EDGE ( 'NONE', *, *, #442, .T. ) ;
#4081 = ORIENTED_EDGE ( 'NONE', *, *, #2220, .F. ) ;
#4082 = VECTOR ( 'NONE', #29, 1000.000000000000000 ) ;
#4083 =( NAMED_UNIT ( * ) SI_UNIT ( $, .STERADIAN. ) SOLID_ANGLE_UNIT ( ) );
#4084 = EDGE_CURVE ( 'NONE', #1270, #3976, #232, .T. ) ;
#4085 = LINE ( 'NONE', #5034, #1869 ) ;
#4086 = CARTESIAN_POINT ( 'NONE',  ( -2.680000000000001048, 0.6699999999999997069, 1.585000000000007292 ) ) ;
#4087 = ADVANCED_FACE ( 'NONE', ( #4246 ), #1447, .F. ) ;
#4088 = VECTOR ( 'NONE', #1517, 1000.000000000000000 ) ;
#4089 = ORIENTED_EDGE ( 'NONE', *, *, #4499, .T. ) ;
#4090 = VERTEX_POINT ( 'NONE', #2858 ) ;
#4091 = ORIENTED_EDGE ( 'NONE', *, *, #5117, .F. ) ;
#4092 = VECTOR ( 'NONE', #312, 1000.000000000000000 ) ;
#4093 = CARTESIAN_POINT ( 'NONE',  ( 5.389999999999999680, 1.849999999999999201, 2.261979166666661101 ) ) ;
#4094 = CARTESIAN_POINT ( 'NONE',  ( 3.319999999999998952, -1.081363123647112731E-15, -1.584999999999999964 ) ) ;
#4095 = PLANE ( 'NONE',  #2820 ) ;
#4096 = VECTOR ( 'NONE', #2639, 1000.000000000000000 ) ;
#4097 = DIRECTION ( 'NONE',  ( 0.000000000000000000, 0.000000000000000000, 1.000000000000000000 ) ) ;
#4098 = ORIENTED_EDGE ( 'NONE', *, *, #3249, .T. ) ;
#4099 = CARTESIAN_POINT ( 'NONE',  ( -1.730000000000000870, 3.300000000000000711, 1.584999999999998632 ) ) ;
#4100 = ORIENTED_EDGE ( 'NONE', *, *, #812, .F. ) ;
#4101 = ORIENTED_EDGE ( 'NONE', *, *, #2304, .F. ) ;
#4102 = VECTOR ( 'NONE', #6146, 1000.000000000000000 ) ;
#4103 = CARTESIAN_POINT ( 'NONE',  ( -5.389999999999999680, 1.699999999999998623, 2.024999999999999023 ) ) ;
#4104 = DIRECTION ( 'NONE',  ( -1.000000000000000000, 0.000000000000000000, 0.000000000000000000 ) ) ;
#4105 = EDGE_CURVE ( 'NONE', #1636, #3635, #2144, .T. ) ;
#4106 = EDGE_CURVE ( 'NONE', #1130, #6094, #278, .T. ) ;
#4107 = DIRECTION ( 'NONE',  ( 1.000000000000000000, 0.000000000000000000, 0.000000000000000000 ) ) ;
#4108 = DIRECTION ( 'NONE',  ( 1.000000000000000000, -0.000000000000000000, -4.494102269369967741E-16 ) ) ;
#4109 = LINE ( 'NONE', #621, #55 ) ;
#4110 = ORIENTED_EDGE ( 'NONE', *, *, #3973, .F. ) ;
#4111 = DIRECTION ( 'NONE',  ( 0.000000000000000000, -2.995465716473997569E-16, -1.000000000000000000 ) ) ;
#4112 = VECTOR ( 'NONE', #729, 1000.000000000000000 ) ;
#4113 = ORIENTED_EDGE ( 'NONE', *, *, #2530, .T. ) ;
#4114 = ORIENTED_EDGE ( 'NONE', *, *, #5407, .T. ) ;
#4115 = LINE ( 'NONE', #3044, #6193 ) ;
#4116 = DIRECTION ( 'NONE',  ( -1.000000000000000000, 0.000000000000000000, 4.494102269369967741E-16 ) ) ;
#4117 = AXIS2_PLACEMENT_3D ( 'NONE', #6064, #367, #2677 ) ;
#4118 = CARTESIAN_POINT ( 'NONE',  ( -3.320000000000000728, 0.6699999999999998179, 1.190000000000006608 ) ) ;
#4119 = AXIS2_PLACEMENT_3D ( 'NONE', #5278, #165, #3418 ) ;
#4120 = FACE_OUTER_BOUND ( 'NONE', #2521, .T. ) ;
#4121 = VERTEX_POINT ( 'NONE', #5090 ) ;
#4122 = FILL_AREA_STYLE ('',( #3582 ) ) ;
#4123 = MECHANICAL_DESIGN_GEOMETRIC_PRESENTATION_REPRESENTATION (  '', ( #950 ), #1528 ) ;
#4124 = VECTOR ( 'NONE', #5660, 1000.000000000000227 ) ;
#4125 = ORIENTED_EDGE ( 'NONE', *, *, #773, .T. ) ;
#4126 = EDGE_LOOP ( 'NONE', ( #5892, #5411, #1081, #2856 ) ) ;
#4127 = CIRCLE ( 'NONE', #1878, 0.5000000000000004441 ) ;
#4128 = CARTESIAN_POINT ( 'NONE',  ( -0.3200000000000008948, 1.350000000000000089, -1.585000000000000409 ) ) ;
#4129 = ADVANCED_FACE ( 'NONE', ( #2124 ), #3291, .F. ) ;
#4130 = DIRECTION ( 'NONE',  ( 0.000000000000000000, -1.000000000000000000, 3.236424395479117765E-16 ) ) ;
#4131 = CARTESIAN_POINT ( 'NONE',  ( 0.1636363636363588614, 8.350909090909087951, 0.4786363636363589746 ) ) ;
#4132 = DIRECTION ( 'NONE',  ( 0.000000000000000000, -1.000000000000000000, -1.807003620809173892E-16 ) ) ;
#4133 = VECTOR ( 'NONE', #2497, 1000.000000000000000 ) ;
#4134 = ORIENTED_EDGE ( 'NONE', *, *, #1577, .T. ) ;
#4135 = STYLED_ITEM ( 'NONE', ( #5645 ), #2869 ) ;
#4136 = CARTESIAN_POINT ( 'NONE',  ( -6.325000000000002842, 1.269999999999999796, 1.190000000000007718 ) ) ;
#4137 = ORIENTED_EDGE ( 'NONE', *, *, #2994, .F. ) ;
#4138 = VERTEX_POINT ( 'NONE', #4673 ) ;
#4139 = LINE ( 'NONE', #1942, #4029 ) ;
#4140 = DIRECTION ( 'NONE',  ( 0.000000000000000000, 1.000000000000000000, 0.000000000000000000 ) ) ;
#4141 = CARTESIAN_POINT ( 'NONE',  ( -5.674999999999999822, -1.199999999999997957, 1.884999999999999343 ) ) ;
#4142 = ADVANCED_FACE ( 'NONE', ( #4460 ), #4800, .F. ) ;
#4143 = VECTOR ( 'NONE', #1056, 1000.000000000000000 ) ;
#4144 = DIRECTION ( 'NONE',  ( 0.000000000000000000, -0.000000000000000000, 1.000000000000000000 ) ) ;
#4145 = ORIENTED_EDGE ( 'NONE', *, *, #5575, .F. ) ;
#4146 = CARTESIAN_POINT ( 'NONE',  ( 6.325000000000000178, 1.850000000000000089, 1.774999999999998357 ) ) ;
#4147 = CARTESIAN_POINT ( 'NONE',  ( 2.679999999999999272, 6.899999999999995026, -0.005000000000001097317 ) ) ;
#4148 = EDGE_CURVE ( 'NONE', #4328, #5539, #258, .T. ) ;
#4149 = LINE ( 'NONE', #3150, #2085 ) ;
#4150 = FILL_AREA_STYLE_COLOUR ( '', #156 ) ;
#4151 = ORIENTED_EDGE ( 'NONE', *, *, #25, .T. ) ;
#4152 = ORIENTED_EDGE ( 'NONE', *, *, #3307, .T. ) ;
#4153 = EDGE_CURVE ( 'NONE', #4204, #341, #4209, .T. ) ;
#4154 = VECTOR ( 'NONE', #3932, 1000.000000000000000 ) ;
#4155 = DIRECTION ( 'NONE',  ( 0.000000000000000000, 0.000000000000000000, -1.000000000000000000 ) ) ;
#4156 = CARTESIAN_POINT ( 'NONE',  ( 4.269999999999999574, 3.300000000000000711, 1.584999999999998632 ) ) ;
#4157 = PLANE ( 'NONE',  #5041 ) ;
#4158 = VECTOR ( 'NONE', #2190, 1000.000000000000000 ) ;
#4159 = ORIENTED_EDGE ( 'NONE', *, *, #3510, .F. ) ;
#4160 = EDGE_CURVE ( 'NONE', #2965, #6004, #4276, .T. ) ;
#4161 = DIRECTION ( 'NONE',  ( -4.494102269369967741E-16, 1.618212197739558882E-16, -1.000000000000000000 ) ) ;
#4162 = LINE ( 'NONE', #5552, #188 ) ;
#4163 = CARTESIAN_POINT ( 'NONE',  ( 0.3199999999999991185, 1.269999999999999796, 1.190000000000007052 ) ) ;
#4164 = ORIENTED_EDGE ( 'NONE', *, *, #1471, .F. ) ;
#4165 = ORIENTED_EDGE ( 'NONE', *, *, #4468, .F. ) ;
#4166 = CARTESIAN_POINT ( 'NONE',  ( 3.319999999999998952, -1.081363123647112731E-15, -1.584999999999999964 ) ) ;
#4167 = SURFACE_STYLE_FILL_AREA ( #6205 ) ;
#4168 = EDGE_CURVE ( 'NONE', #1423, #180, #245, .T. ) ;
#4169 = PLANE ( 'NONE',  #2749 ) ;
#4170 = LINE ( 'NONE', #5170, #4133 ) ;
#4171 = ORIENTED_EDGE ( 'NONE', *, *, #2370, .F. ) ;
#4172 = SURFACE_SIDE_STYLE ('',( #3662 ) ) ;
#4173 = VECTOR ( 'NONE', #3941, 1000.000000000000227 ) ;
#4174 = VERTEX_POINT ( 'NONE', #2518 ) ;
#4175 = ORIENTED_EDGE ( 'NONE', *, *, #2413, .T. ) ;
#4176 = VECTOR ( 'NONE', #549, 1000.000000000000000 ) ;
#4177 =( NAMED_UNIT ( * ) SI_UNIT ( $, .STERADIAN. ) SOLID_ANGLE_UNIT ( ) );
#4178 = DIRECTION ( 'NONE',  ( 4.494102269369967741E-16, 3.614007241618347785E-16, 1.000000000000000000 ) ) ;
#4179 =( LENGTH_UNIT ( ) NAMED_UNIT ( * ) SI_UNIT ( .MILLI., .METRE. ) );
#4180 = FACE_OUTER_BOUND ( 'NONE', #3388, .T. ) ;
#4181 = ORIENTED_EDGE ( 'NONE', *, *, #510, .F. ) ;
#4182 = EDGE_CURVE ( 'NONE', #4790, #3501, #4424, .T. ) ;
#4183 = PRESENTATION_STYLE_ASSIGNMENT (( #769 ) ) ;
#4184 = SURFACE_SIDE_STYLE ('',( #1353 ) ) ;
#4185 = ORIENTED_EDGE ( 'NONE', *, *, #1452, .T. ) ;
#4186 = ORIENTED_EDGE ( 'NONE', *, *, #5021, .T. ) ;
#4187 = ADVANCED_FACE ( 'NONE', ( #2114 ), #435, .F. ) ;
#4188 = CARTESIAN_POINT ( 'NONE',  ( 1.269999999999999130, 3.300000000000000711, 0.9349999999999940581 ) ) ;
#4189 = CARTESIAN_POINT ( 'NONE',  ( -6.325000000000001066, 0.000000000000000000, -1.584999999999999964 ) ) ;
#4190 = VECTOR ( 'NONE', #226, 1000.000000000000000 ) ;
#4191 = DIRECTION ( 'NONE',  ( 0.000000000000000000, -0.000000000000000000, -1.000000000000000000 ) ) ;
#4192 = EDGE_LOOP ( 'NONE', ( #1838, #3531, #1591, #6165 ) ) ;
#4193 = CARTESIAN_POINT ( 'NONE',  ( -5.389999999999997904, 1.849999999999999201, 2.261979166666661989 ) ) ;
#4194 = ORIENTED_EDGE ( 'NONE', *, *, #58, .T. ) ;
#4195 = EDGE_CURVE ( 'NONE', #5425, #4328, #73, .T. ) ;
#4196 = EDGE_CURVE ( 'NONE', #4653, #3695, #113, .T. ) ;
#4197 = VERTEX_POINT ( 'NONE', #2934 ) ;
#4198 = FACE_OUTER_BOUND ( 'NONE', #440, .T. ) ;
#4199 = AXIS2_PLACEMENT_3D ( 'NONE', #1539, #2919, #4859 ) ;
#4200 = CARTESIAN_POINT ( 'NONE',  ( 4.924999999999998934, 9.900000000000000355, 2.274999999999999023 ) ) ;
#4201 = DIRECTION ( 'NONE',  ( -0.3015113445777614087, -0.9045340337332923308, -0.3015113445777614087 ) ) ;
#4202 = ADVANCED_FACE ( 'NONE', ( #4198 ), #4001, .F. ) ;
#4203 = LINE ( 'NONE', #1974, #6185 ) ;
#4204 = VERTEX_POINT ( 'NONE', #173 ) ;
#4205 = LINE ( 'NONE', #521, #2165 ) ;
#4206 = CARTESIAN_POINT ( 'NONE',  ( 2.679999999999999272, 6.899999999999995026, 0.6349999999999988987 ) ) ;
#4207 = VERTEX_POINT ( 'NONE', #1003 ) ;
#4208 = EDGE_LOOP ( 'NONE', ( #2918, #2382, #3003, #612 ) ) ;
#4209 = LINE ( 'NONE', #3383, #2378 ) ;
#4210 =( LENGTH_UNIT ( ) NAMED_UNIT ( * ) SI_UNIT ( .MILLI., .METRE. ) );
#4211 = EDGE_CURVE ( 'NONE', #2940, #4846, #62, .T. ) ;
#4212 = PRESENTATION_LAYER_ASSIGNMENT (  '', '', ( #4632 ) ) ;
#4213 = EDGE_CURVE ( 'NONE', #5521, #3976, #4446, .T. ) ;
#4214 = VECTOR ( 'NONE', #4993, 1000.000000000000000 ) ;
#4215 = ORIENTED_EDGE ( 'NONE', *, *, #6166, .T. ) ;
#4216 = PLANE ( 'NONE',  #4353 ) ;
#4217 = EDGE_LOOP ( 'NONE', ( #1331, #3204, #2088, #4660 ) ) ;
#4218 = ORIENTED_EDGE ( 'NONE', *, *, #2615, .F. ) ;
#4219 = VECTOR ( 'NONE', #2084, 1000.000000000000000 ) ;
#4220 = CARTESIAN_POINT ( 'NONE',  ( -6.325000000000002842, 0.6699999999999998179, 1.190000000000007940 ) ) ;
#4221 = CARTESIAN_POINT ( 'NONE',  ( -4.270000000000001350, 3.300000000000000711, -0.9550000000000008482 ) ) ;
#4222 = CARTESIAN_POINT ( 'NONE',  ( 1.250000000000001110, 1.849999999999999201, 2.774999999999998135 ) ) ;
#4223 = EDGE_CURVE ( 'NONE', #3849, #2156, #2331, .T. ) ;
#4224 = DIRECTION ( 'NONE',  ( -1.000000000000000000, 0.000000000000000000, 0.000000000000000000 ) ) ;
#4225 = LINE ( 'NONE', #2700, #79 ) ;
#4226 = ORIENTED_EDGE ( 'NONE', *, *, #3458, .T. ) ;
#4227 = UNCERTAINTY_MEASURE_WITH_UNIT (LENGTH_MEASURE( 1.000000000000000082E-05 ), #1335, 'distance_accuracy_value', 'NONE');
#4228 = VECTOR ( 'NONE', #4288, 1000.000000000000000 ) ;
#4229 = SURFACE_STYLE_USAGE ( .BOTH. , #1849 ) ;
#4230 = ORIENTED_EDGE ( 'NONE', *, *, #936, .F. ) ;
#4231 = EDGE_LOOP ( 'NONE', ( #263, #604, #157, #5105 ) ) ;
#4232 = LINE ( 'NONE', #4131, #265 ) ;
#4233 = EDGE_CURVE ( 'NONE', #1303, #1498, #86, .T. ) ;
#4234 = CARTESIAN_POINT ( 'NONE',  ( -6.325000000000003730, 0.6699999999999998179, -0.5599999999999923928 ) ) ;
#4235 = DIRECTION ( 'NONE',  ( 1.000000000000000000, -0.000000000000000000, -4.494102269369967741E-16 ) ) ;
#4236 = CARTESIAN_POINT ( 'NONE',  ( 5.974999999999999645, -1.449999999999999956, 2.184999999999999609 ) ) ;
#4237 = EDGE_CURVE ( 'NONE', #1841, #657, #2388, .T. ) ;
#4238 = LINE ( 'NONE', #4189, #101 ) ;
#4239 = ORIENTED_EDGE ( 'NONE', *, *, #3248, .F. ) ;
#4240 = CARTESIAN_POINT ( 'NONE',  ( 4.939999999999999503, 1.285879139104722704E-16, -1.584999999999999964 ) ) ;
#4241 = DIRECTION ( 'NONE',  ( 0.000000000000000000, -0.000000000000000000, -1.000000000000000000 ) ) ;
#4242 = FACE_OUTER_BOUND ( 'NONE', #196, .T. ) ;
#4243 = PLANE ( 'NONE',  #550 ) ;
#4244 = ORIENTED_EDGE ( 'NONE', *, *, #4074, .F. ) ;
#4245 = VERTEX_POINT ( 'NONE', #2631 ) ;
#4246 = FACE_OUTER_BOUND ( 'NONE', #3123, .T. ) ;
#4247 = DIRECTION ( 'NONE',  ( 0.000000000000000000, 0.000000000000000000, -1.000000000000000000 ) ) ;
#4248 = VECTOR ( 'NONE', #1462, 1000.000000000000000 ) ;
#4249 = ORIENTED_EDGE ( 'NONE', *, *, #1149, .T. ) ;
#4250 = CARTESIAN_POINT ( 'NONE',  ( 2.879999999999999893, 7.500000000000001776, 0.4349999999999983324 ) ) ;
#4251 = SURFACE_STYLE_FILL_AREA ( #432 ) ;
#4252 = EDGE_CURVE ( 'NONE', #3647, #535, #4232, .T. ) ;
#4253 = ORIENTED_EDGE ( 'NONE', *, *, #2850, .T. ) ;
#4254 = EDGE_LOOP ( 'NONE', ( #1732, #2122, #6124, #4865 ) ) ;
#4255 = CARTESIAN_POINT ( 'NONE',  ( -2.680000000000001048, 0.6699999999999998179, -0.5599999999999930589 ) ) ;
#4256 = PRESENTATION_STYLE_ASSIGNMENT (( #4733 ) ) ;
#4257 = ADVANCED_FACE ( 'NONE', ( #292 ), #5910, .F. ) ;
#4258 = FACE_OUTER_BOUND ( 'NONE', #4427, .T. ) ;
#4259 = ORIENTED_EDGE ( 'NONE', *, *, #6101, .T. ) ;
#4260 = PLANE ( 'NONE',  #1084 ) ;
#4261 = LINE ( 'NONE', #3232, #96 ) ;
#4262 = ORIENTED_EDGE ( 'NONE', *, *, #1274, .F. ) ;
#4263 = ORIENTED_EDGE ( 'NONE', *, *, #4799, .T. ) ;
#4264 = VECTOR ( 'NONE', #579, 1000.000000000000000 ) ;
#4265 = CARTESIAN_POINT ( 'NONE',  ( -3.320000000000000728, -1.081363123647112731E-15, -1.584999999999999964 ) ) ;
#4266 = CARTESIAN_POINT ( 'NONE',  ( 6.325000000000001954, 0.6699999999999997069, -0.9549999999999979616 ) ) ;
#4267 = STYLED_ITEM ( 'NONE', ( #1338 ), #469 ) ;
#4268 = DIRECTION ( 'NONE',  ( 0.000000000000000000, 1.000000000000000000, -3.236424395479117765E-16 ) ) ;
#4269 = PLANE ( 'NONE',  #5067 ) ;
#4270 = LINE ( 'NONE', #4141, #6197 ) ;
#4271 = VERTEX_POINT ( 'NONE', #3589 ) ;
#4272 = LINE ( 'NONE', #2886, #4173 ) ;
#4273 = PLANE ( 'NONE',  #309 ) ;
#4274 = EDGE_LOOP ( 'NONE', ( #700, #4226, #2701, #4854 ) ) ;
#4275 = ORIENTED_EDGE ( 'NONE', *, *, #562, .T. ) ;
#4276 = LINE ( 'NONE', #4765, #2409 ) ;
#4277 = DIRECTION ( 'NONE',  ( 0.000000000000000000, -0.000000000000000000, 1.000000000000000000 ) ) ;
#4278 = AXIS2_PLACEMENT_3D ( 'NONE', #4905, #2935, #3429 ) ;
#4279 = EDGE_CURVE ( 'NONE', #3618, #5065, #2368, .T. ) ;
#4280 = AXIS2_PLACEMENT_3D ( 'NONE', #5420, #605, #545 ) ;
#4281 = DIRECTION ( 'NONE',  ( 0.000000000000000000, -2.744815626545581052E-16, -1.000000000000000000 ) ) ;
#4282 = VECTOR ( 'NONE', #4775, 1000.000000000000000 ) ;
#4283 = PLANE ( 'NONE',  #3175 ) ;
#4284 = ORIENTED_EDGE ( 'NONE', *, *, #2389, .T. ) ;
#4285 = SURFACE_SIDE_STYLE ('',( #1004 ) ) ;
#4286 = AXIS2_PLACEMENT_3D ( 'NONE', #239, #629, #566 ) ;
#4287 = VECTOR ( 'NONE', #1287, 1000.000000000000000 ) ;
#4288 = DIRECTION ( 'NONE',  ( -0.000000000000000000, 1.000000000000000000, -0.000000000000000000 ) ) ;
#4289 = ORIENTED_EDGE ( 'NONE', *, *, #1471, .T. ) ;
#4290 = EDGE_LOOP ( 'NONE', ( #6173, #5781, #5965, #1928 ) ) ;
#4291 = ADVANCED_FACE ( 'NONE', ( #2486 ), #1697, .F. ) ;
#4292 = CARTESIAN_POINT ( 'NONE',  ( -4.925000000000000711, 9.900000000000000355, -1.584999999999999964 ) ) ;
#4293 = FACE_OUTER_BOUND ( 'NONE', #1260, .T. ) ;
#4294 = ORIENTED_EDGE ( 'NONE', *, *, #812, .T. ) ;
#4295 = LINE ( 'NONE', #1236, #6178 ) ;
#4296 = EDGE_CURVE ( 'NONE', #3567, #1270, #381, .T. ) ;
#4297 = CARTESIAN_POINT ( 'NONE',  ( -4.270000000000001350, 3.300000000000000711, 1.584999999999999076 ) ) ;
#4298 = AXIS2_PLACEMENT_3D ( 'NONE', #2397, #1935, #2756 ) ;
#4299 = ORIENTED_EDGE ( 'NONE', *, *, #696, .T. ) ;
#4300 = EDGE_CURVE ( 'NONE', #6186, #2045, #4591, .T. ) ;
#4301 = ORIENTED_EDGE ( 'NONE', *, *, #2221, .T. ) ;
#4302 = CARTESIAN_POINT ( 'NONE',  ( -6.324999999999999289, 8.499999999999996447, 1.774999999999998579 ) ) ;
#4303 = DIRECTION ( 'NONE',  ( 0.000000000000000000, 0.000000000000000000, -1.000000000000000000 ) ) ;
#4304 = LINE ( 'NONE', #3394, #2196 ) ;
#4305 = ORIENTED_EDGE ( 'NONE', *, *, #324, .T. ) ;
#4306 = AXIS2_PLACEMENT_3D ( 'NONE', #498, #891, #814 ) ;
#4307 = CARTESIAN_POINT ( 'NONE',  ( -4.270000000000001350, 9.900000000000000355, 1.584999999999999076 ) ) ;
#4308 = EDGE_LOOP ( 'NONE', ( #4359, #2010, #4828, #641 ) ) ;
#4309 = ORIENTED_EDGE ( 'NONE', *, *, #5161, .T. ) ;
#4310 = EDGE_CURVE ( 'NONE', #1636, #3368, #356, .T. ) ;
#4311 = CARTESIAN_POINT ( 'NONE',  ( 0.3199999999999991185, -3.252606517456513302E-16, -0.9549999999999954081 ) ) ;
#4312 = CARTESIAN_POINT ( 'NONE',  ( -0.3200000000000008393, 7.500000000000001776, -0.005000000000001097317 ) ) ;
#4313 = CARTESIAN_POINT ( 'NONE',  ( -6.325000000000002842, 1.269999999999999796, 1.190000000000007718 ) ) ;
#4314 = ADVANCED_FACE ( 'NONE', ( #2493 ), #260, .T. ) ;
#4315 = VECTOR ( 'NONE', #4281, 1000.000000000000000 ) ;
#4316 = ORIENTED_EDGE ( 'NONE', *, *, #3758, .T. ) ;
#4317 = CARTESIAN_POINT ( 'NONE',  ( 1.300000000000000044, 7.400000000000000355, -2.785000000000001030 ) ) ;
#4318 = ORIENTED_EDGE ( 'NONE', *, *, #5092, .F. ) ;
#4319 = ORIENTED_EDGE ( 'NONE', *, *, #3370, .F. ) ;
#4320 = PLANE ( 'NONE',  #3180 ) ;
#4321 = PLANE ( 'NONE',  #2109 ) ;
#4322 = DIRECTION ( 'NONE',  ( 0.000000000000000000, 0.000000000000000000, -1.000000000000000000 ) ) ;
#4323 = EDGE_LOOP ( 'NONE', ( #3311, #818, #1792, #3997 ) ) ;
#4324 = DIRECTION ( 'NONE',  ( 1.000000000000000000, -0.000000000000000000, -4.494102269369967741E-16 ) ) ;
#4325 = DIRECTION ( 'NONE',  ( -0.000000000000000000, -0.000000000000000000, -1.000000000000000000 ) ) ;
#4326 = LINE ( 'NONE', #3188, #5 ) ;
#4327 = CARTESIAN_POINT ( 'NONE',  ( 1.300000000000000044, 7.400000000000000355, -2.085000000000000853 ) ) ;
#4328 = VERTEX_POINT ( 'NONE', #582 ) ;
#4329 = EDGE_CURVE ( 'NONE', #1610, #3459, #4504, .T. ) ;
#4330 = VERTEX_POINT ( 'NONE', #347 ) ;
#4331 = DIRECTION ( 'NONE',  ( 0.000000000000000000, 1.000000000000000000, -3.236424395479117765E-16 ) ) ;
#4332 = SURFACE_STYLE_FILL_AREA ( #3894 ) ;
#4333 = VERTEX_POINT ( 'NONE', #2177 ) ;
#4334 = DIRECTION ( 'NONE',  ( 0.000000000000000000, 2.744815626545581052E-16, 1.000000000000000000 ) ) ;
#4335 = ORIENTED_EDGE ( 'NONE', *, *, #5092, .T. ) ;
#4336 = ORIENTED_EDGE ( 'NONE', *, *, #2370, .T. ) ;
#4337 = DIRECTION ( 'NONE',  ( 1.000000000000000000, -0.000000000000000000, -4.494102269369967741E-16 ) ) ;
#4338 = LINE ( 'NONE', #457, #2323 ) ;
#4339 = VERTEX_POINT ( 'NONE', #4086 ) ;
#4340 = VERTEX_POINT ( 'NONE', #3053 ) ;
#4341 = AXIS2_PLACEMENT_3D ( 'NONE', #5160, #496, #6204 ) ;
#4342 = ORIENTED_EDGE ( 'NONE', *, *, #4574, .F. ) ;
#4343 = CARTESIAN_POINT ( 'NONE',  ( -3.320000000000000728, 0.000000000000000000, 2.024999999999999023 ) ) ;
#4344 = CARTESIAN_POINT ( 'NONE',  ( 5.674999999999999822, -1.449999999999999956, 1.884999999999999343 ) ) ;
#4345 = DIRECTION ( 'NONE',  ( 0.000000000000000000, 1.000000000000000000, 1.344746880602175966E-16 ) ) ;
#4346 =( LENGTH_UNIT ( ) NAMED_UNIT ( * ) SI_UNIT ( .MILLI., .METRE. ) );
#4347 = ORIENTED_EDGE ( 'NONE', *, *, #4648, .F. ) ;
#4348 = VECTOR ( 'NONE', #3468, 1000.000000000000000 ) ;
#4349 = DIRECTION ( 'NONE',  ( 0.000000000000000000, 0.000000000000000000, -1.000000000000000000 ) ) ;
#4350 = ORIENTED_EDGE ( 'NONE', *, *, #797, .F. ) ;
#4351 = EDGE_LOOP ( 'NONE', ( #673, #4284, #49, #69 ) ) ;
#4352 = STYLED_ITEM ( 'NONE', ( #2973 ), #5709 ) ;
#4353 = AXIS2_PLACEMENT_3D ( 'NONE', #4679, #3160, #6127 ) ;
#4354 = SURFACE_STYLE_USAGE ( .BOTH. , #6142 ) ;
#4355 = AXIS2_PLACEMENT_3D ( 'NONE', #1053, #650, #1661 ) ;
#4356 = PLANE ( 'NONE',  #3039 ) ;
#4357 = ADVANCED_FACE ( 'NONE', ( #2527 ), #2605, .F. ) ;
#4358 = VECTOR ( 'NONE', #3983, 1000.000000000000000 ) ;
#4359 = ORIENTED_EDGE ( 'NONE', *, *, #2558, .T. ) ;
#4360 = PLANE ( 'NONE',  #1329 ) ;
#4361 = CARTESIAN_POINT ( 'NONE',  ( 6.835927835051544221, -0.7742268041237121423, 1.374072164948453745 ) ) ;
#4362 = VECTOR ( 'NONE', #2714, 1000.000000000000000 ) ;
#4363 = DIRECTION ( 'NONE',  ( -1.000000000000000000, -0.000000000000000000, 0.000000000000000000 ) ) ;
#4364 = EDGE_LOOP ( 'NONE', ( #4813, #4738, #240, #2294 ) ) ;
#4365 = ORIENTED_EDGE ( 'NONE', *, *, #3749, .T. ) ;
#4366 = CARTESIAN_POINT ( 'NONE',  ( 1.300000000000000044, 6.899999999999999467, -2.085000000000000853 ) ) ;
#4367 = VECTOR ( 'NONE', #3240, 1000.000000000000114 ) ;
#4368 = DIRECTION ( 'NONE',  ( 0.000000000000000000, -2.995465716473997569E-16, -1.000000000000000000 ) ) ;
#4369 = AXIS2_PLACEMENT_3D ( 'NONE', #3748, #453, #4713 ) ;
#4370 = VECTOR ( 'NONE', #2116, 1000.000000000000000 ) ;
#4371 = ORIENTED_EDGE ( 'NONE', *, *, #576, .T. ) ;
#4372 = VECTOR ( 'NONE', #1434, 1000.000000000000000 ) ;
#4373 = ORIENTED_EDGE ( 'NONE', *, *, #1032, .T. ) ;
#4374 = VERTEX_POINT ( 'NONE', #974 ) ;
#4375 = CARTESIAN_POINT ( 'NONE',  ( 4.924999999999998934, 9.900000000000000355, 1.044999999999998819 ) ) ;
#4376 = APPLICATION_CONTEXT ( 'automotive_design' ) ;
#4377 = EDGE_CURVE ( 'NONE', #1983, #5737, #2552, .T. ) ;
#4378 = FACE_OUTER_BOUND ( 'NONE', #1402, .T. ) ;
#4379 = VECTOR ( 'NONE', #5842, 1000.000000000000000 ) ;
#4380 = ORIENTED_EDGE ( 'NONE', *, *, #5925, .F. ) ;
#4381 = FACE_OUTER_BOUND ( 'NONE', #1245, .T. ) ;
#4382 = UNCERTAINTY_MEASURE_WITH_UNIT (LENGTH_MEASURE( 1.000000000000000082E-05 ), #2356, 'distance_accuracy_value', 'NONE');
#4383 = ORIENTED_EDGE ( 'NONE', *, *, #3300, .F. ) ;
#4384 = ORIENTED_EDGE ( 'NONE', *, *, #4539, .T. ) ;
#4385 = DIRECTION ( 'NONE',  ( 0.000000000000000000, 1.000000000000000000, 0.000000000000000000 ) ) ;
#4386 = DIRECTION ( 'NONE',  ( -0.000000000000000000, 1.000000000000000000, -0.000000000000000000 ) ) ;
#4387 = VECTOR ( 'NONE', #5838, 1000.000000000000000 ) ;
#4388 = CARTESIAN_POINT ( 'NONE',  ( 6.324999999999999289, 8.499999999999996447, 2.274999999999998579 ) ) ;
#4389 = CARTESIAN_POINT ( 'NONE',  ( 1.269999999999999130, 3.300000000000000711, 0.9349999999999940581 ) ) ;
#4390 = PLANE ( 'NONE',  #1545 ) ;
#4391 = PRESENTATION_STYLE_ASSIGNMENT (( #4689 ) ) ;
#4392 = ORIENTED_EDGE ( 'NONE', *, *, #1980, .T. ) ;
#4393 = VECTOR ( 'NONE', #1157, 1000.000000000000000 ) ;
#4394 = EDGE_CURVE ( 'NONE', #3034, #6058, #494, .T. ) ;
#4395 = DIRECTION ( 'NONE',  ( 0.000000000000000000, 0.000000000000000000, -1.000000000000000000 ) ) ;
#4396 = ORIENTED_EDGE ( 'NONE', *, *, #2878, .T. ) ;
#4397 = ORIENTED_EDGE ( 'NONE', *, *, #2615, .T. ) ;
#4398 = DIRECTION ( 'NONE',  ( 0.000000000000000000, -2.995465716473997569E-16, -1.000000000000000000 ) ) ;
#4399 = VECTOR ( 'NONE', #661, 1000.000000000000000 ) ;
#4400 = CARTESIAN_POINT ( 'NONE',  ( -2.880000000000001670, 7.500000000000001776, 0.1949999999999994238 ) ) ;
#4401 = DIRECTION ( 'NONE',  ( 0.000000000000000000, -1.000000000000000000, 0.000000000000000000 ) ) ;
#4402 = EDGE_CURVE ( 'NONE', #1679, #5931, #4584, .T. ) ;
#4403 = DIRECTION ( 'NONE',  ( 0.000000000000000000, 1.000000000000000000, 0.000000000000000000 ) ) ;
#4404 = VECTOR ( 'NONE', #2447, 1000.000000000000000 ) ;
#4405 = ORIENTED_EDGE ( 'NONE', *, *, #1993, .T. ) ;
#4406 = CARTESIAN_POINT ( 'NONE',  ( -3.320000000000000728, 1.350000000000000089, -1.585000000000000409 ) ) ;
#4407 = PLANE ( 'NONE',  #4050 ) ;
#4408 = ADVANCED_FACE ( 'NONE', ( #2421 ), #1127, .T. ) ;
#4409 = CARTESIAN_POINT ( 'NONE',  ( -0.3200000000000008393, 1.269999999999999796, -0.5599999999999949463 ) ) ;
#4410 = ORIENTED_EDGE ( 'NONE', *, *, #1507, .F. ) ;
#4411 = ORIENTED_EDGE ( 'NONE', *, *, #1480, .F. ) ;
#4412 = DIRECTION ( 'NONE',  ( 0.000000000000000000, 2.017120320903263949E-16, -1.000000000000000000 ) ) ;
#4413 = LINE ( 'NONE', #467, #2202 ) ;
#4414 = CARTESIAN_POINT ( 'NONE',  ( 5.390000000000000568, 0.6699999999999998179, 1.190000000000007940 ) ) ;
#4415 = CARTESIAN_POINT ( 'NONE',  ( -3.320000000000000728, 0.6699999999999997069, -0.9549999999999936318 ) ) ;
#4416 = ADVANCED_FACE ( 'NONE', ( #463 ), #4004, .F. ) ;
#4417 = VECTOR ( 'NONE', #1428, 1000.000000000000000 ) ;
#4418 = ORIENTED_EDGE ( 'NONE', *, *, #3510, .T. ) ;
#4419 = FACE_OUTER_BOUND ( 'NONE', #1438, .T. ) ;
#4420 = DIRECTION ( 'NONE',  ( -1.000000000000000000, 0.000000000000000000, -0.000000000000000000 ) ) ;
#4421 = ORIENTED_EDGE ( 'NONE', *, *, #3219, .T. ) ;
#4422 = ORIENTED_EDGE ( 'NONE', *, *, #1835, .T. ) ;
#4423 = DIRECTION ( 'NONE',  ( 0.000000000000000000, 1.801998070613027504E-16, -1.000000000000000000 ) ) ;
#4424 = LINE ( 'NONE', #930, #2157 ) ;
#4425 = EDGE_CURVE ( 'NONE', #850, #4992, #4623, .T. ) ;
#4426 = EDGE_CURVE ( 'NONE', #4634, #1198, #4529, .T. ) ;
#4427 = EDGE_LOOP ( 'NONE', ( #3603, #322, #1607, #3669, #5510, #1443, #1731, #2340, #1682, #5698, #202, #1563, #5736, #5733, #3702, #2271, #1481, #2418 ) ) ;
#4428 = VECTOR ( 'NONE', #2452, 1000.000000000000000 ) ;
#4429 = ORIENTED_EDGE ( 'NONE', *, *, #1126, .T. ) ;
#4430 = ORIENTED_EDGE ( 'NONE', *, *, #937, .T. ) ;
#4431 = PLANE ( 'NONE',  #2821 ) ;
#4432 = CARTESIAN_POINT ( 'NONE',  ( -2.880000000000001670, -3.180000000000000160, 0.4349999999999975553 ) ) ;
#4433 = VECTOR ( 'NONE', #5477, 1000.000000000000000 ) ;
#4434 = DIRECTION ( 'NONE',  ( -0.000000000000000000, 1.000000000000000000, 1.801998070613027504E-16 ) ) ;
#4435 = CARTESIAN_POINT ( 'NONE',  ( -0.3200000000000008393, 3.300000000000000711, -0.005000000000001097317 ) ) ;
#4436 = AXIS2_PLACEMENT_3D ( 'NONE', #2641, #3063, #4144 ) ;
#4437 = AXIS2_PLACEMENT_3D ( 'NONE', #5059, #5018, #2393 ) ;
#4438 = ORIENTED_EDGE ( 'NONE', *, *, #2853, .F. ) ;
#4439 = DIRECTION ( 'NONE',  ( 1.000000000000000000, 0.000000000000000000, 0.000000000000000000 ) ) ;
#4440 = VECTOR ( 'NONE', #4676, 1000.000000000000000 ) ;
#4441 = AXIS2_PLACEMENT_3D ( 'NONE', #515, #915, #1424 ) ;
#4442 = CARTESIAN_POINT ( 'NONE',  ( 6.325000000000001066, 0.6700000000000004841, -1.585000000000002629 ) ) ;
#4443 = ORIENTED_EDGE ( 'NONE', *, *, #4838, .F. ) ;
#4444 = ORIENTED_EDGE ( 'NONE', *, *, #1126, .F. ) ;
#4445 = CARTESIAN_POINT ( 'NONE',  ( 1.250000000000001110, 8.300000000000000711, 2.274999999999999467 ) ) ;
#4446 = LINE ( 'NONE', #2547, #220 ) ;
#4447 = PLANE ( 'NONE',  #4042 ) ;
#4448 = DIRECTION ( 'NONE',  ( 1.000000000000000000, -0.000000000000000000, -4.494102269369967741E-16 ) ) ;
#4449 = DIRECTION ( 'NONE',  ( 0.000000000000000000, 0.000000000000000000, 1.000000000000000000 ) ) ;
#4450 = CARTESIAN_POINT ( 'NONE',  ( -5.389999999999997904, 1.849999999999999201, 2.274999999999999023 ) ) ;
#4451 = PLANE ( 'NONE',  #4039 ) ;
#4452 = VECTOR ( 'NONE', #2069, 1000.000000000000000 ) ;
#4453 = ORIENTED_EDGE ( 'NONE', *, *, #89, .T. ) ;
#4454 = DIRECTION ( 'NONE',  ( -0.000000000000000000, -0.000000000000000000, 1.000000000000000000 ) ) ;
#4455 = DIRECTION ( 'NONE',  ( -1.000000000000000000, 0.000000000000000000, 0.000000000000000000 ) ) ;
#4456 = LINE ( 'NONE', #5460, #4393 ) ;
#4457 = DIRECTION ( 'NONE',  ( 0.000000000000000000, -2.995465716473997569E-16, -1.000000000000000000 ) ) ;
#4458 = ORIENTED_EDGE ( 'NONE', *, *, #1962, .F. ) ;
#4459 = ORIENTED_EDGE ( 'NONE', *, *, #2252, .F. ) ;
#4460 = FACE_OUTER_BOUND ( 'NONE', #3485, .T. ) ;
#4461 = VECTOR ( 'NONE', #3518, 1000.000000000000000 ) ;
#4462 = ORIENTED_EDGE ( 'NONE', *, *, #3532, .T. ) ;
#4463 = EDGE_CURVE ( 'NONE', #3530, #5426, #4559, .T. ) ;
#4464 = CARTESIAN_POINT ( 'NONE',  ( -6.325000000000002842, 0.6699999999999998179, 1.190000000000007940 ) ) ;
#4465 = EDGE_LOOP ( 'NONE', ( #3722, #6015, #3884, #3985 ) ) ;
#4466 = CARTESIAN_POINT ( 'NONE',  ( 5.389999999999999680, 1.850000000000000089, 2.784999999999999254 ) ) ;
#4467 = SURFACE_SIDE_STYLE ('',( #272 ) ) ;
#4468 = EDGE_CURVE ( 'NONE', #3391, #1188, #2560, .T. ) ;
#4469 = UNCERTAINTY_MEASURE_WITH_UNIT (LENGTH_MEASURE( 1.000000000000000082E-05 ), #1672, 'distance_accuracy_value', 'NONE');
#4470 = ADVANCED_FACE ( 'NONE', ( #437 ), #5740, .F. ) ;
#4471 = ORIENTED_EDGE ( 'NONE', *, *, #384, .F. ) ;
#4472 = COLOUR_RGB ( '',0.7921568627450980005, 0.8196078431372548767, 0.9333333333333333481 ) ;
#4473 = EDGE_CURVE ( 'NONE', #410, #5426, #4598, .T. ) ;
#4474 = ORIENTED_EDGE ( 'NONE', *, *, #1604, .T. ) ;
#4475 = CARTESIAN_POINT ( 'NONE',  ( 1.729999999999998872, 3.300000000000000711, 1.584999999999999076 ) ) ;
#4476 = CARTESIAN_POINT ( 'NONE',  ( -1.300000000000000044, 7.400000000000000355, -2.085000000000000853 ) ) ;
#4477 = VECTOR ( 'NONE', #1650, 1000.000000000000000 ) ;
#4478 = FILL_AREA_STYLE ('',( #3395 ) ) ;
#4479 = CARTESIAN_POINT ( 'NONE',  ( 6.324999999999999289, 1.849999999999999201, 1.774999999999998357 ) ) ;
#4480 = EDGE_CURVE ( 'NONE', #3860, #5551, #4543, .T. ) ;
#4481 = DIRECTION ( 'NONE',  ( 1.000000000000000000, -0.000000000000000000, -0.000000000000000000 ) ) ;
#4482 = LINE ( 'NONE', #599, #4358 ) ;
#4483 = EDGE_LOOP ( 'NONE', ( #3896, #1958, #3, #6100 ) ) ;
#4484 = VECTOR ( 'NONE', #409, 1000.000000000000114 ) ;
#4485 = VERTEX_POINT ( 'NONE', #479 ) ;
#4486 = CARTESIAN_POINT ( 'NONE',  ( -0.3200000000000008393, 0.6699999999999997069, -0.9549999999999950751 ) ) ;
#4487 = FACE_OUTER_BOUND ( 'NONE', #331, .T. ) ;
#4488 = ORIENTED_EDGE ( 'NONE', *, *, #4949, .T. ) ;
#4489 = CARTESIAN_POINT ( 'NONE',  ( -6.325000000000002842, 1.269999999999999796, 1.190000000000007718 ) ) ;
#4490 = FILL_AREA_STYLE ('',( #5896 ) ) ;
#4491 = CARTESIAN_POINT ( 'NONE',  ( -0.3200000000000008948, -1.318004915248540313E-16, 1.585000000000005294 ) ) ;
#4492 = EDGE_LOOP ( 'NONE', ( #1357, #594, #1062, #4804 ) ) ;
#4493 = DIRECTION ( 'NONE',  ( 0.000000000000000000, -0.000000000000000000, 1.000000000000000000 ) ) ;
#4494 = CARTESIAN_POINT ( 'NONE',  ( 2.679999999999999272, 3.300000000000000711, 0.6349999999999988987 ) ) ;
#4495 = ORIENTED_EDGE ( 'NONE', *, *, #744, .T. ) ;
#4496 = LINE ( 'NONE', #4649, #238 ) ;
#4497 = CARTESIAN_POINT ( 'NONE',  ( 2.679999999999999272, 1.350000000000000089, -1.585000000000000409 ) ) ;
#4498 = ORIENTED_EDGE ( 'NONE', *, *, #639, .F. ) ;
#4499 = EDGE_CURVE ( 'NONE', #535, #710, #413, .T. ) ;
#4500 = CARTESIAN_POINT ( 'NONE',  ( 0.3199999999999991185, 6.899999999999995026, 0.6349999999999988987 ) ) ;
#4501 = EDGE_CURVE ( 'NONE', #5250, #5595, #4577, .T. ) ;
#4502 = ADVANCED_FACE ( 'NONE', ( #423 ), #1888, .F. ) ;
#4503 = AXIS2_PLACEMENT_3D ( 'NONE', #3987, #2882, #5315 ) ;
#4504 = LINE ( 'NONE', #2978, #4477 ) ;
#4505 = ORIENTED_EDGE ( 'NONE', *, *, #324, .F. ) ;
#4506 = VECTOR ( 'NONE', #4457, 1000.000000000000000 ) ;
#4507 = CARTESIAN_POINT ( 'NONE',  ( 4.269999999999999574, 9.900000000000000355, 1.584999999999998632 ) ) ;
#4508 = DIRECTION ( 'NONE',  ( 0.000000000000000000, 2.744815626545581052E-16, 1.000000000000000000 ) ) ;
#4509 = MANIFOLD_SOLID_BREP ( 'Body-Move/Copy1', #1087 ) ;
#4510 = DIRECTION ( 'NONE',  ( -1.000000000000000000, 0.000000000000000000, 1.984809469081015648E-16 ) ) ;
#4511 = VECTOR ( 'NONE', #4345, 1000.000000000000000 ) ;
#4512 = SURFACE_STYLE_USAGE ( .BOTH. , #3500 ) ;
#4513 = PLANE ( 'NONE',  #4979 ) ;
#4514 = EDGE_CURVE ( 'NONE', #680, #2208, #5102, .T. ) ;
#4515 = AXIS2_PLACEMENT_3D ( 'NONE', #5966, #2671, #184 ) ;
#4516 = SURFACE_STYLE_USAGE ( .BOTH. , #4747 ) ;
#4517 = EDGE_CURVE ( 'NONE', #4946, #6094, #867, .T. ) ;
#4518 = VERTEX_POINT ( 'NONE', #3691 ) ;
#4519 = CARTESIAN_POINT ( 'NONE',  ( 2.250000000000001332, 8.300000000000000711, 2.774999999999999467 ) ) ;
#4520 = CARTESIAN_POINT ( 'NONE',  ( 1.269999999999999130, 3.300000000000000711, 1.584999999999998632 ) ) ;
#4521 = SURFACE_STYLE_FILL_AREA ( #1217 ) ;
#4522 = CARTESIAN_POINT ( 'NONE',  ( 5.389999999999999680, 0.6699999999999998179, -0.5599999999999923928 ) ) ;
#4523 = CARTESIAN_POINT ( 'NONE',  ( 0.000000000000000000, 7.500000000000001776, 0.1949999999999994238 ) ) ;
#4524 = EDGE_CURVE ( 'NONE', #1820, #5319, #952, .T. ) ;
#4525 = ORIENTED_EDGE ( 'NONE', *, *, #2759, .T. ) ;
#4526 = CARTESIAN_POINT ( 'NONE',  ( 0.6200000000000032152, 9.900000000000000355, 1.584999999999998854 ) ) ;
#4527 = DIRECTION ( 'NONE',  ( 0.3015113445777613532, 0.9045340337332925529, 0.3015113445777610757 ) ) ;
#4528 = CARTESIAN_POINT ( 'NONE',  ( -4.270000000000001350, 9.900000000000000355, 0.9349999999999978328 ) ) ;
#4529 = LINE ( 'NONE', #3836, #2462 ) ;
#4530 = DIRECTION ( 'NONE',  ( 0.000000000000000000, 0.000000000000000000, 1.000000000000000000 ) ) ;
#4531 = ORIENTED_EDGE ( 'NONE', *, *, #5683, .F. ) ;
#4532 = ADVANCED_FACE ( 'NONE', ( #5129 ), #2755, .T. ) ;
#4533 = UNCERTAINTY_MEASURE_WITH_UNIT (LENGTH_MEASURE( 1.000000000000000082E-05 ), #2512, 'distance_accuracy_value', 'NONE');
#4534 = FILL_AREA_STYLE ('',( #4043 ) ) ;
#4535 = CARTESIAN_POINT ( 'NONE',  ( -2.680000000000001048, 0.000000000000000000, 2.024999999999999023 ) ) ;
#4536 = VECTOR ( 'NONE', #2395, 1000.000000000000000 ) ;
#4537 = ORIENTED_EDGE ( 'NONE', *, *, #2859, .F. ) ;
#4538 = LINE ( 'NONE', #5897, #2282 ) ;
#4539 = EDGE_CURVE ( 'NONE', #2064, #3766, #5022, .T. ) ;
#4540 = CARTESIAN_POINT ( 'NONE',  ( -6.324999999999998401, 1.850000000000000089, 2.785000000000001030 ) ) ;
#4541 = CARTESIAN_POINT ( 'NONE',  ( 0.3199999999999991740, -1.081363123647112731E-15, -1.584999999999999964 ) ) ;
#4542 = ADVANCED_FACE ( 'NONE', ( #5031 ), #19, .F. ) ;
#4543 = LINE ( 'NONE', #4222, #4550 ) ;
#4544 = DIRECTION ( 'NONE',  ( 0.000000000000000000, -0.000000000000000000, 1.000000000000000000 ) ) ;
#4545 = DIRECTION ( 'NONE',  ( 0.000000000000000000, 2.744815626545581052E-16, 1.000000000000000000 ) ) ;
#4546 = PLANE ( 'NONE',  #3114 ) ;
#4547 = ORIENTED_EDGE ( 'NONE', *, *, #2780, .T. ) ;
#4548 = PLANE ( 'NONE',  #1419 ) ;
#4549 = FILL_AREA_STYLE ('',( #1151 ) ) ;
#4550 = VECTOR ( 'NONE', #5531, 1000.000000000000000 ) ;
#4551 = DIRECTION ( 'NONE',  ( -4.494102269369967741E-16, 1.618212197739558882E-16, -1.000000000000000000 ) ) ;
#4552 = STYLED_ITEM ( 'NONE', ( #3235 ), #517 ) ;
#4553 = DIRECTION ( 'NONE',  ( -1.233548213626064722E-31, 1.000000000000000000, -2.744815626545581052E-16 ) ) ;
#4554 = DIRECTION ( 'NONE',  ( -0.000000000000000000, -0.000000000000000000, 1.000000000000000000 ) ) ;
#4555 = ORIENTED_EDGE ( 'NONE', *, *, #2297, .F. ) ;
#4556 = CARTESIAN_POINT ( 'NONE',  ( -5.389999999999999680, 1.699999999999998623, -1.584999999999999964 ) ) ;
#4557 = DIRECTION ( 'NONE',  ( 0.000000000000000000, -0.7071067811865473507, 0.7071067811865477948 ) ) ;
#4558 = CARTESIAN_POINT ( 'NONE',  ( -6.324999999999999289, 9.900000000000000355, 2.274999999999999023 ) ) ;
#4559 = LINE ( 'NONE', #2353, #4511 ) ;
#4560 = DIRECTION ( 'NONE',  ( 0.000000000000000000, -2.744815626545581052E-16, -1.000000000000000000 ) ) ;
#4561 =( GEOMETRIC_REPRESENTATION_CONTEXT ( 3 ) GLOBAL_UNCERTAINTY_ASSIGNED_CONTEXT ( ( #896 ) ) GLOBAL_UNIT_ASSIGNED_CONTEXT ( ( #1281, #4952, #6107 ) ) REPRESENTATION_CONTEXT ( 'NONE', 'WORKASPACE' ) );
#4562 = EDGE_CURVE ( 'NONE', #1361, #166, #858, .T. ) ;
#4563 = MECHANICAL_DESIGN_GEOMETRIC_PRESENTATION_REPRESENTATION (  '', ( #5125 ), #1325 ) ;
#4564 = VERTEX_POINT ( 'NONE', #5303 ) ;
#4565 = AXIS2_PLACEMENT_3D ( 'NONE', #889, #1394, #5244 ) ;
#4566 = DIRECTION ( 'NONE',  ( 0.000000000000000000, -0.000000000000000000, 1.000000000000000000 ) ) ;
#4567 = VECTOR ( 'NONE', #2261, 1000.000000000000000 ) ;
#4568 = CARTESIAN_POINT ( 'NONE',  ( -5.389999999999997904, 1.849999999999999201, 2.274999999999999023 ) ) ;
#4569 = ORIENTED_EDGE ( 'NONE', *, *, #1962, .T. ) ;
#4570 = ORIENTED_EDGE ( 'NONE', *, *, #560, .F. ) ;
#4571 = ADVANCED_FACE ( 'NONE', ( #5163 ), #2056, .F. ) ;
#4572 = MECHANICAL_DESIGN_GEOMETRIC_PRESENTATION_REPRESENTATION (  '', ( #3357 ), #3438 ) ;
#4573 = CARTESIAN_POINT ( 'NONE',  ( -2.250000000000001332, 8.300000000000000711, 2.774999999999999467 ) ) ;
#4574 = EDGE_CURVE ( 'NONE', #5817, #21, #3012, .T. ) ;
#4575 = CARTESIAN_POINT ( 'NONE',  ( -5.975000000000003197, -1.449999999999999956, 2.484999999999997655 ) ) ;
#4576 = PLANE ( 'NONE',  #3792 ) ;
#4577 = LINE ( 'NONE', #6091, #389 ) ;
#4578 = DIRECTION ( 'NONE',  ( 0.000000000000000000, -1.000000000000000000, 0.000000000000000000 ) ) ;
#4579 = DIRECTION ( 'NONE',  ( 0.000000000000000000, 0.000000000000000000, -1.000000000000000000 ) ) ;
#4580 = DIRECTION ( 'NONE',  ( 0.000000000000000000, 0.000000000000000000, -1.000000000000000000 ) ) ;
#4581 = ORIENTED_EDGE ( 'NONE', *, *, #4425, .F. ) ;
#4582 = ORIENTED_EDGE ( 'NONE', *, *, #2266, .F. ) ;
#4583 = DIRECTION ( 'NONE',  ( 0.000000000000000000, -0.000000000000000000, 1.000000000000000000 ) ) ;
#4584 = LINE ( 'NONE', #2899, #2501 ) ;
#4585 = CARTESIAN_POINT ( 'NONE',  ( 1.250000000000001110, 8.300000000000000711, 2.774999999999999467 ) ) ;
#4586 = ORIENTED_EDGE ( 'NONE', *, *, #2839, .T. ) ;
#4587 =( LENGTH_UNIT ( ) NAMED_UNIT ( * ) SI_UNIT ( .MILLI., .METRE. ) );
#4588 = CARTESIAN_POINT ( 'NONE',  ( 3.319999999999998952, -7.265096679918780609, -0.005000000000003001176 ) ) ;
#4589 = VERTEX_POINT ( 'NONE', #5924 ) ;
#4590 = PLANE ( 'NONE',  #3095 ) ;
#4591 = LINE ( 'NONE', #5996, #376 ) ;
#4592 = SURFACE_SIDE_STYLE ('',( #5822 ) ) ;
#4593 = VERTEX_POINT ( 'NONE', #2148 ) ;
#4594 = CARTESIAN_POINT ( 'NONE',  ( 2.679999999999999272, -2.579999999999992966, 0.6349999999999978995 ) ) ;
#4595 = CARTESIAN_POINT ( 'NONE',  ( 0.000000000000000000, -3.180000000000000160, 0.4349999999999975553 ) ) ;
#4596 = EDGE_CURVE ( 'NONE', #5570, #460, #5061, .T. ) ;
#4597 = CARTESIAN_POINT ( 'NONE',  ( 0.000000000000000000, 1.699999999999999956, 2.024999999999999023 ) ) ;
#4598 = LINE ( 'NONE', #3170, #4536 ) ;
#4599 = CARTESIAN_POINT ( 'NONE',  ( -6.324999999999998401, 1.850000000000000089, 2.785000000000001030 ) ) ;
#4600 = ADVANCED_FACE ( 'NONE', ( #3032 ), #1058, .F. ) ;
#4601 = VERTEX_POINT ( 'NONE', #4777 ) ;
#4602 = DIRECTION ( 'NONE',  ( -1.280553747030123322E-16, 0.000000000000000000, -1.000000000000000000 ) ) ;
#4603 = PRESENTATION_STYLE_ASSIGNMENT (( #1172 ) ) ;
#4604 = DIRECTION ( 'NONE',  ( 1.000000000000000000, -0.000000000000000000, -4.494102269369967741E-16 ) ) ;
#4605 = CARTESIAN_POINT ( 'NONE',  ( 1.300000000000000044, 7.400000000000000355, -2.085000000000000853 ) ) ;
#4606 = FILL_AREA_STYLE ('',( #2322 ) ) ;
#4607 = CARTESIAN_POINT ( 'NONE',  ( 2.679999999999999272, 1.349999999999999645, 0.6349999999999985656 ) ) ;
#4608 = DIRECTION ( 'NONE',  ( 0.000000000000000000, -1.000000000000000000, -3.388131789017201849E-16 ) ) ;
#4609 = DIRECTION ( 'NONE',  ( -0.000000000000000000, -0.000000000000000000, 1.000000000000000000 ) ) ;
#4610 = VERTEX_POINT ( 'NONE', #2829 ) ;
#4611 = ADVANCED_FACE ( 'NONE', ( #998 ), #3356, .F. ) ;
#4612 = AXIS2_PLACEMENT_3D ( 'NONE', #2532, #3980, #5932 ) ;
#4613 = CARTESIAN_POINT ( 'NONE',  ( -2.680000000000001048, 7.500000000000001776, 0.6349999999999988987 ) ) ;
#4614 = DIRECTION ( 'NONE',  ( 0.000000000000000000, -1.000000000000000000, -1.618212197739558882E-16 ) ) ;
#4615 = PLANE ( 'NONE',  #554 ) ;
#4616 = DIRECTION ( 'NONE',  ( 0.000000000000000000, -1.000000000000000000, 0.000000000000000000 ) ) ;
#4617 = CARTESIAN_POINT ( 'NONE',  ( -0.3200000000000008948, 1.350000000000000089, -1.585000000000000409 ) ) ;
#4618 = ORIENTED_EDGE ( 'NONE', *, *, #2659, .T. ) ;
#4619 = MECHANICAL_DESIGN_GEOMETRIC_PRESENTATION_REPRESENTATION (  '', ( #4352 ), #5050 ) ;
#4620 = DIRECTION ( 'NONE',  ( 1.000000000000000000, 0.000000000000000000, -4.638298064109109804E-16 ) ) ;
#4621 = PRESENTATION_LAYER_ASSIGNMENT (  '', '', ( #5125 ) ) ;
#4622 = ADVANCED_FACE ( 'NONE', ( #977 ), #1410, .T. ) ;
#4623 = LINE ( 'NONE', #4535, #4567 ) ;
#4624 = DIRECTION ( 'NONE',  ( 1.000000000000000000, 0.000000000000000000, 0.000000000000000000 ) ) ;
#4625 = AXIS2_PLACEMENT_3D ( 'NONE', #916, #4662, #2404 ) ;
#4626 = EDGE_LOOP ( 'NONE', ( #2216, #4770, #2993, #1341 ) ) ;
#4627 = CARTESIAN_POINT ( 'NONE',  ( 3.119999999999998774, 7.500000000000001776, 0.000000000000000000 ) ) ;
#4628 = CARTESIAN_POINT ( 'NONE',  ( -3.320000000000000728, 7.500000000000001776, 0.6349999999999988987 ) ) ;
#4629 = DIRECTION ( 'NONE',  ( -0.000000000000000000, 1.000000000000000000, -0.000000000000000000 ) ) ;
#4630 = DIRECTION ( 'NONE',  ( 1.000000000000000000, 0.000000000000000000, -0.000000000000000000 ) ) ;
#4631 = VECTOR ( 'NONE', #4656, 1000.000000000000000 ) ;
#4632 = STYLED_ITEM ( 'NONE', ( #806 ), #2229 ) ;
#4633 =( NAMED_UNIT ( * ) SI_UNIT ( $, .STERADIAN. ) SOLID_ANGLE_UNIT ( ) );
#4634 = VERTEX_POINT ( 'NONE', #2102 ) ;
#4635 = DIRECTION ( 'NONE',  ( -1.233548213626064722E-31, 1.000000000000000000, -2.744815626545581052E-16 ) ) ;
#4636 = DIRECTION ( 'NONE',  ( 1.000000000000000000, -0.000000000000000000, -0.000000000000000000 ) ) ;
#4637 = CARTESIAN_POINT ( 'NONE',  ( 1.269999999999999130, 9.900000000000000355, 1.584999999999998632 ) ) ;
#4638 = DIRECTION ( 'NONE',  ( -1.000000000000000000, -0.000000000000000000, -0.000000000000000000 ) ) ;
#4639 = DIRECTION ( 'NONE',  ( 0.000000000000000000, -1.000000000000000000, 0.000000000000000000 ) ) ;
#4640 = PLANE ( 'NONE',  #2256 ) ;
#4641 = CARTESIAN_POINT ( 'NONE',  ( 0.3199999999999991740, -1.081363123647112731E-15, -1.584999999999999964 ) ) ;
#4642 = EDGE_CURVE ( 'NONE', #1860, #3154, #3073, .T. ) ;
#4643 = DIRECTION ( 'NONE',  ( 0.7071067811865467956, 0.7071067811865483499, -0.000000000000000000 ) ) ;
#4644 = EDGE_CURVE ( 'NONE', #1361, #5840, #2937, .T. ) ;
#4645 = ORIENTED_EDGE ( 'NONE', *, *, #1050, .F. ) ;
#4646 = ORIENTED_EDGE ( 'NONE', *, *, #4719, .T. ) ;
#4647 = CARTESIAN_POINT ( 'NONE',  ( 1.269999999999999130, 3.300000000000000711, 1.584999999999998632 ) ) ;
#4648 = EDGE_CURVE ( 'NONE', #3695, #5554, #5155, .T. ) ;
#4649 = CARTESIAN_POINT ( 'NONE',  ( -3.120000000000000551, 7.500000000000001776, 0.000000000000000000 ) ) ;
#4650 = ORIENTED_EDGE ( 'NONE', *, *, #3452, .T. ) ;
#4651 = ADVANCED_FACE ( 'NONE', ( #5082 ), #4513, .T. ) ;
#4652 = EDGE_CURVE ( 'NONE', #3860, #6088, #3050, .T. ) ;
#4653 = VERTEX_POINT ( 'NONE', #148 ) ;
#4654 = DIRECTION ( 'NONE',  ( 1.000000000000000000, -0.000000000000000000, -4.494102269369967741E-16 ) ) ;
#4655 = PLANE ( 'NONE',  #5722 ) ;
#4656 = DIRECTION ( 'NONE',  ( -0.000000000000000000, -1.000000000000000000, -0.000000000000000000 ) ) ;
#4657 = PLANE ( 'NONE',  #4987 ) ;
#4658 = ADVANCED_FACE ( 'NONE', ( #3021 ), #5345, .F. ) ;
#4659 = DIRECTION ( 'NONE',  ( -1.000000000000000000, 0.000000000000000000, 1.280553747030123322E-16 ) ) ;
#4660 = ORIENTED_EDGE ( 'NONE', *, *, #2139, .T. ) ;
#4661 = DIRECTION ( 'NONE',  ( 0.000000000000000000, 2.744815626545581052E-16, 1.000000000000000000 ) ) ;
#4662 = DIRECTION ( 'NONE',  ( 0.7071067811865483499, 0.7071067811865466846, 3.177810190017360389E-16 ) ) ;
#4663 = CARTESIAN_POINT ( 'NONE',  ( 6.325000000000001066, 9.900000000000000355, -1.584999999999999964 ) ) ;
#4664 = DIRECTION ( 'NONE',  ( 1.000000000000000000, 0.000000000000000000, 0.000000000000000000 ) ) ;
#4665 = FILL_AREA_STYLE_COLOUR ( '', #988 ) ;
#4666 = DIRECTION ( 'NONE',  ( -0.000000000000000000, -1.000000000000000000, -0.000000000000000000 ) ) ;
#4667 = DIRECTION ( 'NONE',  ( -0.000000000000000000, 1.000000000000000000, -0.000000000000000000 ) ) ;
#4668 = EDGE_CURVE ( 'NONE', #2525, #343, #1036, .T. ) ;
#4669 = PRESENTATION_LAYER_ASSIGNMENT (  '', '', ( #1404 ) ) ;
#4670 = ORIENTED_EDGE ( 'NONE', *, *, #2588, .F. ) ;
#4671 = PLANE ( 'NONE',  #4849 ) ;
#4672 = PLANE ( 'NONE',  #1344 ) ;
#4673 = CARTESIAN_POINT ( 'NONE',  ( -5.364999999999991331, 1.849999999999999201, 2.274999999999999023 ) ) ;
#4674 = AXIS2_PLACEMENT_3D ( 'NONE', #4842, #2556, #4810 ) ;
#4675 = AXIS2_PLACEMENT_3D ( 'NONE', #2204, #3002, #3412 ) ;
#4676 = DIRECTION ( 'NONE',  ( -0.000000000000000000, 1.000000000000000000, 1.801998070613027504E-16 ) ) ;
#4677 = ORIENTED_EDGE ( 'NONE', *, *, #2695, .F. ) ;
#4678 = AXIS2_PLACEMENT_3D ( 'NONE', #4297, #4420, #810 ) ;
#4679 = CARTESIAN_POINT ( 'NONE',  ( 0.1199999999999985800, 7.500000000000001776, 0.000000000000000000 ) ) ;
#4680 = ORIENTED_EDGE ( 'NONE', *, *, #2570, .T. ) ;
#4681 = CARTESIAN_POINT ( 'NONE',  ( 6.325000000000000178, 9.900000000000002132, 1.189999999999998836 ) ) ;
#4682 = CARTESIAN_POINT ( 'NONE',  ( 5.389999999999999680, 0.000000000000000000, -1.584999999999999964 ) ) ;
#4683 = DIRECTION ( 'NONE',  ( 0.000000000000000000, 0.3162277660168349991, 0.9486832980505148782 ) ) ;
#4684 = CARTESIAN_POINT ( 'NONE',  ( 2.679999999999999272, 7.500000000000001776, 0.6349999999999988987 ) ) ;
#4685 = ORIENTED_EDGE ( 'NONE', *, *, #6101, .F. ) ;
#4686 = EDGE_CURVE ( 'NONE', #5778, #2248, #5093, .T. ) ;
#4687 = CARTESIAN_POINT ( 'NONE',  ( 2.679999999999999272, 6.899999999999995026, 0.6349999999999988987 ) ) ;
#4688 = DIRECTION ( 'NONE',  ( -0.000000000000000000, -0.000000000000000000, -1.000000000000000000 ) ) ;
#4689 = SURFACE_STYLE_USAGE ( .BOTH. , #5227 ) ;
#4690 = ADVANCED_FACE ( 'NONE', ( #5120 ), #3713, .F. ) ;
#4691 = EDGE_CURVE ( 'NONE', #5388, #3588, #5042, .T. ) ;
#4692 = DIRECTION ( 'NONE',  ( 0.000000000000000000, -0.3162277660168354432, -0.9486832980505146562 ) ) ;
#4693 = CARTESIAN_POINT ( 'NONE',  ( -2.680000000000001048, 1.349999999999999423, 2.024999999999999023 ) ) ;
#4694 = CARTESIAN_POINT ( 'NONE',  ( -5.364999999999991331, 1.849999999999999201, 2.274999999999999023 ) ) ;
#4695 = SHAPE_DEFINITION_REPRESENTATION ( #2480, #537 ) ;
#4696 = VERTEX_POINT ( 'NONE', #1815 ) ;
#4697 = CARTESIAN_POINT ( 'NONE',  ( -6.325000000000001066, 8.499999999999996447, -1.584999999999999742 ) ) ;
#4698 = CARTESIAN_POINT ( 'NONE',  ( -6.325000000000002842, 0.6699999999999998179, 1.190000000000007940 ) ) ;
#4699 = EDGE_CURVE ( 'NONE', #5551, #3530, #2929, .T. ) ;
#4700 = EDGE_CURVE ( 'NONE', #166, #5595, #5182, .T. ) ;
#4701 = DIRECTION ( 'NONE',  ( 0.000000000000000000, 0.000000000000000000, -1.000000000000000000 ) ) ;
#4702 = ORIENTED_EDGE ( 'NONE', *, *, #1024, .F. ) ;
#4703 = CARTESIAN_POINT ( 'NONE',  ( -3.619999999999993001, 9.900000000000000355, 1.584999999999998854 ) ) ;
#4704 = ORIENTED_EDGE ( 'NONE', *, *, #2981, .T. ) ;
#4705 = PLANE ( 'NONE',  #4798 ) ;
#4706 = VERTEX_POINT ( 'NONE', #3140 ) ;
#4707 = DIRECTION ( 'NONE',  ( -1.000000000000000000, 0.000000000000000000, 0.000000000000000000 ) ) ;
#4708 = CARTESIAN_POINT ( 'NONE',  ( 0.3199999999999991740, 0.000000000000000000, 0.000000000000000000 ) ) ;
#4709 = DIRECTION ( 'NONE',  ( 0.000000000000000000, -1.000000000000000000, 0.000000000000000000 ) ) ;
#4710 = ORIENTED_EDGE ( 'NONE', *, *, #2068, .F. ) ;
#4711 = CARTESIAN_POINT ( 'NONE',  ( 0.3199999999999991740, 1.350000000000000089, -1.585000000000000409 ) ) ;
#4712 = CARTESIAN_POINT ( 'NONE',  ( 5.389999999999999680, 0.6699999999999997069, -0.9549999999999976286 ) ) ;
#4713 = DIRECTION ( 'NONE',  ( -0.000000000000000000, 0.000000000000000000, 1.000000000000000000 ) ) ;
#4714 = ORIENTED_EDGE ( 'NONE', *, *, #1556, .T. ) ;
#4715 = CARTESIAN_POINT ( 'NONE',  ( -6.325000000000002842, 0.6699999999999998179, 1.190000000000007940 ) ) ;
#4716 = ORIENTED_EDGE ( 'NONE', *, *, #2565, .T. ) ;
#4717 =( GEOMETRIC_REPRESENTATION_CONTEXT ( 3 ) GLOBAL_UNCERTAINTY_ASSIGNED_CONTEXT ( ( #5506 ) ) GLOBAL_UNIT_ASSIGNED_CONTEXT ( ( #852, #5773, #1 ) ) REPRESENTATION_CONTEXT ( 'NONE', 'WORKASPACE' ) );
#4718 = CARTESIAN_POINT ( 'NONE',  ( -6.325000000000003730, 0.6699999999999997069, -0.9549999999999922995 ) ) ;
#4719 = EDGE_CURVE ( 'NONE', #2651, #231, #1012, .T. ) ;
#4720 = EDGE_CURVE ( 'NONE', #5581, #4008, #5012, .T. ) ;
#4721 = PLANE ( 'NONE',  #2189 ) ;
#4722 = CARTESIAN_POINT ( 'NONE',  ( 4.924999999999998934, 8.499999999999996447, -0.9550000000000011813 ) ) ;
#4723 = CARTESIAN_POINT ( 'NONE',  ( 0.000000000000000000, 7.500000000000001776, 0.1949999999999994238 ) ) ;
#4724 = AXIS2_PLACEMENT_3D ( 'NONE', #5491, #3657, #2367 ) ;
#4725 = CARTESIAN_POINT ( 'NONE',  ( 0.000000000000000000, -3.180000000000000160, 0.000000000000000000 ) ) ;
#4726 = ADVANCED_FACE ( 'NONE', ( #3066 ), #1233, .F. ) ;
#4727 = DIRECTION ( 'NONE',  ( -1.000000000000000000, 0.000000000000000000, 0.000000000000000000 ) ) ;
#4728 = ORIENTED_EDGE ( 'NONE', *, *, #757, .F. ) ;
#4729 = FILL_AREA_STYLE ('',( #1288 ) ) ;
#4730 = ORIENTED_EDGE ( 'NONE', *, *, #4223, .F. ) ;
#4731 = ADVANCED_FACE ( 'NONE', ( #5137 ), #4640, .F. ) ;
#4732 = EDGE_CURVE ( 'NONE', #2386, #3763, #3001, .T. ) ;
#4733 = SURFACE_STYLE_USAGE ( .BOTH. , #3863 ) ;
#4734 = PRESENTATION_LAYER_ASSIGNMENT (  '', '', ( #2036 ) ) ;
#4735 = EDGE_CURVE ( 'NONE', #3618, #5937, #1178, .T. ) ;
#4736 = DIRECTION ( 'NONE',  ( 1.000000000000000000, 0.000000000000000000, 0.000000000000000000 ) ) ;
#4737 = ORIENTED_EDGE ( 'NONE', *, *, #5222, .T. ) ;
#4738 = ORIENTED_EDGE ( 'NONE', *, *, #256, .F. ) ;
#4739 = DIRECTION ( 'NONE',  ( 0.000000000000000000, 1.000000000000000000, 0.000000000000000000 ) ) ;
#4740 = EDGE_CURVE ( 'NONE', #3501, #5423, #5332, .T. ) ;
#4741 = CARTESIAN_POINT ( 'NONE',  ( 2.679999999999999272, 1.350000000000000089, -1.585000000000000409 ) ) ;
#4742 = ORIENTED_EDGE ( 'NONE', *, *, #3205, .T. ) ;
#4743 = DIRECTION ( 'NONE',  ( 0.000000000000000000, -0.000000000000000000, 1.000000000000000000 ) ) ;
#4744 = DIRECTION ( 'NONE',  ( -0.3015113445777614087, -0.9045340337332923308, 0.3015113445777614087 ) ) ;
#4745 = CARTESIAN_POINT ( 'NONE',  ( -0.3200000000000008393, -2.579999999999992966, -0.005000000000002157233 ) ) ;
#4746 = EDGE_LOOP ( 'NONE', ( #4970, #2399, #1052, #3488 ) ) ;
#4747 = SURFACE_SIDE_STYLE ('',( #3234 ) ) ;
#4748 = EDGE_CURVE ( 'NONE', #3109, #4593, #1076, .T. ) ;
#4749 = CARTESIAN_POINT ( 'NONE',  ( 0.3199999999999991185, 1.269999999999999796, -0.5599999999999952793 ) ) ;
#4750 = DIRECTION ( 'NONE',  ( -1.000000000000000000, 0.000000000000000000, 1.280553747030123322E-16 ) ) ;
#4751 = VERTEX_POINT ( 'NONE', #4146 ) ;
#4752 =( NAMED_UNIT ( * ) SI_UNIT ( $, .STERADIAN. ) SOLID_ANGLE_UNIT ( ) );
#4753 = ORIENTED_EDGE ( 'NONE', *, *, #4700, .T. ) ;
#4754 = CARTESIAN_POINT ( 'NONE',  ( -3.320000000000000728, 6.899999999999995026, 0.6349999999999988987 ) ) ;
#4755 = PLANE ( 'NONE',  #5889 ) ;
#4756 = CARTESIAN_POINT ( 'NONE',  ( -4.924999999999998934, 8.499999999999996447, -0.9550000000000011813 ) ) ;
#4757 = UNCERTAINTY_MEASURE_WITH_UNIT (LENGTH_MEASURE( 1.000000000000000082E-05 ), #186, 'distance_accuracy_value', 'NONE');
#4758 = EDGE_CURVE ( 'NONE', #3988, #5423, #3142, .T. ) ;
#4759 = ORIENTED_EDGE ( 'NONE', *, *, #252, .T. ) ;
#4760 = CARTESIAN_POINT ( 'NONE',  ( 3.319999999999998952, 7.500000000000001776, 0.6349999999999988987 ) ) ;
#4761 = ORIENTED_EDGE ( 'NONE', *, *, #2699, .F. ) ;
#4762 = EDGE_CURVE ( 'NONE', #3743, #5277, #1192, .T. ) ;
#4763 = CARTESIAN_POINT ( 'NONE',  ( -2.680000000000001048, 3.300000000000000711, 0.6349999999999988987 ) ) ;
#4764 = ADVANCED_FACE ( 'NONE', ( #1168 ), #4954, .F. ) ;
#4765 = CARTESIAN_POINT ( 'NONE',  ( -6.325000000000002842, -3.252606517456513302E-16, 1.585000000000007958 ) ) ;
#4766 = PLANE ( 'NONE',  #3366 ) ;
#4767 = SURFACE_STYLE_USAGE ( .BOTH. , #4467 ) ;
#4768 = ORIENTED_EDGE ( 'NONE', *, *, #3071, .F. ) ;
#4769 = COLOUR_RGB ( '',0.7921568627450980005, 0.8196078431372548767, 0.9333333333333333481 ) ;
#4770 = ORIENTED_EDGE ( 'NONE', *, *, #4562, .F. ) ;
#4771 = ADVANCED_FACE ( 'NONE', ( #5292 ), #430, .F. ) ;
#4772 = EDGE_CURVE ( 'NONE', #1307, #5183, #5322, .T. ) ;
#4773 = DIRECTION ( 'NONE',  ( -1.984809469081015648E-16, 0.000000000000000000, -1.000000000000000000 ) ) ;
#4774 = ORIENTED_EDGE ( 'NONE', *, *, #1205, .T. ) ;
#4775 = DIRECTION ( 'NONE',  ( -1.000000000000000000, -0.000000000000000000, -0.000000000000000000 ) ) ;
#4776 =( NAMED_UNIT ( * ) PLANE_ANGLE_UNIT ( ) SI_UNIT ( $, .RADIAN. ) );
#4777 = CARTESIAN_POINT ( 'NONE',  ( 0.1199999999999985800, -3.180000000000000160, 0.4349999999999975553 ) ) ;
#4778 = ORIENTED_EDGE ( 'NONE', *, *, #3281, .F. ) ;
#4779 = CARTESIAN_POINT ( 'NONE',  ( 2.679999999999999272, -7.265096679918780609, 0.6349999999999970113 ) ) ;
#4780 = CARTESIAN_POINT ( 'NONE',  ( 3.319999999999998952, 1.349999999999999423, 2.024999999999999023 ) ) ;
#4781 = DIRECTION ( 'NONE',  ( 1.984809469081015402E-16, -0.000000000000000000, 1.000000000000000000 ) ) ;
#4782 = PRESENTATION_LAYER_ASSIGNMENT (  '', '', ( #4036 ) ) ;
#4783 = EDGE_CURVE ( 'NONE', #2875, #4984, #5212, .T. ) ;
#4784 = STYLED_ITEM ( 'NONE', ( #1870 ), #1295 ) ;
#4785 = CARTESIAN_POINT ( 'NONE',  ( -1.730000000000000870, 9.900000000000000355, -0.9550000000000011813 ) ) ;
#4786 = ORIENTED_EDGE ( 'NONE', *, *, #2850, .F. ) ;
#4787 = AXIS2_PLACEMENT_3D ( 'NONE', #4464, #4832, #5858 ) ;
#4788 = CARTESIAN_POINT ( 'NONE',  ( 2.879999999999999893, 7.500000000000001776, 0.1949999999999994238 ) ) ;
#4789 = VECTOR ( 'NONE', #5223, 1000.000000000000000 ) ;
#4790 = VERTEX_POINT ( 'NONE', #74 ) ;
#4791 = DIRECTION ( 'NONE',  ( -1.000000000000000000, -0.000000000000000000, -0.000000000000000000 ) ) ;
#4792 = DIRECTION ( 'NONE',  ( 0.000000000000000000, 1.000000000000000000, 0.000000000000000000 ) ) ;
#4793 = ORIENTED_EDGE ( 'NONE', *, *, #2748, .T. ) ;
#4794 = DIRECTION ( 'NONE',  ( -1.000000000000000000, -0.000000000000000000, -0.000000000000000000 ) ) ;
#4795 = CYLINDRICAL_SURFACE ( 'NONE', #4675, 0.5000000000000004441 ) ;
#4796 = ORIENTED_EDGE ( 'NONE', *, *, #4237, .F. ) ;
#4797 = CARTESIAN_POINT ( 'NONE',  ( -2.680000000000001048, 0.000000000000000000, 2.024999999999999023 ) ) ;
#4798 = AXIS2_PLACEMENT_3D ( 'NONE', #473, #4739, #1355 ) ;
#4799 = EDGE_CURVE ( 'NONE', #6117, #2940, #3251, .T. ) ;
#4800 = PLANE ( 'NONE',  #4565 ) ;
#4801 = CARTESIAN_POINT ( 'NONE',  ( -6.325000000000002842, 1.269999999999999796, 1.190000000000007718 ) ) ;
#4802 = ORIENTED_EDGE ( 'NONE', *, *, #1735, .T. ) ;
#4803 = LINE ( 'NONE', #3828, #666 ) ;
#4804 = ORIENTED_EDGE ( 'NONE', *, *, #3630, .T. ) ;
#4805 = EDGE_CURVE ( 'NONE', #2687, #3959, #5356, .T. ) ;
#4806 = ADVANCED_FACE ( 'NONE', ( #5238 ), #1485, .F. ) ;
#4807 = CARTESIAN_POINT ( 'NONE',  ( -6.024999999999995914, -1.449999999999999956, 2.484999999999997655 ) ) ;
#4808 = ORIENTED_EDGE ( 'NONE', *, *, #2309, .F. ) ;
#4809 = CARTESIAN_POINT ( 'NONE',  ( -5.389999999999997904, 1.850000000000000089, 2.785000000000000586 ) ) ;
#4810 = DIRECTION ( 'NONE',  ( 1.000000000000000000, 0.000000000000000000, -4.494102269369967741E-16 ) ) ;
#4811 = LINE ( 'NONE', #2505, #4871 ) ;
#4812 = EDGE_CURVE ( 'NONE', #2902, #1303, #5255, .T. ) ;
#4813 = ORIENTED_EDGE ( 'NONE', *, *, #5304, .T. ) ;
#4814 = PLANE ( 'NONE',  #2599 ) ;
#4815 = ADVANCED_FACE ( 'NONE', ( #3297 ), #2538, .F. ) ;
#4816 = DIRECTION ( 'NONE',  ( 4.494102269369967741E-16, 2.744815626545581052E-16, -1.000000000000000000 ) ) ;
#4817 = FILL_AREA_STYLE_COLOUR ( '', #4769 ) ;
#4818 = ORIENTED_EDGE ( 'NONE', *, *, #1070, .F. ) ;
#4819 = DIRECTION ( 'NONE',  ( 0.000000000000000000, 0.000000000000000000, -1.000000000000000000 ) ) ;
#4820 = VECTOR ( 'NONE', #4111, 1000.000000000000000 ) ;
#4821 = ORIENTED_EDGE ( 'NONE', *, *, #3214, .T. ) ;
#4822 = UNCERTAINTY_MEASURE_WITH_UNIT (LENGTH_MEASURE( 1.000000000000000082E-05 ), #1101, 'distance_accuracy_value', 'NONE');
#4823 = DIRECTION ( 'NONE',  ( -1.000000000000000000, -0.000000000000000000, -0.000000000000000000 ) ) ;
#4824 = EDGE_CURVE ( 'NONE', #3933, #1392, #1241, .T. ) ;
#4825 = DIRECTION ( 'NONE',  ( 0.000000000000000000, -0.000000000000000000, 1.000000000000000000 ) ) ;
#4826 = CARTESIAN_POINT ( 'NONE',  ( -6.325000000000002842, 1.269999999999999796, 1.190000000000007718 ) ) ;
#4827 = CARTESIAN_POINT ( 'NONE',  ( -5.674999999999999822, -1.449999999999999956, 2.784999999999999254 ) ) ;
#4828 = ORIENTED_EDGE ( 'NONE', *, *, #2991, .F. ) ;
#4829 = PLANE ( 'NONE',  #4119 ) ;
#4830 = VECTOR ( 'NONE', #2731, 1000.000000000000000 ) ;
#4831 = ORIENTED_EDGE ( 'NONE', *, *, #2220, .T. ) ;
#4832 = DIRECTION ( 'NONE',  ( 1.233548213626064722E-31, 1.000000000000000000, 2.744815626545581052E-16 ) ) ;
#4833 =( NAMED_UNIT ( * ) PLANE_ANGLE_UNIT ( ) SI_UNIT ( $, .RADIAN. ) );
#4834 = DIRECTION ( 'NONE',  ( 0.000000000000000000, 1.000000000000000000, 1.801998070613027504E-16 ) ) ;
#4835 = ORIENTED_EDGE ( 'NONE', *, *, #2545, .F. ) ;
#4836 = VECTOR ( 'NONE', #2566, 1000.000000000000000 ) ;
#4837 = ORIENTED_EDGE ( 'NONE', *, *, #499, .F. ) ;
#4838 = EDGE_CURVE ( 'NONE', #5328, #541, #3207, .T. ) ;
#4839 = EDGE_CURVE ( 'NONE', #6125, #3766, #3288, .T. ) ;
#4840 = CARTESIAN_POINT ( 'NONE',  ( -0.3200000000000008948, 1.349999999999999423, 2.024999999999999023 ) ) ;
#4841 = ORIENTED_EDGE ( 'NONE', *, *, #897, .T. ) ;
#4842 = CARTESIAN_POINT ( 'NONE',  ( -6.325000000000002842, 1.269999999999999796, 1.190000000000007718 ) ) ;
#4843 = FACE_OUTER_BOUND ( 'NONE', #691, .T. ) ;
#4845 = ORIENTED_EDGE ( 'NONE', *, *, #6144, .T. ) ;
#4844 = CARTESIAN_POINT ( 'NONE',  ( 1.300000000000000044, 7.400000000000000355, -2.085000000000000853 ) ) ;
#4846 = VERTEX_POINT ( 'NONE', #920 ) ;
#4847 = DIRECTION ( 'NONE',  ( 0.000000000000000000, 0.000000000000000000, -1.000000000000000000 ) ) ;
#4848 = AXIS2_PLACEMENT_3D ( 'NONE', #3155, #5816, #1249 ) ;
#4849 = AXIS2_PLACEMENT_3D ( 'NONE', #4366, #1385, #2373 ) ;
#4850 = AXIS2_PLACEMENT_3D ( 'NONE', #1020, #2947, #4881 ) ;
#4851 = CARTESIAN_POINT ( 'NONE',  ( 5.674999999999999822, 0.000000000000000000, 2.784999999999999254 ) ) ;
#4852 = ORIENTED_EDGE ( 'NONE', *, *, #4329, .F. ) ;
#4853 = LINE ( 'NONE', #3152, #2807 ) ;
#4854 = ORIENTED_EDGE ( 'NONE', *, *, #2630, .F. ) ;
#4855 = ORIENTED_EDGE ( 'NONE', *, *, #4562, .T. ) ;
#4856 = PLANE ( 'NONE',  #6062 ) ;
#4857 = DIRECTION ( 'NONE',  ( 0.000000000000000000, 1.000000000000000000, 0.000000000000000000 ) ) ;
#4858 = ADVANCED_FACE ( 'NONE', ( #5279 ), #4755, .F. ) ;
#4859 = DIRECTION ( 'NONE',  ( -1.000000000000000000, 0.000000000000000000, 4.494102269369967741E-16 ) ) ;
#4860 = SURFACE_SIDE_STYLE ('',( #5814 ) ) ;
#4861 = CARTESIAN_POINT ( 'NONE',  ( -1.300000000000000044, 7.400000000000000355, -2.085000000000000853 ) ) ;
#4862 = AXIS2_PLACEMENT_3D ( 'NONE', #1425, #2475, #3893 ) ;
#4863 = ORIENTED_EDGE ( 'NONE', *, *, #1993, .F. ) ;
#4864 = VECTOR ( 'NONE', #1984, 1000.000000000000000 ) ;
#4865 = ORIENTED_EDGE ( 'NONE', *, *, #3054, .T. ) ;
#4866 = ORIENTED_EDGE ( 'NONE', *, *, #5154, .F. ) ;
#4867 = DIRECTION ( 'NONE',  ( -0.000000000000000000, -0.000000000000000000, 1.000000000000000000 ) ) ;
#4868 = CARTESIAN_POINT ( 'NONE',  ( -0.3200000000000008393, 3.300000000000000711, 0.6349999999999988987 ) ) ;
#4869 = EDGE_CURVE ( 'NONE', #6156, #1270, #3263, .T. ) ;
#4870 = VERTEX_POINT ( 'NONE', #2844 ) ;
#4871 = VECTOR ( 'NONE', #2022, 1000.000000000000114 ) ;
#4872 = ORIENTED_EDGE ( 'NONE', *, *, #2221, .F. ) ;
#4873 = ORIENTED_EDGE ( 'NONE', *, *, #5209, .F. ) ;
#4874 = EDGE_CURVE ( 'NONE', #1332, #264, #3161, .T. ) ;
#4875 = CARTESIAN_POINT ( 'NONE',  ( 1.300000000000000044, 7.400000000000000355, -2.785000000000001030 ) ) ;
#4876 = DIRECTION ( 'NONE',  ( 0.000000000000000000, 0.000000000000000000, 1.000000000000000000 ) ) ;
#4877 = ORIENTED_EDGE ( 'NONE', *, *, #3994, .T. ) ;
#4878 = CARTESIAN_POINT ( 'NONE',  ( -6.325000000000002842, 0.6699999999999998179, 1.190000000000007940 ) ) ;
#4879 = CARTESIAN_POINT ( 'NONE',  ( -3.619999999999993001, 9.900000000000000355, 1.584999999999998854 ) ) ;
#4880 = LINE ( 'NONE', #1587, #4836 ) ;
#4882 = EDGE_LOOP ( 'NONE', ( #5318, #3437, #3476, #5347 ) ) ;
#4881 = DIRECTION ( 'NONE',  ( 0.000000000000000000, 0.000000000000000000, -1.000000000000000000 ) ) ;
#4883 = ORIENTED_EDGE ( 'NONE', *, *, #4720, .T. ) ;
#4884 = EDGE_CURVE ( 'NONE', #6186, #1820, #5371, .T. ) ;
#4885 =( NAMED_UNIT ( * ) PLANE_ANGLE_UNIT ( ) SI_UNIT ( $, .RADIAN. ) );
#4886 = CARTESIAN_POINT ( 'NONE',  ( 2.679999999999999272, 7.500000000000001776, 0.6349999999999988987 ) ) ;
#4887 = UNCERTAINTY_MEASURE_WITH_UNIT (LENGTH_MEASURE( 1.000000000000000082E-05 ), #3030, 'distance_accuracy_value', 'NONE');
#4888 =( NAMED_UNIT ( * ) PLANE_ANGLE_UNIT ( ) SI_UNIT ( $, .RADIAN. ) );
#4889 = ORIENTED_EDGE ( 'NONE', *, *, #4182, .T. ) ;
#4890 = ADVANCED_FACE ( 'NONE', ( #3309 ), #2508, .F. ) ;
#4891 = EDGE_LOOP ( 'NONE', ( #2210, #218, #2705, #910 ) ) ;
#4892 = VECTOR ( 'NONE', #2377, 1000.000000000000114 ) ;
#4893 = DIRECTION ( 'NONE',  ( 0.000000000000000000, -0.000000000000000000, 1.000000000000000000 ) ) ;
#4894 = CARTESIAN_POINT ( 'NONE',  ( 4.269999999999999574, 3.300000000000000711, -0.9550000000000011813 ) ) ;
#4895 = DIRECTION ( 'NONE',  ( 0.000000000000000000, -0.7682212795973755171, 0.6401843996644802637 ) ) ;
#4896 = CARTESIAN_POINT ( 'NONE',  ( -4.924999999999998934, 9.900000000000000355, 2.274999999999998135 ) ) ;
#4897 = CARTESIAN_POINT ( 'NONE',  ( -1.250000000000001110, 0.000000000000000000, 0.000000000000000000 ) ) ;
#4898 = EDGE_CURVE ( 'NONE', #3988, #3469, #5343, .T. ) ;
#4899 = EDGE_LOOP ( 'NONE', ( #5919, #4046, #1794, #3787 ) ) ;
#4900 = CARTESIAN_POINT ( 'NONE',  ( -6.325000000000003730, 1.269999999999999796, -0.5599999999999922817 ) ) ;
#4901 = ORIENTED_EDGE ( 'NONE', *, *, #1238, .F. ) ;
#4902 = ORIENTED_EDGE ( 'NONE', *, *, #716, .F. ) ;
#4903 = CARTESIAN_POINT ( 'NONE',  ( -5.389999999999999680, 1.269999999999999796, 1.190000000000007274 ) ) ;
#4904 = EDGE_CURVE ( 'NONE', #3765, #5623, #5247, .T. ) ;
#4905 = CARTESIAN_POINT ( 'NONE',  ( 3.000000000000000000, 7.500000000000001776, 0.1949999999999994238 ) ) ;
#4906 = EDGE_CURVE ( 'NONE', #2694, #1620, #5204, .T. ) ;
#4907 = CARTESIAN_POINT ( 'NONE',  ( 3.000000000000000000, 3.300000000000000711, 0.000000000000000000 ) ) ;
#4908 = ORIENTED_EDGE ( 'NONE', *, *, #5769, .F. ) ;
#4909 = ORIENTED_EDGE ( 'NONE', *, *, #4237, .T. ) ;
#4910 = VERTEX_POINT ( 'NONE', #3277 ) ;
#4911 = CARTESIAN_POINT ( 'NONE',  ( -6.024999999999995914, -1.449999999999999956, 2.185000000000002718 ) ) ;
#4912 = DIRECTION ( 'NONE',  ( -1.000000000000000000, -0.000000000000000000, -0.000000000000000000 ) ) ;
#4913 = VERTEX_POINT ( 'NONE', #5799 ) ;
#4914 = DIRECTION ( 'NONE',  ( 0.000000000000000000, 2.744815626545581052E-16, -1.000000000000000000 ) ) ;
#4915 = DIRECTION ( 'NONE',  ( -1.000000000000000000, 0.000000000000000000, -4.494102269369967741E-16 ) ) ;
#4916 = DIRECTION ( 'NONE',  ( 3.969618938162030311E-16, -0.000000000000000000, 1.000000000000000000 ) ) ;
#4917 = VECTOR ( 'NONE', #4614, 1000.000000000000000 ) ;
#4919 = VERTEX_POINT ( 'NONE', #123 ) ;
#4918 = CARTESIAN_POINT ( 'NONE',  ( -0.3200000000000008393, -2.579999999999992966, 0.6349999999999970113 ) ) ;
#4920 = VECTOR ( 'NONE', #3858, 1000.000000000000000 ) ;
#4921 = EDGE_CURVE ( 'NONE', #1736, #2634, #3230, .T. ) ;
#4922 = AXIS2_PLACEMENT_3D ( 'NONE', #6161, #5671, #4334 ) ;
#4923 = SURFACE_SIDE_STYLE ('',( #1066 ) ) ;
#4924 = PLANE ( 'NONE',  #1525 ) ;
#4925 = CARTESIAN_POINT ( 'NONE',  ( -3.320000000000000728, -1.081363123647112731E-15, -1.584999999999999964 ) ) ;
#4926 = EDGE_LOOP ( 'NONE', ( #4218, #1554, #1454, #4336 ) ) ;
#4927 = FACE_OUTER_BOUND ( 'NONE', #4483, .T. ) ;
#4928 = ORIENTED_EDGE ( 'NONE', *, *, #5765, .T. ) ;
#4929 = VECTOR ( 'NONE', #4368, 1000.000000000000000 ) ;
#4930 = DIRECTION ( 'NONE',  ( -0.000000000000000000, -1.000000000000000000, -2.017120320903263949E-16 ) ) ;
#4931 = PLANE ( 'NONE',  #5058 ) ;
#4932 = DIRECTION ( 'NONE',  ( -0.000000000000000000, -0.000000000000000000, 1.000000000000000000 ) ) ;
#4933 = CARTESIAN_POINT ( 'NONE',  ( -6.325000000000003730, 0.6699999999999997069, -0.9549999999999922995 ) ) ;
#4934 = ORIENTED_EDGE ( 'NONE', *, *, #2911, .T. ) ;
#4935 = CARTESIAN_POINT ( 'NONE',  ( 2.738181818181816496, -2.754545454545446415, 0.5768181818181806753 ) ) ;
#4936 = ADVANCED_FACE ( 'NONE', ( #1261 ), #4360, .T. ) ;
#4937 = ORIENTED_EDGE ( 'NONE', *, *, #4213, .F. ) ;
#4938 = EDGE_CURVE ( 'NONE', #5308, #4706, #3187, .T. ) ;
#4939 = ORIENTED_EDGE ( 'NONE', *, *, #4762, .F. ) ;
#4940 =( LENGTH_UNIT ( ) NAMED_UNIT ( * ) SI_UNIT ( .MILLI., .METRE. ) );
#4941 = EDGE_CURVE ( 'NONE', #1509, #1793, #1158, .T. ) ;
#4942 = CARTESIAN_POINT ( 'NONE',  ( 4.925000000000000711, 9.900000000000000355, -1.585000000000000409 ) ) ;
#4943 = DIRECTION ( 'NONE',  ( -0.3015113445777614087, -0.9045340337332923308, -0.3015113445777614087 ) ) ;
#4944 = ORIENTED_EDGE ( 'NONE', *, *, #5184, .F. ) ;
#4945 = FACE_OUTER_BOUND ( 'NONE', #6143, .T. ) ;
#4946 = VERTEX_POINT ( 'NONE', #4526 ) ;
#4947 = ORIENTED_EDGE ( 'NONE', *, *, #3359, .F. ) ;
#4948 = EDGE_CURVE ( 'NONE', #1291, #1234, #3278, .T. ) ;
#4949 = EDGE_CURVE ( 'NONE', #1469, #1356, #5301, .T. ) ;
#4950 = ORIENTED_EDGE ( 'NONE', *, *, #3124, .F. ) ;
#4951 = CARTESIAN_POINT ( 'NONE',  ( 3.119999999999998774, -3.180000000000000160, 0.4349999999999975553 ) ) ;
#4952 =( NAMED_UNIT ( * ) PLANE_ANGLE_UNIT ( ) SI_UNIT ( $, .RADIAN. ) );
#4953 = LINE ( 'NONE', #4785, #4789 ) ;
#4955 = ORIENTED_EDGE ( 'NONE', *, *, #424, .T. ) ;
#4954 = PLANE ( 'NONE',  #3250 ) ;
#4956 = LINE ( 'NONE', #3286, #4929 ) ;
#4957 = DIRECTION ( 'NONE',  ( 0.000000000000000000, -1.000000000000000000, 0.000000000000000000 ) ) ;
#4958 = DIRECTION ( 'NONE',  ( -0.7071067811865467956, 0.7071067811865483499, 0.000000000000000000 ) ) ;
#4959 = DIRECTION ( 'NONE',  ( -0.000000000000000000, -0.000000000000000000, 1.000000000000000000 ) ) ;
#4960 = ORIENTED_EDGE ( 'NONE', *, *, #4686, .T. ) ;
#4961 = VECTOR ( 'NONE', #4823, 1000.000000000000000 ) ;
#4962 = ORIENTED_EDGE ( 'NONE', *, *, #408, .F. ) ;
#4963 = FACE_OUTER_BOUND ( 'NONE', #4254, .T. ) ;
#4964 = AXIS2_PLACEMENT_3D ( 'NONE', #5696, #3268, #450 ) ;
#4965 = CARTESIAN_POINT ( 'NONE',  ( -4.939999999999999503, 0.6699999999999997069, -0.9549999999999929656 ) ) ;
#4966 = CARTESIAN_POINT ( 'NONE',  ( -6.325000000000003730, 0.6699999999999997069, -0.9549999999999922995 ) ) ;
#4967 = DIRECTION ( 'NONE',  ( -0.000000000000000000, 1.000000000000000000, -0.000000000000000000 ) ) ;
#4968 = DIRECTION ( 'NONE',  ( -4.494102269369967741E-16, 0.000000000000000000, -1.000000000000000000 ) ) ;
#4969 = DIRECTION ( 'NONE',  ( 0.000000000000000000, 0.000000000000000000, 1.000000000000000000 ) ) ;
#4970 = ORIENTED_EDGE ( 'NONE', *, *, #1980, .F. ) ;
#4971 = DIRECTION ( 'NONE',  ( 0.000000000000000000, 3.388131789017201849E-16, -1.000000000000000000 ) ) ;
#4972 = LINE ( 'NONE', #2099, #5064 ) ;
#4973 = ORIENTED_EDGE ( 'NONE', *, *, #5376, .T. ) ;
#4974 = VERTEX_POINT ( 'NONE', #632 ) ;
#4975 = SURFACE_STYLE_USAGE ( .BOTH. , #4592 ) ;
#4976 = AXIS2_PLACEMENT_3D ( 'NONE', #3339, #4423, #2575 ) ;
#4977 = EDGE_CURVE ( 'NONE', #137, #1646, #1132, .T. ) ;
#4978 = AXIS2_PLACEMENT_3D ( 'NONE', #568, #2027, #2841 ) ;
#4979 = AXIS2_PLACEMENT_3D ( 'NONE', #2526, #228, #3398 ) ;
#4980 = CARTESIAN_POINT ( 'NONE',  ( -2.680000000000001048, -2.579999999999992966, 0.6349999999999978995 ) ) ;
#4981 = DIRECTION ( 'NONE',  ( -0.000000000000000000, 0.000000000000000000, 1.000000000000000000 ) ) ;
#4982 = ORIENTED_EDGE ( 'NONE', *, *, #339, .T. ) ;
#4983 = ORIENTED_EDGE ( 'NONE', *, *, #5796, .T. ) ;
#4984 = VERTEX_POINT ( 'NONE', #5895 ) ;
#4985 = CARTESIAN_POINT ( 'NONE',  ( -5.389999999999999680, 1.269999999999999796, -0.5599999999999927258 ) ) ;
#4986 = EDGE_CURVE ( 'NONE', #5595, #5840, #1211, .T. ) ;
#4987 = AXIS2_PLACEMENT_3D ( 'NONE', #1312, #1364, #4630 ) ;
#4988 = DIRECTION ( 'NONE',  ( 0.000000000000000000, -2.744815626545581052E-16, 1.000000000000000000 ) ) ;
#4989 = EDGE_CURVE ( 'NONE', #4589, #1356, #5409, .T. ) ;
#4990 = VECTOR ( 'NONE', #4629, 1000.000000000000000 ) ;
#4991 = DIRECTION ( 'NONE',  ( 4.494102269369967741E-16, 3.614007241618347785E-16, 1.000000000000000000 ) ) ;
#4992 = VERTEX_POINT ( 'NONE', #1634 ) ;
#4993 = DIRECTION ( 'NONE',  ( 0.000000000000000000, 1.000000000000000000, -3.212450881438528789E-16 ) ) ;
#4994 = CARTESIAN_POINT ( 'NONE',  ( -0.3200000000000008393, 7.500000000000001776, 0.6349999999999988987 ) ) ;
#4995 = ORIENTED_EDGE ( 'NONE', *, *, #2297, .T. ) ;
#4996 = EDGE_LOOP ( 'NONE', ( #297, #118, #3013, #617, #5004, #649, #2185, #923, #2496, #4934, #4704, #4831 ) ) ;
#4997 =( NAMED_UNIT ( * ) PLANE_ANGLE_UNIT ( ) SI_UNIT ( $, .RADIAN. ) );
#4998 = DIRECTION ( 'NONE',  ( 0.000000000000000000, 0.000000000000000000, 1.000000000000000000 ) ) ;
#4999 = CARTESIAN_POINT ( 'NONE',  ( 2.679999999999999272, 1.349999999999999867, -0.005000000000001448598 ) ) ;
#5000 = DIRECTION ( 'NONE',  ( 1.000000000000000000, -0.000000000000000000, -4.494102269369967741E-16 ) ) ;
#5001 = CARTESIAN_POINT ( 'NONE',  ( 5.390000000000000568, 1.269999999999999796, 1.190000000000002389 ) ) ;
#5002 = VECTOR ( 'NONE', #3756, 1000.000000000000000 ) ;
#5003 = DIRECTION ( 'NONE',  ( 0.000000000000000000, 0.000000000000000000, 1.000000000000000000 ) ) ;
#5004 = ORIENTED_EDGE ( 'NONE', *, *, #1298, .T. ) ;
#5005 = VECTOR ( 'NONE', #828, 1000.000000000000000 ) ;
#5006 = ORIENTED_EDGE ( 'NONE', *, *, #348, .T. ) ;
#5007 = FACE_OUTER_BOUND ( 'NONE', #4274, .T. ) ;
#5008 = CARTESIAN_POINT ( 'NONE',  ( -3.120000000000000551, -3.180000000000000160, 0.000000000000000000 ) ) ;
#5009 = CARTESIAN_POINT ( 'NONE',  ( 4.939999999999999503, 1.285879139104722704E-16, 2.024999999999999023 ) ) ;
#5010 = CARTESIAN_POINT ( 'NONE',  ( 2.679999999999999272, 1.349999999999999423, 2.024999999999999023 ) ) ;
#5011 = EDGE_CURVE ( 'NONE', #3137, #2758, #1289, .T. ) ;
#5012 = LINE ( 'NONE', #3099, #2980 ) ;
#5013 = ORIENTED_EDGE ( 'NONE', *, *, #1897, .F. ) ;
#5014 = CARTESIAN_POINT ( 'NONE',  ( 0.3199999999999991185, 0.6699999999999998179, -0.5599999999999923928 ) ) ;
#5015 = VECTOR ( 'NONE', #3846, 1000.000000000000000 ) ;
#5016 = ORIENTED_EDGE ( 'NONE', *, *, #529, .F. ) ;
#5017 = VERTEX_POINT ( 'NONE', #45 ) ;
#5018 = DIRECTION ( 'NONE',  ( 0.000000000000000000, 1.000000000000000000, 0.000000000000000000 ) ) ;
#5019 = ADVANCED_FACE ( 'NONE', ( #3122 ), #4766, .F. ) ;
#5020 = CARTESIAN_POINT ( 'NONE',  ( -3.320000000000000728, 0.6699999999999997069, 1.585000000000007292 ) ) ;
#5021 = EDGE_CURVE ( 'NONE', #4090, #1600, #3466, .T. ) ;
#5022 = LINE ( 'NONE', #788, #882 ) ;
#5023 = DIRECTION ( 'NONE',  ( 0.000000000000000000, -3.388131789017201849E-16, 1.000000000000000000 ) ) ;
#5024 = ORIENTED_EDGE ( 'NONE', *, *, #5198, .T. ) ;
#5025 = VECTOR ( 'NONE', #224, 1000.000000000000000 ) ;
#5026 = EDGE_LOOP ( 'NONE', ( #1907, #366, #5716, #5956 ) ) ;
#5027 = VERTEX_POINT ( 'NONE', #3729 ) ;
#5028 = EDGE_CURVE ( 'NONE', #1830, #813, #5478, .T. ) ;
#5029 = CARTESIAN_POINT ( 'NONE',  ( 1.729999999999998872, 3.300000000000000711, -0.9550000000000008482 ) ) ;
#5030 = CARTESIAN_POINT ( 'NONE',  ( -0.3200000000000008393, -2.579999999999992966, -0.005000000000002157233 ) ) ;
#5031 = FACE_OUTER_BOUND ( 'NONE', #308, .T. ) ;
#5032 = VERTEX_POINT ( 'NONE', #3293 ) ;
#5033 = ADVANCED_FACE ( 'NONE', ( #5562, #5603 ), #2335, .F. ) ;
#5034 = CARTESIAN_POINT ( 'NONE',  ( 3.319999999999998952, 0.6699999999999997069, -0.9549999999999966294 ) ) ;
#5035 = LINE ( 'NONE', #4313, #1119 ) ;
#5037 = VERTEX_POINT ( 'NONE', #5124 ) ;
#5036 = DIRECTION ( 'NONE',  ( 1.000000000000000000, -0.000000000000000000, -4.494102269369967741E-16 ) ) ;
#5038 = ORIENTED_EDGE ( 'NONE', *, *, #135, .F. ) ;
#5039 = DIRECTION ( 'NONE',  ( 0.000000000000000000, -1.000000000000000000, -2.017120320903263949E-16 ) ) ;
#5040 = CARTESIAN_POINT ( 'NONE',  ( 4.924999999999999822, 9.900000000000000355, 1.044999999999998819 ) ) ;
#5041 = AXIS2_PLACEMENT_3D ( 'NONE', #4613, #153, #5003 ) ;
#5042 = LINE ( 'NONE', #318, #5002 ) ;
#5043 = PLANE ( 'NONE',  #2091 ) ;
#5044 = ORIENTED_EDGE ( 'NONE', *, *, #1223, .T. ) ;
#5045 = LINE ( 'NONE', #5443, #5025 ) ;
#5046 = ORIENTED_EDGE ( 'NONE', *, *, #6111, .F. ) ;
#5047 = LINE ( 'NONE', #3110, #874 ) ;
#5048 = DIRECTION ( 'NONE',  ( 1.707404996040164265E-16, 0.000000000000000000, 1.000000000000000000 ) ) ;
#5049 = CARTESIAN_POINT ( 'NONE',  ( -3.320000000000000728, -7.265096679918780609, 0.6349999999999970113 ) ) ;
#5050 =( GEOMETRIC_REPRESENTATION_CONTEXT ( 3 ) GLOBAL_UNCERTAINTY_ASSIGNED_CONTEXT ( ( #4533 ) ) GLOBAL_UNIT_ASSIGNED_CONTEXT ( ( #2512, #543, #2407 ) ) REPRESENTATION_CONTEXT ( 'NONE', 'WORKASPACE' ) );
#5051 = ORIENTED_EDGE ( 'NONE', *, *, #4938, .T. ) ;
#5052 = EDGE_CURVE ( 'NONE', #3921, #1469, #3373, .T. ) ;
#5053 = AXIS2_PLACEMENT_3D ( 'NONE', #6014, #328, #593 ) ;
#5054 = VECTOR ( 'NONE', #4914, 1000.000000000000000 ) ;
#5055 = ORIENTED_EDGE ( 'NONE', *, *, #984, .F. ) ;
#5056 = ORIENTED_EDGE ( 'NONE', *, *, #5281, .T. ) ;
#5057 = DIRECTION ( 'NONE',  ( 0.000000000000000000, 0.000000000000000000, -1.000000000000000000 ) ) ;
#5058 = AXIS2_PLACEMENT_3D ( 'NONE', #5049, #1632, #2287 ) ;
#5059 = CARTESIAN_POINT ( 'NONE',  ( -6.325000000000002842, 1.269999999999999796, 1.190000000000007718 ) ) ;
#5060 = DIRECTION ( 'NONE',  ( 0.000000000000000000, -1.801998070613027504E-16, 1.000000000000000000 ) ) ;
#5061 = LINE ( 'NONE', #2867, #5172 ) ;
#5062 = CARTESIAN_POINT ( 'NONE',  ( -5.389999999999999680, -1.320169249480846743E-15, -1.584999999999999964 ) ) ;
#5063 = ORIENTED_EDGE ( 'NONE', *, *, #3458, .F. ) ;
#5064 = VECTOR ( 'NONE', #4508, 1000.000000000000000 ) ;
#5065 = VERTEX_POINT ( 'NONE', #4255 ) ;
#5066 = LINE ( 'NONE', #809, #763 ) ;
#5067 = AXIS2_PLACEMENT_3D ( 'NONE', #6092, #1800, #3645 ) ;
#5068 = FILL_AREA_STYLE_COLOUR ( '', #1280 ) ;
#5069 = EDGE_CURVE ( 'NONE', #3755, #5570, #1348, .T. ) ;
#5070 = CARTESIAN_POINT ( 'NONE',  ( 2.250000000000001332, 8.300000000000000711, 2.774999999999999467 ) ) ;
#5071 = VECTOR ( 'NONE', #1858, 1000.000000000000000 ) ;
#5072 = ORIENTED_EDGE ( 'NONE', *, *, #1190, .T. ) ;
#5073 = CARTESIAN_POINT ( 'NONE',  ( 1.269999999999999130, 9.900000000000000355, -0.9550000000000011813 ) ) ;
#5074 = CARTESIAN_POINT ( 'NONE',  ( -6.325000000000002842, 0.6699999999999998179, 1.190000000000007940 ) ) ;
#5075 = LINE ( 'NONE', #3752, #955 ) ;
#5077 = EDGE_LOOP ( 'NONE', ( #777, #5462, #1006, #2339 ) ) ;
#5076 = CARTESIAN_POINT ( 'NONE',  ( 6.325000000000000178, 0.000000000000000000, 2.784999999999999254 ) ) ;
#5078 = ORIENTED_EDGE ( 'NONE', *, *, #5264, .T. ) ;
#5079 = CARTESIAN_POINT ( 'NONE',  ( -5.674999999999999822, -1.449999999999999956, 1.884999999999999343 ) ) ;
#5080 = DIRECTION ( 'NONE',  ( 1.000000000000000000, 0.000000000000000000, 0.000000000000000000 ) ) ;
#5081 = DIRECTION ( 'NONE',  ( -0.7071067811865467956, 0.7071067811865483499, 0.000000000000000000 ) ) ;
#5082 = FACE_OUTER_BOUND ( 'NONE', #1376, .T. ) ;
#5083 = VERTEX_POINT ( 'NONE', #4302 ) ;
#5084 = ADVANCED_FACE ( 'NONE', ( #3414 ), #1875, .T. ) ;
#5085 = LINE ( 'NONE', #651, #3014 ) ;
#5086 = ORIENTED_EDGE ( 'NONE', *, *, #529, .T. ) ;
#5087 = VECTOR ( 'NONE', #110, 1000.000000000000000 ) ;
#5088 = DIRECTION ( 'NONE',  ( 1.000000000000000000, 0.000000000000000000, -1.707404996040164265E-16 ) ) ;
#5089 = EDGE_CURVE ( 'NONE', #1222, #1972, #5490, .T. ) ;
#5090 = CARTESIAN_POINT ( 'NONE',  ( -6.324999999999998401, -1.199999999999997957, 2.785000000000001030 ) ) ;
#5091 = CARTESIAN_POINT ( 'NONE',  ( 5.674999999999999822, -1.199999999999999734, 2.784999999999999254 ) ) ;
#5092 = EDGE_CURVE ( 'NONE', #1499, #449, #3450, .T. ) ;
#5093 = LINE ( 'NONE', #4844, #962 ) ;
#5094 = ORIENTED_EDGE ( 'NONE', *, *, #2832, .T. ) ;
#5095 = VECTOR ( 'NONE', #5692, 1000.000000000000000 ) ;
#5096 = VERTEX_POINT ( 'NONE', #2425 ) ;
#5097 = VECTOR ( 'NONE', #606, 1000.000000000000000 ) ;
#5098 = DIRECTION ( 'NONE',  ( 0.000000000000000000, 0.000000000000000000, -1.000000000000000000 ) ) ;
#5099 = EDGE_CURVE ( 'NONE', #5840, #1926, #5533, .T. ) ;
#5100 = DIRECTION ( 'NONE',  ( 0.000000000000000000, -0.000000000000000000, -1.000000000000000000 ) ) ;
#5101 = DIRECTION ( 'NONE',  ( 0.000000000000000000, -0.000000000000000000, -1.000000000000000000 ) ) ;
#5102 = LINE ( 'NONE', #1934, #4990 ) ;
#5103 =( NAMED_UNIT ( * ) PLANE_ANGLE_UNIT ( ) SI_UNIT ( $, .RADIAN. ) );
#5104 = CARTESIAN_POINT ( 'NONE',  ( 6.324999999999999289, 9.900000000000002132, 1.584999999999999076 ) ) ;
#5105 = ORIENTED_EDGE ( 'NONE', *, *, #1998, .T. ) ;
#5106 = SURFACE_STYLE_FILL_AREA ( #758 ) ;
#5107 = VECTOR ( 'NONE', #329, 1000.000000000000000 ) ;
#5108 =( NAMED_UNIT ( * ) PLANE_ANGLE_UNIT ( ) SI_UNIT ( $, .RADIAN. ) );
#5109 = ORIENTED_EDGE ( 'NONE', *, *, #3338, .T. ) ;
#5110 = DIRECTION ( 'NONE',  ( 4.494102269369967741E-16, 0.000000000000000000, 1.000000000000000000 ) ) ;
#5111 = CARTESIAN_POINT ( 'NONE',  ( -2.250000000000001332, 1.849999999999999201, 2.274999999999999023 ) ) ;
#5112 = CARTESIAN_POINT ( 'NONE',  ( -6.325000000000003730, -3.252606517456513302E-16, -0.9549999999999924105 ) ) ;
#5113 = COLOUR_RGB ( '',0.2509803921568627416, 0.2509803921568627416, 0.2509803921568627416 ) ;
#5114 = FILL_AREA_STYLE ('',( #4665 ) ) ;
#5115 = VECTOR ( 'NONE', #2648, 1000.000000000000000 ) ;
#5116 = DIRECTION ( 'NONE',  ( -0.000000000000000000, 1.000000000000000000, 1.344746880602175966E-16 ) ) ;
#5117 = EDGE_CURVE ( 'NONE', #6186, #1091, #5548, .T. ) ;
#5118 = EDGE_CURVE ( 'NONE', #1432, #5737, #3573, .T. ) ;
#5119 = CARTESIAN_POINT ( 'NONE',  ( -3.261818181818183504, -2.754545454545446415, 0.5768181818181806753 ) ) ;
#5120 = FACE_OUTER_BOUND ( 'NONE', #1175, .T. ) ;
#5121 = ORIENTED_EDGE ( 'NONE', *, *, #5986, .T. ) ;
#5122 = FACE_OUTER_BOUND ( 'NONE', #2892, .T. ) ;
#5123 = AXIS2_PLACEMENT_3D ( 'NONE', #542, #1952, #1035 ) ;
#5124 = CARTESIAN_POINT ( 'NONE',  ( 6.324999999999999289, 8.499999999999996447, 1.774999999999998357 ) ) ;
#5125 = STYLED_ITEM ( 'NONE', ( #5743 ), #1109 ) ;
#5126 = APPLICATION_PROTOCOL_DEFINITION ( 'draft international standard', 'automotive_design', 1998, #815 ) ;
#5127 = CARTESIAN_POINT ( 'NONE',  ( 2.679999999999999272, 1.349999999999999423, 2.024999999999999023 ) ) ;
#5128 = AXIS2_PLACEMENT_3D ( 'NONE', #2446, #426, #3275 ) ;
#5129 = FACE_OUTER_BOUND ( 'NONE', #578, .T. ) ;
#5130 = ORIENTED_EDGE ( 'NONE', *, *, #3035, .F. ) ;
#5131 = ADVANCED_FACE ( 'NONE', ( #3624 ), #1449, .T. ) ;
#5132 = LINE ( 'NONE', #877, #2894 ) ;
#5133 = LINE ( 'NONE', #5936, #1001 ) ;
#5134 = DIRECTION ( 'NONE',  ( 0.000000000000000000, 1.000000000000000000, 0.000000000000000000 ) ) ;
#5135 = CARTESIAN_POINT ( 'NONE',  ( 6.325000000000000178, 1.269999999999999796, -0.5599999999999979439 ) ) ;
#5136 = CARTESIAN_POINT ( 'NONE',  ( -3.080454545454546444, 7.618636363636364095, 0.3954545454545445593 ) ) ;
#5137 = FACE_OUTER_BOUND ( 'NONE', #721, .T. ) ;
#5138 =( GEOMETRIC_REPRESENTATION_CONTEXT ( 3 ) GLOBAL_UNCERTAINTY_ASSIGNED_CONTEXT ( ( #4822 ) ) GLOBAL_UNIT_ASSIGNED_CONTEXT ( ( #1101, #4997, #1668 ) ) REPRESENTATION_CONTEXT ( 'NONE', 'WORKASPACE' ) );
#5139 = DIRECTION ( 'NONE',  ( 1.000000000000000000, -0.000000000000000000, -4.494102269369967741E-16 ) ) ;
#5140 = ORIENTED_EDGE ( 'NONE', *, *, #1442, .T. ) ;
#5141 = LINE ( 'NONE', #3709, #822 ) ;
#5142 = CARTESIAN_POINT ( 'NONE',  ( -0.1200000000000003147, -3.180000000000000160, 0.000000000000000000 ) ) ;
#5143 = CARTESIAN_POINT ( 'NONE',  ( 1.269999999999999130, 3.300000000000000711, -0.9550000000000011813 ) ) ;
#5144 = EDGE_CURVE ( 'NONE', #2896, #1332, #5432, .T. ) ;
#5145 = CARTESIAN_POINT ( 'NONE',  ( 0.000000000000000000, 3.300000000000000711, 0.000000000000000000 ) ) ;
#5146 = VECTOR ( 'NONE', #2691, 1000.000000000000000 ) ;
#5147 = ORIENTED_EDGE ( 'NONE', *, *, #3338, .F. ) ;
#5148 = CARTESIAN_POINT ( 'NONE',  ( 1.300000000000000044, 9.350000000000001421, -1.584999999999999964 ) ) ;
#5149 = FACE_OUTER_BOUND ( 'NONE', #3196, .T. ) ;
#5150 = CARTESIAN_POINT ( 'NONE',  ( -6.325000000000002842, 0.6699999999999998179, 1.190000000000007940 ) ) ;
#5151 = LINE ( 'NONE', #5040, #5218 ) ;
#5152 = DIRECTION ( 'NONE',  ( 0.000000000000000000, 1.000000000000000000, 0.000000000000000000 ) ) ;
#5153 = SURFACE_STYLE_USAGE ( .BOTH. , #6155 ) ;
#5154 = EDGE_CURVE ( 'NONE', #3694, #4870, #3479, .T. ) ;
#5155 = LINE ( 'NONE', #4479, #2916 ) ;
#5156 = EDGE_CURVE ( 'NONE', #1759, #166, #1386, .T. ) ;
#5157 = VERTEX_POINT ( 'NONE', #1347 ) ;
#5158 = LINE ( 'NONE', #5104, #1027 ) ;
#5159 = LINE ( 'NONE', #1772, #982 ) ;
#5160 = CARTESIAN_POINT ( 'NONE',  ( 0.000000000000000000, 0.000000000000000000, 0.000000000000000000 ) ) ;
#5161 = EDGE_CURVE ( 'NONE', #4992, #4610, #3611, .T. ) ;
#5162 = CARTESIAN_POINT ( 'NONE',  ( -6.325000000000002842, 1.269999999999999796, 1.190000000000007718 ) ) ;
#5163 = FACE_OUTER_BOUND ( 'NONE', #5622, .T. ) ;
#5164 = ORIENTED_EDGE ( 'NONE', *, *, #5945, .T. ) ;
#5165 = VECTOR ( 'NONE', #349, 1000.000000000000000 ) ;
#5166 = VECTOR ( 'NONE', #4959, 1000.000000000000000 ) ;
#5167 = DIRECTION ( 'NONE',  ( 0.000000000000000000, 1.000000000000000000, 0.000000000000000000 ) ) ;
#5168 = UNCERTAINTY_MEASURE_WITH_UNIT (LENGTH_MEASURE( 1.000000000000000082E-05 ), #3909, 'distance_accuracy_value', 'NONE');
#5169 = DIRECTION ( 'NONE',  ( 0.000000000000000000, 1.000000000000000000, 0.000000000000000000 ) ) ;
#5170 = CARTESIAN_POINT ( 'NONE',  ( 3.319999999999998508, 1.269999999999999796, 1.190000000000003277 ) ) ;
#5171 = DIRECTION ( 'NONE',  ( 1.000000000000000000, 0.000000000000000000, 0.000000000000000000 ) ) ;
#5172 = VECTOR ( 'NONE', #187, 1000.000000000000000 ) ;
#5173 = FILL_AREA_STYLE ('',( #3087 ) ) ;
#5174 = CARTESIAN_POINT ( 'NONE',  ( 1.269999999999999130, 3.300000000000000711, -0.9550000000000011813 ) ) ;
#5175 = ORIENTED_EDGE ( 'NONE', *, *, #689, .F. ) ;
#5176 = ADVANCED_FACE ( 'NONE', ( #1450 ), #2490, .F. ) ;
#5177 = VECTOR ( 'NONE', #4666, 1000.000000000000000 ) ;
#5178 = LINE ( 'NONE', #1144, #3191 ) ;
#5179 = PLANE ( 'NONE',  #5613 ) ;
#5180 = ORIENTED_EDGE ( 'NONE', *, *, #5430, .F. ) ;
#5181 =( NAMED_UNIT ( * ) SI_UNIT ( $, .STERADIAN. ) SOLID_ANGLE_UNIT ( ) );
#5182 = LINE ( 'NONE', #6109, #909 ) ;
#5183 = VERTEX_POINT ( 'NONE', #5290 ) ;
#5184 = EDGE_CURVE ( 'NONE', #3914, #3236, #1360, .T. ) ;
#5185 = AXIS2_PLACEMENT_3D ( 'NONE', #2593, #2999, #194 ) ;
#5186 = CARTESIAN_POINT ( 'NONE',  ( 4.924999999999997158, 9.900000000000000355, -1.584999999999999964 ) ) ;
#5187 = CARTESIAN_POINT ( 'NONE',  ( -2.680000000000001048, -7.265096679918780609, 0.6349999999999970113 ) ) ;
#5188 = FACE_OUTER_BOUND ( 'NONE', #3384, .T. ) ;
#5189 = DIRECTION ( 'NONE',  ( 8.120859073038257045E-32, -1.000000000000000000, -1.807003620809174139E-16 ) ) ;
#5190 = DIRECTION ( 'NONE',  ( 0.000000000000000000, -0.000000000000000000, 1.000000000000000000 ) ) ;
#5191 = DIRECTION ( 'NONE',  ( -0.000000000000000000, 0.000000000000000000, 1.000000000000000000 ) ) ;
#5192 = VERTEX_POINT ( 'NONE', #5330 ) ;
#5193 = CARTESIAN_POINT ( 'NONE',  ( 6.325000000000000178, 1.850000000000000089, 2.784999999999999254 ) ) ;
#5194 = VECTOR ( 'NONE', #518, 1000.000000000000000 ) ;
#5195 = CARTESIAN_POINT ( 'NONE',  ( 2.679999999999999272, 6.899999999999995026, 0.6349999999999988987 ) ) ;
#5196 = ORIENTED_EDGE ( 'NONE', *, *, #5313, .F. ) ;
#5197 = VECTOR ( 'NONE', #2231, 1000.000000000000000 ) ;
#5198 = EDGE_CURVE ( 'NONE', #3680, #1860, #5447, .T. ) ;
#5199 = DIRECTION ( 'NONE',  ( 0.000000000000000000, 1.000000000000000000, 0.000000000000000000 ) ) ;
#5200 =( GEOMETRIC_REPRESENTATION_CONTEXT ( 3 ) GLOBAL_UNCERTAINTY_ASSIGNED_CONTEXT ( ( #2578 ) ) GLOBAL_UNIT_ASSIGNED_CONTEXT ( ( #3372, #571, #996 ) ) REPRESENTATION_CONTEXT ( 'NONE', 'WORKASPACE' ) );
#5201 = ORIENTED_EDGE ( 'NONE', *, *, #5011, .T. ) ;
#5202 = EDGE_CURVE ( 'NONE', #2687, #1509, #5668, .T. ) ;
#5203 = DIRECTION ( 'NONE',  ( 0.000000000000000000, -1.000000000000000000, 0.000000000000000000 ) ) ;
#5204 = LINE ( 'NONE', #35, #5383 ) ;
#5205 = ORIENTED_EDGE ( 'NONE', *, *, #4517, .F. ) ;
#5206 = VECTOR ( 'NONE', #5926, 1000.000000000000000 ) ;
#5207 = VECTOR ( 'NONE', #4560, 1000.000000000000000 ) ;
#5208 = EDGE_LOOP ( 'NONE', ( #4982, #2315, #2415, #2227, #4421, #931, #2372, #3253, #4453, #2908, #3022, #434 ) ) ;
#5209 = EDGE_CURVE ( 'NONE', #5328, #3273, #3558, .T. ) ;
#5210 = DIRECTION ( 'NONE',  ( 0.000000000000000000, 0.000000000000000000, -1.000000000000000000 ) ) ;
#5211 = CARTESIAN_POINT ( 'NONE',  ( 0.000000000000000000, 0.000000000000000000, 0.000000000000000000 ) ) ;
#5212 = LINE ( 'NONE', #4489, #5396 ) ;
#5213 = DIRECTION ( 'NONE',  ( -0.8869140841669809205, -0.000000000000000000, 0.4619344188369658433 ) ) ;
#5214 =( NAMED_UNIT ( * ) SI_UNIT ( $, .STERADIAN. ) SOLID_ANGLE_UNIT ( ) );
#5215 = ORIENTED_EDGE ( 'NONE', *, *, #1292, .F. ) ;
#5216 = CARTESIAN_POINT ( 'NONE',  ( 0.000000000000000000, 0.000000000000000000, 0.000000000000000000 ) ) ;
#5217 = FACE_OUTER_BOUND ( 'NONE', #3245, .T. ) ;
#5218 = VECTOR ( 'NONE', #5081, 1000.000000000000000 ) ;
#5219 = ADVANCED_FACE ( 'NONE', ( #1407 ), #5379, .F. ) ;
#5220 = CARTESIAN_POINT ( 'NONE',  ( 6.325000000000001066, 8.499999999999996447, -0.9550000000000011813 ) ) ;
#5221 = ORIENTED_EDGE ( 'NONE', *, *, #2558, .F. ) ;
#5222 = EDGE_CURVE ( 'NONE', #1469, #1336, #3425, .T. ) ;
#5223 = DIRECTION ( 'NONE',  ( -1.000000000000000000, 0.000000000000000000, 1.280553747030123075E-16 ) ) ;
#5224 = VECTOR ( 'NONE', #2274, 1000.000000000000000 ) ;
#5225 = ORIENTED_EDGE ( 'NONE', *, *, #984, .T. ) ;
#5226 = DIRECTION ( 'NONE',  ( 0.000000000000000000, 2.744815626545581052E-16, -1.000000000000000000 ) ) ;
#5227 = SURFACE_SIDE_STYLE ('',( #4332 ) ) ;
#5228 = ADVANCED_FACE ( 'NONE', ( #5616 ), #3052, .T. ) ;
#5229 = VECTOR ( 'NONE', #985, 1000.000000000000000 ) ;
#5230 = DIRECTION ( 'NONE',  ( 1.000000000000000000, 0.000000000000000000, 0.000000000000000000 ) ) ;
#5231 = LINE ( 'NONE', #5195, #993 ) ;
#5232 = CARTESIAN_POINT ( 'NONE',  ( -2.250000000000001332, 8.300000000000000711, 2.274999999999999467 ) ) ;
#5233 = CARTESIAN_POINT ( 'NONE',  ( 3.319999999999998952, 0.000000000000000000, 2.024999999999999023 ) ) ;
#5234 = ORIENTED_EDGE ( 'NONE', *, *, #2579, .T. ) ;
#5235 = EDGE_CURVE ( 'NONE', #190, #5763, #1504, .T. ) ;
#5236 = EDGE_CURVE ( 'NONE', #4846, #3391, #1475, .T. ) ;
#5237 = CARTESIAN_POINT ( 'NONE',  ( -6.325000000000002842, 1.269999999999999796, 1.190000000000007718 ) ) ;
#5238 = FACE_OUTER_BOUND ( 'NONE', #1810, .T. ) ;
#5239 = EDGE_CURVE ( 'NONE', #1908, #3137, #5656, .T. ) ;
#5240 = DIRECTION ( 'NONE',  ( 1.000000000000000000, -0.000000000000000000, -4.494102269369967741E-16 ) ) ;
#5241 = EDGE_LOOP ( 'NONE', ( #4459, #5661, #5650, #3677 ) ) ;
#5242 = LINE ( 'NONE', #1752, #1089 ) ;
#5243 = VECTOR ( 'NONE', #640, 1000.000000000000000 ) ;
#5244 = DIRECTION ( 'NONE',  ( 1.000000000000000000, 0.000000000000000000, -0.000000000000000000 ) ) ;
#5245 = VERTEX_POINT ( 'NONE', #3018 ) ;
#5246 = CARTESIAN_POINT ( 'NONE',  ( -2.880000000000001670, -3.180000000000000160, 0.000000000000000000 ) ) ;
#5247 = LINE ( 'NONE', #4723, #3323 ) ;
#5248 = ORIENTED_EDGE ( 'NONE', *, *, #5184, .T. ) ;
#5249 = LINE ( 'NONE', #5174, #3125 ) ;
#5250 = VERTEX_POINT ( 'NONE', #5860 ) ;
#5251 =( GEOMETRIC_REPRESENTATION_CONTEXT ( 3 ) GLOBAL_UNCERTAINTY_ASSIGNED_CONTEXT ( ( #1195 ) ) GLOBAL_UNIT_ASSIGNED_CONTEXT ( ( #1656, #5593, #4633 ) ) REPRESENTATION_CONTEXT ( 'NONE', 'WORKASPACE' ) );
#5252 = DIRECTION ( 'NONE',  ( 0.000000000000000000, 0.000000000000000000, 1.000000000000000000 ) ) ;
#5253 = DIRECTION ( 'NONE',  ( -4.494102269369967741E-16, 0.000000000000000000, -1.000000000000000000 ) ) ;
#5254 = CARTESIAN_POINT ( 'NONE',  ( 4.925000000000000711, 9.900000000000000355, -1.585000000000000409 ) ) ;
#5255 = LINE ( 'NONE', #4406, #3347 ) ;
#5256 = DIRECTION ( 'NONE',  ( 0.000000000000000000, 2.744815626545581052E-16, -1.000000000000000000 ) ) ;
#5257 = ADVANCED_FACE ( 'NONE', ( #5518 ), #3482, .F. ) ;
#5258 = ORIENTED_EDGE ( 'NONE', *, *, #5777, .T. ) ;
#5259 = FACE_OUTER_BOUND ( 'NONE', #1756, .T. ) ;
#5260 = FACE_OUTER_BOUND ( 'NONE', #722, .T. ) ;
#5261 = DIRECTION ( 'NONE',  ( 1.000000000000000000, 0.000000000000000000, 0.000000000000000000 ) ) ;
#5262 = EDGE_LOOP ( 'NONE', ( #2427, #2003, #5006, #2289 ) ) ;
#5263 = AXIS2_PLACEMENT_3D ( 'NONE', #3768, #1964, #4701 ) ;
#5264 = EDGE_CURVE ( 'NONE', #3695, #4564, #5464, .T. ) ;
#5265 =( GEOMETRIC_REPRESENTATION_CONTEXT ( 3 ) GLOBAL_UNCERTAINTY_ASSIGNED_CONTEXT ( ( #246 ) ) GLOBAL_UNIT_ASSIGNED_CONTEXT ( ( #5271, #2766, #5797 ) ) REPRESENTATION_CONTEXT ( 'NONE', 'WORKASPACE' ) );
#5266 = DIRECTION ( 'NONE',  ( 0.000000000000000000, 0.000000000000000000, -1.000000000000000000 ) ) ;
#5267 = AXIS2_PLACEMENT_3D ( 'NONE', #2444, #3367, #538 ) ;
#5268 = CARTESIAN_POINT ( 'NONE',  ( 4.269999999999999574, 3.300000000000000711, -0.9550000000000011813 ) ) ;
#5269 = VECTOR ( 'NONE', #5941, 1000.000000000000000 ) ;
#5270 = ORIENTED_EDGE ( 'NONE', *, *, #5089, .F. ) ;
#5271 =( LENGTH_UNIT ( ) NAMED_UNIT ( * ) SI_UNIT ( .MILLI., .METRE. ) );
#5272 = FACE_OUTER_BOUND ( 'NONE', #4025, .T. ) ;
#5273 = DIRECTION ( 'NONE',  ( 0.000000000000000000, -1.000000000000000000, 0.000000000000000000 ) ) ;
#5274 = FACE_OUTER_BOUND ( 'NONE', #1467, .T. ) ;
#5275 = DIRECTION ( 'NONE',  ( 0.3015113445777613532, -0.9045340337332925529, 0.3015113445777610757 ) ) ;
#5276 = PLANE ( 'NONE',  #3951 ) ;
#5277 = VERTEX_POINT ( 'NONE', #1502 ) ;
#5278 = CARTESIAN_POINT ( 'NONE',  ( -3.320000000000000728, 7.500000000000001776, -0.005000000000001097317 ) ) ;
#5279 = FACE_OUTER_BOUND ( 'NONE', #1286, .T. ) ;
#5280 = LINE ( 'NONE', #4018, #1273 ) ;
#5281 = EDGE_CURVE ( 'NONE', #5817, #5882, #3490, .T. ) ;
#5282 = DIRECTION ( 'NONE',  ( -1.000000000000000000, 0.000000000000000000, 0.000000000000000000 ) ) ;
#5283 = AXIS2_PLACEMENT_3D ( 'NONE', #1283, #2616, #6010 ) ;
#5284 = ORIENTED_EDGE ( 'NONE', *, *, #4574, .T. ) ;
#5285 = EDGE_CURVE ( 'NONE', #3976, #4333, #1437, .T. ) ;
#5286 = ADVANCED_FACE ( 'NONE', ( #1532 ), #2548, .F. ) ;
#5287 = FACE_OUTER_BOUND ( 'NONE', #2640, .T. ) ;
#5288 = LINE ( 'NONE', #1339, #943 ) ;
#5289 = VERTEX_POINT ( 'NONE', #4002 ) ;
#5290 = CARTESIAN_POINT ( 'NONE',  ( 2.680000000000000160, 0.6699999999999998179, 1.190000000000003721 ) ) ;
#5291 = CARTESIAN_POINT ( 'NONE',  ( -4.939999999999999503, -1.081363123647112731E-15, -1.584999999999999964 ) ) ;
#5292 = FACE_OUTER_BOUND ( 'NONE', #2239, .T. ) ;
#5293 = VECTOR ( 'NONE', #2591, 1000.000000000000000 ) ;
#5294 = ORIENTED_EDGE ( 'NONE', *, *, #5264, .F. ) ;
#5295 = EDGE_CURVE ( 'NONE', #6168, #50, #3818, .T. ) ;
#5296 = VECTOR ( 'NONE', #591, 1000.000000000000000 ) ;
#5297 = COLOUR_RGB ( '',1.000000000000000000, 0.8117647058823529438, 0.5019607843137254832 ) ;
#5298 = EDGE_LOOP ( 'NONE', ( #492, #3354, #170, #3430, #5805, #3512, #211, #2134, #1522, #1399, #2534, #2306, #3723, #4728 ) ) ;
#5299 = DIRECTION ( 'NONE',  ( 0.000000000000000000, 0.7071067811865477948, 0.7071067811865473507 ) ) ;
#5300 = PLANE ( 'NONE',  #9 ) ;
#5301 = LINE ( 'NONE', #2161, #3238 ) ;
#5302 = VECTOR ( 'NONE', #4247, 1000.000000000000000 ) ;
#5303 = CARTESIAN_POINT ( 'NONE',  ( 5.389999999999999680, 1.850000000000000089, 2.784999999999999254 ) ) ;
#5304 = EDGE_CURVE ( 'NONE', #4610, #2744, #5830, .T. ) ;
#5305 = ORIENTED_EDGE ( 'NONE', *, *, #5541, .F. ) ;
#5306 = VECTOR ( 'NONE', #2438, 1000.000000000000000 ) ;
#5307 = DIRECTION ( 'NONE',  ( 1.000000000000000000, -0.000000000000000000, -4.494102269369967741E-16 ) ) ;
#5308 = VERTEX_POINT ( 'NONE', #4221 ) ;
#5309 = CARTESIAN_POINT ( 'NONE',  ( 5.390000000000000568, 1.269999999999999796, 1.190000000000007718 ) ) ;
#5310 = VECTOR ( 'NONE', #1033, 1000.000000000000000 ) ;
#5311 = LINE ( 'NONE', #5119, #5384 ) ;
#5312 = ORIENTED_EDGE ( 'NONE', *, *, #234, .T. ) ;
#5313 = EDGE_CURVE ( 'NONE', #4919, #2738, #1651, .T. ) ;
#5314 = LINE ( 'NONE', #715, #1174 ) ;
#5315 = DIRECTION ( 'NONE',  ( 1.000000000000000000, -0.000000000000000000, 0.000000000000000000 ) ) ;
#5316 = VECTOR ( 'NONE', #2610, 1000.000000000000000 ) ;
#5317 = PLANE ( 'NONE',  #3527 ) ;
#5318 = ORIENTED_EDGE ( 'NONE', *, *, #3216, .T. ) ;
#5319 = VERTEX_POINT ( 'NONE', #5020 ) ;
#5320 = CARTESIAN_POINT ( 'NONE',  ( 4.940000000000000391, 0.6699999999999998179, -0.5599999999999923928 ) ) ;
#5321 = ADVANCED_FACE ( 'NONE', ( #5786 ), #2352, .F. ) ;
#5322 = LINE ( 'NONE', #5150, #1115 ) ;
#5323 = VECTOR ( 'NONE', #3330, 1000.000000000000000 ) ;
#5324 = ORIENTED_EDGE ( 'NONE', *, *, #6144, .F. ) ;
#5325 = PRESENTATION_STYLE_ASSIGNMENT (( #4516 ) ) ;
#5326 = LINE ( 'NONE', #4985, #5496 ) ;
#5327 = DIRECTION ( 'NONE',  ( 0.000000000000000000, 1.000000000000000000, 1.801998070613027504E-16 ) ) ;
#5328 = VERTEX_POINT ( 'NONE', #5690 ) ;
#5329 = ORIENTED_EDGE ( 'NONE', *, *, #1021, .T. ) ;
#5330 = CARTESIAN_POINT ( 'NONE',  ( 3.319999999999998952, 1.269999999999999796, -0.5599999999999966116 ) ) ;
#5331 = DIRECTION ( 'NONE',  ( 0.000000000000000000, -2.744815626545581052E-16, 1.000000000000000000 ) ) ;
#5332 = LINE ( 'NONE', #727, #1104 ) ;
#5333 = LINE ( 'NONE', #3808, #3218 ) ;
#5334 = EDGE_LOOP ( 'NONE', ( #2001, #2015, #5852, #3944 ) ) ;
#5335 = AXIS2_PLACEMENT_3D ( 'NONE', #4520, #4107, #660 ) ;
#5336 = ADVANCED_FACE ( 'NONE', ( #1627 ), #2260, .F. ) ;
#5337 = VECTOR ( 'NONE', #1059, 1000.000000000000000 ) ;
#5338 = VERTEX_POINT ( 'NONE', #4266 ) ;
#5339 = VERTEX_POINT ( 'NONE', #786 ) ;
#5340 = PLANE ( 'NONE',  #3534 ) ;
#5341 = CARTESIAN_POINT ( 'NONE',  ( 4.939999999999999503, 1.285879139104722704E-16, -1.584999999999999964 ) ) ;
#5342 = SURFACE_SIDE_STYLE ('',( #3929 ) ) ;
#5343 = LINE ( 'NONE', #3897, #3129 ) ;
#5344 = FACE_OUTER_BOUND ( 'NONE', #4208, .T. ) ;
#5345 = PLANE ( 'NONE',  #2533 ) ;
#5346 = CARTESIAN_POINT ( 'NONE',  ( 1.269999999999999130, 3.300000000000000711, 1.584999999999998632 ) ) ;
#5347 = ORIENTED_EDGE ( 'NONE', *, *, #6176, .F. ) ;
#5348 = AXIS2_PLACEMENT_3D ( 'NONE', #3640, #1797, #3687 ) ;
#5349 = AXIS2_PLACEMENT_3D ( 'NONE', #5546, #6105, #1279 ) ;
#5350 = LINE ( 'NONE', #907, #5306 ) ;
#5351 = FACE_OUTER_BOUND ( 'NONE', #2033, .T. ) ;
#5352 =( GEOMETRIC_REPRESENTATION_CONTEXT ( 3 ) GLOBAL_UNCERTAINTY_ASSIGNED_CONTEXT ( ( #13 ) ) GLOBAL_UNIT_ASSIGNED_CONTEXT ( ( #1350, #1922, #855 ) ) REPRESENTATION_CONTEXT ( 'NONE', 'WORKASPACE' ) );
#5353 = DIRECTION ( 'NONE',  ( 0.000000000000000000, -1.000000000000000000, -1.618212197739558882E-16 ) ) ;
#5354 = ORIENTED_EDGE ( 'NONE', *, *, #1070, .T. ) ;
#5355 = VERTEX_POINT ( 'NONE', #5529 ) ;
#5356 = LINE ( 'NONE', #3938, #1094 ) ;
#5357 = LINE ( 'NONE', #1436, #1225 ) ;
#5358 = CARTESIAN_POINT ( 'NONE',  ( -6.325000000000003730, 1.269999999999999796, -0.5599999999999922817 ) ) ;
#5359 = ORIENTED_EDGE ( 'NONE', *, *, #4735, .F. ) ;
#5360 = DIRECTION ( 'NONE',  ( 0.000000000000000000, -0.3162277660168354432, 0.9486832980505146562 ) ) ;
#5361 = LINE ( 'NONE', #653, #5177 ) ;
#5362 = CARTESIAN_POINT ( 'NONE',  ( 2.679999999999999272, -2.579999999999992966, -0.005000000000002157233 ) ) ;
#5363 = FACE_OUTER_BOUND ( 'NONE', #5792, .T. ) ;
#5364 = PLANE ( 'NONE',  #2653 ) ;
#5365 = CARTESIAN_POINT ( 'NONE',  ( 1.729999999999998872, 9.900000000000000355, -0.9550000000000008482 ) ) ;
#5366 = ORIENTED_EDGE ( 'NONE', *, *, #4524, .T. ) ;
#5367 = ORIENTED_EDGE ( 'NONE', *, *, #1384, .F. ) ;
#5368 = ADVANCED_FACE ( 'NONE', ( #1801 ), #1887, .F. ) ;
#5369 = AXIS2_PLACEMENT_3D ( 'NONE', #3443, #2987, #5393 ) ;
#5370 = CARTESIAN_POINT ( 'NONE',  ( 6.325000000000000178, 1.850000000000000089, 2.784999999999999254 ) ) ;
#5371 = LINE ( 'NONE', #5844, #3173 ) ;
#5372 = VECTOR ( 'NONE', #5353, 1000.000000000000000 ) ;
#5373 = ORIENTED_EDGE ( 'NONE', *, *, #3163, .F. ) ;
#5374 = VECTOR ( 'NONE', #6063, 1000.000000000000000 ) ;
#5375 = VECTOR ( 'NONE', #4867, 1000.000000000000000 ) ;
#5376 = EDGE_CURVE ( 'NONE', #4374, #2519, #3806, .T. ) ;
#5377 = ORIENTED_EDGE ( 'NONE', *, *, #293, .F. ) ;
#5378 = ORIENTED_EDGE ( 'NONE', *, *, #1050, .T. ) ;
#5379 = PLANE ( 'NONE',  #88 ) ;
#5380 = DIRECTION ( 'NONE',  ( 0.000000000000000000, -2.744815626545581052E-16, -1.000000000000000000 ) ) ;
#5381 = EDGE_CURVE ( 'NONE', #2519, #6168, #1642, .T. ) ;
#5382 = ADVANCED_FACE ( 'NONE', ( #1606 ), #2722, .F. ) ;
#5383 = VECTOR ( 'NONE', #2805, 1000.000000000000000 ) ;
#5384 = VECTOR ( 'NONE', #6196, 1000.000000000000000 ) ;
#5385 = VERTEX_POINT ( 'NONE', #4311 ) ;
#5386 = FACE_OUTER_BOUND ( 'NONE', #1243, .T. ) ;
#5387 = LINE ( 'NONE', #4147, #3256 ) ;
#5388 = VERTEX_POINT ( 'NONE', #3168 ) ;
#5389 = ORIENTED_EDGE ( 'NONE', *, *, #5795, .T. ) ;
#5390 = EDGE_CURVE ( 'NONE', #4077, #3209, #3793, .T. ) ;
#5391 = CARTESIAN_POINT ( 'NONE',  ( -5.389999999999999680, 0.6699999999999997069, -0.9549999999999927436 ) ) ;
#5392 = CARTESIAN_POINT ( 'NONE',  ( 6.324999999999999289, 1.849999999999999201, 1.774999999999998357 ) ) ;
#5393 = DIRECTION ( 'NONE',  ( 0.000000000000000000, -0.000000000000000000, 1.000000000000000000 ) ) ;
#5394 = CARTESIAN_POINT ( 'NONE',  ( -4.924999999999998934, 9.900000000000000355, 1.044999999999998819 ) ) ;
#5395 = DIRECTION ( 'NONE',  ( 0.000000000000000000, 3.388131789017201849E-16, -1.000000000000000000 ) ) ;
#5396 = VECTOR ( 'NONE', #1328, 1000.000000000000000 ) ;
#5397 = VECTOR ( 'NONE', #2416, 1000.000000000000000 ) ;
#5398 = DIRECTION ( 'NONE',  ( -1.233548213626064722E-31, 1.000000000000000000, -2.744815626545581052E-16 ) ) ;
#5399 = EDGE_CURVE ( 'NONE', #5017, #6078, #5879, .T. ) ;
#5400 = DIRECTION ( 'NONE',  ( 0.000000000000000000, 0.000000000000000000, 1.000000000000000000 ) ) ;
#5401 = ORIENTED_EDGE ( 'NONE', *, *, #4838, .T. ) ;
#5402 = LINE ( 'NONE', #2644, #1267 ) ;
#5403 = VECTOR ( 'NONE', #266, 1000.000000000000000 ) ;
#5404 = CARTESIAN_POINT ( 'NONE',  ( -6.325000000000003730, 0.6699999999999997069, -0.9549999999999922995 ) ) ;
#5405 = ORIENTED_EDGE ( 'NONE', *, *, #1617, .F. ) ;
#5406 = ORIENTED_EDGE ( 'NONE', *, *, #4038, .F. ) ;
#5407 = EDGE_CURVE ( 'NONE', #5065, #2651, #5856, .T. ) ;
#5408 = CARTESIAN_POINT ( 'NONE',  ( 3.319999999999998952, -2.579999999999992966, 0.6349999999999978995 ) ) ;
#5409 = LINE ( 'NONE', #2567, #1272 ) ;
#5410 = VECTOR ( 'NONE', #2198, 1000.000000000000114 ) ;
#5411 = ORIENTED_EDGE ( 'NONE', *, *, #221, .T. ) ;
#5412 = CARTESIAN_POINT ( 'NONE',  ( -1.250000000000001110, 8.300000000000000711, 2.774999999999999467 ) ) ;
#5413 = CARTESIAN_POINT ( 'NONE',  ( 1.729999999999998872, 3.300000000000000711, 1.584999999999999076 ) ) ;
#5414 = VECTOR ( 'NONE', #3658, 1000.000000000000000 ) ;
#5415 = VECTOR ( 'NONE', #6000, 1000.000000000000000 ) ;
#5416 = CARTESIAN_POINT ( 'NONE',  ( 6.325000000000001066, 8.499999999999996447, -0.9550000000000011813 ) ) ;
#5417 = CARTESIAN_POINT ( 'NONE',  ( 2.680000000000000160, 1.269999999999999796, 1.190000000000007718 ) ) ;
#5418 = EDGE_LOOP ( 'NONE', ( #4373, #2881, #4944, #1381 ) ) ;
#5419 = VERTEX_POINT ( 'NONE', #57 ) ;
#5420 = CARTESIAN_POINT ( 'NONE',  ( 0.000000000000000000, -1.449999999999999956, 2.184999999999999609 ) ) ;
#5421 = VECTOR ( 'NONE', #4825, 1000.000000000000000 ) ;
#5422 = LINE ( 'NONE', #4200, #3239 ) ;
#5423 = VERTEX_POINT ( 'NONE', #3834 ) ;
#5424 = LINE ( 'NONE', #1099, #5316 ) ;
#5425 = VERTEX_POINT ( 'NONE', #2303 ) ;
#5426 = VERTEX_POINT ( 'NONE', #826 ) ;
#5427 = ADVANCED_FACE ( 'NONE', ( #3842 ), #383, .F. ) ;
#5428 = EDGE_CURVE ( 'NONE', #2658, #780, #3683, .T. ) ;
#5429 = CARTESIAN_POINT ( 'NONE',  ( 5.389999999999999680, 1.699999999999999956, -1.584999999999999964 ) ) ;
#5430 = EDGE_CURVE ( 'NONE', #2758, #1026, #1595, .T. ) ;
#5431 = DIRECTION ( 'NONE',  ( -4.494102269369967741E-16, 1.807003620809173892E-16, -1.000000000000000000 ) ) ;
#5432 = LINE ( 'NONE', #5674, #1300 ) ;
#5433 = FACE_OUTER_BOUND ( 'NONE', #5298, .T. ) ;
#5434 = VERTEX_POINT ( 'NONE', #1216 ) ;
#5435 = DIRECTION ( 'NONE',  ( 1.000000000000000000, 0.000000000000000000, -0.000000000000000000 ) ) ;
#5436 = LINE ( 'NONE', #2586, #5414 ) ;
#5437 = VECTOR ( 'NONE', #646, 1000.000000000000114 ) ;
#5438 = ORIENTED_EDGE ( 'NONE', *, *, #77, .F. ) ;
#5439 = ORIENTED_EDGE ( 'NONE', *, *, #4869, .T. ) ;
#5440 = AXIS2_PLACEMENT_3D ( 'NONE', #701, #5513, #740 ) ;
#5441 = CARTESIAN_POINT ( 'NONE',  ( -1.730000000000000870, 3.300000000000000711, -0.9550000000000011813 ) ) ;
#5442 = PRESENTATION_LAYER_ASSIGNMENT (  '', '', ( #3327 ) ) ;
#5443 = CARTESIAN_POINT ( 'NONE',  ( -6.325000000000003730, 0.6699999999999998179, -0.5599999999999923928 ) ) ;
#5444 = CARTESIAN_POINT ( 'NONE',  ( -4.939999999999999503, 0.6699999999999997069, 1.585000000000007736 ) ) ;
#5445 = ADVANCED_FACE ( 'NONE', ( #5798 ), #4655, .F. ) ;
#5446 = DIRECTION ( 'NONE',  ( 1.000000000000000000, 0.000000000000000000, 0.000000000000000000 ) ) ;
#5447 = LINE ( 'NONE', #259, #3536 ) ;
#5448 = LINE ( 'NONE', #5001, #1301 ) ;
#5449 = DIRECTION ( 'NONE',  ( 0.000000000000000000, 1.000000000000000000, 0.000000000000000000 ) ) ;
#5450 = STYLED_ITEM ( 'NONE', ( #4256 ), #4142 ) ;
#5451 = ORIENTED_EDGE ( 'NONE', *, *, #5028, .F. ) ;
#5452 = LINE ( 'NONE', #1065, #3329 ) ;
#5453 = EDGE_LOOP ( 'NONE', ( #2885, #941, #3169, #5046 ) ) ;
#5454 = VERTEX_POINT ( 'NONE', #3879 ) ;
#5455 = VECTOR ( 'NONE', #1125, 1000.000000000000000 ) ;
#5456 = SURFACE_STYLE_FILL_AREA ( #4729 ) ;
#5457 = ORIENTED_EDGE ( 'NONE', *, *, #5236, .T. ) ;
#5458 = VECTOR ( 'NONE', #2194, 1000.000000000000114 ) ;
#5459 = PLANE ( 'NONE',  #1440 ) ;
#5460 = CARTESIAN_POINT ( 'NONE',  ( 2.679999999999999272, 1.350000000000000089, -1.585000000000000409 ) ) ;
#5461 = EDGE_LOOP ( 'NONE', ( #4418, #760, #2735, #2182 ) ) ;
#5462 = ORIENTED_EDGE ( 'NONE', *, *, #4038, .T. ) ;
#5463 = CARTESIAN_POINT ( 'NONE',  ( -4.939999999999999503, 1.269999999999999796, 1.190000000000007052 ) ) ;
#5464 = LINE ( 'NONE', #4466, #5455 ) ;
#5465 = PRESENTATION_STYLE_ASSIGNMENT (( #5153 ) ) ;
#5466 = EDGE_CURVE ( 'NONE', #1226, #1332, #5914, .T. ) ;
#5467 = CARTESIAN_POINT ( 'NONE',  ( -2.836363636363641305, 8.350909090909087951, 0.4786363636363589746 ) ) ;
#5468 = ORIENTED_EDGE ( 'NONE', *, *, #1916, .F. ) ;
#5469 = VECTOR ( 'NONE', #6139, 1000.000000000000114 ) ;
#5470 = EDGE_CURVE ( 'NONE', #2363, #2676, #3769, .T. ) ;
#5471 = ADVANCED_FACE ( 'NONE', ( #1573 ), #558, .F. ) ;
#5472 = EDGE_LOOP ( 'NONE', ( #3974, #5961, #1873, #5702 ) ) ;
#5473 = ORIENTED_EDGE ( 'NONE', *, *, #6118, .T. ) ;
#5474 = CARTESIAN_POINT ( 'NONE',  ( -3.320000000000000728, -7.265096679918780609, 0.6349999999999970113 ) ) ;
#5475 = DIRECTION ( 'NONE',  ( 0.000000000000000000, -2.744815626545581052E-16, -1.000000000000000000 ) ) ;
#5476 = VECTOR ( 'NONE', #395, 1000.000000000000000 ) ;
#5477 = DIRECTION ( 'NONE',  ( 0.000000000000000000, -1.000000000000000000, -1.807003620809173892E-16 ) ) ;
#5478 = LINE ( 'NONE', #2783, #3521 ) ;
#5479 = ORIENTED_EDGE ( 'NONE', *, *, #6017, .T. ) ;
#5480 = EDGE_CURVE ( 'NONE', #3656, #1389, #5821, .T. ) ;
#5481 = FACE_OUTER_BOUND ( 'NONE', #321, .T. ) ;
#5482 = VERTEX_POINT ( 'NONE', #2055 ) ;
#5483 = EDGE_LOOP ( 'NONE', ( #47, #1979, #6198, #2215 ) ) ;
#5484 = PRODUCT ( '436500328', '436500328', '', ( #3201 ) ) ;
#5485 = EDGE_CURVE ( 'NONE', #5385, #370, #5952, .T. ) ;
#5486 = ADVANCED_FACE ( 'NONE', ( #1663 ), #2828, .F. ) ;
#5487 = CARTESIAN_POINT ( 'NONE',  ( 2.879999999999999893, -3.180000000000000160, 0.1949999999999981470 ) ) ;
#5488 = LINE ( 'NONE', #1760, #1458 ) ;
#5489 = DIRECTION ( 'NONE',  ( 0.000000000000000000, 0.000000000000000000, -1.000000000000000000 ) ) ;
#5490 = LINE ( 'NONE', #5620, #3435 ) ;
#5491 = CARTESIAN_POINT ( 'NONE',  ( -6.325000000000002842, 0.6699999999999998179, 1.190000000000007940 ) ) ;
#5492 = ADVANCED_FACE ( 'NONE', ( #3853 ), #532, .F. ) ;
#5493 = ORIENTED_EDGE ( 'NONE', *, *, #730, .F. ) ;
#5494 = CARTESIAN_POINT ( 'NONE',  ( -6.325000000000001066, -1.449999999999999956, 1.884999999999999343 ) ) ;
#5495 = FACE_OUTER_BOUND ( 'NONE', #5418, .T. ) ;
#5496 = VECTOR ( 'NONE', #717, 1000.000000000000000 ) ;
#5497 = PLANE ( 'NONE',  #597 ) ;
#5498 = DIRECTION ( 'NONE',  ( 0.000000000000000000, -0.000000000000000000, 1.000000000000000000 ) ) ;
#5499 = EDGE_LOOP ( 'NONE', ( #2884, #1770, #1717, #1542 ) ) ;
#5500 = ORIENTED_EDGE ( 'NONE', *, *, #5161, .F. ) ;
#5501 = LINE ( 'NONE', #1135, #3659 ) ;
#5502 = ADVANCED_FACE ( 'NONE', ( #5754 ), #1615, .F. ) ;
#5503 = VECTOR ( 'NONE', #5475, 1000.000000000000000 ) ;
#5504 = VECTOR ( 'NONE', #4331, 1000.000000000000000 ) ;
#5505 = ORIENTED_EDGE ( 'NONE', *, *, #2135, .T. ) ;
#5506 = UNCERTAINTY_MEASURE_WITH_UNIT (LENGTH_MEASURE( 1.000000000000000082E-05 ), #852, 'distance_accuracy_value', 'NONE');
#5507 = CARTESIAN_POINT ( 'NONE',  ( -6.325000000000002842, 0.6699999999999998179, 1.190000000000007940 ) ) ;
#5508 = CARTESIAN_POINT ( 'NONE',  ( 6.024999999999999467, -1.449999999999999956, 2.484999999999999432 ) ) ;
#5509 = VECTOR ( 'NONE', #459, 1000.000000000000000 ) ;
#5510 = ORIENTED_EDGE ( 'NONE', *, *, #842, .F. ) ;
#5511 = VECTOR ( 'NONE', #5435, 1000.000000000000000 ) ;
#5512 = DIRECTION ( 'NONE',  ( 0.000000000000000000, 0.000000000000000000, 1.000000000000000000 ) ) ;
#5513 = DIRECTION ( 'NONE',  ( 0.000000000000000000, 1.000000000000000000, 0.000000000000000000 ) ) ;
#5514 = ORIENTED_EDGE ( 'NONE', *, *, #2513, .T. ) ;
#5515 = ORIENTED_EDGE ( 'NONE', *, *, #562, .F. ) ;
#5516 = VECTOR ( 'NONE', #1572, 1000.000000000000000 ) ;
#5517 = DIRECTION ( 'NONE',  ( -1.000000000000000000, 0.000000000000000000, 4.638298064109109804E-16 ) ) ;
#5518 = FACE_OUTER_BOUND ( 'NONE', #4308, .T. ) ;
#5519 = LINE ( 'NONE', #3148, #5504 ) ;
#5520 = PLANE ( 'NONE',  #2106 ) ;
#5521 = VERTEX_POINT ( 'NONE', #2498 ) ;
#5522 = EDGE_CURVE ( 'NONE', #4485, #3034, #3730, .T. ) ;
#5523 = EDGE_CURVE ( 'NONE', #1096, #1499, #1710, .T. ) ;
#5524 = ORIENTED_EDGE ( 'NONE', *, *, #4076, .T. ) ;
#5525 = VECTOR ( 'NONE', #1092, 1000.000000000000000 ) ;
#5526 = AXIS2_PLACEMENT_3D ( 'NONE', #4389, #2585, #1576 ) ;
#5527 = ORIENTED_EDGE ( 'NONE', *, *, #2991, .T. ) ;
#5528 = EDGE_LOOP ( 'NONE', ( #1920, #4570, #497, #1142 ) ) ;
#5529 = CARTESIAN_POINT ( 'NONE',  ( 6.325000000000000178, 8.499999999999996447, 1.044999999999998819 ) ) ;
#5530 = PRESENTATION_STYLE_ASSIGNMENT (( #472 ) ) ;
#5531 = DIRECTION ( 'NONE',  ( 1.000000000000000000, -0.000000000000000000, -0.000000000000000000 ) ) ;
#5532 =( NAMED_UNIT ( * ) PLANE_ANGLE_UNIT ( ) SI_UNIT ( $, .RADIAN. ) );
#5533 = LINE ( 'NONE', #436, #1561 ) ;
#5534 = ORIENTED_EDGE ( 'NONE', *, *, #918, .F. ) ;
#5535 = CARTESIAN_POINT ( 'NONE',  ( -1.300000000000000044, 6.899999999999999467, -1.584999999999999964 ) ) ;
#5536 = VECTOR ( 'NONE', #768, 1000.000000000000000 ) ;
#5537 = EDGE_LOOP ( 'NONE', ( #6201, #3962, #4152, #2034 ) ) ;
#5538 = LINE ( 'NONE', #2222, #1400 ) ;
#5539 = VERTEX_POINT ( 'NONE', #5828 ) ;
#5540 = ORIENTED_EDGE ( 'NONE', *, *, #1464, .F. ) ;
#5541 = EDGE_CURVE ( 'NONE', #5355, #5037, #1725, .T. ) ;
#5542 = AXIS2_PLACEMENT_3D ( 'NONE', #3031, #4957, #4241 ) ;
#5543 = DIRECTION ( 'NONE',  ( -1.000000000000000000, -0.000000000000000000, -0.000000000000000000 ) ) ;
#5544 = EDGE_CURVE ( 'NONE', #1700, #2514, #1923, .T. ) ;
#5545 = DIRECTION ( 'NONE',  ( 1.000000000000000000, -0.000000000000000000, -4.494102269369967741E-16 ) ) ;
#5546 = CARTESIAN_POINT ( 'NONE',  ( -6.325000000000003730, 0.6699999999999997069, -0.9549999999999922995 ) ) ;
#5547 =( NAMED_UNIT ( * ) SI_UNIT ( $, .STERADIAN. ) SOLID_ANGLE_UNIT ( ) );
#5548 = LINE ( 'NONE', #851, #3545 ) ;
#5549 = CARTESIAN_POINT ( 'NONE',  ( 3.319999999999998952, -2.579999999999992966, -0.005000000000003001176 ) ) ;
#5550 = CARTESIAN_POINT ( 'NONE',  ( 6.324999999999999289, 8.499999999999996447, 2.274999999999998579 ) ) ;
#5551 = VERTEX_POINT ( 'NONE', #983 ) ;
#5552 = CARTESIAN_POINT ( 'NONE',  ( -1.730000000000000870, 3.300000000000000711, 1.584999999999998632 ) ) ;
#5553 = VECTOR ( 'NONE', #4325, 1000.000000000000000 ) ;
#5554 = VERTEX_POINT ( 'NONE', #2147 ) ;
#5555 = PLANE ( 'NONE',  #5053 ) ;
#5556 = ORIENTED_EDGE ( 'NONE', *, *, #339, .F. ) ;
#5557 = ORIENTED_EDGE ( 'NONE', *, *, #5399, .T. ) ;
#5558 = ADVANCED_FACE ( 'NONE', ( #1987 ), #4283, .T. ) ;
#5559 = VECTOR ( 'NONE', #199, 1000.000000000000000 ) ;
#5560 = EDGE_CURVE ( 'NONE', #6159, #3838, #4085, .T. ) ;
#5561 = CARTESIAN_POINT ( 'NONE',  ( -5.389999999999999680, -1.320169249480846743E-15, -0.9549999999999927436 ) ) ;
#5562 = FACE_BOUND ( 'NONE', #1555, .T. ) ;
#5563 = FACE_OUTER_BOUND ( 'NONE', #4040, .T. ) ;
#5564 = ORIENTED_EDGE ( 'NONE', *, *, #256, .T. ) ;
#5565 = CARTESIAN_POINT ( 'NONE',  ( -1.730000000000000870, 9.900000000000000355, 1.584999999999998632 ) ) ;
#5566 = DIRECTION ( 'NONE',  ( 0.000000000000000000, -1.000000000000000000, -2.017120320903263949E-16 ) ) ;
#5567 = LINE ( 'NONE', #3803, #5553 ) ;
#5568 = ORIENTED_EDGE ( 'NONE', *, *, #495, .F. ) ;
#5569 = LINE ( 'NONE', #2761, #5746 ) ;
#5570 = VERTEX_POINT ( 'NONE', #3753 ) ;
#5571 = ORIENTED_EDGE ( 'NONE', *, *, #4153, .T. ) ;
#5572 = EDGE_CURVE ( 'NONE', #5482, #585, #1854, .T. ) ;
#5573 = VECTOR ( 'NONE', #4912, 1000.000000000000000 ) ;
#5574 = ADVANCED_FACE ( 'NONE', ( #6024 ), #6007, .F. ) ;
#5575 = EDGE_CURVE ( 'NONE', #2681, #72, #6011, .T. ) ;
#5576 = VECTOR ( 'NONE', #2713, 1000.000000000000000 ) ;
#5577 = VECTOR ( 'NONE', #1208, 1000.000000000000000 ) ;
#5578 = CARTESIAN_POINT ( 'NONE',  ( -0.1200000000000003147, -3.180000000000000160, 0.4349999999999975553 ) ) ;
#5579 = ORIENTED_EDGE ( 'NONE', *, *, #5390, .T. ) ;
#5580 = LINE ( 'NONE', #75, #3538 ) ;
#5581 = VERTEX_POINT ( 'NONE', #1714 ) ;
#5582 = LINE ( 'NONE', #866, #1538 ) ;
#5583 = ORIENTED_EDGE ( 'NONE', *, *, #3856, .T. ) ;
#5584 = ORIENTED_EDGE ( 'NONE', *, *, #5295, .T. ) ;
#5585 = CARTESIAN_POINT ( 'NONE',  ( -3.320000000000000728, 1.349999999999999867, -0.005000000000001448598 ) ) ;
#5586 = DIRECTION ( 'NONE',  ( 0.000000000000000000, 0.000000000000000000, -1.000000000000000000 ) ) ;
#5587 = LINE ( 'NONE', #5358, #1358 ) ;
#5588 = EDGE_CURVE ( 'NONE', #3566, #4245, #5960, .T. ) ;
#5589 = DIRECTION ( 'NONE',  ( 1.454482222036702918E-31, 1.000000000000000000, -3.236424395479117765E-16 ) ) ;
#5590 = VECTOR ( 'NONE', #1832, 1000.000000000000000 ) ;
#5591 = VECTOR ( 'NONE', #295, 1000.000000000000000 ) ;
#5592 = EDGE_CURVE ( 'NONE', #3599, #190, #4003, .T. ) ;
#5593 =( NAMED_UNIT ( * ) PLANE_ANGLE_UNIT ( ) SI_UNIT ( $, .RADIAN. ) );
#5594 = LINE ( 'NONE', #4693, #1453 ) ;
#5595 = VERTEX_POINT ( 'NONE', #2319 ) ;
#5596 = VECTOR ( 'NONE', #830, 1000.000000000000000 ) ;
#5597 = ORIENTED_EDGE ( 'NONE', *, *, #5560, .T. ) ;
#5598 = ORIENTED_EDGE ( 'NONE', *, *, #5144, .F. ) ;
#5599 = DIRECTION ( 'NONE',  ( -0.000000000000000000, -1.000000000000000000, -2.017120320903263949E-16 ) ) ;
#5600 = COLOUR_RGB ( '',1.000000000000000000, 0.8117647058823529438, 0.5019607843137254832 ) ;
#5601 = DIRECTION ( 'NONE',  ( 0.000000000000000000, 1.000000000000000000, 0.000000000000000000 ) ) ;
#5602 = CARTESIAN_POINT ( 'NONE',  ( 3.000000000000000000, 3.300000000000000711, 0.000000000000000000 ) ) ;
#5603 = FACE_OUTER_BOUND ( 'NONE', #3936, .T. ) ;
#5604 = VECTOR ( 'NONE', #3206, 1000.000000000000000 ) ;
#5605 = CARTESIAN_POINT ( 'NONE',  ( 0.000000000000000000, 0.000000000000000000, 0.000000000000000000 ) ) ;
#5606 = PLANE ( 'NONE',  #5283 ) ;
#5607 = VERTEX_POINT ( 'NONE', #2614 ) ;
#5608 = SURFACE_STYLE_FILL_AREA ( #2110 ) ;
#5609 = CARTESIAN_POINT ( 'NONE',  ( -4.924999999999998934, 8.499999999999996447, -0.9550000000000011813 ) ) ;
#5610 = ORIENTED_EDGE ( 'NONE', *, *, #2502, .T. ) ;
#5611 = EDGE_LOOP ( 'NONE', ( #216, #3871, #1919, #2096 ) ) ;
#5612 = UNCERTAINTY_MEASURE_WITH_UNIT (LENGTH_MEASURE( 1.000000000000000082E-05 ), #4210, 'distance_accuracy_value', 'NONE');
#5613 = AXIS2_PLACEMENT_3D ( 'NONE', #3789, #1981, #2503 ) ;
#5614 = VECTOR ( 'NONE', #1302, 1000.000000000000000 ) ;
#5615 = CARTESIAN_POINT ( 'NONE',  ( 6.325000000000001954, -3.252606517456513302E-16, -0.9549999999999980727 ) ) ;
#5616 = FACE_OUTER_BOUND ( 'NONE', #3285, .T. ) ;
#5617 = VECTOR ( 'NONE', #5988, 1000.000000000000000 ) ;
#5618 = LINE ( 'NONE', #1859, #1479 ) ;
#5619 = ORIENTED_EDGE ( 'NONE', *, *, #109, .T. ) ;
#5620 = CARTESIAN_POINT ( 'NONE',  ( 3.319999999999998508, 0.6699999999999998179, 1.190000000000007940 ) ) ;
#5621 = PLANE ( 'NONE',  #1872 ) ;
#5622 = EDGE_LOOP ( 'NONE', ( #903, #4909, #1895, #1743 ) ) ;
#5623 = VERTEX_POINT ( 'NONE', #317 ) ;
#5624 = STYLED_ITEM ( 'NONE', ( #1319 ), #5286 ) ;
#5625 = EDGE_CURVE ( 'NONE', #5338, #43, #1847, .T. ) ;
#5626 = AXIS2_PLACEMENT_3D ( 'NONE', #1594, #1118, #3474 ) ;
#5627 = VECTOR ( 'NONE', #527, 1000.000000000000000 ) ;
#5628 = LINE ( 'NONE', #3578, #5642 ) ;
#5629 = DIRECTION ( 'NONE',  ( -0.000000000000000000, 1.000000000000000000, -0.000000000000000000 ) ) ;
#5630 = AXIS2_PLACEMENT_3D ( 'NONE', #2576, #4045, #5331 ) ;
#5631 = FACE_OUTER_BOUND ( 'NONE', #926, .T. ) ;
#5632 = ORIENTED_EDGE ( 'NONE', *, *, #775, .F. ) ;
#5633 = ORIENTED_EDGE ( 'NONE', *, *, #4977, .F. ) ;
#5634 = ORIENTED_EDGE ( 'NONE', *, *, #5295, .F. ) ;
#5635 = DIRECTION ( 'NONE',  ( 0.000000000000000000, -1.000000000000000000, -1.807003620809173892E-16 ) ) ;
#5636 = DIRECTION ( 'NONE',  ( -0.000000000000000000, -0.000000000000000000, 1.000000000000000000 ) ) ;
#5637 = SURFACE_STYLE_FILL_AREA ( #4 ) ;
#5638 = FILL_AREA_STYLE_COLOUR ( '', #2450 ) ;
#5639 = DIRECTION ( 'NONE',  ( -1.000000000000000000, -0.000000000000000000, -0.000000000000000000 ) ) ;
#5640 = ADVANCED_FACE ( 'NONE', ( #6112 ), #652, .T. ) ;
#5641 = VECTOR ( 'NONE', #552, 1000.000000000000000 ) ;
#5642 = VECTOR ( 'NONE', #2079, 1000.000000000000000 ) ;
#5643 = MECHANICAL_DESIGN_GEOMETRIC_PRESENTATION_REPRESENTATION (  '', ( #2036 ), #3048 ) ;
#5644 = CARTESIAN_POINT ( 'NONE',  ( -3.757474226804123241, 0.3979381443298937726, -0.03252577319587868221 ) ) ;
#5645 = PRESENTATION_STYLE_ASSIGNMENT (( #2510 ) ) ;
#5647 = EDGE_CURVE ( 'NONE', #4340, #680, #1936, .T. ) ;
#5646 = EDGE_CURVE ( 'NONE', #120, #5277, #6099, .T. ) ;
#5648 = EDGE_LOOP ( 'NONE', ( #4702, #22, #6181, #3416 ) ) ;
#5649 = CARTESIAN_POINT ( 'NONE',  ( 2.679999999999999272, 0.000000000000000000, 2.024999999999999023 ) ) ;
#5650 = ORIENTED_EDGE ( 'NONE', *, *, #2128, .T. ) ;
#5651 = ORIENTED_EDGE ( 'NONE', *, *, #3901, .T. ) ;
#5652 = CARTESIAN_POINT ( 'NONE',  ( 6.325000000000001066, -1.449999999999999956, 2.184999999999999609 ) ) ;
#5653 = CARTESIAN_POINT ( 'NONE',  ( -3.320000000000000728, 3.300000000000000711, -0.005000000000001097317 ) ) ;
#5654 = CARTESIAN_POINT ( 'NONE',  ( -0.3200000000000008393, 3.300000000000000711, 0.6349999999999988987 ) ) ;
#5655 = DIRECTION ( 'NONE',  ( 1.000000000000000000, 0.000000000000000000, -0.000000000000000000 ) ) ;
#5656 = LINE ( 'NONE', #1088, #5503 ) ;
#5657 = LINE ( 'NONE', #247, #5730 ) ;
#5658 = DIRECTION ( 'NONE',  ( 1.000000000000000000, 0.000000000000000000, 0.000000000000000000 ) ) ;
#5659 = CARTESIAN_POINT ( 'NONE',  ( -6.325000000000002842, 1.269999999999999796, 1.190000000000007718 ) ) ;
#5660 = DIRECTION ( 'NONE',  ( -0.8869140841669809205, -0.000000000000000000, -0.4619344188369658433 ) ) ;
#5661 = ORIENTED_EDGE ( 'NONE', *, *, #5089, .T. ) ;
#5662 = VECTOR ( 'NONE', #3221, 1000.000000000000000 ) ;
#5663 = EDGE_CURVE ( 'NONE', #4974, #460, #6036, .T. ) ;
#5664 = DIRECTION ( 'NONE',  ( 0.000000000000000000, 1.000000000000000000, 1.807003620809173892E-16 ) ) ;
#5665 = ORIENTED_EDGE ( 'NONE', *, *, #2174, .F. ) ;
#5666 = ORIENTED_EDGE ( 'NONE', *, *, #4514, .T. ) ;
#5667 = FACE_OUTER_BOUND ( 'NONE', #4882, .T. ) ;
#5668 = LINE ( 'NONE', #4500, #5693 ) ;
#5669 = VECTOR ( 'NONE', #3377, 1000.000000000000114 ) ;
#5670 = EDGE_CURVE ( 'NONE', #1884, #4974, #5981, .T. ) ;
#5671 = DIRECTION ( 'NONE',  ( -1.233548213626064722E-31, 1.000000000000000000, -2.744815626545581052E-16 ) ) ;
#5672 = ORIENTED_EDGE ( 'NONE', *, *, #2954, .T. ) ;
#5673 = VECTOR ( 'NONE', #152, 1000.000000000000000 ) ;
#5674 = CARTESIAN_POINT ( 'NONE',  ( 6.325000000000001066, 1.270000000000002016, -1.584999999999999964 ) ) ;
#5675 = ORIENTED_EDGE ( 'NONE', *, *, #1480, .T. ) ;
#5676 = ORIENTED_EDGE ( 'NONE', *, *, #625, .F. ) ;
#5677 = DIRECTION ( 'NONE',  ( 4.494102269369967741E-16, 0.000000000000000000, 1.000000000000000000 ) ) ;
#5678 = LINE ( 'NONE', #1628, #5559 ) ;
#5679 = COLOUR_RGB ( '',1.000000000000000000, 0.8117647058823529438, 0.5019607843137254832 ) ;
#5680 = LINE ( 'NONE', #2966, #5591 ) ;
#5681 = CARTESIAN_POINT ( 'NONE',  ( -3.320000000000000728, 0.6699999999999998179, -0.5599999999999923928 ) ) ;
#5682 = VECTOR ( 'NONE', #2921, 1000.000000000000000 ) ;
#5683 = EDGE_CURVE ( 'NONE', #2156, #2249, #6086, .T. ) ;
#5684 = ORIENTED_EDGE ( 'NONE', *, *, #2967, .T. ) ;
#5685 = LINE ( 'NONE', #63, #3643 ) ;
#5686 = DIRECTION ( 'NONE',  ( -0.7071067811865483499, 0.7071067811865466846, 3.177810190017360389E-16 ) ) ;
#5687 = ORIENTED_EDGE ( 'NONE', *, *, #53, .F. ) ;
#5688 = ORIENTED_EDGE ( 'NONE', *, *, #5832, .T. ) ;
#5689 = DIRECTION ( 'NONE',  ( 1.000000000000000000, -0.000000000000000000, -4.494102269369967741E-16 ) ) ;
#5690 = CARTESIAN_POINT ( 'NONE',  ( 4.924999999999998934, 9.900000000000000355, -0.9550000000000011813 ) ) ;
#5691 = LINE ( 'NONE', #3705, #1448 ) ;
#5692 = DIRECTION ( 'NONE',  ( 1.000000000000000000, -0.000000000000000000, -1.707404996040164018E-16 ) ) ;
#5693 = VECTOR ( 'NONE', #2132, 1000.000000000000000 ) ;
#5694 = VECTOR ( 'NONE', #747, 1000.000000000000000 ) ;
#5695 = ADVANCED_FACE ( 'NONE', ( #4031 ), #363, .F. ) ;
#5696 = CARTESIAN_POINT ( 'NONE',  ( 2.679999999999999272, 0.000000000000000000, 0.000000000000000000 ) ) ;
#5697 = VECTOR ( 'NONE', #2568, 1000.000000000000000 ) ;
#5698 = ORIENTED_EDGE ( 'NONE', *, *, #2517, .T. ) ;
#5699 = LINE ( 'NONE', #4442, #3526 ) ;
#5700 = DIRECTION ( 'NONE',  ( -1.000000000000000000, -0.000000000000000000, -0.000000000000000000 ) ) ;
#5701 = VERTEX_POINT ( 'NONE', #726 ) ;
#5702 = ORIENTED_EDGE ( 'NONE', *, *, #2467, .F. ) ;
#5703 = CARTESIAN_POINT ( 'NONE',  ( 3.319999999999998952, -3.252606517456513302E-16, -0.9549999999999967404 ) ) ;
#5704 = CARTESIAN_POINT ( 'NONE',  ( -5.674999999999999822, 0.000000000000000000, 1.884999999999999343 ) ) ;
#5705 = PLANE ( 'NONE',  #338 ) ;
#5706 = ADVANCED_FACE ( 'NONE', ( #4044 ), #1490, .F. ) ;
#5707 = VECTOR ( 'NONE', #5955, 1000.000000000000000 ) ;
#5708 = VECTOR ( 'NONE', #5946, 1000.000000000000000 ) ;
#5709 = MANIFOLD_SOLID_BREP ( 'Chamfer6', #2364 ) ;
#5710 = CARTESIAN_POINT ( 'NONE',  ( 6.325000000000000178, 9.900000000000000355, -0.5599999999999965006 ) ) ;
#5711 = CARTESIAN_POINT ( 'NONE',  ( -5.389999999999999680, -1.320169249480846743E-15, 1.585000000000007514 ) ) ;
#5712 = AXIS2_PLACEMENT_3D ( 'NONE', #1041, #3478, #4530 ) ;
#5713 = VERTEX_POINT ( 'NONE', #4722 ) ;
#5714 = CARTESIAN_POINT ( 'NONE',  ( -2.680000000000001048, -8.926487835092491593E-16, -0.9549999999999940758 ) ) ;
#5715 = ORIENTED_EDGE ( 'NONE', *, *, #5470, .F. ) ;
#5716 = ORIENTED_EDGE ( 'NONE', *, *, #5647, .F. ) ;
#5717 = VECTOR ( 'NONE', #5636, 1000.000000000000000 ) ;
#5718 = VECTOR ( 'NONE', #1546, 1000.000000000000000 ) ;
#5719 =( NAMED_UNIT ( * ) SI_UNIT ( $, .STERADIAN. ) SOLID_ANGLE_UNIT ( ) );
#5720 = PRESENTATION_STYLE_ASSIGNMENT (( #2654 ) ) ;
#5721 = VERTEX_POINT ( 'NONE', #1903 ) ;
#5722 = AXIS2_PLACEMENT_3D ( 'NONE', #944, #4056, #4544 ) ;
#5723 = DIRECTION ( 'NONE',  ( 4.494102269369967741E-16, 3.614007241618347785E-16, 1.000000000000000000 ) ) ;
#5724 = AXIS2_PLACEMENT_3D ( 'NONE', #5808, #2574, #253 ) ;
#5725 = APPLICATION_PROTOCOL_DEFINITION ( 'draft international standard', 'automotive_design', 1998, #4376 ) ;
#5726 = ORIENTED_EDGE ( 'NONE', *, *, #4839, .T. ) ;
#5727 = EDGE_LOOP ( 'NONE', ( #2607, #5405, #483, #3387 ) ) ;
#5728 = MECHANICAL_DESIGN_GEOMETRIC_PRESENTATION_REPRESENTATION (  '', ( #181 ), #5352 ) ;
#5729 = VECTOR ( 'NONE', #2067, 1000.000000000000000 ) ;
#5730 = VECTOR ( 'NONE', #4971, 1000.000000000000000 ) ;
#5731 = CARTESIAN_POINT ( 'NONE',  ( 5.974999999999999645, -1.449999999999999956, 1.884999999999999343 ) ) ;
#5732 = LINE ( 'NONE', #336, #1687 ) ;
#5733 = ORIENTED_EDGE ( 'NONE', *, *, #4874, .T. ) ;
#5734 = VECTOR ( 'NONE', #951, 1000.000000000000000 ) ;
#5735 = DIRECTION ( 'NONE',  ( -1.000000000000000000, -0.000000000000000000, -0.000000000000000000 ) ) ;
#5736 = ORIENTED_EDGE ( 'NONE', *, *, #5144, .T. ) ;
#5737 = VERTEX_POINT ( 'NONE', #3799 ) ;
#5738 = CARTESIAN_POINT ( 'NONE',  ( 4.924999999999998934, 9.900000000000000355, 1.044999999999998819 ) ) ;
#5739 = VECTOR ( 'NONE', #4401, 1000.000000000000000 ) ;
#5740 = PLANE ( 'NONE',  #2752 ) ;
#5741 = AXIS2_PLACEMENT_3D ( 'NONE', #2831, #3308, #5876 ) ;
#5742 = DIRECTION ( 'NONE',  ( 0.000000000000000000, -1.000000000000000000, 3.614007241618347785E-16 ) ) ;
#5743 = PRESENTATION_STYLE_ASSIGNMENT (( #6170 ) ) ;
#5744 = COLOUR_RGB ( '',1.000000000000000000, 0.8117647058823529438, 0.5019607843137254832 ) ;
#5745 = EDGE_LOOP ( 'NONE', ( #6188, #4244, #2324, #647 ) ) ;
#5746 = VECTOR ( 'NONE', #5788, 1000.000000000000000 ) ;
#5747 = ORIENTED_EDGE ( 'NONE', *, *, #1828, .T. ) ;
#5748 = ORIENTED_EDGE ( 'NONE', *, *, #2342, .T. ) ;
#5749 = EDGE_CURVE ( 'NONE', #680, #2049, #138, .T. ) ;
#5750 = PLANE ( 'NONE',  #4441 ) ;
#5751 = LINE ( 'NONE', #3830, #5794 ) ;
#5752 = DIRECTION ( 'NONE',  ( -0.000000000000000000, 1.000000000000000000, 1.801998070613027504E-16 ) ) ;
#5753 = EDGE_CURVE ( 'NONE', #129, #2658, #4149, .T. ) ;
#5754 = FACE_OUTER_BOUND ( 'NONE', #2984, .T. ) ;
#5755 = LINE ( 'NONE', #669, #1548 ) ;
#5756 = CARTESIAN_POINT ( 'NONE',  ( 0.000000000000000000, -1.449999999999999956, 2.484999999999999432 ) ) ;
#5757 = CARTESIAN_POINT ( 'NONE',  ( -3.320000000000000728, 1.269999999999999796, -0.5599999999999935030 ) ) ;
#5758 = ADVANCED_FACE ( 'NONE', ( #4242 ), #3067, .T. ) ;
#5759 = ORIENTED_EDGE ( 'NONE', *, *, #894, .T. ) ;
#5760 = FACE_OUTER_BOUND ( 'NONE', #4996, .T. ) ;
#5761 = CARTESIAN_POINT ( 'NONE',  ( -5.389999999999997904, 1.849999999999999201, 2.024999999999999023 ) ) ;
#5762 = ORIENTED_EDGE ( 'NONE', *, *, #4473, .T. ) ;
#5763 = VERTEX_POINT ( 'NONE', #5711 ) ;
#5764 = VECTOR ( 'NONE', #1612, 1000.000000000000000 ) ;
#5765 = EDGE_CURVE ( 'NONE', #2738, #3459, #68, .T. ) ;
#5766 = CARTESIAN_POINT ( 'NONE',  ( -3.320000000000000728, 7.500000000000001776, 0.6349999999999988987 ) ) ;
#5767 = ADVANCED_FACE ( 'NONE', ( #198 ), #36, .F. ) ;
#5768 = FACE_OUTER_BOUND ( 'NONE', #1840, .T. ) ;
#5769 = EDGE_CURVE ( 'NONE', #1198, #4910, #4295, .T. ) ;
#5770 = ORIENTED_EDGE ( 'NONE', *, *, #2128, .F. ) ;
#5771 = FACE_OUTER_BOUND ( 'NONE', #3068, .T. ) ;
#5772 = DIRECTION ( 'NONE',  ( 0.3015113445777613532, 0.9045340337332925529, 0.3015113445777610757 ) ) ;
#5773 =( NAMED_UNIT ( * ) PLANE_ANGLE_UNIT ( ) SI_UNIT ( $, .RADIAN. ) );
#5774 = VERTEX_POINT ( 'NONE', #3102 ) ;
#5775 = ORIENTED_EDGE ( 'NONE', *, *, #3644, .T. ) ;
#5776 = LINE ( 'NONE', #2184, #1639 ) ;
#5777 = EDGE_CURVE ( 'NONE', #5277, #585, #2041, .T. ) ;
#5778 = VERTEX_POINT ( 'NONE', #4327 ) ;
#5779 = CARTESIAN_POINT ( 'NONE',  ( -6.325000000000001066, 8.499999999999996447, -1.584999999999999742 ) ) ;
#5780 = ORIENTED_EDGE ( 'NONE', *, *, #2019, .F. ) ;
#5781 = ORIENTED_EDGE ( 'NONE', *, *, #495, .T. ) ;
#5782 = PLANE ( 'NONE',  #172 ) ;
#5783 = DIRECTION ( 'NONE',  ( 4.494102269369967741E-16, 0.000000000000000000, 1.000000000000000000 ) ) ;
#5784 = FACE_OUTER_BOUND ( 'NONE', #793, .T. ) ;
#5785 = CARTESIAN_POINT ( 'NONE',  ( -4.924999999999998934, 8.499999999999996447, 1.044999999999998819 ) ) ;
#5786 = FACE_OUTER_BOUND ( 'NONE', #3790, .T. ) ;
#5787 = FACE_OUTER_BOUND ( 'NONE', #5461, .T. ) ;
#5788 = DIRECTION ( 'NONE',  ( 1.000000000000000000, -0.000000000000000000, -4.494102269369967741E-16 ) ) ;
#5789 = FACE_OUTER_BOUND ( 'NONE', #563, .T. ) ;
#5790 = ORIENTED_EDGE ( 'NONE', *, *, #5663, .F. ) ;
#5791 = EDGE_LOOP ( 'NONE', ( #208, #1994, #1865, #6068 ) ) ;
#5792 = EDGE_LOOP ( 'NONE', ( #6167, #4070, #654, #2709 ) ) ;
#5793 = PLANE ( 'NONE',  #5267 ) ;
#5794 = VECTOR ( 'NONE', #5252, 1000.000000000000000 ) ;
#5795 = EDGE_CURVE ( 'NONE', #1700, #2525, #4326, .T. ) ;
#5796 = EDGE_CURVE ( 'NONE', #3635, #5289, #41, .T. ) ;
#5797 =( NAMED_UNIT ( * ) SI_UNIT ( $, .STERADIAN. ) SOLID_ANGLE_UNIT ( ) );
#5798 = FACE_OUTER_BOUND ( 'NONE', #1488, .T. ) ;
#5799 = CARTESIAN_POINT ( 'NONE',  ( -4.939999999999999503, -1.081363123647112731E-15, -1.584999999999999964 ) ) ;
#5800 = FILL_AREA_STYLE_COLOUR ( '', #1495 ) ;
#5801 = SURFACE_SIDE_STYLE ('',( #2920 ) ) ;
#5802 = VECTOR ( 'NONE', #3623, 1000.000000000000000 ) ;
#5803 = ORIENTED_EDGE ( 'NONE', *, *, #4105, .T. ) ;
#5804 = DIRECTION ( 'NONE',  ( -4.494102269369967741E-16, 1.807003620809173892E-16, -1.000000000000000000 ) ) ;
#5805 = ORIENTED_EDGE ( 'NONE', *, *, #4480, .F. ) ;
#5806 = ORIENTED_EDGE ( 'NONE', *, *, #2448, .F. ) ;
#5807 = VECTOR ( 'NONE', #1097, 1000.000000000000000 ) ;
#5808 = CARTESIAN_POINT ( 'NONE',  ( -3.320000000000000728, 0.000000000000000000, 0.000000000000000000 ) ) ;
#5809 = AXIS2_PLACEMENT_3D ( 'NONE', #2849, #3279, #1638 ) ;
#5810 = AXIS2_PLACEMENT_3D ( 'NONE', #3855, #4412, #78 ) ;
#5811 = LINE ( 'NONE', #1401, #3832 ) ;
#5812 = DIRECTION ( 'NONE',  ( 0.000000000000000000, -1.801998070613027504E-16, 1.000000000000000000 ) ) ;
#5813 = AXIS2_PLACEMENT_3D ( 'NONE', #2495, #5686, #100 ) ;
#5814 = SURFACE_STYLE_FILL_AREA ( #4490 ) ;
#5815 = ORIENTED_EDGE ( 'NONE', *, *, #2606, .T. ) ;
#5816 = DIRECTION ( 'NONE',  ( 0.7071067811865483499, 0.7071067811865466846, 3.177810190017360389E-16 ) ) ;
#5817 = VERTEX_POINT ( 'NONE', #6110 ) ;
#5818 = ORIENTED_EDGE ( 'NONE', *, *, #23, .F. ) ;
#5819 = VECTOR ( 'NONE', #14, 1000.000000000000000 ) ;
#5820 = ADVANCED_FACE ( 'NONE', ( #106 ), #4243, .F. ) ;
#5821 = LINE ( 'NONE', #227, #3831 ) ;
#5822 = SURFACE_STYLE_FILL_AREA ( #4122 ) ;
#5823 = ORIENTED_EDGE ( 'NONE', *, *, #4596, .T. ) ;
#5824 = CARTESIAN_POINT ( 'NONE',  ( -6.325000000000003730, 0.6699999999999998179, -0.5599999999999923928 ) ) ;
#5825 = ORIENTED_EDGE ( 'NONE', *, *, #484, .F. ) ;
#5826 = VERTEX_POINT ( 'NONE', #2646 ) ;
#5827 = CARTESIAN_POINT ( 'NONE',  ( 4.269999999999999574, 9.900000000000000355, -0.9550000000000011813 ) ) ;
#5828 = CARTESIAN_POINT ( 'NONE',  ( 0.3199999999999991185, 3.300000000000000711, -0.005000000000001097317 ) ) ;
#5829 = FACE_OUTER_BOUND ( 'NONE', #418, .T. ) ;
#5830 = LINE ( 'NONE', #3782, #5928 ) ;
#5831 = LINE ( 'NONE', #2434, #1699 ) ;
#5832 = EDGE_CURVE ( 'NONE', #5834, #3765, #4261, .T. ) ;
#5833 = CARTESIAN_POINT ( 'NONE',  ( 1.269999999999999130, 9.900000000000000355, 1.584999999999998632 ) ) ;
#5834 = VERTEX_POINT ( 'NONE', #841 ) ;
#5835 = CARTESIAN_POINT ( 'NONE',  ( 0.3199999999999991185, 1.269999999999999796, 1.190000000000004610 ) ) ;
#5836 = ORIENTED_EDGE ( 'NONE', *, *, #762, .T. ) ;
#5837 = EDGE_LOOP ( 'NONE', ( #360, #4438, #2504, #5500, #4581, #4262, #2464, #2900, #704, #791, #5013, #4350 ) ) ;
#5838 = DIRECTION ( 'NONE',  ( 1.000000000000000000, -0.000000000000000000, -4.494102269369967741E-16 ) ) ;
#5839 = VECTOR ( 'NONE', #5169, 1000.000000000000000 ) ;
#5840 = VERTEX_POINT ( 'NONE', #4607 ) ;
#5841 = DIRECTION ( 'NONE',  ( 0.000000000000000000, -1.000000000000000000, 0.000000000000000000 ) ) ;
#5842 = DIRECTION ( 'NONE',  ( -1.000000000000000000, 0.000000000000000000, 1.280553747030123075E-16 ) ) ;
#5843 = FACE_OUTER_BOUND ( 'NONE', #3892, .T. ) ;
#5844 = CARTESIAN_POINT ( 'NONE',  ( -4.939999999999999503, 0.6699999999999997069, 1.585000000000007292 ) ) ;
#5845 = CARTESIAN_POINT ( 'NONE',  ( -1.730000000000000870, 9.900000000000000355, -0.9550000000000011813 ) ) ;
#5846 = DIRECTION ( 'NONE',  ( 0.000000000000000000, 0.000000000000000000, -1.000000000000000000 ) ) ;
#5847 = FACE_OUTER_BOUND ( 'NONE', #1077, .T. ) ;
#5848 = EDGE_CURVE ( 'NONE', #3647, #6106, #81, .T. ) ;
#5849 = ORIENTED_EDGE ( 'NONE', *, *, #4691, .T. ) ;
#5850 = PLANE ( 'NONE',  #4280 ) ;
#5851 = ORIENTED_EDGE ( 'NONE', *, *, #3917, .T. ) ;
#5852 = ORIENTED_EDGE ( 'NONE', *, *, #3049, .F. ) ;
#5853 = VECTOR ( 'NONE', #5735, 1000.000000000000000 ) ;
#5854 = EDGE_CURVE ( 'NONE', #34, #1742, #48, .T. ) ;
#5855 = DIRECTION ( 'NONE',  ( 0.000000000000000000, 0.000000000000000000, -1.000000000000000000 ) ) ;
#5856 = LINE ( 'NONE', #2792, #1698 ) ;
#5857 = LINE ( 'NONE', #4128, #3819 ) ;
#5858 = DIRECTION ( 'NONE',  ( 0.000000000000000000, -2.744815626545581052E-16, 1.000000000000000000 ) ) ;
#5859 = ORIENTED_EDGE ( 'NONE', *, *, #628, .F. ) ;
#5860 = CARTESIAN_POINT ( 'NONE',  ( 3.319999999999998952, 1.349999999999999867, -0.005000000000001448598 ) ) ;
#5861 = DIRECTION ( 'NONE',  ( 1.000000000000000000, -0.000000000000000000, 0.000000000000000000 ) ) ;
#5862 = ORIENTED_EDGE ( 'NONE', *, *, #4160, .F. ) ;
#5863 = ORIENTED_EDGE ( 'NONE', *, *, #4977, .T. ) ;
#5864 = FACE_OUTER_BOUND ( 'NONE', #3784, .T. ) ;
#5865 = ORIENTED_EDGE ( 'NONE', *, *, #2853, .T. ) ;
#5866 = VECTOR ( 'NONE', #4744, 1000.000000000000114 ) ;
#5867 = FACE_OUTER_BOUND ( 'NONE', #2933, .T. ) ;
#5868 = LINE ( 'NONE', #1635, #3796 ) ;
#5869 = ORIENTED_EDGE ( 'NONE', *, *, #2953, .T. ) ;
#5870 = PLANE ( 'NONE',  #5813 ) ;
#5871 = EDGE_LOOP ( 'NONE', ( #885, #4835, #3998, #6130 ) ) ;
#5872 = EDGE_LOOP ( 'NONE', ( #151, #1456, #61, #133, #2516, #1285, #3331, #1269, #474, #2178, #3456, #1445 ) ) ;
#5873 = DIRECTION ( 'NONE',  ( 0.000000000000000000, 3.388131789017201849E-16, -1.000000000000000000 ) ) ;
#5874 = FILL_AREA_STYLE ('',( #506 ) ) ;
#5875 = VECTOR ( 'NONE', #2733, 1000.000000000000000 ) ;
#5876 = DIRECTION ( 'NONE',  ( 0.000000000000000000, -1.000000000000000000, 0.000000000000000000 ) ) ;
#5877 = ORIENTED_EDGE ( 'NONE', *, *, #2551, .F. ) ;
#5878 = ADVANCED_FACE ( 'NONE', ( #2247 ), #2276, .T. ) ;
#5879 = LINE ( 'NONE', #4682, #5717 ) ;
#5880 = VECTOR ( 'NONE', #4654, 1000.000000000000000 ) ;
#5881 = DIRECTION ( 'NONE',  ( 0.000000000000000000, 0.000000000000000000, -1.000000000000000000 ) ) ;
#5882 = VERTEX_POINT ( 'NONE', #4193 ) ;
#5883 = PRODUCT_RELATED_PRODUCT_CATEGORY ( 'part', '', ( #5484 ) ) ;
#5884 = EDGE_CURVE ( 'NONE', #3914, #3885, #4162, .T. ) ;
#5885 = AXIS2_PLACEMENT_3D ( 'NONE', #1080, #577, #1999 ) ;
#5886 = CARTESIAN_POINT ( 'NONE',  ( -3.320000000000000728, 6.899999999999995026, -0.005000000000001097317 ) ) ;
#5887 = EDGE_LOOP ( 'NONE', ( #4159, #4380, #60, #761 ) ) ;
#5888 = ORIENTED_EDGE ( 'NONE', *, *, #1603, .F. ) ;
#5889 = AXIS2_PLACEMENT_3D ( 'NONE', #3802, #1430, #2028 ) ;
#5890 = LINE ( 'NONE', #4507, #3716 ) ;
#5891 = DIRECTION ( 'NONE',  ( -0.000000000000000000, -0.000000000000000000, 1.000000000000000000 ) ) ;
#5892 = ORIENTED_EDGE ( 'NONE', *, *, #4772, .F. ) ;
#5893 = CARTESIAN_POINT ( 'NONE',  ( 4.939999999999999503, 0.6699999999999997069, 1.585000000000007736 ) ) ;
#5894 = LINE ( 'NONE', #5474, #15 ) ;
#5895 = CARTESIAN_POINT ( 'NONE',  ( -6.325000000000002842, 1.269999999999999796, 1.190000000000007718 ) ) ;
#5896 = FILL_AREA_STYLE_COLOUR ( '', #3651 ) ;
#5897 = CARTESIAN_POINT ( 'NONE',  ( 2.679999999999999272, 0.6699999999999997069, -0.9549999999999962963 ) ) ;
#5898 = VERTEX_POINT ( 'NONE', #1861 ) ;
#5899 = PLANE ( 'NONE',  #452 ) ;
#5900 = ORIENTED_EDGE ( 'NONE', *, *, #1186, .F. ) ;
#5901 = ORIENTED_EDGE ( 'NONE', *, *, #4063, .T. ) ;
#5902 = VECTOR ( 'NONE', #2553, 1000.000000000000114 ) ;
#5903 = EDGE_CURVE ( 'NONE', #4138, #5882, #2258, .T. ) ;
#5904 = AXIS2_PLACEMENT_3D ( 'NONE', #514, #3223, #4277 ) ;
#5905 = EDGE_CURVE ( 'NONE', #1793, #3959, #2129, .T. ) ;
#5906 = LINE ( 'NONE', #82, #3866 ) ;
#5907 = DIRECTION ( 'NONE',  ( 0.000000000000000000, -1.801998070613027504E-16, 1.000000000000000000 ) ) ;
#5908 = ORIENTED_EDGE ( 'NONE', *, *, #4394, .T. ) ;
#5909 = DIRECTION ( 'NONE',  ( 0.000000000000000000, -0.000000000000000000, 1.000000000000000000 ) ) ;
#5910 = PLANE ( 'NONE',  #2345 ) ;
#5911 = ORIENTED_EDGE ( 'NONE', *, *, #3644, .F. ) ;
#5912 = ORIENTED_EDGE ( 'NONE', *, *, #576, .F. ) ;
#5913 = VECTOR ( 'NONE', #4140, 1000.000000000000000 ) ;
#5914 = LINE ( 'NONE', #3967, #3876 ) ;
#5915 = VECTOR ( 'NONE', #501, 1000.000000000000000 ) ;
#5916 = EDGE_LOOP ( 'NONE', ( #2717, #150, #282 ) ) ;
#5917 = DIRECTION ( 'NONE',  ( 1.233548213626064722E-31, 1.000000000000000000, 2.744815626545581052E-16 ) ) ;
#5918 = VERTEX_POINT ( 'NONE', #1382 ) ;
#5919 = ORIENTED_EDGE ( 'NONE', *, *, #1150, .T. ) ;
#5920 = CARTESIAN_POINT ( 'NONE',  ( -2.680000000000001048, 1.269999999999999796, 1.190000000000005942 ) ) ;
#5921 = ADVANCED_FACE ( 'NONE', ( #2062 ), #125, .F. ) ;
#5922 =( NAMED_UNIT ( * ) SI_UNIT ( $, .STERADIAN. ) SOLID_ANGLE_UNIT ( ) );
#5923 = LINE ( 'NONE', #3060, #5764 ) ;
#5924 = CARTESIAN_POINT ( 'NONE',  ( -3.320000000000000728, -2.579999999999992966, 0.6349999999999978995 ) ) ;
#5925 = EDGE_CURVE ( 'NONE', #34, #4121, #30, .T. ) ;
#5926 = DIRECTION ( 'NONE',  ( 0.000000000000000000, 1.000000000000000000, 0.000000000000000000 ) ) ;
#5927 = EDGE_LOOP ( 'NONE', ( #1512, #5964, #3751, #5676 ) ) ;
#5928 = VECTOR ( 'NONE', #5060, 1000.000000000000000 ) ;
#5929 = VECTOR ( 'NONE', #380, 1000.000000000000000 ) ;
#5930 = CARTESIAN_POINT ( 'NONE',  ( -0.3200000000000008393, 3.300000000000000711, -0.005000000000001097317 ) ) ;
#5931 = VERTEX_POINT ( 'NONE', #997 ) ;
#5932 = DIRECTION ( 'NONE',  ( 1.000000000000000000, 0.000000000000000000, -0.000000000000000000 ) ) ;
#5933 = VERTEX_POINT ( 'NONE', #4861 ) ;
#5934 = ORIENTED_EDGE ( 'NONE', *, *, #384, .T. ) ;
#5935 = LINE ( 'NONE', #5779, #1611 ) ;
#5936 = CARTESIAN_POINT ( 'NONE',  ( 0.3199999999999991185, -7.265096679918780609, 0.6349999999999970113 ) ) ;
#5937 = VERTEX_POINT ( 'NONE', #4409 ) ;
#5938 = CARTESIAN_POINT ( 'NONE',  ( 1.250000000000001110, 8.300000000000000711, 2.774999999999999467 ) ) ;
#5939 = VECTOR ( 'NONE', #3258, 1000.000000000000000 ) ;
#5940 = LINE ( 'NONE', #1494, #3965 ) ;
#5941 = DIRECTION ( 'NONE',  ( -1.000000000000000000, 0.000000000000000000, 0.000000000000000000 ) ) ;
#5942 = CARTESIAN_POINT ( 'NONE',  ( -6.325000000000003730, 1.269999999999999796, -0.5599999999999922817 ) ) ;
#5943 = CARTESIAN_POINT ( 'NONE',  ( 3.319999999999998952, -7.265096679918780609, -0.005000000000003001176 ) ) ;
#5944 = EDGE_LOOP ( 'NONE', ( #4908, #6093, #4537, #2833 ) ) ;
#5945 = EDGE_CURVE ( 'NONE', #1586, #5037, #4272, .T. ) ;
#5946 = DIRECTION ( 'NONE',  ( 0.000000000000000000, 0.000000000000000000, -1.000000000000000000 ) ) ;
#5947 = EDGE_LOOP ( 'NONE', ( #80, #2824, #94, #5976 ) ) ;
#5948 = VERTEX_POINT ( 'NONE', #4491 ) ;
#5949 = VECTOR ( 'NONE', #3092, 1000.000000000000000 ) ;
#5950 = PLANE ( 'NONE',  #5885 ) ;
#5951 = EDGE_LOOP ( 'NONE', ( #846, #4305, #2685, #2108 ) ) ;
#5952 = LINE ( 'NONE', #2866, #3661 ) ;
#5953 = VECTOR ( 'NONE', #3775, 1000.000000000000114 ) ;
#5954 = ORIENTED_EDGE ( 'NONE', *, *, #1945, .T. ) ;
#5955 = DIRECTION ( 'NONE',  ( -1.000000000000000000, 0.000000000000000000, 0.000000000000000000 ) ) ;
#5956 = ORIENTED_EDGE ( 'NONE', *, *, #3908, .T. ) ;
#5957 = ORIENTED_EDGE ( 'NONE', *, *, #2460, .F. ) ;
#5958 = LINE ( 'NONE', #1758, #5949 ) ;
#5959 = AXIS2_PLACEMENT_3D ( 'NONE', #3594, #3648, #4659 ) ;
#5960 = LINE ( 'NONE', #3185, #1967 ) ;
#5961 = ORIENTED_EDGE ( 'NONE', *, *, #1969, .F. ) ;
#5962 = ADVANCED_FACE ( 'NONE', ( #2111 ), #5276, .T. ) ;
#5963 = DIRECTION ( 'NONE',  ( -0.8869140841669809205, -0.000000000000000000, 0.4619344188369658433 ) ) ;
#5964 = ORIENTED_EDGE ( 'NONE', *, *, #1619, .F. ) ;
#5965 = ORIENTED_EDGE ( 'NONE', *, *, #1862, .F. ) ;
#5966 = CARTESIAN_POINT ( 'NONE',  ( 4.924999999999998934, 9.900000000000000355, 1.044999999999998819 ) ) ;
#5967 = DIRECTION ( 'NONE',  ( -4.494102269369967741E-16, 1.807003620809173892E-16, -1.000000000000000000 ) ) ;
#5968 = LINE ( 'NONE', #860, #1723 ) ;
#5969 =( GEOMETRIC_REPRESENTATION_CONTEXT ( 3 ) GLOBAL_UNCERTAINTY_ASSIGNED_CONTEXT ( ( #1747 ) ) GLOBAL_UNIT_ASSIGNED_CONTEXT ( ( #461, #493, #3660 ) ) REPRESENTATION_CONTEXT ( 'NONE', 'WORKASPACE' ) );
#5970 = EDGE_CURVE ( 'NONE', #2249, #5434, #4205, .T. ) ;
#5971 = AXIS2_PLACEMENT_3D ( 'NONE', #3833, #2524, #4743 ) ;
#5972 = AXIS2_PLACEMENT_3D ( 'NONE', #2317, #1375, #2405 ) ;
#5973 = PLANE ( 'NONE',  #2522 ) ;
#5974 = ORIENTED_EDGE ( 'NONE', *, *, #510, .T. ) ;
#5975 = ORIENTED_EDGE ( 'NONE', *, *, #4195, .T. ) ;
#5976 = ORIENTED_EDGE ( 'NONE', *, *, #1324, .T. ) ;
#5977 = ADVANCED_FACE ( 'NONE', ( #2172 ), #2074, .F. ) ;
#5978 = VECTOR ( 'NONE', #4636, 1000.000000000000000 ) ;
#5979 = PLANE ( 'NONE',  #948 ) ;
#5980 = DIRECTION ( 'NONE',  ( 0.000000000000000000, -2.017120320903263949E-16, 1.000000000000000000 ) ) ;
#5981 = LINE ( 'NONE', #687, #3978 ) ;
#5982 = VECTOR ( 'NONE', #5635, 1000.000000000000000 ) ;
#5983 = DIRECTION ( 'NONE',  ( 0.000000000000000000, 0.000000000000000000, 1.000000000000000000 ) ) ;
#5984 = ORIENTED_EDGE ( 'NONE', *, *, #3269, .F. ) ;
#5985 = AXIS2_PLACEMENT_3D ( 'NONE', #4779, #2868, #4847 ) ;
#5987 = EDGE_CURVE ( 'NONE', #1864, #402, #4538, .T. ) ;
#5986 = EDGE_CURVE ( 'NONE', #3838, #2354, #130, .T. ) ;
#5988 = DIRECTION ( 'NONE',  ( 0.000000000000000000, 0.000000000000000000, -1.000000000000000000 ) ) ;
#5989 = EDGE_LOOP ( 'NONE', ( #1297, #4471, #2385, #4383 ) ) ;
#5990 = EDGE_LOOP ( 'NONE', ( #5055, #3299, #3159, #1749 ) ) ;
#5991 = DIRECTION ( 'NONE',  ( 1.000000000000000000, 0.000000000000000000, 0.000000000000000000 ) ) ;
#5992 = PRESENTATION_STYLE_ASSIGNMENT (( #2584 ) ) ;
#5993 = VECTOR ( 'NONE', #5629, 1000.000000000000000 ) ;
#5994 = ORIENTED_EDGE ( 'NONE', *, *, #2176, .T. ) ;
#5995 = SURFACE_STYLE_USAGE ( .BOTH. , #973 ) ;
#5996 = CARTESIAN_POINT ( 'NONE',  ( -4.939999999999999503, -1.081363123647112731E-15, -1.584999999999999964 ) ) ;
#5997 = EDGE_CURVE ( 'NONE', #6069, #4057, #2361, .T. ) ;
#5998 = ORIENTED_EDGE ( 'NONE', *, *, #209, .F. ) ;
#5999 = ORIENTED_EDGE ( 'NONE', *, *, #4160, .T. ) ;
#6000 = DIRECTION ( 'NONE',  ( -0.000000000000000000, 1.000000000000000000, -0.000000000000000000 ) ) ;
#6001 = ORIENTED_EDGE ( 'NONE', *, *, #744, .F. ) ;
#6002 = PLANE ( 'NONE',  #672 ) ;
#6003 = ORIENTED_EDGE ( 'NONE', *, *, #3509, .F. ) ;
#6004 = VERTEX_POINT ( 'NONE', #2925 ) ;
#6005 = DIRECTION ( 'NONE',  ( -4.494102269369967741E-16, 0.000000000000000000, 1.000000000000000000 ) ) ;
#6006 = ORIENTED_EDGE ( 'NONE', *, *, #2474, .F. ) ;
#6007 = PLANE ( 'NONE',  #3093 ) ;
#6008 = LINE ( 'NONE', #1248, #2046 ) ;
#6009 = CARTESIAN_POINT ( 'NONE',  ( 2.250000000000001332, 1.849999999999999201, 2.774999999999998135 ) ) ;
#6010 = DIRECTION ( 'NONE',  ( 1.000000000000000000, 0.000000000000000000, -4.494102269369967741E-16 ) ) ;
#6011 = LINE ( 'NONE', #5112, #1889 ) ;
#6012 = VECTOR ( 'NONE', #2430, 1000.000000000000000 ) ;
#6013 = PLANE ( 'NONE',  #4341 ) ;
#6014 = CARTESIAN_POINT ( 'NONE',  ( 4.924999999999998934, 9.900000000000000355, -0.9550000000000011813 ) ) ;
#6015 = ORIENTED_EDGE ( 'NONE', *, *, #4195, .F. ) ;
#6016 = ADVANCED_FACE ( 'NONE', ( #307 ), #1992, .F. ) ;
#6017 = EDGE_CURVE ( 'NONE', #1881, #300, #2301, .T. ) ;
#6018 = PLANE ( 'NONE',  #4022 ) ;
#6019 = EDGE_LOOP ( 'NONE', ( #31, #200, #4392, #2063 ) ) ;
#6020 = ORIENTED_EDGE ( 'NONE', *, *, #4732, .F. ) ;
#6021 = ORIENTED_EDGE ( 'NONE', *, *, #1839, .F. ) ;
#6022 = LINE ( 'NONE', #2160, #3949 ) ;
#6023 = PLANE ( 'NONE',  #3176 ) ;
#6024 = FACE_OUTER_BOUND ( 'NONE', #3051, .T. ) ;
#6025 = FACE_OUTER_BOUND ( 'NONE', #843, .T. ) ;
#6026 = CARTESIAN_POINT ( 'NONE',  ( 0.2618181818181816167, -2.754545454545446415, 0.05318181818181508258 ) ) ;
#6027 = DIRECTION ( 'NONE',  ( 0.000000000000000000, -2.744815626545581052E-16, 1.000000000000000000 ) ) ;
#6028 = ORIENTED_EDGE ( 'NONE', *, *, #5202, .T. ) ;
#6029 = CARTESIAN_POINT ( 'NONE',  ( -3.320000000000000728, -1.318004915248536369E-16, 1.585000000000006626 ) ) ;
#6030 = VERTEX_POINT ( 'NONE', #1543 ) ;
#6031 = ORIENTED_EDGE ( 'NONE', *, *, #1238, .T. ) ;
#6032 = ORIENTED_EDGE ( 'NONE', *, *, #3728, .T. ) ;
#6033 = ADVANCED_FACE ( 'NONE', ( #2292 ), #5317, .F. ) ;
#6034 = LINE ( 'NONE', #487, #4062 ) ;
#6035 = PLANE ( 'NONE',  #3954 ) ;
#6036 = LINE ( 'NONE', #2191, #3911 ) ;
#6037 = LINE ( 'NONE', #2349, #1855 ) ;
#6038 = ORIENTED_EDGE ( 'NONE', *, *, #1911, .F. ) ;
#6039 = EDGE_CURVE ( 'NONE', #5419, #5027, #2326, .T. ) ;
#6040 = CARTESIAN_POINT ( 'NONE',  ( -5.389999999999999680, 0.6699999999999997069, 1.585000000000007514 ) ) ;
#6041 =( GEOMETRIC_REPRESENTATION_CONTEXT ( 3 ) GLOBAL_UNCERTAINTY_ASSIGNED_CONTEXT ( ( #2811 ) ) GLOBAL_UNIT_ASSIGNED_CONTEXT ( ( #2955, #4888, #2562 ) ) REPRESENTATION_CONTEXT ( 'NONE', 'WORKASPACE' ) );
#6042 = CARTESIAN_POINT ( 'NONE',  ( -6.325000000000003730, 0.6699999999999998179, -0.5599999999999923928 ) ) ;
#6043 = CARTESIAN_POINT ( 'NONE',  ( 6.325000000000001066, 9.900000000000000355, -1.584999999999999964 ) ) ;
#6044 = ORIENTED_EDGE ( 'NONE', *, *, #534, .F. ) ;
#6045 = VERTEX_POINT ( 'NONE', #2032 ) ;
#6046 = VERTEX_POINT ( 'NONE', #4030 ) ;
#6047 = VECTOR ( 'NONE', #2242, 1000.000000000000000 ) ;
#6048 = PLANE ( 'NONE',  #544 ) ;
#6049 = VECTOR ( 'NONE', #4604, 1000.000000000000000 ) ;
#6050 = FACE_OUTER_BOUND ( 'NONE', #6082, .T. ) ;
#6051 = ORIENTED_EDGE ( 'NONE', *, *, #3706, .F. ) ;
#6052 = AXIS2_PLACEMENT_3D ( 'NONE', #4827, #3852, #5191 ) ;
#6053 = ORIENTED_EDGE ( 'NONE', *, *, #4691, .F. ) ;
#6054 = ORIENTED_EDGE ( 'NONE', *, *, #5118, .F. ) ;
#6055 = AXIS2_PLACEMENT_3D ( 'NONE', #4627, #2662, #1886 ) ;
#6056 = CARTESIAN_POINT ( 'NONE',  ( 1.300000000000000044, 8.149999999999998579, -2.785000000000001030 ) ) ;
#6057 = DIRECTION ( 'NONE',  ( -0.000000000000000000, -0.000000000000000000, 1.000000000000000000 ) ) ;
#6058 = VERTEX_POINT ( 'NONE', #4528 ) ;
#6059 = DIRECTION ( 'NONE',  ( 0.000000000000000000, 0.000000000000000000, -1.000000000000000000 ) ) ;
#6060 = LINE ( 'NONE', #2652, #4387 ) ;
#6061 = DIRECTION ( 'NONE',  ( -0.000000000000000000, 1.000000000000000000, 0.000000000000000000 ) ) ;
#6062 = AXIS2_PLACEMENT_3D ( 'NONE', #314, #588, #1015 ) ;
#6063 = DIRECTION ( 'NONE',  ( 0.000000000000000000, 0.000000000000000000, 1.000000000000000000 ) ) ;
#6064 = CARTESIAN_POINT ( 'NONE',  ( 0.000000000000000000, 8.499999999999996447, 0.000000000000000000 ) ) ;
#6065 = VECTOR ( 'NONE', #3602, 1000.000000000000000 ) ;
#6066 = LINE ( 'NONE', #4541, #4214 ) ;
#6067 = DIRECTION ( 'NONE',  ( 1.000000000000000000, 0.000000000000000000, 0.000000000000000000 ) ) ;
#6068 = ORIENTED_EDGE ( 'NONE', *, *, #3952, .T. ) ;
#6069 = VERTEX_POINT ( 'NONE', #5365 ) ;
#6070 = ORIENTED_EDGE ( 'NONE', *, *, #478, .T. ) ;
#6071 = ORIENTED_EDGE ( 'NONE', *, *, #2139, .F. ) ;
#6072 = FACE_OUTER_BOUND ( 'NONE', #6019, .T. ) ;
#6073 = DIRECTION ( 'NONE',  ( 1.000000000000000000, -0.000000000000000000, -4.494102269369967741E-16 ) ) ;
#6074 = CARTESIAN_POINT ( 'NONE',  ( 1.729999999999998872, 9.900000000000000355, 1.584999999999999076 ) ) ;
#6075 = AXIS2_PLACEMENT_3D ( 'NONE', #4099, #3141, #690 ) ;
#6076 = DIRECTION ( 'NONE',  ( -0.3015113445777613532, -0.9045340337332925529, 0.3015113445777610757 ) ) ;
#6077 = CARTESIAN_POINT ( 'NONE',  ( 0.3199999999999991740, 1.349999999999999423, 2.024999999999999023 ) ) ;
#6078 = VERTEX_POINT ( 'NONE', #2478 ) ;
#6079 = ADVANCED_FACE ( 'NONE', ( #2350 ), #881, .T. ) ;
#6080 = VERTEX_POINT ( 'NONE', #2209 ) ;
#6081 = ORIENTED_EDGE ( 'NONE', *, *, #1324, .F. ) ;
#6082 = EDGE_LOOP ( 'NONE', ( #3174, #2683, #2441, #667 ) ) ;
#6083 = LINE ( 'NONE', #2622, #4073 ) ;
#6084 = EDGE_CURVE ( 'NONE', #3642, #3755, #2417, .T. ) ;
#6085 = FILL_AREA_STYLE_COLOUR ( '', #1596 ) ;
#6086 = LINE ( 'NONE', #3098, #4019 ) ;
#6087 = EDGE_CURVE ( 'NONE', #5482, #3618, #404, .T. ) ;
#6088 = VERTEX_POINT ( 'NONE', #2337 ) ;
#6089 = DIRECTION ( 'NONE',  ( 0.000000000000000000, -1.801998070613027504E-16, 1.000000000000000000 ) ) ;
#6090 = CARTESIAN_POINT ( 'NONE',  ( -6.325000000000003730, -3.252606517456513302E-16, -0.9549999999999924105 ) ) ;
#6091 = CARTESIAN_POINT ( 'NONE',  ( 3.319999999999998952, 1.349999999999999867, -0.005000000000001448598 ) ) ;
#6092 = CARTESIAN_POINT ( 'NONE',  ( -1.270000000000001128, 3.300000000000000711, 1.584999999999999076 ) ) ;
#6093 = ORIENTED_EDGE ( 'NONE', *, *, #3609, .F. ) ;
#6094 = VERTEX_POINT ( 'NONE', #1250 ) ;
#6095 = ADVANCED_FACE ( 'NONE', ( #2383 ), #1833, .F. ) ;
#6096 = FACE_OUTER_BOUND ( 'NONE', #5887, .T. ) ;
#6097 = EDGE_CURVE ( 'NONE', #5623, #4374, #4496, .T. ) ;
#6098 = PLANE ( 'NONE',  #3869 ) ;
#6099 = LINE ( 'NONE', #5074, #6065 ) ;
#6100 = ORIENTED_EDGE ( 'NONE', *, *, #1506, .F. ) ;
#6101 = EDGE_CURVE ( 'NONE', #1215, #2470, #251, .T. ) ;
#6102 = CARTESIAN_POINT ( 'NONE',  ( -2.680000000000001048, -2.579999999999992966, -0.005000000000002157233 ) ) ;
#6103 = ORIENTED_EDGE ( 'NONE', *, *, #4869, .F. ) ;
#6104 = CARTESIAN_POINT ( 'NONE',  ( -2.680000000000001048, 3.300000000000000711, 0.6349999999999988987 ) ) ;
#6105 = DIRECTION ( 'NONE',  ( -4.494102269369967741E-16, 1.618212197739558882E-16, -1.000000000000000000 ) ) ;
#6106 = VERTEX_POINT ( 'NONE', #2246 ) ;
#6107 =( NAMED_UNIT ( * ) SI_UNIT ( $, .STERADIAN. ) SOLID_ANGLE_UNIT ( ) );
#6108 = LINE ( 'NONE', #1986, #4154 ) ;
#6109 = CARTESIAN_POINT ( 'NONE',  ( 3.319999999999998952, -7.265096679918780609, 0.6349999999999970113 ) ) ;
#6110 = CARTESIAN_POINT ( 'NONE',  ( -5.389999999999997904, 1.850000000000000089, 2.785000000000000586 ) ) ;
#6111 = EDGE_CURVE ( 'NONE', #3075, #5157, #298, .T. ) ;
#6112 = FACE_OUTER_BOUND ( 'NONE', #3516, .T. ) ;
#6113 = DIRECTION ( 'NONE',  ( -1.000000000000000000, 0.000000000000000000, -0.000000000000000000 ) ) ;
#6114 = CARTESIAN_POINT ( 'NONE',  ( 0.3199999999999991740, 1.350000000000000089, -1.585000000000000409 ) ) ;
#6115 = EDGE_LOOP ( 'NONE', ( #4950, #804, #2283, #4555, #179 ) ) ;
#6116 = ORIENTED_EDGE ( 'NONE', *, *, #5588, .T. ) ;
#6117 = VERTEX_POINT ( 'NONE', #6077 ) ;
#6118 = EDGE_CURVE ( 'NONE', #3419, #4204, #4456, .T. ) ;
#6119 = DIRECTION ( 'NONE',  ( 0.000000000000000000, -1.000000000000000000, 0.000000000000000000 ) ) ;
#6120 = CARTESIAN_POINT ( 'NONE',  ( 0.1199999999999985800, 7.500000000000001776, 0.1949999999999994238 ) ) ;
#6121 = VECTOR ( 'NONE', #5783, 1000.000000000000000 ) ;
#6122 = CARTESIAN_POINT ( 'NONE',  ( 1.300000000000000044, 8.149999999999998579, -2.785000000000001030 ) ) ;
#6123 = EDGE_LOOP ( 'NONE', ( #5998, #4014, #1918, #1655 ) ) ;
#6124 = ORIENTED_EDGE ( 'NONE', *, *, #705, .T. ) ;
#6125 = VERTEX_POINT ( 'NONE', #3046 ) ;
#6126 = COLOUR_RGB ( '',1.000000000000000000, 0.8117647058823529438, 0.5019607843137254832 ) ;
#6127 = DIRECTION ( 'NONE',  ( 0.000000000000000000, 0.000000000000000000, -1.000000000000000000 ) ) ;
#6128 = EDGE_CURVE ( 'NONE', #586, #4485, #352, .T. ) ;
#6129 = EDGE_CURVE ( 'NONE', #1291, #5250, #2374, .T. ) ;
#6130 = ORIENTED_EDGE ( 'NONE', *, *, #636, .F. ) ;
#6131 = CARTESIAN_POINT ( 'NONE',  ( 0.3199999999999991185, 1.269999999999999796, -0.5599999999999952793 ) ) ;
#6132 = UNCERTAINTY_MEASURE_WITH_UNIT (LENGTH_MEASURE( 1.000000000000000082E-05 ), #4346, 'distance_accuracy_value', 'NONE');
#6133 = CARTESIAN_POINT ( 'NONE',  ( -6.325000000000003730, 0.6699999999999998179, -0.5599999999999923928 ) ) ;
#6134 = DIRECTION ( 'NONE',  ( -0.000000000000000000, 0.000000000000000000, 1.000000000000000000 ) ) ;
#6135 = DIRECTION ( 'NONE',  ( -0.000000000000000000, -1.000000000000000000, -0.000000000000000000 ) ) ;
#6136 = ORIENTED_EDGE ( 'NONE', *, *, #820, .F. ) ;
#6137 = EDGE_LOOP ( 'NONE', ( #1819, #5634, #3867, #3581 ) ) ;
#6138 = FACE_OUTER_BOUND ( 'NONE', #6137, .T. ) ;
#6139 = DIRECTION ( 'NONE',  ( -0.6092076990801712499, 0.5076730825668099856, 0.6092076990801711389 ) ) ;
#6140 =( GEOMETRIC_REPRESENTATION_CONTEXT ( 3 ) GLOBAL_UNCERTAINTY_ASSIGNED_CONTEXT ( ( #1374 ) ) GLOBAL_UNIT_ASSIGNED_CONTEXT ( ( #2989, #1666, #5547 ) ) REPRESENTATION_CONTEXT ( 'NONE', 'WORKASPACE' ) );
#6141 =( GEOMETRIC_REPRESENTATION_CONTEXT ( 3 ) GLOBAL_UNCERTAINTY_ASSIGNED_CONTEXT ( ( #2958 ) ) GLOBAL_UNIT_ASSIGNED_CONTEXT ( ( #1746, #2257, #4177 ) ) REPRESENTATION_CONTEXT ( 'NONE', 'WORKASPACE' ) );
#6142 = SURFACE_SIDE_STYLE ('',( #2861 ) ) ;
#6143 = EDGE_LOOP ( 'NONE', ( #1703, #2348, #4962, #2312, #102 ) ) ;
#6144 = EDGE_CURVE ( 'NONE', #6094, #3667, #379, .T. ) ;
#6145 = AXIS2_PLACEMENT_3D ( 'NONE', #3261, #4709, #3742 ) ;
#6146 = DIRECTION ( 'NONE',  ( 1.000000000000000000, -0.000000000000000000, -4.494102269369967741E-16 ) ) ;
#6147 = ORIENTED_EDGE ( 'NONE', *, *, #5052, .F. ) ;
#6148 = CARTESIAN_POINT ( 'NONE',  ( -6.325000000000001066, 8.499999999999996447, -1.584999999999999964 ) ) ;
#6149 = ORIENTED_EDGE ( 'NONE', *, *, #5987, .F. ) ;
#6150 = ADVANCED_FACE ( 'NONE', ( #4381 ), #375, .F. ) ;
#6151 = SURFACE_SIDE_STYLE ('',( #2026 ) ) ;
#6152 = VECTOR ( 'NONE', #242, 1000.000000000000000 ) ;
#6153 = CARTESIAN_POINT ( 'NONE',  ( -2.919545454545455332, 7.618636363636364095, 0.3954545454545445593 ) ) ;
#6154 = DIRECTION ( 'NONE',  ( 0.000000000000000000, 1.000000000000000000, -3.614007241618347785E-16 ) ) ;
#6155 = SURFACE_SIDE_STYLE ('',( #5456 ) ) ;
#6156 = VERTEX_POINT ( 'NONE', #5091 ) ;
#6157 = CARTESIAN_POINT ( 'NONE',  ( 3.000000000000000000, -3.180000000000000160, 0.000000000000000000 ) ) ;
#6158 = EDGE_LOOP ( 'NONE', ( #3420, #351, #2199, #2930 ) ) ;
#6159 = VERTEX_POINT ( 'NONE', #1075 ) ;
#6160 = VECTOR ( 'NONE', #4967, 1000.000000000000000 ) ;
#6161 = CARTESIAN_POINT ( 'NONE',  ( -6.325000000000003730, 0.6699999999999998179, -0.5599999999999923928 ) ) ;
#6162 = DIRECTION ( 'NONE',  ( 0.000000000000000000, 2.744815626545581052E-16, -1.000000000000000000 ) ) ;
#6163 = DIRECTION ( 'NONE',  ( -1.000000000000000000, -0.000000000000000000, 0.000000000000000000 ) ) ;
#6164 = LINE ( 'NONE', #2100, #2151 ) ;
#6165 = ORIENTED_EDGE ( 'NONE', *, *, #625, .T. ) ;
#6166 = EDGE_CURVE ( 'NONE', #3735, #3988, #2401, .T. ) ;
#6167 = ORIENTED_EDGE ( 'NONE', *, *, #3493, .T. ) ;
#6168 = VERTEX_POINT ( 'NONE', #3732 ) ;
#6169 = LINE ( 'NONE', #4715, #4082 ) ;
#6170 = SURFACE_STYLE_USAGE ( .BOTH. , #4172 ) ;
#6171 = ADVANCED_FACE ( 'NONE', ( #371 ), #5621, .F. ) ;
#6172 = LINE ( 'NONE', #557, #2207 ) ;
#6173 = ORIENTED_EDGE ( 'NONE', *, *, #411, .T. ) ;
#6174 = DIRECTION ( 'NONE',  ( 1.624171814607651409E-31, 1.000000000000000000, -3.614007241618348278E-16 ) ) ;
#6175 = CARTESIAN_POINT ( 'NONE',  ( -6.325000000000002842, 1.269999999999999796, 1.190000000000007718 ) ) ;
#6176 = EDGE_CURVE ( 'NONE', #1234, #1361, #262, .T. ) ;
#6177 = SURFACE_SIDE_STYLE ('',( #4521 ) ) ;
#6178 = VECTOR ( 'NONE', #5039, 1000.000000000000000 ) ;
#6179 = CARTESIAN_POINT ( 'NONE',  ( -0.3200000000000008393, -2.579999999999992966, -0.005000000000002157233 ) ) ;
#6180 = ORIENTED_EDGE ( 'NONE', *, *, #1708, .F. ) ;
#6181 = ORIENTED_EDGE ( 'NONE', *, *, #1098, .T. ) ;
#6182 = EDGE_CURVE ( 'NONE', #2259, #2112, #2338, .T. ) ;
#6183 = FILL_AREA_STYLE ('',( #1131 ) ) ;
#6184 = DIRECTION ( 'NONE',  ( 0.6635381078444697600, 0.6635381078444710923, 0.3455927645023255113 ) ) ;
#6185 = VECTOR ( 'NONE', #3302, 1000.000000000000000 ) ;
#6186 = VERTEX_POINT ( 'NONE', #3626 ) ;
#6187 = DIRECTION ( 'NONE',  ( 0.000000000000000000, -1.000000000000000000, 3.236424395479117765E-16 ) ) ;
#6188 = ORIENTED_EDGE ( 'NONE', *, *, #3124, .T. ) ;
#6189 = DIRECTION ( 'NONE',  ( 0.000000000000000000, 0.000000000000000000, -1.000000000000000000 ) ) ;
#6190 = DIRECTION ( 'NONE',  ( -0.000000000000000000, 1.000000000000000000, 1.801998070613027504E-16 ) ) ;
#6191 = EDGE_LOOP ( 'NONE', ( #869, #2852, #2572, #305 ) ) ;
#6192 = CARTESIAN_POINT ( 'NONE',  ( 4.939999999999999503, 1.285879139104722704E-16, -1.584999999999999964 ) ) ;
#6193 = VECTOR ( 'NONE', #776, 1000.000000000000000 ) ;
#6194 = CARTESIAN_POINT ( 'NONE',  ( -6.325000000000003730, 0.6699999999999998179, -0.5599999999999923928 ) ) ;
#6195 = CARTESIAN_POINT ( 'NONE',  ( 0.1199999999999985800, 7.500000000000001776, 0.000000000000000000 ) ) ;
#6196 = DIRECTION ( 'NONE',  ( -0.3015113445777613532, 0.9045340337332925529, 0.3015113445777610757 ) ) ;
#6197 = VECTOR ( 'NONE', #3028, 1000.000000000000000 ) ;
#6198 = ORIENTED_EDGE ( 'NONE', *, *, #4182, .F. ) ;
#6199 = VECTOR ( 'NONE', #3325, 1000.000000000000000 ) ;
#6200 = ORIENTED_EDGE ( 'NONE', *, *, #271, .T. ) ;
#6201 = ORIENTED_EDGE ( 'NONE', *, *, #3219, .F. ) ;
#6202 = ADVANCED_FACE ( 'NONE', ( #4419 ), #1114, .F. ) ;
#6203 = VECTOR ( 'NONE', #2333, 1000.000000000000000 ) ;
#6204 = DIRECTION ( 'NONE',  ( 0.000000000000000000, -0.000000000000000000, 1.000000000000000000 ) ) ;
#6205 = FILL_AREA_STYLE ('',( #2422 ) ) ;
ENDSEC;
END-ISO-10303-21;
